2026-09-15T13:35:58.1699400Z Current runner version: '2.337.0'
2026-09-15T13:35:58.1735597Z ##[group]Runner Image Provisioner
2026-09-15T13:35:58.1737044Z Hosted Compute Agent
2026-09-15T13:35:58.1737965Z Version: 20260828.587
2026-09-15T13:35:58.1739308Z Commit: abac92662cab4cc7352de4f9f9d2e2419aad9c29
2026-09-15T13:35:58.1740505Z Build Date: 2026-08-28T16:44:25Z
2026-09-15T13:35:58.1741599Z Worker ID: {0ae823f3-1f07-4005-b15f-f82d587c4b1a}
2026-09-15T13:35:58.1742802Z Azure Region: northcentralus
2026-09-15T13:35:58.1743709Z ##[endgroup]
2026-09-15T13:35:58.1746562Z ##[group]Operating System
2026-09-15T13:35:58.1747758Z Ubuntu
2026-09-15T13:35:58.1748570Z 24.04.5
2026-09-15T13:35:58.1749431Z LTS
2026-09-15T13:35:58.1750290Z ##[endgroup]
2026-09-15T13:35:58.1751156Z ##[group]Runner Image
2026-09-15T13:35:58.1752212Z Image: ubuntu-24.04
2026-09-15T13:35:58.1753146Z Version: 20260907.300.1
2026-09-15T13:35:58.1755145Z Included Software: https://github.com/actions/runner-images/blob/ubuntu24/20260907.300/images/ubuntu/Ubuntu2404-Readme.md
2026-09-15T13:35:58.1757872Z Image Release: https://github.com/actions/runner-images/releases/tag/ubuntu24%2F20260907.300
2026-09-15T13:35:58.1759659Z ##[endgroup]
2026-09-15T13:35:58.1761407Z ##[group]GITHUB_TOKEN Permissions
2026-09-15T13:35:58.1764587Z Contents: read
2026-09-15T13:35:58.1765514Z Metadata: read
2026-09-15T13:35:58.1766784Z ##[endgroup]
2026-09-15T13:35:58.1769656Z Secret source: Actions
2026-09-15T13:35:58.1771144Z Cache mode: write
2026-09-15T13:35:58.1772636Z Prepare workflow directory
2026-09-15T13:35:58.2454123Z Prepare all required actions
2026-09-15T13:35:58.2521832Z Getting action download info
2026-09-15T13:35:58.4893177Z Download action repository 'actions/checkout@v4' (SHA:11d5960a326750d5838078e36cf38b85af677262)
2026-09-15T13:35:58.5807249Z Download action repository 'actions/setup-node@v4' (SHA:49933ea5288caeca8642d1e84afbd3f7d6820020)
2026-09-15T13:35:58.6718444Z Download action repository 'actions/upload-artifact@ea165f8d65b6e75b540449e92b4886f43607fa02' (SHA:ea165f8d65b6e75b540449e92b4886f43607fa02)
2026-09-15T13:35:58.7834603Z Download action repository 'actions/upload-pages-artifact@fc324d3547104276b827a68afc52ff2a11cc49c9' (SHA:fc324d3547104276b827a68afc52ff2a11cc49c9)
2026-09-15T13:35:59.0327814Z Getting action download info
2026-09-15T13:35:59.1361029Z Download action repository 'actions/upload-artifact@bbbca2ddaa5d8feaa63e36b76fdaad77386f024f' (SHA:bbbca2ddaa5d8feaa63e36b76fdaad77386f024f)
2026-09-15T13:35:59.2987205Z Complete job name: assemble
2026-09-15T13:35:59.3950648Z Node 20 is being deprecated. This workflow is running with Node 24 by default. If you need to temporarily use Node 20, you can set the ACTIONS_ALLOW_USE_UNSECURE_NODE_VERSION=true environment variable. For more information see: https://github.blog/changelog/2025-09-19-deprecation-of-node-20-on-github-actions-runners/
2026-09-15T13:35:59.3962727Z ##[group]Run actions/checkout@v4
2026-09-15T13:35:59.3963745Z with:
2026-09-15T13:35:59.3964387Z   fetch-depth: 0
2026-09-15T13:35:59.3965110Z   repository: mekhovov/revealline
2026-09-15T13:35:59.3979203Z   token: ***
2026-09-15T13:35:59.3980218Z   ssh-strict: true
2026-09-15T13:35:59.3981412Z   ssh-user: git
2026-09-15T13:35:59.3982231Z   persist-credentials: true
2026-09-15T13:35:59.3983736Z   clean: true
2026-09-15T13:35:59.3985000Z   sparse-checkout-cone-mode: true
2026-09-15T13:35:59.3985946Z   fetch-tags: false
2026-09-15T13:35:59.3986643Z   show-progress: true
2026-09-15T13:35:59.3987365Z   lfs: false
2026-09-15T13:35:59.3988092Z   submodules: false
2026-09-15T13:35:59.3988825Z   set-safe-directory: true
2026-09-15T13:35:59.3989657Z   allow-unsafe-pr-checkout: false
2026-09-15T13:35:59.3990759Z env:
2026-09-15T13:35:59.3991466Z   REQUESTED_RELEASE: 
2026-09-15T13:35:59.3992176Z ##[endgroup]
2026-09-15T13:35:59.5200438Z Syncing repository: mekhovov/revealline
2026-09-15T13:35:59.5203783Z ##[group]Getting Git version info
2026-09-15T13:35:59.5205525Z Working directory is '/home/runner/work/revealline/revealline'
2026-09-15T13:35:59.5208398Z [command]/usr/bin/git version
2026-09-15T13:35:59.5248636Z git version 2.55.0
2026-09-15T13:35:59.5269857Z ##[endgroup]
2026-09-15T13:35:59.5285291Z Temporarily overriding HOME='/home/runner/work/_temp/4bd9cf4f-5f30-47d6-859c-b1cea812fb2f' before making global git config changes
2026-09-15T13:35:59.5290456Z Adding repository directory to the temporary git global config as a safe directory
2026-09-15T13:35:59.5294098Z [command]/usr/bin/git config --global --add safe.directory /home/runner/work/revealline/revealline
2026-09-15T13:35:59.5345526Z Deleting the contents of '/home/runner/work/revealline/revealline'
2026-09-15T13:35:59.5350109Z ##[group]Initializing the repository
2026-09-15T13:35:59.5354151Z [command]/usr/bin/git init /home/runner/work/revealline/revealline
2026-09-15T13:35:59.5470720Z hint: Using 'master' as the name for the initial branch. This default branch name
2026-09-15T13:35:59.5473512Z hint: will change to "main" in Git 3.0. To configure the initial branch name
2026-09-15T13:35:59.5476162Z hint: to use in all of your new repositories, which will suppress this warning,
2026-09-15T13:35:59.5478185Z hint: call:
2026-09-15T13:35:59.5479080Z hint:
2026-09-15T13:35:59.5480243Z hint: 	git config --global init.defaultBranch <name>
2026-09-15T13:35:59.5481741Z hint:
2026-09-15T13:35:59.5483095Z hint: Names commonly chosen instead of 'master' are 'main', 'trunk' and
2026-09-15T13:35:59.5485568Z hint: 'development'. The just-created branch can be renamed via this command:
2026-09-15T13:35:59.5487728Z hint:
2026-09-15T13:35:59.5488628Z hint: 	git branch -m <name>
2026-09-15T13:35:59.5489505Z hint:
2026-09-15T13:35:59.5490575Z hint: Disable this message with "git config set advice.defaultBranchName false"
2026-09-15T13:35:59.5492707Z Initialized empty Git repository in /home/runner/work/revealline/revealline/.git/
2026-09-15T13:35:59.5603419Z [command]/usr/bin/git remote add origin https://github.com/mekhovov/revealline
2026-09-15T13:35:59.5610405Z ##[endgroup]
2026-09-15T13:35:59.5612216Z ##[group]Disabling automatic garbage collection
2026-09-15T13:35:59.5613710Z [command]/usr/bin/git config --local gc.auto 0
2026-09-15T13:35:59.5616370Z ##[endgroup]
2026-09-15T13:35:59.5617912Z ##[group]Setting up auth
2026-09-15T13:35:59.5619584Z [command]/usr/bin/git config --local --name-only --get-regexp core\.sshCommand
2026-09-15T13:35:59.5636405Z [command]/usr/bin/git submodule foreach --recursive sh -c "git config --local --name-only --get-regexp 'core\.sshCommand' && git config --local --unset-all 'core.sshCommand' || :"
2026-09-15T13:35:59.6021666Z [command]/usr/bin/git config --local --name-only --get-regexp http\.https\:\/\/github\.com\/\.extraheader
2026-09-15T13:35:59.6071952Z [command]/usr/bin/git submodule foreach --recursive sh -c "git config --local --name-only --get-regexp 'http\.https\:\/\/github\.com\/\.extraheader' && git config --local --unset-all 'http.https://github.com/.extraheader' || :"
2026-09-15T13:35:59.6330613Z [command]/usr/bin/git config --local --name-only --get-regexp ^includeIf\.gitdir:
2026-09-15T13:35:59.6371508Z [command]/usr/bin/git submodule foreach --recursive git config --local --show-origin --name-only --get-regexp remote.origin.url
2026-09-15T13:35:59.6618218Z [command]/usr/bin/git config --local http.https://github.com/.extraheader AUTHORIZATION: basic ***
2026-09-15T13:35:59.6660433Z ##[endgroup]
2026-09-15T13:35:59.6661664Z ##[group]Fetching the repository
2026-09-15T13:35:59.6670805Z [command]/usr/bin/git -c protocol.version=2 fetch --prune --no-recurse-submodules origin +refs/heads/*:refs/remotes/origin/* +refs/tags/*:refs/tags/*
2026-09-15T13:36:12.6052437Z From https://github.com/mekhovov/revealline
2026-09-15T13:36:12.6053416Z  * [new branch]      codex/admit-v052-archive12 -> origin/codex/admit-v052-archive12
2026-09-15T13:36:12.6054318Z  * [new branch]      codex/cross-mode-p00    -> origin/codex/cross-mode-p00
2026-09-15T13:36:12.6055115Z  * [new branch]      codex/cross-mode-p01    -> origin/codex/cross-mode-p01
2026-09-15T13:36:12.6056035Z  * [new branch]      codex/cross-mode-p01-offline-feedback -> origin/codex/cross-mode-p01-offline-feedback
2026-09-15T13:36:12.6057152Z  * [new branch]      codex/cross-mode-p01-pages-v0571 -> origin/codex/cross-mode-p01-pages-v0571
2026-09-15T13:36:12.6057902Z  * [new branch]      codex/fpv-redesign-phase0 -> origin/codex/fpv-redesign-phase0
2026-09-15T13:36:12.6058469Z  * [new branch]      codex/fpv-redesign-phase1 -> origin/codex/fpv-redesign-phase1
2026-09-15T13:36:12.6059156Z  * [new branch]      codex/fpv-redesign-phase1-integration -> origin/codex/fpv-redesign-phase1-integration
2026-09-15T13:36:12.6059953Z  * [new branch]      codex/fpv-redesign-phase2 -> origin/codex/fpv-redesign-phase2
2026-09-15T13:36:12.6060873Z  * [new branch]      codex/fpv-redesign-phase2-integration -> origin/codex/fpv-redesign-phase2-integration
2026-09-15T13:36:12.6061564Z  * [new branch]      codex/fpv-redesign-phase3 -> origin/codex/fpv-redesign-phase3
2026-09-15T13:36:12.6062227Z  * [new branch]      codex/fpv-redesign-phase3-integration -> origin/codex/fpv-redesign-phase3-integration
2026-09-15T13:36:12.6062887Z  * [new branch]      codex/fpv-redesign-phase4 -> origin/codex/fpv-redesign-phase4
2026-09-15T13:36:12.6063563Z  * [new branch]      codex/fpv-redesign-phase4-integration -> origin/codex/fpv-redesign-phase4-integration
2026-09-15T13:36:12.6064251Z  * [new branch]      codex/fpv-redesign-phase5 -> origin/codex/fpv-redesign-phase5
2026-09-15T13:36:12.6064934Z  * [new branch]      codex/fpv-redesign-phase5-integration -> origin/codex/fpv-redesign-phase5-integration
2026-09-15T13:36:12.6065916Z  * [new branch]      codex/fpv-redesign-phase5-qualification -> origin/codex/fpv-redesign-phase5-qualification
2026-09-15T13:36:12.6066744Z  * [new branch]      codex/fpv-redesign-phase6 -> origin/codex/fpv-redesign-phase6
2026-09-15T13:36:12.6067422Z  * [new branch]      codex/fpv-redesign-phase6-integration -> origin/codex/fpv-redesign-phase6-integration
2026-09-15T13:36:12.6068222Z  * [new branch]      codex/fpv-redesign-phase6-qualification -> origin/codex/fpv-redesign-phase6-qualification
2026-09-15T13:36:12.6068927Z  * [new branch]      codex/fpv-redesign-phase7 -> origin/codex/fpv-redesign-phase7
2026-09-15T13:36:12.6069697Z  * [new branch]      codex/fpv-redesign-phase7-integration -> origin/codex/fpv-redesign-phase7-integration
2026-09-15T13:36:12.6070673Z  * [new branch]      codex/frozen-pages-controller -> origin/codex/frozen-pages-controller
2026-09-15T13:36:12.6071740Z  * [new branch]      codex/frozen-pages-field-kit-final -> origin/codex/frozen-pages-field-kit-final
2026-09-15T13:36:12.6072471Z  * [new branch]      codex/hosted-qualified-freezes -> origin/codex/hosted-qualified-freezes
2026-09-15T13:36:12.6073082Z  * [new branch]      codex/p00-pages-v055    -> origin/codex/p00-pages-v055
2026-09-15T13:36:12.6073651Z  * [new branch]      codex/p00-public-acceptance -> origin/codex/p00-public-acceptance
2026-09-15T13:36:12.6074229Z  * [new branch]      codex/p01-pages-v057    -> origin/codex/p01-pages-v057
2026-09-15T13:36:12.6075027Z  * [new branch]      codex/pages-artifact-budget -> origin/codex/pages-artifact-budget
2026-09-15T13:36:12.6075899Z  * [new branch]      codex/promote-qualified-freezes -> origin/codex/promote-qualified-freezes
2026-09-15T13:36:12.6076601Z  * [new branch]      codex/relay-rescue      -> origin/codex/relay-rescue
2026-09-15T13:36:12.6077226Z  * [new branch]      codex/relay-rescue-publication-prep -> origin/codex/relay-rescue-publication-prep
2026-09-15T13:36:12.6077995Z  * [new branch]      codex/release-router-pending-selector -> origin/codex/release-router-pending-selector
2026-09-15T13:36:12.6078732Z  * [new branch]      codex/release-v0.51.1-audio -> origin/codex/release-v0.51.1-audio
2026-09-15T13:36:12.6079396Z  * [new branch]      codex/v053-on-v052      -> origin/codex/v053-on-v052
2026-09-15T13:36:12.6079948Z  * [new branch]      codex/v054-production-ledger -> origin/codex/v054-production-ledger
2026-09-15T13:36:12.6080647Z  * [new branch]      codex/verify-qualified-freeze-artifacts -> origin/codex/verify-qualified-freeze-artifacts
2026-09-15T13:36:12.6081539Z  * [new branch]      delivery/v0.56-public-acceptance -> origin/delivery/v0.56-public-acceptance
2026-09-15T13:36:12.6082139Z  * [new branch]      feat/campaign-production -> origin/feat/campaign-production
2026-09-15T13:36:12.6082685Z  * [new branch]      feat/couch-native-shell -> origin/feat/couch-native-shell
2026-09-15T13:36:12.6083232Z  * [new branch]      feat/countercurrent-v041 -> origin/feat/countercurrent-v041
2026-09-15T13:36:12.6083832Z  * [new branch]      feat/fracture-chapter-adoption -> origin/feat/fracture-chapter-adoption
2026-09-15T13:36:12.6084450Z  * [new branch]      feat/media-studio-milestone -> origin/feat/media-studio-milestone
2026-09-15T13:36:12.6085029Z  * [new branch]      feat/original-art-library -> origin/feat/original-art-library
2026-09-15T13:36:12.6085642Z  * [new branch]      feat/p5-fpv-source-integration -> origin/feat/p5-fpv-source-integration
2026-09-15T13:36:12.6086410Z  * [new branch]      feat/picture-runtime-adoption -> origin/feat/picture-runtime-adoption
2026-09-15T13:36:12.6087103Z  * [new branch]      feat/poster-and-tactical-preview -> origin/feat/poster-and-tactical-preview
2026-09-15T13:36:12.6087796Z  * [new branch]      feat/presentation-ux-integration -> origin/feat/presentation-ux-integration
2026-09-15T13:36:12.6088465Z  * [new branch]      feat/pressure-and-presentation -> origin/feat/pressure-and-presentation
2026-09-15T13:36:12.6089098Z  * [new branch]      feat/production-register -> origin/feat/production-register
2026-09-15T13:36:12.6089710Z  * [new branch]      feat/story-runtime-adoption -> origin/feat/story-runtime-adoption
2026-09-15T13:36:12.6090317Z  * [new branch]      feat/world-browser-polish -> origin/feat/world-browser-polish
2026-09-15T13:36:12.6090994Z  * [new branch]      feature/compact-pause-and-guidance -> origin/feature/compact-pause-and-guidance
2026-09-15T13:36:12.6091705Z  * [new branch]      feature/line-impact-and-catalog -> origin/feature/line-impact-and-catalog
2026-09-15T13:36:12.6092449Z  * [new branch]      feature/native-controls-and-arcade-flow -> origin/feature/native-controls-and-arcade-flow
2026-09-15T13:36:12.6093153Z  * [new branch]      feature/native-game-edition -> origin/feature/native-game-edition
2026-09-15T13:36:12.6093853Z  * [new branch]      feature/player-library-and-couch-polish -> origin/feature/player-library-and-couch-polish
2026-09-15T13:36:12.6094579Z  * [new branch]      fix/ci-release-shard-source -> origin/fix/ci-release-shard-source
2026-09-15T13:36:12.6095310Z  * [new branch]      fix/immutable-pages-entry -> origin/fix/immutable-pages-entry
2026-09-15T13:36:12.6096093Z  * [new branch]      fix/v052-preserve-tested-integration -> origin/fix/v052-preserve-tested-integration
2026-09-15T13:36:12.6096703Z  * [new branch]      main                    -> origin/main
2026-09-15T13:36:12.6097340Z  * [new branch]      publication/archive12-v056-admission-root -> origin/publication/archive12-v056-admission-root
2026-09-15T13:36:12.6097988Z  * [new branch]      release/v0.32.0         -> origin/release/v0.32.0
2026-09-15T13:36:12.6098524Z  * [new branch]      release/v0.56-publication -> origin/release/v0.56-publication
2026-09-15T13:36:12.6099061Z  * [new tag]         v0.0.9-motion-lab       -> v0.0.9-motion-lab
2026-09-15T13:36:12.6099545Z  * [new tag]         v0.1.0                  -> v0.1.0
2026-09-15T13:36:12.6099926Z  * [new tag]         v0.1.1                  -> v0.1.1
2026-09-15T13:36:12.6100310Z  * [new tag]         v0.1.2                  -> v0.1.2
2026-09-15T13:36:12.6100693Z  * [new tag]         v0.10.0                 -> v0.10.0
2026-09-15T13:36:12.6101071Z  * [new tag]         v0.11.0                 -> v0.11.0
2026-09-15T13:36:12.6101453Z  * [new tag]         v0.12.0                 -> v0.12.0
2026-09-15T13:36:12.6101840Z  * [new tag]         v0.13.0                 -> v0.13.0
2026-09-15T13:36:12.6102205Z  * [new tag]         v0.14.0                 -> v0.14.0
2026-09-15T13:36:12.6102574Z  * [new tag]         v0.15.0                 -> v0.15.0
2026-09-15T13:36:12.6103158Z  * [new tag]         v0.16.0                 -> v0.16.0
2026-09-15T13:36:12.6103523Z  * [new tag]         v0.17.0                 -> v0.17.0
2026-09-15T13:36:12.6103881Z  * [new tag]         v0.17.1                 -> v0.17.1
2026-09-15T13:36:12.6104248Z  * [new tag]         v0.18.0                 -> v0.18.0
2026-09-15T13:36:12.6104614Z  * [new tag]         v0.19.0                 -> v0.19.0
2026-09-15T13:36:12.6104995Z  * [new tag]         v0.2.0                  -> v0.2.0
2026-09-15T13:36:12.6105376Z  * [new tag]         v0.2.1                  -> v0.2.1
2026-09-15T13:36:12.6105738Z  * [new tag]         v0.20.0                 -> v0.20.0
2026-09-15T13:36:12.6106214Z  * [new tag]         v0.21.0                 -> v0.21.0
2026-09-15T13:36:12.6106584Z  * [new tag]         v0.22.0                 -> v0.22.0
2026-09-15T13:36:12.6106948Z  * [new tag]         v0.23.0                 -> v0.23.0
2026-09-15T13:36:12.6107307Z  * [new tag]         v0.24.0                 -> v0.24.0
2026-09-15T13:36:12.6107673Z  * [new tag]         v0.25.0                 -> v0.25.0
2026-09-15T13:36:12.6108050Z  * [new tag]         v0.26.0                 -> v0.26.0
2026-09-15T13:36:12.6108414Z  * [new tag]         v0.27.0                 -> v0.27.0
2026-09-15T13:36:12.6108780Z  * [new tag]         v0.28.0                 -> v0.28.0
2026-09-15T13:36:12.6109139Z  * [new tag]         v0.29.0                 -> v0.29.0
2026-09-15T13:36:12.6109498Z  * [new tag]         v0.29.1                 -> v0.29.1
2026-09-15T13:36:12.6109863Z  * [new tag]         v0.29.2                 -> v0.29.2
2026-09-15T13:36:12.6110225Z  * [new tag]         v0.3.0                  -> v0.3.0
2026-09-15T13:36:12.6110589Z  * [new tag]         v0.30.0                 -> v0.30.0
2026-09-15T13:36:12.6110953Z  * [new tag]         v0.31.0                 -> v0.31.0
2026-09-15T13:36:12.6111316Z  * [new tag]         v0.32.0                 -> v0.32.0
2026-09-15T13:36:12.6111688Z  * [new tag]         v0.33.0                 -> v0.33.0
2026-09-15T13:36:12.6112050Z  * [new tag]         v0.34.0                 -> v0.34.0
2026-09-15T13:36:12.6112415Z  * [new tag]         v0.35.0                 -> v0.35.0
2026-09-15T13:36:12.6112772Z  * [new tag]         v0.36.0                 -> v0.36.0
2026-09-15T13:36:12.6113133Z  * [new tag]         v0.37.0                 -> v0.37.0
2026-09-15T13:36:12.6113500Z  * [new tag]         v0.38.0                 -> v0.38.0
2026-09-15T13:36:12.6113860Z  * [new tag]         v0.39.0                 -> v0.39.0
2026-09-15T13:36:12.6114360Z  * [new tag]         v0.4.0                  -> v0.4.0
2026-09-15T13:36:12.6114734Z  * [new tag]         v0.4.1                  -> v0.4.1
2026-09-15T13:36:12.6115114Z  * [new tag]         v0.40.0                 -> v0.40.0
2026-09-15T13:36:12.6115484Z  * [new tag]         v0.41.0                 -> v0.41.0
2026-09-15T13:36:12.6116071Z  * [new tag]         v0.42.0                 -> v0.42.0
2026-09-15T13:36:12.6116522Z  * [new tag]         v0.44.0                 -> v0.44.0
2026-09-15T13:36:12.6117077Z  * [new tag]         v0.45.0                 -> v0.45.0
2026-09-15T13:36:12.6117642Z  * [new tag]         v0.46.0                 -> v0.46.0
2026-09-15T13:36:12.6118227Z  * [new tag]         v0.47.0                 -> v0.47.0
2026-09-15T13:36:12.6118792Z  * [new tag]         v0.48.0                 -> v0.48.0
2026-09-15T13:36:12.6119368Z  * [new tag]         v0.49.0                 -> v0.49.0
2026-09-15T13:36:12.6119956Z  * [new tag]         v0.5.0                  -> v0.5.0
2026-09-15T13:36:12.6120561Z  * [new tag]         v0.50.0                 -> v0.50.0
2026-09-15T13:36:12.6121102Z  * [new tag]         v0.51.0                 -> v0.51.0
2026-09-15T13:36:12.6121659Z  * [new tag]         v0.52.0                 -> v0.52.0
2026-09-15T13:36:12.6122237Z  * [new tag]         v0.53.0                 -> v0.53.0
2026-09-15T13:36:12.6122836Z  * [new tag]         v0.54.0                 -> v0.54.0
2026-09-15T13:36:12.6123465Z  * [new tag]         v0.55.0                 -> v0.55.0
2026-09-15T13:36:12.6124064Z  * [new tag]         v0.56.0                 -> v0.56.0
2026-09-15T13:36:12.6124839Z  * [new tag]         v0.57.0                 -> v0.57.0
2026-09-15T13:36:12.6125239Z  * [new tag]         v0.57.1                 -> v0.57.1
2026-09-15T13:36:12.6125640Z  * [new tag]         v0.6.0                  -> v0.6.0
2026-09-15T13:36:12.6126290Z  * [new tag]         v0.7.0                  -> v0.7.0
2026-09-15T13:36:12.6126768Z  * [new tag]         v0.8.0                  -> v0.8.0
2026-09-15T13:36:12.6127207Z  * [new tag]         v0.9.0                  -> v0.9.0
2026-09-15T13:36:12.6128768Z [command]/usr/bin/git branch --list --remote origin/main
2026-09-15T13:36:12.6129195Z   origin/main
2026-09-15T13:36:12.6130023Z [command]/usr/bin/git rev-parse refs/remotes/origin/main
2026-09-15T13:36:12.6158753Z 9ef75091762cfb9c84b02475ef79913a4476c651
2026-09-15T13:36:12.6162424Z ##[endgroup]
2026-09-15T13:36:12.6162916Z ##[group]Determining the checkout info
2026-09-15T13:36:12.6164188Z ##[endgroup]
2026-09-15T13:36:12.6206105Z [command]/usr/bin/git sparse-checkout disable
2026-09-15T13:36:12.6259307Z [command]/usr/bin/git config --local --unset-all extensions.worktreeConfig
2026-09-15T13:36:12.6292976Z ##[group]Checking out the ref
2026-09-15T13:36:12.6297086Z [command]/usr/bin/git checkout --progress --force -B main refs/remotes/origin/main
2026-09-15T13:36:13.6740650Z Updating files:  22% (1127/4979)
2026-09-15T13:36:13.7385583Z Updating files:  23% (1146/4979)
2026-09-15T13:36:13.7475000Z Updating files:  24% (1195/4979)
2026-09-15T13:36:13.7532785Z Updating files:  25% (1245/4979)
2026-09-15T13:36:13.7620797Z Updating files:  26% (1295/4979)
2026-09-15T13:36:13.7723806Z Updating files:  27% (1345/4979)
2026-09-15T13:36:13.7764752Z Updating files:  28% (1395/4979)
2026-09-15T13:36:13.7822743Z Updating files:  29% (1444/4979)
2026-09-15T13:36:13.7967215Z Updating files:  30% (1494/4979)
2026-09-15T13:36:13.8239703Z Updating files:  31% (1544/4979)
2026-09-15T13:36:13.8324884Z Updating files:  32% (1594/4979)
2026-09-15T13:36:13.8453062Z Updating files:  33% (1644/4979)
2026-09-15T13:36:13.8596553Z Updating files:  34% (1693/4979)
2026-09-15T13:36:13.8699240Z Updating files:  35% (1743/4979)
2026-09-15T13:36:13.8776378Z Updating files:  36% (1793/4979)
2026-09-15T13:36:13.8969174Z Updating files:  37% (1843/4979)
2026-09-15T13:36:13.9187133Z Updating files:  38% (1893/4979)
2026-09-15T13:36:13.9366173Z Updating files:  39% (1942/4979)
2026-09-15T13:36:13.9452340Z Updating files:  40% (1992/4979)
2026-09-15T13:36:13.9596913Z Updating files:  41% (2042/4979)
2026-09-15T13:36:13.9672451Z Updating files:  42% (2092/4979)
2026-09-15T13:36:13.9750380Z Updating files:  43% (2141/4979)
2026-09-15T13:36:13.9848898Z Updating files:  44% (2191/4979)
2026-09-15T13:36:13.9946732Z Updating files:  45% (2241/4979)
2026-09-15T13:36:14.0041021Z Updating files:  46% (2291/4979)
2026-09-15T13:36:14.0337212Z Updating files:  47% (2341/4979)
2026-09-15T13:36:14.0370985Z Updating files:  48% (2390/4979)
2026-09-15T13:36:14.0405996Z Updating files:  49% (2440/4979)
2026-09-15T13:36:14.0446531Z Updating files:  50% (2490/4979)
2026-09-15T13:36:14.2817071Z Updating files:  51% (2540/4979)
2026-09-15T13:36:14.2855367Z Updating files:  52% (2590/4979)
2026-09-15T13:36:14.2905526Z Updating files:  53% (2639/4979)
2026-09-15T13:36:14.2979093Z Updating files:  54% (2689/4979)
2026-09-15T13:36:14.3033567Z Updating files:  55% (2739/4979)
2026-09-15T13:36:14.3140194Z Updating files:  56% (2789/4979)
2026-09-15T13:36:14.3192901Z Updating files:  57% (2839/4979)
2026-09-15T13:36:14.3236997Z Updating files:  58% (2888/4979)
2026-09-15T13:36:14.3280429Z Updating files:  59% (2938/4979)
2026-09-15T13:36:14.3326538Z Updating files:  60% (2988/4979)
2026-09-15T13:36:14.3367108Z Updating files:  61% (3038/4979)
2026-09-15T13:36:14.3411254Z Updating files:  62% (3087/4979)
2026-09-15T13:36:14.3452315Z Updating files:  63% (3137/4979)
2026-09-15T13:36:14.3499615Z Updating files:  64% (3187/4979)
2026-09-15T13:36:14.3553461Z Updating files:  65% (3237/4979)
2026-09-15T13:36:14.3594174Z Updating files:  66% (3287/4979)
2026-09-15T13:36:14.3686152Z Updating files:  67% (3336/4979)
2026-09-15T13:36:14.3757720Z Updating files:  68% (3386/4979)
2026-09-15T13:36:14.4013251Z Updating files:  69% (3436/4979)
2026-09-15T13:36:14.4100755Z Updating files:  70% (3486/4979)
2026-09-15T13:36:14.4216820Z Updating files:  71% (3536/4979)
2026-09-15T13:36:14.4303113Z Updating files:  72% (3585/4979)
2026-09-15T13:36:14.4394290Z Updating files:  73% (3635/4979)
2026-09-15T13:36:14.4431741Z Updating files:  74% (3685/4979)
2026-09-15T13:36:14.4484075Z Updating files:  75% (3735/4979)
2026-09-15T13:36:14.4550454Z Updating files:  76% (3785/4979)
2026-09-15T13:36:14.4675053Z Updating files:  77% (3834/4979)
2026-09-15T13:36:14.4719666Z Updating files:  78% (3884/4979)
2026-09-15T13:36:14.4773435Z Updating files:  79% (3934/4979)
2026-09-15T13:36:14.4837630Z Updating files:  80% (3984/4979)
2026-09-15T13:36:14.4908290Z Updating files:  81% (4033/4979)
2026-09-15T13:36:14.4963068Z Updating files:  82% (4083/4979)
2026-09-15T13:36:14.4982732Z Updating files:  83% (4133/4979)
2026-09-15T13:36:14.5003708Z Updating files:  84% (4183/4979)
2026-09-15T13:36:14.5023849Z Updating files:  85% (4233/4979)
2026-09-15T13:36:14.5092405Z Updating files:  86% (4282/4979)
2026-09-15T13:36:14.5159545Z Updating files:  87% (4332/4979)
2026-09-15T13:36:14.5234736Z Updating files:  88% (4382/4979)
2026-09-15T13:36:14.5311783Z Updating files:  89% (4432/4979)
2026-09-15T13:36:14.5481574Z Updating files:  90% (4482/4979)
2026-09-15T13:36:14.5529161Z Updating files:  91% (4531/4979)
2026-09-15T13:36:14.5607546Z Updating files:  92% (4581/4979)
2026-09-15T13:36:14.5688961Z Updating files:  93% (4631/4979)
2026-09-15T13:36:14.5719083Z Updating files:  94% (4681/4979)
2026-09-15T13:36:14.5752888Z Updating files:  95% (4731/4979)
2026-09-15T13:36:14.5786309Z Updating files:  96% (4780/4979)
2026-09-15T13:36:14.5828226Z Updating files:  97% (4830/4979)
2026-09-15T13:36:14.5867114Z Updating files:  98% (4880/4979)
2026-09-15T13:36:14.5909073Z Updating files:  99% (4930/4979)
2026-09-15T13:36:14.5909776Z Updating files: 100% (4979/4979)
2026-09-15T13:36:14.5910241Z Updating files: 100% (4979/4979), done.
2026-09-15T13:36:14.5974335Z Switched to a new branch 'main'
2026-09-15T13:36:14.5977870Z branch 'main' set up to track 'origin/main'.
2026-09-15T13:36:14.6102727Z ##[endgroup]
2026-09-15T13:36:14.6149949Z [command]/usr/bin/git log -1 --format=%H
2026-09-15T13:36:14.6181506Z 9ef75091762cfb9c84b02475ef79913a4476c651
2026-09-15T13:36:14.6441970Z Node 20 is being deprecated. This workflow is running with Node 24 by default. If you need to temporarily use Node 20, you can set the ACTIONS_ALLOW_USE_UNSECURE_NODE_VERSION=true environment variable. For more information see: https://github.blog/changelog/2025-09-19-deprecation-of-node-20-on-github-actions-runners/
2026-09-15T13:36:14.6443537Z ##[group]Run actions/setup-node@v4
2026-09-15T13:36:14.6443801Z with:
2026-09-15T13:36:14.6444005Z   node-version: 22.22.2
2026-09-15T13:36:14.6444235Z   always-auth: false
2026-09-15T13:36:14.6444469Z   check-latest: false
2026-09-15T13:36:14.6447060Z   token: ***
2026-09-15T13:36:14.6447269Z env:
2026-09-15T13:36:14.6447468Z   REQUESTED_RELEASE: 
2026-09-15T13:36:14.6447684Z ##[endgroup]
2026-09-15T13:36:14.7884097Z Attempting to download 22.22.2...
2026-09-15T13:36:14.7990293Z (node:2261) [DEP0040] DeprecationWarning: The `punycode` module is deprecated. Please use a userland alternative instead.
2026-09-15T13:36:14.7991491Z (Use `node --trace-deprecation ...` to show where the warning was created)
2026-09-15T13:36:15.4939141Z Acquiring 22.22.2 - x64 from https://github.com/actions/node-versions/releases/download/22.22.2-23521889093/node-22.22.2-linux-x64.tar.gz
2026-09-15T13:36:16.1973884Z Extracting ...
2026-09-15T13:36:16.2091458Z [command]/usr/bin/tar xz --strip 1 --warning=no-unknown-keyword --overwrite -C /home/runner/work/_temp/9b9dc740-2fea-4d8e-8c0c-8d7995152360 -f /home/runner/work/_temp/edbc501b-54fe-4d83-9126-42d769eb4fc3
2026-09-15T13:36:17.5179174Z Adding to the cache ...
2026-09-15T13:36:19.2227457Z ##[group]Environment details
2026-09-15T13:36:19.4410781Z node: v22.22.2
2026-09-15T13:36:19.4411157Z npm: 10.9.7
2026-09-15T13:36:19.4411450Z yarn: 1.22.22
2026-09-15T13:36:19.4412115Z ##[endgroup]
2026-09-15T13:36:19.4590260Z ##[group]Run node --test publishing/pages-controller/*.test.mjs
2026-09-15T13:36:19.4590798Z [36;1mnode --test publishing/pages-controller/*.test.mjs[0m
2026-09-15T13:36:19.4591319Z [36;1mpython3 -m unittest discover -s publishing/pages-controller -p 'test_*.py' -v[0m
2026-09-15T13:36:19.4639148Z shell: /usr/bin/bash -e {0}
2026-09-15T13:36:19.4639420Z env:
2026-09-15T13:36:19.4639626Z   REQUESTED_RELEASE: 
2026-09-15T13:36:19.4639854Z ##[endgroup]
2026-09-15T13:36:19.5244389Z TAP version 13
2026-09-15T13:36:19.6655593Z # Subtest: complete artifact retains original graph and creates only authenticated historical bridges
2026-09-15T13:36:19.6677321Z ok 1 - complete artifact retains original graph and creates only authenticated historical bridges
2026-09-15T13:36:19.6691122Z   ---
2026-09-15T13:36:19.6692137Z   duration_ms: 104.573424
2026-09-15T13:36:19.6692657Z   type: 'test'
2026-09-15T13:36:19.6693171Z   ...
2026-09-15T13:36:19.7159265Z # Subtest: retention keeps only the latest releases in each semantic major line
2026-09-15T13:36:19.7162651Z ok 2 - retention keeps only the latest releases in each semantic major line
2026-09-15T13:36:19.7163083Z   ---
2026-09-15T13:36:19.7163311Z   duration_ms: 50.722822
2026-09-15T13:36:19.7163569Z   type: 'test'
2026-09-15T13:36:19.7163795Z   ...
2026-09-15T13:36:19.7617946Z # Subtest: a comparison-only tag is listed with its dedicated playable archive route
2026-09-15T13:36:19.7618961Z ok 3 - a comparison-only tag is listed with its dedicated playable archive route
2026-09-15T13:36:19.7619816Z   ---
2026-09-15T13:36:19.7620401Z   duration_ms: 45.482667
2026-09-15T13:36:19.7620789Z   type: 'test'
2026-09-15T13:36:19.7621118Z   ...
2026-09-15T13:36:19.7850299Z # Subtest: wrong and extra current bodies fail before any artifact is created
2026-09-15T13:36:19.7853971Z ok 4 - wrong and extra current bodies fail before any artifact is created
2026-09-15T13:36:19.7857669Z   ---
2026-09-15T13:36:19.7857918Z   duration_ms: 23.561122
2026-09-15T13:36:19.7858352Z   type: 'test'
2026-09-15T13:36:19.7858686Z   ...
2026-09-15T13:36:19.8051908Z # Subtest: archive admission requires every original file, pinned HTTP evidence and native approval
2026-09-15T13:36:19.8053267Z ok 5 - archive admission requires every original file, pinned HTTP evidence and native approval
2026-09-15T13:36:19.8054085Z   ---
2026-09-15T13:36:19.8054442Z   duration_ms: 20.12976
2026-09-15T13:36:19.8054863Z   type: 'test'
2026-09-15T13:36:19.8055249Z   ...
2026-09-15T13:36:19.8193257Z # Subtest: accepted HTTP status cannot substitute a different original while retaining matched counts
2026-09-15T13:36:19.8194609Z ok 6 - accepted HTTP status cannot substitute a different original while retaining matched counts
2026-09-15T13:36:19.8195268Z   ---
2026-09-15T13:36:19.8196965Z   duration_ms: 14.19216
2026-09-15T13:36:19.8197813Z   type: 'test'
2026-09-15T13:36:19.8198497Z   ...
2026-09-15T13:36:19.8327183Z # Subtest: current source admission refuses a failed gate or borrowed source even with a fresh evidence pin
2026-09-15T13:36:19.8328860Z ok 7 - current source admission refuses a failed gate or borrowed source even with a fresh evidence pin
2026-09-15T13:36:19.8330367Z   ---
2026-09-15T13:36:19.8330730Z   duration_ms: 13.468271
2026-09-15T13:36:19.8331114Z   type: 'test'
2026-09-15T13:36:19.8331438Z   ...
2026-09-15T13:36:19.8414677Z # Subtest: metadata bridges exactly equal existing writer; worker=true
2026-09-15T13:36:19.8416245Z ok 8 - metadata bridges exactly equal existing writer; worker=true
2026-09-15T13:36:19.8417349Z   ---
2026-09-15T13:36:19.8417997Z   duration_ms: 45.246769
2026-09-15T13:36:19.8418410Z   type: 'test'
2026-09-15T13:36:19.8418741Z   ...
2026-09-15T13:36:19.8419359Z # Subtest: metadata bridges exactly equal existing writer; worker=false
2026-09-15T13:36:19.8420262Z ok 9 - metadata bridges exactly equal existing writer; worker=false
2026-09-15T13:36:19.8420636Z   ---
2026-09-15T13:36:19.8420855Z   duration_ms: 13.714434
2026-09-15T13:36:19.8421100Z   type: 'test'
2026-09-15T13:36:19.8421496Z   ...
2026-09-15T13:36:19.8422276Z # Subtest: changed pinned metadata and release identity are rejected
2026-09-15T13:36:19.8423190Z ok 10 - changed pinned metadata and release identity are rejected
2026-09-15T13:36:19.8423749Z   ---
2026-09-15T13:36:19.8436605Z   duration_ms: 0.835955
2026-09-15T13:36:19.8436900Z   type: 'test'
2026-09-15T13:36:19.8437619Z   ...
2026-09-15T13:36:19.8463356Z # Subtest: self-consistent malformed manifests fail before bridge creation
2026-09-15T13:36:19.8464230Z ok 11 - self-consistent malformed manifests fail before bridge creation
2026-09-15T13:36:19.8464642Z   ---
2026-09-15T13:36:19.8464878Z   duration_ms: 2.299877
2026-09-15T13:36:19.8465129Z   type: 'test'
2026-09-15T13:36:19.8465342Z   ...
2026-09-15T13:36:19.8466014Z # Subtest: bridge targets cannot escape the admitted canonical edition
2026-09-15T13:36:19.8467031Z ok 12 - bridge targets cannot escape the admitted canonical edition
2026-09-15T13:36:19.8467565Z   ---
2026-09-15T13:36:19.8467794Z   duration_ms: 0.455163
2026-09-15T13:36:19.8468030Z   type: 'test'
2026-09-15T13:36:19.8468239Z   ...
2026-09-15T13:36:19.8468775Z # Subtest: latest stable policy preserves numeric ordering, pagination and publication status
2026-09-15T13:36:19.8469671Z ok 13 - latest stable policy preserves numeric ordering, pagination and publication status
2026-09-15T13:36:19.8470197Z   ---
2026-09-15T13:36:19.8470512Z   duration_ms: 2.009277
2026-09-15T13:36:19.8470808Z   type: 'test'
2026-09-15T13:36:19.8471049Z   ...
2026-09-15T13:36:19.8471718Z # Subtest: older release events cannot roll back or implicitly change the reviewed selector
2026-09-15T13:36:19.8472743Z ok 14 - older release events cannot roll back or implicitly change the reviewed selector
2026-09-15T13:36:19.8473174Z   ---
2026-09-15T13:36:19.8473488Z   duration_ms: 0.441572
2026-09-15T13:36:19.8473823Z   type: 'test'
2026-09-15T13:36:19.8474133Z   ...
2026-09-15T13:36:19.8474722Z # Subtest: a latest release requires an enabled selector before routing or publishing
2026-09-15T13:36:19.8475533Z ok 15 - a latest release requires an enabled selector before routing or publishing
2026-09-15T13:36:19.8476268Z   ---
2026-09-15T13:36:19.8476485Z   duration_ms: 0.720895
2026-09-15T13:36:19.8476718Z   type: 'test'
2026-09-15T13:36:19.8476920Z   ...
2026-09-15T13:36:19.8477368Z # Subtest: a newly published release waits successfully for its reviewed frozen selector
2026-09-15T13:36:19.8478005Z ok 16 - a newly published release waits successfully for its reviewed frozen selector
2026-09-15T13:36:19.8478413Z   ---
2026-09-15T13:36:19.8478630Z   duration_ms: 1.071032
2026-09-15T13:36:19.8478867Z   type: 'test'
2026-09-15T13:36:19.8479067Z   ...
2026-09-15T13:36:19.8479453Z # Subtest: trailing-slash controller directory is normalized
2026-09-15T13:36:19.8492838Z ok 17 - trailing-slash controller directory is normalized
2026-09-15T13:36:19.8493639Z   ---
2026-09-15T13:36:19.8494109Z   duration_ms: 40.491701
2026-09-15T13:36:19.8494638Z   type: 'test'
2026-09-15T13:36:19.8494969Z   ...
2026-09-15T13:36:19.8495687Z # Subtest: an ancestor symlink introduced by the final tag check cannot redirect writes
2026-09-15T13:36:19.8496894Z ok 18 - an ancestor symlink introduced by the final tag check cannot redirect writes
2026-09-15T13:36:19.8497517Z   ---
2026-09-15T13:36:19.8497821Z   duration_ms: 12.931067
2026-09-15T13:36:19.8498168Z   type: 'test'
2026-09-15T13:36:19.8498465Z   ...
2026-09-15T13:36:19.8499256Z # Subtest: sync adds verified metadata and qualification; repeat preserves every byte and timestamp
2026-09-15T13:36:19.8500433Z ok 19 - sync adds verified metadata and qualification; repeat preserves every byte and timestamp
2026-09-15T13:36:19.8501110Z   ---
2026-09-15T13:36:19.8501405Z   duration_ms: 34.156265
2026-09-15T13:36:19.8501744Z   type: 'test'
2026-09-15T13:36:19.8502275Z   ...
2026-09-15T13:36:19.8502841Z # Subtest: existing-only sync preserves original catalog whitespace
2026-09-15T13:36:19.8503638Z ok 20 - existing-only sync preserves original catalog whitespace
2026-09-15T13:36:19.8504323Z   ---
2026-09-15T13:36:19.8504617Z   duration_ms: 12.346759
2026-09-15T13:36:19.8504960Z   type: 'test'
2026-09-15T13:36:19.8505248Z   ...
2026-09-15T13:36:19.8506084Z # Subtest: whole batch rejects manifest-link without adding an earlier valid release
2026-09-15T13:36:19.8507077Z ok 21 - whole batch rejects manifest-link without adding an earlier valid release
2026-09-15T13:36:19.8507685Z   ---
2026-09-15T13:36:19.8507974Z   duration_ms: 7.527317
2026-09-15T13:36:19.8508310Z   type: 'test'
2026-09-15T13:36:19.8508606Z   ...
2026-09-15T13:36:19.8509276Z # Subtest: whole batch rejects zip-checksum without adding an earlier valid release
2026-09-15T13:36:19.8510243Z ok 22 - whole batch rejects zip-checksum without adding an earlier valid release
2026-09-15T13:36:19.8510852Z   ---
2026-09-15T13:36:19.8511141Z   duration_ms: 5.741795
2026-09-15T13:36:19.8511475Z   type: 'test'
2026-09-15T13:36:19.8511765Z   ...
2026-09-15T13:36:19.8512431Z # Subtest: whole batch rejects record-shape without adding an earlier valid release
2026-09-15T13:36:19.8513390Z ok 23 - whole batch rejects record-shape without adding an earlier valid release
2026-09-15T13:36:19.8513968Z   ---
2026-09-15T13:36:19.8514269Z   duration_ms: 6.356508
2026-09-15T13:36:19.8514588Z   type: 'test'
2026-09-15T13:36:19.8514872Z   ...
2026-09-15T13:36:19.8515526Z # Subtest: whole batch rejects missing-entry without adding an earlier valid release
2026-09-15T13:36:19.8516910Z ok 24 - whole batch rejects missing-entry without adding an earlier valid release
2026-09-15T13:36:19.8517522Z   ---
2026-09-15T13:36:19.8517813Z   duration_ms: 6.252134
2026-09-15T13:36:19.8518153Z   type: 'test'
2026-09-15T13:36:19.8518441Z   ...
2026-09-15T13:36:19.8519129Z # Subtest: whole batch rejects late-qualification without adding an earlier valid release
2026-09-15T13:36:19.8520197Z ok 25 - whole batch rejects late-qualification without adding an earlier valid release
2026-09-15T13:36:19.8520827Z   ---
2026-09-15T13:36:19.8521115Z   duration_ms: 6.36479
2026-09-15T13:36:19.8521476Z   type: 'test'
2026-09-15T13:36:19.8521758Z   ...
2026-09-15T13:36:19.8522263Z # Subtest: existing frozen downloaded-pin cannot be replaced
2026-09-15T13:36:19.8522987Z ok 26 - existing frozen downloaded-pin cannot be replaced
2026-09-15T13:36:19.8523473Z   ---
2026-09-15T13:36:19.8523761Z   duration_ms: 6.85945
2026-09-15T13:36:19.8524090Z   type: 'test'
2026-09-15T13:36:19.8524378Z   ...
2026-09-15T13:36:19.8524808Z # Subtest: existing frozen tag cannot be replaced
2026-09-15T13:36:19.8525406Z ok 27 - existing frozen tag cannot be replaced
2026-09-15T13:36:19.8525983Z   ---
2026-09-15T13:36:19.8526265Z   duration_ms: 6.918468
2026-09-15T13:36:19.8526600Z   type: 'test'
2026-09-15T13:36:19.8526884Z   ...
2026-09-15T13:36:19.8527351Z # Subtest: existing frozen local-file cannot be replaced
2026-09-15T13:36:19.8527869Z ok 28 - existing frozen local-file cannot be replaced
2026-09-15T13:36:19.8528166Z   ---
2026-09-15T13:36:19.8528357Z   duration_ms: 7.690704
2026-09-15T13:36:19.8528579Z   type: 'test'
2026-09-15T13:36:19.8528766Z   ...
2026-09-15T13:36:19.8529067Z # Subtest: existing frozen missing-file cannot be replaced
2026-09-15T13:36:19.8529488Z ok 29 - existing frozen missing-file cannot be replaced
2026-09-15T13:36:19.8529780Z   ---
2026-09-15T13:36:19.8529980Z   duration_ms: 6.427618
2026-09-15T13:36:19.8530204Z   type: 'test'
2026-09-15T13:36:19.8530400Z   ...
2026-09-15T13:36:19.8530709Z # Subtest: existing frozen qualification cannot be replaced
2026-09-15T13:36:19.8531138Z ok 30 - existing frozen qualification cannot be replaced
2026-09-15T13:36:19.8531439Z   ---
2026-09-15T13:36:19.8531631Z   duration_ms: 8.762492
2026-09-15T13:36:19.8531843Z   type: 'test'
2026-09-15T13:36:19.8532052Z   ...
2026-09-15T13:36:19.8532444Z # Subtest: catalog edit during download is preserved and prevents every addition
2026-09-15T13:36:19.8533218Z ok 31 - catalog edit during download is preserved and prevents every addition
2026-09-15T13:36:19.8533584Z   ---
2026-09-15T13:36:19.8533901Z   duration_ms: 7.405616
2026-09-15T13:36:19.8534138Z   type: 'test'
2026-09-15T13:36:19.8534337Z   ...
2026-09-15T13:36:19.8587055Z # Subtest: tag movement after downloads leaves the whole batch unchanged
2026-09-15T13:36:19.8588840Z ok 32 - tag movement after downloads leaves the whole batch unchanged
2026-09-15T13:36:19.8589924Z   ---
2026-09-15T13:36:19.8590323Z   duration_ms: 11.749392
2026-09-15T13:36:19.8590756Z   type: 'test'
2026-09-15T13:36:19.8591175Z   ...
2026-09-15T13:36:19.8636576Z # Subtest: a concurrent destination is preserved before any additions are written
2026-09-15T13:36:19.8638485Z ok 33 - a concurrent destination is preserved before any additions are written
2026-09-15T13:36:19.8639435Z   ---
2026-09-15T13:36:19.8639711Z   duration_ms: 4.981263
2026-09-15T13:36:19.8639987Z   type: 'test'
2026-09-15T13:36:19.8640206Z   ...
2026-09-15T13:36:19.8738534Z # Subtest: a later write failure rolls back new release files and preserves the catalog
2026-09-15T13:36:19.8739663Z ok 34 - a later write failure rolls back new release files and preserves the catalog
2026-09-15T13:36:19.8740089Z   ---
2026-09-15T13:36:19.8740313Z   duration_ms: 10.202428
2026-09-15T13:36:19.8740547Z   type: 'test'
2026-09-15T13:36:19.8740750Z   ...
2026-09-15T13:36:19.8808626Z # Subtest: source qualification retains six gates while the controller owns guarded main publication
2026-09-15T13:36:19.8809954Z ok 35 - source qualification retains six gates while the controller owns guarded main publication
2026-09-15T13:36:19.8810712Z   ---
2026-09-15T13:36:19.8811038Z   duration_ms: 6.974441
2026-09-15T13:36:19.8811405Z   type: 'test'
2026-09-15T13:36:19.8811720Z   ...
2026-09-15T13:36:19.8812725Z # Subtest: delivery-only push is excluded after the controller glob while PR review and mixed publication remain enabled
2026-09-15T13:36:19.8814236Z ok 36 - delivery-only push is excluded after the controller glob while PR review and mixed publication remain enabled
2026-09-15T13:36:19.8815053Z   ---
2026-09-15T13:36:19.8815367Z   duration_ms: 1.60464
2026-09-15T13:36:19.8815713Z   type: 'test'
2026-09-15T13:36:19.8818329Z   ...
2026-09-15T13:36:19.8818666Z 1..36
2026-09-15T13:36:19.8818969Z # tests 36
2026-09-15T13:36:19.8819276Z # suites 0
2026-09-15T13:36:19.8819575Z # pass 36
2026-09-15T13:36:19.8819873Z # fail 0
2026-09-15T13:36:19.8820179Z # cancelled 0
2026-09-15T13:36:19.8837205Z # skipped 0
2026-09-15T13:36:19.8837575Z # todo 0
2026-09-15T13:36:19.8837943Z # duration_ms 379.26389
2026-09-15T13:36:19.9965387Z test_crc_or_body_corruption_rejected_even_with_new_outer_digest (test_extract_current.ExtractCurrentTests.test_crc_or_body_corruption_rejected_even_with_new_outer_digest) ... ok
2026-09-15T13:36:19.9982004Z test_exact_original_members_and_worker (test_extract_current.ExtractCurrentTests.test_exact_original_members_and_worker) ... ok
2026-09-15T13:36:20.0013055Z test_extra_traversal_missing_and_wrong_original_fail_atomically (test_extract_current.ExtractCurrentTests.test_extra_traversal_missing_and_wrong_original_fail_atomically) ... ok
2026-09-15T13:36:20.0024013Z test_symlink_members_rejected_before_writing (test_extract_current.ExtractCurrentTests.test_symlink_members_rejected_before_writing) ... ok
2026-09-15T13:36:20.0024890Z 
2026-09-15T13:36:20.0025252Z ----------------------------------------------------------------------
2026-09-15T13:36:20.0025963Z Ran 4 tests in 0.010s
2026-09-15T13:36:20.0026185Z 
2026-09-15T13:36:20.0026318Z OK
2026-09-15T13:36:20.0159416Z ##[group]Run python3 - <<'PY'
2026-09-15T13:36:20.0159743Z [36;1mpython3 - <<'PY'[0m
2026-09-15T13:36:20.0159992Z [36;1mimport shutil[0m
2026-09-15T13:36:20.0160244Z [36;1mfree = shutil.disk_usage('.').free[0m
2026-09-15T13:36:20.0160641Z [36;1massert free >= 8 * 1024**3, f'At least 8 GiB free required; found {free}'[0m
2026-09-15T13:36:20.0161193Z [36;1mPY[0m
2026-09-15T13:36:20.0203302Z shell: /usr/bin/bash -e {0}
2026-09-15T13:36:20.0203565Z env:
2026-09-15T13:36:20.0203766Z   REQUESTED_RELEASE: 
2026-09-15T13:36:20.0203988Z ##[endgroup]
2026-09-15T13:36:20.0530235Z ##[group]Run node publishing/pages-controller/publish.mjs verify $PREVIEW
2026-09-15T13:36:20.0530756Z [36;1mnode publishing/pages-controller/publish.mjs verify $PREVIEW[0m
2026-09-15T13:36:20.0570336Z shell: /usr/bin/bash -e {0}
2026-09-15T13:36:20.0570587Z env:
2026-09-15T13:36:20.0570788Z   REQUESTED_RELEASE: 
2026-09-15T13:36:20.0573120Z   GH_TOKEN: ***
2026-09-15T13:36:20.0573337Z   PREVIEW: 
2026-09-15T13:36:20.0573535Z ##[endgroup]
2026-09-15T13:36:35.2616608Z {"controllerCommit":"9ef75091762cfb9c84b02475ef79913a4476c651","controllerTree":"15963dede1cdcd977486d68fdc69714db9c02892","catalogSha256":"0ea8ce45a3ad02882046a1876e791db86ace0e81de483fe136e915f9cdb05eb9","qualifiedSourceTree":"d3549d0efd15529f71f4cff9a940bdda5e84f3a6","admittedArchives":14,"observations":[{"archiveId":"archive-01","infrastructureCommit":"5eb3d3c3620ad678ea5d0bcd86b9397528105fb8","deploymentId":6416659627,"deploymentState":"success"},{"archiveId":"archive-02","infrastructureCommit":"aed15ad7cedbdf42ef91f054f0d25c9b076c3ec9","deploymentId":6425362041,"deploymentState":"success"},{"archiveId":"archive-03","infrastructureCommit":"1137dfc59cf2dc52bd93483cc4ebeb052824e403","deploymentId":6428535084,"deploymentState":"success"},{"archiveId":"archive-04","infrastructureCommit":"20f10015b0ce585103de8a1562d2451af14adebb","deploymentId":6433209340,"deploymentState":"success"},{"archiveId":"archive-05","infrastructureCommit":"4f0101c2556e984ab8d9852b48df5963bda970a0","deploymentId":6439831580,"deploymentState":"success"},{"archiveId":"archive-06","infrastructureCommit":"fcf3cbd02c6a80d1df3a90c97a337f8d14ca0b9b","deploymentId":6444985593,"deploymentState":"success"},{"archiveId":"archive-07","infrastructureCommit":"2e5d22461def760f9521d08bbfd5a0fbc0ca2795","deploymentId":6445209075,"deploymentState":"success"},{"archiveId":"archive-08","infrastructureCommit":"caf88b909eea7ddb9e7109291aee0089befbc488","deploymentId":6446745339,"deploymentState":"success"},{"archiveId":"archive-09","infrastructureCommit":"d07e625649b3a56452a284835d43f5ad3d007f33","deploymentId":6448874089,"deploymentState":"success"},{"archiveId":"archive-10","infrastructureCommit":"55019541f8210ccef70f09cc04885f0debf1c4a7","deploymentId":6450531920,"deploymentState":"success"},{"archiveId":"archive-11","infrastructureCommit":"fc27c76cb6b285f723ab50072ded7f8b0b27c104","deploymentId":6450262257,"deploymentState":"success"},{"archiveId":"archive-12","infrastructureCommit":"48fadddd098af0e3e71e7913445144731d6da259","deploymentId":6455796852,"deploymentState":"success"},{"archiveId":"archive-13","infrastructureCommit":"58b21ebeff3c2d8e8ca37d5b7764f8203b8824ed","deploymentId":6454910731,"deploymentState":"success"},{"archiveId":"archive-14","infrastructureCommit":"740878b685b08edb40db5494f7ebbe71536b523a","deploymentId":6458702842,"deploymentState":"success"}],"releasePolicy":{"shouldDispatch":false,"requested":"v0.57.1","latest":"v0.57.1"},"publishable":true,"currentVersion":"v0.57.1"}
2026-09-15T13:36:35.2797705Z ##[group]Run node publishing/pages-controller/publish.mjs build $PREVIEW
2026-09-15T13:36:35.2798243Z [36;1mnode publishing/pages-controller/publish.mjs build $PREVIEW[0m
2026-09-15T13:36:35.2837559Z shell: /usr/bin/bash -e {0}
2026-09-15T13:36:35.2837814Z env:
2026-09-15T13:36:35.2838018Z   REQUESTED_RELEASE: 
2026-09-15T13:36:35.2840430Z   GH_TOKEN: ***
2026-09-15T13:36:35.2840653Z   PREVIEW: 
2026-09-15T13:36:35.2840849Z ##[endgroup]
2026-09-15T13:36:56.8790527Z {"controllerCommit":"9ef75091762cfb9c84b02475ef79913a4476c651","controllerTree":"15963dede1cdcd977486d68fdc69714db9c02892","catalogSha256":"0ea8ce45a3ad02882046a1876e791db86ace0e81de483fe136e915f9cdb05eb9","qualifiedSourceTree":"d3549d0efd15529f71f4cff9a940bdda5e84f3a6","admittedArchives":14,"observations":[{"archiveId":"archive-01","infrastructureCommit":"5eb3d3c3620ad678ea5d0bcd86b9397528105fb8","deploymentId":6416659627,"deploymentState":"success"},{"archiveId":"archive-02","infrastructureCommit":"aed15ad7cedbdf42ef91f054f0d25c9b076c3ec9","deploymentId":6425362041,"deploymentState":"success"},{"archiveId":"archive-03","infrastructureCommit":"1137dfc59cf2dc52bd93483cc4ebeb052824e403","deploymentId":6428535084,"deploymentState":"success"},{"archiveId":"archive-04","infrastructureCommit":"20f10015b0ce585103de8a1562d2451af14adebb","deploymentId":6433209340,"deploymentState":"success"},{"archiveId":"archive-05","infrastructureCommit":"4f0101c2556e984ab8d9852b48df5963bda970a0","deploymentId":6439831580,"deploymentState":"success"},{"archiveId":"archive-06","infrastructureCommit":"fcf3cbd02c6a80d1df3a90c97a337f8d14ca0b9b","deploymentId":6444985593,"deploymentState":"success"},{"archiveId":"archive-07","infrastructureCommit":"2e5d22461def760f9521d08bbfd5a0fbc0ca2795","deploymentId":6445209075,"deploymentState":"success"},{"archiveId":"archive-08","infrastructureCommit":"caf88b909eea7ddb9e7109291aee0089befbc488","deploymentId":6446745339,"deploymentState":"success"},{"archiveId":"archive-09","infrastructureCommit":"d07e625649b3a56452a284835d43f5ad3d007f33","deploymentId":6448874089,"deploymentState":"success"},{"archiveId":"archive-10","infrastructureCommit":"55019541f8210ccef70f09cc04885f0debf1c4a7","deploymentId":6450531920,"deploymentState":"success"},{"archiveId":"archive-11","infrastructureCommit":"fc27c76cb6b285f723ab50072ded7f8b0b27c104","deploymentId":6450262257,"deploymentState":"success"},{"archiveId":"archive-12","infrastructureCommit":"48fadddd098af0e3e71e7913445144731d6da259","deploymentId":6455796852,"deploymentState":"success"},{"archiveId":"archive-13","infrastructureCommit":"58b21ebeff3c2d8e8ca37d5b7764f8203b8824ed","deploymentId":6454910731,"deploymentState":"success"},{"archiveId":"archive-14","infrastructureCommit":"740878b685b08edb40db5494f7ebbe71536b523a","deploymentId":6458702842,"deploymentState":"success"}],"releasePolicy":{"shouldDispatch":false,"requested":"v0.57.1","latest":"v0.57.1"},"publishable":true,"currentVersion":"v0.57.1","gameSourceRevision":"4c85277ac7393eeeabab035387d4d4ae8734aba1","totalBytes":636567742,"files":2398}
2026-09-15T13:36:56.8941137Z ##[group]Run node publishing/pages-controller/publish.mjs verify-artifact $PREVIEW
2026-09-15T13:36:56.8941747Z [36;1mnode publishing/pages-controller/publish.mjs verify-artifact $PREVIEW[0m
2026-09-15T13:36:56.8981966Z shell: /usr/bin/bash -e {0}
2026-09-15T13:36:56.8982223Z env:
2026-09-15T13:36:56.8982426Z   REQUESTED_RELEASE: 
2026-09-15T13:36:56.8984792Z   GH_TOKEN: ***
2026-09-15T13:36:56.8985013Z   PREVIEW: 
2026-09-15T13:36:56.8985215Z ##[endgroup]
2026-09-15T13:37:12.6121615Z {"status":"PASS","controllerCommit":"9ef75091762cfb9c84b02475ef79913a4476c651","gameSourceRevision":"4c85277ac7393eeeabab035387d4d4ae8734aba1","files":2398,"totalBytes":636567742,"publishable":true}
2026-09-15T13:37:12.6260124Z Node 20 is being deprecated. This workflow is running with Node 24 by default. If you need to temporarily use Node 20, you can set the ACTIONS_ALLOW_USE_UNSECURE_NODE_VERSION=true environment variable. For more information see: https://github.blog/changelog/2025-09-19-deprecation-of-node-20-on-github-actions-runners/
2026-09-15T13:37:12.6261462Z ##[group]Run actions/upload-artifact@ea165f8d65b6e75b540449e92b4886f43607fa02
2026-09-15T13:37:12.6261847Z with:
2026-09-15T13:37:12.6262064Z   name: frozen-pages-receipts
2026-09-15T13:37:12.6262354Z   path: .cache/frozen-pages/*-receipt.json
2026-09-15T13:37:12.6262641Z   if-no-files-found: warn
2026-09-15T13:37:12.6262885Z   compression-level: 6
2026-09-15T13:37:12.6263109Z   overwrite: false
2026-09-15T13:37:12.6263331Z   include-hidden-files: false
2026-09-15T13:37:12.6263565Z env:
2026-09-15T13:37:12.6263758Z   REQUESTED_RELEASE: 
2026-09-15T13:37:12.6263974Z ##[endgroup]
2026-09-15T13:37:12.7991145Z (node:3719) [DEP0040] DeprecationWarning: The `punycode` module is deprecated. Please use a userland alternative instead.
2026-09-15T13:37:12.7992362Z (Use `node --trace-deprecation ...` to show where the warning was created)
2026-09-15T13:37:12.8067567Z With the provided path, there will be 2 files uploaded
2026-09-15T13:37:12.8068410Z Artifact name is valid!
2026-09-15T13:37:12.8068815Z Root directory input is valid!
2026-09-15T13:37:13.0753123Z Beginning upload of artifact content to blob storage
2026-09-15T13:37:13.1046393Z (node:3719) [DEP0169] DeprecationWarning: `url.parse()` behavior is not standardized and prone to errors that have security implications. Use the WHATWG URL API instead. CVEs are not issued for `url.parse()` vulnerabilities.
2026-09-15T13:37:13.2683536Z Uploaded bytes 115052
2026-09-15T13:37:13.3012132Z Finished uploading artifact content to blob storage!
2026-09-15T13:37:13.3013302Z SHA256 digest of uploaded artifact zip is aa6a8d270a7e61894d508ba969e0caa0b4255d9b4e59e933c469b5634933fc89
2026-09-15T13:37:13.3014228Z Finalizing artifact upload
2026-09-15T13:37:13.5444524Z Artifact frozen-pages-receipts.zip successfully finalized. Artifact ID 10399740660
2026-09-15T13:37:13.5445514Z Artifact frozen-pages-receipts has been successfully uploaded! Final size is 115052 bytes. Artifact ID is 10399740660
2026-09-15T13:37:13.5452514Z Artifact download URL: https://github.com/mekhovov/revealline/actions/runs/34976023839/artifacts/10399740660
2026-09-15T13:37:13.5635414Z ##[group]Run actions/upload-pages-artifact@fc324d3547104276b827a68afc52ff2a11cc49c9
2026-09-15T13:37:13.5636304Z with:
2026-09-15T13:37:13.5636540Z   path: .cache/frozen-pages/artifact
2026-09-15T13:37:13.5636836Z   include-hidden-files: true
2026-09-15T13:37:13.5637092Z   name: github-pages
2026-09-15T13:37:13.5637316Z   retention-days: 1
2026-09-15T13:37:13.5637529Z env:
2026-09-15T13:37:13.5637724Z   REQUESTED_RELEASE: 
2026-09-15T13:37:13.5637946Z ##[endgroup]
2026-09-15T13:37:13.5697837Z ##[start-action display=Archive artifact;id=__actions_upload-pages-artifact.__run]
2026-09-15T13:37:13.5745717Z ##[group]Run echo ::group::Archive artifact
2026-09-15T13:37:13.5746567Z [36;1mecho ::group::Archive artifact[0m
2026-09-15T13:37:13.5747071Z [36;1mtar \[0m
2026-09-15T13:37:13.5747479Z [36;1m  --dereference --hard-dereference \[0m
2026-09-15T13:37:13.5748058Z [36;1m  --directory "$INPUT_PATH" \[0m
2026-09-15T13:37:13.5748508Z [36;1m  -cvf "$RUNNER_TEMP/artifact.tar" \[0m
2026-09-15T13:37:13.5749132Z [36;1m  --exclude=.git \[0m
2026-09-15T13:37:13.5749510Z [36;1m  --exclude=.github \[0m
2026-09-15T13:37:13.5749948Z [36;1m   \[0m
2026-09-15T13:37:13.5750289Z [36;1m  .[0m
2026-09-15T13:37:13.5750659Z [36;1mecho ::endgroup::[0m
2026-09-15T13:37:13.5802967Z shell: /usr/bin/sh -e {0}
2026-09-15T13:37:13.5803497Z env:
2026-09-15T13:37:13.5803832Z   REQUESTED_RELEASE: 
2026-09-15T13:37:13.5804245Z   INPUT_PATH: .cache/frozen-pages/artifact
2026-09-15T13:37:13.5804731Z ##[endgroup]
2026-09-15T13:37:13.5872691Z ##[group]Archive artifact
2026-09-15T13:37:13.5889882Z ./
2026-09-15T13:37:13.5890433Z ./site/
2026-09-15T13:37:13.5891092Z ./site/about.html
2026-09-15T13:37:13.5891642Z ./site/release-catalog.css
2026-09-15T13:37:13.5892348Z ./site/release-links.mjs
2026-09-15T13:37:13.5896773Z ./site/launch.mjs
2026-09-15T13:37:13.5906791Z ./site/landing.css
2026-09-15T13:37:13.5907476Z ./site/landing.mjs
2026-09-15T13:37:13.5907937Z ./manifest.json
2026-09-15T13:37:13.5908339Z ./release.json
2026-09-15T13:37:13.5908779Z ./current-entry-routing.json
2026-09-15T13:37:13.5909144Z ./optional/
2026-09-15T13:37:13.5909644Z ./optional/external-chapters/
2026-09-15T13:37:13.5910233Z ./optional/external-chapters/fracture-lines-retro/
2026-09-15T13:37:13.5910894Z ./optional/external-chapters/fracture-lines-retro/pack.json
2026-09-15T13:37:13.5911538Z ./optional/external-chapters/fracture-lines-retro/media.rlmedia
2026-09-15T13:37:13.5964200Z ./optional/external-chapters/sentinel-circuit-coupa/
2026-09-15T13:37:13.5965194Z ./optional/external-chapters/sentinel-circuit-coupa/pack.json
2026-09-15T13:37:13.5966290Z ./optional/external-chapters/sentinel-circuit-coupa/media.rlmedia
2026-09-15T13:37:13.6028445Z ./optional/external-chapters/sentinel-circuit-retro/
2026-09-15T13:37:13.6029642Z ./optional/external-chapters/sentinel-circuit-retro/pack.json
2026-09-15T13:37:13.6030769Z ./optional/external-chapters/sentinel-circuit-retro/media.rlmedia
2026-09-15T13:37:13.6093406Z ./optional/external-chapters/countercurrent-fpv/
2026-09-15T13:37:13.6094257Z ./optional/external-chapters/countercurrent-fpv/pack.json
2026-09-15T13:37:13.6095397Z ./optional/external-chapters/countercurrent-fpv/media.rlmedia
2026-09-15T13:37:13.6154334Z ./optional/external-chapters/sentinel-circuit-ukraine/
2026-09-15T13:37:13.6155428Z ./optional/external-chapters/sentinel-circuit-ukraine/pack.json
2026-09-15T13:37:13.6156567Z ./optional/external-chapters/sentinel-circuit-ukraine/media.rlmedia
2026-09-15T13:37:13.6224720Z ./optional/external-chapters/route-worlds-ukraine/
2026-09-15T13:37:13.6225637Z ./optional/external-chapters/route-worlds-ukraine/pack.json
2026-09-15T13:37:13.6226729Z ./optional/external-chapters/route-worlds-ukraine/media.rlmedia
2026-09-15T13:37:13.6302582Z ./optional/external-chapters/original-fpv-pressure-external/
2026-09-15T13:37:13.6303617Z ./optional/external-chapters/original-fpv-pressure-external/pack.json
2026-09-15T13:37:13.6305247Z ./optional/external-chapters/original-fpv-pressure-external/media.rlmedia
2026-09-15T13:37:13.6369631Z ./optional/external-chapters/countercurrent-retro/
2026-09-15T13:37:13.6370619Z ./optional/external-chapters/countercurrent-retro/pack.json
2026-09-15T13:37:13.6371644Z ./optional/external-chapters/countercurrent-retro/media.rlmedia
2026-09-15T13:37:13.6433279Z ./optional/external-chapters/route-worlds-retro/
2026-09-15T13:37:13.6434254Z ./optional/external-chapters/route-worlds-retro/pack.json
2026-09-15T13:37:13.6435167Z ./optional/external-chapters/route-worlds-retro/media.rlmedia
2026-09-15T13:37:13.6496388Z ./optional/external-chapters/countercurrent-ukraine/
2026-09-15T13:37:13.6497306Z ./optional/external-chapters/countercurrent-ukraine/pack.json
2026-09-15T13:37:13.6498377Z ./optional/external-chapters/countercurrent-ukraine/media.rlmedia
2026-09-15T13:37:13.6566786Z ./optional/external-chapters/route-worlds-coupa/
2026-09-15T13:37:13.6567454Z ./optional/external-chapters/route-worlds-coupa/pack.json
2026-09-15T13:37:13.6568241Z ./optional/external-chapters/route-worlds-coupa/media.rlmedia
2026-09-15T13:37:13.6637151Z ./optional/external-chapters/fracture-lines-ukraine/
2026-09-15T13:37:13.6638239Z ./optional/external-chapters/fracture-lines-ukraine/pack.json
2026-09-15T13:37:13.6639271Z ./optional/external-chapters/fracture-lines-ukraine/media.rlmedia
2026-09-15T13:37:13.6712362Z ./optional/external-chapters/fracture-lines-fpv/
2026-09-15T13:37:13.6713375Z ./optional/external-chapters/fracture-lines-fpv/pack.json
2026-09-15T13:37:13.6714304Z ./optional/external-chapters/fracture-lines-fpv/media.rlmedia
2026-09-15T13:37:13.6784581Z ./optional/external-chapters/fracture-lines-coupa/
2026-09-15T13:37:13.6785632Z ./optional/external-chapters/fracture-lines-coupa/pack.json
2026-09-15T13:37:13.6786920Z ./optional/external-chapters/fracture-lines-coupa/media.rlmedia
2026-09-15T13:37:13.6857615Z ./optional/external-chapters/countercurrent-coupa/
2026-09-15T13:37:13.6858675Z ./optional/external-chapters/countercurrent-coupa/pack.json
2026-09-15T13:37:13.6859717Z ./optional/external-chapters/countercurrent-coupa/media.rlmedia
2026-09-15T13:37:13.6928995Z ./optional/external-chapters/sentinel-circuit-fpv/
2026-09-15T13:37:13.6930080Z ./optional/external-chapters/sentinel-circuit-fpv/pack.json
2026-09-15T13:37:13.6931053Z ./optional/external-chapters/sentinel-circuit-fpv/media.rlmedia
2026-09-15T13:37:13.7001453Z ./archive-routing.json
2026-09-15T13:37:13.7002059Z ./authoring/
2026-09-15T13:37:13.7002537Z ./authoring/library/
2026-09-15T13:37:13.7002990Z ./authoring/library/fpv-field-kit/
2026-09-15T13:37:13.7003544Z ./authoring/library/fpv-field-kit/prepared/
2026-09-15T13:37:13.7004181Z ./authoring/library/fpv-field-kit/prepared/reveals/
2026-09-15T13:37:13.7004916Z ./authoring/library/fpv-field-kit/prepared/reveals/review.html
2026-09-15T13:37:13.7006088Z ./authoring/library/fpv-field-kit/prepared/reveals/review.mjs
2026-09-15T13:37:13.7006916Z ./authoring/library/fpv-field-kit/prepared/reveals/reveals.json
2026-09-15T13:37:13.7007597Z ./authoring/library/fpv-role-presentations/
2026-09-15T13:37:13.7008238Z ./authoring/library/fpv-role-presentations/originals/
2026-09-15T13:37:13.7008997Z ./authoring/library/fpv-role-presentations/originals/scout.png
2026-09-15T13:37:13.7014442Z ./authoring/library/fpv-role-presentations/originals/fiber.png
2026-09-15T13:37:13.7022674Z ./authoring/library/fpv-role-presentations/originals/carrier.png
2026-09-15T13:37:13.7030074Z ./authoring/library/fpv-role-presentations/originals/impact.png
2026-09-15T13:37:13.7036290Z ./authoring/library/fpv-role-presentations/originals/bomber.png
2026-09-15T13:37:13.7044209Z ./authoring/library/fpv-role-presentations/originals/trapper.png
2026-09-15T13:37:13.7053581Z ./authoring/library/fpv-role-presentations/originals/interceptor.png
2026-09-15T13:37:13.7059788Z ./authoring/library/four-worlds-chapters/
2026-09-15T13:37:13.7060408Z ./authoring/library/four-worlds-chapters/packs/
2026-09-15T13:37:13.7061243Z ./authoring/library/four-worlds-chapters/packs/original-ukraine-atlas.json
2026-09-15T13:37:13.7162598Z ./authoring/library/four-worlds-chapters/packs/original-spend-network.json
2026-09-15T13:37:13.7253244Z ./authoring/library/four-worlds-chapters/packs/original-retro-1994.json
2026-09-15T13:37:13.7338220Z ./authoring/library/four-worlds-chapters/packs/original-fpv-pressure.json
2026-09-15T13:37:13.7426498Z ./authoring/library/runtime-sprite-candidates-v1/
2026-09-15T13:37:13.7427001Z ./authoring/library/runtime-sprite-candidates-v1/export/
2026-09-15T13:37:13.7428308Z ./authoring/library/runtime-sprite-candidates-v1/export/fpv-compact-eroder-v1-29502a902fadb1d6e1ddf8c4426e61fc5fff9613d3c8608ebfbd55848d5e3720.png
2026-09-15T13:37:13.7430083Z ./authoring/library/runtime-sprite-candidates-v1/export/fpv-compact-claimed-rover-v1-ddb9f5264822eceb35dcbfa80145c74a3e6d22a547d3171fdfa5095718e90106.png
2026-09-15T13:37:13.7431283Z ./authoring/library/runtime-sprite-candidates-v1/export/manifest.json
2026-09-15T13:37:13.7432643Z ./authoring/library/runtime-sprite-candidates-v1/export/fpv-compact-relay-sentinel-v1-9640e613855c6001aa5d2a23550237a6a3235a6637a8a248a7d7cdbc21d534db.png
2026-09-15T13:37:13.7434295Z ./authoring/library/runtime-sprite-candidates-v1/export/atlas-weaver-shuttle-v3-39c737ed85d1df0c61bb05fce6424d36ea93f452ca19c7542253f37442e914aa.png
2026-09-15T13:37:13.7436127Z ./authoring/library/runtime-sprite-candidates-v1/export/fpv-compact-lane-boss-v1-e44630c2356c86db2611116dde6d12ea121d22aefef263932fabb719fc8e5dfd.png
2026-09-15T13:37:13.7437704Z ./authoring/library/runtime-sprite-candidates-v1/export/atlas-pottery-courier-v1-86089f57441d33c4153d8da5246f5e5c3822c9304d8e7b9a761ae17e5a217ea2.png
2026-09-15T13:37:13.7439421Z ./authoring/library/runtime-sprite-candidates-v1/export/fpv-compact-border-patrol-v1-537de86076d2fa4141f1c37b23774015da66431657a8ff2db3193d66e0c7ade1.png
2026-09-15T13:37:13.7441285Z ./authoring/library/runtime-sprite-candidates-v1/export/atlas-carved-chest-v1-1e68e385ea2166b999e7b9041eabaf90d7b5b552a0034cdce576ddc123cbd91b.png
2026-09-15T13:37:13.7442926Z ./authoring/library/runtime-sprite-candidates-v1/export/atlas-woven-basket-v1-3604eeef2dfbdf02c26f8ae8d86984cb453c52574bfd9dd87d28df015f9c50ac.png
2026-09-15T13:37:13.7444198Z ./authoring/library/runtime-sprite-candidates-v1/export/fpv-compact-hunter-v1-e7445fff125f6827c5106853067d1ff099b16e30cfc0acdbb501dabe81f6a914.png
2026-09-15T13:37:13.7445440Z ./authoring/library/runtime-sprite-candidates-v1/export/atlas-falcon-crest-v3-f3ce0fa984bb43f3a3fa69734c60df3dfa6c8a148f0b1d32778407b92c93a648.png
2026-09-15T13:37:13.7446910Z ./authoring/library/runtime-sprite-candidates-v1/export/atlas-bell-warden-v1-aaa88f04dccaa141ffb121acbb6e1b4eb9b89c0ace3e8ebddc172ba4294eabce.png
2026-09-15T13:37:13.7448166Z ./authoring/library/runtime-sprite-candidates-v1/export/atlas-swallow-v3-e01a6c53d78acf164d04878b73f06de18cfed676b894bd7353a708fd1005aaf7.png
2026-09-15T13:37:13.7449692Z ./authoring/library/runtime-sprite-candidates-v1/export/fpv-compact-contour-patrol-v1-9df94fb4dcfee56fffc16d15eda5d75ff2fc06a52a7754949ca5fc9e0607a20f.png
2026-09-15T13:37:13.7450509Z ./authoring/library/tactical-teaching/
2026-09-15T13:37:13.7450899Z ./authoring/library/tactical-teaching/scenarios/
2026-09-15T13:37:13.7451432Z ./authoring/library/tactical-teaching/scenarios/tactical-borrowed-seconds.json
2026-09-15T13:37:13.7452063Z ./authoring/library/tactical-teaching/scenarios/tactical-quiet-crossing.json
2026-09-15T13:37:13.7452673Z ./authoring/library/tactical-teaching/scenarios/tactical-read-clearing.json
2026-09-15T13:37:13.7466587Z ./authoring/library/fpv-route-choices/
2026-09-15T13:37:13.7467143Z ./authoring/library/fpv-route-choices/packs/
2026-09-15T13:37:13.7467783Z ./authoring/library/fpv-route-choices/packs/fpv-route-choices.json
2026-09-15T13:37:13.7544653Z ./authoring/motion-lab/
2026-09-15T13:37:13.7545140Z ./authoring/motion-lab/collection.mjs
2026-09-15T13:37:13.7545684Z ./authoring/motion-lab/render-character.mjs
2026-09-15T13:37:13.7546376Z ./authoring/motion-lab/steering.mjs
2026-09-15T13:37:13.7546931Z ./authoring/motion-lab/collection-presets.json
2026-09-15T13:37:13.7547737Z ./authoring/motion-lab/ability-presets.json
2026-09-15T13:37:13.7548274Z ./authoring/motion-lab/animation.mjs
2026-09-15T13:37:13.7548760Z ./authoring/motion-lab/motion.mjs
2026-09-15T13:37:13.7550711Z ./authoring/motion-lab/render-ability.mjs
2026-09-15T13:37:13.7551120Z ./authoring/motion-lab/index.html
2026-09-15T13:37:13.7551443Z ./authoring/motion-lab/presets.json
2026-09-15T13:37:13.7551735Z ./authoring/motion-lab/app.js
2026-09-15T13:37:13.7552029Z ./authoring/motion-lab/styles.css
2026-09-15T13:37:13.7552387Z ./authoring/motion-lab/ability.mjs
2026-09-15T13:37:13.7552903Z ./authoring/motion-lab/grid-motion.mjs
2026-09-15T13:37:13.7553225Z ./authoring/motion-lab/assets/
2026-09-15T13:37:13.7553563Z ./authoring/motion-lab/assets/navi-avatar.png
2026-09-15T13:37:13.7553972Z ./authoring/motion-lab/assets/delta-interceptor.png
2026-09-15T13:37:13.7557240Z ./authoring/motion-lab/assets/ukrainian-bird.png
2026-09-15T13:37:13.7559951Z ./authoring/motion-lab/assets/fixedwing-body.png
2026-09-15T13:37:13.7563451Z ./authoring/motion-lab/assets/scout-quad.png
2026-09-15T13:37:13.7569199Z ./authoring/motion-lab/assets/fpv-body.png
2026-09-15T13:37:13.7574849Z ./authoring/motion-lab/assets/heavy-lift.png
2026-09-15T13:37:13.7581770Z ./authoring/motion-lab/assets/fpv-night.png
2026-09-15T13:37:13.7587079Z ./authoring/motion-lab/assets/retro-craft.png
2026-09-15T13:37:13.7591352Z ./authoring/motion-lab/assets/fpv-racer.png
2026-09-15T13:37:13.7599135Z ./authoring/video-poster/
2026-09-15T13:37:13.7599657Z ./authoring/video-poster/workshop.mjs
2026-09-15T13:37:13.7600166Z ./authoring/video-poster/launch.js
2026-09-15T13:37:13.7600683Z ./authoring/video-poster/workshop.css
2026-09-15T13:37:13.7601022Z ./authoring/video-poster/index.html
2026-09-15T13:37:13.7601452Z ./authoring/design-atlas/
2026-09-15T13:37:13.7601751Z ./authoring/design-atlas/atlas.css
2026-09-15T13:37:13.7602134Z ./authoring/design-atlas/reveal-audit.mjs
2026-09-15T13:37:13.7602688Z ./authoring/design-atlas/atlas.mjs
2026-09-15T13:37:13.7603260Z ./authoring/design-atlas/reveal-audit.json
2026-09-15T13:37:13.7603831Z ./authoring/design-atlas/index.html
2026-09-15T13:37:13.7604444Z ./authoring/design-atlas/reveal-production-plan.json
2026-09-15T13:37:13.7604874Z ./authoring/design-atlas/reveal-audit.html
2026-09-15T13:37:13.7605186Z ./authoring/still-media/
2026-09-15T13:37:13.7605486Z ./authoring/still-media/workshop.mjs
2026-09-15T13:37:13.7605951Z ./authoring/still-media/launch.js
2026-09-15T13:37:13.7606267Z ./authoring/still-media/examples/
2026-09-15T13:37:13.7606600Z ./authoring/still-media/examples/dawn-signal/
2026-09-15T13:37:13.7607031Z ./authoring/still-media/examples/dawn-signal/manifest.json
2026-09-15T13:37:13.7607557Z ./authoring/still-media/examples/dawn-signal/Dawn-Signal-stories.rlstory
2026-09-15T13:37:13.7611351Z ./authoring/still-media/examples/dawn-signal/Dawn-Signal-originals.rlmedia
2026-09-15T13:37:13.7615402Z ./authoring/still-media/index.html
2026-09-15T13:37:13.7616051Z ./authoring/enemy-catalog/
2026-09-15T13:37:13.7616548Z ./authoring/enemy-catalog/workshop.mjs
2026-09-15T13:37:13.7617084Z ./authoring/enemy-catalog/index.html
2026-09-15T13:37:13.7617571Z ./authoring/asset-studio/
2026-09-15T13:37:13.7618076Z ./authoring/asset-studio/scene-preview.mjs
2026-09-15T13:37:13.7618594Z ./authoring/asset-studio/preview-fixture.mjs
2026-09-15T13:37:13.7619085Z ./authoring/asset-studio/helpers.mjs
2026-09-15T13:37:13.7619665Z ./authoring/asset-studio/component-specimens.mjs
2026-09-15T13:37:13.7620145Z ./authoring/asset-studio/operation.mjs
2026-09-15T13:37:13.7620714Z ./authoring/asset-studio/picture-context.mjs
2026-09-15T13:37:13.7621238Z ./authoring/asset-studio/sprite-panel.mjs
2026-09-15T13:37:13.7621801Z ./authoring/asset-studio/preview.mjs
2026-09-15T13:37:13.7622381Z ./authoring/asset-studio/studio.mjs
2026-09-15T13:37:13.7622901Z ./authoring/asset-studio/index.html
2026-09-15T13:37:13.7623435Z ./authoring/asset-studio/studio.css
2026-09-15T13:37:13.7623892Z ./credits.html
2026-09-15T13:37:13.7624231Z ./releases/
2026-09-15T13:37:13.7624776Z ./releases/v0.28.0/
2026-09-15T13:37:13.7625178Z ./releases/v0.28.0/site/
2026-09-15T13:37:13.7625552Z ./releases/v0.28.0/site/manifest.json
2026-09-15T13:37:13.7625971Z ./releases/v0.28.0/site/authoring/
2026-09-15T13:37:13.7626325Z ./releases/v0.28.0/site/authoring/enemy-catalog/
2026-09-15T13:37:13.7626749Z ./releases/v0.28.0/site/authoring/enemy-catalog/index.html
2026-09-15T13:37:13.7627127Z ./releases/v0.28.0/site/credits.html
2026-09-15T13:37:13.7627441Z ./releases/v0.28.0/site/privacy.html
2026-09-15T13:37:13.7627744Z ./releases/v0.28.0/site/index.html
2026-09-15T13:37:13.7628023Z ./releases/v0.28.0/site/game/
2026-09-15T13:37:13.7628343Z ./releases/v0.28.0/site/game/controller-lab/
2026-09-15T13:37:13.7628753Z ./releases/v0.28.0/site/game/controller-lab/index.html
2026-09-15T13:37:13.7629114Z ./releases/v0.28.0/site/game/couch/
2026-09-15T13:37:13.7629443Z ./releases/v0.28.0/site/game/couch/index.html
2026-09-15T13:37:13.7629790Z ./releases/v0.28.0/site/game/playground/
2026-09-15T13:37:13.7630159Z ./releases/v0.28.0/site/game/playground/index.html
2026-09-15T13:37:13.7630516Z ./releases/v0.28.0/site/game/index.html
2026-09-15T13:37:13.7630856Z ./releases/v0.28.0/site/game/replay-theater/
2026-09-15T13:37:13.7631235Z ./releases/v0.28.0/site/game/replay-theater/index.html
2026-09-15T13:37:13.7631600Z ./releases/v0.28.0/site/service-worker.js
2026-09-15T13:37:13.7631968Z ./releases/v0.28.0/site/distribution.zip.sha256
2026-09-15T13:37:13.7632306Z ./releases/v0.28.0/release.json
2026-09-15T13:37:13.7646585Z ./releases/v0.29.1/
2026-09-15T13:37:13.7646961Z ./releases/v0.29.1/site/
2026-09-15T13:37:13.7647326Z ./releases/v0.29.1/site/site/
2026-09-15T13:37:13.7647759Z ./releases/v0.29.1/site/site/about.html
2026-09-15T13:37:13.7648255Z ./releases/v0.29.1/site/manifest.json
2026-09-15T13:37:13.7648737Z ./releases/v0.29.1/site/authoring/
2026-09-15T13:37:13.7649274Z ./releases/v0.29.1/site/authoring/enemy-catalog/
2026-09-15T13:37:13.7649910Z ./releases/v0.29.1/site/authoring/enemy-catalog/index.html
2026-09-15T13:37:13.7650506Z ./releases/v0.29.1/site/credits.html
2026-09-15T13:37:13.7650995Z ./releases/v0.29.1/site/privacy.html
2026-09-15T13:37:13.7651503Z ./releases/v0.29.1/site/index.html
2026-09-15T13:37:13.7651933Z ./releases/v0.29.1/site/game/
2026-09-15T13:37:13.7652429Z ./releases/v0.29.1/site/game/controller-lab/
2026-09-15T13:37:13.7653053Z ./releases/v0.29.1/site/game/controller-lab/index.html
2026-09-15T13:37:13.7653635Z ./releases/v0.29.1/site/game/couch/
2026-09-15T13:37:13.7654130Z ./releases/v0.29.1/site/game/couch/index.html
2026-09-15T13:37:13.7654479Z ./releases/v0.29.1/site/game/playground/
2026-09-15T13:37:13.7654849Z ./releases/v0.29.1/site/game/playground/index.html
2026-09-15T13:37:13.7655206Z ./releases/v0.29.1/site/game/index.html
2026-09-15T13:37:13.7655731Z ./releases/v0.29.1/site/game/replay-theater/
2026-09-15T13:37:13.7656547Z ./releases/v0.29.1/site/game/replay-theater/index.html
2026-09-15T13:37:13.7657153Z ./releases/v0.29.1/site/service-worker.js
2026-09-15T13:37:13.7657744Z ./releases/v0.29.1/site/distribution.zip.sha256
2026-09-15T13:37:13.7658303Z ./releases/v0.29.1/release.json
2026-09-15T13:37:13.7658711Z ./releases/v0.17.0/
2026-09-15T13:37:13.7659072Z ./releases/v0.17.0/site/
2026-09-15T13:37:13.7659520Z ./releases/v0.17.0/site/manifest.json
2026-09-15T13:37:13.7660035Z ./releases/v0.17.0/site/credits.html
2026-09-15T13:37:13.7660516Z ./releases/v0.17.0/site/privacy.html
2026-09-15T13:37:13.7660996Z ./releases/v0.17.0/site/index.html
2026-09-15T13:37:13.7661441Z ./releases/v0.17.0/site/game/
2026-09-15T13:37:13.7661866Z ./releases/v0.17.0/site/game/controller-lab/
2026-09-15T13:37:13.7662261Z ./releases/v0.17.0/site/game/controller-lab/index.html
2026-09-15T13:37:13.7662660Z ./releases/v0.17.0/site/game/couch/
2026-09-15T13:37:13.7663006Z ./releases/v0.17.0/site/game/couch/index.html
2026-09-15T13:37:13.7663346Z ./releases/v0.17.0/site/game/playground/
2026-09-15T13:37:13.7663721Z ./releases/v0.17.0/site/game/playground/index.html
2026-09-15T13:37:13.7664259Z ./releases/v0.17.0/site/game/index.html
2026-09-15T13:37:13.7664602Z ./releases/v0.17.0/site/game/replay-theater/
2026-09-15T13:37:13.7664991Z ./releases/v0.17.0/site/game/replay-theater/index.html
2026-09-15T13:37:13.7665373Z ./releases/v0.17.0/site/service-worker.js
2026-09-15T13:37:13.7666013Z ./releases/v0.17.0/site/distribution.zip.sha256
2026-09-15T13:37:13.7666542Z ./releases/v0.17.0/release.json
2026-09-15T13:37:13.7666957Z ./releases/v0.26.0/
2026-09-15T13:37:13.7667311Z ./releases/v0.26.0/site/
2026-09-15T13:37:13.7667759Z ./releases/v0.26.0/site/manifest.json
2026-09-15T13:37:13.7668246Z ./releases/v0.26.0/site/credits.html
2026-09-15T13:37:13.7668728Z ./releases/v0.26.0/site/privacy.html
2026-09-15T13:37:13.7669202Z ./releases/v0.26.0/site/index.html
2026-09-15T13:37:13.7669650Z ./releases/v0.26.0/site/game/
2026-09-15T13:37:13.7670141Z ./releases/v0.26.0/site/game/controller-lab/
2026-09-15T13:37:13.7670756Z ./releases/v0.26.0/site/game/controller-lab/index.html
2026-09-15T13:37:13.7671333Z ./releases/v0.26.0/site/game/couch/
2026-09-15T13:37:13.7671845Z ./releases/v0.26.0/site/game/couch/index.html
2026-09-15T13:37:13.7672373Z ./releases/v0.26.0/site/game/playground/
2026-09-15T13:37:13.7672956Z ./releases/v0.26.0/site/game/playground/index.html
2026-09-15T13:37:13.7673515Z ./releases/v0.26.0/site/game/index.html
2026-09-15T13:37:13.7674047Z ./releases/v0.26.0/site/game/replay-theater/
2026-09-15T13:37:13.7674665Z ./releases/v0.26.0/site/game/replay-theater/index.html
2026-09-15T13:37:13.7675245Z ./releases/v0.26.0/site/service-worker.js
2026-09-15T13:37:13.7675956Z ./releases/v0.26.0/site/distribution.zip.sha256
2026-09-15T13:37:13.7676482Z ./releases/v0.26.0/release.json
2026-09-15T13:37:13.7676885Z ./releases/v0.25.0/
2026-09-15T13:37:13.7677243Z ./releases/v0.25.0/site/
2026-09-15T13:37:13.7677674Z ./releases/v0.25.0/site/manifest.json
2026-09-15T13:37:13.7678170Z ./releases/v0.25.0/site/credits.html
2026-09-15T13:37:13.7678648Z ./releases/v0.25.0/site/privacy.html
2026-09-15T13:37:13.7679125Z ./releases/v0.25.0/site/index.html
2026-09-15T13:37:13.7679561Z ./releases/v0.25.0/site/game/
2026-09-15T13:37:13.7680048Z ./releases/v0.25.0/site/game/controller-lab/
2026-09-15T13:37:13.7680655Z ./releases/v0.25.0/site/game/controller-lab/index.html
2026-09-15T13:37:13.7681212Z ./releases/v0.25.0/site/game/couch/
2026-09-15T13:37:13.7681739Z ./releases/v0.25.0/site/game/couch/index.html
2026-09-15T13:37:13.7682276Z ./releases/v0.25.0/site/game/playground/
2026-09-15T13:37:13.7682846Z ./releases/v0.25.0/site/game/playground/index.html
2026-09-15T13:37:13.7683412Z ./releases/v0.25.0/site/game/index.html
2026-09-15T13:37:13.7683937Z ./releases/v0.25.0/site/game/replay-theater/
2026-09-15T13:37:13.7684547Z ./releases/v0.25.0/site/game/replay-theater/index.html
2026-09-15T13:37:13.7685337Z ./releases/v0.25.0/site/service-worker.js
2026-09-15T13:37:13.7686059Z ./releases/v0.25.0/site/distribution.zip.sha256
2026-09-15T13:37:13.7686591Z ./releases/v0.25.0/release.json
2026-09-15T13:37:13.7686992Z ./releases/v0.32.0/
2026-09-15T13:37:13.7687344Z ./releases/v0.32.0/site/
2026-09-15T13:37:13.7687730Z ./releases/v0.32.0/site/site/
2026-09-15T13:37:13.7688189Z ./releases/v0.32.0/site/site/about.html
2026-09-15T13:37:13.7688697Z ./releases/v0.32.0/site/manifest.json
2026-09-15T13:37:13.7689178Z ./releases/v0.32.0/site/authoring/
2026-09-15T13:37:13.7689711Z ./releases/v0.32.0/site/authoring/enemy-catalog/
2026-09-15T13:37:13.7690391Z ./releases/v0.32.0/site/authoring/enemy-catalog/index.html
2026-09-15T13:37:13.7690986Z ./releases/v0.32.0/site/credits.html
2026-09-15T13:37:13.7691469Z ./releases/v0.32.0/site/privacy.html
2026-09-15T13:37:13.7691947Z ./releases/v0.32.0/site/index.html
2026-09-15T13:37:13.7692373Z ./releases/v0.32.0/site/game/
2026-09-15T13:37:13.7692862Z ./releases/v0.32.0/site/game/controller-lab/
2026-09-15T13:37:13.7693477Z ./releases/v0.32.0/site/game/controller-lab/index.html
2026-09-15T13:37:13.7694036Z ./releases/v0.32.0/site/game/couch/
2026-09-15T13:37:13.7694551Z ./releases/v0.32.0/site/game/couch/index.html
2026-09-15T13:37:13.7695252Z ./releases/v0.32.0/site/game/playground/
2026-09-15T13:37:13.7695958Z ./releases/v0.32.0/site/game/playground/index.html
2026-09-15T13:37:13.7696519Z ./releases/v0.32.0/site/game/index.html
2026-09-15T13:37:13.7697045Z ./releases/v0.32.0/site/game/replay-theater/
2026-09-15T13:37:13.7697652Z ./releases/v0.32.0/site/game/replay-theater/index.html
2026-09-15T13:37:13.7698232Z ./releases/v0.32.0/site/service-worker.js
2026-09-15T13:37:13.7698794Z ./releases/v0.32.0/site/distribution.zip.sha256
2026-09-15T13:37:13.7699332Z ./releases/v0.32.0/release.json
2026-09-15T13:37:13.7699727Z ./releases/v0.44.0/
2026-09-15T13:37:13.7700082Z ./releases/v0.44.0/site/
2026-09-15T13:37:13.7700469Z ./releases/v0.44.0/site/site/
2026-09-15T13:37:13.7700944Z ./releases/v0.44.0/site/site/about.html
2026-09-15T13:37:13.7701444Z ./releases/v0.44.0/site/manifest.json
2026-09-15T13:37:13.7701925Z ./releases/v0.44.0/site/authoring/
2026-09-15T13:37:13.7702475Z ./releases/v0.44.0/site/authoring/video-poster/
2026-09-15T13:37:13.7703124Z ./releases/v0.44.0/site/authoring/video-poster/index.html
2026-09-15T13:37:13.7703754Z ./releases/v0.44.0/site/authoring/design-atlas/
2026-09-15T13:37:13.7704394Z ./releases/v0.44.0/site/authoring/design-atlas/index.html
2026-09-15T13:37:13.7705014Z ./releases/v0.44.0/site/authoring/still-media/
2026-09-15T13:37:13.7705642Z ./releases/v0.44.0/site/authoring/still-media/index.html
2026-09-15T13:37:13.7706473Z ./releases/v0.44.0/site/authoring/enemy-catalog/
2026-09-15T13:37:13.7707131Z ./releases/v0.44.0/site/authoring/enemy-catalog/index.html
2026-09-15T13:37:13.7707719Z ./releases/v0.44.0/site/credits.html
2026-09-15T13:37:13.7708217Z ./releases/v0.44.0/site/privacy.html
2026-09-15T13:37:13.7708691Z ./releases/v0.44.0/site/index.html
2026-09-15T13:37:13.7709127Z ./releases/v0.44.0/site/game/
2026-09-15T13:37:13.7709620Z ./releases/v0.44.0/site/game/controller-lab/
2026-09-15T13:37:13.7710239Z ./releases/v0.44.0/site/game/controller-lab/index.html
2026-09-15T13:37:13.7710804Z ./releases/v0.44.0/site/game/couch/
2026-09-15T13:37:13.7711317Z ./releases/v0.44.0/site/game/couch/index.html
2026-09-15T13:37:13.7711861Z ./releases/v0.44.0/site/game/playground/
2026-09-15T13:37:13.7712432Z ./releases/v0.44.0/site/game/playground/index.html
2026-09-15T13:37:13.7712980Z ./releases/v0.44.0/site/game/index.html
2026-09-15T13:37:13.7713514Z ./releases/v0.44.0/site/game/replay-theater/
2026-09-15T13:37:13.7714120Z ./releases/v0.44.0/site/game/replay-theater/index.html
2026-09-15T13:37:13.7714694Z ./releases/v0.44.0/site/service-worker.js
2026-09-15T13:37:13.7715263Z ./releases/v0.44.0/site/distribution.zip.sha256
2026-09-15T13:37:13.7715914Z ./releases/v0.44.0/release.json
2026-09-15T13:37:13.7716311Z ./releases/v0.40.0/
2026-09-15T13:37:13.7716827Z ./releases/v0.40.0/site/
2026-09-15T13:37:13.7717219Z ./releases/v0.40.0/site/site/
2026-09-15T13:37:13.7717681Z ./releases/v0.40.0/site/site/about.html
2026-09-15T13:37:13.7718244Z ./releases/v0.40.0/site/manifest.json
2026-09-15T13:37:13.7718732Z ./releases/v0.40.0/site/authoring/
2026-09-15T13:37:13.7719253Z ./releases/v0.40.0/site/authoring/video-poster/
2026-09-15T13:37:13.7719896Z ./releases/v0.40.0/site/authoring/video-poster/index.html
2026-09-15T13:37:13.7720536Z ./releases/v0.40.0/site/authoring/still-media/
2026-09-15T13:37:13.7721174Z ./releases/v0.40.0/site/authoring/still-media/index.html
2026-09-15T13:37:13.7721926Z ./releases/v0.40.0/site/authoring/enemy-catalog/
2026-09-15T13:37:13.7722595Z ./releases/v0.40.0/site/authoring/enemy-catalog/index.html
2026-09-15T13:37:13.7723185Z ./releases/v0.40.0/site/credits.html
2026-09-15T13:37:13.7723667Z ./releases/v0.40.0/site/privacy.html
2026-09-15T13:37:13.7724163Z ./releases/v0.40.0/site/index.html
2026-09-15T13:37:13.7724600Z ./releases/v0.40.0/site/game/
2026-09-15T13:37:13.7725095Z ./releases/v0.40.0/site/game/controller-lab/
2026-09-15T13:37:13.7725709Z ./releases/v0.40.0/site/game/controller-lab/index.html
2026-09-15T13:37:13.7726443Z ./releases/v0.40.0/site/game/couch/
2026-09-15T13:37:13.7727190Z ./releases/v0.40.0/site/game/couch/index.html
2026-09-15T13:37:13.7727726Z ./releases/v0.40.0/site/game/playground/
2026-09-15T13:37:13.7728311Z ./releases/v0.40.0/site/game/playground/index.html
2026-09-15T13:37:13.7728875Z ./releases/v0.40.0/site/game/index.html
2026-09-15T13:37:13.7729399Z ./releases/v0.40.0/site/game/replay-theater/
2026-09-15T13:37:13.7730016Z ./releases/v0.40.0/site/game/replay-theater/index.html
2026-09-15T13:37:13.7730606Z ./releases/v0.40.0/site/service-worker.js
2026-09-15T13:37:13.7731186Z ./releases/v0.40.0/site/distribution.zip.sha256
2026-09-15T13:37:13.7731723Z ./releases/v0.40.0/release.json
2026-09-15T13:37:13.7732120Z ./releases/v0.9.0/
2026-09-15T13:37:13.7732469Z ./releases/v0.9.0/site/
2026-09-15T13:37:13.7732921Z ./releases/v0.9.0/site/manifest.json
2026-09-15T13:37:13.7733418Z ./releases/v0.9.0/site/credits.html
2026-09-15T13:37:13.7733891Z ./releases/v0.9.0/site/privacy.html
2026-09-15T13:37:13.7734353Z ./releases/v0.9.0/site/index.html
2026-09-15T13:37:13.7734797Z ./releases/v0.9.0/site/game/
2026-09-15T13:37:13.7735281Z ./releases/v0.9.0/site/game/controller-lab/
2026-09-15T13:37:13.7736007Z ./releases/v0.9.0/site/game/controller-lab/index.html
2026-09-15T13:37:13.7736576Z ./releases/v0.9.0/site/game/couch/
2026-09-15T13:37:13.7737081Z ./releases/v0.9.0/site/game/couch/index.html
2026-09-15T13:37:13.7737614Z ./releases/v0.9.0/site/game/playground/
2026-09-15T13:37:13.7753523Z ./releases/v0.9.0/site/game/playground/index.html
2026-09-15T13:37:13.7754213Z ./releases/v0.9.0/site/game/index.html
2026-09-15T13:37:13.7754773Z ./releases/v0.9.0/site/game/replay-theater/
2026-09-15T13:37:13.7755291Z ./releases/v0.9.0/site/game/replay-theater/index.html
2026-09-15T13:37:13.7755689Z ./releases/v0.9.0/site/service-worker.js
2026-09-15T13:37:13.7756301Z ./releases/v0.9.0/site/distribution.zip.sha256
2026-09-15T13:37:13.7756884Z ./releases/v0.9.0/release.json
2026-09-15T13:37:13.7757297Z ./releases/v0.35.0/
2026-09-15T13:37:13.7757660Z ./releases/v0.35.0/site/
2026-09-15T13:37:13.7758052Z ./releases/v0.35.0/site/site/
2026-09-15T13:37:13.7758536Z ./releases/v0.35.0/site/site/about.html
2026-09-15T13:37:13.7759047Z ./releases/v0.35.0/site/manifest.json
2026-09-15T13:37:13.7759548Z ./releases/v0.35.0/site/authoring/
2026-09-15T13:37:13.7760100Z ./releases/v0.35.0/site/authoring/video-poster/
2026-09-15T13:37:13.7760760Z ./releases/v0.35.0/site/authoring/video-poster/index.html
2026-09-15T13:37:13.7761400Z ./releases/v0.35.0/site/authoring/still-media/
2026-09-15T13:37:13.7762048Z ./releases/v0.35.0/site/authoring/still-media/index.html
2026-09-15T13:37:13.7762684Z ./releases/v0.35.0/site/authoring/enemy-catalog/
2026-09-15T13:37:13.7763345Z ./releases/v0.35.0/site/authoring/enemy-catalog/index.html
2026-09-15T13:37:13.7764174Z ./releases/v0.35.0/site/credits.html
2026-09-15T13:37:13.7764662Z ./releases/v0.35.0/site/privacy.html
2026-09-15T13:37:13.7765135Z ./releases/v0.35.0/site/index.html
2026-09-15T13:37:13.7765562Z ./releases/v0.35.0/site/game/
2026-09-15T13:37:13.7766219Z ./releases/v0.35.0/site/game/controller-lab/
2026-09-15T13:37:13.7766838Z ./releases/v0.35.0/site/game/controller-lab/index.html
2026-09-15T13:37:13.7767401Z ./releases/v0.35.0/site/game/couch/
2026-09-15T13:37:13.7767931Z ./releases/v0.35.0/site/game/couch/index.html
2026-09-15T13:37:13.7768471Z ./releases/v0.35.0/site/game/playground/
2026-09-15T13:37:13.7769044Z ./releases/v0.35.0/site/game/playground/index.html
2026-09-15T13:37:13.7769618Z ./releases/v0.35.0/site/game/index.html
2026-09-15T13:37:13.7770151Z ./releases/v0.35.0/site/game/replay-theater/
2026-09-15T13:37:13.7770763Z ./releases/v0.35.0/site/game/replay-theater/index.html
2026-09-15T13:37:13.7771362Z ./releases/v0.35.0/site/service-worker.js
2026-09-15T13:37:13.7771946Z ./releases/v0.35.0/site/distribution.zip.sha256
2026-09-15T13:37:13.7772470Z ./releases/v0.35.0/release.json
2026-09-15T13:37:13.7772870Z ./releases/index.json
2026-09-15T13:37:13.7773234Z ./releases/v0.57.0/
2026-09-15T13:37:13.7773587Z ./releases/v0.57.0/site/
2026-09-15T13:37:13.7774132Z ./releases/v0.57.0/site/site/
2026-09-15T13:37:13.7774609Z ./releases/v0.57.0/site/site/about.html
2026-09-15T13:37:13.7775110Z ./releases/v0.57.0/site/manifest.json
2026-09-15T13:37:13.7775600Z ./releases/v0.57.0/site/authoring/
2026-09-15T13:37:13.7776257Z ./releases/v0.57.0/site/authoring/library/
2026-09-15T13:37:13.7776870Z ./releases/v0.57.0/site/authoring/library/fpv-field-kit/
2026-09-15T13:37:13.7777607Z ./releases/v0.57.0/site/authoring/library/fpv-field-kit/prepared/
2026-09-15T13:37:13.7778458Z ./releases/v0.57.0/site/authoring/library/fpv-field-kit/prepared/reveals/
2026-09-15T13:37:13.7779424Z ./releases/v0.57.0/site/authoring/library/fpv-field-kit/prepared/reveals/review.html
2026-09-15T13:37:13.7780214Z ./releases/v0.57.0/site/authoring/motion-lab/
2026-09-15T13:37:13.7780847Z ./releases/v0.57.0/site/authoring/motion-lab/index.html
2026-09-15T13:37:13.7781485Z ./releases/v0.57.0/site/authoring/video-poster/
2026-09-15T13:37:13.7782148Z ./releases/v0.57.0/site/authoring/video-poster/index.html
2026-09-15T13:37:13.7782782Z ./releases/v0.57.0/site/authoring/design-atlas/
2026-09-15T13:37:13.7783427Z ./releases/v0.57.0/site/authoring/design-atlas/index.html
2026-09-15T13:37:13.7784159Z ./releases/v0.57.0/site/authoring/design-atlas/reveal-audit.html
2026-09-15T13:37:13.7784833Z ./releases/v0.57.0/site/authoring/still-media/
2026-09-15T13:37:13.7785471Z ./releases/v0.57.0/site/authoring/still-media/index.html
2026-09-15T13:37:13.7786224Z ./releases/v0.57.0/site/authoring/enemy-catalog/
2026-09-15T13:37:13.7786886Z ./releases/v0.57.0/site/authoring/enemy-catalog/index.html
2026-09-15T13:37:13.7787535Z ./releases/v0.57.0/site/authoring/asset-studio/
2026-09-15T13:37:13.7788181Z ./releases/v0.57.0/site/authoring/asset-studio/index.html
2026-09-15T13:37:13.7788768Z ./releases/v0.57.0/site/credits.html
2026-09-15T13:37:13.7789263Z ./releases/v0.57.0/site/privacy.html
2026-09-15T13:37:13.7789741Z ./releases/v0.57.0/site/index.html
2026-09-15T13:37:13.7790170Z ./releases/v0.57.0/site/game/
2026-09-15T13:37:13.7790671Z ./releases/v0.57.0/site/game/controller-lab/
2026-09-15T13:37:13.7791295Z ./releases/v0.57.0/site/game/controller-lab/index.html
2026-09-15T13:37:13.7791859Z ./releases/v0.57.0/site/game/couch/
2026-09-15T13:37:13.7792417Z ./releases/v0.57.0/site/game/couch/relay-rescue.html
2026-09-15T13:37:13.7793021Z ./releases/v0.57.0/site/game/couch/index.html
2026-09-15T13:37:13.7793558Z ./releases/v0.57.0/site/game/playground/
2026-09-15T13:37:13.7794126Z ./releases/v0.57.0/site/game/playground/index.html
2026-09-15T13:37:13.7794683Z ./releases/v0.57.0/site/game/index.html
2026-09-15T13:37:13.7795204Z ./releases/v0.57.0/site/game/replay-theater/
2026-09-15T13:37:13.7795918Z ./releases/v0.57.0/site/game/replay-theater/index.html
2026-09-15T13:37:13.7796753Z ./releases/v0.57.0/site/game/profile-recovery.html
2026-09-15T13:37:13.7797308Z ./releases/v0.57.0/site/game/assets/
2026-09-15T13:37:13.7797834Z ./releases/v0.57.0/site/game/assets/field-kit/
2026-09-15T13:37:13.7798451Z ./releases/v0.57.0/site/game/assets/field-kit/icons/
2026-09-15T13:37:13.7799157Z ./releases/v0.57.0/site/game/assets/field-kit/icons/review.html
2026-09-15T13:37:13.7799851Z ./releases/v0.57.0/site/game/assets/field-kit/sprites/
2026-09-15T13:37:13.7800572Z ./releases/v0.57.0/site/game/assets/field-kit/sprites/review.html
2026-09-15T13:37:13.7801227Z ./releases/v0.57.0/site/service-worker.js
2026-09-15T13:37:13.7801794Z ./releases/v0.57.0/site/distribution.zip.sha256
2026-09-15T13:37:13.7802316Z ./releases/v0.57.0/release.json
2026-09-15T13:37:13.7802704Z ./releases/v0.1.1/
2026-09-15T13:37:13.7803063Z ./releases/v0.1.1/site/
2026-09-15T13:37:13.7803487Z ./releases/v0.1.1/site/manifest.json
2026-09-15T13:37:13.7803954Z ./releases/v0.1.1/site/index.html
2026-09-15T13:37:13.7804394Z ./releases/v0.1.1/site/game/
2026-09-15T13:37:13.7804850Z ./releases/v0.1.1/site/game/playground/
2026-09-15T13:37:13.7805408Z ./releases/v0.1.1/site/game/playground/index.html
2026-09-15T13:37:13.7806107Z ./releases/v0.1.1/site/game/index.html
2026-09-15T13:37:13.7806878Z ./releases/v0.1.1/site/distribution.zip.sha256
2026-09-15T13:37:13.7807398Z ./releases/v0.1.1/release.json
2026-09-15T13:37:13.7807797Z ./releases/v0.23.0/
2026-09-15T13:37:13.7808151Z ./releases/v0.23.0/site/
2026-09-15T13:37:13.7808589Z ./releases/v0.23.0/site/manifest.json
2026-09-15T13:37:13.7809065Z ./releases/v0.23.0/site/credits.html
2026-09-15T13:37:13.7809544Z ./releases/v0.23.0/site/privacy.html
2026-09-15T13:37:13.7810012Z ./releases/v0.23.0/site/index.html
2026-09-15T13:37:13.7810434Z ./releases/v0.23.0/site/game/
2026-09-15T13:37:13.7810926Z ./releases/v0.23.0/site/game/controller-lab/
2026-09-15T13:37:13.7811535Z ./releases/v0.23.0/site/game/controller-lab/index.html
2026-09-15T13:37:13.7812097Z ./releases/v0.23.0/site/game/couch/
2026-09-15T13:37:13.7812618Z ./releases/v0.23.0/site/game/couch/index.html
2026-09-15T13:37:13.7813148Z ./releases/v0.23.0/site/game/playground/
2026-09-15T13:37:13.7813710Z ./releases/v0.23.0/site/game/playground/index.html
2026-09-15T13:37:13.7814274Z ./releases/v0.23.0/site/game/index.html
2026-09-15T13:37:13.7814806Z ./releases/v0.23.0/site/game/replay-theater/
2026-09-15T13:37:13.7815410Z ./releases/v0.23.0/site/game/replay-theater/index.html
2026-09-15T13:37:13.7816114Z ./releases/v0.23.0/site/service-worker.js
2026-09-15T13:37:13.7816680Z ./releases/v0.23.0/site/distribution.zip.sha256
2026-09-15T13:37:13.7817200Z ./releases/v0.23.0/release.json
2026-09-15T13:37:13.7817587Z ./releases/v0.4.0/
2026-09-15T13:37:13.7817943Z ./releases/v0.4.0/site/
2026-09-15T13:37:13.7818367Z ./releases/v0.4.0/site/manifest.json
2026-09-15T13:37:13.7818834Z ./releases/v0.4.0/site/credits.html
2026-09-15T13:37:13.7819312Z ./releases/v0.4.0/site/privacy.html
2026-09-15T13:37:13.7819782Z ./releases/v0.4.0/site/index.html
2026-09-15T13:37:13.7820204Z ./releases/v0.4.0/site/game/
2026-09-15T13:37:13.7820646Z ./releases/v0.4.0/site/game/couch/
2026-09-15T13:37:13.7821156Z ./releases/v0.4.0/site/game/couch/index.html
2026-09-15T13:37:13.7821683Z ./releases/v0.4.0/site/game/playground/
2026-09-15T13:37:13.7822230Z ./releases/v0.4.0/site/game/playground/index.html
2026-09-15T13:37:13.7822792Z ./releases/v0.4.0/site/game/index.html
2026-09-15T13:37:13.7823309Z ./releases/v0.4.0/site/game/replay-theater/
2026-09-15T13:37:13.7823905Z ./releases/v0.4.0/site/game/replay-theater/index.html
2026-09-15T13:37:13.7824486Z ./releases/v0.4.0/site/service-worker.js
2026-09-15T13:37:13.7825038Z ./releases/v0.4.0/site/distribution.zip.sha256
2026-09-15T13:37:13.7825547Z ./releases/v0.4.0/release.json
2026-09-15T13:37:13.7826066Z ./releases/v0.6.0/
2026-09-15T13:37:13.7826421Z ./releases/v0.6.0/site/
2026-09-15T13:37:13.7826844Z ./releases/v0.6.0/site/manifest.json
2026-09-15T13:37:13.7827317Z ./releases/v0.6.0/site/credits.html
2026-09-15T13:37:13.7828007Z ./releases/v0.6.0/site/privacy.html
2026-09-15T13:37:13.7828465Z ./releases/v0.6.0/site/index.html
2026-09-15T13:37:13.7828885Z ./releases/v0.6.0/site/game/
2026-09-15T13:37:13.7829366Z ./releases/v0.6.0/site/game/controller-lab/
2026-09-15T13:37:13.7829973Z ./releases/v0.6.0/site/game/controller-lab/index.html
2026-09-15T13:37:13.7830520Z ./releases/v0.6.0/site/game/couch/
2026-09-15T13:37:13.7831027Z ./releases/v0.6.0/site/game/couch/index.html
2026-09-15T13:37:13.7831554Z ./releases/v0.6.0/site/game/playground/
2026-09-15T13:37:13.7832120Z ./releases/v0.6.0/site/game/playground/index.html
2026-09-15T13:37:13.7832672Z ./releases/v0.6.0/site/game/index.html
2026-09-15T13:37:13.7833193Z ./releases/v0.6.0/site/game/replay-theater/
2026-09-15T13:37:13.7833790Z ./releases/v0.6.0/site/game/replay-theater/index.html
2026-09-15T13:37:13.7834363Z ./releases/v0.6.0/site/service-worker.js
2026-09-15T13:37:13.7834918Z ./releases/v0.6.0/site/distribution.zip.sha256
2026-09-15T13:37:13.7835443Z ./releases/v0.6.0/release.json
2026-09-15T13:37:13.7835958Z ./releases/v0.19.0/
2026-09-15T13:37:13.7836324Z ./releases/v0.19.0/site/
2026-09-15T13:37:13.7836767Z ./releases/v0.19.0/site/manifest.json
2026-09-15T13:37:13.7837260Z ./releases/v0.19.0/site/credits.html
2026-09-15T13:37:13.7837903Z ./releases/v0.19.0/site/privacy.html
2026-09-15T13:37:13.7838395Z ./releases/v0.19.0/site/index.html
2026-09-15T13:37:13.7838829Z ./releases/v0.19.0/site/game/
2026-09-15T13:37:13.7839317Z ./releases/v0.19.0/site/game/controller-lab/
2026-09-15T13:37:13.7839938Z ./releases/v0.19.0/site/game/controller-lab/index.html
2026-09-15T13:37:13.7840499Z ./releases/v0.19.0/site/game/couch/
2026-09-15T13:37:13.7841011Z ./releases/v0.19.0/site/game/couch/index.html
2026-09-15T13:37:13.7841558Z ./releases/v0.19.0/site/game/playground/
2026-09-15T13:37:13.7842136Z ./releases/v0.19.0/site/game/playground/index.html
2026-09-15T13:37:13.7842693Z ./releases/v0.19.0/site/game/index.html
2026-09-15T13:37:13.7843239Z ./releases/v0.19.0/site/game/replay-theater/
2026-09-15T13:37:13.7843842Z ./releases/v0.19.0/site/game/replay-theater/index.html
2026-09-15T13:37:13.7844431Z ./releases/v0.19.0/site/service-worker.js
2026-09-15T13:37:13.7845004Z ./releases/v0.19.0/site/distribution.zip.sha256
2026-09-15T13:37:13.7845548Z ./releases/v0.19.0/release.json
2026-09-15T13:37:13.7846077Z ./releases/v0.51.0/
2026-09-15T13:37:13.7846434Z ./releases/v0.51.0/site/
2026-09-15T13:37:13.7846826Z ./releases/v0.51.0/site/site/
2026-09-15T13:37:13.7847287Z ./releases/v0.51.0/site/site/about.html
2026-09-15T13:37:13.7847779Z ./releases/v0.51.0/site/manifest.json
2026-09-15T13:37:13.7848264Z ./releases/v0.51.0/site/authoring/
2026-09-15T13:37:13.7848760Z ./releases/v0.51.0/site/authoring/library/
2026-09-15T13:37:13.7849367Z ./releases/v0.51.0/site/authoring/library/fpv-field-kit/
2026-09-15T13:37:13.7850116Z ./releases/v0.51.0/site/authoring/library/fpv-field-kit/prepared/
2026-09-15T13:37:13.7850950Z ./releases/v0.51.0/site/authoring/library/fpv-field-kit/prepared/reveals/
2026-09-15T13:37:13.7851917Z ./releases/v0.51.0/site/authoring/library/fpv-field-kit/prepared/reveals/review.html
2026-09-15T13:37:13.7852694Z ./releases/v0.51.0/site/authoring/motion-lab/
2026-09-15T13:37:13.7853315Z ./releases/v0.51.0/site/authoring/motion-lab/index.html
2026-09-15T13:37:13.7853935Z ./releases/v0.51.0/site/authoring/video-poster/
2026-09-15T13:37:13.7854577Z ./releases/v0.51.0/site/authoring/video-poster/index.html
2026-09-15T13:37:13.7855213Z ./releases/v0.51.0/site/authoring/design-atlas/
2026-09-15T13:37:13.7855966Z ./releases/v0.51.0/site/authoring/design-atlas/index.html
2026-09-15T13:37:13.7856699Z ./releases/v0.51.0/site/authoring/design-atlas/reveal-audit.html
2026-09-15T13:37:13.7857380Z ./releases/v0.51.0/site/authoring/still-media/
2026-09-15T13:37:13.7858013Z ./releases/v0.51.0/site/authoring/still-media/index.html
2026-09-15T13:37:13.7858640Z ./releases/v0.51.0/site/authoring/enemy-catalog/
2026-09-15T13:37:13.7859301Z ./releases/v0.51.0/site/authoring/enemy-catalog/index.html
2026-09-15T13:37:13.7860099Z ./releases/v0.51.0/site/authoring/asset-studio/
2026-09-15T13:37:13.7860756Z ./releases/v0.51.0/site/authoring/asset-studio/index.html
2026-09-15T13:37:13.7861337Z ./releases/v0.51.0/site/credits.html
2026-09-15T13:37:13.7861824Z ./releases/v0.51.0/site/privacy.html
2026-09-15T13:37:13.7862284Z ./releases/v0.51.0/site/index.html
2026-09-15T13:37:13.7862720Z ./releases/v0.51.0/site/game/
2026-09-15T13:37:13.7863203Z ./releases/v0.51.0/site/game/controller-lab/
2026-09-15T13:37:13.7863805Z ./releases/v0.51.0/site/game/controller-lab/index.html
2026-09-15T13:37:13.7864355Z ./releases/v0.51.0/site/game/couch/
2026-09-15T13:37:13.7864879Z ./releases/v0.51.0/site/game/couch/index.html
2026-09-15T13:37:13.7865406Z ./releases/v0.51.0/site/game/playground/
2026-09-15T13:37:13.7866087Z ./releases/v0.51.0/site/game/playground/index.html
2026-09-15T13:37:13.7866649Z ./releases/v0.51.0/site/game/index.html
2026-09-15T13:37:13.7867168Z ./releases/v0.51.0/site/game/replay-theater/
2026-09-15T13:37:13.7867769Z ./releases/v0.51.0/site/game/replay-theater/index.html
2026-09-15T13:37:13.7868327Z ./releases/v0.51.0/site/game/assets/
2026-09-15T13:37:13.7868839Z ./releases/v0.51.0/site/game/assets/field-kit/
2026-09-15T13:37:13.7869596Z ./releases/v0.51.0/site/game/assets/field-kit/icons/
2026-09-15T13:37:13.7870302Z ./releases/v0.51.0/site/game/assets/field-kit/icons/review.html
2026-09-15T13:37:13.7871007Z ./releases/v0.51.0/site/game/assets/field-kit/sprites/
2026-09-15T13:37:13.7871713Z ./releases/v0.51.0/site/game/assets/field-kit/sprites/review.html
2026-09-15T13:37:13.7872359Z ./releases/v0.51.0/site/service-worker.js
2026-09-15T13:37:13.7872924Z ./releases/v0.51.0/site/distribution.zip.sha256
2026-09-15T13:37:13.7873442Z ./releases/v0.51.0/release.json
2026-09-15T13:37:13.7873840Z ./releases/v0.41.0/
2026-09-15T13:37:13.7874192Z ./releases/v0.41.0/site/
2026-09-15T13:37:13.7874580Z ./releases/v0.41.0/site/site/
2026-09-15T13:37:13.7875037Z ./releases/v0.41.0/site/site/about.html
2026-09-15T13:37:13.7875550Z ./releases/v0.41.0/site/manifest.json
2026-09-15T13:37:13.7876153Z ./releases/v0.41.0/site/authoring/
2026-09-15T13:37:13.7876683Z ./releases/v0.41.0/site/authoring/video-poster/
2026-09-15T13:37:13.7877345Z ./releases/v0.41.0/site/authoring/video-poster/index.html
2026-09-15T13:37:13.7877784Z ./releases/v0.41.0/site/authoring/still-media/
2026-09-15T13:37:13.7878389Z ./releases/v0.41.0/site/authoring/still-media/index.html
2026-09-15T13:37:13.7879037Z ./releases/v0.41.0/site/authoring/enemy-catalog/
2026-09-15T13:37:13.7879700Z ./releases/v0.41.0/site/authoring/enemy-catalog/index.html
2026-09-15T13:37:13.7880097Z ./releases/v0.41.0/site/credits.html
2026-09-15T13:37:13.7880410Z ./releases/v0.41.0/site/privacy.html
2026-09-15T13:37:13.7880714Z ./releases/v0.41.0/site/index.html
2026-09-15T13:37:13.7880997Z ./releases/v0.41.0/site/game/
2026-09-15T13:37:13.7881316Z ./releases/v0.41.0/site/game/controller-lab/
2026-09-15T13:37:13.7881716Z ./releases/v0.41.0/site/game/controller-lab/index.html
2026-09-15T13:37:13.7882079Z ./releases/v0.41.0/site/game/couch/
2026-09-15T13:37:13.7882409Z ./releases/v0.41.0/site/game/couch/index.html
2026-09-15T13:37:13.7882758Z ./releases/v0.41.0/site/game/playground/
2026-09-15T13:37:13.7883128Z ./releases/v0.41.0/site/game/playground/index.html
2026-09-15T13:37:13.7883482Z ./releases/v0.41.0/site/game/index.html
2026-09-15T13:37:13.7883928Z ./releases/v0.41.0/site/game/replay-theater/
2026-09-15T13:37:13.7884308Z ./releases/v0.41.0/site/game/replay-theater/index.html
2026-09-15T13:37:13.7884669Z ./releases/v0.41.0/site/service-worker.js
2026-09-15T13:37:13.7885027Z ./releases/v0.41.0/site/distribution.zip.sha256
2026-09-15T13:37:13.7885362Z ./releases/v0.41.0/release.json
2026-09-15T13:37:13.7885626Z ./releases/v0.54.0/
2026-09-15T13:37:13.7886042Z ./releases/v0.54.0/site/
2026-09-15T13:37:13.7886446Z ./releases/v0.54.0/site/site/
2026-09-15T13:37:13.7886910Z ./releases/v0.54.0/site/site/about.html
2026-09-15T13:37:13.7887383Z ./releases/v0.54.0/site/manifest.json
2026-09-15T13:37:13.7887858Z ./releases/v0.54.0/site/authoring/
2026-09-15T13:37:13.7888180Z ./releases/v0.54.0/site/authoring/library/
2026-09-15T13:37:13.7888567Z ./releases/v0.54.0/site/authoring/library/fpv-field-kit/
2026-09-15T13:37:13.7889046Z ./releases/v0.54.0/site/authoring/library/fpv-field-kit/prepared/
2026-09-15T13:37:13.7889568Z ./releases/v0.54.0/site/authoring/library/fpv-field-kit/prepared/reveals/
2026-09-15T13:37:13.7890162Z ./releases/v0.54.0/site/authoring/library/fpv-field-kit/prepared/reveals/review.html
2026-09-15T13:37:13.7890649Z ./releases/v0.54.0/site/authoring/motion-lab/
2026-09-15T13:37:13.7891051Z ./releases/v0.54.0/site/authoring/motion-lab/index.html
2026-09-15T13:37:13.7891445Z ./releases/v0.54.0/site/authoring/video-poster/
2026-09-15T13:37:13.7891854Z ./releases/v0.54.0/site/authoring/video-poster/index.html
2026-09-15T13:37:13.7892247Z ./releases/v0.54.0/site/authoring/design-atlas/
2026-09-15T13:37:13.7892647Z ./releases/v0.54.0/site/authoring/design-atlas/index.html
2026-09-15T13:37:13.7893141Z ./releases/v0.54.0/site/authoring/design-atlas/reveal-audit.html
2026-09-15T13:37:13.7893574Z ./releases/v0.54.0/site/authoring/still-media/
2026-09-15T13:37:13.7893967Z ./releases/v0.54.0/site/authoring/still-media/index.html
2026-09-15T13:37:13.7894480Z ./releases/v0.54.0/site/authoring/enemy-catalog/
2026-09-15T13:37:13.7894909Z ./releases/v0.54.0/site/authoring/enemy-catalog/index.html
2026-09-15T13:37:13.7895309Z ./releases/v0.54.0/site/authoring/asset-studio/
2026-09-15T13:37:13.7895707Z ./releases/v0.54.0/site/authoring/asset-studio/index.html
2026-09-15T13:37:13.7896270Z ./releases/v0.54.0/site/credits.html
2026-09-15T13:37:13.7896769Z ./releases/v0.54.0/site/privacy.html
2026-09-15T13:37:13.7897256Z ./releases/v0.54.0/site/index.html
2026-09-15T13:37:13.7897701Z ./releases/v0.54.0/site/game/
2026-09-15T13:37:13.7898213Z ./releases/v0.54.0/site/game/controller-lab/
2026-09-15T13:37:13.7898684Z ./releases/v0.54.0/site/game/controller-lab/index.html
2026-09-15T13:37:13.7899055Z ./releases/v0.54.0/site/game/couch/
2026-09-15T13:37:13.7899413Z ./releases/v0.54.0/site/game/couch/relay-rescue.html
2026-09-15T13:37:13.7899786Z ./releases/v0.54.0/site/game/couch/index.html
2026-09-15T13:37:13.7900128Z ./releases/v0.54.0/site/game/playground/
2026-09-15T13:37:13.7900503Z ./releases/v0.54.0/site/game/playground/index.html
2026-09-15T13:37:13.7900874Z ./releases/v0.54.0/site/game/index.html
2026-09-15T13:37:13.7901219Z ./releases/v0.54.0/site/game/replay-theater/
2026-09-15T13:37:13.7901601Z ./releases/v0.54.0/site/game/replay-theater/index.html
2026-09-15T13:37:13.7901997Z ./releases/v0.54.0/site/game/profile-recovery.html
2026-09-15T13:37:13.7902341Z ./releases/v0.54.0/site/game/assets/
2026-09-15T13:37:13.7902670Z ./releases/v0.54.0/site/game/assets/field-kit/
2026-09-15T13:37:13.7903040Z ./releases/v0.54.0/site/game/assets/field-kit/icons/
2026-09-15T13:37:13.7903472Z ./releases/v0.54.0/site/game/assets/field-kit/icons/review.html
2026-09-15T13:37:13.7903915Z ./releases/v0.54.0/site/game/assets/field-kit/sprites/
2026-09-15T13:37:13.7904356Z ./releases/v0.54.0/site/game/assets/field-kit/sprites/review.html
2026-09-15T13:37:13.7904753Z ./releases/v0.54.0/site/service-worker.js
2026-09-15T13:37:13.7905121Z ./releases/v0.54.0/site/distribution.zip.sha256
2026-09-15T13:37:13.7905450Z ./releases/v0.54.0/release.json
2026-09-15T13:37:13.7905894Z ./releases/v0.29.2/
2026-09-15T13:37:13.7906219Z ./releases/v0.29.2/site/
2026-09-15T13:37:13.7906477Z ./releases/v0.29.2/site/site/
2026-09-15T13:37:13.7906772Z ./releases/v0.29.2/site/site/about.html
2026-09-15T13:37:13.7907099Z ./releases/v0.29.2/site/manifest.json
2026-09-15T13:37:13.7907406Z ./releases/v0.29.2/site/authoring/
2026-09-15T13:37:13.7907744Z ./releases/v0.29.2/site/authoring/enemy-catalog/
2026-09-15T13:37:13.7908159Z ./releases/v0.29.2/site/authoring/enemy-catalog/index.html
2026-09-15T13:37:13.7908537Z ./releases/v0.29.2/site/credits.html
2026-09-15T13:37:13.7908847Z ./releases/v0.29.2/site/privacy.html
2026-09-15T13:37:13.7909311Z ./releases/v0.29.2/site/index.html
2026-09-15T13:37:13.7909592Z ./releases/v0.29.2/site/game/
2026-09-15T13:37:13.7909908Z ./releases/v0.29.2/site/game/controller-lab/
2026-09-15T13:37:13.7910288Z ./releases/v0.29.2/site/game/controller-lab/index.html
2026-09-15T13:37:13.7910647Z ./releases/v0.29.2/site/game/couch/
2026-09-15T13:37:13.7910976Z ./releases/v0.29.2/site/game/couch/index.html
2026-09-15T13:37:13.7911314Z ./releases/v0.29.2/site/game/playground/
2026-09-15T13:37:13.7911681Z ./releases/v0.29.2/site/game/playground/index.html
2026-09-15T13:37:13.7912034Z ./releases/v0.29.2/site/game/index.html
2026-09-15T13:37:13.7912364Z ./releases/v0.29.2/site/game/replay-theater/
2026-09-15T13:37:13.7912738Z ./releases/v0.29.2/site/game/replay-theater/index.html
2026-09-15T13:37:13.7913111Z ./releases/v0.29.2/site/service-worker.js
2026-09-15T13:37:13.7913466Z ./releases/v0.29.2/site/distribution.zip.sha256
2026-09-15T13:37:13.7913796Z ./releases/v0.29.2/release.json
2026-09-15T13:37:13.7914067Z ./releases/v0.5.0/
2026-09-15T13:37:13.7914298Z ./releases/v0.5.0/site/
2026-09-15T13:37:13.7914574Z ./releases/v0.5.0/site/manifest.json
2026-09-15T13:37:13.7914879Z ./releases/v0.5.0/site/credits.html
2026-09-15T13:37:13.7915178Z ./releases/v0.5.0/site/privacy.html
2026-09-15T13:37:13.7915609Z ./releases/v0.5.0/site/index.html
2026-09-15T13:37:13.7916018Z ./releases/v0.5.0/site/game/
2026-09-15T13:37:13.7916472Z ./releases/v0.5.0/site/game/controller-lab/
2026-09-15T13:37:13.7917139Z ./releases/v0.5.0/site/game/controller-lab/index.html
2026-09-15T13:37:13.7917558Z ./releases/v0.5.0/site/game/couch/
2026-09-15T13:37:13.7917889Z ./releases/v0.5.0/site/game/couch/index.html
2026-09-15T13:37:13.7918217Z ./releases/v0.5.0/site/game/playground/
2026-09-15T13:37:13.7918571Z ./releases/v0.5.0/site/game/playground/index.html
2026-09-15T13:37:13.7918934Z ./releases/v0.5.0/site/game/index.html
2026-09-15T13:37:13.7919269Z ./releases/v0.5.0/site/game/replay-theater/
2026-09-15T13:37:13.7919649Z ./releases/v0.5.0/site/game/replay-theater/index.html
2026-09-15T13:37:13.7920030Z ./releases/v0.5.0/site/service-worker.js
2026-09-15T13:37:13.7920385Z ./releases/v0.5.0/site/distribution.zip.sha256
2026-09-15T13:37:13.7920722Z ./releases/v0.5.0/release.json
2026-09-15T13:37:13.7921004Z ./releases/v0.30.0/
2026-09-15T13:37:13.7921251Z ./releases/v0.30.0/site/
2026-09-15T13:37:13.7921513Z ./releases/v0.30.0/site/site/
2026-09-15T13:37:13.7921819Z ./releases/v0.30.0/site/site/about.html
2026-09-15T13:37:13.7922157Z ./releases/v0.30.0/site/manifest.json
2026-09-15T13:37:13.7922470Z ./releases/v0.30.0/site/authoring/
2026-09-15T13:37:13.7922815Z ./releases/v0.30.0/site/authoring/enemy-catalog/
2026-09-15T13:37:13.7923242Z ./releases/v0.30.0/site/authoring/enemy-catalog/index.html
2026-09-15T13:37:13.7923628Z ./releases/v0.30.0/site/credits.html
2026-09-15T13:37:13.7923943Z ./releases/v0.30.0/site/privacy.html
2026-09-15T13:37:13.7924261Z ./releases/v0.30.0/site/index.html
2026-09-15T13:37:13.7924547Z ./releases/v0.30.0/site/game/
2026-09-15T13:37:13.7924881Z ./releases/v0.30.0/site/game/controller-lab/
2026-09-15T13:37:13.7925270Z ./releases/v0.30.0/site/game/controller-lab/index.html
2026-09-15T13:37:13.7925637Z ./releases/v0.30.0/site/game/couch/
2026-09-15T13:37:13.7926085Z ./releases/v0.30.0/site/game/couch/index.html
2026-09-15T13:37:13.7926434Z ./releases/v0.30.0/site/game/playground/
2026-09-15T13:37:13.7926807Z ./releases/v0.30.0/site/game/playground/index.html
2026-09-15T13:37:13.7927166Z ./releases/v0.30.0/site/game/index.html
2026-09-15T13:37:13.7927504Z ./releases/v0.30.0/site/game/replay-theater/
2026-09-15T13:37:13.7927894Z ./releases/v0.30.0/site/game/replay-theater/index.html
2026-09-15T13:37:13.7928265Z ./releases/v0.30.0/site/service-worker.js
2026-09-15T13:37:13.7928624Z ./releases/v0.30.0/site/distribution.zip.sha256
2026-09-15T13:37:13.7928970Z ./releases/v0.30.0/release.json
2026-09-15T13:37:13.7929235Z ./releases/v0.15.0/
2026-09-15T13:37:13.7929479Z ./releases/v0.15.0/site/
2026-09-15T13:37:13.7929765Z ./releases/v0.15.0/site/manifest.json
2026-09-15T13:37:13.7930243Z ./releases/v0.15.0/site/credits.html
2026-09-15T13:37:13.7930557Z ./releases/v0.15.0/site/privacy.html
2026-09-15T13:37:13.7930862Z ./releases/v0.15.0/site/index.html
2026-09-15T13:37:13.7931151Z ./releases/v0.15.0/site/game/
2026-09-15T13:37:13.7931485Z ./releases/v0.15.0/site/game/controller-lab/
2026-09-15T13:37:13.7931869Z ./releases/v0.15.0/site/game/controller-lab/index.html
2026-09-15T13:37:13.7932227Z ./releases/v0.15.0/site/game/couch/
2026-09-15T13:37:13.7932556Z ./releases/v0.15.0/site/game/couch/index.html
2026-09-15T13:37:13.7932892Z ./releases/v0.15.0/site/game/playground/
2026-09-15T13:37:13.7933262Z ./releases/v0.15.0/site/game/playground/index.html
2026-09-15T13:37:13.7933619Z ./releases/v0.15.0/site/game/index.html
2026-09-15T13:37:13.7933952Z ./releases/v0.15.0/site/game/replay-theater/
2026-09-15T13:37:13.7934331Z ./releases/v0.15.0/site/game/replay-theater/index.html
2026-09-15T13:37:13.7934698Z ./releases/v0.15.0/site/service-worker.js
2026-09-15T13:37:13.7935053Z ./releases/v0.15.0/site/distribution.zip.sha256
2026-09-15T13:37:13.7935388Z ./releases/v0.15.0/release.json
2026-09-15T13:37:13.7935653Z ./releases/v0.24.0/
2026-09-15T13:37:13.7936023Z ./releases/v0.24.0/site/
2026-09-15T13:37:13.7936493Z ./releases/v0.24.0/site/manifest.json
2026-09-15T13:37:13.7936897Z ./releases/v0.24.0/site/credits.html
2026-09-15T13:37:13.7937209Z ./releases/v0.24.0/site/privacy.html
2026-09-15T13:37:13.7937511Z ./releases/v0.24.0/site/index.html
2026-09-15T13:37:13.7937785Z ./releases/v0.24.0/site/game/
2026-09-15T13:37:13.7938098Z ./releases/v0.24.0/site/game/controller-lab/
2026-09-15T13:37:13.7938485Z ./releases/v0.24.0/site/game/controller-lab/index.html
2026-09-15T13:37:13.7938832Z ./releases/v0.24.0/site/game/couch/
2026-09-15T13:37:13.7939165Z ./releases/v0.24.0/site/game/couch/index.html
2026-09-15T13:37:13.7939500Z ./releases/v0.24.0/site/game/playground/
2026-09-15T13:37:13.7939855Z ./releases/v0.24.0/site/game/playground/index.html
2026-09-15T13:37:13.7940216Z ./releases/v0.24.0/site/game/index.html
2026-09-15T13:37:13.7940544Z ./releases/v0.24.0/site/game/replay-theater/
2026-09-15T13:37:13.7940915Z ./releases/v0.24.0/site/game/replay-theater/index.html
2026-09-15T13:37:13.7941283Z ./releases/v0.24.0/site/service-worker.js
2026-09-15T13:37:13.7941630Z ./releases/v0.24.0/site/distribution.zip.sha256
2026-09-15T13:37:13.7941960Z ./releases/v0.24.0/release.json
2026-09-15T13:37:13.7942216Z ./releases/v0.42.0/
2026-09-15T13:37:13.7942460Z ./releases/v0.42.0/site/
2026-09-15T13:37:13.7942713Z ./releases/v0.42.0/site/site/
2026-09-15T13:37:13.7943008Z ./releases/v0.42.0/site/site/about.html
2026-09-15T13:37:13.7943330Z ./releases/v0.42.0/site/manifest.json
2026-09-15T13:37:13.7943634Z ./releases/v0.42.0/site/authoring/
2026-09-15T13:37:13.7943968Z ./releases/v0.42.0/site/authoring/video-poster/
2026-09-15T13:37:13.7944381Z ./releases/v0.42.0/site/authoring/video-poster/index.html
2026-09-15T13:37:13.7944782Z ./releases/v0.42.0/site/authoring/still-media/
2026-09-15T13:37:13.7945182Z ./releases/v0.42.0/site/authoring/still-media/index.html
2026-09-15T13:37:13.7945584Z ./releases/v0.42.0/site/authoring/enemy-catalog/
2026-09-15T13:37:13.7946120Z ./releases/v0.42.0/site/authoring/enemy-catalog/index.html
2026-09-15T13:37:13.7946506Z ./releases/v0.42.0/site/credits.html
2026-09-15T13:37:13.7946817Z ./releases/v0.42.0/site/privacy.html
2026-09-15T13:37:13.7947126Z ./releases/v0.42.0/site/index.html
2026-09-15T13:37:13.7947403Z ./releases/v0.42.0/site/game/
2026-09-15T13:37:13.7947711Z ./releases/v0.42.0/site/game/controller-lab/
2026-09-15T13:37:13.7948096Z ./releases/v0.42.0/site/game/controller-lab/index.html
2026-09-15T13:37:13.7948444Z ./releases/v0.42.0/site/game/couch/
2026-09-15T13:37:13.7948766Z ./releases/v0.42.0/site/game/couch/index.html
2026-09-15T13:37:13.7949112Z ./releases/v0.42.0/site/game/playground/
2026-09-15T13:37:13.7949469Z ./releases/v0.42.0/site/game/playground/index.html
2026-09-15T13:37:13.7949815Z ./releases/v0.42.0/site/game/index.html
2026-09-15T13:37:13.7950313Z ./releases/v0.42.0/site/game/replay-theater/
2026-09-15T13:37:13.7950704Z ./releases/v0.42.0/site/game/replay-theater/index.html
2026-09-15T13:37:13.7951082Z ./releases/v0.42.0/site/service-worker.js
2026-09-15T13:37:13.7951450Z ./releases/v0.42.0/site/distribution.zip.sha256
2026-09-15T13:37:13.7951795Z ./releases/v0.42.0/release.json
2026-09-15T13:37:13.7952055Z ./releases/v0.7.0/
2026-09-15T13:37:13.7952289Z ./releases/v0.7.0/site/
2026-09-15T13:37:13.7952582Z ./releases/v0.7.0/site/manifest.json
2026-09-15T13:37:13.7952886Z ./releases/v0.7.0/site/credits.html
2026-09-15T13:37:13.7953187Z ./releases/v0.7.0/site/privacy.html
2026-09-15T13:37:13.7953493Z ./releases/v0.7.0/site/index.html
2026-09-15T13:37:13.7953774Z ./releases/v0.7.0/site/game/
2026-09-15T13:37:13.7954102Z ./releases/v0.7.0/site/game/controller-lab/
2026-09-15T13:37:13.7954487Z ./releases/v0.7.0/site/game/controller-lab/index.html
2026-09-15T13:37:13.7954844Z ./releases/v0.7.0/site/game/couch/
2026-09-15T13:37:13.7955171Z ./releases/v0.7.0/site/game/couch/index.html
2026-09-15T13:37:13.7955500Z ./releases/v0.7.0/site/game/playground/
2026-09-15T13:37:13.7955957Z ./releases/v0.7.0/site/game/playground/index.html
2026-09-15T13:37:13.7956321Z ./releases/v0.7.0/site/game/index.html
2026-09-15T13:37:13.7956838Z ./releases/v0.7.0/site/game/replay-theater/
2026-09-15T13:37:13.7957229Z ./releases/v0.7.0/site/game/replay-theater/index.html
2026-09-15T13:37:13.7957588Z ./releases/v0.7.0/site/service-worker.js
2026-09-15T13:37:13.7957942Z ./releases/v0.7.0/site/distribution.zip.sha256
2026-09-15T13:37:13.7958290Z ./releases/v0.7.0/release.json
2026-09-15T13:37:13.7958558Z ./releases/v0.50.0/
2026-09-15T13:37:13.7958800Z ./releases/v0.50.0/site/
2026-09-15T13:37:13.7959054Z ./releases/v0.50.0/site/site/
2026-09-15T13:37:13.7959358Z ./releases/v0.50.0/site/site/about.html
2026-09-15T13:37:13.7959675Z ./releases/v0.50.0/site/manifest.json
2026-09-15T13:37:13.7959980Z ./releases/v0.50.0/site/authoring/
2026-09-15T13:37:13.7960306Z ./releases/v0.50.0/site/authoring/library/
2026-09-15T13:37:13.7960699Z ./releases/v0.50.0/site/authoring/library/fpv-field-kit/
2026-09-15T13:37:13.7961167Z ./releases/v0.50.0/site/authoring/library/fpv-field-kit/prepared/
2026-09-15T13:37:13.7961703Z ./releases/v0.50.0/site/authoring/library/fpv-field-kit/prepared/reveals/
2026-09-15T13:37:13.7962297Z ./releases/v0.50.0/site/authoring/library/fpv-field-kit/prepared/reveals/review.html
2026-09-15T13:37:13.7962779Z ./releases/v0.50.0/site/authoring/motion-lab/
2026-09-15T13:37:13.7963179Z ./releases/v0.50.0/site/authoring/motion-lab/index.html
2026-09-15T13:37:13.7963575Z ./releases/v0.50.0/site/authoring/video-poster/
2026-09-15T13:37:13.7963978Z ./releases/v0.50.0/site/authoring/video-poster/index.html
2026-09-15T13:37:13.7964379Z ./releases/v0.50.0/site/authoring/design-atlas/
2026-09-15T13:37:13.7964772Z ./releases/v0.50.0/site/authoring/design-atlas/index.html
2026-09-15T13:37:13.7965226Z ./releases/v0.50.0/site/authoring/design-atlas/reveal-audit.html
2026-09-15T13:37:13.7965643Z ./releases/v0.50.0/site/authoring/still-media/
2026-09-15T13:37:13.7966164Z ./releases/v0.50.0/site/authoring/still-media/index.html
2026-09-15T13:37:13.7966568Z ./releases/v0.50.0/site/authoring/enemy-catalog/
2026-09-15T13:37:13.7966990Z ./releases/v0.50.0/site/authoring/enemy-catalog/index.html
2026-09-15T13:37:13.7967386Z ./releases/v0.50.0/site/authoring/asset-studio/
2026-09-15T13:37:13.7967781Z ./releases/v0.50.0/site/authoring/asset-studio/index.html
2026-09-15T13:37:13.7968140Z ./releases/v0.50.0/site/credits.html
2026-09-15T13:37:13.7968453Z ./releases/v0.50.0/site/privacy.html
2026-09-15T13:37:13.7968752Z ./releases/v0.50.0/site/index.html
2026-09-15T13:37:13.7969027Z ./releases/v0.50.0/site/game/
2026-09-15T13:37:13.7969348Z ./releases/v0.50.0/site/game/controller-lab/
2026-09-15T13:37:13.7969727Z ./releases/v0.50.0/site/game/controller-lab/index.html
2026-09-15T13:37:13.7970078Z ./releases/v0.50.0/site/game/couch/
2026-09-15T13:37:13.7970414Z ./releases/v0.50.0/site/game/couch/index.html
2026-09-15T13:37:13.7970902Z ./releases/v0.50.0/site/game/playground/
2026-09-15T13:37:13.7971267Z ./releases/v0.50.0/site/game/playground/index.html
2026-09-15T13:37:13.7971619Z ./releases/v0.50.0/site/game/index.html
2026-09-15T13:37:13.7971962Z ./releases/v0.50.0/site/game/replay-theater/
2026-09-15T13:37:13.7972338Z ./releases/v0.50.0/site/game/replay-theater/index.html
2026-09-15T13:37:13.7972683Z ./releases/v0.50.0/site/game/assets/
2026-09-15T13:37:13.7973019Z ./releases/v0.50.0/site/game/assets/field-kit/
2026-09-15T13:37:13.7973394Z ./releases/v0.50.0/site/game/assets/field-kit/icons/
2026-09-15T13:37:13.7973885Z ./releases/v0.50.0/site/game/assets/field-kit/icons/review.html
2026-09-15T13:37:13.7974328Z ./releases/v0.50.0/site/game/assets/field-kit/sprites/
2026-09-15T13:37:13.7974773Z ./releases/v0.50.0/site/game/assets/field-kit/sprites/review.html
2026-09-15T13:37:13.7975176Z ./releases/v0.50.0/site/service-worker.js
2026-09-15T13:37:13.7975535Z ./releases/v0.50.0/site/distribution.zip.sha256
2026-09-15T13:37:13.7976004Z ./releases/v0.50.0/release.json
2026-09-15T13:37:13.7976266Z ./releases/v0.36.0/
2026-09-15T13:37:13.7976504Z ./releases/v0.36.0/site/
2026-09-15T13:37:13.7976770Z ./releases/v0.36.0/site/site/
2026-09-15T13:37:13.7977190Z ./releases/v0.36.0/site/site/about.html
2026-09-15T13:37:13.7977513Z ./releases/v0.36.0/site/manifest.json
2026-09-15T13:37:13.7977828Z ./releases/v0.36.0/site/authoring/
2026-09-15T13:37:13.7978161Z ./releases/v0.36.0/site/authoring/video-poster/
2026-09-15T13:37:13.7978564Z ./releases/v0.36.0/site/authoring/video-poster/index.html
2026-09-15T13:37:13.7978967Z ./releases/v0.36.0/site/authoring/still-media/
2026-09-15T13:37:13.7979354Z ./releases/v0.36.0/site/authoring/still-media/index.html
2026-09-15T13:37:13.7979738Z ./releases/v0.36.0/site/authoring/enemy-catalog/
2026-09-15T13:37:13.7980149Z ./releases/v0.36.0/site/authoring/enemy-catalog/index.html
2026-09-15T13:37:13.7980516Z ./releases/v0.36.0/site/credits.html
2026-09-15T13:37:13.7980827Z ./releases/v0.36.0/site/privacy.html
2026-09-15T13:37:13.7981132Z ./releases/v0.36.0/site/index.html
2026-09-15T13:37:13.7981412Z ./releases/v0.36.0/site/game/
2026-09-15T13:37:13.7981721Z ./releases/v0.36.0/site/game/controller-lab/
2026-09-15T13:37:13.7982095Z ./releases/v0.36.0/site/game/controller-lab/index.html
2026-09-15T13:37:13.7982453Z ./releases/v0.36.0/site/game/couch/
2026-09-15T13:37:13.7982784Z ./releases/v0.36.0/site/game/couch/index.html
2026-09-15T13:37:13.7983121Z ./releases/v0.36.0/site/game/playground/
2026-09-15T13:37:13.7983485Z ./releases/v0.36.0/site/game/playground/index.html
2026-09-15T13:37:13.7983832Z ./releases/v0.36.0/site/game/index.html
2026-09-15T13:37:13.7984163Z ./releases/v0.36.0/site/game/replay-theater/
2026-09-15T13:37:13.7984543Z ./releases/v0.36.0/site/game/replay-theater/index.html
2026-09-15T13:37:13.7984903Z ./releases/v0.36.0/site/service-worker.js
2026-09-15T13:37:13.7985253Z ./releases/v0.36.0/site/distribution.zip.sha256
2026-09-15T13:37:13.7985597Z ./releases/v0.36.0/release.json
2026-09-15T13:37:13.7985962Z ./releases/v0.12.0/
2026-09-15T13:37:13.7986209Z ./releases/v0.12.0/site/
2026-09-15T13:37:13.7986497Z ./releases/v0.12.0/site/manifest.json
2026-09-15T13:37:13.7986816Z ./releases/v0.12.0/site/credits.html
2026-09-15T13:37:13.7987129Z ./releases/v0.12.0/site/privacy.html
2026-09-15T13:37:13.7987442Z ./releases/v0.12.0/site/index.html
2026-09-15T13:37:13.7987736Z ./releases/v0.12.0/site/game/
2026-09-15T13:37:13.7988049Z ./releases/v0.12.0/site/game/controller-lab/
2026-09-15T13:37:13.7988432Z ./releases/v0.12.0/site/game/controller-lab/index.html
2026-09-15T13:37:13.7988788Z ./releases/v0.12.0/site/game/couch/
2026-09-15T13:37:13.7989119Z ./releases/v0.12.0/site/game/couch/index.html
2026-09-15T13:37:13.7989464Z ./releases/v0.12.0/site/game/playground/
2026-09-15T13:37:13.7989822Z ./releases/v0.12.0/site/game/playground/index.html
2026-09-15T13:37:13.7990181Z ./releases/v0.12.0/site/game/index.html
2026-09-15T13:37:13.7990518Z ./releases/v0.12.0/site/game/replay-theater/
2026-09-15T13:37:13.7991033Z ./releases/v0.12.0/site/game/replay-theater/index.html
2026-09-15T13:37:13.7991405Z ./releases/v0.12.0/site/service-worker.js
2026-09-15T13:37:13.7991759Z ./releases/v0.12.0/site/distribution.zip.sha256
2026-09-15T13:37:13.7992098Z ./releases/v0.12.0/release.json
2026-09-15T13:37:13.7992369Z ./releases/v0.3.0/
2026-09-15T13:37:13.7992657Z ./releases/v0.3.0/site/
2026-09-15T13:37:13.7993103Z ./releases/v0.3.0/site/manifest.json
2026-09-15T13:37:13.7993467Z ./releases/v0.3.0/site/credits.html
2026-09-15T13:37:13.7993774Z ./releases/v0.3.0/site/privacy.html
2026-09-15T13:37:13.7994089Z ./releases/v0.3.0/site/index.html
2026-09-15T13:37:13.7994364Z ./releases/v0.3.0/site/game/
2026-09-15T13:37:13.7994662Z ./releases/v0.3.0/site/game/couch/
2026-09-15T13:37:13.7994990Z ./releases/v0.3.0/site/game/couch/index.html
2026-09-15T13:37:13.7995321Z ./releases/v0.3.0/site/game/playground/
2026-09-15T13:37:13.7995678Z ./releases/v0.3.0/site/game/playground/index.html
2026-09-15T13:37:13.7996143Z ./releases/v0.3.0/site/game/index.html
2026-09-15T13:37:13.7996477Z ./releases/v0.3.0/site/game/replay-theater/
2026-09-15T13:37:13.7996863Z ./releases/v0.3.0/site/game/replay-theater/index.html
2026-09-15T13:37:13.7997367Z ./releases/v0.3.0/site/service-worker.js
2026-09-15T13:37:13.7997722Z ./releases/v0.3.0/site/distribution.zip.sha256
2026-09-15T13:37:13.7998054Z ./releases/v0.3.0/release.json
2026-09-15T13:37:13.7998324Z ./releases/v0.55.0/
2026-09-15T13:37:13.7998562Z ./releases/v0.55.0/site/
2026-09-15T13:37:13.7998819Z ./releases/v0.55.0/site/site/
2026-09-15T13:37:13.7999129Z ./releases/v0.55.0/site/site/about.html
2026-09-15T13:37:13.7999449Z ./releases/v0.55.0/site/manifest.json
2026-09-15T13:37:13.7999757Z ./releases/v0.55.0/site/authoring/
2026-09-15T13:37:13.8000080Z ./releases/v0.55.0/site/authoring/library/
2026-09-15T13:37:13.8000464Z ./releases/v0.55.0/site/authoring/library/fpv-field-kit/
2026-09-15T13:37:13.8000927Z ./releases/v0.55.0/site/authoring/library/fpv-field-kit/prepared/
2026-09-15T13:37:13.8001462Z ./releases/v0.55.0/site/authoring/library/fpv-field-kit/prepared/reveals/
2026-09-15T13:37:13.8002052Z ./releases/v0.55.0/site/authoring/library/fpv-field-kit/prepared/reveals/review.html
2026-09-15T13:37:13.8002536Z ./releases/v0.55.0/site/authoring/motion-lab/
2026-09-15T13:37:13.8002929Z ./releases/v0.55.0/site/authoring/motion-lab/index.html
2026-09-15T13:37:13.8003327Z ./releases/v0.55.0/site/authoring/video-poster/
2026-09-15T13:37:13.8003730Z ./releases/v0.55.0/site/authoring/video-poster/index.html
2026-09-15T13:37:13.8004120Z ./releases/v0.55.0/site/authoring/design-atlas/
2026-09-15T13:37:13.8004537Z ./releases/v0.55.0/site/authoring/design-atlas/index.html
2026-09-15T13:37:13.8005032Z ./releases/v0.55.0/site/authoring/design-atlas/reveal-audit.html
2026-09-15T13:37:13.8005452Z ./releases/v0.55.0/site/authoring/still-media/
2026-09-15T13:37:13.8005942Z ./releases/v0.55.0/site/authoring/still-media/index.html
2026-09-15T13:37:13.8006341Z ./releases/v0.55.0/site/authoring/enemy-catalog/
2026-09-15T13:37:13.8006759Z ./releases/v0.55.0/site/authoring/enemy-catalog/index.html
2026-09-15T13:37:13.8007158Z ./releases/v0.55.0/site/authoring/asset-studio/
2026-09-15T13:37:13.8007559Z ./releases/v0.55.0/site/authoring/asset-studio/index.html
2026-09-15T13:37:13.8007923Z ./releases/v0.55.0/site/credits.html
2026-09-15T13:37:13.8008245Z ./releases/v0.55.0/site/privacy.html
2026-09-15T13:37:13.8008544Z ./releases/v0.55.0/site/index.html
2026-09-15T13:37:13.8008825Z ./releases/v0.55.0/site/game/
2026-09-15T13:37:13.8009137Z ./releases/v0.55.0/site/game/controller-lab/
2026-09-15T13:37:13.8009524Z ./releases/v0.55.0/site/game/controller-lab/index.html
2026-09-15T13:37:13.8009879Z ./releases/v0.55.0/site/game/couch/
2026-09-15T13:37:13.8010233Z ./releases/v0.55.0/site/game/couch/relay-rescue.html
2026-09-15T13:37:13.8010616Z ./releases/v0.55.0/site/game/couch/index.html
2026-09-15T13:37:13.8010957Z ./releases/v0.55.0/site/game/playground/
2026-09-15T13:37:13.8011318Z ./releases/v0.55.0/site/game/playground/index.html
2026-09-15T13:37:13.8011821Z ./releases/v0.55.0/site/game/index.html
2026-09-15T13:37:13.8012156Z ./releases/v0.55.0/site/game/replay-theater/
2026-09-15T13:37:13.8012549Z ./releases/v0.55.0/site/game/replay-theater/index.html
2026-09-15T13:37:13.8012963Z ./releases/v0.55.0/site/game/profile-recovery.html
2026-09-15T13:37:13.8013315Z ./releases/v0.55.0/site/game/assets/
2026-09-15T13:37:13.8013650Z ./releases/v0.55.0/site/game/assets/field-kit/
2026-09-15T13:37:13.8014036Z ./releases/v0.55.0/site/game/assets/field-kit/icons/
2026-09-15T13:37:13.8014474Z ./releases/v0.55.0/site/game/assets/field-kit/icons/review.html
2026-09-15T13:37:13.8014915Z ./releases/v0.55.0/site/game/assets/field-kit/sprites/
2026-09-15T13:37:13.8015364Z ./releases/v0.55.0/site/game/assets/field-kit/sprites/review.html
2026-09-15T13:37:13.8015885Z ./releases/v0.55.0/site/service-worker.js
2026-09-15T13:37:13.8016250Z ./releases/v0.55.0/site/distribution.zip.sha256
2026-09-15T13:37:13.8016597Z ./releases/v0.55.0/release.json
2026-09-15T13:37:13.8016868Z ./releases/v0.16.0/
2026-09-15T13:37:13.8017108Z ./releases/v0.16.0/site/
2026-09-15T13:37:13.8017395Z ./releases/v0.16.0/site/manifest.json
2026-09-15T13:37:13.8017713Z ./releases/v0.16.0/site/credits.html
2026-09-15T13:37:13.8018147Z ./releases/v0.16.0/site/privacy.html
2026-09-15T13:37:13.8018448Z ./releases/v0.16.0/site/index.html
2026-09-15T13:37:13.8018736Z ./releases/v0.16.0/site/game/
2026-09-15T13:37:13.8019053Z ./releases/v0.16.0/site/game/controller-lab/
2026-09-15T13:37:13.8019432Z ./releases/v0.16.0/site/game/controller-lab/index.html
2026-09-15T13:37:13.8033336Z ./releases/v0.16.0/site/game/couch/
2026-09-15T13:37:13.8033738Z ./releases/v0.16.0/site/game/couch/index.html
2026-09-15T13:37:13.8034118Z ./releases/v0.16.0/site/game/playground/
2026-09-15T13:37:13.8034498Z ./releases/v0.16.0/site/game/playground/index.html
2026-09-15T13:37:13.8034869Z ./releases/v0.16.0/site/game/index.html
2026-09-15T13:37:13.8035207Z ./releases/v0.16.0/site/game/replay-theater/
2026-09-15T13:37:13.8035620Z ./releases/v0.16.0/site/game/replay-theater/index.html
2026-09-15T13:37:13.8036117Z ./releases/v0.16.0/site/service-worker.js
2026-09-15T13:37:13.8036491Z ./releases/v0.16.0/site/distribution.zip.sha256
2026-09-15T13:37:13.8036843Z ./releases/v0.16.0/release.json
2026-09-15T13:37:13.8037116Z ./releases/v0.37.0/
2026-09-15T13:37:13.8037366Z ./releases/v0.37.0/site/
2026-09-15T13:37:13.8037626Z ./releases/v0.37.0/site/site/
2026-09-15T13:37:13.8037929Z ./releases/v0.37.0/site/site/about.html
2026-09-15T13:37:13.8038261Z ./releases/v0.37.0/site/manifest.json
2026-09-15T13:37:13.8038578Z ./releases/v0.37.0/site/authoring/
2026-09-15T13:37:13.8038927Z ./releases/v0.37.0/site/authoring/video-poster/
2026-09-15T13:37:13.8039348Z ./releases/v0.37.0/site/authoring/video-poster/index.html
2026-09-15T13:37:13.8039755Z ./releases/v0.37.0/site/authoring/still-media/
2026-09-15T13:37:13.8040160Z ./releases/v0.37.0/site/authoring/still-media/index.html
2026-09-15T13:37:13.8040569Z ./releases/v0.37.0/site/authoring/enemy-catalog/
2026-09-15T13:37:13.8040993Z ./releases/v0.37.0/site/authoring/enemy-catalog/index.html
2026-09-15T13:37:13.8041371Z ./releases/v0.37.0/site/credits.html
2026-09-15T13:37:13.8041687Z ./releases/v0.37.0/site/privacy.html
2026-09-15T13:37:13.8042000Z ./releases/v0.37.0/site/index.html
2026-09-15T13:37:13.8042282Z ./releases/v0.37.0/site/game/
2026-09-15T13:37:13.8042604Z ./releases/v0.37.0/site/game/controller-lab/
2026-09-15T13:37:13.8042996Z ./releases/v0.37.0/site/game/controller-lab/index.html
2026-09-15T13:37:13.8043355Z ./releases/v0.37.0/site/game/couch/
2026-09-15T13:37:13.8043689Z ./releases/v0.37.0/site/game/couch/index.html
2026-09-15T13:37:13.8044041Z ./releases/v0.37.0/site/game/playground/
2026-09-15T13:37:13.8044405Z ./releases/v0.37.0/site/game/playground/index.html
2026-09-15T13:37:13.8044762Z ./releases/v0.37.0/site/game/index.html
2026-09-15T13:37:13.8045115Z ./releases/v0.37.0/site/game/replay-theater/
2026-09-15T13:37:13.8045702Z ./releases/v0.37.0/site/game/replay-theater/index.html
2026-09-15T13:37:13.8046284Z ./releases/v0.37.0/site/service-worker.js
2026-09-15T13:37:13.8046640Z ./releases/v0.37.0/site/distribution.zip.sha256
2026-09-15T13:37:13.8046981Z ./releases/v0.37.0/release.json
2026-09-15T13:37:13.8047260Z ./releases/v0.22.0/
2026-09-15T13:37:13.8047498Z ./releases/v0.22.0/site/
2026-09-15T13:37:13.8047797Z ./releases/v0.22.0/site/manifest.json
2026-09-15T13:37:13.8048116Z ./releases/v0.22.0/site/credits.html
2026-09-15T13:37:13.8048418Z ./releases/v0.22.0/site/privacy.html
2026-09-15T13:37:13.8048715Z ./releases/v0.22.0/site/index.html
2026-09-15T13:37:13.8048999Z ./releases/v0.22.0/site/game/
2026-09-15T13:37:13.8049317Z ./releases/v0.22.0/site/game/controller-lab/
2026-09-15T13:37:13.8049705Z ./releases/v0.22.0/site/game/controller-lab/index.html
2026-09-15T13:37:13.8050085Z ./releases/v0.22.0/site/game/couch/
2026-09-15T13:37:13.8050429Z ./releases/v0.22.0/site/game/couch/index.html
2026-09-15T13:37:13.8050774Z ./releases/v0.22.0/site/game/playground/
2026-09-15T13:37:13.8051155Z ./releases/v0.22.0/site/game/playground/index.html
2026-09-15T13:37:13.8051511Z ./releases/v0.22.0/site/game/index.html
2026-09-15T13:37:13.8051844Z ./releases/v0.22.0/site/game/replay-theater/
2026-09-15T13:37:13.8052391Z ./releases/v0.22.0/site/game/replay-theater/index.html
2026-09-15T13:37:13.8052779Z ./releases/v0.22.0/site/service-worker.js
2026-09-15T13:37:13.8053141Z ./releases/v0.22.0/site/distribution.zip.sha256
2026-09-15T13:37:13.8053482Z ./releases/v0.22.0/release.json
2026-09-15T13:37:13.8053754Z ./releases/v0.46.0/
2026-09-15T13:37:13.8053994Z ./releases/v0.46.0/site/
2026-09-15T13:37:13.8054249Z ./releases/v0.46.0/site/site/
2026-09-15T13:37:13.8054772Z ./releases/v0.46.0/site/site/about.html
2026-09-15T13:37:13.8055234Z ./releases/v0.46.0/site/manifest.json
2026-09-15T13:37:13.8055552Z ./releases/v0.46.0/site/authoring/
2026-09-15T13:37:13.8056105Z ./releases/v0.46.0/site/authoring/video-poster/
2026-09-15T13:37:13.8056523Z ./releases/v0.46.0/site/authoring/video-poster/index.html
2026-09-15T13:37:13.8056933Z ./releases/v0.46.0/site/authoring/design-atlas/
2026-09-15T13:37:13.8057339Z ./releases/v0.46.0/site/authoring/design-atlas/index.html
2026-09-15T13:37:13.8057731Z ./releases/v0.46.0/site/authoring/still-media/
2026-09-15T13:37:13.8058130Z ./releases/v0.46.0/site/authoring/still-media/index.html
2026-09-15T13:37:13.8058531Z ./releases/v0.46.0/site/authoring/enemy-catalog/
2026-09-15T13:37:13.8058949Z ./releases/v0.46.0/site/authoring/enemy-catalog/index.html
2026-09-15T13:37:13.8059318Z ./releases/v0.46.0/site/credits.html
2026-09-15T13:37:13.8059625Z ./releases/v0.46.0/site/privacy.html
2026-09-15T13:37:13.8059935Z ./releases/v0.46.0/site/index.html
2026-09-15T13:37:13.8060213Z ./releases/v0.46.0/site/game/
2026-09-15T13:37:13.8060523Z ./releases/v0.46.0/site/game/controller-lab/
2026-09-15T13:37:13.8060912Z ./releases/v0.46.0/site/game/controller-lab/index.html
2026-09-15T13:37:13.8061265Z ./releases/v0.46.0/site/game/couch/
2026-09-15T13:37:13.8061598Z ./releases/v0.46.0/site/game/couch/index.html
2026-09-15T13:37:13.8061943Z ./releases/v0.46.0/site/game/playground/
2026-09-15T13:37:13.8062301Z ./releases/v0.46.0/site/game/playground/index.html
2026-09-15T13:37:13.8062654Z ./releases/v0.46.0/site/game/index.html
2026-09-15T13:37:13.8062982Z ./releases/v0.46.0/site/game/replay-theater/
2026-09-15T13:37:13.8063371Z ./releases/v0.46.0/site/game/replay-theater/index.html
2026-09-15T13:37:13.8063730Z ./releases/v0.46.0/site/service-worker.js
2026-09-15T13:37:13.8064079Z ./releases/v0.46.0/site/distribution.zip.sha256
2026-09-15T13:37:13.8064417Z ./releases/v0.46.0/release.json
2026-09-15T13:37:13.8064686Z ./releases/v0.38.0/
2026-09-15T13:37:13.8064924Z ./releases/v0.38.0/site/
2026-09-15T13:37:13.8065176Z ./releases/v0.38.0/site/site/
2026-09-15T13:37:13.8065479Z ./releases/v0.38.0/site/site/about.html
2026-09-15T13:37:13.8065900Z ./releases/v0.38.0/site/manifest.json
2026-09-15T13:37:13.8066221Z ./releases/v0.38.0/site/authoring/
2026-09-15T13:37:13.8066712Z ./releases/v0.38.0/site/authoring/video-poster/
2026-09-15T13:37:13.8067121Z ./releases/v0.38.0/site/authoring/video-poster/index.html
2026-09-15T13:37:13.8067513Z ./releases/v0.38.0/site/authoring/still-media/
2026-09-15T13:37:13.8067918Z ./releases/v0.38.0/site/authoring/still-media/index.html
2026-09-15T13:37:13.8068313Z ./releases/v0.38.0/site/authoring/enemy-catalog/
2026-09-15T13:37:13.8068718Z ./releases/v0.38.0/site/authoring/enemy-catalog/index.html
2026-09-15T13:37:13.8069087Z ./releases/v0.38.0/site/credits.html
2026-09-15T13:37:13.8069400Z ./releases/v0.38.0/site/privacy.html
2026-09-15T13:37:13.8069700Z ./releases/v0.38.0/site/index.html
2026-09-15T13:37:13.8069972Z ./releases/v0.38.0/site/game/
2026-09-15T13:37:13.8070288Z ./releases/v0.38.0/site/game/controller-lab/
2026-09-15T13:37:13.8070669Z ./releases/v0.38.0/site/game/controller-lab/index.html
2026-09-15T13:37:13.8071021Z ./releases/v0.38.0/site/game/couch/
2026-09-15T13:37:13.8071355Z ./releases/v0.38.0/site/game/couch/index.html
2026-09-15T13:37:13.8071698Z ./releases/v0.38.0/site/game/playground/
2026-09-15T13:37:13.8072059Z ./releases/v0.38.0/site/game/playground/index.html
2026-09-15T13:37:13.8072415Z ./releases/v0.38.0/site/game/index.html
2026-09-15T13:37:13.8072870Z ./releases/v0.38.0/site/game/replay-theater/
2026-09-15T13:37:13.8073256Z ./releases/v0.38.0/site/game/replay-theater/index.html
2026-09-15T13:37:13.8073626Z ./releases/v0.38.0/site/service-worker.js
2026-09-15T13:37:13.8073990Z ./releases/v0.38.0/site/distribution.zip.sha256
2026-09-15T13:37:13.8074324Z ./releases/v0.38.0/release.json
2026-09-15T13:37:13.8074585Z ./releases/v0.11.0/
2026-09-15T13:37:13.8074828Z ./releases/v0.11.0/site/
2026-09-15T13:37:13.8075110Z ./releases/v0.11.0/site/manifest.json
2026-09-15T13:37:13.8075417Z ./releases/v0.11.0/site/credits.html
2026-09-15T13:37:13.8075732Z ./releases/v0.11.0/site/privacy.html
2026-09-15T13:37:13.8076141Z ./releases/v0.11.0/site/index.html
2026-09-15T13:37:13.8076414Z ./releases/v0.11.0/site/game/
2026-09-15T13:37:13.8076732Z ./releases/v0.11.0/site/game/controller-lab/
2026-09-15T13:37:13.8077110Z ./releases/v0.11.0/site/game/controller-lab/index.html
2026-09-15T13:37:13.8077455Z ./releases/v0.11.0/site/game/couch/
2026-09-15T13:37:13.8077785Z ./releases/v0.11.0/site/game/couch/index.html
2026-09-15T13:37:13.8078128Z ./releases/v0.11.0/site/game/playground/
2026-09-15T13:37:13.8078479Z ./releases/v0.11.0/site/game/playground/index.html
2026-09-15T13:37:13.8078818Z ./releases/v0.11.0/site/game/index.html
2026-09-15T13:37:13.8078984Z ./releases/v0.11.0/site/game/replay-theater/
2026-09-15T13:37:13.8079180Z ./releases/v0.11.0/site/game/replay-theater/index.html
2026-09-15T13:37:13.8079332Z ./releases/v0.11.0/site/service-worker.js
2026-09-15T13:37:13.8079512Z ./releases/v0.11.0/site/distribution.zip.sha256
2026-09-15T13:37:13.8079651Z ./releases/v0.11.0/release.json
2026-09-15T13:37:13.8079760Z ./releases/v0.18.0/
2026-09-15T13:37:13.8079868Z ./releases/v0.18.0/site/
2026-09-15T13:37:13.8080016Z ./releases/v0.18.0/site/manifest.json
2026-09-15T13:37:13.8080166Z ./releases/v0.18.0/site/credits.html
2026-09-15T13:37:13.8080303Z ./releases/v0.18.0/site/privacy.html
2026-09-15T13:37:13.8080445Z ./releases/v0.18.0/site/index.html
2026-09-15T13:37:13.8080563Z ./releases/v0.18.0/site/game/
2026-09-15T13:37:13.8080725Z ./releases/v0.18.0/site/game/controller-lab/
2026-09-15T13:37:13.8080923Z ./releases/v0.18.0/site/game/controller-lab/index.html
2026-09-15T13:37:13.8081064Z ./releases/v0.18.0/site/game/couch/
2026-09-15T13:37:13.8081230Z ./releases/v0.18.0/site/game/couch/index.html
2026-09-15T13:37:13.8081374Z ./releases/v0.18.0/site/game/playground/
2026-09-15T13:37:13.8081555Z ./releases/v0.18.0/site/game/playground/index.html
2026-09-15T13:37:13.8081703Z ./releases/v0.18.0/site/game/index.html
2026-09-15T13:37:13.8081859Z ./releases/v0.18.0/site/game/replay-theater/
2026-09-15T13:37:13.8082057Z ./releases/v0.18.0/site/game/replay-theater/index.html
2026-09-15T13:37:13.8082216Z ./releases/v0.18.0/site/service-worker.js
2026-09-15T13:37:13.8082527Z ./releases/v0.18.0/site/distribution.zip.sha256
2026-09-15T13:37:13.8082664Z ./releases/v0.18.0/release.json
2026-09-15T13:37:13.8082772Z ./releases/v0.21.0/
2026-09-15T13:37:13.8082886Z ./releases/v0.21.0/site/
2026-09-15T13:37:13.8083031Z ./releases/v0.21.0/site/manifest.json
2026-09-15T13:37:13.8083183Z ./releases/v0.21.0/site/credits.html
2026-09-15T13:37:13.8083332Z ./releases/v0.21.0/site/privacy.html
2026-09-15T13:37:13.8083468Z ./releases/v0.21.0/site/index.html
2026-09-15T13:37:13.8083589Z ./releases/v0.21.0/site/game/
2026-09-15T13:37:13.8083758Z ./releases/v0.21.0/site/game/controller-lab/
2026-09-15T13:37:13.8083951Z ./releases/v0.21.0/site/game/controller-lab/index.html
2026-09-15T13:37:13.8084096Z ./releases/v0.21.0/site/game/couch/
2026-09-15T13:37:13.8084267Z ./releases/v0.21.0/site/game/couch/index.html
2026-09-15T13:37:13.8084423Z ./releases/v0.21.0/site/game/playground/
2026-09-15T13:37:13.8084600Z ./releases/v0.21.0/site/game/playground/index.html
2026-09-15T13:37:13.8084760Z ./releases/v0.21.0/site/game/index.html
2026-09-15T13:37:13.8084917Z ./releases/v0.21.0/site/game/replay-theater/
2026-09-15T13:37:13.8085104Z ./releases/v0.21.0/site/game/replay-theater/index.html
2026-09-15T13:37:13.8085380Z ./releases/v0.21.0/site/service-worker.js
2026-09-15T13:37:13.8085564Z ./releases/v0.21.0/site/distribution.zip.sha256
2026-09-15T13:37:13.8085704Z ./releases/v0.21.0/release.json
2026-09-15T13:37:13.8085915Z ./releases/v0.2.1/
2026-09-15T13:37:13.8086033Z ./releases/v0.2.1/site/
2026-09-15T13:37:13.8086180Z ./releases/v0.2.1/site/manifest.json
2026-09-15T13:37:13.8086316Z ./releases/v0.2.1/site/credits.html
2026-09-15T13:37:13.8086460Z ./releases/v0.2.1/site/privacy.html
2026-09-15T13:37:13.8086600Z ./releases/v0.2.1/site/index.html
2026-09-15T13:37:13.8086714Z ./releases/v0.2.1/site/game/
2026-09-15T13:37:13.8086857Z ./releases/v0.2.1/site/game/couch/
2026-09-15T13:37:13.8087026Z ./releases/v0.2.1/site/game/couch/index.html
2026-09-15T13:37:13.8087181Z ./releases/v0.2.1/site/game/playground/
2026-09-15T13:37:13.8087369Z ./releases/v0.2.1/site/game/playground/index.html
2026-09-15T13:37:13.8087525Z ./releases/v0.2.1/site/game/index.html
2026-09-15T13:37:13.8087691Z ./releases/v0.2.1/site/game/replay-theater/
2026-09-15T13:37:13.8087890Z ./releases/v0.2.1/site/game/replay-theater/index.html
2026-09-15T13:37:13.8088049Z ./releases/v0.2.1/site/service-worker.js
2026-09-15T13:37:13.8088224Z ./releases/v0.2.1/site/distribution.zip.sha256
2026-09-15T13:37:13.8088358Z ./releases/v0.2.1/release.json
2026-09-15T13:37:13.8088473Z ./releases/v0.52.0/
2026-09-15T13:37:13.8088588Z ./releases/v0.52.0/site/
2026-09-15T13:37:13.8088708Z ./releases/v0.52.0/site/site/
2026-09-15T13:37:13.8088852Z ./releases/v0.52.0/site/site/about.html
2026-09-15T13:37:13.8088999Z ./releases/v0.52.0/site/manifest.json
2026-09-15T13:37:13.8089138Z ./releases/v0.52.0/site/authoring/
2026-09-15T13:37:13.8089289Z ./releases/v0.52.0/site/authoring/library/
2026-09-15T13:37:13.8089503Z ./releases/v0.52.0/site/authoring/library/fpv-field-kit/
2026-09-15T13:37:13.8089764Z ./releases/v0.52.0/site/authoring/library/fpv-field-kit/prepared/
2026-09-15T13:37:13.8090042Z ./releases/v0.52.0/site/authoring/library/fpv-field-kit/prepared/reveals/
2026-09-15T13:37:13.8090371Z ./releases/v0.52.0/site/authoring/library/fpv-field-kit/prepared/reveals/review.html
2026-09-15T13:37:13.8090544Z ./releases/v0.52.0/site/authoring/motion-lab/
2026-09-15T13:37:13.8090754Z ./releases/v0.52.0/site/authoring/motion-lab/index.html
2026-09-15T13:37:13.8090930Z ./releases/v0.52.0/site/authoring/video-poster/
2026-09-15T13:37:13.8091148Z ./releases/v0.52.0/site/authoring/video-poster/index.html
2026-09-15T13:37:13.8091324Z ./releases/v0.52.0/site/authoring/design-atlas/
2026-09-15T13:37:13.8091525Z ./releases/v0.52.0/site/authoring/design-atlas/index.html
2026-09-15T13:37:13.8091770Z ./releases/v0.52.0/site/authoring/design-atlas/reveal-audit.html
2026-09-15T13:37:13.8091943Z ./releases/v0.52.0/site/authoring/still-media/
2026-09-15T13:37:13.8092288Z ./releases/v0.52.0/site/authoring/still-media/index.html
2026-09-15T13:37:13.8092463Z ./releases/v0.52.0/site/authoring/enemy-catalog/
2026-09-15T13:37:13.8092681Z ./releases/v0.52.0/site/authoring/enemy-catalog/index.html
2026-09-15T13:37:13.8092855Z ./releases/v0.52.0/site/authoring/asset-studio/
2026-09-15T13:37:13.8093054Z ./releases/v0.52.0/site/authoring/asset-studio/index.html
2026-09-15T13:37:13.8093200Z ./releases/v0.52.0/site/credits.html
2026-09-15T13:37:13.8093345Z ./releases/v0.52.0/site/privacy.html
2026-09-15T13:37:13.8093480Z ./releases/v0.52.0/site/index.html
2026-09-15T13:37:13.8093606Z ./releases/v0.52.0/site/game/
2026-09-15T13:37:13.8093773Z ./releases/v0.52.0/site/game/controller-lab/
2026-09-15T13:37:13.8093968Z ./releases/v0.52.0/site/game/controller-lab/index.html
2026-09-15T13:37:13.8094109Z ./releases/v0.52.0/site/game/couch/
2026-09-15T13:37:13.8094302Z ./releases/v0.52.0/site/game/couch/relay-rescue.html
2026-09-15T13:37:13.8094468Z ./releases/v0.52.0/site/game/couch/index.html
2026-09-15T13:37:13.8094621Z ./releases/v0.52.0/site/game/playground/
2026-09-15T13:37:13.8094807Z ./releases/v0.52.0/site/game/playground/index.html
2026-09-15T13:37:13.8094956Z ./releases/v0.52.0/site/game/index.html
2026-09-15T13:37:13.8095234Z ./releases/v0.52.0/site/game/replay-theater/
2026-09-15T13:37:13.8095426Z ./releases/v0.52.0/site/game/replay-theater/index.html
2026-09-15T13:37:13.8095571Z ./releases/v0.52.0/site/game/assets/
2026-09-15T13:37:13.8095858Z ./releases/v0.52.0/site/game/assets/field-kit/
2026-09-15T13:37:13.8096043Z ./releases/v0.52.0/site/game/assets/field-kit/icons/
2026-09-15T13:37:13.8096281Z ./releases/v0.52.0/site/game/assets/field-kit/icons/review.html
2026-09-15T13:37:13.8096477Z ./releases/v0.52.0/site/game/assets/field-kit/sprites/
2026-09-15T13:37:13.8096709Z ./releases/v0.52.0/site/game/assets/field-kit/sprites/review.html
2026-09-15T13:37:13.8096872Z ./releases/v0.52.0/site/service-worker.js
2026-09-15T13:37:13.8097047Z ./releases/v0.52.0/site/distribution.zip.sha256
2026-09-15T13:37:13.8097191Z ./releases/v0.52.0/release.json
2026-09-15T13:37:13.8097296Z ./releases/v0.47.0/
2026-09-15T13:37:13.8097414Z ./releases/v0.47.0/site/
2026-09-15T13:37:13.8097531Z ./releases/v0.47.0/site/site/
2026-09-15T13:37:13.8097680Z ./releases/v0.47.0/site/site/about.html
2026-09-15T13:37:13.8097832Z ./releases/v0.47.0/site/manifest.json
2026-09-15T13:37:13.8097972Z ./releases/v0.47.0/site/authoring/
2026-09-15T13:37:13.8098138Z ./releases/v0.47.0/site/authoring/video-poster/
2026-09-15T13:37:13.8098346Z ./releases/v0.47.0/site/authoring/video-poster/index.html
2026-09-15T13:37:13.8098519Z ./releases/v0.47.0/site/authoring/design-atlas/
2026-09-15T13:37:13.8098721Z ./releases/v0.47.0/site/authoring/design-atlas/index.html
2026-09-15T13:37:13.8098883Z ./releases/v0.47.0/site/authoring/still-media/
2026-09-15T13:37:13.8099085Z ./releases/v0.47.0/site/authoring/still-media/index.html
2026-09-15T13:37:13.8099262Z ./releases/v0.47.0/site/authoring/enemy-catalog/
2026-09-15T13:37:13.8099471Z ./releases/v0.47.0/site/authoring/enemy-catalog/index.html
2026-09-15T13:37:13.8099646Z ./releases/v0.47.0/site/authoring/asset-studio/
2026-09-15T13:37:13.8099853Z ./releases/v0.47.0/site/authoring/asset-studio/index.html
2026-09-15T13:37:13.8100008Z ./releases/v0.47.0/site/credits.html
2026-09-15T13:37:13.8100146Z ./releases/v0.47.0/site/privacy.html
2026-09-15T13:37:13.8100288Z ./releases/v0.47.0/site/index.html
2026-09-15T13:37:13.8100405Z ./releases/v0.47.0/site/game/
2026-09-15T13:37:13.8100561Z ./releases/v0.47.0/site/game/controller-lab/
2026-09-15T13:37:13.8100759Z ./releases/v0.47.0/site/game/controller-lab/index.html
2026-09-15T13:37:13.8100901Z ./releases/v0.47.0/site/game/couch/
2026-09-15T13:37:13.8101060Z ./releases/v0.47.0/site/game/couch/index.html
2026-09-15T13:37:13.8101215Z ./releases/v0.47.0/site/game/playground/
2026-09-15T13:37:13.8101395Z ./releases/v0.47.0/site/game/playground/index.html
2026-09-15T13:37:13.8101543Z ./releases/v0.47.0/site/game/index.html
2026-09-15T13:37:13.8101866Z ./releases/v0.47.0/site/game/replay-theater/
2026-09-15T13:37:13.8102063Z ./releases/v0.47.0/site/game/replay-theater/index.html
2026-09-15T13:37:13.8102224Z ./releases/v0.47.0/site/service-worker.js
2026-09-15T13:37:13.8102401Z ./releases/v0.47.0/site/distribution.zip.sha256
2026-09-15T13:37:13.8102550Z ./releases/v0.47.0/release.json
2026-09-15T13:37:13.8102669Z ./releases/index.html
2026-09-15T13:37:13.8102772Z ./releases/v0.39.0/
2026-09-15T13:37:13.8102890Z ./releases/v0.39.0/site/
2026-09-15T13:37:13.8103010Z ./releases/v0.39.0/site/site/
2026-09-15T13:37:13.8103165Z ./releases/v0.39.0/site/site/about.html
2026-09-15T13:37:13.8103311Z ./releases/v0.39.0/site/manifest.json
2026-09-15T13:37:13.8103454Z ./releases/v0.39.0/site/authoring/
2026-09-15T13:37:13.8103631Z ./releases/v0.39.0/site/authoring/video-poster/
2026-09-15T13:37:13.8103886Z ./releases/v0.39.0/site/authoring/video-poster/index.html
2026-09-15T13:37:13.8104066Z ./releases/v0.39.0/site/authoring/still-media/
2026-09-15T13:37:13.8104289Z ./releases/v0.39.0/site/authoring/still-media/index.html
2026-09-15T13:37:13.8104468Z ./releases/v0.39.0/site/authoring/enemy-catalog/
2026-09-15T13:37:13.8104678Z ./releases/v0.39.0/site/authoring/enemy-catalog/index.html
2026-09-15T13:37:13.8104949Z ./releases/v0.39.0/site/credits.html
2026-09-15T13:37:13.8105097Z ./releases/v0.39.0/site/privacy.html
2026-09-15T13:37:13.8105233Z ./releases/v0.39.0/site/index.html
2026-09-15T13:37:13.8105357Z ./releases/v0.39.0/site/game/
2026-09-15T13:37:13.8105530Z ./releases/v0.39.0/site/game/controller-lab/
2026-09-15T13:37:13.8105727Z ./releases/v0.39.0/site/game/controller-lab/index.html
2026-09-15T13:37:13.8105971Z ./releases/v0.39.0/site/game/couch/
2026-09-15T13:37:13.8106142Z ./releases/v0.39.0/site/game/couch/index.html
2026-09-15T13:37:13.8106299Z ./releases/v0.39.0/site/game/playground/
2026-09-15T13:37:13.8106480Z ./releases/v0.39.0/site/game/playground/index.html
2026-09-15T13:37:13.8106632Z ./releases/v0.39.0/site/game/index.html
2026-09-15T13:37:13.8106802Z ./releases/v0.39.0/site/game/replay-theater/
2026-09-15T13:37:13.8106992Z ./releases/v0.39.0/site/game/replay-theater/index.html
2026-09-15T13:37:13.8107152Z ./releases/v0.39.0/site/service-worker.js
2026-09-15T13:37:13.8107328Z ./releases/v0.39.0/site/distribution.zip.sha256
2026-09-15T13:37:13.8107471Z ./releases/v0.39.0/release.json
2026-09-15T13:37:13.8107573Z ./releases/v0.56.0/
2026-09-15T13:37:13.8107690Z ./releases/v0.56.0/site/
2026-09-15T13:37:13.8107808Z ./releases/v0.56.0/site/site/
2026-09-15T13:37:13.8107957Z ./releases/v0.56.0/site/site/about.html
2026-09-15T13:37:13.8108109Z ./releases/v0.56.0/site/manifest.json
2026-09-15T13:37:13.8108250Z ./releases/v0.56.0/site/authoring/
2026-09-15T13:37:13.8108403Z ./releases/v0.56.0/site/authoring/library/
2026-09-15T13:37:13.8108613Z ./releases/v0.56.0/site/authoring/library/fpv-field-kit/
2026-09-15T13:37:13.8108920Z ./releases/v0.56.0/site/authoring/library/fpv-field-kit/prepared/
2026-09-15T13:37:13.8109199Z ./releases/v0.56.0/site/authoring/library/fpv-field-kit/prepared/reveals/
2026-09-15T13:37:13.8109520Z ./releases/v0.56.0/site/authoring/library/fpv-field-kit/prepared/reveals/review.html
2026-09-15T13:37:13.8109691Z ./releases/v0.56.0/site/authoring/motion-lab/
2026-09-15T13:37:13.8109902Z ./releases/v0.56.0/site/authoring/motion-lab/index.html
2026-09-15T13:37:13.8110070Z ./releases/v0.56.0/site/authoring/video-poster/
2026-09-15T13:37:13.8110282Z ./releases/v0.56.0/site/authoring/video-poster/index.html
2026-09-15T13:37:13.8110462Z ./releases/v0.56.0/site/authoring/design-atlas/
2026-09-15T13:37:13.8110666Z ./releases/v0.56.0/site/authoring/design-atlas/index.html
2026-09-15T13:37:13.8110901Z ./releases/v0.56.0/site/authoring/design-atlas/reveal-audit.html
2026-09-15T13:37:13.8111072Z ./releases/v0.56.0/site/authoring/still-media/
2026-09-15T13:37:13.8111277Z ./releases/v0.56.0/site/authoring/still-media/index.html
2026-09-15T13:37:13.8111450Z ./releases/v0.56.0/site/authoring/enemy-catalog/
2026-09-15T13:37:13.8111662Z ./releases/v0.56.0/site/authoring/enemy-catalog/index.html
2026-09-15T13:37:13.8111962Z ./releases/v0.56.0/site/authoring/asset-studio/
2026-09-15T13:37:13.8112168Z ./releases/v0.56.0/site/authoring/asset-studio/index.html
2026-09-15T13:37:13.8112309Z ./releases/v0.56.0/site/credits.html
2026-09-15T13:37:13.8112459Z ./releases/v0.56.0/site/privacy.html
2026-09-15T13:37:13.8112601Z ./releases/v0.56.0/site/index.html
2026-09-15T13:37:13.8112716Z ./releases/v0.56.0/site/game/
2026-09-15T13:37:13.8112884Z ./releases/v0.56.0/site/game/controller-lab/
2026-09-15T13:37:13.8113081Z ./releases/v0.56.0/site/game/controller-lab/index.html
2026-09-15T13:37:13.8113218Z ./releases/v0.56.0/site/game/couch/
2026-09-15T13:37:13.8113411Z ./releases/v0.56.0/site/game/couch/relay-rescue.html
2026-09-15T13:37:13.8113578Z ./releases/v0.56.0/site/game/couch/index.html
2026-09-15T13:37:13.8113733Z ./releases/v0.56.0/site/game/playground/
2026-09-15T13:37:13.8113914Z ./releases/v0.56.0/site/game/playground/index.html
2026-09-15T13:37:13.8114063Z ./releases/v0.56.0/site/game/index.html
2026-09-15T13:37:13.8114230Z ./releases/v0.56.0/site/game/replay-theater/
2026-09-15T13:37:13.8114422Z ./releases/v0.56.0/site/game/replay-theater/index.html
2026-09-15T13:37:13.8114608Z ./releases/v0.56.0/site/game/profile-recovery.html
2026-09-15T13:37:13.8114865Z ./releases/v0.56.0/site/game/assets/
2026-09-15T13:37:13.8115035Z ./releases/v0.56.0/site/game/assets/field-kit/
2026-09-15T13:37:13.8115226Z ./releases/v0.56.0/site/game/assets/field-kit/icons/
2026-09-15T13:37:13.8115460Z ./releases/v0.56.0/site/game/assets/field-kit/icons/review.html
2026-09-15T13:37:13.8115653Z ./releases/v0.56.0/site/game/assets/field-kit/sprites/
2026-09-15T13:37:13.8116001Z ./releases/v0.56.0/site/game/assets/field-kit/sprites/review.html
2026-09-15T13:37:13.8116164Z ./releases/v0.56.0/site/service-worker.js
2026-09-15T13:37:13.8116343Z ./releases/v0.56.0/site/distribution.zip.sha256
2026-09-15T13:37:13.8116474Z ./releases/v0.56.0/release.json
2026-09-15T13:37:13.8116586Z ./releases/v0.33.0/
2026-09-15T13:37:13.8116705Z ./releases/v0.33.0/site/
2026-09-15T13:37:13.8116825Z ./releases/v0.33.0/site/site/
2026-09-15T13:37:13.8117056Z ./releases/v0.33.0/site/site/about.html
2026-09-15T13:37:13.8117291Z ./releases/v0.33.0/site/manifest.json
2026-09-15T13:37:13.8117521Z ./releases/v0.33.0/site/authoring/
2026-09-15T13:37:13.8117799Z ./releases/v0.33.0/site/authoring/still-media/
2026-09-15T13:37:13.8118016Z ./releases/v0.33.0/site/authoring/still-media/index.html
2026-09-15T13:37:13.8118196Z ./releases/v0.33.0/site/authoring/enemy-catalog/
2026-09-15T13:37:13.8118406Z ./releases/v0.33.0/site/authoring/enemy-catalog/index.html
2026-09-15T13:37:13.8118554Z ./releases/v0.33.0/site/credits.html
2026-09-15T13:37:13.8118699Z ./releases/v0.33.0/site/privacy.html
2026-09-15T13:37:13.8118844Z ./releases/v0.33.0/site/index.html
2026-09-15T13:37:13.8118958Z ./releases/v0.33.0/site/game/
2026-09-15T13:37:13.8119124Z ./releases/v0.33.0/site/game/controller-lab/
2026-09-15T13:37:13.8119320Z ./releases/v0.33.0/site/game/controller-lab/index.html
2026-09-15T13:37:13.8119462Z ./releases/v0.33.0/site/game/couch/
2026-09-15T13:37:13.8119631Z ./releases/v0.33.0/site/game/couch/index.html
2026-09-15T13:37:13.8119784Z ./releases/v0.33.0/site/game/playground/
2026-09-15T13:37:13.8119964Z ./releases/v0.33.0/site/game/playground/index.html
2026-09-15T13:37:13.8120119Z ./releases/v0.33.0/site/game/index.html
2026-09-15T13:37:13.8120282Z ./releases/v0.33.0/site/game/replay-theater/
2026-09-15T13:37:13.8120480Z ./releases/v0.33.0/site/game/replay-theater/index.html
2026-09-15T13:37:13.8120631Z ./releases/v0.33.0/site/service-worker.js
2026-09-15T13:37:13.8120808Z ./releases/v0.33.0/site/distribution.zip.sha256
2026-09-15T13:37:13.8120945Z ./releases/v0.33.0/release.json
2026-09-15T13:37:13.8121049Z ./releases/v0.34.0/
2026-09-15T13:37:13.8121166Z ./releases/v0.34.0/site/
2026-09-15T13:37:13.8121282Z ./releases/v0.34.0/site/site/
2026-09-15T13:37:13.8121423Z ./releases/v0.34.0/site/site/about.html
2026-09-15T13:37:13.8121575Z ./releases/v0.34.0/site/manifest.json
2026-09-15T13:37:13.8121864Z ./releases/v0.34.0/site/authoring/
2026-09-15T13:37:13.8122036Z ./releases/v0.34.0/site/authoring/video-poster/
2026-09-15T13:37:13.8122237Z ./releases/v0.34.0/site/authoring/video-poster/index.html
2026-09-15T13:37:13.8122413Z ./releases/v0.34.0/site/authoring/still-media/
2026-09-15T13:37:13.8122617Z ./releases/v0.34.0/site/authoring/still-media/index.html
2026-09-15T13:37:13.8122786Z ./releases/v0.34.0/site/authoring/enemy-catalog/
2026-09-15T13:37:13.8122996Z ./releases/v0.34.0/site/authoring/enemy-catalog/index.html
2026-09-15T13:37:13.8123139Z ./releases/v0.34.0/site/credits.html
2026-09-15T13:37:13.8123282Z ./releases/v0.34.0/site/privacy.html
2026-09-15T13:37:13.8123419Z ./releases/v0.34.0/site/index.html
2026-09-15T13:37:13.8123539Z ./releases/v0.34.0/site/game/
2026-09-15T13:37:13.8123700Z ./releases/v0.34.0/site/game/controller-lab/
2026-09-15T13:37:13.8123887Z ./releases/v0.34.0/site/game/controller-lab/index.html
2026-09-15T13:37:13.8124036Z ./releases/v0.34.0/site/game/couch/
2026-09-15T13:37:13.8124203Z ./releases/v0.34.0/site/game/couch/index.html
2026-09-15T13:37:13.8124348Z ./releases/v0.34.0/site/game/playground/
2026-09-15T13:37:13.8124532Z ./releases/v0.34.0/site/game/playground/index.html
2026-09-15T13:37:13.8124799Z ./releases/v0.34.0/site/game/index.html
2026-09-15T13:37:13.8124961Z ./releases/v0.34.0/site/game/replay-theater/
2026-09-15T13:37:13.8125147Z ./releases/v0.34.0/site/game/replay-theater/index.html
2026-09-15T13:37:13.8125307Z ./releases/v0.34.0/site/service-worker.js
2026-09-15T13:37:13.8125483Z ./releases/v0.34.0/site/distribution.zip.sha256
2026-09-15T13:37:13.8125613Z ./releases/v0.34.0/release.json
2026-09-15T13:37:13.8125726Z ./releases/v0.2.0/
2026-09-15T13:37:13.8125955Z ./releases/v0.2.0/site/
2026-09-15T13:37:13.8126094Z ./releases/v0.2.0/site/manifest.json
2026-09-15T13:37:13.8126237Z ./releases/v0.2.0/site/credits.html
2026-09-15T13:37:13.8126380Z ./releases/v0.2.0/site/privacy.html
2026-09-15T13:37:13.8126530Z ./releases/v0.2.0/site/index.html
2026-09-15T13:37:13.8126645Z ./releases/v0.2.0/site/game/
2026-09-15T13:37:13.8126788Z ./releases/v0.2.0/site/game/couch/
2026-09-15T13:37:13.8126951Z ./releases/v0.2.0/site/game/couch/index.html
2026-09-15T13:37:13.8127099Z ./releases/v0.2.0/site/game/playground/
2026-09-15T13:37:13.8127288Z ./releases/v0.2.0/site/game/playground/index.html
2026-09-15T13:37:13.8127440Z ./releases/v0.2.0/site/game/index.html
2026-09-15T13:37:13.8127598Z ./releases/v0.2.0/site/game/replay-theater/
2026-09-15T13:37:13.8127798Z ./releases/v0.2.0/site/game/replay-theater/index.html
2026-09-15T13:37:13.8127952Z ./releases/v0.2.0/site/service-worker.js
2026-09-15T13:37:13.8128126Z ./releases/v0.2.0/site/distribution.zip.sha256
2026-09-15T13:37:13.8128261Z ./releases/v0.2.0/release.json
2026-09-15T13:37:13.8128378Z ./releases/v0.4.1/
2026-09-15T13:37:13.8128495Z ./releases/v0.4.1/site/
2026-09-15T13:37:13.8128639Z ./releases/v0.4.1/site/manifest.json
2026-09-15T13:37:13.8128776Z ./releases/v0.4.1/site/credits.html
2026-09-15T13:37:13.8128923Z ./releases/v0.4.1/site/privacy.html
2026-09-15T13:37:13.8129062Z ./releases/v0.4.1/site/index.html
2026-09-15T13:37:13.8129174Z ./releases/v0.4.1/site/game/
2026-09-15T13:37:13.8129314Z ./releases/v0.4.1/site/game/couch/
2026-09-15T13:37:13.8129481Z ./releases/v0.4.1/site/game/couch/index.html
2026-09-15T13:37:13.8129631Z ./releases/v0.4.1/site/game/playground/
2026-09-15T13:37:13.8129809Z ./releases/v0.4.1/site/game/playground/index.html
2026-09-15T13:37:13.8129957Z ./releases/v0.4.1/site/game/index.html
2026-09-15T13:37:13.8130115Z ./releases/v0.4.1/site/game/replay-theater/
2026-09-15T13:37:13.8130300Z ./releases/v0.4.1/site/game/replay-theater/index.html
2026-09-15T13:37:13.8130455Z ./releases/v0.4.1/site/service-worker.js
2026-09-15T13:37:13.8130624Z ./releases/v0.4.1/site/distribution.zip.sha256
2026-09-15T13:37:13.8130754Z ./releases/v0.4.1/release.json
2026-09-15T13:37:13.8130864Z ./releases/v0.45.0/
2026-09-15T13:37:13.8130979Z ./releases/v0.45.0/site/
2026-09-15T13:37:13.8131231Z ./releases/v0.45.0/site/site/
2026-09-15T13:37:13.8131375Z ./releases/v0.45.0/site/site/about.html
2026-09-15T13:37:13.8131526Z ./releases/v0.45.0/site/manifest.json
2026-09-15T13:37:13.8131669Z ./releases/v0.45.0/site/authoring/
2026-09-15T13:37:13.8131842Z ./releases/v0.45.0/site/authoring/video-poster/
2026-09-15T13:37:13.8132053Z ./releases/v0.45.0/site/authoring/video-poster/index.html
2026-09-15T13:37:13.8132227Z ./releases/v0.45.0/site/authoring/design-atlas/
2026-09-15T13:37:13.8132424Z ./releases/v0.45.0/site/authoring/design-atlas/index.html
2026-09-15T13:37:13.8132595Z ./releases/v0.45.0/site/authoring/still-media/
2026-09-15T13:37:13.8132796Z ./releases/v0.45.0/site/authoring/still-media/index.html
2026-09-15T13:37:13.8132973Z ./releases/v0.45.0/site/authoring/enemy-catalog/
2026-09-15T13:37:13.8133177Z ./releases/v0.45.0/site/authoring/enemy-catalog/index.html
2026-09-15T13:37:13.8133322Z ./releases/v0.45.0/site/credits.html
2026-09-15T13:37:13.8133465Z ./releases/v0.45.0/site/privacy.html
2026-09-15T13:37:13.8133604Z ./releases/v0.45.0/site/index.html
2026-09-15T13:37:13.8133722Z ./releases/v0.45.0/site/game/
2026-09-15T13:37:13.8133887Z ./releases/v0.45.0/site/game/controller-lab/
2026-09-15T13:37:13.8134195Z ./releases/v0.45.0/site/game/controller-lab/index.html
2026-09-15T13:37:13.8134333Z ./releases/v0.45.0/site/game/couch/
2026-09-15T13:37:13.8134499Z ./releases/v0.45.0/site/game/couch/index.html
2026-09-15T13:37:13.8134654Z ./releases/v0.45.0/site/game/playground/
2026-09-15T13:37:13.8134830Z ./releases/v0.45.0/site/game/playground/index.html
2026-09-15T13:37:13.8134979Z ./releases/v0.45.0/site/game/index.html
2026-09-15T13:37:13.8135144Z ./releases/v0.45.0/site/game/replay-theater/
2026-09-15T13:37:13.8135334Z ./releases/v0.45.0/site/game/replay-theater/index.html
2026-09-15T13:37:13.8135494Z ./releases/v0.45.0/site/service-worker.js
2026-09-15T13:37:13.8135668Z ./releases/v0.45.0/site/distribution.zip.sha256
2026-09-15T13:37:13.8135907Z ./releases/v0.45.0/release.json
2026-09-15T13:37:13.8136017Z ./releases/v0.29.0/
2026-09-15T13:37:13.8136133Z ./releases/v0.29.0/site/
2026-09-15T13:37:13.8136253Z ./releases/v0.29.0/site/site/
2026-09-15T13:37:13.8136397Z ./releases/v0.29.0/site/site/about.html
2026-09-15T13:37:13.8136551Z ./releases/v0.29.0/site/manifest.json
2026-09-15T13:37:13.8136693Z ./releases/v0.29.0/site/authoring/
2026-09-15T13:37:13.8136866Z ./releases/v0.29.0/site/authoring/enemy-catalog/
2026-09-15T13:37:13.8137085Z ./releases/v0.29.0/site/authoring/enemy-catalog/index.html
2026-09-15T13:37:13.8137232Z ./releases/v0.29.0/site/credits.html
2026-09-15T13:37:13.8137378Z ./releases/v0.29.0/site/privacy.html
2026-09-15T13:37:13.8137515Z ./releases/v0.29.0/site/index.html
2026-09-15T13:37:13.8137639Z ./releases/v0.29.0/site/game/
2026-09-15T13:37:13.8137802Z ./releases/v0.29.0/site/game/controller-lab/
2026-09-15T13:37:13.8137993Z ./releases/v0.29.0/site/game/controller-lab/index.html
2026-09-15T13:37:13.8138140Z ./releases/v0.29.0/site/game/couch/
2026-09-15T13:37:13.8138312Z ./releases/v0.29.0/site/game/couch/index.html
2026-09-15T13:37:13.8138460Z ./releases/v0.29.0/site/game/playground/
2026-09-15T13:37:13.8138645Z ./releases/v0.29.0/site/game/playground/index.html
2026-09-15T13:37:13.8138793Z ./releases/v0.29.0/site/game/index.html
2026-09-15T13:37:13.8138958Z ./releases/v0.29.0/site/game/replay-theater/
2026-09-15T13:37:13.8139145Z ./releases/v0.29.0/site/game/replay-theater/index.html
2026-09-15T13:37:13.8139301Z ./releases/v0.29.0/site/service-worker.js
2026-09-15T13:37:13.8139479Z ./releases/v0.29.0/site/distribution.zip.sha256
2026-09-15T13:37:13.8139613Z ./releases/v0.29.0/release.json
2026-09-15T13:37:13.8139730Z ./releases/v0.31.0/
2026-09-15T13:37:13.8139845Z ./releases/v0.31.0/site/
2026-09-15T13:37:13.8139960Z ./releases/v0.31.0/site/site/
2026-09-15T13:37:13.8140111Z ./releases/v0.31.0/site/site/about.html
2026-09-15T13:37:13.8140263Z ./releases/v0.31.0/site/manifest.json
2026-09-15T13:37:13.8140409Z ./releases/v0.31.0/site/authoring/
2026-09-15T13:37:13.8140724Z ./releases/v0.31.0/site/authoring/enemy-catalog/
2026-09-15T13:37:13.8140934Z ./releases/v0.31.0/site/authoring/enemy-catalog/index.html
2026-09-15T13:37:13.8141077Z ./releases/v0.31.0/site/credits.html
2026-09-15T13:37:13.8141215Z ./releases/v0.31.0/site/privacy.html
2026-09-15T13:37:13.8141360Z ./releases/v0.31.0/site/index.html
2026-09-15T13:37:13.8141480Z ./releases/v0.31.0/site/game/
2026-09-15T13:37:13.8141644Z ./releases/v0.31.0/site/game/controller-lab/
2026-09-15T13:37:13.8141844Z ./releases/v0.31.0/site/game/controller-lab/index.html
2026-09-15T13:37:13.8141988Z ./releases/v0.31.0/site/game/couch/
2026-09-15T13:37:13.8142153Z ./releases/v0.31.0/site/game/couch/index.html
2026-09-15T13:37:13.8142297Z ./releases/v0.31.0/site/game/playground/
2026-09-15T13:37:13.8142478Z ./releases/v0.31.0/site/game/playground/index.html
2026-09-15T13:37:13.8142624Z ./releases/v0.31.0/site/game/index.html
2026-09-15T13:37:13.8142780Z ./releases/v0.31.0/site/game/replay-theater/
2026-09-15T13:37:13.8142981Z ./releases/v0.31.0/site/game/replay-theater/index.html
2026-09-15T13:37:13.8143140Z ./releases/v0.31.0/site/service-worker.js
2026-09-15T13:37:13.8143316Z ./releases/v0.31.0/site/distribution.zip.sha256
2026-09-15T13:37:13.8143446Z ./releases/v0.31.0/release.json
2026-09-15T13:37:13.8143674Z ./releases/v0.10.0/
2026-09-15T13:37:13.8143789Z ./releases/v0.10.0/site/
2026-09-15T13:37:13.8143931Z ./releases/v0.10.0/site/manifest.json
2026-09-15T13:37:13.8144082Z ./releases/v0.10.0/site/credits.html
2026-09-15T13:37:13.8144230Z ./releases/v0.10.0/site/privacy.html
2026-09-15T13:37:13.8144362Z ./releases/v0.10.0/site/index.html
2026-09-15T13:37:13.8144481Z ./releases/v0.10.0/site/game/
2026-09-15T13:37:13.8144647Z ./releases/v0.10.0/site/game/controller-lab/
2026-09-15T13:37:13.8144845Z ./releases/v0.10.0/site/game/controller-lab/index.html
2026-09-15T13:37:13.8144981Z ./releases/v0.10.0/site/game/couch/
2026-09-15T13:37:13.8145146Z ./releases/v0.10.0/site/game/couch/index.html
2026-09-15T13:37:13.8145302Z ./releases/v0.10.0/site/game/playground/
2026-09-15T13:37:13.8145485Z ./releases/v0.10.0/site/game/playground/index.html
2026-09-15T13:37:13.8145632Z ./releases/v0.10.0/site/game/index.html
2026-09-15T13:37:13.8145900Z ./releases/v0.10.0/site/game/replay-theater/
2026-09-15T13:37:13.8146096Z ./releases/v0.10.0/site/game/replay-theater/index.html
2026-09-15T13:37:13.8146254Z ./releases/v0.10.0/site/service-worker.js
2026-09-15T13:37:13.8146432Z ./releases/v0.10.0/site/distribution.zip.sha256
2026-09-15T13:37:13.8146567Z ./releases/v0.10.0/release.json
2026-09-15T13:37:13.8146672Z ./releases/v0.20.0/
2026-09-15T13:37:13.8146788Z ./releases/v0.20.0/site/
2026-09-15T13:37:13.8146933Z ./releases/v0.20.0/site/manifest.json
2026-09-15T13:37:13.8147068Z ./releases/v0.20.0/site/credits.html
2026-09-15T13:37:13.8147216Z ./releases/v0.20.0/site/privacy.html
2026-09-15T13:37:13.8147357Z ./releases/v0.20.0/site/index.html
2026-09-15T13:37:13.8147467Z ./releases/v0.20.0/site/game/
2026-09-15T13:37:13.8147633Z ./releases/v0.20.0/site/game/controller-lab/
2026-09-15T13:37:13.8147832Z ./releases/v0.20.0/site/game/controller-lab/index.html
2026-09-15T13:37:13.8147974Z ./releases/v0.20.0/site/game/couch/
2026-09-15T13:37:13.8148131Z ./releases/v0.20.0/site/game/couch/index.html
2026-09-15T13:37:13.8148288Z ./releases/v0.20.0/site/game/playground/
2026-09-15T13:37:13.8148465Z ./releases/v0.20.0/site/game/playground/index.html
2026-09-15T13:37:13.8148607Z ./releases/v0.20.0/site/game/index.html
2026-09-15T13:37:13.8148772Z ./releases/v0.20.0/site/game/replay-theater/
2026-09-15T13:37:13.8148966Z ./releases/v0.20.0/site/game/replay-theater/index.html
2026-09-15T13:37:13.8149116Z ./releases/v0.20.0/site/service-worker.js
2026-09-15T13:37:13.8149290Z ./releases/v0.20.0/site/distribution.zip.sha256
2026-09-15T13:37:13.8149426Z ./releases/v0.20.0/release.json
2026-09-15T13:37:13.8149533Z ./releases/v0.1.0/
2026-09-15T13:37:13.8149639Z ./releases/v0.1.0/site/
2026-09-15T13:37:13.8149788Z ./releases/v0.1.0/site/manifest.json
2026-09-15T13:37:13.8150071Z ./releases/v0.1.0/site/index.html
2026-09-15T13:37:13.8150187Z ./releases/v0.1.0/site/game/
2026-09-15T13:37:13.8150339Z ./releases/v0.1.0/site/game/playground/
2026-09-15T13:37:13.8150520Z ./releases/v0.1.0/site/game/playground/index.html
2026-09-15T13:37:13.8150666Z ./releases/v0.1.0/site/game/index.html
2026-09-15T13:37:13.8150843Z ./releases/v0.1.0/site/distribution.zip.sha256
2026-09-15T13:37:13.8150978Z ./releases/v0.1.0/release.json
2026-09-15T13:37:13.8151085Z ./releases/v0.57.1/
2026-09-15T13:37:13.8151190Z ./releases/v0.57.1/site/
2026-09-15T13:37:13.8151311Z ./releases/v0.57.1/site/site/
2026-09-15T13:37:13.8151458Z ./releases/v0.57.1/site/site/about.html
2026-09-15T13:37:13.8151628Z ./releases/v0.57.1/site/site/release-catalog.css
2026-09-15T13:37:13.8151798Z ./releases/v0.57.1/site/site/release-links.mjs
2026-09-15T13:37:13.8151946Z ./releases/v0.57.1/site/site/launch.mjs
2026-09-15T13:37:13.8152098Z ./releases/v0.57.1/site/site/landing.css
2026-09-15T13:37:13.8152251Z ./releases/v0.57.1/site/site/landing.mjs
2026-09-15T13:37:13.8152399Z ./releases/v0.57.1/site/manifest.json
2026-09-15T13:37:13.8152539Z ./releases/v0.57.1/site/optional/
2026-09-15T13:37:13.8152726Z ./releases/v0.57.1/site/optional/external-chapters/
2026-09-15T13:37:13.8153134Z ./releases/v0.57.1/site/optional/external-chapters/fracture-lines-retro/
2026-09-15T13:37:13.8153459Z ./releases/v0.57.1/site/optional/external-chapters/fracture-lines-retro/pack.json
2026-09-15T13:37:13.8153784Z ./releases/v0.57.1/site/optional/external-chapters/fracture-lines-retro/media.rlmedia
2026-09-15T13:37:13.8154069Z ./releases/v0.57.1/site/optional/external-chapters/sentinel-circuit-coupa/
2026-09-15T13:37:13.8154390Z ./releases/v0.57.1/site/optional/external-chapters/sentinel-circuit-coupa/pack.json
2026-09-15T13:37:13.8154722Z ./releases/v0.57.1/site/optional/external-chapters/sentinel-circuit-coupa/media.rlmedia
2026-09-15T13:37:13.8154985Z ./releases/v0.57.1/site/optional/external-chapters/sentinel-circuit-retro/
2026-09-15T13:37:13.8155300Z ./releases/v0.57.1/site/optional/external-chapters/sentinel-circuit-retro/pack.json
2026-09-15T13:37:13.8155628Z ./releases/v0.57.1/site/optional/external-chapters/sentinel-circuit-retro/media.rlmedia
2026-09-15T13:37:13.8156012Z ./releases/v0.57.1/site/optional/external-chapters/countercurrent-fpv/
2026-09-15T13:37:13.8156309Z ./releases/v0.57.1/site/optional/external-chapters/countercurrent-fpv/pack.json
2026-09-15T13:37:13.8156618Z ./releases/v0.57.1/site/optional/external-chapters/countercurrent-fpv/media.rlmedia
2026-09-15T13:37:13.8176402Z ./releases/v0.57.1/site/optional/external-chapters/sentinel-circuit-ukraine/
2026-09-15T13:37:13.8176746Z ./releases/v0.57.1/site/optional/external-chapters/sentinel-circuit-ukraine/pack.json
2026-09-15T13:37:13.8177099Z ./releases/v0.57.1/site/optional/external-chapters/sentinel-circuit-ukraine/media.rlmedia
2026-09-15T13:37:13.8243854Z ./releases/v0.57.1/site/optional/external-chapters/route-worlds-ukraine/
2026-09-15T13:37:13.8244231Z ./releases/v0.57.1/site/optional/external-chapters/route-worlds-ukraine/pack.json
2026-09-15T13:37:13.8244550Z ./releases/v0.57.1/site/optional/external-chapters/route-worlds-ukraine/media.rlmedia
2026-09-15T13:37:13.8316728Z ./releases/v0.57.1/site/optional/external-chapters/original-fpv-pressure-external/
2026-09-15T13:37:13.8317339Z ./releases/v0.57.1/site/optional/external-chapters/original-fpv-pressure-external/pack.json
2026-09-15T13:37:13.8317856Z ./releases/v0.57.1/site/optional/external-chapters/original-fpv-pressure-external/media.rlmedia
2026-09-15T13:37:13.8382929Z ./releases/v0.57.1/site/optional/external-chapters/countercurrent-retro/
2026-09-15T13:37:13.8383272Z ./releases/v0.57.1/site/optional/external-chapters/countercurrent-retro/pack.json
2026-09-15T13:37:13.8383597Z ./releases/v0.57.1/site/optional/external-chapters/countercurrent-retro/media.rlmedia
2026-09-15T13:37:13.8447087Z ./releases/v0.57.1/site/optional/external-chapters/route-worlds-retro/
2026-09-15T13:37:13.8447632Z ./releases/v0.57.1/site/optional/external-chapters/route-worlds-retro/pack.json
2026-09-15T13:37:13.8448440Z ./releases/v0.57.1/site/optional/external-chapters/route-worlds-retro/media.rlmedia
2026-09-15T13:37:13.8509649Z ./releases/v0.57.1/site/optional/external-chapters/countercurrent-ukraine/
2026-09-15T13:37:13.8510140Z ./releases/v0.57.1/site/optional/external-chapters/countercurrent-ukraine/pack.json
2026-09-15T13:37:13.8510496Z ./releases/v0.57.1/site/optional/external-chapters/countercurrent-ukraine/media.rlmedia
2026-09-15T13:37:13.8581541Z ./releases/v0.57.1/site/optional/external-chapters/route-worlds-coupa/
2026-09-15T13:37:13.8582251Z ./releases/v0.57.1/site/optional/external-chapters/route-worlds-coupa/pack.json
2026-09-15T13:37:13.8582898Z ./releases/v0.57.1/site/optional/external-chapters/route-worlds-coupa/media.rlmedia
2026-09-15T13:37:13.8651957Z ./releases/v0.57.1/site/optional/external-chapters/fracture-lines-ukraine/
2026-09-15T13:37:13.8652596Z ./releases/v0.57.1/site/optional/external-chapters/fracture-lines-ukraine/pack.json
2026-09-15T13:37:13.8653247Z ./releases/v0.57.1/site/optional/external-chapters/fracture-lines-ukraine/media.rlmedia
2026-09-15T13:37:13.8726051Z ./releases/v0.57.1/site/optional/external-chapters/fracture-lines-fpv/
2026-09-15T13:37:13.8726882Z ./releases/v0.57.1/site/optional/external-chapters/fracture-lines-fpv/pack.json
2026-09-15T13:37:13.8727469Z ./releases/v0.57.1/site/optional/external-chapters/fracture-lines-fpv/media.rlmedia
2026-09-15T13:37:13.8799585Z ./releases/v0.57.1/site/optional/external-chapters/fracture-lines-coupa/
2026-09-15T13:37:13.8800183Z ./releases/v0.57.1/site/optional/external-chapters/fracture-lines-coupa/pack.json
2026-09-15T13:37:13.8800835Z ./releases/v0.57.1/site/optional/external-chapters/fracture-lines-coupa/media.rlmedia
2026-09-15T13:37:13.8872766Z ./releases/v0.57.1/site/optional/external-chapters/countercurrent-coupa/
2026-09-15T13:37:13.8873392Z ./releases/v0.57.1/site/optional/external-chapters/countercurrent-coupa/pack.json
2026-09-15T13:37:13.8874045Z ./releases/v0.57.1/site/optional/external-chapters/countercurrent-coupa/media.rlmedia
2026-09-15T13:37:13.8944577Z ./releases/v0.57.1/site/optional/external-chapters/sentinel-circuit-fpv/
2026-09-15T13:37:13.8945108Z ./releases/v0.57.1/site/optional/external-chapters/sentinel-circuit-fpv/pack.json
2026-09-15T13:37:13.8945660Z ./releases/v0.57.1/site/optional/external-chapters/sentinel-circuit-fpv/media.rlmedia
2026-09-15T13:37:13.9016708Z ./releases/v0.57.1/site/authoring/
2026-09-15T13:37:13.9017054Z ./releases/v0.57.1/site/authoring/library/
2026-09-15T13:37:13.9017436Z ./releases/v0.57.1/site/authoring/library/fpv-field-kit/
2026-09-15T13:37:13.9017847Z ./releases/v0.57.1/site/authoring/library/fpv-field-kit/prepared/
2026-09-15T13:37:13.9018378Z ./releases/v0.57.1/site/authoring/library/fpv-field-kit/prepared/reveals/
2026-09-15T13:37:13.9018964Z ./releases/v0.57.1/site/authoring/library/fpv-field-kit/prepared/reveals/review.html
2026-09-15T13:37:13.9019561Z ./releases/v0.57.1/site/authoring/library/fpv-field-kit/prepared/reveals/review.mjs
2026-09-15T13:37:13.9020164Z ./releases/v0.57.1/site/authoring/library/fpv-field-kit/prepared/reveals/reveals.json
2026-09-15T13:37:13.9020733Z ./releases/v0.57.1/site/authoring/library/fpv-role-presentations/
2026-09-15T13:37:13.9021232Z ./releases/v0.57.1/site/authoring/library/fpv-role-presentations/originals/
2026-09-15T13:37:13.9021755Z ./releases/v0.57.1/site/authoring/library/fpv-role-presentations/originals/scout.png
2026-09-15T13:37:13.9029451Z ./releases/v0.57.1/site/authoring/library/fpv-role-presentations/originals/fiber.png
2026-09-15T13:37:13.9038424Z ./releases/v0.57.1/site/authoring/library/fpv-role-presentations/originals/carrier.png
2026-09-15T13:37:13.9046357Z ./releases/v0.57.1/site/authoring/library/fpv-role-presentations/originals/impact.png
2026-09-15T13:37:13.9053039Z ./releases/v0.57.1/site/authoring/library/fpv-role-presentations/originals/bomber.png
2026-09-15T13:37:13.9061693Z ./releases/v0.57.1/site/authoring/library/fpv-role-presentations/originals/trapper.png
2026-09-15T13:37:13.9072001Z ./releases/v0.57.1/site/authoring/library/fpv-role-presentations/originals/interceptor.png
2026-09-15T13:37:13.9078040Z ./releases/v0.57.1/site/authoring/library/four-worlds-chapters/
2026-09-15T13:37:13.9078500Z ./releases/v0.57.1/site/authoring/library/four-worlds-chapters/packs/
2026-09-15T13:37:13.9079132Z ./releases/v0.57.1/site/authoring/library/four-worlds-chapters/packs/original-ukraine-atlas.json
2026-09-15T13:37:13.9180958Z ./releases/v0.57.1/site/authoring/library/four-worlds-chapters/packs/original-spend-network.json
2026-09-15T13:37:13.9272369Z ./releases/v0.57.1/site/authoring/library/four-worlds-chapters/packs/original-retro-1994.json
2026-09-15T13:37:13.9357623Z ./releases/v0.57.1/site/authoring/library/four-worlds-chapters/packs/original-fpv-pressure.json
2026-09-15T13:37:13.9445654Z ./releases/v0.57.1/site/authoring/library/runtime-sprite-candidates-v1/
2026-09-15T13:37:13.9446331Z ./releases/v0.57.1/site/authoring/library/runtime-sprite-candidates-v1/export/
2026-09-15T13:37:13.9447619Z ./releases/v0.57.1/site/authoring/library/runtime-sprite-candidates-v1/export/fpv-compact-eroder-v1-29502a902fadb1d6e1ddf8c4426e61fc5fff9613d3c8608ebfbd55848d5e3720.png
2026-09-15T13:37:13.9449158Z ./releases/v0.57.1/site/authoring/library/runtime-sprite-candidates-v1/export/fpv-compact-claimed-rover-v1-ddb9f5264822eceb35dcbfa80145c74a3e6d22a547d3171fdfa5095718e90106.png
2026-09-15T13:37:13.9449740Z ./releases/v0.57.1/site/authoring/library/runtime-sprite-candidates-v1/export/manifest.json
2026-09-15T13:37:13.9451031Z ./releases/v0.57.1/site/authoring/library/runtime-sprite-candidates-v1/export/fpv-compact-relay-sentinel-v1-9640e613855c6001aa5d2a23550237a6a3235a6637a8a248a7d7cdbc21d534db.png
2026-09-15T13:37:13.9452264Z ./releases/v0.57.1/site/authoring/library/runtime-sprite-candidates-v1/export/atlas-weaver-shuttle-v3-39c737ed85d1df0c61bb05fce6424d36ea93f452ca19c7542253f37442e914aa.png
2026-09-15T13:37:13.9453506Z ./releases/v0.57.1/site/authoring/library/runtime-sprite-candidates-v1/export/fpv-compact-lane-boss-v1-e44630c2356c86db2611116dde6d12ea121d22aefef263932fabb719fc8e5dfd.png
2026-09-15T13:37:13.9454766Z ./releases/v0.57.1/site/authoring/library/runtime-sprite-candidates-v1/export/atlas-pottery-courier-v1-86089f57441d33c4153d8da5246f5e5c3822c9304d8e7b9a761ae17e5a217ea2.png
2026-09-15T13:37:13.9456490Z ./releases/v0.57.1/site/authoring/library/runtime-sprite-candidates-v1/export/fpv-compact-border-patrol-v1-537de86076d2fa4141f1c37b23774015da66431657a8ff2db3193d66e0c7ade1.png
2026-09-15T13:37:13.9457735Z ./releases/v0.57.1/site/authoring/library/runtime-sprite-candidates-v1/export/atlas-carved-chest-v1-1e68e385ea2166b999e7b9041eabaf90d7b5b552a0034cdce576ddc123cbd91b.png
2026-09-15T13:37:13.9458960Z ./releases/v0.57.1/site/authoring/library/runtime-sprite-candidates-v1/export/atlas-woven-basket-v1-3604eeef2dfbdf02c26f8ae8d86984cb453c52574bfd9dd87d28df015f9c50ac.png
2026-09-15T13:37:13.9460170Z ./releases/v0.57.1/site/authoring/library/runtime-sprite-candidates-v1/export/fpv-compact-hunter-v1-e7445fff125f6827c5106853067d1ff099b16e30cfc0acdbb501dabe81f6a914.png
2026-09-15T13:37:13.9461368Z ./releases/v0.57.1/site/authoring/library/runtime-sprite-candidates-v1/export/atlas-falcon-crest-v3-f3ce0fa984bb43f3a3fa69734c60df3dfa6c8a148f0b1d32778407b92c93a648.png
2026-09-15T13:37:13.9462618Z ./releases/v0.57.1/site/authoring/library/runtime-sprite-candidates-v1/export/atlas-bell-warden-v1-aaa88f04dccaa141ffb121acbb6e1b4eb9b89c0ace3e8ebddc172ba4294eabce.png
2026-09-15T13:37:13.9463812Z ./releases/v0.57.1/site/authoring/library/runtime-sprite-candidates-v1/export/atlas-swallow-v3-e01a6c53d78acf164d04878b73f06de18cfed676b894bd7353a708fd1005aaf7.png
2026-09-15T13:37:13.9465141Z ./releases/v0.57.1/site/authoring/library/runtime-sprite-candidates-v1/export/fpv-compact-contour-patrol-v1-9df94fb4dcfee56fffc16d15eda5d75ff2fc06a52a7754949ca5fc9e0607a20f.png
2026-09-15T13:37:13.9465513Z ./releases/v0.57.1/site/authoring/library/tactical-teaching/
2026-09-15T13:37:13.9466107Z ./releases/v0.57.1/site/authoring/library/tactical-teaching/scenarios/
2026-09-15T13:37:13.9466955Z ./releases/v0.57.1/site/authoring/library/tactical-teaching/scenarios/tactical-borrowed-seconds.json
2026-09-15T13:37:13.9467608Z ./releases/v0.57.1/site/authoring/library/tactical-teaching/scenarios/tactical-quiet-crossing.json
2026-09-15T13:37:13.9468238Z ./releases/v0.57.1/site/authoring/library/tactical-teaching/scenarios/tactical-read-clearing.json
2026-09-15T13:37:13.9468605Z ./releases/v0.57.1/site/authoring/library/fpv-route-choices/
2026-09-15T13:37:13.9469015Z ./releases/v0.57.1/site/authoring/library/fpv-route-choices/packs/
2026-09-15T13:37:13.9469583Z ./releases/v0.57.1/site/authoring/library/fpv-route-choices/packs/fpv-route-choices.json
2026-09-15T13:37:13.9564074Z ./releases/v0.57.1/site/authoring/motion-lab/
2026-09-15T13:37:13.9564503Z ./releases/v0.57.1/site/authoring/motion-lab/collection.mjs
2026-09-15T13:37:13.9564902Z ./releases/v0.57.1/site/authoring/motion-lab/render-character.mjs
2026-09-15T13:37:13.9565274Z ./releases/v0.57.1/site/authoring/motion-lab/steering.mjs
2026-09-15T13:37:13.9565681Z ./releases/v0.57.1/site/authoring/motion-lab/collection-presets.json
2026-09-15T13:37:13.9566229Z ./releases/v0.57.1/site/authoring/motion-lab/ability-presets.json
2026-09-15T13:37:13.9566789Z ./releases/v0.57.1/site/authoring/motion-lab/animation.mjs
2026-09-15T13:37:13.9567119Z ./releases/v0.57.1/site/authoring/motion-lab/motion.mjs
2026-09-15T13:37:13.9567490Z ./releases/v0.57.1/site/authoring/motion-lab/render-ability.mjs
2026-09-15T13:37:13.9567809Z ./releases/v0.57.1/site/authoring/motion-lab/index.html
2026-09-15T13:37:13.9568149Z ./releases/v0.57.1/site/authoring/motion-lab/presets.json
2026-09-15T13:37:13.9568453Z ./releases/v0.57.1/site/authoring/motion-lab/app.js
2026-09-15T13:37:13.9568782Z ./releases/v0.57.1/site/authoring/motion-lab/styles.css
2026-09-15T13:37:13.9569108Z ./releases/v0.57.1/site/authoring/motion-lab/ability.mjs
2026-09-15T13:37:13.9569471Z ./releases/v0.57.1/site/authoring/motion-lab/grid-motion.mjs
2026-09-15T13:37:13.9569771Z ./releases/v0.57.1/site/authoring/motion-lab/assets/
2026-09-15T13:37:13.9570176Z ./releases/v0.57.1/site/authoring/motion-lab/assets/navi-avatar.png
2026-09-15T13:37:13.9572942Z ./releases/v0.57.1/site/authoring/motion-lab/assets/delta-interceptor.png
2026-09-15T13:37:13.9578386Z ./releases/v0.57.1/site/authoring/motion-lab/assets/ukrainian-bird.png
2026-09-15T13:37:13.9581259Z ./releases/v0.57.1/site/authoring/motion-lab/assets/fixedwing-body.png
2026-09-15T13:37:13.9584887Z ./releases/v0.57.1/site/authoring/motion-lab/assets/scout-quad.png
2026-09-15T13:37:13.9591534Z ./releases/v0.57.1/site/authoring/motion-lab/assets/fpv-body.png
2026-09-15T13:37:13.9597566Z ./releases/v0.57.1/site/authoring/motion-lab/assets/heavy-lift.png
2026-09-15T13:37:13.9604471Z ./releases/v0.57.1/site/authoring/motion-lab/assets/fpv-night.png
2026-09-15T13:37:13.9610069Z ./releases/v0.57.1/site/authoring/motion-lab/assets/retro-craft.png
2026-09-15T13:37:13.9614546Z ./releases/v0.57.1/site/authoring/motion-lab/assets/fpv-racer.png
2026-09-15T13:37:13.9622453Z ./releases/v0.57.1/site/authoring/video-poster/
2026-09-15T13:37:13.9622829Z ./releases/v0.57.1/site/authoring/video-poster/workshop.mjs
2026-09-15T13:37:13.9623156Z ./releases/v0.57.1/site/authoring/video-poster/launch.js
2026-09-15T13:37:13.9623523Z ./releases/v0.57.1/site/authoring/video-poster/workshop.css
2026-09-15T13:37:13.9623861Z ./releases/v0.57.1/site/authoring/video-poster/index.html
2026-09-15T13:37:13.9624198Z ./releases/v0.57.1/site/authoring/design-atlas/
2026-09-15T13:37:13.9624518Z ./releases/v0.57.1/site/authoring/design-atlas/atlas.css
2026-09-15T13:37:13.9624901Z ./releases/v0.57.1/site/authoring/design-atlas/reveal-audit.mjs
2026-09-15T13:37:13.9625220Z ./releases/v0.57.1/site/authoring/design-atlas/atlas.mjs
2026-09-15T13:37:13.9625604Z ./releases/v0.57.1/site/authoring/design-atlas/reveal-audit.json
2026-09-15T13:37:13.9626078Z ./releases/v0.57.1/site/authoring/design-atlas/index.html
2026-09-15T13:37:13.9629843Z ./releases/v0.57.1/site/authoring/design-atlas/reveal-production-plan.json
2026-09-15T13:37:13.9630382Z ./releases/v0.57.1/site/authoring/design-atlas/reveal-audit.html
2026-09-15T13:37:13.9630562Z ./releases/v0.57.1/site/authoring/still-media/
2026-09-15T13:37:13.9630796Z ./releases/v0.57.1/site/authoring/still-media/workshop.mjs
2026-09-15T13:37:13.9631004Z ./releases/v0.57.1/site/authoring/still-media/launch.js
2026-09-15T13:37:13.9631215Z ./releases/v0.57.1/site/authoring/still-media/examples/
2026-09-15T13:37:13.9631473Z ./releases/v0.57.1/site/authoring/still-media/examples/dawn-signal/
2026-09-15T13:37:13.9631782Z ./releases/v0.57.1/site/authoring/still-media/examples/dawn-signal/manifest.json
2026-09-15T13:37:13.9632180Z ./releases/v0.57.1/site/authoring/still-media/examples/dawn-signal/Dawn-Signal-stories.rlstory
2026-09-15T13:37:13.9635034Z ./releases/v0.57.1/site/authoring/still-media/examples/dawn-signal/Dawn-Signal-originals.rlmedia
2026-09-15T13:37:13.9639328Z ./releases/v0.57.1/site/authoring/still-media/index.html
2026-09-15T13:37:13.9639647Z ./releases/v0.57.1/site/authoring/enemy-catalog/
2026-09-15T13:37:13.9640018Z ./releases/v0.57.1/site/authoring/enemy-catalog/workshop.mjs
2026-09-15T13:37:13.9640353Z ./releases/v0.57.1/site/authoring/enemy-catalog/index.html
2026-09-15T13:37:13.9647101Z ./releases/v0.57.1/site/authoring/asset-studio/
2026-09-15T13:37:13.9647567Z ./releases/v0.57.1/site/authoring/asset-studio/scene-preview.mjs
2026-09-15T13:37:13.9647999Z ./releases/v0.57.1/site/authoring/asset-studio/preview-fixture.mjs
2026-09-15T13:37:13.9648364Z ./releases/v0.57.1/site/authoring/asset-studio/helpers.mjs
2026-09-15T13:37:13.9648799Z ./releases/v0.57.1/site/authoring/asset-studio/component-specimens.mjs
2026-09-15T13:37:13.9649172Z ./releases/v0.57.1/site/authoring/asset-studio/operation.mjs
2026-09-15T13:37:13.9649573Z ./releases/v0.57.1/site/authoring/asset-studio/picture-context.mjs
2026-09-15T13:37:13.9649975Z ./releases/v0.57.1/site/authoring/asset-studio/sprite-panel.mjs
2026-09-15T13:37:13.9650333Z ./releases/v0.57.1/site/authoring/asset-studio/preview.mjs
2026-09-15T13:37:13.9650680Z ./releases/v0.57.1/site/authoring/asset-studio/studio.mjs
2026-09-15T13:37:13.9651012Z ./releases/v0.57.1/site/authoring/asset-studio/index.html
2026-09-15T13:37:13.9651411Z ./releases/v0.57.1/site/authoring/asset-studio/studio.css
2026-09-15T13:37:13.9651663Z ./releases/v0.57.1/site/credits.html
2026-09-15T13:37:13.9651869Z ./releases/v0.57.1/site/offline-cache.json
2026-09-15T13:37:13.9652077Z ./releases/v0.57.1/site/privacy.html
2026-09-15T13:37:13.9652268Z ./releases/v0.57.1/site/icons/
2026-09-15T13:37:13.9652503Z ./releases/v0.57.1/site/icons/icon-180.png
2026-09-15T13:37:13.9652727Z ./releases/v0.57.1/site/icons/icon-512.png
2026-09-15T13:37:13.9652978Z ./releases/v0.57.1/site/icons/icon.svg
2026-09-15T13:37:13.9653137Z ./releases/v0.57.1/site/icons/icon-192.png
2026-09-15T13:37:13.9653291Z ./releases/v0.57.1/site/.xonix-build.json
2026-09-15T13:37:13.9653538Z ./releases/v0.57.1/site/index.html
2026-09-15T13:37:13.9653782Z ./releases/v0.57.1/site/game/
2026-09-15T13:37:13.9654046Z ./releases/v0.57.1/site/game/chapter-download.mjs
2026-09-15T13:37:13.9654345Z ./releases/v0.57.1/site/game/presentation-pins.mjs
2026-09-15T13:37:13.9654501Z ./releases/v0.57.1/site/game/replay.mjs
2026-09-15T13:37:13.9654802Z ./releases/v0.57.1/site/game/story-media-store.mjs
2026-09-15T13:37:13.9654995Z ./releases/v0.57.1/site/game/campaign-difficulty.mjs
2026-09-15T13:37:13.9655176Z ./releases/v0.57.1/site/game/release-explorer.mjs
2026-09-15T13:37:13.9655348Z ./releases/v0.57.1/site/game/enemy-guide.mjs
2026-09-15T13:37:13.9655517Z ./releases/v0.57.1/site/game/touch-controls.mjs
2026-09-15T13:37:13.9655688Z ./releases/v0.57.1/site/game/build-config.json
2026-09-15T13:37:13.9656079Z ./releases/v0.57.1/site/game/optional-chapters.mjs
2026-09-15T13:37:13.9656294Z ./releases/v0.57.1/site/game/external-chapter-source.mjs
2026-09-15T13:37:13.9656479Z ./releases/v0.57.1/site/game/input-presentation.mjs
2026-09-15T13:37:13.9656649Z ./releases/v0.57.1/site/game/story-bindings.mjs
2026-09-15T13:37:13.9657074Z ./releases/v0.57.1/site/game/profile-recovery-catalogs.mjs
2026-09-15T13:37:13.9657235Z ./releases/v0.57.1/site/game/profile-writer.mjs
2026-09-15T13:37:13.9657402Z ./releases/v0.57.1/site/game/story-bundle.mjs
2026-09-15T13:37:13.9657563Z ./releases/v0.57.1/site/game/data-json.mjs
2026-09-15T13:37:13.9657752Z ./releases/v0.57.1/site/game/story-storage-record.mjs
2026-09-15T13:37:13.9657906Z ./releases/v0.57.1/site/game/generator.mjs
2026-09-15T13:37:13.9658064Z ./releases/v0.57.1/site/game/presentation/
2026-09-15T13:37:13.9658304Z ./releases/v0.57.1/site/game/presentation/release-pictures.mjs
2026-09-15T13:37:13.9658486Z ./releases/v0.57.1/site/game/presentation/host.mjs
2026-09-15T13:37:13.9658681Z ./releases/v0.57.1/site/game/presentation/runtime.mjs
2026-09-15T13:37:13.9658900Z ./releases/v0.57.1/site/game/presentation/page-entry.mjs
2026-09-15T13:37:13.9659108Z ./releases/v0.57.1/site/game/presentation/current-art.mjs
2026-09-15T13:37:13.9659315Z ./releases/v0.57.1/site/game/presentation/pixel-art.mjs
2026-09-15T13:37:13.9659562Z ./releases/v0.57.1/site/game/presentation/current-art-sources.mjs
2026-09-15T13:37:13.9660621Z ./releases/v0.57.1/site/game/presentation/catalog.mjs
2026-09-15T13:37:13.9661486Z ./releases/v0.57.1/site/game/presentation/studio-store.mjs
2026-09-15T13:37:13.9661965Z ./releases/v0.57.1/site/game/presentation/current-picture-baselines.mjs
2026-09-15T13:37:13.9662344Z ./releases/v0.57.1/site/game/presentation/published-studio.mjs
2026-09-15T13:37:13.9662706Z ./releases/v0.57.1/site/game/presentation/sprite-editor.mjs
2026-09-15T13:37:13.9663020Z ./releases/v0.57.1/site/game/presentation/compiled/
2026-09-15T13:37:13.9663410Z ./releases/v0.57.1/site/game/presentation/compiled/manifest.json
2026-09-15T13:37:13.9663779Z ./releases/v0.57.1/site/game/presentation/compiled/runtime.json
2026-09-15T13:37:13.9672494Z ./releases/v0.57.1/site/game/presentation/compiled/studio.json
2026-09-15T13:37:13.9699790Z ./releases/v0.57.1/site/game/presentation/compiled/assets/
2026-09-15T13:37:13.9700678Z ./releases/v0.57.1/site/game/presentation/compiled/assets/47033ec2cd3b56345394bc13bbb7b10579419559d1e41160d02f8f3eea368672.png
2026-09-15T13:37:13.9701560Z ./releases/v0.57.1/site/game/presentation/compiled/assets/aa2e8583a56b36b5357e5462aee6b010b5b894626929afbc553c683462ce42cf.png
2026-09-15T13:37:13.9702419Z ./releases/v0.57.1/site/game/presentation/compiled/assets/9b6313464e6e6f26dff9b98405fba899dcd0c6a614fde6df8ed1a2d835c73f34.png
2026-09-15T13:37:13.9703263Z ./releases/v0.57.1/site/game/presentation/compiled/assets/fedb83171e9c894c8cbc446d4fb2bf460359b587068a33d0e108b14e185a0adc.png
2026-09-15T13:37:13.9704109Z ./releases/v0.57.1/site/game/presentation/compiled/assets/d22b1070efad07ed1e6f9d8e42d3dc7e19922478e7abedad3f08d55e53cf065c.png
2026-09-15T13:37:13.9704980Z ./releases/v0.57.1/site/game/presentation/compiled/assets/8b557a3e23bcbf550c01b5fe77618bc6ab31cce51835e80ad807023f2fc8fa47.png
2026-09-15T13:37:13.9706001Z ./releases/v0.57.1/site/game/presentation/compiled/assets/ad53247e6be0c1c2a3080a8ebabd0ca24b1394be0caa109138926e821b08ae35.png
2026-09-15T13:37:13.9706890Z ./releases/v0.57.1/site/game/presentation/compiled/assets/2ff89ae01c04bfc698892ec3a35610b7975a6f36596ddd7ddeedbecef248d5d4.png
2026-09-15T13:37:13.9707744Z ./releases/v0.57.1/site/game/presentation/compiled/assets/2444795bb19516949a98519f0e23f9cdf64b454f01a0bb297521d17b5af376da.png
2026-09-15T13:37:13.9708626Z ./releases/v0.57.1/site/game/presentation/compiled/assets/05af7a73b7dadc8821cecccf0abb4f763dafae7ad21500a3293957fa88ed7d76.png
2026-09-15T13:37:13.9709530Z ./releases/v0.57.1/site/game/presentation/compiled/assets/0498bcb48294756b5ac9062290e1639e907b1ec69b5dc2e8cfdec3fab58e0bc8.woff2
2026-09-15T13:37:13.9710387Z ./releases/v0.57.1/site/game/presentation/compiled/assets/e325a3a5b3647614bffa5432779f4ade7e865158e384888888f83b073aff033c.png
2026-09-15T13:37:13.9711232Z ./releases/v0.57.1/site/game/presentation/compiled/assets/827da59e870daf2e8548168399449bd894b4cdf7953a1f8ca48a7ed6df8f8d91.png
2026-09-15T13:37:13.9712273Z ./releases/v0.57.1/site/game/presentation/compiled/assets/779f36cccce55fd90340acbad1a1cbe03639cd1f98f66d25eaac3c8b0036c31b.png
2026-09-15T13:37:13.9713128Z ./releases/v0.57.1/site/game/presentation/compiled/assets/4f56a78772cd7363a2992a8252e4dc629638dad705a9b981d4561830117f511e.png
2026-09-15T13:37:13.9714785Z ./releases/v0.57.1/site/game/presentation/compiled/assets/1bd3c9c57cc8790ccbf6f0fd33517d6d1a5520de93e38a99722ed4ee915758ab.png
2026-09-15T13:37:13.9715530Z ./releases/v0.57.1/site/game/presentation/compiled/assets/70dcff8faa588f074e529704a7d6024fe0a7590b18afa6059488fb505ce4a5f7.png
2026-09-15T13:37:13.9716344Z ./releases/v0.57.1/site/game/presentation/compiled/assets/53f1206a11a8791892f5c844c0641529acbc2c09c8d558676d0d801d72113850.png
2026-09-15T13:37:13.9716865Z ./releases/v0.57.1/site/game/presentation/compiled/assets/85bb90c58fb61a1fdd212316f223dad209d374386e1aad14f044df4c1ea2af7e.png
2026-09-15T13:37:13.9717612Z ./releases/v0.57.1/site/game/presentation/compiled/assets/bd423baa7b3b4f073251d5c8291aa78ee11c341926d27f9f211aa278bc7557f6.png
2026-09-15T13:37:13.9718232Z ./releases/v0.57.1/site/game/presentation/compiled/assets/f7495ea7b56215ba88c7d465fa6ad9ab22121695e4c674cf183b65ef6d400ae0.png
2026-09-15T13:37:13.9719112Z ./releases/v0.57.1/site/game/presentation/compiled/assets/cca9df45b2dde64684489deab8f8d2ab8d5a08dab0ec0efc8455786a231c2a04.png
2026-09-15T13:37:13.9719717Z ./releases/v0.57.1/site/game/presentation/compiled/assets/c3cd0a0f9997f28d1a295de1c8995ebe81bf782acb1c033036371c49fc40a08e.png
2026-09-15T13:37:13.9720494Z ./releases/v0.57.1/site/game/presentation/compiled/assets/8fe3df81db48bf682862a06c8f7434365ff49151a2a72a94c0a85ea85a3adf27.png
2026-09-15T13:37:13.9720996Z ./releases/v0.57.1/site/game/presentation/compiled/assets/8664f0283f54db86f6800fb2056045574ff79a5f490f415b3a8929112d8a7d26.png
2026-09-15T13:37:13.9721683Z ./releases/v0.57.1/site/game/presentation/compiled/assets/5cda580ceefd258918dcf6c49f0f8ad68966999c153a876fb01c2f171b659420.png
2026-09-15T13:37:13.9722300Z ./releases/v0.57.1/site/game/presentation/compiled/assets/8d445857cc63417a2b4a9468c854e4ffed3828b3cd1a90cdd8d4f8c951be88f4.png
2026-09-15T13:37:13.9722913Z ./releases/v0.57.1/site/game/presentation/compiled/assets/fce2dc8f15375b66d336c1defbca23dfb2310301b62c822206a0a013d19601ef.woff2
2026-09-15T13:37:13.9723459Z ./releases/v0.57.1/site/game/presentation/compiled/assets/56fadf4288069b7f12e3e33b94c950baab873a1b576d87ad82673b0c5329dd76.png
2026-09-15T13:37:13.9724188Z ./releases/v0.57.1/site/game/presentation/compiled/assets/30957860bb1edac99c230a91a34eab8249b43497fda680707276c859f3bd5f0c.png
2026-09-15T13:37:13.9724885Z ./releases/v0.57.1/site/game/presentation/compiled/assets/df6e1a2a114dce2da1643a39d608d87ca79d1eaba70cfd62ac02892d0fadec6e.png
2026-09-15T13:37:13.9725546Z ./releases/v0.57.1/site/game/presentation/compiled/assets/44ebf8c1d8a028a919012f75978d025d1698aeb3d295c8813edc1a7ebae71868.png
2026-09-15T13:37:13.9726415Z ./releases/v0.57.1/site/game/presentation/compiled/assets/dda5900559255b1bad906b80a1b9a3cee914ba732f6dcb4fdb8b3c9bce50633f.png
2026-09-15T13:37:13.9727227Z ./releases/v0.57.1/site/game/presentation/compiled/assets/ff2e2defa02d62198a0be240fb16c8328d8be7c6aa9e3ec4516c7589edd83b22.png
2026-09-15T13:37:13.9727740Z ./releases/v0.57.1/site/game/presentation/compiled/assets/1aa1245d987000c889a47cd242c9ca976d620e48323cdde2a60358006718cc51.png
2026-09-15T13:37:13.9728489Z ./releases/v0.57.1/site/game/presentation/compiled/assets/d74c2e8c5713201203f7decea8d57881b657a2aa7b24ea00d182cbe4efa51b8d.png
2026-09-15T13:37:13.9729106Z ./releases/v0.57.1/site/game/presentation/compiled/assets/4edc2d90b443fbc191cbd741c824732113a590cd758e32d8e098c63eba4e70a9.png
2026-09-15T13:37:13.9729727Z ./releases/v0.57.1/site/game/presentation/compiled/assets/8535d7dec70f8fb64d3c0aa8ac919daa7609a477dada753b67429c9c7ae2cadb.png
2026-09-15T13:37:13.9730236Z ./releases/v0.57.1/site/game/presentation/compiled/assets/c0f4e7ca9de3a9f06637dbc8d5972b69b7e804f1bbd9579f5724d99a02c5c86b.png
2026-09-15T13:37:13.9730986Z ./releases/v0.57.1/site/game/presentation/compiled/assets/9f649ed85a5ff7d88996729975dfcb3b4df001474b02cd34114dcf4fc5e2b49c.png
2026-09-15T13:37:13.9731597Z ./releases/v0.57.1/site/game/presentation/compiled/assets/0b4b6717b5a2e7c27ad765544730193d1f798f8ccbc08879947f1a8b10e71121.png
2026-09-15T13:37:13.9732260Z ./releases/v0.57.1/site/game/presentation/compiled/assets/8a652da0dfc053d85190a2a0a17a27c43144c90a1cce5ae7883cb70f73df7c50.png
2026-09-15T13:37:13.9733011Z ./releases/v0.57.1/site/game/presentation/compiled/assets/c1aedf89bc3433dc1cb60998fa1e2563480a590c38586332f444c4c12c772fce.png
2026-09-15T13:37:13.9733698Z ./releases/v0.57.1/site/game/presentation/compiled/assets/4797c11d5e17c3f5f9b5b3fa96efb4fd2aabb877fb4d625dfc8eb7465464e145.woff2
2026-09-15T13:37:13.9734334Z ./releases/v0.57.1/site/game/presentation/compiled/assets/2a50c451fdee7c54d8bccf7a098f12bcdbdc15905856dc100c8e0d9e99629c33.png
2026-09-15T13:37:13.9734848Z ./releases/v0.57.1/site/game/presentation/compiled/assets/f3f58d09752c8e635e06145abc2460909f90ce2df664a8034a799e0bbe59c3ee.png
2026-09-15T13:37:13.9735478Z ./releases/v0.57.1/site/game/presentation/compiled/assets/e85e9aa8f56ba214bcdc9184feb99f526f1a89f66627ac0bf278bffa123dc7c9.png
2026-09-15T13:37:13.9736399Z ./releases/v0.57.1/site/game/presentation/compiled/assets/210d3b2ab32eaef632751e0333321b7e3e2a8571de758e9a02d1f350c483cf61.png
2026-09-15T13:37:13.9737091Z ./releases/v0.57.1/site/game/presentation/compiled/assets/7258c2453b49a52aaa2ba003c4e076eb7aa2d87d21abb6df65f5f5178f9f6a59.png
2026-09-15T13:37:13.9737651Z ./releases/v0.57.1/site/game/presentation/compiled/assets/ee156b11b8102f73615260895e66be4e420bd3d7c70aec7150b556cdc9999a1c.png
2026-09-15T13:37:13.9738397Z ./releases/v0.57.1/site/game/presentation/compiled/assets/535cf4dc9b21c9ff7f9c26d4bc0657e8d6820626551b4d34d82e332748e4d9e3.png
2026-09-15T13:37:13.9738902Z ./releases/v0.57.1/site/game/presentation/compiled/assets/2033ce4e45c2b164edc31e8680244deaa475783dca1aebc6262bfffcd3980eb2.png
2026-09-15T13:37:13.9739660Z ./releases/v0.57.1/site/game/presentation/compiled/assets/c234ea41a080121e73eeea20e3e3db5cfedcd4d4793bc31cf7cdfb2dad2a96ca.png
2026-09-15T13:37:13.9740410Z ./releases/v0.57.1/site/game/presentation/compiled/assets/1e3b7ea46131dbee8ca4601fd75862b04fda8ca4aa4b088d9811f5845e05eb7d.png
2026-09-15T13:37:13.9741144Z ./releases/v0.57.1/site/game/presentation/compiled/assets/57ee2976cb09f29863a4b3a2d8951574a93bf376eda64dbe2a171dc426d8391a.png
2026-09-15T13:37:13.9741735Z ./releases/v0.57.1/site/game/presentation/compiled/assets/7e696d173490ae948cead01a22c5650bc6ffef16c70c514ba6d88413d460a192.png
2026-09-15T13:37:13.9742396Z ./releases/v0.57.1/site/game/presentation/compiled/assets/b65d23a488db2a276f1332680fbf394b1aee685fffc42f0b093c01506041f143.png
2026-09-15T13:37:13.9742960Z ./releases/v0.57.1/site/game/presentation/compiled/assets/08512d067c5f322eb059dc45733fd61534b8bc530a9ebd8b33208d941a603922.png
2026-09-15T13:37:13.9743460Z ./releases/v0.57.1/site/game/presentation/compiled/assets/cae1523d150bbe69f65028676129ba9c51958f4561671c5d6dee1eecfb48b3b5.png
2026-09-15T13:37:13.9744059Z ./releases/v0.57.1/site/game/presentation/compiled/assets/8b5ebd66c72bc3a9ccc07c5dedaba2a8c556ea4e78ef1f17650cc99bc1eca666.png
2026-09-15T13:37:13.9744619Z ./releases/v0.57.1/site/game/presentation/compiled/assets/d9ee53a1cc344517624e80785e764da99fa8bd9b90d7f2b9b5d2ac52ff236a4b.png
2026-09-15T13:37:13.9745319Z ./releases/v0.57.1/site/game/presentation/compiled/assets/53fff7055c1021c80f93590ed4e028c85d59ea4cb2f06ac71644d29989fa2bd7.png
2026-09-15T13:37:13.9746265Z ./releases/v0.57.1/site/game/presentation/compiled/assets/3104d1433851b889c70bbf8fe4d4fecd2b99a3d57d099b402286948283711fb4.png
2026-09-15T13:37:13.9747105Z ./releases/v0.57.1/site/game/presentation/compiled/assets/78033ee190de99663e4b936e480562d4cc93d9e90190b529ef46d07877c43826.png
2026-09-15T13:37:13.9747707Z ./releases/v0.57.1/site/game/presentation/compiled/assets/27fca2383ecb60fe0019232ed3f384103f602e36fe583fbad4b018b0c20d08fe.png
2026-09-15T13:37:13.9748210Z ./releases/v0.57.1/site/game/presentation/compiled/assets/a3ad1f5a90f71164d77039f7052ce3403e684f1e9acecb0d3c86a7d456e9d509.png
2026-09-15T13:37:13.9748857Z ./releases/v0.57.1/site/game/presentation/compiled/assets/77a93635bc7d39976bbf571f056a68f75ef43e1b655b6512fd293b2b568306e3.png
2026-09-15T13:37:13.9749347Z ./releases/v0.57.1/site/game/presentation/compiled/assets/78294d66d340a9cc4036814defa9a291b8573949d79318823722b6f51c71fc14.png
2026-09-15T13:37:13.9749842Z ./releases/v0.57.1/site/game/presentation/compiled/assets/466b729b69035d65e5a95d5ef9c8d1c337e64a6af3b5fbdcf91cf74d3096d33b.png
2026-09-15T13:37:13.9750341Z ./releases/v0.57.1/site/game/presentation/compiled/assets/00b0f847cd1f80495615e3ada13899df67c6df05bf1f6d846ffc46cb3cc3fc5f.png
2026-09-15T13:37:13.9750833Z ./releases/v0.57.1/site/game/presentation/compiled/assets/526656d6f29126aaec7bc7d1abf0769d247b311039c8d069c7e2afc17d112747.png
2026-09-15T13:37:13.9751331Z ./releases/v0.57.1/site/game/presentation/compiled/assets/ccdfe41a2adaf920c64d99f665d19d9ca6ddc2ea5251ea24bdd63beb2dfc68bd.png
2026-09-15T13:37:13.9751849Z ./releases/v0.57.1/site/game/presentation/compiled/assets/02b4ab6f9e8339b921ac83fa0f72e334ab98edc82a46ae5b70499d4ea5dfb872.png
2026-09-15T13:37:13.9752462Z ./releases/v0.57.1/site/game/presentation/compiled/assets/2617aa19f98e0a455046c229a9abcb678efeaa76c07ebe5ce07cb8b00d4d65bf.png
2026-09-15T13:37:13.9752969Z ./releases/v0.57.1/site/game/presentation/compiled/assets/97986545bbd0dd978d7c5cd2b3511b800cb082caf4a584416306b6c3f4283b54.png
2026-09-15T13:37:13.9753461Z ./releases/v0.57.1/site/game/presentation/compiled/assets/a07fe2df221cb042a05a7ef78716ae1809e9df5dd54d7dd550c91bd265f7f7fb.png
2026-09-15T13:37:13.9753961Z ./releases/v0.57.1/site/game/presentation/compiled/assets/5428ce32eb31d44ea4b04561d86cc65e31ce79fe50acce40beadfd1d2546b837.png
2026-09-15T13:37:13.9754452Z ./releases/v0.57.1/site/game/presentation/compiled/assets/2d0b8b6260f73e3fe008c5ac228021f681747183a586ed7ca9dde3906b22dcc3.png
2026-09-15T13:37:13.9754941Z ./releases/v0.57.1/site/game/presentation/compiled/assets/150ebf2c0817461fda33425c885488da7f4566b16a83947e94799d8da2df05e5.png
2026-09-15T13:37:13.9755429Z ./releases/v0.57.1/site/game/presentation/compiled/assets/de2406eaf230f4701c82249f0709f1238616cca532d2be1b02d3105503646c3c.png
2026-09-15T13:37:13.9756111Z ./releases/v0.57.1/site/game/presentation/compiled/assets/4c0ab153dd814ff806ff0d9a63bb1ef5ad9eac532f8f771d1288265d7327ec68.png
2026-09-15T13:37:13.9756984Z ./releases/v0.57.1/site/game/presentation/compiled/assets/d5227e40b6ef6c1d722bbfb09c828789facf18b0021d6e600a456fdd37ba7e11.png
2026-09-15T13:37:13.9757668Z ./releases/v0.57.1/site/game/presentation/compiled/assets/33955b0fafb24b5edab1d605d6b3a8453a0073438aa87785cc2376ec36953346.png
2026-09-15T13:37:13.9758166Z ./releases/v0.57.1/site/game/presentation/compiled/assets/5c51f6d7b29af2e8be90adc5d01257f1b5d34ac5aaf0bb533fd2088bd944b683.png
2026-09-15T13:37:13.9758672Z ./releases/v0.57.1/site/game/presentation/compiled/assets/43db178018db9727dc1d4f6f9231dbe2ad29fe6d75a6a84d5ed97b069e18e3a4.png
2026-09-15T13:37:13.9767331Z ./releases/v0.57.1/site/game/presentation/compiled/assets/9e865e30bb22014bc6cc20dd4038415f4b279164ab33c54d9682e7ffc9cf2c91.png
2026-09-15T13:37:13.9768116Z ./releases/v0.57.1/site/game/presentation/compiled/assets/713991ea5d2ba3bbc0f5115c6fdc98f337da90b657b0c43c7db1625073377f90.png
2026-09-15T13:37:13.9768623Z ./releases/v0.57.1/site/game/presentation/compiled/assets/53f17c3672c097ce79b63629e4dfbffe9d5a2ecacf4ac99ec67704538951d9fe.png
2026-09-15T13:37:13.9769201Z ./releases/v0.57.1/site/game/presentation/compiled/assets/e033d8a3118b42b870e2f6350f7ae960b6085b46beb32ae235881a53bfbdc066.png
2026-09-15T13:37:13.9770063Z ./releases/v0.57.1/site/game/presentation/compiled/assets/0839e0cac64adad321fb07518b14673091bbc1a61a836ff15ebf48510480bbbc.png
2026-09-15T13:37:13.9770921Z ./releases/v0.57.1/site/game/presentation/compiled/assets/326d159fab7ab655e40c493e5e3ae27713157b419788134f23363ef222ad27db.png
2026-09-15T13:37:13.9771785Z ./releases/v0.57.1/site/game/presentation/compiled/assets/6b5afa33051459550ead8fee06fb5e14c9eecf9648906dc1abb7fe7a2c69455c.png
2026-09-15T13:37:13.9772851Z ./releases/v0.57.1/site/game/presentation/compiled/assets/b0e9acf3605b9c5440328ef0bea6c0959efd03acdddbc4ac2cc5520e036457b6.png
2026-09-15T13:37:13.9773729Z ./releases/v0.57.1/site/game/presentation/compiled/assets/a25dc0c7e2f24a5451f3fbb0d24e90fdce796b274d8b54f238cbee0a26e8b857.png
2026-09-15T13:37:13.9774595Z ./releases/v0.57.1/site/game/presentation/compiled/assets/cea04fc27e33583748da59f8bc873505d15b8c37745f0b30b5a4415f4d7c87cb.png
2026-09-15T13:37:13.9775174Z ./releases/v0.57.1/site/game/presentation/compiled/assets/72b6c93f47090f3a3724223477e22cbc461132329768e70b82cdb87d85a72052.png
2026-09-15T13:37:13.9775667Z ./releases/v0.57.1/site/game/presentation/compiled/assets/9ad64ed82783ba763f61fe954e3cdc8c360df472c8d035ef74579670d2649bba.png
2026-09-15T13:37:13.9776541Z ./releases/v0.57.1/site/game/presentation/compiled/assets/efef00b62e24bc89315f26fe888d64658bb63cfcce3eeb047645c812903d3e3f.png
2026-09-15T13:37:13.9777342Z ./releases/v0.57.1/site/game/presentation/compiled/assets/9ef850d87a46eee28cbfa3df8f2d2945673b8bf5dc2fdcc4edf1840175e3f7a1.png
2026-09-15T13:37:13.9777831Z ./releases/v0.57.1/site/game/presentation/compiled/assets/0ae5d58c1169056d086892937112a4605d56ca11b6d11e701d1e7796b18a6af7.png
2026-09-15T13:37:13.9778455Z ./releases/v0.57.1/site/game/presentation/compiled/assets/d4690eb2839e8f90a4ac105502c5b22c1b1cceb643c5d2593ca3a4e61d6aa008.png
2026-09-15T13:37:13.9778962Z ./releases/v0.57.1/site/game/presentation/compiled/assets/f03dc7d839fef8d53cae7b29cc106dd094c976af6e3758d71110bf0d47140efa.png
2026-09-15T13:37:13.9779462Z ./releases/v0.57.1/site/game/presentation/compiled/assets/d76f309d8385cd5d20fc2fff72b7f3abc19299cccdde767d76dd9f4a4960929d.png
2026-09-15T13:37:13.9779949Z ./releases/v0.57.1/site/game/presentation/compiled/assets/044bfaa980686917e6715e3919617a516ee1585e38dd8a63154301eba23d4118.png
2026-09-15T13:37:13.9780451Z ./releases/v0.57.1/site/game/presentation/compiled/assets/cc1bc2077c62d4cea9aeba86c00d0185b3c93f7c7dfceaede414dc105859196f.png
2026-09-15T13:37:13.9780954Z ./releases/v0.57.1/site/game/presentation/compiled/assets/4213f1ac958d600b68f4aa1aa0171d8f5e7a10ca2422154f88cc9b58bda9c0c1.png
2026-09-15T13:37:13.9781446Z ./releases/v0.57.1/site/game/presentation/compiled/assets/9c181b9009de288e0ed3349ab0bda4908e67c92587946517115b9231d5ea65b8.png
2026-09-15T13:37:13.9781943Z ./releases/v0.57.1/site/game/presentation/compiled/assets/3fa6527474d2da84fed128052df7ee8ac2b34a25eaf5a162d21be849a12fd65c.png
2026-09-15T13:37:13.9782419Z ./releases/v0.57.1/site/game/presentation/compiled/assets/40172d186e595959d100dd0e7e52a78906e904300d93c8c0958d82b6f3b91ff0.png
2026-09-15T13:37:13.9782914Z ./releases/v0.57.1/site/game/presentation/compiled/assets/83b8dea4de4fad710942a60c18f03c34849df904a45edb0316b6287c3770fb3c.png
2026-09-15T13:37:13.9783407Z ./releases/v0.57.1/site/game/presentation/compiled/assets/e35ca174c360d5a572c72e6be448666cf3da1438cf0d91f8ea7ff8c221b8eb5e.png
2026-09-15T13:37:13.9783948Z ./releases/v0.57.1/site/game/presentation/compiled/assets/398eaf8dc2f88a2b1a3bc4d2ae5c603f54fd5daa96c9c9c02637bdd4c488e697.png
2026-09-15T13:37:13.9784447Z ./releases/v0.57.1/site/game/presentation/compiled/assets/963bdc61942194177b4d0dac32ba560c0200f55c83f21d939356b8680b6f644c.png
2026-09-15T13:37:13.9784944Z ./releases/v0.57.1/site/game/presentation/compiled/assets/228285616ceb1d60be182f971790ee75a67c44a40a787d7d7ed275668a3005e4.png
2026-09-15T13:37:13.9785436Z ./releases/v0.57.1/site/game/presentation/compiled/assets/95b99a09686ab417503cd8444f6b485d1021b6ae3f8e9525a545faafd6254c9c.png
2026-09-15T13:37:13.9786059Z ./releases/v0.57.1/site/game/presentation/compiled/assets/084e63a13178e1736ac2eaa12af621d63a786eea4dc21ab5cae8c6acf96c8153.png
2026-09-15T13:37:13.9786873Z ./releases/v0.57.1/site/game/presentation/compiled/assets/ee325025999edc73751f62ee92adc73c02fe06d29680da5816f4785e014ef730.png
2026-09-15T13:37:13.9787726Z ./releases/v0.57.1/site/game/presentation/compiled/assets/94353c17fbc74e21655a3c556075885a144900b6c620ba7b37ab79beb31f246f.png
2026-09-15T13:37:13.9788723Z ./releases/v0.57.1/site/game/presentation/compiled/assets/0b5106ea19db098b6cf6068142510fd373731532e5052983e58bb343038404e6.png
2026-09-15T13:37:13.9789585Z ./releases/v0.57.1/site/game/presentation/compiled/assets/40a08a5524dbe269f6eddb019c55beebde3129ba270d97a5fa4d22015a07e0cc.png
2026-09-15T13:37:13.9790350Z ./releases/v0.57.1/site/game/presentation/compiled/assets/84461bcb3aca9dc91ace6a836df87a153a6c58d75b6a46b8988d9d835f68ad9f.png
2026-09-15T13:37:13.9790864Z ./releases/v0.57.1/site/game/presentation/compiled/assets/2d4e0eafa015c8e434082b8be0552556e0abfe057248233a701cac4d1b3f4cd0.png
2026-09-15T13:37:13.9791353Z ./releases/v0.57.1/site/game/presentation/compiled/assets/0233c5f399b93700594af044a5f56687a0742333d32b7bc54ef7122173f1dc65.png
2026-09-15T13:37:13.9791838Z ./releases/v0.57.1/site/game/presentation/compiled/assets/7954823e793dd6140528d271c12653fca559eda862ca83c4be73c6bfbdf9c26c.png
2026-09-15T13:37:13.9792336Z ./releases/v0.57.1/site/game/presentation/compiled/assets/544551f875b2fd52c41dbbd384d6710a80fb23d744ae8a9bca3353cd23752a48.png
2026-09-15T13:37:13.9793091Z ./releases/v0.57.1/site/game/presentation/compiled/assets/57744cbfe744bd50d932b1dba963539c11dbb176dc1e3171de46c34ea74d48a0.png
2026-09-15T13:37:13.9794081Z ./releases/v0.57.1/site/game/presentation/compiled/assets/9bc684f5da99a255c09d7cd6aac452859d5ec370d344a092901576bdc9405911.png
2026-09-15T13:37:13.9794453Z ./releases/v0.57.1/site/game/presentation/compiled/theme.css
2026-09-15T13:37:13.9794754Z ./releases/v0.57.1/site/game/presentation/page.mjs
2026-09-15T13:37:13.9795114Z ./releases/v0.57.1/site/game/presentation/studio-session.mjs
2026-09-15T13:37:13.9795414Z ./releases/v0.57.1/site/game/presentation/model.mjs
2026-09-15T13:37:13.9795697Z ./releases/v0.57.1/site/game/presentation/icons.mjs
2026-09-15T13:37:13.9796200Z ./releases/v0.57.1/site/game/presentation/current-pictures.mjs
2026-09-15T13:37:13.9796490Z ./releases/v0.57.1/site/game/presentation/bundle.mjs
2026-09-15T13:37:13.9796648Z ./releases/v0.57.1/site/game/content.mjs
2026-09-15T13:37:13.9796837Z ./releases/v0.57.1/site/game/mastery-equipment.mjs
2026-09-15T13:37:13.9797040Z ./releases/v0.57.1/site/game/profile-channel-json.mjs
2026-09-15T13:37:13.9797245Z ./releases/v0.57.1/site/game/enemy-presentations.mjs
2026-09-15T13:37:13.9797394Z ./releases/v0.57.1/site/game/vendor/
2026-09-15T13:37:13.9797754Z ./releases/v0.57.1/site/game/vendor/PHASER-LICENSE.md
2026-09-15T13:37:13.9798077Z ./releases/v0.57.1/site/game/vendor/phaser-4.2.1.min.js
2026-09-15T13:37:13.9798375Z ./releases/v0.57.1/site/game/managed-media-store.mjs
2026-09-15T13:37:13.9798697Z ./releases/v0.57.1/site/game/mastery-verification.mjs
2026-09-15T13:37:13.9798933Z ./releases/v0.57.1/site/game/replays/
2026-09-15T13:37:13.9799280Z ./releases/v0.57.1/site/game/replays/expansion-routes.json
2026-09-15T13:37:13.9799612Z ./releases/v0.57.1/site/game/replays/first-light-routes.json
2026-09-15T13:37:13.9799843Z ./releases/v0.57.1/site/game/replays/fieldcraft-routes.json
2026-09-15T13:37:13.9800079Z ./releases/v0.57.1/site/game/replays/fpv-arcade-r2-routes.json
2026-09-15T13:37:13.9800326Z ./releases/v0.57.1/site/game/replays/first-light-gentle-routes.json
2026-09-15T13:37:13.9800539Z ./releases/v0.57.1/site/game/replays/campaign-routes.json
2026-09-15T13:37:13.9800744Z ./releases/v0.57.1/site/game/replays/gentle-routes.json
2026-09-15T13:37:13.9800973Z ./releases/v0.57.1/site/game/replays/fpv-arcade-r3-routes.json
2026-09-15T13:37:13.9801185Z ./releases/v0.57.1/site/game/replays/fpv-arcade-r5-routes.json
2026-09-15T13:37:13.9801733Z ./releases/v0.57.1/site/game/replays/sentinel-routes.json
2026-09-15T13:37:13.9804199Z ./releases/v0.57.1/site/game/replays/homeward-routes.json
2026-09-15T13:37:13.9807304Z ./releases/v0.57.1/site/game/replays/classic-lab-routes.json
2026-09-15T13:37:13.9807916Z ./releases/v0.57.1/site/game/replays/fpv-arcade-r4-routes.json
2026-09-15T13:37:13.9808581Z ./releases/v0.57.1/site/game/flight-media-pins.mjs
2026-09-15T13:37:13.9808936Z ./releases/v0.57.1/site/game/controller-lab/
2026-09-15T13:37:13.9809523Z ./releases/v0.57.1/site/game/controller-lab/reading-practice.json
2026-09-15T13:37:13.9809842Z ./releases/v0.57.1/site/game/controller-lab/index.html
2026-09-15T13:37:13.9810136Z ./releases/v0.57.1/site/game/controller-lab/lab.mjs
2026-09-15T13:37:13.9810443Z ./releases/v0.57.1/site/game/controller-lab/style.css
2026-09-15T13:37:13.9810746Z ./releases/v0.57.1/site/game/media-storage-record.mjs
2026-09-15T13:37:13.9811086Z ./releases/v0.57.1/site/game/enemy-catalog-scenarios.mjs
2026-09-15T13:37:13.9811302Z ./releases/v0.57.1/site/game/couch/
2026-09-15T13:37:13.9811685Z ./releases/v0.57.1/site/game/couch/couch-installed-chapters.mjs
2026-09-15T13:37:13.9811979Z ./releases/v0.57.1/site/game/couch/relay-rescue.mjs
2026-09-15T13:37:13.9812241Z ./releases/v0.57.1/site/game/couch/couch.mjs
2026-09-15T13:37:13.9812630Z ./releases/v0.57.1/site/game/couch/couch-input.mjs
2026-09-15T13:37:13.9812994Z ./releases/v0.57.1/site/game/couch/coop-view.mjs
2026-09-15T13:37:13.9813318Z ./releases/v0.57.1/site/game/couch/coop-feedback.mjs
2026-09-15T13:37:13.9813616Z ./releases/v0.57.1/site/game/couch/relay-rescue.html
2026-09-15T13:37:13.9813916Z ./releases/v0.57.1/site/game/couch/index.html
2026-09-15T13:37:13.9814523Z ./releases/v0.57.1/site/game/couch/couch-shell.mjs
2026-09-15T13:37:13.9814814Z ./releases/v0.57.1/site/game/couch/relay-rescue.css
2026-09-15T13:37:13.9815072Z ./releases/v0.57.1/site/game/couch/couch.css
2026-09-15T13:37:13.9815383Z ./releases/v0.57.1/site/game/couch/couch-chapter.mjs
2026-09-15T13:37:13.9815648Z ./releases/v0.57.1/site/game/challenges.mjs
2026-09-15T13:37:13.9816067Z ./releases/v0.57.1/site/game/soundtrack-store.mjs
2026-09-15T13:37:13.9816363Z ./releases/v0.57.1/site/game/media-presentation.mjs
2026-09-15T13:37:13.9826622Z ./releases/v0.57.1/site/game/selection-bookmark.mjs
2026-09-15T13:37:13.9826853Z ./releases/v0.57.1/site/game/boot.css
2026-09-15T13:37:13.9827105Z ./releases/v0.57.1/site/game/media-still.mjs
2026-09-15T13:37:13.9827396Z ./releases/v0.57.1/site/game/mastery-records.mjs
2026-09-15T13:37:13.9827692Z ./releases/v0.57.1/site/game/gallery-difficulty.mjs
2026-09-15T13:37:13.9827950Z ./releases/v0.57.1/site/game/video-poster.mjs
2026-09-15T13:37:13.9828273Z ./releases/v0.57.1/site/game/profile-shared-media.mjs
2026-09-15T13:37:13.9828613Z ./releases/v0.57.1/site/game/external-chapter-backup.mjs
2026-09-15T13:37:13.9828879Z ./releases/v0.57.1/site/game/content-launch.mjs
2026-09-15T13:37:13.9829162Z ./releases/v0.57.1/site/game/profile-transfer.mjs
2026-09-15T13:37:13.9829391Z ./releases/v0.57.1/site/game/ui/
2026-09-15T13:37:13.9829709Z ./releases/v0.57.1/site/game/ui/first-flight-view.mjs
2026-09-15T13:37:13.9829993Z ./releases/v0.57.1/site/game/ui/touch-steering.mjs
2026-09-15T13:37:13.9830320Z ./releases/v0.57.1/site/game/ui/controller-settings.css
2026-09-15T13:37:13.9830637Z ./releases/v0.57.1/site/game/ui/practice-navigation.mjs
2026-09-15T13:37:13.9830970Z ./releases/v0.57.1/site/game/ui/first-flight-entry.mjs
2026-09-15T13:37:13.9831241Z ./releases/v0.57.1/site/game/ui/story-dialog.css
2026-09-15T13:37:13.9831558Z ./releases/v0.57.1/site/game/ui/enemy-catalog-panel.css
2026-09-15T13:37:13.9831827Z ./releases/v0.57.1/site/game/ui/enemy-guide.mjs
2026-09-15T13:37:13.9832117Z ./releases/v0.57.1/site/game/ui/device-controls.css
2026-09-15T13:37:13.9832431Z ./releases/v0.57.1/site/game/ui/presentation-image.mjs
2026-09-15T13:37:13.9832715Z ./releases/v0.57.1/site/game/ui/library-panel.mjs
2026-09-15T13:37:13.9833007Z ./releases/v0.57.1/site/game/ui/field-kit-fonts.css
2026-09-15T13:37:13.9833267Z ./releases/v0.57.1/site/game/ui/game-shell.css
2026-09-15T13:37:13.9833553Z ./releases/v0.57.1/site/game/ui/field-kit-flow.css
2026-09-15T13:37:13.9833852Z ./releases/v0.57.1/site/game/ui/soundtrack-panel.css
2026-09-15T13:37:13.9834151Z ./releases/v0.57.1/site/game/ui/field-kit-surfaces.mjs
2026-09-15T13:37:13.9834450Z ./releases/v0.57.1/site/game/ui/picture-identity.mjs
2026-09-15T13:37:13.9834755Z ./releases/v0.57.1/site/game/ui/enemy-body-motion.mjs
2026-09-15T13:37:13.9835242Z ./releases/v0.57.1/site/game/ui/profile-recovery.css
2026-09-15T13:37:13.9835601Z ./releases/v0.57.1/site/game/ui/optional-chapters-panel.mjs
2026-09-15T13:37:13.9836069Z ./releases/v0.57.1/site/game/ui/field-kit-components.css
2026-09-15T13:37:13.9836427Z ./releases/v0.57.1/site/game/ui/profile-recovery-dialog.mjs
2026-09-15T13:37:13.9836720Z ./releases/v0.57.1/site/game/ui/still-media-host.mjs
2026-09-15T13:37:13.9837042Z ./releases/v0.57.1/site/game/ui/enemy-catalog-input.mjs
2026-09-15T13:37:13.9837341Z ./releases/v0.57.1/site/game/ui/direct-tool-launch.js
2026-09-15T13:37:13.9837622Z ./releases/v0.57.1/site/game/ui/field-kit-copy.mjs
2026-09-15T13:37:13.9837964Z ./releases/v0.57.1/site/game/ui/first-flight-preview.mjs
2026-09-15T13:37:13.9838210Z ./releases/v0.57.1/site/game/ui/input.mjs
2026-09-15T13:37:13.9838506Z ./releases/v0.57.1/site/game/ui/storage-retention.mjs
2026-09-15T13:37:13.9838796Z ./releases/v0.57.1/site/game/ui/still-media-panel.css
2026-09-15T13:37:13.9839139Z ./releases/v0.57.1/site/game/ui/controller-boost-host.mjs
2026-09-15T13:37:13.9839401Z ./releases/v0.57.1/site/game/ui/scene-art.mjs
2026-09-15T13:37:13.9839676Z ./releases/v0.57.1/site/game/ui/worlds-browser.mjs
2026-09-15T13:37:13.9840140Z ./releases/v0.57.1/site/game/ui/actor-presentation.mjs
2026-09-15T13:37:13.9840429Z ./releases/v0.57.1/site/game/ui/earned-picture.mjs
2026-09-15T13:37:13.9840708Z ./releases/v0.57.1/site/game/ui/pixel-theme.css
2026-09-15T13:37:13.9840966Z ./releases/v0.57.1/site/game/ui/retry-view.mjs
2026-09-15T13:37:13.9841266Z ./releases/v0.57.1/site/game/ui/operation-status.css
2026-09-15T13:37:13.9841527Z ./releases/v0.57.1/site/game/ui/game-shell.mjs
2026-09-15T13:37:13.9841856Z ./releases/v0.57.1/site/game/ui/video-poster-workshop.mjs
2026-09-15T13:37:13.9842150Z ./releases/v0.57.1/site/game/ui/mission-gallery.mjs
2026-09-15T13:37:13.9842430Z ./releases/v0.57.1/site/game/ui/key-settings.mjs
2026-09-15T13:37:13.9842708Z ./releases/v0.57.1/site/game/ui/event-feedback.mjs
2026-09-15T13:37:13.9843065Z ./releases/v0.57.1/site/game/ui/profile-recovery-dialog.css
2026-09-15T13:37:13.9843352Z ./releases/v0.57.1/site/game/ui/offline-panel.mjs
2026-09-15T13:37:13.9843658Z ./releases/v0.57.1/site/game/ui/still-story-panel.mjs
2026-09-15T13:37:13.9843973Z ./releases/v0.57.1/site/game/ui/enemy-catalog-panel.mjs
2026-09-15T13:37:13.9844276Z ./releases/v0.57.1/site/game/ui/backup-set-panel.mjs
2026-09-15T13:37:13.9844574Z ./releases/v0.57.1/site/game/ui/controller-router.mjs
2026-09-15T13:37:13.9844858Z ./releases/v0.57.1/site/game/ui/field-kit-tokens.css
2026-09-15T13:37:13.9845107Z ./releases/v0.57.1/site/game/ui/fonts/
2026-09-15T13:37:13.9845407Z ./releases/v0.57.1/site/game/ui/fonts/pixelify-sans/
2026-09-15T13:37:13.9845935Z ./releases/v0.57.1/site/game/ui/fonts/pixelify-sans/provenance.json
2026-09-15T13:37:13.9846309Z ./releases/v0.57.1/site/game/ui/fonts/pixelify-sans/METADATA.pb
2026-09-15T13:37:13.9846713Z ./releases/v0.57.1/site/game/ui/fonts/pixelify-sans/PixelifySans.ttf
2026-09-15T13:37:13.9847058Z ./releases/v0.57.1/site/game/ui/fonts/pixelify-sans/OFL.txt
2026-09-15T13:37:13.9847353Z ./releases/v0.57.1/site/game/ui/fonts/provenance.json
2026-09-15T13:37:13.9847623Z ./releases/v0.57.1/site/game/ui/fonts/METADATA.pb
2026-09-15T13:37:13.9847944Z ./releases/v0.57.1/site/game/ui/fonts/Tiny5-Regular.ttf
2026-09-15T13:37:13.9848220Z ./releases/v0.57.1/site/game/ui/fonts/field-kit/
2026-09-15T13:37:13.9848584Z ./releases/v0.57.1/site/game/ui/fonts/field-kit/provenance.json
2026-09-15T13:37:13.9849021Z ./releases/v0.57.1/site/game/ui/fonts/field-kit/handjet-display-600.woff2
2026-09-15T13:37:13.9849421Z ./releases/v0.57.1/site/game/ui/fonts/field-kit/exo2-ui-400-600.woff2
2026-09-15T13:37:13.9849811Z ./releases/v0.57.1/site/game/ui/fonts/field-kit/IBMPlexMono-OFL.txt
2026-09-15T13:37:13.9850165Z ./releases/v0.57.1/site/game/ui/fonts/field-kit/Handjet-OFL.txt
2026-09-15T13:37:13.9850583Z ./releases/v0.57.1/site/game/ui/fonts/field-kit/ibm-plex-mono-500.woff2
2026-09-15T13:37:13.9851092Z ./releases/v0.57.1/site/game/ui/fonts/field-kit/Exo2-OFL.txt
2026-09-15T13:37:13.9851345Z ./releases/v0.57.1/site/game/ui/fonts/OFL.txt
2026-09-15T13:37:13.9851620Z ./releases/v0.57.1/site/game/ui/enemy-guide.css
2026-09-15T13:37:13.9851942Z ./releases/v0.57.1/site/game/ui/first-flight-launch.mjs
2026-09-15T13:37:13.9852247Z ./releases/v0.57.1/site/game/ui/soundtrack-player.mjs
2026-09-15T13:37:13.9852512Z ./releases/v0.57.1/site/game/ui/mastery-view.mjs
2026-09-15T13:37:13.9852753Z ./releases/v0.57.1/site/game/ui/audio.mjs
2026-09-15T13:37:13.9853072Z ./releases/v0.57.1/site/game/ui/still-media-preview.mjs
2026-09-15T13:37:13.9853351Z ./releases/v0.57.1/site/game/ui/optional-chapters-panel.css
2026-09-15T13:37:13.9853540Z ./releases/v0.57.1/site/game/ui/modal-navigation.mjs
2026-09-15T13:37:13.9853718Z ./releases/v0.57.1/site/game/ui/story-dialog.mjs
2026-09-15T13:37:13.9853897Z ./releases/v0.57.1/site/game/ui/profile-recovery.mjs
2026-09-15T13:37:13.9854080Z ./releases/v0.57.1/site/game/ui/encounter-view.mjs
2026-09-15T13:37:13.9854282Z ./releases/v0.57.1/site/game/ui/still-media-catalog.mjs
2026-09-15T13:37:13.9854453Z ./releases/v0.57.1/site/game/ui/backup-set.css
2026-09-15T13:37:13.9854676Z ./releases/v0.57.1/site/game/ui/mission-picker.css
2026-09-15T13:37:13.9855114Z ./releases/v0.57.1/site/game/ui/victory-story.mjs
2026-09-15T13:37:13.9855430Z ./releases/v0.57.1/site/game/ui/mission-thumbnails.mjs
2026-09-15T13:37:13.9855731Z ./releases/v0.57.1/site/game/ui/controller-reading.mjs
2026-09-15T13:37:13.9869731Z ./releases/v0.57.1/site/game/ui/controller-preview.mjs
2026-09-15T13:37:13.9870081Z ./releases/v0.57.1/site/game/ui/operation-status.mjs
2026-09-15T13:37:13.9870391Z ./releases/v0.57.1/site/game/ui/mission-picker.mjs
2026-09-15T13:37:13.9870675Z ./releases/v0.57.1/site/game/ui/result-picture.mjs
2026-09-15T13:37:13.9870969Z ./releases/v0.57.1/site/game/ui/fullscreen.mjs
2026-09-15T13:37:13.9871276Z ./releases/v0.57.1/site/game/ui/soundtrack-panel.mjs
2026-09-15T13:37:13.9871581Z ./releases/v0.57.1/site/game/ui/enemy-body-assets.mjs
2026-09-15T13:37:13.9871823Z ./releases/v0.57.1/site/game/ui/art/
2026-09-15T13:37:13.9872091Z ./releases/v0.57.1/site/game/ui/art/field-kit/
2026-09-15T13:37:13.9872420Z ./releases/v0.57.1/site/game/ui/art/field-kit/prepared/
2026-09-15T13:37:13.9872885Z ./releases/v0.57.1/site/game/ui/art/field-kit/prepared/title-hangar-v1.png
2026-09-15T13:37:13.9873433Z ./releases/v0.57.1/site/game/ui/art/field-kit/prepared/title-hangar-portrait-v1.png
2026-09-15T13:37:13.9873797Z ./releases/v0.57.1/site/game/ui/controller-navigation.mjs
2026-09-15T13:37:13.9874099Z ./releases/v0.57.1/site/game/ui/still-media-panel.mjs
2026-09-15T13:37:13.9874450Z ./releases/v0.57.1/site/game/ui/profile-transfer-panel.mjs
2026-09-15T13:37:13.9874750Z ./releases/v0.57.1/site/game/ui/flight-pictures.mjs
2026-09-15T13:37:13.9874993Z ./releases/v0.57.1/site/game/ui/music.mjs
2026-09-15T13:37:13.9875314Z ./releases/v0.57.1/site/game/ui/enemy-workshop-return.mjs
2026-09-15T13:37:13.9875632Z ./releases/v0.57.1/site/game/ui/controller-settings.mjs
2026-09-15T13:37:13.9876102Z ./releases/v0.57.1/site/game/ui/field-kit-compiled.css
2026-09-15T13:37:13.9876401Z ./releases/v0.57.1/site/game/ui/field-kit-surfaces.css
2026-09-15T13:37:13.9876780Z ./releases/v0.57.1/site/game/ui/controller-boost-settings.mjs
2026-09-15T13:37:13.9877064Z ./releases/v0.57.1/site/game/ui/mission-brief.css
2026-09-15T13:37:13.9877340Z ./releases/v0.57.1/site/game/ui/celebration.mjs
2026-09-15T13:37:13.9877610Z ./releases/v0.57.1/site/game/ui/classic-view.mjs
2026-09-15T13:37:13.9877965Z ./releases/v0.57.1/site/game/ui/presentation-draw-image.mjs
2026-09-15T13:37:13.9878257Z ./releases/v0.57.1/site/game/ui/published-audio.mjs
2026-09-15T13:37:13.9878492Z ./releases/v0.57.1/site/game/ui/render.mjs
2026-09-15T13:37:13.9878836Z ./releases/v0.57.1/site/game/profile-original-recovery.mjs
2026-09-15T13:37:13.9879059Z ./releases/v0.57.1/site/game/mp3.mjs
2026-09-15T13:37:13.9879363Z ./releases/v0.57.1/site/game/controller-bindings.mjs
2026-09-15T13:37:13.9879850Z ./releases/v0.57.1/site/game/media-library.mjs
2026-09-15T13:37:13.9880111Z ./releases/v0.57.1/site/game/attempt-file.mjs
2026-09-15T13:37:13.9880334Z ./releases/v0.57.1/site/game/coop/
2026-09-15T13:37:13.9880580Z ./releases/v0.57.1/site/game/coop/threats.mjs
2026-09-15T13:37:13.9880848Z ./releases/v0.57.1/site/game/coop/geometry.mjs
2026-09-15T13:37:13.9881141Z ./releases/v0.57.1/site/game/coop/input-policy.mjs
2026-09-15T13:37:13.9881395Z ./releases/v0.57.1/site/game/coop/recipes.mjs
2026-09-15T13:37:13.9881675Z ./releases/v0.57.1/site/game/coop/relay-yard.mjs
2026-09-15T13:37:13.9881933Z ./releases/v0.57.1/site/game/coop/library.mjs
2026-09-15T13:37:13.9882184Z ./releases/v0.57.1/site/game/coop/core.mjs
2026-09-15T13:37:13.9882495Z ./releases/v0.57.1/site/game/coop/first-connection.mjs
2026-09-15T13:37:13.9882736Z ./releases/v0.57.1/site/game/playground/
2026-09-15T13:37:13.9883048Z ./releases/v0.57.1/site/game/playground/playground.css
2026-09-15T13:37:13.9883340Z ./releases/v0.57.1/site/game/playground/viewport.mjs
2026-09-15T13:37:13.9883660Z ./releases/v0.57.1/site/game/playground/board-view.mjs
2026-09-15T13:37:13.9883953Z ./releases/v0.57.1/site/game/playground/index.html
2026-09-15T13:37:13.9884510Z ./releases/v0.57.1/site/game/playground/control-geometry.mjs
2026-09-15T13:37:13.9884812Z ./releases/v0.57.1/site/game/playground/playground.mjs
2026-09-15T13:37:13.9885117Z ./releases/v0.57.1/site/game/playground/model.mjs
2026-09-15T13:37:13.9885348Z ./releases/v0.57.1/site/game/profile-channel-assets.mjs
2026-09-15T13:37:13.9885504Z ./releases/v0.57.1/site/game/backup.mjs
2026-09-15T13:37:13.9885646Z ./releases/v0.57.1/site/game/boot.mjs
2026-09-15T13:37:13.9885977Z ./releases/v0.57.1/site/game/difficulty-navigation.mjs
2026-09-15T13:37:13.9886158Z ./releases/v0.57.1/site/game/replay-player.mjs
2026-09-15T13:37:13.9886361Z ./releases/v0.57.1/site/game/soundtrack-store-legacy.mjs
2026-09-15T13:37:13.9886513Z ./releases/v0.57.1/site/game/mastery.mjs
2026-09-15T13:37:13.9886666Z ./releases/v0.57.1/site/game/core/
2026-09-15T13:37:13.9886847Z ./releases/v0.57.1/site/game/core/classic-state.mjs
2026-09-15T13:37:13.9887015Z ./releases/v0.57.1/site/game/core/capture.mjs
2026-09-15T13:37:13.9887245Z ./releases/v0.57.1/site/game/core/geometry.mjs
2026-09-15T13:37:13.9887516Z ./releases/v0.57.1/site/game/core/systems.mjs
2026-09-15T13:37:13.9887790Z ./releases/v0.57.1/site/game/core/encounter.mjs
2026-09-15T13:37:13.9888110Z ./releases/v0.57.1/site/game/core/classic-contour.mjs
2026-09-15T13:37:13.9888357Z ./releases/v0.57.1/site/game/core/level.mjs
2026-09-15T13:37:13.9888616Z ./releases/v0.57.1/site/game/core/registry.mjs
2026-09-15T13:37:13.9888927Z ./releases/v0.57.1/site/game/core/classic-topology.mjs
2026-09-15T13:37:13.9889189Z ./releases/v0.57.1/site/game/core/enemy-pressure.mjs
2026-09-15T13:37:13.9889363Z ./releases/v0.57.1/site/game/core/line-impact.mjs
2026-09-15T13:37:13.9889528Z ./releases/v0.57.1/site/game/core/contacts.mjs
2026-09-15T13:37:13.9889709Z ./releases/v0.57.1/site/game/core/classic-step.mjs
2026-09-15T13:37:13.9889899Z ./releases/v0.57.1/site/game/core/arcade-actions.mjs
2026-09-15T13:37:13.9890060Z ./releases/v0.57.1/site/game/core/abilities.mjs
2026-09-15T13:37:13.9890225Z ./releases/v0.57.1/site/game/core/versions.mjs
2026-09-15T13:37:13.9890387Z ./releases/v0.57.1/site/game/core/README.md
2026-09-15T13:37:13.9890534Z ./releases/v0.57.1/site/game/core/index.mjs
2026-09-15T13:37:13.9890701Z ./releases/v0.57.1/site/game/core/movement.mjs
2026-09-15T13:37:13.9890904Z ./releases/v0.57.1/site/game/core/classic-definition.mjs
2026-09-15T13:37:13.9891086Z ./releases/v0.57.1/site/game/core/classic-motion.mjs
2026-09-15T13:37:13.9891283Z ./releases/v0.57.1/site/game/character-presentations.mjs
2026-09-15T13:37:13.9891497Z ./releases/v0.57.1/site/game/external-chapter-pointer.mjs
2026-09-15T13:37:13.9891671Z ./releases/v0.57.1/site/game/external-chapter.mjs
2026-09-15T13:37:13.9891829Z ./releases/v0.57.1/site/game/build-info.json
2026-09-15T13:37:13.9891988Z ./releases/v0.57.1/site/game/text-size.mjs
2026-09-15T13:37:13.9892286Z ./releases/v0.57.1/site/game/content/
2026-09-15T13:37:13.9892493Z ./releases/v0.57.1/site/game/content/external-worlds.json
2026-09-15T13:37:13.9892689Z ./releases/v0.57.1/site/game/content/optional-worlds.json
2026-09-15T13:37:13.9892918Z ./releases/v0.57.1/site/game/content/recovery-catalogs.json
2026-09-15T13:37:13.9893099Z ./releases/v0.57.1/site/game/content/scenarios/
2026-09-15T13:37:13.9893351Z ./releases/v0.57.1/site/game/content/scenarios/line-impact-demo.json
2026-09-15T13:37:13.9893529Z ./releases/v0.57.1/site/game/content/themes.json
2026-09-15T13:37:13.9893687Z ./releases/v0.57.1/site/game/content/packs/
2026-09-15T13:37:13.9896690Z ./releases/v0.57.1/site/game/content/packs/night-shift.json
2026-09-15T13:37:13.9897108Z ./releases/v0.57.1/site/game/content/packs/fpv-pressure-frontier.json
2026-09-15T13:37:13.9982469Z ./releases/v0.57.1/site/game/content/packs/index.json
2026-09-15T13:37:13.9982853Z ./releases/v0.57.1/site/game/content/packs/fpv-arcade-r5.json
2026-09-15T13:37:14.0078168Z ./releases/v0.57.1/site/game/content/packs/archive-catalog.json
2026-09-15T13:37:14.0078531Z ./releases/v0.57.1/site/game/content/packs/fpv-arcade-r2.json
2026-09-15T13:37:14.0177341Z ./releases/v0.57.1/site/game/content/packs/classic-lab.json
2026-09-15T13:37:14.0177769Z ./releases/v0.57.1/site/game/content/packs/homeward-skies.json
2026-09-15T13:37:14.0269460Z ./releases/v0.57.1/site/game/content/packs/archive-index.json
2026-09-15T13:37:14.0269895Z ./releases/v0.57.1/site/game/content/packs/equipment-workshop.json
2026-09-15T13:37:14.0361162Z ./releases/v0.57.1/site/game/content/packs/fpv-arcade.json
2026-09-15T13:37:14.0456445Z ./releases/v0.57.1/site/game/content/packs/living-threads.json
2026-09-15T13:37:14.0456849Z ./releases/v0.57.1/site/game/content/packs/fpv-arcade-r4.json
2026-09-15T13:37:14.0552190Z ./releases/v0.57.1/site/game/content/packs/fieldcraft.json
2026-09-15T13:37:14.0552626Z ./releases/v0.57.1/site/game/content/packs/sentinel-relay.json
2026-09-15T13:37:14.0553051Z ./releases/v0.57.1/site/game/content/packs/fpv-arcade-r3.json
2026-09-15T13:37:14.0648269Z ./releases/v0.57.1/site/game/content/packs/catalog.json
2026-09-15T13:37:14.0648693Z ./releases/v0.57.1/site/game/content/enemy-presentations.json
2026-09-15T13:37:14.0649027Z ./releases/v0.57.1/site/game/content/campaign.json
2026-09-15T13:37:14.0649323Z ./releases/v0.57.1/site/game/content/classes.json
2026-09-15T13:37:14.0649605Z ./releases/v0.57.1/site/game/difficulty-access.mjs
2026-09-15T13:37:14.0649898Z ./releases/v0.57.1/site/game/story-receipts.mjs
2026-09-15T13:37:14.0650145Z ./releases/v0.57.1/site/game/index.html
2026-09-15T13:37:14.0650377Z ./releases/v0.57.1/site/game/offline.mjs
2026-09-15T13:37:14.0650683Z ./releases/v0.57.1/site/game/profile-recovery.mjs
2026-09-15T13:37:14.0652354Z ./releases/v0.57.1/site/game/continuation.mjs
2026-09-15T13:37:14.0652658Z ./releases/v0.57.1/site/game/first-flight.mjs
2026-09-15T13:37:14.0652960Z ./releases/v0.57.1/site/game/replay-theater/
2026-09-15T13:37:14.0653307Z ./releases/v0.57.1/site/game/replay-theater/data/
2026-09-15T13:37:14.0653724Z ./releases/v0.57.1/site/game/replay-theater/data/fieldcraft-02.replay.json
2026-09-15T13:37:14.0654229Z ./releases/v0.57.1/site/game/replay-theater/data/fieldcraft-04.replay.json
2026-09-15T13:37:14.0654506Z ./releases/v0.57.1/site/game/replay-theater/data/fieldcraft-03.replay.json
2026-09-15T13:37:14.0654944Z ./releases/v0.57.1/site/game/replay-theater/data/fieldcraft-01.replay.json
2026-09-15T13:37:14.0655271Z ./releases/v0.57.1/site/game/replay-theater/index.html
2026-09-15T13:37:14.0655583Z ./releases/v0.57.1/site/game/replay-theater/app.mjs
2026-09-15T13:37:14.0656057Z ./releases/v0.57.1/site/game/replay-theater/theater.css
2026-09-15T13:37:14.0656411Z ./releases/v0.57.1/site/game/replay-theater/navigation.mjs
2026-09-15T13:37:14.0656653Z ./releases/v0.57.1/site/game/backup-storage.mjs
2026-09-15T13:37:14.0656997Z ./releases/v0.57.1/site/game/profile-recovery.html
2026-09-15T13:37:14.0657282Z ./releases/v0.57.1/site/game/library.mjs
2026-09-15T13:37:14.0657838Z ./releases/v0.57.1/site/game/victory-story.mjs
2026-09-15T13:37:14.0658140Z ./releases/v0.57.1/site/game/enemy-catalog.mjs
2026-09-15T13:37:14.0658425Z ./releases/v0.57.1/site/game/mastery-catalog.mjs
2026-09-15T13:37:14.0658806Z ./releases/v0.57.1/site/game/profile-channel-reader.mjs
2026-09-15T13:37:14.0659110Z ./releases/v0.57.1/site/game/soundtrack-bundle.mjs
2026-09-15T13:37:14.0659359Z ./releases/v0.57.1/site/game/media-bundle.mjs
2026-09-15T13:37:14.0659557Z ./releases/v0.57.1/site/game/media-store.mjs
2026-09-15T13:37:14.0659734Z ./releases/v0.57.1/site/game/profile-channel.mjs
2026-09-15T13:37:14.0659954Z ./releases/v0.57.1/site/game/external-chapter-install.mjs
2026-09-15T13:37:14.0660116Z ./releases/v0.57.1/site/game/README.md
2026-09-15T13:37:14.0660351Z ./releases/v0.57.1/site/game/external-chapter-catalog.mjs
2026-09-15T13:37:14.0660510Z ./releases/v0.57.1/site/game/progress.mjs
2026-09-15T13:37:14.0660672Z ./releases/v0.57.1/site/game/backup-set.mjs
2026-09-15T13:37:14.0660871Z ./releases/v0.57.1/site/game/collection-results.mjs
2026-09-15T13:37:14.0661058Z ./releases/v0.57.1/site/game/body-derivative.mjs
2026-09-15T13:37:14.0661255Z ./releases/v0.57.1/site/game/external-backup-assets.mjs
2026-09-15T13:37:14.0661553Z ./releases/v0.57.1/site/game/app.mjs
2026-09-15T13:37:14.0662165Z ./releases/v0.57.1/site/game/controller-boost.mjs
2026-09-15T13:37:14.0662485Z ./releases/v0.57.1/site/game/mastery-awards.mjs
2026-09-15T13:37:14.0662827Z ./releases/v0.57.1/site/game/external-chapter-host.mjs
2026-09-15T13:37:14.0663127Z ./releases/v0.57.1/site/game/campaign-contexts.mjs
2026-09-15T13:37:14.0663401Z ./releases/v0.57.1/site/game/attempt-export.mjs
2026-09-15T13:37:14.0663699Z ./releases/v0.57.1/site/game/picture-receipts.mjs
2026-09-15T13:37:14.0663957Z ./releases/v0.57.1/site/game/platform.mjs
2026-09-15T13:37:14.0664221Z ./releases/v0.57.1/site/game/mission-brief.mjs
2026-09-15T13:37:14.0664482Z ./releases/v0.57.1/site/game/packs.mjs
2026-09-15T13:37:14.0664771Z ./releases/v0.57.1/site/game/key-bindings.mjs
2026-09-15T13:37:14.0665001Z ./releases/v0.57.1/site/game/assets/
2026-09-15T13:37:14.0665277Z ./releases/v0.57.1/site/game/assets/field-kit/
2026-09-15T13:37:14.0665598Z ./releases/v0.57.1/site/game/assets/field-kit/icons/
2026-09-15T13:37:14.0666149Z ./releases/v0.57.1/site/game/assets/field-kit/icons/contact-sheet.png
2026-09-15T13:37:14.0666642Z ./releases/v0.57.1/site/game/assets/field-kit/icons/review.html
2026-09-15T13:37:14.0667039Z ./releases/v0.57.1/site/game/assets/field-kit/icons/review.mjs
2026-09-15T13:37:14.0667503Z ./releases/v0.57.1/site/game/assets/field-kit/sprites/
2026-09-15T13:37:14.0667986Z ./releases/v0.57.1/site/game/assets/field-kit/sprites/enemy-relay-sentinel.png
2026-09-15T13:37:14.0668390Z ./releases/v0.57.1/site/game/assets/field-kit/sprites/terrain-wall.png
2026-09-15T13:37:14.0668782Z ./releases/v0.57.1/site/game/assets/field-kit/sprites/enemy-eroder.png
2026-09-15T13:37:14.0686952Z ./releases/v0.57.1/site/game/assets/field-kit/sprites/enemy-border-patrol.png
2026-09-15T13:37:14.0687471Z ./releases/v0.57.1/site/game/assets/field-kit/sprites/player-bomber-detailed.png
2026-09-15T13:37:14.0687950Z ./releases/v0.57.1/site/game/assets/field-kit/sprites/pickup-objective.png
2026-09-15T13:37:14.0688392Z ./releases/v0.57.1/site/game/assets/field-kit/sprites/contact-sheet.png
2026-09-15T13:37:14.0688787Z ./releases/v0.57.1/site/game/assets/field-kit/sprites/sprites.json
2026-09-15T13:37:14.0689196Z ./releases/v0.57.1/site/game/assets/field-kit/sprites/pickup-supply.png
2026-09-15T13:37:14.0689618Z ./releases/v0.57.1/site/game/assets/field-kit/sprites/terrain-lethal.png
2026-09-15T13:37:14.0690086Z ./releases/v0.57.1/site/game/assets/field-kit/sprites/enemy-claimed-rover.png
2026-09-15T13:37:14.0690562Z ./releases/v0.57.1/site/game/assets/field-kit/sprites/enemy-contour-patrol.png
2026-09-15T13:37:14.0690939Z ./releases/v0.57.1/site/game/assets/field-kit/sprites/player-interceptor-compact.png
2026-09-15T13:37:14.0691399Z ./releases/v0.57.1/site/game/assets/field-kit/sprites/player-trapper-compact.png
2026-09-15T13:37:14.0691687Z ./releases/v0.57.1/site/game/assets/field-kit/sprites/player-fiber-compact.png
2026-09-15T13:37:14.0692017Z ./releases/v0.57.1/site/game/assets/field-kit/sprites/player-interceptor-detailed.png
2026-09-15T13:37:14.0692276Z ./releases/v0.57.1/site/game/assets/field-kit/sprites/pickup-freeze.png
2026-09-15T13:37:14.0692519Z ./releases/v0.57.1/site/game/assets/field-kit/sprites/review.html
2026-09-15T13:37:14.0692814Z ./releases/v0.57.1/site/game/assets/field-kit/sprites/player-impact-compact.png
2026-09-15T13:37:14.0693089Z ./releases/v0.57.1/site/game/assets/field-kit/sprites/player-bomber-compact.png
2026-09-15T13:37:14.0693390Z ./releases/v0.57.1/site/game/assets/field-kit/sprites/player-trapper-detailed.png
2026-09-15T13:37:14.0693683Z ./releases/v0.57.1/site/game/assets/field-kit/sprites/player-impact-detailed.png
2026-09-15T13:37:14.0693938Z ./releases/v0.57.1/site/game/assets/field-kit/sprites/pickup-life.png
2026-09-15T13:37:14.0694188Z ./releases/v0.57.1/site/game/assets/field-kit/sprites/enemy-bouncer.png
2026-09-15T13:37:14.0694454Z ./releases/v0.57.1/site/game/assets/field-kit/sprites/enemy-lane-boss.png
2026-09-15T13:37:14.0694825Z ./releases/v0.57.1/site/game/assets/field-kit/sprites/terrain-slow.png
2026-09-15T13:37:14.0695103Z ./releases/v0.57.1/site/game/assets/field-kit/sprites/player-fiber-detailed.png
2026-09-15T13:37:14.0695355Z ./releases/v0.57.1/site/game/assets/field-kit/sprites/pickup-speed.png
2026-09-15T13:37:14.0695642Z ./releases/v0.57.1/site/game/assets/field-kit/sprites/player-carrier-compact.png
2026-09-15T13:37:14.0696148Z ./releases/v0.57.1/site/game/assets/field-kit/sprites/player-scout-compact.png
2026-09-15T13:37:14.0696568Z ./releases/v0.57.1/site/game/assets/field-kit/sprites/pickup-slow.png
2026-09-15T13:37:14.0697046Z ./releases/v0.57.1/site/game/assets/field-kit/sprites/player-scout-detailed.png
2026-09-15T13:37:14.0697512Z ./releases/v0.57.1/site/game/assets/field-kit/sprites/player-carrier-detailed.png
2026-09-15T13:37:14.0697683Z ./releases/v0.57.1/site/game/multiplayer.mjs
2026-09-15T13:37:14.0697841Z ./releases/v0.57.1/site/game/storage.mjs
2026-09-15T13:37:14.0697992Z ./releases/v0.57.1/site/game/style.css
2026-09-15T13:37:14.0698151Z ./releases/v0.57.1/site/game/sessions.mjs
2026-09-15T13:37:14.0698307Z ./releases/v0.57.1/site/game/soundtrack.mjs
2026-09-15T13:37:14.0698461Z ./releases/v0.57.1/site/game/imports.mjs
2026-09-15T13:37:14.0698688Z ./releases/v0.57.1/site/game/external-recovery-catalog.mjs
2026-09-15T13:37:14.0698840Z ./releases/v0.57.1/site/game/text-face.mjs
2026-09-15T13:37:14.0698995Z ./releases/v0.57.1/site/service-worker.js
2026-09-15T13:37:14.0699117Z ./releases/v0.57.1/site/docs/
2026-09-15T13:37:14.0699309Z ./releases/v0.57.1/site/docs/field-kit-production.md
2026-09-15T13:37:14.0699496Z ./releases/v0.57.1/site/docs/field-kit-sprites.md
2026-09-15T13:37:14.0699669Z ./releases/v0.57.1/site/docs/field-kit-icons.md
2026-09-15T13:37:14.0699831Z ./releases/v0.57.1/site/docs/verification/
2026-09-15T13:37:14.0700031Z ./releases/v0.57.1/site/docs/verification/fpv-redesign/
2026-09-15T13:37:14.0700274Z ./releases/v0.57.1/site/docs/verification/fpv-redesign/baseline/
2026-09-15T13:37:14.0700591Z ./releases/v0.57.1/site/docs/verification/fpv-redesign/baseline/pause-desktop.jpg
2026-09-15T13:37:14.0700892Z ./releases/v0.57.1/site/docs/verification/fpv-redesign/baseline/briefing-phone.jpg
2026-09-15T13:37:14.0701199Z ./releases/v0.57.1/site/docs/verification/fpv-redesign/baseline/title-desktop.jpg
2026-09-15T13:37:14.0701495Z ./releases/v0.57.1/site/docs/verification/fpv-redesign/baseline/title-phone.jpg
2026-09-15T13:37:14.0701796Z ./releases/v0.57.1/site/docs/verification/fpv-redesign/baseline/missions-phone.jpg
2026-09-15T13:37:14.0702077Z ./releases/v0.57.1/site/docs/verification/fpv-redesign/baseline/inventory.json
2026-09-15T13:37:14.0702398Z ./releases/v0.57.1/site/docs/verification/fpv-redesign/baseline/settings-desktop.jpg
2026-09-15T13:37:14.0702838Z ./releases/v0.57.1/site/docs/verification/fpv-redesign/baseline/flight-desktop.jpg
2026-09-15T13:37:14.0703145Z ./releases/v0.57.1/site/docs/verification/fpv-redesign/baseline/missions-desktop.jpg
2026-09-15T13:37:14.0703411Z ./releases/v0.57.1/site/docs/verification/fpv-redesign/baseline/README.md
2026-09-15T13:37:14.0703599Z ./releases/v0.57.1/site/docs/field-kit-reveals.md
2026-09-15T13:37:14.0703789Z ./releases/v0.57.1/site/docs/fpv-redesign-design.md
2026-09-15T13:37:14.0703974Z ./releases/v0.57.1/site/docs/fpv-reveal-art-audit.md
2026-09-15T13:37:14.0704158Z ./releases/v0.57.1/site/docs/field-kit-surfaces.md
2026-09-15T13:37:14.0704347Z ./releases/v0.57.1/site/docs/presentation-system.md
2026-09-15T13:37:14.0706747Z ./releases/v0.57.1/site/docs/presentation-audio-and-ui.md
2026-09-15T13:37:14.0707001Z ./releases/v0.57.1/site/docs/asset-studio.md
2026-09-15T13:37:14.0707305Z ./releases/v0.57.1/site/docs/presentation-runtime.md
2026-09-15T13:37:14.0707579Z ./releases/v0.57.1/site/docs/fpv-typography.md
2026-09-15T13:37:14.0707868Z ./releases/v0.57.1/site/docs/field-kit-title-v2.md
2026-09-15T13:37:14.0708127Z ./releases/v0.57.1/site/manifest.webmanifest
2026-09-15T13:37:14.0708355Z ./releases/v0.57.1/site/_headers
2026-09-15T13:37:14.0708859Z ./releases/v0.57.1/site/distribution.zip.sha256
2026-09-15T13:37:14.0709100Z ./releases/v0.57.1/release.json
2026-09-15T13:37:14.0709254Z ./releases/v0.48.0/
2026-09-15T13:37:14.0709427Z ./releases/v0.48.0/site/
2026-09-15T13:37:14.0709603Z ./releases/v0.48.0/site/site/
2026-09-15T13:37:14.0709834Z ./releases/v0.48.0/site/site/about.html
2026-09-15T13:37:14.0710064Z ./releases/v0.48.0/site/manifest.json
2026-09-15T13:37:14.0710283Z ./releases/v0.48.0/site/authoring/
2026-09-15T13:37:14.0710552Z ./releases/v0.48.0/site/authoring/video-poster/
2026-09-15T13:37:14.0710891Z ./releases/v0.48.0/site/authoring/video-poster/index.html
2026-09-15T13:37:14.0711161Z ./releases/v0.48.0/site/authoring/design-atlas/
2026-09-15T13:37:14.0711491Z ./releases/v0.48.0/site/authoring/design-atlas/index.html
2026-09-15T13:37:14.0711756Z ./releases/v0.48.0/site/authoring/still-media/
2026-09-15T13:37:14.0712081Z ./releases/v0.48.0/site/authoring/still-media/index.html
2026-09-15T13:37:14.0712363Z ./releases/v0.48.0/site/authoring/enemy-catalog/
2026-09-15T13:37:14.0712700Z ./releases/v0.48.0/site/authoring/enemy-catalog/index.html
2026-09-15T13:37:14.0712969Z ./releases/v0.48.0/site/authoring/asset-studio/
2026-09-15T13:37:14.0713294Z ./releases/v0.48.0/site/authoring/asset-studio/index.html
2026-09-15T13:37:14.0713513Z ./releases/v0.48.0/site/credits.html
2026-09-15T13:37:14.0713737Z ./releases/v0.48.0/site/privacy.html
2026-09-15T13:37:14.0713955Z ./releases/v0.48.0/site/index.html
2026-09-15T13:37:14.0714132Z ./releases/v0.48.0/site/game/
2026-09-15T13:37:14.0714383Z ./releases/v0.48.0/site/game/controller-lab/
2026-09-15T13:37:14.0714702Z ./releases/v0.48.0/site/game/controller-lab/index.html
2026-09-15T13:37:14.0714926Z ./releases/v0.48.0/site/game/couch/
2026-09-15T13:37:14.0715180Z ./releases/v0.48.0/site/game/couch/index.html
2026-09-15T13:37:14.0715420Z ./releases/v0.48.0/site/game/playground/
2026-09-15T13:37:14.0715712Z ./releases/v0.48.0/site/game/playground/index.html
2026-09-15T13:37:14.0716076Z ./releases/v0.48.0/site/game/index.html
2026-09-15T13:37:14.0716338Z ./releases/v0.48.0/site/game/replay-theater/
2026-09-15T13:37:14.0716649Z ./releases/v0.48.0/site/game/replay-theater/index.html
2026-09-15T13:37:14.0716896Z ./releases/v0.48.0/site/service-worker.js
2026-09-15T13:37:14.0717163Z ./releases/v0.48.0/site/distribution.zip.sha256
2026-09-15T13:37:14.0717374Z ./releases/v0.48.0/release.json
2026-09-15T13:37:14.0717534Z ./releases/v0.17.1/
2026-09-15T13:37:14.0717697Z ./releases/v0.17.1/site/
2026-09-15T13:37:14.0717990Z ./releases/v0.17.1/site/manifest.json
2026-09-15T13:37:14.0718216Z ./releases/v0.17.1/site/credits.html
2026-09-15T13:37:14.0718437Z ./releases/v0.17.1/site/privacy.html
2026-09-15T13:37:14.0718646Z ./releases/v0.17.1/site/index.html
2026-09-15T13:37:14.0718986Z ./releases/v0.17.1/site/game/
2026-09-15T13:37:14.0719245Z ./releases/v0.17.1/site/game/controller-lab/
2026-09-15T13:37:14.0719554Z ./releases/v0.17.1/site/game/controller-lab/index.html
2026-09-15T13:37:14.0719786Z ./releases/v0.17.1/site/game/couch/
2026-09-15T13:37:14.0720064Z ./releases/v0.17.1/site/game/couch/index.html
2026-09-15T13:37:14.0720296Z ./releases/v0.17.1/site/game/playground/
2026-09-15T13:37:14.0720586Z ./releases/v0.17.1/site/game/playground/index.html
2026-09-15T13:37:14.0720817Z ./releases/v0.17.1/site/game/index.html
2026-09-15T13:37:14.0721073Z ./releases/v0.17.1/site/game/replay-theater/
2026-09-15T13:37:14.0721374Z ./releases/v0.17.1/site/game/replay-theater/index.html
2026-09-15T13:37:14.0721618Z ./releases/v0.17.1/site/service-worker.js
2026-09-15T13:37:14.0721898Z ./releases/v0.17.1/site/distribution.zip.sha256
2026-09-15T13:37:14.0722101Z ./releases/v0.17.1/release.json
2026-09-15T13:37:14.0722263Z ./releases/v0.8.0/
2026-09-15T13:37:14.0722431Z ./releases/v0.8.0/site/
2026-09-15T13:37:14.0722653Z ./releases/v0.8.0/site/manifest.json
2026-09-15T13:37:14.0722872Z ./releases/v0.8.0/site/credits.html
2026-09-15T13:37:14.0723093Z ./releases/v0.8.0/site/privacy.html
2026-09-15T13:37:14.0723311Z ./releases/v0.8.0/site/index.html
2026-09-15T13:37:14.0723624Z ./releases/v0.8.0/site/game/
2026-09-15T13:37:14.0723876Z ./releases/v0.8.0/site/game/controller-lab/
2026-09-15T13:37:14.0724185Z ./releases/v0.8.0/site/game/controller-lab/index.html
2026-09-15T13:37:14.0724393Z ./releases/v0.8.0/site/game/couch/
2026-09-15T13:37:14.0724647Z ./releases/v0.8.0/site/game/couch/index.html
2026-09-15T13:37:14.0724878Z ./releases/v0.8.0/site/game/playground/
2026-09-15T13:37:14.0725152Z ./releases/v0.8.0/site/game/playground/index.html
2026-09-15T13:37:14.0725384Z ./releases/v0.8.0/site/game/index.html
2026-09-15T13:37:14.0725634Z ./releases/v0.8.0/site/game/replay-theater/
2026-09-15T13:37:14.0726071Z ./releases/v0.8.0/site/game/replay-theater/index.html
2026-09-15T13:37:14.0726304Z ./releases/v0.8.0/site/service-worker.js
2026-09-15T13:37:14.0726584Z ./releases/v0.8.0/site/distribution.zip.sha256
2026-09-15T13:37:14.0726793Z ./releases/v0.8.0/release.json
2026-09-15T13:37:14.0726944Z ./releases/v0.13.0/
2026-09-15T13:37:14.0727113Z ./releases/v0.13.0/site/
2026-09-15T13:37:14.0727345Z ./releases/v0.13.0/site/manifest.json
2026-09-15T13:37:14.0727561Z ./releases/v0.13.0/site/credits.html
2026-09-15T13:37:14.0727781Z ./releases/v0.13.0/site/privacy.html
2026-09-15T13:37:14.0727995Z ./releases/v0.13.0/site/index.html
2026-09-15T13:37:14.0728169Z ./releases/v0.13.0/site/game/
2026-09-15T13:37:14.0728415Z ./releases/v0.13.0/site/game/controller-lab/
2026-09-15T13:37:14.0728730Z ./releases/v0.13.0/site/game/controller-lab/index.html
2026-09-15T13:37:14.0728948Z ./releases/v0.13.0/site/game/couch/
2026-09-15T13:37:14.0729197Z ./releases/v0.13.0/site/game/couch/index.html
2026-09-15T13:37:14.0729431Z ./releases/v0.13.0/site/game/playground/
2026-09-15T13:37:14.0729721Z ./releases/v0.13.0/site/game/playground/index.html
2026-09-15T13:37:14.0729946Z ./releases/v0.13.0/site/game/index.html
2026-09-15T13:37:14.0730200Z ./releases/v0.13.0/site/game/replay-theater/
2026-09-15T13:37:14.0730510Z ./releases/v0.13.0/site/game/replay-theater/index.html
2026-09-15T13:37:14.0730758Z ./releases/v0.13.0/site/service-worker.js
2026-09-15T13:37:14.0731025Z ./releases/v0.13.0/site/distribution.zip.sha256
2026-09-15T13:37:14.0731231Z ./releases/v0.13.0/release.json
2026-09-15T13:37:14.0731390Z ./releases/v0.1.2/
2026-09-15T13:37:14.0731549Z ./releases/v0.1.2/site/
2026-09-15T13:37:14.0731769Z ./releases/v0.1.2/site/manifest.json
2026-09-15T13:37:14.0731983Z ./releases/v0.1.2/site/index.html
2026-09-15T13:37:14.0732152Z ./releases/v0.1.2/site/game/
2026-09-15T13:37:14.0732383Z ./releases/v0.1.2/site/game/playground/
2026-09-15T13:37:14.0732664Z ./releases/v0.1.2/site/game/playground/index.html
2026-09-15T13:37:14.0732893Z ./releases/v0.1.2/site/game/index.html
2026-09-15T13:37:14.0733153Z ./releases/v0.1.2/site/distribution.zip.sha256
2026-09-15T13:37:14.0733518Z ./releases/v0.1.2/release.json
2026-09-15T13:37:14.0733676Z ./releases/v0.27.0/
2026-09-15T13:37:14.0733832Z ./releases/v0.27.0/site/
2026-09-15T13:37:14.0734059Z ./releases/v0.27.0/site/manifest.json
2026-09-15T13:37:14.0734283Z ./releases/v0.27.0/site/authoring/
2026-09-15T13:37:14.0734555Z ./releases/v0.27.0/site/authoring/enemy-catalog/
2026-09-15T13:37:14.0734897Z ./releases/v0.27.0/site/authoring/enemy-catalog/index.html
2026-09-15T13:37:14.0735120Z ./releases/v0.27.0/site/credits.html
2026-09-15T13:37:14.0735355Z ./releases/v0.27.0/site/privacy.html
2026-09-15T13:37:14.0735561Z ./releases/v0.27.0/site/index.html
2026-09-15T13:37:14.0735735Z ./releases/v0.27.0/site/game/
2026-09-15T13:37:14.0736139Z ./releases/v0.27.0/site/game/controller-lab/
2026-09-15T13:37:14.0736441Z ./releases/v0.27.0/site/game/controller-lab/index.html
2026-09-15T13:37:14.0736660Z ./releases/v0.27.0/site/game/couch/
2026-09-15T13:37:14.0736920Z ./releases/v0.27.0/site/game/couch/index.html
2026-09-15T13:37:14.0737164Z ./releases/v0.27.0/site/game/playground/
2026-09-15T13:37:14.0737442Z ./releases/v0.27.0/site/game/playground/index.html
2026-09-15T13:37:14.0737670Z ./releases/v0.27.0/site/game/index.html
2026-09-15T13:37:14.0737921Z ./releases/v0.27.0/site/game/replay-theater/
2026-09-15T13:37:14.0738371Z ./releases/v0.27.0/site/game/replay-theater/index.html
2026-09-15T13:37:14.0738615Z ./releases/v0.27.0/site/service-worker.js
2026-09-15T13:37:14.0738890Z ./releases/v0.27.0/site/distribution.zip.sha256
2026-09-15T13:37:14.0739090Z ./releases/v0.27.0/release.json
2026-09-15T13:37:14.0739275Z ./releases/v0.14.0/
2026-09-15T13:37:14.0739444Z ./releases/v0.14.0/site/
2026-09-15T13:37:14.0739670Z ./releases/v0.14.0/site/manifest.json
2026-09-15T13:37:14.0739891Z ./releases/v0.14.0/site/credits.html
2026-09-15T13:37:14.0740106Z ./releases/v0.14.0/site/privacy.html
2026-09-15T13:37:14.0740319Z ./releases/v0.14.0/site/index.html
2026-09-15T13:37:14.0740497Z ./releases/v0.14.0/site/game/
2026-09-15T13:37:14.0740750Z ./releases/v0.14.0/site/game/controller-lab/
2026-09-15T13:37:14.0741008Z ./releases/v0.14.0/site/game/controller-lab/index.html
2026-09-15T13:37:14.0741145Z ./releases/v0.14.0/site/game/couch/
2026-09-15T13:37:14.0741300Z ./releases/v0.14.0/site/game/couch/index.html
2026-09-15T13:37:14.0741540Z ./releases/v0.14.0/site/game/playground/
2026-09-15T13:37:14.0741829Z ./releases/v0.14.0/site/game/playground/index.html
2026-09-15T13:37:14.0742056Z ./releases/v0.14.0/site/game/index.html
2026-09-15T13:37:14.0742301Z ./releases/v0.14.0/site/game/replay-theater/
2026-09-15T13:37:14.0742608Z ./releases/v0.14.0/site/game/replay-theater/index.html
2026-09-15T13:37:14.0742856Z ./releases/v0.14.0/site/service-worker.js
2026-09-15T13:37:14.0743121Z ./releases/v0.14.0/site/distribution.zip.sha256
2026-09-15T13:37:14.0743328Z ./releases/v0.14.0/release.json
2026-09-15T13:37:14.0743486Z ./releases/v0.49.0/
2026-09-15T13:37:14.0743646Z ./releases/v0.49.0/site/
2026-09-15T13:37:14.0743823Z ./releases/v0.49.0/site/site/
2026-09-15T13:37:14.0744063Z ./releases/v0.49.0/site/site/about.html
2026-09-15T13:37:14.0744289Z ./releases/v0.49.0/site/manifest.json
2026-09-15T13:37:14.0744497Z ./releases/v0.49.0/site/authoring/
2026-09-15T13:37:14.0744745Z ./releases/v0.49.0/site/authoring/library/
2026-09-15T13:37:14.0745081Z ./releases/v0.49.0/site/authoring/library/fpv-field-kit/
2026-09-15T13:37:14.0745466Z ./releases/v0.49.0/site/authoring/library/fpv-field-kit/prepared/
2026-09-15T13:37:14.0746045Z ./releases/v0.49.0/site/authoring/library/fpv-field-kit/prepared/reveals/
2026-09-15T13:37:14.0746580Z ./releases/v0.49.0/site/authoring/library/fpv-field-kit/prepared/reveals/review.html
2026-09-15T13:37:14.0746858Z ./releases/v0.49.0/site/authoring/video-poster/
2026-09-15T13:37:14.0747189Z ./releases/v0.49.0/site/authoring/video-poster/index.html
2026-09-15T13:37:14.0747462Z ./releases/v0.49.0/site/authoring/design-atlas/
2026-09-15T13:37:14.0747723Z ./releases/v0.49.0/site/authoring/design-atlas/index.html
2026-09-15T13:37:14.0748109Z ./releases/v0.49.0/site/authoring/design-atlas/reveal-audit.html
2026-09-15T13:37:14.0748283Z ./releases/v0.49.0/site/authoring/still-media/
2026-09-15T13:37:14.0748493Z ./releases/v0.49.0/site/authoring/still-media/index.html
2026-09-15T13:37:14.0748671Z ./releases/v0.49.0/site/authoring/enemy-catalog/
2026-09-15T13:37:14.0748885Z ./releases/v0.49.0/site/authoring/enemy-catalog/index.html
2026-09-15T13:37:14.0749058Z ./releases/v0.49.0/site/authoring/asset-studio/
2026-09-15T13:37:14.0749252Z ./releases/v0.49.0/site/authoring/asset-studio/index.html
2026-09-15T13:37:14.0749396Z ./releases/v0.49.0/site/credits.html
2026-09-15T13:37:14.0749539Z ./releases/v0.49.0/site/privacy.html
2026-09-15T13:37:14.0749672Z ./releases/v0.49.0/site/index.html
2026-09-15T13:37:14.0749790Z ./releases/v0.49.0/site/game/
2026-09-15T13:37:14.0749952Z ./releases/v0.49.0/site/game/controller-lab/
2026-09-15T13:37:14.0750148Z ./releases/v0.49.0/site/game/controller-lab/index.html
2026-09-15T13:37:14.0750282Z ./releases/v0.49.0/site/game/couch/
2026-09-15T13:37:14.0750454Z ./releases/v0.49.0/site/game/couch/index.html
2026-09-15T13:37:14.0750605Z ./releases/v0.49.0/site/game/playground/
2026-09-15T13:37:14.0750777Z ./releases/v0.49.0/site/game/playground/index.html
2026-09-15T13:37:14.0751065Z ./releases/v0.49.0/site/game/index.html
2026-09-15T13:37:14.0751228Z ./releases/v0.49.0/site/game/replay-theater/
2026-09-15T13:37:14.0751411Z ./releases/v0.49.0/site/game/replay-theater/index.html
2026-09-15T13:37:14.0751554Z ./releases/v0.49.0/site/game/assets/
2026-09-15T13:37:14.0751724Z ./releases/v0.49.0/site/game/assets/field-kit/
2026-09-15T13:37:14.0752003Z ./releases/v0.49.0/site/game/assets/field-kit/icons/
2026-09-15T13:37:14.0752374Z ./releases/v0.49.0/site/game/assets/field-kit/icons/review.html
2026-09-15T13:37:14.0752690Z ./releases/v0.49.0/site/game/assets/field-kit/sprites/
2026-09-15T13:37:14.0753076Z ./releases/v0.49.0/site/game/assets/field-kit/sprites/review.html
2026-09-15T13:37:14.0753265Z ./releases/v0.49.0/site/service-worker.js
2026-09-15T13:37:14.0753450Z ./releases/v0.49.0/site/distribution.zip.sha256
2026-09-15T13:37:14.0753589Z ./releases/v0.49.0/release.json
2026-09-15T13:37:14.0753700Z ./offline-cache.json
2026-09-15T13:37:14.0753793Z ./privacy.html
2026-09-15T13:37:14.0753887Z ./icons/
2026-09-15T13:37:14.0754006Z ./icons/icon-180.png
2026-09-15T13:37:14.0754106Z ./icons/icon-512.png
2026-09-15T13:37:14.0754203Z ./icons/icon.svg
2026-09-15T13:37:14.0754309Z ./icons/icon-192.png
2026-09-15T13:37:14.0754412Z ./.xonix-build.json
2026-09-15T13:37:14.0754506Z ./index.html
2026-09-15T13:37:14.0754597Z ./game/
2026-09-15T13:37:14.0754712Z ./game/chapter-download.mjs
2026-09-15T13:37:14.0754845Z ./game/presentation-pins.mjs
2026-09-15T13:37:14.0754955Z ./game/replay.mjs
2026-09-15T13:37:14.0755077Z ./game/story-media-store.mjs
2026-09-15T13:37:14.0755212Z ./game/campaign-difficulty.mjs
2026-09-15T13:37:14.0755334Z ./game/release-explorer.mjs
2026-09-15T13:37:14.0755445Z ./game/enemy-guide.mjs
2026-09-15T13:37:14.0755555Z ./game/touch-controls.mjs
2026-09-15T13:37:14.0755674Z ./game/build-config.json
2026-09-15T13:37:14.0755916Z ./game/optional-chapters.mjs
2026-09-15T13:37:14.0756064Z ./game/external-chapter-source.mjs
2026-09-15T13:37:14.0756189Z ./game/input-presentation.mjs
2026-09-15T13:37:14.0756311Z ./game/story-bindings.mjs
2026-09-15T13:37:14.0756461Z ./game/profile-recovery-catalogs.mjs
2026-09-15T13:37:14.0756578Z ./game/profile-writer.mjs
2026-09-15T13:37:14.0756689Z ./game/story-bundle.mjs
2026-09-15T13:37:14.0756796Z ./game/data-json.mjs
2026-09-15T13:37:14.0756932Z ./game/story-storage-record.mjs
2026-09-15T13:37:14.0757041Z ./game/generator.mjs
2026-09-15T13:37:14.0757151Z ./game/presentation/
2026-09-15T13:37:14.0757306Z ./game/presentation/release-pictures.mjs
2026-09-15T13:37:14.0757431Z ./game/presentation/host.mjs
2026-09-15T13:37:14.0757567Z ./game/presentation/runtime.mjs
2026-09-15T13:37:14.0757706Z ./game/presentation/page-entry.mjs
2026-09-15T13:37:14.0757855Z ./game/presentation/current-art.mjs
2026-09-15T13:37:14.0758143Z ./game/presentation/pixel-art.mjs
2026-09-15T13:37:14.0758314Z ./game/presentation/current-art-sources.mjs
2026-09-15T13:37:14.0758461Z ./game/presentation/catalog.mjs
2026-09-15T13:37:14.0758607Z ./game/presentation/studio-store.mjs
2026-09-15T13:37:14.0758804Z ./game/presentation/current-picture-baselines.mjs
2026-09-15T13:37:14.0758954Z ./game/presentation/published-studio.mjs
2026-09-15T13:37:14.0759109Z ./game/presentation/sprite-editor.mjs
2026-09-15T13:37:14.0759232Z ./game/presentation/compiled/
2026-09-15T13:37:14.0759394Z ./game/presentation/compiled/manifest.json
2026-09-15T13:37:14.0759545Z ./game/presentation/compiled/runtime.json
2026-09-15T13:37:14.0759698Z ./game/presentation/compiled/studio.json
2026-09-15T13:37:14.0779394Z ./game/presentation/compiled/assets/
2026-09-15T13:37:14.0780112Z ./game/presentation/compiled/assets/47033ec2cd3b56345394bc13bbb7b10579419559d1e41160d02f8f3eea368672.png
2026-09-15T13:37:14.0780827Z ./game/presentation/compiled/assets/aa2e8583a56b36b5357e5462aee6b010b5b894626929afbc553c683462ce42cf.png
2026-09-15T13:37:14.0781541Z ./game/presentation/compiled/assets/9b6313464e6e6f26dff9b98405fba899dcd0c6a614fde6df8ed1a2d835c73f34.png
2026-09-15T13:37:14.0782413Z ./game/presentation/compiled/assets/fedb83171e9c894c8cbc446d4fb2bf460359b587068a33d0e108b14e185a0adc.png
2026-09-15T13:37:14.0783126Z ./game/presentation/compiled/assets/d22b1070efad07ed1e6f9d8e42d3dc7e19922478e7abedad3f08d55e53cf065c.png
2026-09-15T13:37:14.0783835Z ./game/presentation/compiled/assets/8b557a3e23bcbf550c01b5fe77618bc6ab31cce51835e80ad807023f2fc8fa47.png
2026-09-15T13:37:14.0784536Z ./game/presentation/compiled/assets/ad53247e6be0c1c2a3080a8ebabd0ca24b1394be0caa109138926e821b08ae35.png
2026-09-15T13:37:14.0785247Z ./game/presentation/compiled/assets/2ff89ae01c04bfc698892ec3a35610b7975a6f36596ddd7ddeedbecef248d5d4.png
2026-09-15T13:37:14.0786053Z ./game/presentation/compiled/assets/2444795bb19516949a98519f0e23f9cdf64b454f01a0bb297521d17b5af376da.png
2026-09-15T13:37:14.0786779Z ./game/presentation/compiled/assets/05af7a73b7dadc8821cecccf0abb4f763dafae7ad21500a3293957fa88ed7d76.png
2026-09-15T13:37:14.0787519Z ./game/presentation/compiled/assets/0498bcb48294756b5ac9062290e1639e907b1ec69b5dc2e8cfdec3fab58e0bc8.woff2
2026-09-15T13:37:14.0788229Z ./game/presentation/compiled/assets/e325a3a5b3647614bffa5432779f4ade7e865158e384888888f83b073aff033c.png
2026-09-15T13:37:14.0788817Z ./game/presentation/compiled/assets/827da59e870daf2e8548168399449bd894b4cdf7953a1f8ca48a7ed6df8f8d91.png
2026-09-15T13:37:14.0789242Z ./game/presentation/compiled/assets/779f36cccce55fd90340acbad1a1cbe03639cd1f98f66d25eaac3c8b0036c31b.png
2026-09-15T13:37:14.0789647Z ./game/presentation/compiled/assets/4f56a78772cd7363a2992a8252e4dc629638dad705a9b981d4561830117f511e.png
2026-09-15T13:37:14.0792381Z ./game/presentation/compiled/assets/1bd3c9c57cc8790ccbf6f0fd33517d6d1a5520de93e38a99722ed4ee915758ab.png
2026-09-15T13:37:14.0793481Z ./game/presentation/compiled/assets/70dcff8faa588f074e529704a7d6024fe0a7590b18afa6059488fb505ce4a5f7.png
2026-09-15T13:37:14.0794507Z ./game/presentation/compiled/assets/53f1206a11a8791892f5c844c0641529acbc2c09c8d558676d0d801d72113850.png
2026-09-15T13:37:14.0795347Z ./game/presentation/compiled/assets/85bb90c58fb61a1fdd212316f223dad209d374386e1aad14f044df4c1ea2af7e.png
2026-09-15T13:37:14.0796198Z ./game/presentation/compiled/assets/bd423baa7b3b4f073251d5c8291aa78ee11c341926d27f9f211aa278bc7557f6.png
2026-09-15T13:37:14.0796899Z ./game/presentation/compiled/assets/f7495ea7b56215ba88c7d465fa6ad9ab22121695e4c674cf183b65ef6d400ae0.png
2026-09-15T13:37:14.0797613Z ./game/presentation/compiled/assets/cca9df45b2dde64684489deab8f8d2ab8d5a08dab0ec0efc8455786a231c2a04.png
2026-09-15T13:37:14.0798341Z ./game/presentation/compiled/assets/c3cd0a0f9997f28d1a295de1c8995ebe81bf782acb1c033036371c49fc40a08e.png
2026-09-15T13:37:14.0799035Z ./game/presentation/compiled/assets/8fe3df81db48bf682862a06c8f7434365ff49151a2a72a94c0a85ea85a3adf27.png
2026-09-15T13:37:14.0799719Z ./game/presentation/compiled/assets/8664f0283f54db86f6800fb2056045574ff79a5f490f415b3a8929112d8a7d26.png
2026-09-15T13:37:14.0800630Z ./game/presentation/compiled/assets/5cda580ceefd258918dcf6c49f0f8ad68966999c153a876fb01c2f171b659420.png
2026-09-15T13:37:14.0801343Z ./game/presentation/compiled/assets/8d445857cc63417a2b4a9468c854e4ffed3828b3cd1a90cdd8d4f8c951be88f4.png
2026-09-15T13:37:14.0801859Z ./game/presentation/compiled/assets/fce2dc8f15375b66d336c1defbca23dfb2310301b62c822206a0a013d19601ef.woff2
2026-09-15T13:37:14.0802279Z ./game/presentation/compiled/assets/56fadf4288069b7f12e3e33b94c950baab873a1b576d87ad82673b0c5329dd76.png
2026-09-15T13:37:14.0802687Z ./game/presentation/compiled/assets/30957860bb1edac99c230a91a34eab8249b43497fda680707276c859f3bd5f0c.png
2026-09-15T13:37:14.0803104Z ./game/presentation/compiled/assets/df6e1a2a114dce2da1643a39d608d87ca79d1eaba70cfd62ac02892d0fadec6e.png
2026-09-15T13:37:14.0803505Z ./game/presentation/compiled/assets/44ebf8c1d8a028a919012f75978d025d1698aeb3d295c8813edc1a7ebae71868.png
2026-09-15T13:37:14.0803929Z ./game/presentation/compiled/assets/dda5900559255b1bad906b80a1b9a3cee914ba732f6dcb4fdb8b3c9bce50633f.png
2026-09-15T13:37:14.0806265Z ./game/presentation/compiled/assets/ff2e2defa02d62198a0be240fb16c8328d8be7c6aa9e3ec4516c7589edd83b22.png
2026-09-15T13:37:14.0807180Z ./game/presentation/compiled/assets/1aa1245d987000c889a47cd242c9ca976d620e48323cdde2a60358006718cc51.png
2026-09-15T13:37:14.0807872Z ./game/presentation/compiled/assets/d74c2e8c5713201203f7decea8d57881b657a2aa7b24ea00d182cbe4efa51b8d.png
2026-09-15T13:37:14.0808565Z ./game/presentation/compiled/assets/4edc2d90b443fbc191cbd741c824732113a590cd758e32d8e098c63eba4e70a9.png
2026-09-15T13:37:14.0809264Z ./game/presentation/compiled/assets/8535d7dec70f8fb64d3c0aa8ac919daa7609a477dada753b67429c9c7ae2cadb.png
2026-09-15T13:37:14.0809980Z ./game/presentation/compiled/assets/c0f4e7ca9de3a9f06637dbc8d5972b69b7e804f1bbd9579f5724d99a02c5c86b.png
2026-09-15T13:37:14.0810676Z ./game/presentation/compiled/assets/9f649ed85a5ff7d88996729975dfcb3b4df001474b02cd34114dcf4fc5e2b49c.png
2026-09-15T13:37:14.0811374Z ./game/presentation/compiled/assets/0b4b6717b5a2e7c27ad765544730193d1f798f8ccbc08879947f1a8b10e71121.png
2026-09-15T13:37:14.0812087Z ./game/presentation/compiled/assets/8a652da0dfc053d85190a2a0a17a27c43144c90a1cce5ae7883cb70f73df7c50.png
2026-09-15T13:37:14.0812792Z ./game/presentation/compiled/assets/c1aedf89bc3433dc1cb60998fa1e2563480a590c38586332f444c4c12c772fce.png
2026-09-15T13:37:14.0813518Z ./game/presentation/compiled/assets/4797c11d5e17c3f5f9b5b3fa96efb4fd2aabb877fb4d625dfc8eb7465464e145.woff2
2026-09-15T13:37:14.0814228Z ./game/presentation/compiled/assets/2a50c451fdee7c54d8bccf7a098f12bcdbdc15905856dc100c8e0d9e99629c33.png
2026-09-15T13:37:14.0814926Z ./game/presentation/compiled/assets/f3f58d09752c8e635e06145abc2460909f90ce2df664a8034a799e0bbe59c3ee.png
2026-09-15T13:37:14.0815628Z ./game/presentation/compiled/assets/e85e9aa8f56ba214bcdc9184feb99f526f1a89f66627ac0bf278bffa123dc7c9.png
2026-09-15T13:37:14.0816458Z ./game/presentation/compiled/assets/210d3b2ab32eaef632751e0333321b7e3e2a8571de758e9a02d1f350c483cf61.png
2026-09-15T13:37:14.0817152Z ./game/presentation/compiled/assets/7258c2453b49a52aaa2ba003c4e076eb7aa2d87d21abb6df65f5f5178f9f6a59.png
2026-09-15T13:37:14.0817853Z ./game/presentation/compiled/assets/ee156b11b8102f73615260895e66be4e420bd3d7c70aec7150b556cdc9999a1c.png
2026-09-15T13:37:14.0818540Z ./game/presentation/compiled/assets/535cf4dc9b21c9ff7f9c26d4bc0657e8d6820626551b4d34d82e332748e4d9e3.png
2026-09-15T13:37:14.0819245Z ./game/presentation/compiled/assets/2033ce4e45c2b164edc31e8680244deaa475783dca1aebc6262bfffcd3980eb2.png
2026-09-15T13:37:14.0819949Z ./game/presentation/compiled/assets/c234ea41a080121e73eeea20e3e3db5cfedcd4d4793bc31cf7cdfb2dad2a96ca.png
2026-09-15T13:37:14.0820638Z ./game/presentation/compiled/assets/1e3b7ea46131dbee8ca4601fd75862b04fda8ca4aa4b088d9811f5845e05eb7d.png
2026-09-15T13:37:14.0821326Z ./game/presentation/compiled/assets/57ee2976cb09f29863a4b3a2d8951574a93bf376eda64dbe2a171dc426d8391a.png
2026-09-15T13:37:14.0822223Z ./game/presentation/compiled/assets/7e696d173490ae948cead01a22c5650bc6ffef16c70c514ba6d88413d460a192.png
2026-09-15T13:37:14.0822910Z ./game/presentation/compiled/assets/b65d23a488db2a276f1332680fbf394b1aee685fffc42f0b093c01506041f143.png
2026-09-15T13:37:14.0823596Z ./game/presentation/compiled/assets/08512d067c5f322eb059dc45733fd61534b8bc530a9ebd8b33208d941a603922.png
2026-09-15T13:37:14.0824268Z ./game/presentation/compiled/assets/cae1523d150bbe69f65028676129ba9c51958f4561671c5d6dee1eecfb48b3b5.png
2026-09-15T13:37:14.0825057Z ./game/presentation/compiled/assets/8b5ebd66c72bc3a9ccc07c5dedaba2a8c556ea4e78ef1f17650cc99bc1eca666.png
2026-09-15T13:37:14.0825941Z ./game/presentation/compiled/assets/d9ee53a1cc344517624e80785e764da99fa8bd9b90d7f2b9b5d2ac52ff236a4b.png
2026-09-15T13:37:14.0826616Z ./game/presentation/compiled/assets/53fff7055c1021c80f93590ed4e028c85d59ea4cb2f06ac71644d29989fa2bd7.png
2026-09-15T13:37:14.0827286Z ./game/presentation/compiled/assets/3104d1433851b889c70bbf8fe4d4fecd2b99a3d57d099b402286948283711fb4.png
2026-09-15T13:37:14.0827965Z ./game/presentation/compiled/assets/78033ee190de99663e4b936e480562d4cc93d9e90190b529ef46d07877c43826.png
2026-09-15T13:37:14.0828811Z ./game/presentation/compiled/assets/27fca2383ecb60fe0019232ed3f384103f602e36fe583fbad4b018b0c20d08fe.png
2026-09-15T13:37:14.0829492Z ./game/presentation/compiled/assets/a3ad1f5a90f71164d77039f7052ce3403e684f1e9acecb0d3c86a7d456e9d509.png
2026-09-15T13:37:14.0830162Z ./game/presentation/compiled/assets/77a93635bc7d39976bbf571f056a68f75ef43e1b655b6512fd293b2b568306e3.png
2026-09-15T13:37:14.0830839Z ./game/presentation/compiled/assets/78294d66d340a9cc4036814defa9a291b8573949d79318823722b6f51c71fc14.png
2026-09-15T13:37:14.0831523Z ./game/presentation/compiled/assets/466b729b69035d65e5a95d5ef9c8d1c337e64a6af3b5fbdcf91cf74d3096d33b.png
2026-09-15T13:37:14.0832225Z ./game/presentation/compiled/assets/00b0f847cd1f80495615e3ada13899df67c6df05bf1f6d846ffc46cb3cc3fc5f.png
2026-09-15T13:37:14.0832907Z ./game/presentation/compiled/assets/526656d6f29126aaec7bc7d1abf0769d247b311039c8d069c7e2afc17d112747.png
2026-09-15T13:37:14.0833639Z ./game/presentation/compiled/assets/ccdfe41a2adaf920c64d99f665d19d9ca6ddc2ea5251ea24bdd63beb2dfc68bd.png
2026-09-15T13:37:14.0834343Z ./game/presentation/compiled/assets/02b4ab6f9e8339b921ac83fa0f72e334ab98edc82a46ae5b70499d4ea5dfb872.png
2026-09-15T13:37:14.0835037Z ./game/presentation/compiled/assets/2617aa19f98e0a455046c229a9abcb678efeaa76c07ebe5ce07cb8b00d4d65bf.png
2026-09-15T13:37:14.0835713Z ./game/presentation/compiled/assets/97986545bbd0dd978d7c5cd2b3511b800cb082caf4a584416306b6c3f4283b54.png
2026-09-15T13:37:14.0836556Z ./game/presentation/compiled/assets/a07fe2df221cb042a05a7ef78716ae1809e9df5dd54d7dd550c91bd265f7f7fb.png
2026-09-15T13:37:14.0837263Z ./game/presentation/compiled/assets/5428ce32eb31d44ea4b04561d86cc65e31ce79fe50acce40beadfd1d2546b837.png
2026-09-15T13:37:14.0837967Z ./game/presentation/compiled/assets/2d0b8b6260f73e3fe008c5ac228021f681747183a586ed7ca9dde3906b22dcc3.png
2026-09-15T13:37:14.0838658Z ./game/presentation/compiled/assets/150ebf2c0817461fda33425c885488da7f4566b16a83947e94799d8da2df05e5.png
2026-09-15T13:37:14.0839350Z ./game/presentation/compiled/assets/de2406eaf230f4701c82249f0709f1238616cca532d2be1b02d3105503646c3c.png
2026-09-15T13:37:14.0840068Z ./game/presentation/compiled/assets/4c0ab153dd814ff806ff0d9a63bb1ef5ad9eac532f8f771d1288265d7327ec68.png
2026-09-15T13:37:14.0840762Z ./game/presentation/compiled/assets/d5227e40b6ef6c1d722bbfb09c828789facf18b0021d6e600a456fdd37ba7e11.png
2026-09-15T13:37:14.0841461Z ./game/presentation/compiled/assets/33955b0fafb24b5edab1d605d6b3a8453a0073438aa87785cc2376ec36953346.png
2026-09-15T13:37:14.0842176Z ./game/presentation/compiled/assets/5c51f6d7b29af2e8be90adc5d01257f1b5d34ac5aaf0bb533fd2088bd944b683.png
2026-09-15T13:37:14.0847432Z ./game/presentation/compiled/assets/43db178018db9727dc1d4f6f9231dbe2ad29fe6d75a6a84d5ed97b069e18e3a4.png
2026-09-15T13:37:14.0848170Z ./game/presentation/compiled/assets/9e865e30bb22014bc6cc20dd4038415f4b279164ab33c54d9682e7ffc9cf2c91.png
2026-09-15T13:37:14.0849046Z ./game/presentation/compiled/assets/713991ea5d2ba3bbc0f5115c6fdc98f337da90b657b0c43c7db1625073377f90.png
2026-09-15T13:37:14.0849764Z ./game/presentation/compiled/assets/53f17c3672c097ce79b63629e4dfbffe9d5a2ecacf4ac99ec67704538951d9fe.png
2026-09-15T13:37:14.0850476Z ./game/presentation/compiled/assets/e033d8a3118b42b870e2f6350f7ae960b6085b46beb32ae235881a53bfbdc066.png
2026-09-15T13:37:14.0851187Z ./game/presentation/compiled/assets/0839e0cac64adad321fb07518b14673091bbc1a61a836ff15ebf48510480bbbc.png
2026-09-15T13:37:14.0851892Z ./game/presentation/compiled/assets/326d159fab7ab655e40c493e5e3ae27713157b419788134f23363ef222ad27db.png
2026-09-15T13:37:14.0852614Z ./game/presentation/compiled/assets/6b5afa33051459550ead8fee06fb5e14c9eecf9648906dc1abb7fe7a2c69455c.png
2026-09-15T13:37:14.0853337Z ./game/presentation/compiled/assets/b0e9acf3605b9c5440328ef0bea6c0959efd03acdddbc4ac2cc5520e036457b6.png
2026-09-15T13:37:14.0854059Z ./game/presentation/compiled/assets/a25dc0c7e2f24a5451f3fbb0d24e90fdce796b274d8b54f238cbee0a26e8b857.png
2026-09-15T13:37:14.0854765Z ./game/presentation/compiled/assets/cea04fc27e33583748da59f8bc873505d15b8c37745f0b30b5a4415f4d7c87cb.png
2026-09-15T13:37:14.0855606Z ./game/presentation/compiled/assets/72b6c93f47090f3a3724223477e22cbc461132329768e70b82cdb87d85a72052.png
2026-09-15T13:37:14.0856473Z ./game/presentation/compiled/assets/9ad64ed82783ba763f61fe954e3cdc8c360df472c8d035ef74579670d2649bba.png
2026-09-15T13:37:14.0857178Z ./game/presentation/compiled/assets/efef00b62e24bc89315f26fe888d64658bb63cfcce3eeb047645c812903d3e3f.png
2026-09-15T13:37:14.0857895Z ./game/presentation/compiled/assets/9ef850d87a46eee28cbfa3df8f2d2945673b8bf5dc2fdcc4edf1840175e3f7a1.png
2026-09-15T13:37:14.0858581Z ./game/presentation/compiled/assets/0ae5d58c1169056d086892937112a4605d56ca11b6d11e701d1e7796b18a6af7.png
2026-09-15T13:37:14.0859288Z ./game/presentation/compiled/assets/d4690eb2839e8f90a4ac105502c5b22c1b1cceb643c5d2593ca3a4e61d6aa008.png
2026-09-15T13:37:14.0859994Z ./game/presentation/compiled/assets/f03dc7d839fef8d53cae7b29cc106dd094c976af6e3758d71110bf0d47140efa.png
2026-09-15T13:37:14.0860703Z ./game/presentation/compiled/assets/d76f309d8385cd5d20fc2fff72b7f3abc19299cccdde767d76dd9f4a4960929d.png
2026-09-15T13:37:14.0861397Z ./game/presentation/compiled/assets/044bfaa980686917e6715e3919617a516ee1585e38dd8a63154301eba23d4118.png
2026-09-15T13:37:14.0862111Z ./game/presentation/compiled/assets/cc1bc2077c62d4cea9aeba86c00d0185b3c93f7c7dfceaede414dc105859196f.png
2026-09-15T13:37:14.0862803Z ./game/presentation/compiled/assets/4213f1ac958d600b68f4aa1aa0171d8f5e7a10ca2422154f88cc9b58bda9c0c1.png
2026-09-15T13:37:14.0863491Z ./game/presentation/compiled/assets/9c181b9009de288e0ed3349ab0bda4908e67c92587946517115b9231d5ea65b8.png
2026-09-15T13:37:14.0864191Z ./game/presentation/compiled/assets/3fa6527474d2da84fed128052df7ee8ac2b34a25eaf5a162d21be849a12fd65c.png
2026-09-15T13:37:14.0864866Z ./game/presentation/compiled/assets/40172d186e595959d100dd0e7e52a78906e904300d93c8c0958d82b6f3b91ff0.png
2026-09-15T13:37:14.0865563Z ./game/presentation/compiled/assets/83b8dea4de4fad710942a60c18f03c34849df904a45edb0316b6287c3770fb3c.png
2026-09-15T13:37:14.0866412Z ./game/presentation/compiled/assets/e35ca174c360d5a572c72e6be448666cf3da1438cf0d91f8ea7ff8c221b8eb5e.png
2026-09-15T13:37:14.0867127Z ./game/presentation/compiled/assets/398eaf8dc2f88a2b1a3bc4d2ae5c603f54fd5daa96c9c9c02637bdd4c488e697.png
2026-09-15T13:37:14.0867816Z ./game/presentation/compiled/assets/963bdc61942194177b4d0dac32ba560c0200f55c83f21d939356b8680b6f644c.png
2026-09-15T13:37:14.0868499Z ./game/presentation/compiled/assets/228285616ceb1d60be182f971790ee75a67c44a40a787d7d7ed275668a3005e4.png
2026-09-15T13:37:14.0869195Z ./game/presentation/compiled/assets/95b99a09686ab417503cd8444f6b485d1021b6ae3f8e9525a545faafd6254c9c.png
2026-09-15T13:37:14.0869905Z ./game/presentation/compiled/assets/084e63a13178e1736ac2eaa12af621d63a786eea4dc21ab5cae8c6acf96c8153.png
2026-09-15T13:37:14.0870737Z ./game/presentation/compiled/assets/ee325025999edc73751f62ee92adc73c02fe06d29680da5816f4785e014ef730.png
2026-09-15T13:37:14.0871422Z ./game/presentation/compiled/assets/94353c17fbc74e21655a3c556075885a144900b6c620ba7b37ab79beb31f246f.png
2026-09-15T13:37:14.0872113Z ./game/presentation/compiled/assets/0b5106ea19db098b6cf6068142510fd373731532e5052983e58bb343038404e6.png
2026-09-15T13:37:14.0872822Z ./game/presentation/compiled/assets/40a08a5524dbe269f6eddb019c55beebde3129ba270d97a5fa4d22015a07e0cc.png
2026-09-15T13:37:14.0873526Z ./game/presentation/compiled/assets/84461bcb3aca9dc91ace6a836df87a153a6c58d75b6a46b8988d9d835f68ad9f.png
2026-09-15T13:37:14.0874254Z ./game/presentation/compiled/assets/2d4e0eafa015c8e434082b8be0552556e0abfe057248233a701cac4d1b3f4cd0.png
2026-09-15T13:37:14.0874951Z ./game/presentation/compiled/assets/0233c5f399b93700594af044a5f56687a0742333d32b7bc54ef7122173f1dc65.png
2026-09-15T13:37:14.0875647Z ./game/presentation/compiled/assets/7954823e793dd6140528d271c12653fca559eda862ca83c4be73c6bfbdf9c26c.png
2026-09-15T13:37:14.0876494Z ./game/presentation/compiled/assets/544551f875b2fd52c41dbbd384d6710a80fb23d744ae8a9bca3353cd23752a48.png
2026-09-15T13:37:14.0877193Z ./game/presentation/compiled/assets/57744cbfe744bd50d932b1dba963539c11dbb176dc1e3171de46c34ea74d48a0.png
2026-09-15T13:37:14.0878049Z ./game/presentation/compiled/assets/9bc684f5da99a255c09d7cd6aac452859d5ec370d344a092901576bdc9405911.png
2026-09-15T13:37:14.0878297Z ./game/presentation/compiled/theme.css
2026-09-15T13:37:14.0878496Z ./game/presentation/page.mjs
2026-09-15T13:37:14.0878742Z ./game/presentation/studio-session.mjs
2026-09-15T13:37:14.0878934Z ./game/presentation/model.mjs
2026-09-15T13:37:14.0879109Z ./game/presentation/icons.mjs
2026-09-15T13:37:14.0879386Z ./game/presentation/current-pictures.mjs
2026-09-15T13:37:14.0879609Z ./game/presentation/bundle.mjs
2026-09-15T13:37:14.0879759Z ./game/content.mjs
2026-09-15T13:37:14.0879953Z ./game/mastery-equipment.mjs
2026-09-15T13:37:14.0880179Z ./game/profile-channel-json.mjs
2026-09-15T13:37:14.0880397Z ./game/enemy-presentations.mjs
2026-09-15T13:37:14.0880547Z ./game/vendor/
2026-09-15T13:37:14.0880766Z ./game/vendor/PHASER-LICENSE.md
2026-09-15T13:37:14.0880988Z ./game/vendor/phaser-4.2.1.min.js
2026-09-15T13:37:14.0881210Z ./game/managed-media-store.mjs
2026-09-15T13:37:14.0881442Z ./game/mastery-verification.mjs
2026-09-15T13:37:14.0881590Z ./game/replays/
2026-09-15T13:37:14.0881827Z ./game/replays/expansion-routes.json
2026-09-15T13:37:14.0882075Z ./game/replays/first-light-routes.json
2026-09-15T13:37:14.0882314Z ./game/replays/fieldcraft-routes.json
2026-09-15T13:37:14.0882562Z ./game/replays/fpv-arcade-r2-routes.json
2026-09-15T13:37:14.0882848Z ./game/replays/first-light-gentle-routes.json
2026-09-15T13:37:14.0883083Z ./game/replays/campaign-routes.json
2026-09-15T13:37:14.0883311Z ./game/replays/gentle-routes.json
2026-09-15T13:37:14.0883549Z ./game/replays/fpv-arcade-r3-routes.json
2026-09-15T13:37:14.0883800Z ./game/replays/fpv-arcade-r5-routes.json
2026-09-15T13:37:14.0884046Z ./game/replays/sentinel-routes.json
2026-09-15T13:37:14.0884270Z ./game/replays/homeward-routes.json
2026-09-15T13:37:14.0887664Z ./game/replays/classic-lab-routes.json
2026-09-15T13:37:14.0888200Z ./game/replays/fpv-arcade-r4-routes.json
2026-09-15T13:37:14.0889038Z ./game/flight-media-pins.mjs
2026-09-15T13:37:14.0889232Z ./game/controller-lab/
2026-09-15T13:37:14.0889531Z ./game/controller-lab/reading-practice.json
2026-09-15T13:37:14.0889765Z ./game/controller-lab/index.html
2026-09-15T13:37:14.0889955Z ./game/controller-lab/lab.mjs
2026-09-15T13:37:14.0890174Z ./game/controller-lab/style.css
2026-09-15T13:37:14.0890438Z ./game/media-storage-record.mjs
2026-09-15T13:37:14.0890777Z ./game/enemy-catalog-scenarios.mjs
2026-09-15T13:37:14.0890927Z ./game/couch/
2026-09-15T13:37:14.0891193Z ./game/couch/couch-installed-chapters.mjs
2026-09-15T13:37:14.0891386Z ./game/couch/relay-rescue.mjs
2026-09-15T13:37:14.0891748Z ./game/couch/couch.mjs
2026-09-15T13:37:14.0892221Z ./game/couch/couch-input.mjs
2026-09-15T13:37:14.0892696Z ./game/couch/coop-view.mjs
2026-09-15T13:37:14.0892914Z ./game/couch/coop-feedback.mjs
2026-09-15T13:37:14.0893121Z ./game/couch/relay-rescue.html
2026-09-15T13:37:14.0893293Z ./game/couch/index.html
2026-09-15T13:37:14.0893492Z ./game/couch/couch-shell.mjs
2026-09-15T13:37:14.0893678Z ./game/couch/relay-rescue.css
2026-09-15T13:37:14.0893953Z ./game/couch/couch.css
2026-09-15T13:37:14.0894181Z ./game/couch/couch-chapter.mjs
2026-09-15T13:37:14.0894355Z ./game/challenges.mjs
2026-09-15T13:37:14.0894535Z ./game/soundtrack-store.mjs
2026-09-15T13:37:14.0894732Z ./game/media-presentation.mjs
2026-09-15T13:37:14.0894922Z ./game/selection-bookmark.mjs
2026-09-15T13:37:14.0895062Z ./game/boot.css
2026-09-15T13:37:14.0895239Z ./game/media-still.mjs
2026-09-15T13:37:14.0895425Z ./game/mastery-records.mjs
2026-09-15T13:37:14.0895620Z ./game/gallery-difficulty.mjs
2026-09-15T13:37:14.0896025Z ./game/video-poster.mjs
2026-09-15T13:37:14.0896281Z ./game/profile-shared-media.mjs
2026-09-15T13:37:14.0896738Z ./game/external-chapter-backup.mjs
2026-09-15T13:37:14.0896988Z ./game/content-launch.mjs
2026-09-15T13:37:14.0897179Z ./game/profile-transfer.mjs
2026-09-15T13:37:14.0898069Z ./game/ui/
2026-09-15T13:37:14.0898294Z ./game/ui/first-flight-view.mjs
2026-09-15T13:37:14.0899489Z ./game/ui/touch-steering.mjs
2026-09-15T13:37:14.0899734Z ./game/ui/controller-settings.css
2026-09-15T13:37:14.0899955Z ./game/ui/practice-navigation.mjs
2026-09-15T13:37:14.0900182Z ./game/ui/first-flight-entry.mjs
2026-09-15T13:37:14.0900367Z ./game/ui/story-dialog.css
2026-09-15T13:37:14.0900593Z ./game/ui/enemy-catalog-panel.css
2026-09-15T13:37:14.0900773Z ./game/ui/enemy-guide.mjs
2026-09-15T13:37:14.0900963Z ./game/ui/device-controls.css
2026-09-15T13:37:14.0901177Z ./game/ui/presentation-image.mjs
2026-09-15T13:37:14.0901358Z ./game/ui/library-panel.mjs
2026-09-15T13:37:14.0902221Z ./game/ui/field-kit-fonts.css
2026-09-15T13:37:14.0902401Z ./game/ui/game-shell.css
2026-09-15T13:37:14.0902573Z ./game/ui/field-kit-flow.css
2026-09-15T13:37:14.0902795Z ./game/ui/soundtrack-panel.css
2026-09-15T13:37:14.0903015Z ./game/ui/field-kit-surfaces.mjs
2026-09-15T13:37:14.0903218Z ./game/ui/picture-identity.mjs
2026-09-15T13:37:14.0903437Z ./game/ui/enemy-body-motion.mjs
2026-09-15T13:37:14.0903674Z ./game/ui/profile-recovery.css
2026-09-15T13:37:14.0903927Z ./game/ui/optional-chapters-panel.mjs
2026-09-15T13:37:14.0904151Z ./game/ui/field-kit-components.css
2026-09-15T13:37:14.0904390Z ./game/ui/profile-recovery-dialog.mjs
2026-09-15T13:37:14.0904604Z ./game/ui/still-media-host.mjs
2026-09-15T13:37:14.0905097Z ./game/ui/enemy-catalog-input.mjs
2026-09-15T13:37:14.0905315Z ./game/ui/direct-tool-launch.js
2026-09-15T13:37:14.0905499Z ./game/ui/field-kit-copy.mjs
2026-09-15T13:37:14.0905732Z ./game/ui/first-flight-preview.mjs
2026-09-15T13:37:14.0906021Z ./game/ui/input.mjs
2026-09-15T13:37:14.0906240Z ./game/ui/storage-retention.mjs
2026-09-15T13:37:14.0906460Z ./game/ui/still-media-panel.css
2026-09-15T13:37:14.0906695Z ./game/ui/controller-boost-host.mjs
2026-09-15T13:37:14.0906878Z ./game/ui/scene-art.mjs
2026-09-15T13:37:14.0907065Z ./game/ui/worlds-browser.mjs
2026-09-15T13:37:14.0907282Z ./game/ui/actor-presentation.mjs
2026-09-15T13:37:14.0907467Z ./game/ui/earned-picture.mjs
2026-09-15T13:37:14.0907652Z ./game/ui/pixel-theme.css
2026-09-15T13:37:14.0907826Z ./game/ui/retry-view.mjs
2026-09-15T13:37:14.0908034Z ./game/ui/operation-status.css
2026-09-15T13:37:14.0908213Z ./game/ui/game-shell.mjs
2026-09-15T13:37:14.0908451Z ./game/ui/video-poster-workshop.mjs
2026-09-15T13:37:14.0908677Z ./game/ui/mission-gallery.mjs
2026-09-15T13:37:14.0909056Z ./game/ui/key-settings.mjs
2026-09-15T13:37:14.0909288Z ./game/ui/event-feedback.mjs
2026-09-15T13:37:14.0909725Z ./game/ui/profile-recovery-dialog.css
2026-09-15T13:37:14.0909913Z ./game/ui/offline-panel.mjs
2026-09-15T13:37:14.0910136Z ./game/ui/still-story-panel.mjs
2026-09-15T13:37:14.0910418Z ./game/ui/enemy-catalog-panel.mjs
2026-09-15T13:37:14.0910808Z ./game/ui/backup-set-panel.mjs
2026-09-15T13:37:14.0911262Z ./game/ui/controller-router.mjs
2026-09-15T13:37:14.0911471Z ./game/ui/field-kit-tokens.css
2026-09-15T13:37:14.0911623Z ./game/ui/fonts/
2026-09-15T13:37:14.0911802Z ./game/ui/fonts/pixelify-sans/
2026-09-15T13:37:14.0916697Z ./game/ui/fonts/pixelify-sans/provenance.json
2026-09-15T13:37:14.0916917Z ./game/ui/fonts/pixelify-sans/METADATA.pb
2026-09-15T13:37:14.0917113Z ./game/ui/fonts/pixelify-sans/PixelifySans.ttf
2026-09-15T13:37:14.0917329Z ./game/ui/fonts/pixelify-sans/OFL.txt
2026-09-15T13:37:14.0917567Z ./game/ui/fonts/provenance.json
2026-09-15T13:37:14.0917770Z ./game/ui/fonts/METADATA.pb
2026-09-15T13:37:14.0918006Z ./game/ui/fonts/Tiny5-Regular.ttf
2026-09-15T13:37:14.0918196Z ./game/ui/fonts/field-kit/
2026-09-15T13:37:14.0918400Z ./game/ui/fonts/field-kit/provenance.json
2026-09-15T13:37:14.0918769Z ./game/ui/fonts/field-kit/handjet-display-600.woff2
2026-09-15T13:37:14.0918997Z ./game/ui/fonts/field-kit/exo2-ui-400-600.woff2
2026-09-15T13:37:14.0919224Z ./game/ui/fonts/field-kit/IBMPlexMono-OFL.txt
2026-09-15T13:37:14.0919489Z ./game/ui/fonts/field-kit/Handjet-OFL.txt
2026-09-15T13:37:14.0919821Z ./game/ui/fonts/field-kit/ibm-plex-mono-500.woff2
2026-09-15T13:37:14.0920081Z ./game/ui/fonts/field-kit/Exo2-OFL.txt
2026-09-15T13:37:14.0920438Z ./game/ui/fonts/OFL.txt
2026-09-15T13:37:14.0920632Z ./game/ui/enemy-guide.css
2026-09-15T13:37:14.0920853Z ./game/ui/first-flight-launch.mjs
2026-09-15T13:37:14.0921076Z ./game/ui/soundtrack-player.mjs
2026-09-15T13:37:14.0921259Z ./game/ui/mastery-view.mjs
2026-09-15T13:37:14.0921407Z ./game/ui/audio.mjs
2026-09-15T13:37:14.0921597Z ./game/ui/still-media-preview.mjs
2026-09-15T13:37:14.0921844Z ./game/ui/optional-chapters-panel.css
2026-09-15T13:37:14.0922075Z ./game/ui/modal-navigation.mjs
2026-09-15T13:37:14.0922256Z ./game/ui/story-dialog.mjs
2026-09-15T13:37:14.0922490Z ./game/ui/profile-recovery.mjs
2026-09-15T13:37:14.0922692Z ./game/ui/encounter-view.mjs
2026-09-15T13:37:14.0922940Z ./game/ui/still-media-catalog.mjs
2026-09-15T13:37:14.0923146Z ./game/ui/backup-set.css
2026-09-15T13:37:14.0923291Z ./game/ui/mission-picker.css
2026-09-15T13:37:14.0923410Z ./game/ui/victory-story.mjs
2026-09-15T13:37:14.0923548Z ./game/ui/mission-thumbnails.mjs
2026-09-15T13:37:14.0923763Z ./game/ui/controller-reading.mjs
2026-09-15T13:37:14.0923941Z ./game/ui/controller-preview.mjs
2026-09-15T13:37:14.0924163Z ./game/ui/operation-status.mjs
2026-09-15T13:37:14.0924379Z ./game/ui/mission-picker.mjs
2026-09-15T13:37:14.0924567Z ./game/ui/result-picture.mjs
2026-09-15T13:37:14.0924723Z ./game/ui/fullscreen.mjs
2026-09-15T13:37:14.0924861Z ./game/ui/soundtrack-panel.mjs
2026-09-15T13:37:14.0925000Z ./game/ui/enemy-body-assets.mjs
2026-09-15T13:37:14.0925096Z ./game/ui/art/
2026-09-15T13:37:14.0925205Z ./game/ui/art/field-kit/
2026-09-15T13:37:14.0925358Z ./game/ui/art/field-kit/prepared/
2026-09-15T13:37:14.0925570Z ./game/ui/art/field-kit/prepared/title-hangar-v1.png
2026-09-15T13:37:14.0933575Z ./game/ui/art/field-kit/prepared/title-hangar-portrait-v1.png
2026-09-15T13:37:14.0940628Z ./game/ui/controller-navigation.mjs
2026-09-15T13:37:14.0940862Z ./game/ui/still-media-panel.mjs
2026-09-15T13:37:14.0941162Z ./game/ui/profile-transfer-panel.mjs
2026-09-15T13:37:14.0941395Z ./game/ui/flight-pictures.mjs
2026-09-15T13:37:14.0941606Z ./game/ui/music.mjs
2026-09-15T13:37:14.0941839Z ./game/ui/enemy-workshop-return.mjs
2026-09-15T13:37:14.0942034Z ./game/ui/controller-settings.mjs
2026-09-15T13:37:14.0942260Z ./game/ui/field-kit-compiled.css
2026-09-15T13:37:14.0942679Z ./game/ui/field-kit-surfaces.css
2026-09-15T13:37:14.0943052Z ./game/ui/controller-boost-settings.mjs
2026-09-15T13:37:14.0943244Z ./game/ui/mission-brief.css
2026-09-15T13:37:14.0943421Z ./game/ui/celebration.mjs
2026-09-15T13:37:14.0943629Z ./game/ui/classic-view.mjs
2026-09-15T13:37:14.0944095Z ./game/ui/presentation-draw-image.mjs
2026-09-15T13:37:14.0944294Z ./game/ui/published-audio.mjs
2026-09-15T13:37:14.0944453Z ./game/ui/render.mjs
2026-09-15T13:37:14.0945064Z ./game/profile-original-recovery.mjs
2026-09-15T13:37:14.0945419Z ./game/mp3.mjs
2026-09-15T13:37:14.0945639Z ./game/controller-bindings.mjs
2026-09-15T13:37:14.0945978Z ./game/media-library.mjs
2026-09-15T13:37:14.0946151Z ./game/attempt-file.mjs
2026-09-15T13:37:14.0946809Z ./game/coop/
2026-09-15T13:37:14.0946933Z ./game/coop/threats.mjs
2026-09-15T13:37:14.0947306Z ./game/coop/geometry.mjs
2026-09-15T13:37:14.0947498Z ./game/coop/input-policy.mjs
2026-09-15T13:37:14.0947688Z ./game/coop/recipes.mjs
2026-09-15T13:37:14.0947970Z ./game/coop/relay-yard.mjs
2026-09-15T13:37:14.0948146Z ./game/coop/library.mjs
2026-09-15T13:37:14.0948304Z ./game/coop/core.mjs
2026-09-15T13:37:14.0948914Z ./game/coop/first-connection.mjs
2026-09-15T13:37:14.0949109Z ./game/playground/
2026-09-15T13:37:14.0949337Z ./game/playground/playground.css
2026-09-15T13:37:14.0949580Z ./game/playground/viewport.mjs
2026-09-15T13:37:14.0949803Z ./game/playground/board-view.mjs
2026-09-15T13:37:14.0949986Z ./game/playground/index.html
2026-09-15T13:37:14.0950198Z ./game/playground/control-geometry.mjs
2026-09-15T13:37:14.0950338Z ./game/playground/playground.mjs
2026-09-15T13:37:14.0950880Z ./game/playground/model.mjs
2026-09-15T13:37:14.0951321Z ./game/profile-channel-assets.mjs
2026-09-15T13:37:14.0951506Z ./game/backup.mjs
2026-09-15T13:37:14.0951988Z ./game/boot.mjs
2026-09-15T13:37:14.0952265Z ./game/difficulty-navigation.mjs
2026-09-15T13:37:14.0952470Z ./game/replay-player.mjs
2026-09-15T13:37:14.0952697Z ./game/soundtrack-store-legacy.mjs
2026-09-15T13:37:14.0952799Z ./game/mastery.mjs
2026-09-15T13:37:14.0953213Z ./game/core/
2026-09-15T13:37:14.0953406Z ./game/core/classic-state.mjs
2026-09-15T13:37:14.0953586Z ./game/core/capture.mjs
2026-09-15T13:37:14.0953756Z ./game/core/geometry.mjs
2026-09-15T13:37:14.0953935Z ./game/core/systems.mjs
2026-09-15T13:37:14.0954188Z ./game/core/encounter.mjs
2026-09-15T13:37:14.0954509Z ./game/core/classic-contour.mjs
2026-09-15T13:37:14.0954724Z ./game/core/level.mjs
2026-09-15T13:37:14.0954990Z ./game/core/registry.mjs
2026-09-15T13:37:14.0955371Z ./game/core/classic-topology.mjs
2026-09-15T13:37:14.0955585Z ./game/core/enemy-pressure.mjs
2026-09-15T13:37:14.0955989Z ./game/core/line-impact.mjs
2026-09-15T13:37:14.0956178Z ./game/core/contacts.mjs
2026-09-15T13:37:14.0956353Z ./game/core/classic-step.mjs
2026-09-15T13:37:14.0956796Z ./game/core/arcade-actions.mjs
2026-09-15T13:37:14.0956968Z ./game/core/abilities.mjs
2026-09-15T13:37:14.0957145Z ./game/core/versions.mjs
2026-09-15T13:37:14.0957319Z ./game/core/README.md
2026-09-15T13:37:14.0957843Z ./game/core/index.mjs
2026-09-15T13:37:14.0958073Z ./game/core/movement.mjs
2026-09-15T13:37:14.0958392Z ./game/core/classic-definition.mjs
2026-09-15T13:37:14.0958639Z ./game/core/classic-motion.mjs
2026-09-15T13:37:14.0958985Z ./game/character-presentations.mjs
2026-09-15T13:37:14.0959356Z ./game/external-chapter-pointer.mjs
2026-09-15T13:37:14.0959538Z ./game/external-chapter.mjs
2026-09-15T13:37:14.0959733Z ./game/build-info.json
2026-09-15T13:37:14.0959965Z ./game/text-size.mjs
2026-09-15T13:37:14.0960190Z ./game/content/
2026-09-15T13:37:14.0960432Z ./game/content/external-worlds.json
2026-09-15T13:37:14.0960664Z ./game/content/optional-worlds.json
2026-09-15T13:37:14.0960930Z ./game/content/recovery-catalogs.json
2026-09-15T13:37:14.0963691Z ./game/content/scenarios/
2026-09-15T13:37:14.0963983Z ./game/content/scenarios/line-impact-demo.json
2026-09-15T13:37:14.0964293Z ./game/content/themes.json
2026-09-15T13:37:14.0964475Z ./game/content/packs/
2026-09-15T13:37:14.0964734Z ./game/content/packs/night-shift.json
2026-09-15T13:37:14.0965076Z ./game/content/packs/fpv-pressure-frontier.json
2026-09-15T13:37:14.1057822Z ./game/content/packs/index.json
2026-09-15T13:37:14.1058090Z ./game/content/packs/fpv-arcade-r5.json
2026-09-15T13:37:14.1153525Z ./game/content/packs/archive-catalog.json
2026-09-15T13:37:14.1153734Z ./game/content/packs/fpv-arcade-r2.json
2026-09-15T13:37:14.1249966Z ./game/content/packs/classic-lab.json
2026-09-15T13:37:14.1250169Z ./game/content/packs/homeward-skies.json
2026-09-15T13:37:14.1344125Z ./game/content/packs/archive-index.json
2026-09-15T13:37:14.1344346Z ./game/content/packs/equipment-workshop.json
2026-09-15T13:37:14.1434526Z ./game/content/packs/fpv-arcade.json
2026-09-15T13:37:14.1530407Z ./game/content/packs/living-threads.json
2026-09-15T13:37:14.1530688Z ./game/content/packs/fpv-arcade-r4.json
2026-09-15T13:37:14.1630941Z ./game/content/packs/fieldcraft.json
2026-09-15T13:37:14.1631303Z ./game/content/packs/sentinel-relay.json
2026-09-15T13:37:14.1631571Z ./game/content/packs/fpv-arcade-r3.json
2026-09-15T13:37:14.1735072Z ./game/content/packs/catalog.json
2026-09-15T13:37:14.1735559Z ./game/content/enemy-presentations.json
2026-09-15T13:37:14.1736094Z ./game/content/campaign.json
2026-09-15T13:37:14.1736385Z ./game/content/classes.json
2026-09-15T13:37:14.1736673Z ./game/difficulty-access.mjs
2026-09-15T13:37:14.1736953Z ./game/story-receipts.mjs
2026-09-15T13:37:14.1737228Z ./game/index.html
2026-09-15T13:37:14.1737388Z ./game/offline.mjs
2026-09-15T13:37:14.1737701Z ./game/profile-recovery.mjs
2026-09-15T13:37:14.1738065Z ./game/continuation.mjs
2026-09-15T13:37:14.1738234Z ./game/first-flight.mjs
2026-09-15T13:37:14.1738409Z ./game/replay-theater/
2026-09-15T13:37:14.1738581Z ./game/replay-theater/data/
2026-09-15T13:37:14.1739197Z ./game/replay-theater/data/fieldcraft-02.replay.json
2026-09-15T13:37:14.1739698Z ./game/replay-theater/data/fieldcraft-04.replay.json
2026-09-15T13:37:14.1740014Z ./game/replay-theater/data/fieldcraft-03.replay.json
2026-09-15T13:37:14.1740309Z ./game/replay-theater/data/fieldcraft-01.replay.json
2026-09-15T13:37:14.1740535Z ./game/replay-theater/index.html
2026-09-15T13:37:14.1740734Z ./game/replay-theater/app.mjs
2026-09-15T13:37:14.1740946Z ./game/replay-theater/theater.css
2026-09-15T13:37:14.1741182Z ./game/replay-theater/navigation.mjs
2026-09-15T13:37:14.1741362Z ./game/backup-storage.mjs
2026-09-15T13:37:14.1741543Z ./game/profile-recovery.html
2026-09-15T13:37:14.1741702Z ./game/library.mjs
2026-09-15T13:37:14.1741883Z ./game/victory-story.mjs
2026-09-15T13:37:14.1742054Z ./game/enemy-catalog.mjs
2026-09-15T13:37:14.1742228Z ./game/mastery-catalog.mjs
2026-09-15T13:37:14.1742553Z ./game/profile-channel-reader.mjs
2026-09-15T13:37:14.1743156Z ./game/soundtrack-bundle.mjs
2026-09-15T13:37:14.1743461Z ./game/media-bundle.mjs
2026-09-15T13:37:14.1743781Z ./game/media-store.mjs
2026-09-15T13:37:14.1744024Z ./game/profile-channel.mjs
2026-09-15T13:37:14.1744380Z ./game/external-chapter-install.mjs
2026-09-15T13:37:14.1744647Z ./game/README.md
2026-09-15T13:37:14.1745281Z ./game/external-chapter-catalog.mjs
2026-09-15T13:37:14.1745548Z ./game/progress.mjs
2026-09-15T13:37:14.1746175Z ./game/backup-set.mjs
2026-09-15T13:37:14.1746456Z ./game/collection-results.mjs
2026-09-15T13:37:14.1746659Z ./game/body-derivative.mjs
2026-09-15T13:37:14.1747139Z ./game/external-backup-assets.mjs
2026-09-15T13:37:14.1747326Z ./game/app.mjs
2026-09-15T13:37:14.1749865Z ./game/controller-boost.mjs
2026-09-15T13:37:14.1750065Z ./game/mastery-awards.mjs
2026-09-15T13:37:14.1750296Z ./game/external-chapter-host.mjs
2026-09-15T13:37:14.1750482Z ./game/campaign-contexts.mjs
2026-09-15T13:37:14.1750668Z ./game/attempt-export.mjs
2026-09-15T13:37:14.1750856Z ./game/picture-receipts.mjs
2026-09-15T13:37:14.1751032Z ./game/platform.mjs
2026-09-15T13:37:14.1751202Z ./game/mission-brief.mjs
2026-09-15T13:37:14.1751429Z ./game/packs.mjs
2026-09-15T13:37:14.1751810Z ./game/key-bindings.mjs
2026-09-15T13:37:14.1752149Z ./game/assets/
2026-09-15T13:37:14.1752402Z ./game/assets/field-kit/
2026-09-15T13:37:14.1752669Z ./game/assets/field-kit/icons/
2026-09-15T13:37:14.1752973Z ./game/assets/field-kit/icons/contact-sheet.png
2026-09-15T13:37:14.1753795Z ./game/assets/field-kit/icons/review.html
2026-09-15T13:37:14.1754037Z ./game/assets/field-kit/icons/review.mjs
2026-09-15T13:37:14.1754460Z ./game/assets/field-kit/sprites/
2026-09-15T13:37:14.1754814Z ./game/assets/field-kit/sprites/enemy-relay-sentinel.png
2026-09-15T13:37:14.1755108Z ./game/assets/field-kit/sprites/terrain-wall.png
2026-09-15T13:37:14.1755606Z ./game/assets/field-kit/sprites/enemy-eroder.png
2026-09-15T13:37:14.1756076Z ./game/assets/field-kit/sprites/enemy-border-patrol.png
2026-09-15T13:37:14.1756439Z ./game/assets/field-kit/sprites/player-bomber-detailed.png
2026-09-15T13:37:14.1756761Z ./game/assets/field-kit/sprites/pickup-objective.png
2026-09-15T13:37:14.1757057Z ./game/assets/field-kit/sprites/contact-sheet.png
2026-09-15T13:37:14.1757325Z ./game/assets/field-kit/sprites/sprites.json
2026-09-15T13:37:14.1760644Z ./game/assets/field-kit/sprites/pickup-supply.png
2026-09-15T13:37:14.1761030Z ./game/assets/field-kit/sprites/terrain-lethal.png
2026-09-15T13:37:14.1761495Z ./game/assets/field-kit/sprites/enemy-claimed-rover.png
2026-09-15T13:37:14.1761849Z ./game/assets/field-kit/sprites/enemy-contour-patrol.png
2026-09-15T13:37:14.1762242Z ./game/assets/field-kit/sprites/player-interceptor-compact.png
2026-09-15T13:37:14.1762589Z ./game/assets/field-kit/sprites/player-trapper-compact.png
2026-09-15T13:37:14.1762938Z ./game/assets/field-kit/sprites/player-fiber-compact.png
2026-09-15T13:37:14.1763336Z ./game/assets/field-kit/sprites/player-interceptor-detailed.png
2026-09-15T13:37:14.1763620Z ./game/assets/field-kit/sprites/pickup-freeze.png
2026-09-15T13:37:14.1764076Z ./game/assets/field-kit/sprites/review.html
2026-09-15T13:37:14.1764434Z ./game/assets/field-kit/sprites/player-impact-compact.png
2026-09-15T13:37:14.1764776Z ./game/assets/field-kit/sprites/player-bomber-compact.png
2026-09-15T13:37:14.1765134Z ./game/assets/field-kit/sprites/player-trapper-detailed.png
2026-09-15T13:37:14.1765489Z ./game/assets/field-kit/sprites/player-impact-detailed.png
2026-09-15T13:37:14.1765999Z ./game/assets/field-kit/sprites/pickup-life.png
2026-09-15T13:37:14.1766287Z ./game/assets/field-kit/sprites/enemy-bouncer.png
2026-09-15T13:37:14.1766594Z ./game/assets/field-kit/sprites/enemy-lane-boss.png
2026-09-15T13:37:14.1766882Z ./game/assets/field-kit/sprites/terrain-slow.png
2026-09-15T13:37:14.1767233Z ./game/assets/field-kit/sprites/player-fiber-detailed.png
2026-09-15T13:37:14.1767508Z ./game/assets/field-kit/sprites/pickup-speed.png
2026-09-15T13:37:14.1767856Z ./game/assets/field-kit/sprites/player-carrier-compact.png
2026-09-15T13:37:14.1768203Z ./game/assets/field-kit/sprites/player-scout-compact.png
2026-09-15T13:37:14.1768478Z ./game/assets/field-kit/sprites/pickup-slow.png
2026-09-15T13:37:14.1768815Z ./game/assets/field-kit/sprites/player-scout-detailed.png
2026-09-15T13:37:14.1769172Z ./game/assets/field-kit/sprites/player-carrier-detailed.png
2026-09-15T13:37:14.1769346Z ./game/multiplayer.mjs
2026-09-15T13:37:14.1769496Z ./game/storage.mjs
2026-09-15T13:37:14.1769648Z ./game/style.css
2026-09-15T13:37:14.1769783Z ./game/sessions.mjs
2026-09-15T13:37:14.1769887Z ./game/soundtrack.mjs
2026-09-15T13:37:14.1769996Z ./game/imports.mjs
2026-09-15T13:37:14.1770151Z ./game/external-recovery-catalog.mjs
2026-09-15T13:37:14.1770254Z ./game/text-face.mjs
2026-09-15T13:37:14.1770363Z ./service-worker.js
2026-09-15T13:37:14.1770464Z ./docs/
2026-09-15T13:37:14.1772019Z ./docs/field-kit-production.md
2026-09-15T13:37:14.1772198Z ./docs/field-kit-sprites.md
2026-09-15T13:37:14.1772372Z ./docs/field-kit-icons.md
2026-09-15T13:37:14.1772536Z ./docs/verification/
2026-09-15T13:37:14.1772762Z ./docs/verification/fpv-redesign/
2026-09-15T13:37:14.1773022Z ./docs/verification/fpv-redesign/baseline/
2026-09-15T13:37:14.1773328Z ./docs/verification/fpv-redesign/baseline/pause-desktop.jpg
2026-09-15T13:37:14.1773567Z ./docs/verification/fpv-redesign/baseline/briefing-phone.jpg
2026-09-15T13:37:14.1773788Z ./docs/verification/fpv-redesign/baseline/title-desktop.jpg
2026-09-15T13:37:14.1774001Z ./docs/verification/fpv-redesign/baseline/title-phone.jpg
2026-09-15T13:37:14.1774224Z ./docs/verification/fpv-redesign/baseline/missions-phone.jpg
2026-09-15T13:37:14.1774429Z ./docs/verification/fpv-redesign/baseline/inventory.json
2026-09-15T13:37:14.1774666Z ./docs/verification/fpv-redesign/baseline/settings-desktop.jpg
2026-09-15T13:37:14.1775137Z ./docs/verification/fpv-redesign/baseline/flight-desktop.jpg
2026-09-15T13:37:14.1775479Z ./docs/verification/fpv-redesign/baseline/missions-desktop.jpg
2026-09-15T13:37:14.1775916Z ./docs/verification/fpv-redesign/baseline/README.md
2026-09-15T13:37:14.1776122Z ./docs/field-kit-reveals.md
2026-09-15T13:37:14.1776318Z ./docs/fpv-redesign-design.md
2026-09-15T13:37:14.1777936Z ./docs/fpv-reveal-art-audit.md
2026-09-15T13:37:14.1778131Z ./docs/field-kit-surfaces.md
2026-09-15T13:37:14.1778358Z ./docs/presentation-system.md
2026-09-15T13:37:14.1778525Z ./docs/presentation-audio-and-ui.md
2026-09-15T13:37:14.1778640Z ./docs/asset-studio.md
2026-09-15T13:37:14.1778782Z ./docs/presentation-runtime.md
2026-09-15T13:37:14.1778904Z ./docs/fpv-typography.md
2026-09-15T13:37:14.1779019Z ./docs/field-kit-title-v2.md
2026-09-15T13:37:14.1779137Z ./manifest.webmanifest
2026-09-15T13:37:14.1779231Z ./_headers
2026-09-15T13:37:14.1779320Z ./.nojekyll
2026-09-15T13:37:14.1779419Z ./catalog-ui/
2026-09-15T13:37:14.1779537Z ./catalog-ui/site/
2026-09-15T13:37:14.1779692Z ./catalog-ui/site/release-catalog.css
2026-09-15T13:37:14.1779799Z ./catalog-ui/game/
2026-09-15T13:37:14.1779943Z ./catalog-ui/game/data-json.mjs
2026-09-15T13:37:14.1780085Z ./catalog-ui/game/presentation/
2026-09-15T13:37:14.1780403Z ./catalog-ui/game/presentation/host.mjs
2026-09-15T13:37:14.1780577Z ./catalog-ui/game/presentation/runtime.mjs
2026-09-15T13:37:14.1780756Z ./catalog-ui/game/presentation/page-entry.mjs
2026-09-15T13:37:14.1780917Z ./catalog-ui/game/presentation/compiled/
2026-09-15T13:37:14.1781125Z ./catalog-ui/game/presentation/compiled/manifest.json
2026-09-15T13:37:14.1781324Z ./catalog-ui/game/presentation/compiled/runtime.json
2026-09-15T13:37:14.1788133Z ./catalog-ui/game/presentation/compiled/studio.json
2026-09-15T13:37:14.1816376Z ./catalog-ui/game/presentation/compiled/assets/
2026-09-15T13:37:14.1817195Z ./catalog-ui/game/presentation/compiled/assets/47033ec2cd3b56345394bc13bbb7b10579419559d1e41160d02f8f3eea368672.png
2026-09-15T13:37:14.1818002Z ./catalog-ui/game/presentation/compiled/assets/aa2e8583a56b36b5357e5462aee6b010b5b894626929afbc553c683462ce42cf.png
2026-09-15T13:37:14.1818786Z ./catalog-ui/game/presentation/compiled/assets/9b6313464e6e6f26dff9b98405fba899dcd0c6a614fde6df8ed1a2d835c73f34.png
2026-09-15T13:37:14.1819556Z ./catalog-ui/game/presentation/compiled/assets/fedb83171e9c894c8cbc446d4fb2bf460359b587068a33d0e108b14e185a0adc.png
2026-09-15T13:37:14.1820337Z ./catalog-ui/game/presentation/compiled/assets/d22b1070efad07ed1e6f9d8e42d3dc7e19922478e7abedad3f08d55e53cf065c.png
2026-09-15T13:37:14.1821107Z ./catalog-ui/game/presentation/compiled/assets/8b557a3e23bcbf550c01b5fe77618bc6ab31cce51835e80ad807023f2fc8fa47.png
2026-09-15T13:37:14.1821887Z ./catalog-ui/game/presentation/compiled/assets/ad53247e6be0c1c2a3080a8ebabd0ca24b1394be0caa109138926e821b08ae35.png
2026-09-15T13:37:14.1822663Z ./catalog-ui/game/presentation/compiled/assets/2ff89ae01c04bfc698892ec3a35610b7975a6f36596ddd7ddeedbecef248d5d4.png
2026-09-15T13:37:14.1823434Z ./catalog-ui/game/presentation/compiled/assets/2444795bb19516949a98519f0e23f9cdf64b454f01a0bb297521d17b5af376da.png
2026-09-15T13:37:14.1824242Z ./catalog-ui/game/presentation/compiled/assets/05af7a73b7dadc8821cecccf0abb4f763dafae7ad21500a3293957fa88ed7d76.png
2026-09-15T13:37:14.1825119Z ./catalog-ui/game/presentation/compiled/assets/0498bcb48294756b5ac9062290e1639e907b1ec69b5dc2e8cfdec3fab58e0bc8.woff2
2026-09-15T13:37:14.1826064Z ./catalog-ui/game/presentation/compiled/assets/e325a3a5b3647614bffa5432779f4ade7e865158e384888888f83b073aff033c.png
2026-09-15T13:37:14.1826850Z ./catalog-ui/game/presentation/compiled/assets/827da59e870daf2e8548168399449bd894b4cdf7953a1f8ca48a7ed6df8f8d91.png
2026-09-15T13:37:14.1827648Z ./catalog-ui/game/presentation/compiled/assets/779f36cccce55fd90340acbad1a1cbe03639cd1f98f66d25eaac3c8b0036c31b.png
2026-09-15T13:37:14.1828416Z ./catalog-ui/game/presentation/compiled/assets/4f56a78772cd7363a2992a8252e4dc629638dad705a9b981d4561830117f511e.png
2026-09-15T13:37:14.1832144Z ./catalog-ui/game/presentation/compiled/assets/1bd3c9c57cc8790ccbf6f0fd33517d6d1a5520de93e38a99722ed4ee915758ab.png
2026-09-15T13:37:14.1832949Z ./catalog-ui/game/presentation/compiled/assets/70dcff8faa588f074e529704a7d6024fe0a7590b18afa6059488fb505ce4a5f7.png
2026-09-15T13:37:14.1833747Z ./catalog-ui/game/presentation/compiled/assets/53f1206a11a8791892f5c844c0641529acbc2c09c8d558676d0d801d72113850.png
2026-09-15T13:37:14.1834547Z ./catalog-ui/game/presentation/compiled/assets/85bb90c58fb61a1fdd212316f223dad209d374386e1aad14f044df4c1ea2af7e.png
2026-09-15T13:37:14.1835314Z ./catalog-ui/game/presentation/compiled/assets/bd423baa7b3b4f073251d5c8291aa78ee11c341926d27f9f211aa278bc7557f6.png
2026-09-15T13:37:14.1836273Z ./catalog-ui/game/presentation/compiled/assets/f7495ea7b56215ba88c7d465fa6ad9ab22121695e4c674cf183b65ef6d400ae0.png
2026-09-15T13:37:14.1837074Z ./catalog-ui/game/presentation/compiled/assets/cca9df45b2dde64684489deab8f8d2ab8d5a08dab0ec0efc8455786a231c2a04.png
2026-09-15T13:37:14.1837866Z ./catalog-ui/game/presentation/compiled/assets/c3cd0a0f9997f28d1a295de1c8995ebe81bf782acb1c033036371c49fc40a08e.png
2026-09-15T13:37:14.1838634Z ./catalog-ui/game/presentation/compiled/assets/8fe3df81db48bf682862a06c8f7434365ff49151a2a72a94c0a85ea85a3adf27.png
2026-09-15T13:37:14.1839558Z ./catalog-ui/game/presentation/compiled/assets/8664f0283f54db86f6800fb2056045574ff79a5f490f415b3a8929112d8a7d26.png
2026-09-15T13:37:14.1840357Z ./catalog-ui/game/presentation/compiled/assets/5cda580ceefd258918dcf6c49f0f8ad68966999c153a876fb01c2f171b659420.png
2026-09-15T13:37:14.1841133Z ./catalog-ui/game/presentation/compiled/assets/8d445857cc63417a2b4a9468c854e4ffed3828b3cd1a90cdd8d4f8c951be88f4.png
2026-09-15T13:37:14.1841926Z ./catalog-ui/game/presentation/compiled/assets/fce2dc8f15375b66d336c1defbca23dfb2310301b62c822206a0a013d19601ef.woff2
2026-09-15T13:37:14.1842692Z ./catalog-ui/game/presentation/compiled/assets/56fadf4288069b7f12e3e33b94c950baab873a1b576d87ad82673b0c5329dd76.png
2026-09-15T13:37:14.1843457Z ./catalog-ui/game/presentation/compiled/assets/30957860bb1edac99c230a91a34eab8249b43497fda680707276c859f3bd5f0c.png
2026-09-15T13:37:14.1844236Z ./catalog-ui/game/presentation/compiled/assets/df6e1a2a114dce2da1643a39d608d87ca79d1eaba70cfd62ac02892d0fadec6e.png
2026-09-15T13:37:14.1845025Z ./catalog-ui/game/presentation/compiled/assets/44ebf8c1d8a028a919012f75978d025d1698aeb3d295c8813edc1a7ebae71868.png
2026-09-15T13:37:14.1845956Z ./catalog-ui/game/presentation/compiled/assets/dda5900559255b1bad906b80a1b9a3cee914ba732f6dcb4fdb8b3c9bce50633f.png
2026-09-15T13:37:14.1846748Z ./catalog-ui/game/presentation/compiled/assets/ff2e2defa02d62198a0be240fb16c8328d8be7c6aa9e3ec4516c7589edd83b22.png
2026-09-15T13:37:14.1847515Z ./catalog-ui/game/presentation/compiled/assets/1aa1245d987000c889a47cd242c9ca976d620e48323cdde2a60358006718cc51.png
2026-09-15T13:37:14.1848282Z ./catalog-ui/game/presentation/compiled/assets/d74c2e8c5713201203f7decea8d57881b657a2aa7b24ea00d182cbe4efa51b8d.png
2026-09-15T13:37:14.1849064Z ./catalog-ui/game/presentation/compiled/assets/4edc2d90b443fbc191cbd741c824732113a590cd758e32d8e098c63eba4e70a9.png
2026-09-15T13:37:14.1849843Z ./catalog-ui/game/presentation/compiled/assets/8535d7dec70f8fb64d3c0aa8ac919daa7609a477dada753b67429c9c7ae2cadb.png
2026-09-15T13:37:14.1850630Z ./catalog-ui/game/presentation/compiled/assets/c0f4e7ca9de3a9f06637dbc8d5972b69b7e804f1bbd9579f5724d99a02c5c86b.png
2026-09-15T13:37:14.1851390Z ./catalog-ui/game/presentation/compiled/assets/9f649ed85a5ff7d88996729975dfcb3b4df001474b02cd34114dcf4fc5e2b49c.png
2026-09-15T13:37:14.1852151Z ./catalog-ui/game/presentation/compiled/assets/0b4b6717b5a2e7c27ad765544730193d1f798f8ccbc08879947f1a8b10e71121.png
2026-09-15T13:37:14.1852922Z ./catalog-ui/game/presentation/compiled/assets/8a652da0dfc053d85190a2a0a17a27c43144c90a1cce5ae7883cb70f73df7c50.png
2026-09-15T13:37:14.1853690Z ./catalog-ui/game/presentation/compiled/assets/c1aedf89bc3433dc1cb60998fa1e2563480a590c38586332f444c4c12c772fce.png
2026-09-15T13:37:14.1854475Z ./catalog-ui/game/presentation/compiled/assets/4797c11d5e17c3f5f9b5b3fa96efb4fd2aabb877fb4d625dfc8eb7465464e145.woff2
2026-09-15T13:37:14.1855402Z ./catalog-ui/game/presentation/compiled/assets/2a50c451fdee7c54d8bccf7a098f12bcdbdc15905856dc100c8e0d9e99629c33.png
2026-09-15T13:37:14.1856303Z ./catalog-ui/game/presentation/compiled/assets/f3f58d09752c8e635e06145abc2460909f90ce2df664a8034a799e0bbe59c3ee.png
2026-09-15T13:37:14.1857072Z ./catalog-ui/game/presentation/compiled/assets/e85e9aa8f56ba214bcdc9184feb99f526f1a89f66627ac0bf278bffa123dc7c9.png
2026-09-15T13:37:14.1857832Z ./catalog-ui/game/presentation/compiled/assets/210d3b2ab32eaef632751e0333321b7e3e2a8571de758e9a02d1f350c483cf61.png
2026-09-15T13:37:14.1858617Z ./catalog-ui/game/presentation/compiled/assets/7258c2453b49a52aaa2ba003c4e076eb7aa2d87d21abb6df65f5f5178f9f6a59.png
2026-09-15T13:37:14.1859384Z ./catalog-ui/game/presentation/compiled/assets/ee156b11b8102f73615260895e66be4e420bd3d7c70aec7150b556cdc9999a1c.png
2026-09-15T13:37:14.1860158Z ./catalog-ui/game/presentation/compiled/assets/535cf4dc9b21c9ff7f9c26d4bc0657e8d6820626551b4d34d82e332748e4d9e3.png
2026-09-15T13:37:14.1860939Z ./catalog-ui/game/presentation/compiled/assets/2033ce4e45c2b164edc31e8680244deaa475783dca1aebc6262bfffcd3980eb2.png
2026-09-15T13:37:14.1861865Z ./catalog-ui/game/presentation/compiled/assets/c234ea41a080121e73eeea20e3e3db5cfedcd4d4793bc31cf7cdfb2dad2a96ca.png
2026-09-15T13:37:14.1862630Z ./catalog-ui/game/presentation/compiled/assets/1e3b7ea46131dbee8ca4601fd75862b04fda8ca4aa4b088d9811f5845e05eb7d.png
2026-09-15T13:37:14.1863397Z ./catalog-ui/game/presentation/compiled/assets/57ee2976cb09f29863a4b3a2d8951574a93bf376eda64dbe2a171dc426d8391a.png
2026-09-15T13:37:14.1864159Z ./catalog-ui/game/presentation/compiled/assets/7e696d173490ae948cead01a22c5650bc6ffef16c70c514ba6d88413d460a192.png
2026-09-15T13:37:14.1864918Z ./catalog-ui/game/presentation/compiled/assets/b65d23a488db2a276f1332680fbf394b1aee685fffc42f0b093c01506041f143.png
2026-09-15T13:37:14.1865672Z ./catalog-ui/game/presentation/compiled/assets/08512d067c5f322eb059dc45733fd61534b8bc530a9ebd8b33208d941a603922.png
2026-09-15T13:37:14.1866585Z ./catalog-ui/game/presentation/compiled/assets/cae1523d150bbe69f65028676129ba9c51958f4561671c5d6dee1eecfb48b3b5.png
2026-09-15T13:37:14.1867405Z ./catalog-ui/game/presentation/compiled/assets/8b5ebd66c72bc3a9ccc07c5dedaba2a8c556ea4e78ef1f17650cc99bc1eca666.png
2026-09-15T13:37:14.1868187Z ./catalog-ui/game/presentation/compiled/assets/d9ee53a1cc344517624e80785e764da99fa8bd9b90d7f2b9b5d2ac52ff236a4b.png
2026-09-15T13:37:14.1868970Z ./catalog-ui/game/presentation/compiled/assets/53fff7055c1021c80f93590ed4e028c85d59ea4cb2f06ac71644d29989fa2bd7.png
2026-09-15T13:37:14.1869728Z ./catalog-ui/game/presentation/compiled/assets/3104d1433851b889c70bbf8fe4d4fecd2b99a3d57d099b402286948283711fb4.png
2026-09-15T13:37:14.1870483Z ./catalog-ui/game/presentation/compiled/assets/78033ee190de99663e4b936e480562d4cc93d9e90190b529ef46d07877c43826.png
2026-09-15T13:37:14.1871243Z ./catalog-ui/game/presentation/compiled/assets/27fca2383ecb60fe0019232ed3f384103f602e36fe583fbad4b018b0c20d08fe.png
2026-09-15T13:37:14.1872016Z ./catalog-ui/game/presentation/compiled/assets/a3ad1f5a90f71164d77039f7052ce3403e684f1e9acecb0d3c86a7d456e9d509.png
2026-09-15T13:37:14.1872772Z ./catalog-ui/game/presentation/compiled/assets/77a93635bc7d39976bbf571f056a68f75ef43e1b655b6512fd293b2b568306e3.png
2026-09-15T13:37:14.1873528Z ./catalog-ui/game/presentation/compiled/assets/78294d66d340a9cc4036814defa9a291b8573949d79318823722b6f51c71fc14.png
2026-09-15T13:37:14.1874310Z ./catalog-ui/game/presentation/compiled/assets/466b729b69035d65e5a95d5ef9c8d1c337e64a6af3b5fbdcf91cf74d3096d33b.png
2026-09-15T13:37:14.1875096Z ./catalog-ui/game/presentation/compiled/assets/00b0f847cd1f80495615e3ada13899df67c6df05bf1f6d846ffc46cb3cc3fc5f.png
2026-09-15T13:37:14.1875995Z ./catalog-ui/game/presentation/compiled/assets/526656d6f29126aaec7bc7d1abf0769d247b311039c8d069c7e2afc17d112747.png
2026-09-15T13:37:14.1876789Z ./catalog-ui/game/presentation/compiled/assets/ccdfe41a2adaf920c64d99f665d19d9ca6ddc2ea5251ea24bdd63beb2dfc68bd.png
2026-09-15T13:37:14.1877723Z ./catalog-ui/game/presentation/compiled/assets/02b4ab6f9e8339b921ac83fa0f72e334ab98edc82a46ae5b70499d4ea5dfb872.png
2026-09-15T13:37:14.1878509Z ./catalog-ui/game/presentation/compiled/assets/2617aa19f98e0a455046c229a9abcb678efeaa76c07ebe5ce07cb8b00d4d65bf.png
2026-09-15T13:37:14.1879274Z ./catalog-ui/game/presentation/compiled/assets/97986545bbd0dd978d7c5cd2b3511b800cb082caf4a584416306b6c3f4283b54.png
2026-09-15T13:37:14.1880067Z ./catalog-ui/game/presentation/compiled/assets/a07fe2df221cb042a05a7ef78716ae1809e9df5dd54d7dd550c91bd265f7f7fb.png
2026-09-15T13:37:14.1880863Z ./catalog-ui/game/presentation/compiled/assets/5428ce32eb31d44ea4b04561d86cc65e31ce79fe50acce40beadfd1d2546b837.png
2026-09-15T13:37:14.1881640Z ./catalog-ui/game/presentation/compiled/assets/2d0b8b6260f73e3fe008c5ac228021f681747183a586ed7ca9dde3906b22dcc3.png
2026-09-15T13:37:14.1882409Z ./catalog-ui/game/presentation/compiled/assets/150ebf2c0817461fda33425c885488da7f4566b16a83947e94799d8da2df05e5.png
2026-09-15T13:37:14.1883191Z ./catalog-ui/game/presentation/compiled/assets/de2406eaf230f4701c82249f0709f1238616cca532d2be1b02d3105503646c3c.png
2026-09-15T13:37:14.1884125Z ./catalog-ui/game/presentation/compiled/assets/4c0ab153dd814ff806ff0d9a63bb1ef5ad9eac532f8f771d1288265d7327ec68.png
2026-09-15T13:37:14.1884915Z ./catalog-ui/game/presentation/compiled/assets/d5227e40b6ef6c1d722bbfb09c828789facf18b0021d6e600a456fdd37ba7e11.png
2026-09-15T13:37:14.1885687Z ./catalog-ui/game/presentation/compiled/assets/33955b0fafb24b5edab1d605d6b3a8453a0073438aa87785cc2376ec36953346.png
2026-09-15T13:37:14.1886637Z ./catalog-ui/game/presentation/compiled/assets/5c51f6d7b29af2e8be90adc5d01257f1b5d34ac5aaf0bb533fd2088bd944b683.png
2026-09-15T13:37:14.1887448Z ./catalog-ui/game/presentation/compiled/assets/43db178018db9727dc1d4f6f9231dbe2ad29fe6d75a6a84d5ed97b069e18e3a4.png
2026-09-15T13:37:14.1888228Z ./catalog-ui/game/presentation/compiled/assets/9e865e30bb22014bc6cc20dd4038415f4b279164ab33c54d9682e7ffc9cf2c91.png
2026-09-15T13:37:14.1889009Z ./catalog-ui/game/presentation/compiled/assets/713991ea5d2ba3bbc0f5115c6fdc98f337da90b657b0c43c7db1625073377f90.png
2026-09-15T13:37:14.1889794Z ./catalog-ui/game/presentation/compiled/assets/53f17c3672c097ce79b63629e4dfbffe9d5a2ecacf4ac99ec67704538951d9fe.png
2026-09-15T13:37:14.1890566Z ./catalog-ui/game/presentation/compiled/assets/e033d8a3118b42b870e2f6350f7ae960b6085b46beb32ae235881a53bfbdc066.png
2026-09-15T13:37:14.1891340Z ./catalog-ui/game/presentation/compiled/assets/0839e0cac64adad321fb07518b14673091bbc1a61a836ff15ebf48510480bbbc.png
2026-09-15T13:37:14.1892095Z ./catalog-ui/game/presentation/compiled/assets/326d159fab7ab655e40c493e5e3ae27713157b419788134f23363ef222ad27db.png
2026-09-15T13:37:14.1892868Z ./catalog-ui/game/presentation/compiled/assets/6b5afa33051459550ead8fee06fb5e14c9eecf9648906dc1abb7fe7a2c69455c.png
2026-09-15T13:37:14.1893670Z ./catalog-ui/game/presentation/compiled/assets/b0e9acf3605b9c5440328ef0bea6c0959efd03acdddbc4ac2cc5520e036457b6.png
2026-09-15T13:37:14.1894464Z ./catalog-ui/game/presentation/compiled/assets/a25dc0c7e2f24a5451f3fbb0d24e90fdce796b274d8b54f238cbee0a26e8b857.png
2026-09-15T13:37:14.1895240Z ./catalog-ui/game/presentation/compiled/assets/cea04fc27e33583748da59f8bc873505d15b8c37745f0b30b5a4415f4d7c87cb.png
2026-09-15T13:37:14.1896151Z ./catalog-ui/game/presentation/compiled/assets/72b6c93f47090f3a3724223477e22cbc461132329768e70b82cdb87d85a72052.png
2026-09-15T13:37:14.1896932Z ./catalog-ui/game/presentation/compiled/assets/9ad64ed82783ba763f61fe954e3cdc8c360df472c8d035ef74579670d2649bba.png
2026-09-15T13:37:14.1897710Z ./catalog-ui/game/presentation/compiled/assets/efef00b62e24bc89315f26fe888d64658bb63cfcce3eeb047645c812903d3e3f.png
2026-09-15T13:37:14.1898499Z ./catalog-ui/game/presentation/compiled/assets/9ef850d87a46eee28cbfa3df8f2d2945673b8bf5dc2fdcc4edf1840175e3f7a1.png
2026-09-15T13:37:14.1899257Z ./catalog-ui/game/presentation/compiled/assets/0ae5d58c1169056d086892937112a4605d56ca11b6d11e701d1e7796b18a6af7.png
2026-09-15T13:37:14.1900177Z ./catalog-ui/game/presentation/compiled/assets/d4690eb2839e8f90a4ac105502c5b22c1b1cceb643c5d2593ca3a4e61d6aa008.png
2026-09-15T13:37:14.1900953Z ./catalog-ui/game/presentation/compiled/assets/f03dc7d839fef8d53cae7b29cc106dd094c976af6e3758d71110bf0d47140efa.png
2026-09-15T13:37:14.1901745Z ./catalog-ui/game/presentation/compiled/assets/d76f309d8385cd5d20fc2fff72b7f3abc19299cccdde767d76dd9f4a4960929d.png
2026-09-15T13:37:14.1902512Z ./catalog-ui/game/presentation/compiled/assets/044bfaa980686917e6715e3919617a516ee1585e38dd8a63154301eba23d4118.png
2026-09-15T13:37:14.1903267Z ./catalog-ui/game/presentation/compiled/assets/cc1bc2077c62d4cea9aeba86c00d0185b3c93f7c7dfceaede414dc105859196f.png
2026-09-15T13:37:14.1904022Z ./catalog-ui/game/presentation/compiled/assets/4213f1ac958d600b68f4aa1aa0171d8f5e7a10ca2422154f88cc9b58bda9c0c1.png
2026-09-15T13:37:14.1904806Z ./catalog-ui/game/presentation/compiled/assets/9c181b9009de288e0ed3349ab0bda4908e67c92587946517115b9231d5ea65b8.png
2026-09-15T13:37:14.1905626Z ./catalog-ui/game/presentation/compiled/assets/3fa6527474d2da84fed128052df7ee8ac2b34a25eaf5a162d21be849a12fd65c.png
2026-09-15T13:37:14.1906690Z ./catalog-ui/game/presentation/compiled/assets/40172d186e595959d100dd0e7e52a78906e904300d93c8c0958d82b6f3b91ff0.png
2026-09-15T13:37:14.1907404Z ./catalog-ui/game/presentation/compiled/assets/83b8dea4de4fad710942a60c18f03c34849df904a45edb0316b6287c3770fb3c.png
2026-09-15T13:37:14.1907881Z ./catalog-ui/game/presentation/compiled/assets/e35ca174c360d5a572c72e6be448666cf3da1438cf0d91f8ea7ff8c221b8eb5e.png
2026-09-15T13:37:14.1908373Z ./catalog-ui/game/presentation/compiled/assets/398eaf8dc2f88a2b1a3bc4d2ae5c603f54fd5daa96c9c9c02637bdd4c488e697.png
2026-09-15T13:37:14.1909161Z ./catalog-ui/game/presentation/compiled/assets/963bdc61942194177b4d0dac32ba560c0200f55c83f21d939356b8680b6f644c.png
2026-09-15T13:37:14.1909898Z ./catalog-ui/game/presentation/compiled/assets/228285616ceb1d60be182f971790ee75a67c44a40a787d7d7ed275668a3005e4.png
2026-09-15T13:37:14.1910685Z ./catalog-ui/game/presentation/compiled/assets/95b99a09686ab417503cd8444f6b485d1021b6ae3f8e9525a545faafd6254c9c.png
2026-09-15T13:37:14.1911375Z ./catalog-ui/game/presentation/compiled/assets/084e63a13178e1736ac2eaa12af621d63a786eea4dc21ab5cae8c6acf96c8153.png
2026-09-15T13:37:14.1911839Z ./catalog-ui/game/presentation/compiled/assets/ee325025999edc73751f62ee92adc73c02fe06d29680da5816f4785e014ef730.png
2026-09-15T13:37:14.1912284Z ./catalog-ui/game/presentation/compiled/assets/94353c17fbc74e21655a3c556075885a144900b6c620ba7b37ab79beb31f246f.png
2026-09-15T13:37:14.1912729Z ./catalog-ui/game/presentation/compiled/assets/0b5106ea19db098b6cf6068142510fd373731532e5052983e58bb343038404e6.png
2026-09-15T13:37:14.1913190Z ./catalog-ui/game/presentation/compiled/assets/40a08a5524dbe269f6eddb019c55beebde3129ba270d97a5fa4d22015a07e0cc.png
2026-09-15T13:37:14.1913670Z ./catalog-ui/game/presentation/compiled/assets/84461bcb3aca9dc91ace6a836df87a153a6c58d75b6a46b8988d9d835f68ad9f.png
2026-09-15T13:37:14.1914126Z ./catalog-ui/game/presentation/compiled/assets/2d4e0eafa015c8e434082b8be0552556e0abfe057248233a701cac4d1b3f4cd0.png
2026-09-15T13:37:14.1914579Z ./catalog-ui/game/presentation/compiled/assets/0233c5f399b93700594af044a5f56687a0742333d32b7bc54ef7122173f1dc65.png
2026-09-15T13:37:14.1915031Z ./catalog-ui/game/presentation/compiled/assets/7954823e793dd6140528d271c12653fca559eda862ca83c4be73c6bfbdf9c26c.png
2026-09-15T13:37:14.1915487Z ./catalog-ui/game/presentation/compiled/assets/544551f875b2fd52c41dbbd384d6710a80fb23d744ae8a9bca3353cd23752a48.png
2026-09-15T13:37:14.1916148Z ./catalog-ui/game/presentation/compiled/assets/57744cbfe744bd50d932b1dba963539c11dbb176dc1e3171de46c34ea74d48a0.png
2026-09-15T13:37:14.1916611Z ./catalog-ui/game/presentation/compiled/assets/9bc684f5da99a255c09d7cd6aac452859d5ec370d344a092901576bdc9405911.png
2026-09-15T13:37:14.1916807Z ./catalog-ui/game/presentation/compiled/theme.css
2026-09-15T13:37:14.1916968Z ./catalog-ui/game/presentation/page.mjs
2026-09-15T13:37:14.1917287Z ./catalog-ui/game/presentation/model.mjs
2026-09-15T13:37:14.1917452Z ./catalog-ui/game/presentation/bundle.mjs
2026-09-15T13:37:14.1917579Z ./catalog-ui/game/content.mjs
2026-09-15T13:37:14.1917731Z ./catalog-ui/game/mastery-equipment.mjs
2026-09-15T13:37:14.1917853Z ./catalog-ui/game/ui/
2026-09-15T13:37:14.1918014Z ./catalog-ui/game/ui/field-kit-fonts.css
2026-09-15T13:37:14.1918182Z ./catalog-ui/game/ui/field-kit-surfaces.mjs
2026-09-15T13:37:14.1918352Z ./catalog-ui/game/ui/field-kit-components.css
2026-09-15T13:37:14.1918507Z ./catalog-ui/game/ui/field-kit-copy.mjs
2026-09-15T13:37:14.1918665Z ./catalog-ui/game/ui/field-kit-tokens.css
2026-09-15T13:37:14.1918779Z ./catalog-ui/game/ui/fonts/
2026-09-15T13:37:14.1918931Z ./catalog-ui/game/ui/fonts/field-kit/
2026-09-15T13:37:14.1919136Z ./catalog-ui/game/ui/fonts/field-kit/provenance.json
2026-09-15T13:37:14.1919370Z ./catalog-ui/game/ui/fonts/field-kit/handjet-display-600.woff2
2026-09-15T13:37:14.1919585Z ./catalog-ui/game/ui/fonts/field-kit/exo2-ui-400-600.woff2
2026-09-15T13:37:14.1919801Z ./catalog-ui/game/ui/fonts/field-kit/IBMPlexMono-OFL.txt
2026-09-15T13:37:14.1919988Z ./catalog-ui/game/ui/fonts/field-kit/Handjet-OFL.txt
2026-09-15T13:37:14.1920341Z ./catalog-ui/game/ui/fonts/field-kit/ibm-plex-mono-500.woff2
2026-09-15T13:37:14.1920530Z ./catalog-ui/game/ui/fonts/field-kit/Exo2-OFL.txt
2026-09-15T13:37:14.1920690Z ./catalog-ui/game/ui/operation-status.mjs
2026-09-15T13:37:14.1920825Z ./catalog-ui/game/ui/music.mjs
2026-09-15T13:37:14.1920995Z ./catalog-ui/game/ui/field-kit-compiled.css
2026-09-15T13:37:14.1921157Z ./catalog-ui/game/ui/field-kit-surfaces.css
2026-09-15T13:37:14.1921274Z ./catalog-ui/game/mastery.mjs
2026-09-15T13:37:14.1921389Z ./catalog-ui/game/core/
2026-09-15T13:37:14.1921546Z ./catalog-ui/game/core/classic-state.mjs
2026-09-15T13:37:14.1921696Z ./catalog-ui/game/core/capture.mjs
2026-09-15T13:37:14.1921839Z ./catalog-ui/game/core/geometry.mjs
2026-09-15T13:37:14.1921984Z ./catalog-ui/game/core/systems.mjs
2026-09-15T13:37:14.1922135Z ./catalog-ui/game/core/encounter.mjs
2026-09-15T13:37:14.1922293Z ./catalog-ui/game/core/classic-contour.mjs
2026-09-15T13:37:14.1922437Z ./catalog-ui/game/core/level.mjs
2026-09-15T13:37:14.1922578Z ./catalog-ui/game/core/registry.mjs
2026-09-15T13:37:14.1922739Z ./catalog-ui/game/core/classic-topology.mjs
2026-09-15T13:37:14.1922898Z ./catalog-ui/game/core/enemy-pressure.mjs
2026-09-15T13:37:14.1936198Z ./catalog-ui/game/core/line-impact.mjs
2026-09-15T13:37:14.1936371Z ./catalog-ui/game/core/contacts.mjs
2026-09-15T13:37:14.1936540Z ./catalog-ui/game/core/classic-step.mjs
2026-09-15T13:37:14.1936711Z ./catalog-ui/game/core/arcade-actions.mjs
2026-09-15T13:37:14.1936916Z ./catalog-ui/game/core/abilities.mjs
2026-09-15T13:37:14.1937131Z ./catalog-ui/game/core/versions.mjs
2026-09-15T13:37:14.1937271Z ./catalog-ui/game/core/index.mjs
2026-09-15T13:37:14.1937420Z ./catalog-ui/game/core/movement.mjs
2026-09-15T13:37:14.1937604Z ./catalog-ui/game/core/classic-definition.mjs
2026-09-15T13:37:14.1937777Z ./catalog-ui/game/core/classic-motion.mjs
2026-09-15T13:37:14.1937934Z ./catalog-ui/game/mastery-catalog.mjs
2026-09-15T13:37:14.1938083Z ./catalog-ui/game/platform.mjs
2026-09-15T13:37:14.1938208Z ./catalog-ui/game/imports.mjs
2026-09-15T13:37:14.1938674Z ##[endgroup]
2026-09-15T13:37:14.1950825Z ##[end-action id=__actions_upload-pages-artifact.__run;outcome=success;conclusion=success;duration_ms=625]
2026-09-15T13:37:14.1954622Z ##[start-action display=Archive artifact;id=__actions_upload-pages-artifact.__run_2]
2026-09-15T13:37:14.1959965Z ##[end-action id=__actions_upload-pages-artifact.__run_2;outcome=skipped;conclusion=skipped;duration_ms=0]
2026-09-15T13:37:14.1962029Z ##[start-action display=Archive artifact;id=__actions_upload-pages-artifact.__run_3]
2026-09-15T13:37:14.1965007Z ##[end-action id=__actions_upload-pages-artifact.__run_3;outcome=skipped;conclusion=skipped;duration_ms=0]
2026-09-15T13:37:14.1966709Z ##[start-action display=Upload artifact;id=__actions_upload-pages-artifact.upload-artifact]
2026-09-15T13:37:14.2001321Z ##[group]Run actions/upload-artifact@bbbca2ddaa5d8feaa63e36b76fdaad77386f024f
2026-09-15T13:37:14.2001415Z with:
2026-09-15T13:37:14.2001522Z   name: github-pages
2026-09-15T13:37:14.2001659Z   path: /home/runner/work/_temp/artifact.tar
2026-09-15T13:37:14.2001750Z   retention-days: 1
2026-09-15T13:37:14.2001856Z   if-no-files-found: error
2026-09-15T13:37:14.2001953Z   compression-level: 6
2026-09-15T13:37:14.2002037Z   overwrite: false
2026-09-15T13:37:14.2002142Z   include-hidden-files: false
2026-09-15T13:37:14.2002225Z   archive: true
2026-09-15T13:37:14.2002314Z env:
2026-09-15T13:37:14.2002412Z   REQUESTED_RELEASE: 
2026-09-15T13:37:14.2002497Z ##[endgroup]
2026-09-15T13:37:14.3398200Z With the provided path, there will be 1 file uploaded
2026-09-15T13:37:14.3404095Z Artifact name is valid!
2026-09-15T13:37:14.3404863Z Root directory input is valid!
2026-09-15T13:37:14.5804106Z Uploading artifact: github-pages.zip
2026-09-15T13:37:14.5844442Z Beginning upload of artifact content to blob storage
2026-09-15T13:37:15.2926981Z Uploaded bytes 8388608
2026-09-15T13:37:15.4785974Z Uploaded bytes 16777216
2026-09-15T13:37:15.5631492Z Uploaded bytes 25165824
2026-09-15T13:37:15.8557502Z Uploaded bytes 33554432
2026-09-15T13:37:16.0959133Z Uploaded bytes 41943040
2026-09-15T13:37:16.4224840Z Uploaded bytes 50331648
2026-09-15T13:37:16.6081108Z Uploaded bytes 58720256
2026-09-15T13:37:16.9323362Z Uploaded bytes 67108864
2026-09-15T13:37:17.1446034Z Uploaded bytes 75497472
2026-09-15T13:37:17.3467769Z Uploaded bytes 83886080
2026-09-15T13:37:17.6694434Z Uploaded bytes 92274688
2026-09-15T13:37:17.9099580Z Uploaded bytes 100663296
2026-09-15T13:37:18.1751598Z Uploaded bytes 109051904
2026-09-15T13:37:18.3810802Z Uploaded bytes 117440512
2026-09-15T13:37:18.7460594Z Uploaded bytes 125829120
2026-09-15T13:37:18.9129279Z Uploaded bytes 134217728
2026-09-15T13:37:19.2725092Z Uploaded bytes 142606336
2026-09-15T13:37:19.5664606Z Uploaded bytes 150994944
2026-09-15T13:37:20.0401721Z Uploaded bytes 159383552
2026-09-15T13:37:20.2322478Z Uploaded bytes 167772160
2026-09-15T13:37:20.5951681Z Uploaded bytes 176160768
2026-09-15T13:37:20.9360311Z Uploaded bytes 184549376
2026-09-15T13:37:21.2118959Z Uploaded bytes 192937984
2026-09-15T13:37:21.5401933Z Uploaded bytes 201326592
2026-09-15T13:37:21.8114447Z Uploaded bytes 209715200
2026-09-15T13:37:21.9565179Z Uploaded bytes 218103808
2026-09-15T13:37:22.2244220Z Uploaded bytes 226492416
2026-09-15T13:37:22.4776026Z Uploaded bytes 234881024
2026-09-15T13:37:22.6984205Z Uploaded bytes 243269632
2026-09-15T13:37:22.9814661Z Uploaded bytes 251658240
2026-09-15T13:37:23.2129799Z Uploaded bytes 260046848
2026-09-15T13:37:23.5142626Z Uploaded bytes 268435456
2026-09-15T13:37:23.7646732Z Uploaded bytes 276824064
2026-09-15T13:37:24.0018430Z Uploaded bytes 285212672
2026-09-15T13:37:24.2447089Z Uploaded bytes 293601280
2026-09-15T13:37:24.5882950Z Uploaded bytes 301989888
2026-09-15T13:37:24.8138410Z Uploaded bytes 310378496
2026-09-15T13:37:25.1505426Z Uploaded bytes 318767104
2026-09-15T13:37:25.5127045Z Uploaded bytes 327155712
2026-09-15T13:37:25.8470890Z Uploaded bytes 335544320
2026-09-15T13:37:26.3311397Z Uploaded bytes 343932928
2026-09-15T13:37:26.6611530Z Uploaded bytes 352321536
2026-09-15T13:37:27.0136382Z Uploaded bytes 360710144
2026-09-15T13:37:27.3477721Z Uploaded bytes 369098752
2026-09-15T13:37:27.7874167Z Uploaded bytes 377487360
2026-09-15T13:37:28.2066340Z Uploaded bytes 385875968
2026-09-15T13:37:28.5544209Z Uploaded bytes 394264576
2026-09-15T13:37:28.9150247Z Uploaded bytes 402653184
2026-09-15T13:37:29.2142393Z Uploaded bytes 411041792
2026-09-15T13:37:29.5710396Z Uploaded bytes 419430400
2026-09-15T13:37:29.9589319Z Uploaded bytes 427819008
2026-09-15T13:37:30.1879204Z Uploaded bytes 436207616
2026-09-15T13:37:30.5429522Z Uploaded bytes 444596224
2026-09-15T13:37:30.9498971Z Uploaded bytes 452984832
2026-09-15T13:37:31.3302698Z Uploaded bytes 461373440
2026-09-15T13:37:31.5983790Z Uploaded bytes 469762048
2026-09-15T13:37:31.9998547Z Uploaded bytes 478150656
2026-09-15T13:37:32.3084576Z Uploaded bytes 486539264
2026-09-15T13:37:32.6778547Z Uploaded bytes 494927872
2026-09-15T13:37:33.0118739Z Uploaded bytes 503316480
2026-09-15T13:37:33.2489574Z Uploaded bytes 511705088
2026-09-15T13:37:33.6579162Z Uploaded bytes 520093696
2026-09-15T13:37:33.9717264Z Uploaded bytes 527900629
2026-09-15T13:37:34.0078386Z Finished uploading artifact content to blob storage!
2026-09-15T13:37:34.0081471Z SHA256 digest of uploaded artifact is c450846237bd8546c05cc9df843ecccfd1b1786d819e2e58bdc73e730ec30178
2026-09-15T13:37:34.0083859Z Finalizing artifact upload
2026-09-15T13:37:34.2899920Z Artifact github-pages successfully finalized. Artifact ID 10398987426
2026-09-15T13:37:34.2901167Z Artifact github-pages has been successfully uploaded! Final size is 527900629 bytes. Artifact ID is 10398987426
2026-09-15T13:37:34.2907482Z Artifact download URL: https://github.com/mekhovov/revealline/actions/runs/34976023839/artifacts/10398987426
2026-09-15T13:37:34.3037991Z ##[end-action id=__actions_upload-pages-artifact.upload-artifact;outcome=success;conclusion=success;duration_ms=20107]
2026-09-15T13:37:34.3140769Z Node 20 is being deprecated. This workflow is running with Node 24 by default. If you need to temporarily use Node 20, you can set the ACTIONS_ALLOW_USE_UNSECURE_NODE_VERSION=true environment variable. For more information see: https://github.blog/changelog/2025-09-19-deprecation-of-node-20-on-github-actions-runners/
2026-09-15T13:37:34.3141939Z Post job cleanup.
2026-09-15T13:37:34.4371472Z (node:3753) [DEP0040] DeprecationWarning: The `punycode` module is deprecated. Please use a userland alternative instead.
2026-09-15T13:37:34.4372312Z (Use `node --trace-deprecation ...` to show where the warning was created)
2026-09-15T13:37:34.4579153Z Node 20 is being deprecated. This workflow is running with Node 24 by default. If you need to temporarily use Node 20, you can set the ACTIONS_ALLOW_USE_UNSECURE_NODE_VERSION=true environment variable. For more information see: https://github.blog/changelog/2025-09-19-deprecation-of-node-20-on-github-actions-runners/
2026-09-15T13:37:34.4581225Z Post job cleanup.
2026-09-15T13:37:34.5490632Z [command]/usr/bin/git version
2026-09-15T13:37:34.5533197Z git version 2.55.0
2026-09-15T13:37:34.5569994Z Temporarily overriding HOME='/home/runner/work/_temp/d98b1f14-6073-4d96-affe-d2d243571f1a' before making global git config changes
2026-09-15T13:37:34.5571477Z Adding repository directory to the temporary git global config as a safe directory
2026-09-15T13:37:34.5575380Z [command]/usr/bin/git config --global --add safe.directory /home/runner/work/revealline/revealline
2026-09-15T13:37:34.5620309Z [command]/usr/bin/git config --local --name-only --get-regexp core\.sshCommand
2026-09-15T13:37:34.5658193Z [command]/usr/bin/git submodule foreach --recursive sh -c "git config --local --name-only --get-regexp 'core\.sshCommand' && git config --local --unset-all 'core.sshCommand' || :"
2026-09-15T13:37:34.5936373Z [command]/usr/bin/git config --local --name-only --get-regexp http\.https\:\/\/github\.com\/\.extraheader
2026-09-15T13:37:34.5966580Z http.https://github.com/.extraheader
2026-09-15T13:37:34.5977142Z [command]/usr/bin/git config --local --unset-all http.https://github.com/.extraheader
2026-09-15T13:37:34.6010461Z [command]/usr/bin/git submodule foreach --recursive sh -c "git config --local --name-only --get-regexp 'http\.https\:\/\/github\.com\/\.extraheader' && git config --local --unset-all 'http.https://github.com/.extraheader' || :"
2026-09-15T13:37:34.6291317Z [command]/usr/bin/git config --local --name-only --get-regexp ^includeIf\.gitdir:
2026-09-15T13:37:34.6332093Z [command]/usr/bin/git submodule foreach --recursive git config --local --show-origin --name-only --get-regexp remote.origin.url
2026-09-15T13:37:34.6752328Z Cleaning up orphan processes
2026-09-15T13:37:34.7092670Z ##[warning]Node.js 20 is deprecated. The following actions target Node.js 20 but are being forced to run on Node.js 24: actions/checkout@v4, actions/setup-node@v4, actions/upload-artifact@ea165f8d65b6e75b540449e92b4886f43607fa02. For more information see: https://github.blog/changelog/2025-09-19-deprecation-of-node-20-on-github-actions-runners/
