2026-09-15T14:41:05.3965950Z Current runner version: '2.337.0'
2026-09-15T14:41:05.3990978Z ##[group]Runner Image Provisioner
2026-09-15T14:41:05.3992075Z Hosted Compute Agent
2026-09-15T14:41:05.3992688Z Version: 20260828.587
2026-09-15T14:41:05.3993326Z Commit: abac92662cab4cc7352de4f9f9d2e2419aad9c29
2026-09-15T14:41:05.3994112Z Build Date: 2026-08-28T16:44:25Z
2026-09-15T14:41:05.3994843Z Worker ID: {b7cb1936-68d8-49f4-8767-c68bb44dfde7}
2026-09-15T14:41:05.3995630Z Azure Region: westcentralus
2026-09-15T14:41:05.3996484Z ##[endgroup]
2026-09-15T14:41:05.3998155Z ##[group]Operating System
2026-09-15T14:41:05.3998880Z Ubuntu
2026-09-15T14:41:05.3999398Z 24.04.5
2026-09-15T14:41:05.3999924Z LTS
2026-09-15T14:41:05.4000494Z ##[endgroup]
2026-09-15T14:41:05.4001045Z ##[group]Runner Image
2026-09-15T14:41:05.4001718Z Image: ubuntu-24.04
2026-09-15T14:41:05.4002276Z Version: 20260907.300.1
2026-09-15T14:41:05.4003591Z Included Software: https://github.com/actions/runner-images/blob/ubuntu24/20260907.300/images/ubuntu/Ubuntu2404-Readme.md
2026-09-15T14:41:05.4005079Z Image Release: https://github.com/actions/runner-images/releases/tag/ubuntu24%2F20260907.300
2026-09-15T14:41:05.4006341Z ##[endgroup]
2026-09-15T14:41:05.4007553Z ##[group]GITHUB_TOKEN Permissions
2026-09-15T14:41:05.4010078Z Contents: read
2026-09-15T14:41:05.4010687Z Metadata: read
2026-09-15T14:41:05.4011289Z ##[endgroup]
2026-09-15T14:41:05.4013403Z Secret source: Actions
2026-09-15T14:41:05.4014388Z Cache mode: write
2026-09-15T14:41:05.4015224Z Prepare workflow directory
2026-09-15T14:41:05.4402484Z Prepare all required actions
2026-09-15T14:41:05.4450032Z Getting action download info
2026-09-15T14:41:05.7684372Z Download action repository 'actions/checkout@v4' (SHA:11d5960a326750d5838078e36cf38b85af677262)
2026-09-15T14:41:05.8692835Z Download action repository 'actions/setup-node@v4' (SHA:49933ea5288caeca8642d1e84afbd3f7d6820020)
2026-09-15T14:41:06.0808412Z Complete job name: test (4)
2026-09-15T14:41:06.1588360Z Node 20 is being deprecated. This workflow is running with Node 24 by default. If you need to temporarily use Node 20, you can set the ACTIONS_ALLOW_USE_UNSECURE_NODE_VERSION=true environment variable. For more information see: https://github.blog/changelog/2025-09-19-deprecation-of-node-20-on-github-actions-runners/
2026-09-15T14:41:06.1597332Z ##[group]Run actions/checkout@v4
2026-09-15T14:41:06.1598070Z with:
2026-09-15T14:41:06.1598493Z   fetch-depth: 0
2026-09-15T14:41:06.1598974Z   repository: mekhovov/revealline
2026-09-15T14:41:06.1602555Z   token: ***
2026-09-15T14:41:06.1602990Z   ssh-strict: true
2026-09-15T14:41:06.1603435Z   ssh-user: git
2026-09-15T14:41:06.1603887Z   persist-credentials: true
2026-09-15T14:41:06.1604381Z   clean: true
2026-09-15T14:41:06.1604832Z   sparse-checkout-cone-mode: true
2026-09-15T14:41:06.1605361Z   fetch-tags: false
2026-09-15T14:41:06.1605809Z   show-progress: true
2026-09-15T14:41:06.1606492Z   lfs: false
2026-09-15T14:41:06.1606951Z   submodules: false
2026-09-15T14:41:06.1607400Z   set-safe-directory: true
2026-09-15T14:41:06.1607916Z   allow-unsafe-pr-checkout: false
2026-09-15T14:41:06.1608707Z ##[endgroup]
2026-09-15T14:41:06.2627230Z Syncing repository: mekhovov/revealline
2026-09-15T14:41:06.2629755Z ##[group]Getting Git version info
2026-09-15T14:41:06.2631093Z Working directory is '/home/runner/work/revealline/revealline'
2026-09-15T14:41:06.2632788Z [command]/usr/bin/git version
2026-09-15T14:41:06.2724623Z git version 2.55.0
2026-09-15T14:41:06.2746961Z ##[endgroup]
2026-09-15T14:41:06.2762940Z Temporarily overriding HOME='/home/runner/work/_temp/48fa2a42-6043-4d7e-8912-f108e9053a2b' before making global git config changes
2026-09-15T14:41:06.2765687Z Adding repository directory to the temporary git global config as a safe directory
2026-09-15T14:41:06.2769217Z [command]/usr/bin/git config --global --add safe.directory /home/runner/work/revealline/revealline
2026-09-15T14:41:06.2823193Z Deleting the contents of '/home/runner/work/revealline/revealline'
2026-09-15T14:41:06.2831368Z ##[group]Initializing the repository
2026-09-15T14:41:06.2832854Z [command]/usr/bin/git init /home/runner/work/revealline/revealline
2026-09-15T14:41:06.2958428Z hint: Using 'master' as the name for the initial branch. This default branch name
2026-09-15T14:41:06.2963559Z hint: will change to "main" in Git 3.0. To configure the initial branch name
2026-09-15T14:41:06.2965136Z hint: to use in all of your new repositories, which will suppress this warning,
2026-09-15T14:41:06.2966636Z hint: call:
2026-09-15T14:41:06.2967304Z hint:
2026-09-15T14:41:06.2968179Z hint: 	git config --global init.defaultBranch <name>
2026-09-15T14:41:06.2969153Z hint:
2026-09-15T14:41:06.2970064Z hint: Names commonly chosen instead of 'master' are 'main', 'trunk' and
2026-09-15T14:41:06.2971569Z hint: 'development'. The just-created branch can be renamed via this command:
2026-09-15T14:41:06.2972763Z hint:
2026-09-15T14:41:06.2973400Z hint: 	git branch -m <name>
2026-09-15T14:41:06.2974234Z hint:
2026-09-15T14:41:06.2975221Z hint: Disable this message with "git config set advice.defaultBranchName false"
2026-09-15T14:41:06.2977167Z Initialized empty Git repository in /home/runner/work/revealline/revealline/.git/
2026-09-15T14:41:06.2979909Z [command]/usr/bin/git remote add origin https://github.com/mekhovov/revealline
2026-09-15T14:41:06.3029993Z ##[endgroup]
2026-09-15T14:41:06.3035551Z ##[group]Disabling automatic garbage collection
2026-09-15T14:41:06.3036540Z [command]/usr/bin/git config --local gc.auto 0
2026-09-15T14:41:06.3066748Z ##[endgroup]
2026-09-15T14:41:06.3067535Z ##[group]Setting up auth
2026-09-15T14:41:06.3074429Z [command]/usr/bin/git config --local --name-only --get-regexp core\.sshCommand
2026-09-15T14:41:06.3108262Z [command]/usr/bin/git submodule foreach --recursive sh -c "git config --local --name-only --get-regexp 'core\.sshCommand' && git config --local --unset-all 'core.sshCommand' || :"
2026-09-15T14:41:06.3514901Z [command]/usr/bin/git config --local --name-only --get-regexp http\.https\:\/\/github\.com\/\.extraheader
2026-09-15T14:41:06.3560042Z [command]/usr/bin/git submodule foreach --recursive sh -c "git config --local --name-only --get-regexp 'http\.https\:\/\/github\.com\/\.extraheader' && git config --local --unset-all 'http.https://github.com/.extraheader' || :"
2026-09-15T14:41:06.3792673Z [command]/usr/bin/git config --local --name-only --get-regexp ^includeIf\.gitdir:
2026-09-15T14:41:06.3837696Z [command]/usr/bin/git submodule foreach --recursive git config --local --show-origin --name-only --get-regexp remote.origin.url
2026-09-15T14:41:06.4063647Z [command]/usr/bin/git config --local http.https://github.com/.extraheader AUTHORIZATION: basic ***
2026-09-15T14:41:06.4103649Z ##[endgroup]
2026-09-15T14:41:06.4105136Z ##[group]Fetching the repository
2026-09-15T14:41:06.4115317Z [command]/usr/bin/git -c protocol.version=2 fetch --prune --no-recurse-submodules origin +refs/heads/*:refs/remotes/origin/* +refs/tags/*:refs/tags/*
2026-09-15T14:41:18.3229061Z From https://github.com/mekhovov/revealline
2026-09-15T14:41:18.3231026Z  * [new branch]      codex/admit-v052-archive12 -> origin/codex/admit-v052-archive12
2026-09-15T14:41:18.3232755Z  * [new branch]      codex/cross-mode-p00    -> origin/codex/cross-mode-p00
2026-09-15T14:41:18.3234153Z  * [new branch]      codex/cross-mode-p01    -> origin/codex/cross-mode-p01
2026-09-15T14:41:18.3235904Z  * [new branch]      codex/cross-mode-p01-library-feedback -> origin/codex/cross-mode-p01-library-feedback
2026-09-15T14:41:18.3239869Z  * [new branch]      codex/cross-mode-p01-offline-feedback -> origin/codex/cross-mode-p01-offline-feedback
2026-09-15T14:41:18.3244174Z  * [new branch]      codex/cross-mode-p01-pages-v0571 -> origin/codex/cross-mode-p01-pages-v0571
2026-09-15T14:41:18.3247198Z  * [new branch]      codex/fpv-redesign-phase0 -> origin/codex/fpv-redesign-phase0
2026-09-15T14:41:18.3249949Z  * [new branch]      codex/fpv-redesign-phase1 -> origin/codex/fpv-redesign-phase1
2026-09-15T14:41:18.3252153Z  * [new branch]      codex/fpv-redesign-phase1-integration -> origin/codex/fpv-redesign-phase1-integration
2026-09-15T14:41:18.3254741Z  * [new branch]      codex/fpv-redesign-phase2 -> origin/codex/fpv-redesign-phase2
2026-09-15T14:41:18.3257702Z  * [new branch]      codex/fpv-redesign-phase2-integration -> origin/codex/fpv-redesign-phase2-integration
2026-09-15T14:41:18.3260262Z  * [new branch]      codex/fpv-redesign-phase3 -> origin/codex/fpv-redesign-phase3
2026-09-15T14:41:18.3262881Z  * [new branch]      codex/fpv-redesign-phase3-integration -> origin/codex/fpv-redesign-phase3-integration
2026-09-15T14:41:18.3265726Z  * [new branch]      codex/fpv-redesign-phase4 -> origin/codex/fpv-redesign-phase4
2026-09-15T14:41:18.3268928Z  * [new branch]      codex/fpv-redesign-phase4-integration -> origin/codex/fpv-redesign-phase4-integration
2026-09-15T14:41:18.3271721Z  * [new branch]      codex/fpv-redesign-phase5 -> origin/codex/fpv-redesign-phase5
2026-09-15T14:41:18.3274491Z  * [new branch]      codex/fpv-redesign-phase5-integration -> origin/codex/fpv-redesign-phase5-integration
2026-09-15T14:41:18.3278251Z  * [new branch]      codex/fpv-redesign-phase5-qualification -> origin/codex/fpv-redesign-phase5-qualification
2026-09-15T14:41:18.3281112Z  * [new branch]      codex/fpv-redesign-phase6 -> origin/codex/fpv-redesign-phase6
2026-09-15T14:41:18.3283820Z  * [new branch]      codex/fpv-redesign-phase6-integration -> origin/codex/fpv-redesign-phase6-integration
2026-09-15T14:41:18.3287309Z  * [new branch]      codex/fpv-redesign-phase6-qualification -> origin/codex/fpv-redesign-phase6-qualification
2026-09-15T14:41:18.3291649Z  * [new branch]      codex/fpv-redesign-phase7 -> origin/codex/fpv-redesign-phase7
2026-09-15T14:41:18.3295174Z  * [new branch]      codex/fpv-redesign-phase7-integration -> origin/codex/fpv-redesign-phase7-integration
2026-09-15T14:41:18.3299500Z  * [new branch]      codex/frozen-pages-controller -> origin/codex/frozen-pages-controller
2026-09-15T14:41:18.3303057Z  * [new branch]      codex/frozen-pages-field-kit-final -> origin/codex/frozen-pages-field-kit-final
2026-09-15T14:41:18.3306334Z  * [new branch]      codex/hosted-qualified-freezes -> origin/codex/hosted-qualified-freezes
2026-09-15T14:41:18.3308956Z  * [new branch]      codex/p00-pages-v055    -> origin/codex/p00-pages-v055
2026-09-15T14:41:18.3311231Z  * [new branch]      codex/p00-public-acceptance -> origin/codex/p00-public-acceptance
2026-09-15T14:41:18.3313618Z  * [new branch]      codex/p01-pages-v057    -> origin/codex/p01-pages-v057
2026-09-15T14:41:18.3315917Z  * [new branch]      codex/pages-artifact-budget -> origin/codex/pages-artifact-budget
2026-09-15T14:41:18.3318755Z  * [new branch]      codex/promote-qualified-freezes -> origin/codex/promote-qualified-freezes
2026-09-15T14:41:18.3321147Z  * [new branch]      codex/relay-rescue      -> origin/codex/relay-rescue
2026-09-15T14:41:18.3323700Z  * [new branch]      codex/relay-rescue-publication-prep -> origin/codex/relay-rescue-publication-prep
2026-09-15T14:41:18.3327847Z  * [new branch]      codex/release-router-pending-selector -> origin/codex/release-router-pending-selector
2026-09-15T14:41:18.3331722Z  * [new branch]      codex/release-v0.51.1-audio -> origin/codex/release-v0.51.1-audio
2026-09-15T14:41:18.3334123Z  * [new branch]      codex/v053-on-v052      -> origin/codex/v053-on-v052
2026-09-15T14:41:18.3336798Z  * [new branch]      codex/v054-production-ledger -> origin/codex/v054-production-ledger
2026-09-15T14:41:18.3341184Z  * [new branch]      codex/verify-qualified-freeze-artifacts -> origin/codex/verify-qualified-freeze-artifacts
2026-09-15T14:41:18.3345174Z  * [new branch]      delivery/v0.56-public-acceptance -> origin/delivery/v0.56-public-acceptance
2026-09-15T14:41:18.3348029Z  * [new branch]      feat/campaign-production -> origin/feat/campaign-production
2026-09-15T14:41:18.3350304Z  * [new branch]      feat/couch-native-shell -> origin/feat/couch-native-shell
2026-09-15T14:41:18.3352764Z  * [new branch]      feat/countercurrent-v041 -> origin/feat/countercurrent-v041
2026-09-15T14:41:18.3355290Z  * [new branch]      feat/fracture-chapter-adoption -> origin/feat/fracture-chapter-adoption
2026-09-15T14:41:18.3358501Z  * [new branch]      feat/media-studio-milestone -> origin/feat/media-studio-milestone
2026-09-15T14:41:18.3360885Z  * [new branch]      feat/original-art-library -> origin/feat/original-art-library
2026-09-15T14:41:18.3363355Z  * [new branch]      feat/p5-fpv-source-integration -> origin/feat/p5-fpv-source-integration
2026-09-15T14:41:18.3365956Z  * [new branch]      feat/picture-runtime-adoption -> origin/feat/picture-runtime-adoption
2026-09-15T14:41:18.3368897Z  * [new branch]      feat/poster-and-tactical-preview -> origin/feat/poster-and-tactical-preview
2026-09-15T14:41:18.3371847Z  * [new branch]      feat/presentation-ux-integration -> origin/feat/presentation-ux-integration
2026-09-15T14:41:18.3374621Z  * [new branch]      feat/pressure-and-presentation -> origin/feat/pressure-and-presentation
2026-09-15T14:41:18.3377598Z  * [new branch]      feat/production-register -> origin/feat/production-register
2026-09-15T14:41:18.3380094Z  * [new branch]      feat/story-runtime-adoption -> origin/feat/story-runtime-adoption
2026-09-15T14:41:18.3382580Z  * [new branch]      feat/world-browser-polish -> origin/feat/world-browser-polish
2026-09-15T14:41:18.3385356Z  * [new branch]      feature/compact-pause-and-guidance -> origin/feature/compact-pause-and-guidance
2026-09-15T14:41:18.3388748Z  * [new branch]      feature/line-impact-and-catalog -> origin/feature/line-impact-and-catalog
2026-09-15T14:41:18.3391863Z  * [new branch]      feature/native-controls-and-arcade-flow -> origin/feature/native-controls-and-arcade-flow
2026-09-15T14:41:18.3394950Z  * [new branch]      feature/native-game-edition -> origin/feature/native-game-edition
2026-09-15T14:41:18.3398080Z  * [new branch]      feature/player-library-and-couch-polish -> origin/feature/player-library-and-couch-polish
2026-09-15T14:41:18.3401325Z  * [new branch]      fix/ci-release-shard-source -> origin/fix/ci-release-shard-source
2026-09-15T14:41:18.3403690Z  * [new branch]      fix/immutable-pages-entry -> origin/fix/immutable-pages-entry
2026-09-15T14:41:18.3406667Z  * [new branch]      fix/v052-preserve-tested-integration -> origin/fix/v052-preserve-tested-integration
2026-09-15T14:41:18.3409015Z  * [new branch]      main                    -> origin/main
2026-09-15T14:41:18.3412398Z  * [new branch]      publication/archive12-v056-admission-root -> origin/publication/archive12-v056-admission-root
2026-09-15T14:41:18.3415280Z  * [new branch]      release/v0.32.0         -> origin/release/v0.32.0
2026-09-15T14:41:18.3417652Z  * [new branch]      release/v0.56-publication -> origin/release/v0.56-publication
2026-09-15T14:41:18.3419821Z  * [new tag]         v0.0.9-motion-lab       -> v0.0.9-motion-lab
2026-09-15T14:41:18.3421615Z  * [new tag]         v0.1.0                  -> v0.1.0
2026-09-15T14:41:18.3423243Z  * [new tag]         v0.1.1                  -> v0.1.1
2026-09-15T14:41:18.3424877Z  * [new tag]         v0.1.2                  -> v0.1.2
2026-09-15T14:41:18.3426408Z  * [new tag]         v0.10.0                 -> v0.10.0
2026-09-15T14:41:18.3428109Z  * [new tag]         v0.11.0                 -> v0.11.0
2026-09-15T14:41:18.3430264Z  * [new tag]         v0.12.0                 -> v0.12.0
2026-09-15T14:41:18.3432113Z  * [new tag]         v0.13.0                 -> v0.13.0
2026-09-15T14:41:18.3433546Z  * [new tag]         v0.14.0                 -> v0.14.0
2026-09-15T14:41:18.3435103Z  * [new tag]         v0.15.0                 -> v0.15.0
2026-09-15T14:41:18.3436626Z  * [new tag]         v0.16.0                 -> v0.16.0
2026-09-15T14:41:18.3438003Z  * [new tag]         v0.17.0                 -> v0.17.0
2026-09-15T14:41:18.3439377Z  * [new tag]         v0.17.1                 -> v0.17.1
2026-09-15T14:41:18.3440751Z  * [new tag]         v0.18.0                 -> v0.18.0
2026-09-15T14:41:18.3442130Z  * [new tag]         v0.19.0                 -> v0.19.0
2026-09-15T14:41:18.3443513Z  * [new tag]         v0.2.0                  -> v0.2.0
2026-09-15T14:41:18.3444891Z  * [new tag]         v0.2.1                  -> v0.2.1
2026-09-15T14:41:18.3446849Z  * [new tag]         v0.20.0                 -> v0.20.0
2026-09-15T14:41:18.3448263Z  * [new tag]         v0.21.0                 -> v0.21.0
2026-09-15T14:41:18.3449633Z  * [new tag]         v0.22.0                 -> v0.22.0
2026-09-15T14:41:18.3450995Z  * [new tag]         v0.23.0                 -> v0.23.0
2026-09-15T14:41:18.3452348Z  * [new tag]         v0.24.0                 -> v0.24.0
2026-09-15T14:41:18.3453696Z  * [new tag]         v0.25.0                 -> v0.25.0
2026-09-15T14:41:18.3455048Z  * [new tag]         v0.26.0                 -> v0.26.0
2026-09-15T14:41:18.3456639Z  * [new tag]         v0.27.0                 -> v0.27.0
2026-09-15T14:41:18.3458142Z  * [new tag]         v0.28.0                 -> v0.28.0
2026-09-15T14:41:18.3459491Z  * [new tag]         v0.29.0                 -> v0.29.0
2026-09-15T14:41:18.3460844Z  * [new tag]         v0.29.1                 -> v0.29.1
2026-09-15T14:41:18.3462585Z  * [new tag]         v0.29.2                 -> v0.29.2
2026-09-15T14:41:18.3464185Z  * [new tag]         v0.3.0                  -> v0.3.0
2026-09-15T14:41:18.3465886Z  * [new tag]         v0.30.0                 -> v0.30.0
2026-09-15T14:41:18.3467594Z  * [new tag]         v0.31.0                 -> v0.31.0
2026-09-15T14:41:18.3469147Z  * [new tag]         v0.32.0                 -> v0.32.0
2026-09-15T14:41:18.3470824Z  * [new tag]         v0.33.0                 -> v0.33.0
2026-09-15T14:41:18.3472356Z  * [new tag]         v0.34.0                 -> v0.34.0
2026-09-15T14:41:18.3473904Z  * [new tag]         v0.35.0                 -> v0.35.0
2026-09-15T14:41:18.3475566Z  * [new tag]         v0.36.0                 -> v0.36.0
2026-09-15T14:41:18.3477287Z  * [new tag]         v0.37.0                 -> v0.37.0
2026-09-15T14:41:18.3478791Z  * [new tag]         v0.38.0                 -> v0.38.0
2026-09-15T14:41:18.3480592Z  * [new tag]         v0.39.0                 -> v0.39.0
2026-09-15T14:41:18.3482154Z  * [new tag]         v0.4.0                  -> v0.4.0
2026-09-15T14:41:18.3483679Z  * [new tag]         v0.4.1                  -> v0.4.1
2026-09-15T14:41:18.3485284Z  * [new tag]         v0.40.0                 -> v0.40.0
2026-09-15T14:41:18.3487114Z  * [new tag]         v0.41.0                 -> v0.41.0
2026-09-15T14:41:18.3488647Z  * [new tag]         v0.42.0                 -> v0.42.0
2026-09-15T14:41:18.3490293Z  * [new tag]         v0.44.0                 -> v0.44.0
2026-09-15T14:41:18.3491805Z  * [new tag]         v0.45.0                 -> v0.45.0
2026-09-15T14:41:18.3493322Z  * [new tag]         v0.46.0                 -> v0.46.0
2026-09-15T14:41:18.3494904Z  * [new tag]         v0.47.0                 -> v0.47.0
2026-09-15T14:41:18.3496680Z  * [new tag]         v0.48.0                 -> v0.48.0
2026-09-15T14:41:18.3498211Z  * [new tag]         v0.49.0                 -> v0.49.0
2026-09-15T14:41:18.3499749Z  * [new tag]         v0.5.0                  -> v0.5.0
2026-09-15T14:41:18.3501416Z  * [new tag]         v0.50.0                 -> v0.50.0
2026-09-15T14:41:18.3502951Z  * [new tag]         v0.51.0                 -> v0.51.0
2026-09-15T14:41:18.3504474Z  * [new tag]         v0.52.0                 -> v0.52.0
2026-09-15T14:41:18.3506255Z  * [new tag]         v0.53.0                 -> v0.53.0
2026-09-15T14:41:18.3507841Z  * [new tag]         v0.54.0                 -> v0.54.0
2026-09-15T14:41:18.3509382Z  * [new tag]         v0.55.0                 -> v0.55.0
2026-09-15T14:41:18.3511046Z  * [new tag]         v0.56.0                 -> v0.56.0
2026-09-15T14:41:18.3512577Z  * [new tag]         v0.57.0                 -> v0.57.0
2026-09-15T14:41:18.3514200Z  * [new tag]         v0.57.1                 -> v0.57.1
2026-09-15T14:41:18.3515864Z  * [new tag]         v0.6.0                  -> v0.6.0
2026-09-15T14:41:18.3517670Z  * [new tag]         v0.7.0                  -> v0.7.0
2026-09-15T14:41:18.3519195Z  * [new tag]         v0.8.0                  -> v0.8.0
2026-09-15T14:41:18.3520833Z  * [new tag]         v0.9.0                  -> v0.9.0
2026-09-15T14:41:18.3524909Z [command]/usr/bin/git branch --list --remote origin/codex/cross-mode-p01-library-feedback
2026-09-15T14:41:18.3527191Z   origin/codex/cross-mode-p01-library-feedback
2026-09-15T14:41:18.3530464Z [command]/usr/bin/git rev-parse refs/remotes/origin/codex/cross-mode-p01-library-feedback
2026-09-15T14:41:18.3532527Z 69195ddd1d21a7bc3f863cf7589069a735301a03
2026-09-15T14:41:18.3535352Z ##[endgroup]
2026-09-15T14:41:18.3536917Z ##[group]Determining the checkout info
2026-09-15T14:41:18.3538660Z ##[endgroup]
2026-09-15T14:41:18.3539779Z [command]/usr/bin/git sparse-checkout disable
2026-09-15T14:41:18.3542618Z [command]/usr/bin/git config --local --unset-all extensions.worktreeConfig
2026-09-15T14:41:18.3545871Z ##[group]Checking out the ref
2026-09-15T14:41:18.3548638Z [command]/usr/bin/git checkout --progress --force -B codex/cross-mode-p01-library-feedback refs/remotes/origin/codex/cross-mode-p01-library-feedback
2026-09-15T14:41:19.3709171Z Updating files:  19% (1173/5968)
2026-09-15T14:41:19.3803742Z Updating files:  20% (1194/5968)
2026-09-15T14:41:19.3867345Z Updating files:  21% (1254/5968)
2026-09-15T14:41:19.3923473Z Updating files:  22% (1313/5968)
2026-09-15T14:41:19.3980880Z Updating files:  23% (1373/5968)
2026-09-15T14:41:19.4062410Z Updating files:  24% (1433/5968)
2026-09-15T14:41:19.4124303Z Updating files:  25% (1492/5968)
2026-09-15T14:41:19.4198241Z Updating files:  26% (1552/5968)
2026-09-15T14:41:19.4248409Z Updating files:  27% (1612/5968)
2026-09-15T14:41:19.4286793Z Updating files:  28% (1672/5968)
2026-09-15T14:41:19.4366076Z Updating files:  29% (1731/5968)
2026-09-15T14:41:19.4442706Z Updating files:  30% (1791/5968)
2026-09-15T14:41:19.4518078Z Updating files:  31% (1851/5968)
2026-09-15T14:41:19.4600467Z Updating files:  32% (1910/5968)
2026-09-15T14:41:19.4700052Z Updating files:  33% (1970/5968)
2026-09-15T14:41:19.4753414Z Updating files:  34% (2030/5968)
2026-09-15T14:41:19.4900732Z Updating files:  35% (2089/5968)
2026-09-15T14:41:19.5160076Z Updating files:  36% (2149/5968)
2026-09-15T14:41:19.5267084Z Updating files:  37% (2209/5968)
2026-09-15T14:41:19.5397371Z Updating files:  38% (2268/5968)
2026-09-15T14:41:19.5507662Z Updating files:  39% (2328/5968)
2026-09-15T14:41:19.5594896Z Updating files:  40% (2388/5968)
2026-09-15T14:41:19.5797275Z Updating files:  41% (2447/5968)
2026-09-15T14:41:19.6036050Z Updating files:  42% (2507/5968)
2026-09-15T14:41:19.6190714Z Updating files:  43% (2567/5968)
2026-09-15T14:41:19.6320743Z Updating files:  44% (2626/5968)
2026-09-15T14:41:19.6420399Z Updating files:  45% (2686/5968)
2026-09-15T14:41:19.6500086Z Updating files:  46% (2746/5968)
2026-09-15T14:41:19.6687597Z Updating files:  47% (2805/5968)
2026-09-15T14:41:19.6714005Z Updating files:  48% (2865/5968)
2026-09-15T14:41:19.7027505Z Updating files:  49% (2925/5968)
2026-09-15T14:41:19.7072448Z Updating files:  50% (2984/5968)
2026-09-15T14:41:19.7127877Z Updating files:  51% (3044/5968)
2026-09-15T14:41:19.7655837Z Updating files:  52% (3104/5968)
2026-09-15T14:41:19.9377383Z Updating files:  53% (3164/5968)
2026-09-15T14:41:19.9433057Z Updating files:  54% (3223/5968)
2026-09-15T14:41:19.9511021Z Updating files:  55% (3283/5968)
2026-09-15T14:41:19.9574430Z Updating files:  56% (3343/5968)
2026-09-15T14:41:19.9699387Z Updating files:  57% (3402/5968)
2026-09-15T14:41:19.9753143Z Updating files:  58% (3462/5968)
2026-09-15T14:41:19.9810944Z Updating files:  59% (3522/5968)
2026-09-15T14:41:19.9872266Z Updating files:  60% (3581/5968)
2026-09-15T14:41:19.9926875Z Updating files:  61% (3641/5968)
2026-09-15T14:41:19.9976675Z Updating files:  62% (3701/5968)
2026-09-15T14:41:20.0028925Z Updating files:  63% (3760/5968)
2026-09-15T14:41:20.0091277Z Updating files:  64% (3820/5968)
2026-09-15T14:41:20.0138280Z Updating files:  65% (3880/5968)
2026-09-15T14:41:20.0239931Z Updating files:  66% (3939/5968)
2026-09-15T14:41:20.0428684Z Updating files:  67% (3999/5968)
2026-09-15T14:41:20.0597414Z Updating files:  68% (4059/5968)
2026-09-15T14:41:20.0703266Z Updating files:  69% (4118/5968)
2026-09-15T14:41:20.0831469Z Updating files:  70% (4178/5968)
2026-09-15T14:41:20.0924082Z Updating files:  71% (4238/5968)
2026-09-15T14:41:20.0968428Z Updating files:  72% (4297/5968)
2026-09-15T14:41:20.1051869Z Updating files:  73% (4357/5968)
2026-09-15T14:41:20.1114290Z Updating files:  74% (4417/5968)
2026-09-15T14:41:20.1170091Z Updating files:  75% (4476/5968)
2026-09-15T14:41:20.1217778Z Updating files:  76% (4536/5968)
2026-09-15T14:41:20.1256912Z Updating files:  77% (4596/5968)
2026-09-15T14:41:20.1337823Z Updating files:  78% (4656/5968)
2026-09-15T14:41:20.1417247Z Updating files:  79% (4715/5968)
2026-09-15T14:41:20.1486400Z Updating files:  80% (4775/5968)
2026-09-15T14:41:20.1657755Z Updating files:  81% (4835/5968)
2026-09-15T14:41:20.1725854Z Updating files:  82% (4894/5968)
2026-09-15T14:41:20.1798475Z Updating files:  83% (4954/5968)
2026-09-15T14:41:20.1932160Z Updating files:  84% (5014/5968)
2026-09-15T14:41:20.1993598Z Updating files:  85% (5073/5968)
2026-09-15T14:41:20.2019984Z Updating files:  86% (5133/5968)
2026-09-15T14:41:20.2044714Z Updating files:  87% (5193/5968)
2026-09-15T14:41:20.2087693Z Updating files:  88% (5252/5968)
2026-09-15T14:41:20.2187674Z Updating files:  89% (5312/5968)
2026-09-15T14:41:20.2261977Z Updating files:  90% (5372/5968)
2026-09-15T14:41:20.2363953Z Updating files:  91% (5431/5968)
2026-09-15T14:41:20.2516104Z Updating files:  92% (5491/5968)
2026-09-15T14:41:20.2597655Z Updating files:  93% (5551/5968)
2026-09-15T14:41:20.2676418Z Updating files:  94% (5610/5968)
2026-09-15T14:41:20.2720226Z Updating files:  95% (5670/5968)
2026-09-15T14:41:20.2750956Z Updating files:  96% (5730/5968)
2026-09-15T14:41:20.2788367Z Updating files:  97% (5789/5968)
2026-09-15T14:41:20.2830851Z Updating files:  98% (5849/5968)
2026-09-15T14:41:20.2877794Z Updating files:  99% (5909/5968)
2026-09-15T14:41:20.2879027Z Updating files: 100% (5968/5968)
2026-09-15T14:41:20.2879454Z Updating files: 100% (5968/5968), done.
2026-09-15T14:41:20.3809478Z Switched to a new branch 'codex/cross-mode-p01-library-feedback'
2026-09-15T14:41:20.3815916Z branch 'codex/cross-mode-p01-library-feedback' set up to track 'origin/codex/cross-mode-p01-library-feedback'.
2026-09-15T14:41:20.3925895Z ##[endgroup]
2026-09-15T14:41:20.3974223Z [command]/usr/bin/git log -1 --format=%H
2026-09-15T14:41:20.4001029Z 69195ddd1d21a7bc3f863cf7589069a735301a03
2026-09-15T14:41:20.4247929Z Node 20 is being deprecated. This workflow is running with Node 24 by default. If you need to temporarily use Node 20, you can set the ACTIONS_ALLOW_USE_UNSECURE_NODE_VERSION=true environment variable. For more information see: https://github.blog/changelog/2025-09-19-deprecation-of-node-20-on-github-actions-runners/
2026-09-15T14:41:20.4249871Z ##[group]Run actions/setup-node@v4
2026-09-15T14:41:20.4250141Z with:
2026-09-15T14:41:20.4250346Z   node-version: 20.19.x
2026-09-15T14:41:20.4250579Z   cache: npm
2026-09-15T14:41:20.4250773Z   always-auth: false
2026-09-15T14:41:20.4250989Z   check-latest: false
2026-09-15T14:41:20.4253195Z   token: ***
2026-09-15T14:41:20.4253396Z ##[endgroup]
2026-09-15T14:41:20.5653573Z Attempting to download 20.19.x...
2026-09-15T14:41:20.5762970Z (node:2329) [DEP0040] DeprecationWarning: The `punycode` module is deprecated. Please use a userland alternative instead.
2026-09-15T14:41:20.5764346Z (Use `node --trace-deprecation ...` to show where the warning was created)
2026-09-15T14:41:21.5509765Z Acquiring 20.19.6 - x64 from https://github.com/actions/node-versions/releases/download/20.19.6-19690675733/node-20.19.6-linux-x64.tar.gz
2026-09-15T14:41:22.1985272Z Extracting ...
2026-09-15T14:41:22.2114906Z [command]/usr/bin/tar xz --strip 1 --warning=no-unknown-keyword --overwrite -C /home/runner/work/_temp/c0fa34aa-f30f-46d3-b770-42931aee6f91 -f /home/runner/work/_temp/fbc7f40c-d7b7-4c78-9a39-4261f5bd4cc0
2026-09-15T14:41:23.2129485Z Adding to the cache ...
2026-09-15T14:41:24.9822733Z ##[group]Environment details
2026-09-15T14:41:25.1982965Z node: v20.19.6
2026-09-15T14:41:25.1983613Z npm: 10.8.2
2026-09-15T14:41:25.1984077Z yarn: 1.22.22
2026-09-15T14:41:25.1984758Z ##[endgroup]
2026-09-15T14:41:25.2013468Z [command]/opt/hostedtoolcache/node/20.19.6/x64/bin/npm config get cache
2026-09-15T14:41:25.3035336Z /home/runner/.npm
2026-09-15T14:41:25.5207431Z Cache hit for: node-cache-Linux-x64-npm-1862b28f2e68083ac7ee8c6c9a4cd16ff6aaab0b76bf75940aedf75c9c15fc1c
2026-09-15T14:41:25.5320936Z (node:2329) [DEP0169] DeprecationWarning: `url.parse()` behavior is not standardized and prone to errors that have security implications. Use the WHATWG URL API instead. CVEs are not issued for `url.parse()` vulnerabilities.
2026-09-15T14:41:26.6820187Z Received 24195519 of 24195519 (100.0%), 24.9 MBs/sec
2026-09-15T14:41:26.6820919Z Cache Size: ~23 MB (24195519 B)
2026-09-15T14:41:26.6851602Z [command]/usr/bin/tar -xf /home/runner/work/_temp/87e69101-2b00-4f30-8667-0fe0ba901e31/cache.tzst -P -C /home/runner/work/revealline/revealline --use-compress-program unzstd
2026-09-15T14:41:26.7389171Z Cache restored successfully
2026-09-15T14:41:26.7410458Z Cache restored from key: node-cache-Linux-x64-npm-1862b28f2e68083ac7ee8c6c9a4cd16ff6aaab0b76bf75940aedf75c9c15fc1c
2026-09-15T14:41:26.7605838Z ##[group]Run test "$(git rev-parse HEAD)" = "$GITHUB_SHA"
2026-09-15T14:41:26.7606661Z [36;1mtest "$(git rev-parse HEAD)" = "$GITHUB_SHA"[0m
2026-09-15T14:41:26.7607011Z [36;1mgit rev-parse HEAD 'HEAD^{tree}'[0m
2026-09-15T14:41:26.7607305Z [36;1mnode --version[0m
2026-09-15T14:41:26.7607765Z [36;1msha256sum package.json package-lock.json scripts/game-cli.mjs scripts/run-test-shard.mjs[0m
2026-09-15T14:41:26.7650243Z shell: /usr/bin/bash -e {0}
2026-09-15T14:41:26.7650517Z ##[endgroup]
2026-09-15T14:41:26.7767990Z 69195ddd1d21a7bc3f863cf7589069a735301a03
2026-09-15T14:41:26.7768731Z 6dea75eef274c3625d7a7e9c251b20d587a42191
2026-09-15T14:41:26.7793077Z v20.19.6
2026-09-15T14:41:26.7818390Z aea77f8a799ed1090a3a0e73288b91258696dc092868e0ad39d12c3b71674329  package.json
2026-09-15T14:41:26.7819732Z 5e68fe93f4c6d6bc6ef23d95b21f9fab96b6ce0f219709ebce4112adf1f86190  package-lock.json
2026-09-15T14:41:26.7821148Z 74353c39c14fdfe3c784c2657944024e3d2b7057d3fb92e562470e55e4306629  scripts/game-cli.mjs
2026-09-15T14:41:26.7821947Z dec7c80967cb23c6873968ef28f4c948203539e482c27787713e5f4c1ffc6730  scripts/run-test-shard.mjs
2026-09-15T14:41:26.7855257Z ##[group]Run npm ci
2026-09-15T14:41:26.7855511Z [36;1mnpm ci[0m
2026-09-15T14:41:26.7890315Z shell: /usr/bin/bash -e {0}
2026-09-15T14:41:26.7890595Z ##[endgroup]
2026-09-15T14:41:29.1467657Z 
2026-09-15T14:41:29.1468691Z added 81 packages, and audited 82 packages in 2s
2026-09-15T14:41:29.1469235Z 
2026-09-15T14:41:29.1469606Z 18 packages are looking for funding
2026-09-15T14:41:29.1470239Z   run `npm fund` for details
2026-09-15T14:41:29.1478944Z 
2026-09-15T14:41:29.1479436Z found 0 vulnerabilities
2026-09-15T14:41:29.1693292Z ##[group]Run node scripts/run-test-shard.mjs --shard 4/4 --list
2026-09-15T14:41:29.1693797Z [36;1mnode scripts/run-test-shard.mjs --shard 4/4 --list[0m
2026-09-15T14:41:29.1732301Z shell: /usr/bin/bash -e {0}
2026-09-15T14:41:29.1732566Z ##[endgroup]
2026-09-15T14:41:29.2227971Z Running 94/376 test files in shard 4/4.
2026-09-15T14:41:29.2231942Z authoring/motion-lab/test-grid-motion.mjs
2026-09-15T14:41:29.2232630Z game/test/appearance-milestones.test.mjs
2026-09-15T14:41:29.2233283Z game/test/asset-studio-fixture.test.mjs
2026-09-15T14:41:29.2234061Z game/test/asset-studio-offline-fixtures.test.mjs
2026-09-15T14:41:29.2234788Z game/test/attempt-export-panel.test.mjs
2026-09-15T14:41:29.2235401Z game/test/backup-set-host.test.mjs
2026-09-15T14:41:29.2236364Z game/test/body-derivatives.test.mjs
2026-09-15T14:41:29.2236967Z game/test/campaign-contexts.test.mjs
2026-09-15T14:41:29.2237586Z game/test/campaign-playthrough.test.mjs
2026-09-15T14:41:29.2238326Z game/test/chapter-reward-integration.test.mjs
2026-09-15T14:41:29.2239000Z game/test/classic-domain-recovery.test.mjs
2026-09-15T14:41:29.2239625Z game/test/classic-progression.test.mjs
2026-09-15T14:41:29.2240616Z game/test/compact-arena-layout.test.mjs
2026-09-15T14:41:29.2241162Z game/test/content.test.mjs
2026-09-15T14:41:29.2241533Z game/test/control-geometry.test.mjs
2026-09-15T14:41:29.2241903Z game/test/controller-boost-settings.test.mjs
2026-09-15T14:41:29.2242310Z game/test/controller-preference-library.test.mjs
2026-09-15T14:41:29.2242695Z game/test/controller-router.test.mjs
2026-09-15T14:41:29.2243045Z game/test/coop-cooperation.test.mjs
2026-09-15T14:41:29.2243412Z game/test/coop-input-policy.test.mjs
2026-09-15T14:41:29.2243754Z game/test/coop-wall-sliding.test.mjs
2026-09-15T14:41:29.2244095Z game/test/core-roster-viability.test.mjs
2026-09-15T14:41:29.2244429Z game/test/couch-input.test.mjs
2026-09-15T14:41:29.2244733Z game/test/couch-shell.test.mjs
2026-09-15T14:41:29.2245126Z game/test/creator-tools-scope-host.test.mjs
2026-09-15T14:41:29.2245486Z game/test/device-controls-host.test.mjs
2026-09-15T14:41:29.2245822Z game/test/direct-tool-launch.test.mjs
2026-09-15T14:41:29.2246427Z game/test/encounter-compatibility.test.mjs
2026-09-15T14:41:29.2246777Z game/test/encounter-view.test.mjs
2026-09-15T14:41:29.2247086Z game/test/enemy-catalog.test.mjs
2026-09-15T14:41:29.2247417Z game/test/enemy-presentations.test.mjs
2026-09-15T14:41:29.2247765Z game/test/equipment-workshop.test.mjs
2026-09-15T14:41:29.2248110Z game/test/external-chapter-backup.test.mjs
2026-09-15T14:41:29.2248470Z game/test/external-chapter-install.test.mjs
2026-09-15T14:41:29.2248852Z game/test/external-recovery-catalog.test.mjs
2026-09-15T14:41:29.2249213Z game/test/field-kit-pixel-art.test.mjs
2026-09-15T14:41:29.2249544Z game/test/field-kit-title-v2.test.mjs
2026-09-15T14:41:29.2249882Z game/test/first-flight-routes.test.mjs
2026-09-15T14:41:29.2250213Z game/test/flight-media-pins.test.mjs
2026-09-15T14:41:29.2250552Z game/test/four-worlds-chapters.test.mjs
2026-09-15T14:41:29.2250902Z game/test/fpv-r5-playthrough.test.mjs
2026-09-15T14:41:29.2251239Z game/test/fracture-chapter-host.test.mjs
2026-09-15T14:41:29.2251557Z game/test/fullscreen.test.mjs
2026-09-15T14:41:29.2251862Z game/test/gentle-routes.test.mjs
2026-09-15T14:41:29.2252141Z game/test/imports.test.mjs
2026-09-15T14:41:29.2252424Z game/test/line-impact.test.mjs
2026-09-15T14:41:29.2252726Z game/test/mastery-catalog.test.mjs
2026-09-15T14:41:29.2253054Z game/test/mastery-pack-view.test.mjs
2026-09-15T14:41:29.2253366Z game/test/mastery-view.test.mjs
2026-09-15T14:41:29.2253664Z game/test/media-library.test.mjs
2026-09-15T14:41:29.2253970Z game/test/mission-brief.test.mjs
2026-09-15T14:41:29.2254277Z game/test/modal-navigation.test.mjs
2026-09-15T14:41:29.2254633Z game/test/nonmodal-header-navigation.test.mjs
2026-09-15T14:41:29.2255040Z game/test/optional-chapter-descriptions.test.mjs
2026-09-15T14:41:29.2255396Z game/test/pack-mastery.test.mjs
2026-09-15T14:41:29.2256302Z game/test/picture-backup-transfer.test.mjs
2026-09-15T14:41:29.2256968Z game/test/playground-import-host.test.mjs
2026-09-15T14:41:29.2257363Z game/test/practice-media-v3-host.test.mjs
2026-09-15T14:41:29.2257790Z game/test/presentation-component-specimens.test.mjs
2026-09-15T14:41:29.2258198Z game/test/presentation-metadata.test.mjs
2026-09-15T14:41:29.2258555Z game/test/presentation-pins.test.mjs
2026-09-15T14:41:29.2258895Z game/test/presentation-studio.test.mjs
2026-09-15T14:41:29.2259250Z game/test/profile-channel-reader.test.mjs
2026-09-15T14:41:29.2259619Z game/test/profile-recovery-dialog.test.mjs
2026-09-15T14:41:29.2259969Z game/test/profile-shared-media.test.mjs
2026-09-15T14:41:29.2260279Z game/test/progress.test.mjs
2026-09-15T14:41:29.2260592Z game/test/renderer-readability.test.mjs
2026-09-15T14:41:29.2260889Z game/test/replay.test.mjs
2026-09-15T14:41:29.2261148Z game/test/rewards.test.mjs
2026-09-15T14:41:29.2261442Z game/test/scenario-mastery.test.mjs
2026-09-15T14:41:29.2261803Z game/test/sentinel-circuit-external.test.mjs
2026-09-15T14:41:29.2262195Z game/test/sentinel-theme-distribution.test.mjs
2026-09-15T14:41:29.2262556Z game/test/sessions-mastery.test.mjs
2026-09-15T14:41:29.2263086Z game/test/soundtrack-gain-leases.test.mjs
2026-09-15T14:41:29.2263430Z game/test/soundtrack-store.test.mjs
2026-09-15T14:41:29.2263759Z game/test/still-media-bundle-ui.test.mjs
2026-09-15T14:41:29.2264109Z game/test/still-media-panel.test.mjs
2026-09-15T14:41:29.2264442Z game/test/still-workshop-build.test.mjs
2026-09-15T14:41:29.2264785Z game/test/story-binding-model.test.mjs
2026-09-15T14:41:29.2265112Z game/test/story-flight-host.test.mjs
2026-09-15T14:41:29.2285023Z game/test/tactical-teaching.test.mjs
2026-09-15T14:41:29.2285707Z game/test/text-size-host.test.mjs
2026-09-15T14:41:29.2286538Z game/test/touch-steering.test.mjs
2026-09-15T14:41:29.2287174Z game/test/ukraine-role-presentation.test.mjs
2026-09-15T14:41:29.2287568Z game/test/video-poster.test.mjs
2026-09-15T14:41:29.2287949Z game/test/workshop-art-integration.test.mjs
2026-09-15T14:41:29.2288343Z platforms/desktop/test/policy.test.mjs
2026-09-15T14:41:29.2288700Z platforms/ios/test/diagnostics.test.mjs
2026-09-15T14:41:29.2289070Z scripts/test-check-backup-set.mjs
2026-09-15T14:41:29.2289375Z scripts/test-game-cli.mjs
2026-09-15T14:41:29.2289676Z scripts/test-pages-archive.mjs
2026-09-15T14:41:29.2290033Z scripts/test-production-metadata-history.mjs
2026-09-15T14:41:29.2290438Z scripts/test-production-source-history.mjs
2026-09-15T14:41:29.2290798Z scripts/test-source-identity.mjs
2026-09-15T14:41:29.2320545Z ##[group]Run mkdir -p .cache
2026-09-15T14:41:29.2320870Z [36;1mmkdir -p .cache[0m
2026-09-15T14:41:29.2321174Z [36;1mnode scripts/run-test-shard.mjs --shard 4/4[0m
2026-09-15T14:41:29.2358446Z shell: /usr/bin/bash -e {0}
2026-09-15T14:41:29.2358718Z ##[endgroup]
2026-09-15T14:41:29.2867209Z Running 94/376 test files in shard 4/4.
2026-09-15T14:41:29.3347853Z TAP version 13
2026-09-15T14:41:29.4693320Z # Subtest: policy configuration defaults to compatible immediate movement and validates unknown values
2026-09-15T14:41:29.4767440Z ok 1 - policy configuration defaults to compatible immediate movement and validates unknown values
2026-09-15T14:41:29.4856877Z   ---
2026-09-15T14:41:29.4886857Z   duration_ms: 6.231076
2026-09-15T14:41:29.4887456Z   ...
2026-09-15T14:41:29.4888633Z # Subtest: explicit grid reset starts at a true cell center without mutating authored route
2026-09-15T14:41:29.4938308Z ok 2 - explicit grid reset starts at a true cell center without mutating authored route
2026-09-15T14:41:29.4939853Z   ---
2026-09-15T14:41:29.4940471Z   duration_ms: 1.038703
2026-09-15T14:41:29.4941089Z   ...
2026-09-15T14:41:29.4942278Z # Subtest: perpendicular turns consume at the next center with unchanged speed and leftover distance
2026-09-15T14:41:29.4944018Z ok 3 - perpendicular turns consume at the next center with unchanged speed and leftover distance
2026-09-15T14:41:29.4945126Z   ---
2026-09-15T14:41:29.4945675Z   duration_ms: 0.436942
2026-09-15T14:41:29.4946632Z   ...
2026-09-15T14:41:29.4947611Z # Subtest: opposite command waits for the center and reverses at the same speed
2026-09-15T14:41:29.4948921Z ok 4 - opposite command waits for the center and reverses at the same speed
2026-09-15T14:41:29.4949740Z   ---
2026-09-15T14:41:29.4950229Z   duration_ms: 2.046518
2026-09-15T14:41:29.4950700Z   ...
2026-09-15T14:41:29.4951709Z # Subtest: one buffer uses the latest held command, including cancellation by the current direction
2026-09-15T14:41:29.4953424Z ok 5 - one buffer uses the latest held command, including cancellation by the current direction
2026-09-15T14:41:29.4954484Z   ---
2026-09-15T14:41:29.4955038Z   duration_ms: 0.567466
2026-09-15T14:41:29.4955627Z   ...
2026-09-15T14:41:29.4957003Z # Subtest: release stops immediately, clears queued turn and does not retain a tap for restart
2026-09-15T14:41:29.4958601Z ok 6 - release stops immediately, clears queued turn and does not retain a tap for restart
2026-09-15T14:41:29.4959626Z   ---
2026-09-15T14:41:29.4960246Z   duration_ms: 0.342708
2026-09-15T14:41:29.4960822Z   ...
2026-09-15T14:41:29.4961849Z # Subtest: pause clears queued intent without moving or changing the frozen cosmetic pose
2026-09-15T14:41:29.4963783Z ok 7 - pause clears queued intent without moving or changing the frozen cosmetic pose
2026-09-15T14:41:29.4964796Z   ---
2026-09-15T14:41:29.4965339Z   duration_ms: 0.343971
2026-09-15T14:41:29.4965910Z   ...
2026-09-15T14:41:29.4967356Z # Subtest: large and boosted frame intervals cannot skip a turn center or lose remaining distance
2026-09-15T14:41:29.4968984Z ok 8 - large and boosted frame intervals cannot skip a turn center or lose remaining distance
2026-09-15T14:41:29.4970002Z   ---
2026-09-15T14:41:29.4970532Z   duration_ms: 0.491324
2026-09-15T14:41:29.4971103Z   ...
2026-09-15T14:41:29.4971969Z # Subtest: grid travel and turns are invariant at 10,20,30,60,120fps
2026-09-15T14:41:29.4973169Z ok 9 - grid travel and turns are invariant at 10,20,30,60,120fps
2026-09-15T14:41:29.4974031Z   ---
2026-09-15T14:41:29.4974591Z   duration_ms: 7.950355
2026-09-15T14:41:29.4975170Z   ...
2026-09-15T14:41:29.4976610Z # Subtest: grid autoplay uses center-aligned route with empty manual buffer at every frame rate
2026-09-15T14:41:29.4978159Z ok 10 - grid autoplay uses center-aligned route with empty manual buffer at every frame rate
2026-09-15T14:41:29.4979098Z   ---
2026-09-15T14:41:29.4979558Z   duration_ms: 56.630293
2026-09-15T14:41:29.4980059Z   ...
2026-09-15T14:41:29.4981316Z # Subtest: all four edges are reachable centers and support held turns and reversals
2026-09-15T14:41:29.4982655Z ok 11 - all four edges are reachable centers and support held turns and reversals
2026-09-15T14:41:29.4983563Z   ---
2026-09-15T14:41:29.4984013Z   duration_ms: 0.687479
2026-09-15T14:41:29.4984497Z   ...
2026-09-15T14:41:29.4985363Z # Subtest: body scale, turn response and reduced motion cannot alter buffered travel
2026-09-15T14:41:29.4986860Z ok 12 - body scale, turn response and reduced motion cannot alter buffered travel
2026-09-15T14:41:29.4987708Z   ---
2026-09-15T14:41:29.4988183Z   duration_ms: 4.672294
2026-09-15T14:41:29.4988686Z   ...
2026-09-15T14:41:30.5609996Z # Subtest: 1-map campaign has attainable, distinct-clear appearance and achievement thresholds
2026-09-15T14:41:30.5617867Z ok 13 - 1-map campaign has attainable, distinct-clear appearance and achievement thresholds
2026-09-15T14:41:30.5619046Z   ---
2026-09-15T14:41:30.5619689Z   duration_ms: 76.498652
2026-09-15T14:41:30.5620692Z   ...
2026-09-15T14:41:30.5621932Z # Subtest: 2-map campaign has attainable, distinct-clear appearance and achievement thresholds
2026-09-15T14:41:30.5623676Z ok 14 - 2-map campaign has attainable, distinct-clear appearance and achievement thresholds
2026-09-15T14:41:30.5624813Z   ---
2026-09-15T14:41:30.5625463Z   duration_ms: 130.122395
2026-09-15T14:41:30.5686795Z   ...
2026-09-15T14:41:30.5699466Z # Subtest: 3-map campaign has attainable, distinct-clear appearance and achievement thresholds
2026-09-15T14:41:30.5701208Z ok 15 - 3-map campaign has attainable, distinct-clear appearance and achievement thresholds
2026-09-15T14:41:30.5702356Z   ---
2026-09-15T14:41:30.5702977Z   duration_ms: 99.268066
2026-09-15T14:41:30.5703683Z   ...
2026-09-15T14:41:30.5704804Z # Subtest: 4-map campaign has attainable, distinct-clear appearance and achievement thresholds
2026-09-15T14:41:30.5706750Z ok 16 - 4-map campaign has attainable, distinct-clear appearance and achievement thresholds
2026-09-15T14:41:30.5707788Z   ---
2026-09-15T14:41:30.5708356Z   duration_ms: 97.170402
2026-09-15T14:41:30.5708939Z   ...
2026-09-15T14:41:30.5710031Z # Subtest: 12-map campaign has attainable, distinct-clear appearance and achievement thresholds
2026-09-15T14:41:30.5711731Z ok 17 - 12-map campaign has attainable, distinct-clear appearance and achievement thresholds
2026-09-15T14:41:30.5712877Z   ---
2026-09-15T14:41:30.5713455Z   duration_ms: 303.736458
2026-09-15T14:41:30.5714089Z   ...
2026-09-15T14:41:30.5715136Z # Subtest: duplicate declared map IDs neither raise the target nor count a clear twice
2026-09-15T14:41:30.5716898Z ok 18 - duplicate declared map IDs neither raise the target nor count a clear twice
2026-09-15T14:41:30.5718394Z   ---
2026-09-15T14:41:30.5718960Z   duration_ms: 52.344046
2026-09-15T14:41:30.5719518Z   ...
2026-09-15T14:41:30.5720553Z # Subtest: unknown clear keys supply neither cosmetic progress nor clean/gold achievements
2026-09-15T14:41:30.5722163Z ok 19 - unknown clear keys supply neither cosmetic progress nor clean/gold achievements
2026-09-15T14:41:30.5723221Z   ---
2026-09-15T14:41:30.5723794Z   duration_ms: 12.979915
2026-09-15T14:41:30.5724362Z   ...
2026-09-15T14:41:30.5725295Z # Subtest: different seeds, classes and both turn policies remain one map clear
2026-09-15T14:41:30.5726963Z ok 20 - different seeds, classes and both turn policies remain one map clear
2026-09-15T14:41:30.5727840Z   ---
2026-09-15T14:41:30.5728338Z   duration_ms: 46.613979
2026-09-15T14:41:30.5728883Z   ...
2026-09-15T14:41:30.5729964Z # Subtest: legacy one-argument API preserves starter order and exact one/four thresholds
2026-09-15T14:41:30.5731484Z ok 21 - legacy one-argument API preserves starter order and exact one/four thresholds
2026-09-15T14:41:30.5732485Z   ---
2026-09-15T14:41:30.5733052Z   duration_ms: 0.699281
2026-09-15T14:41:30.5733634Z   ...
2026-09-15T14:41:30.5734601Z # Subtest: four-clear campaigns retain every existing starter and reward body
2026-09-15T14:41:30.5736511Z ok 22 - four-clear campaigns retain every existing starter and reward body
2026-09-15T14:41:30.5737522Z   ---
2026-09-15T14:41:30.5738060Z   duration_ms: 85.769878
2026-09-15T14:41:30.5738661Z   ...
2026-09-15T14:41:30.5739881Z # Subtest: owned results do not mutate progress, campaign, future tier definitions or caller body sets
2026-09-15T14:41:30.5741615Z ok 23 - owned results do not mutate progress, campaign, future tier definitions or caller body sets
2026-09-15T14:41:30.5742726Z   ---
2026-09-15T14:41:30.5743308Z   duration_ms: 12.458644
2026-09-15T14:41:30.5743918Z   ...
2026-09-15T14:41:30.5744980Z # Subtest: nonempty valid campaign projection and matching progress identity are required
2026-09-15T14:41:30.5746806Z ok 24 - nonempty valid campaign projection and matching progress identity are required
2026-09-15T14:41:30.5747832Z   ---
2026-09-15T14:41:30.5748387Z   duration_ms: 1.946842
2026-09-15T14:41:30.5748996Z   ...
2026-09-15T14:41:30.5750214Z # Subtest: projection rejects consumed accessors without executing them or validating unrelated physics
2026-09-15T14:41:30.5751955Z ok 25 - projection rejects consumed accessors without executing them or validating unrelated physics
2026-09-15T14:41:30.5753097Z   ---
2026-09-15T14:41:30.5753677Z   duration_ms: 9.711212
2026-09-15T14:41:30.5754293Z   ...
2026-09-15T14:41:30.5755590Z # Subtest: existing complete short-chapter saves gain availability without schema or notification history changes
2026-09-15T14:41:30.5757782Z ok 26 - existing complete short-chapter saves gain availability without schema or notification history changes
2026-09-15T14:41:30.5758866Z   ---
2026-09-15T14:41:30.5759383Z   duration_ms: 31.089795
2026-09-15T14:41:30.5759935Z   ...
2026-09-15T14:41:30.5761178Z # Subtest: real live transitions return each newly crossed tier once, including two tiers in one-map chapters
2026-09-15T14:41:30.5762940Z ok 27 - real live transitions return each newly crossed tier once, including two tiers in one-map chapters
2026-09-15T14:41:30.5764057Z   ---
2026-09-15T14:41:30.5764565Z   duration_ms: 104.168075
2026-09-15T14:41:30.5765128Z   ...
2026-09-15T14:41:30.5766369Z # Subtest: practice and already-consumed completions leave transition projection empty
2026-09-15T14:41:30.5767917Z ok 28 - practice and already-consumed completions leave transition projection empty
2026-09-15T14:41:30.5768927Z   ---
2026-09-15T14:41:30.5769460Z   duration_ms: 35.136805
2026-09-15T14:41:30.5770041Z   ...
2026-09-15T14:41:30.5771250Z # Subtest: an out-of-order real clear remains replayable while uncleared predecessors and bounds stay guarded
2026-09-15T14:41:30.5773025Z ok 29 - an out-of-order real clear remains replayable while uncleared predecessors and bounds stay guarded
2026-09-15T14:41:30.5774281Z   ---
2026-09-15T14:41:30.5774750Z   duration_ms: 46.045645
2026-09-15T14:41:30.5775262Z   ...
2026-09-15T14:41:30.6048240Z # Subtest: every actor slot resolves to a real normalized mission containing that role
2026-09-15T14:41:30.6077466Z ok 30 - every actor slot resolves to a real normalized mission containing that role
2026-09-15T14:41:30.6106837Z   ---
2026-09-15T14:41:30.6109459Z   duration_ms: 119.325393
2026-09-15T14:41:30.6114670Z   ...
2026-09-15T14:41:30.6115802Z # Subtest: terrain and pickup context fixtures validate without changing the built-in packs
2026-09-15T14:41:30.6117628Z ok 31 - terrain and pickup context fixtures validate without changing the built-in packs
2026-09-15T14:41:30.6118613Z   ---
2026-09-15T14:41:30.6119199Z   duration_ms: 329.248883
2026-09-15T14:41:30.6119806Z   ...
2026-09-15T14:41:30.6120634Z # Subtest: each preview owns an independent deterministic run
2026-09-15T14:41:30.6121718Z ok 32 - each preview owns an independent deterministic run
2026-09-15T14:41:30.6122519Z   ---
2026-09-15T14:41:30.6123053Z   duration_ms: 15.502919
2026-09-15T14:41:30.6123628Z   ...
2026-09-15T14:41:30.6124610Z # Subtest: offline player presets load independently of every optional or mission pack
2026-09-15T14:41:30.6132189Z ok 33 - offline player presets load independently of every optional or mission pack
2026-09-15T14:41:30.6133727Z   ---
2026-09-15T14:41:30.6134375Z   duration_ms: 7.946848
2026-09-15T14:41:30.6134982Z   ...
2026-09-15T14:41:30.6136378Z # Subtest: exact owner context uses its own level and theme without any pack fetch or mutation
2026-09-15T14:41:30.6137949Z ok 34 - exact owner context uses its own level and theme without any pack fetch or mutation
2026-09-15T14:41:30.6138989Z   ---
2026-09-15T14:41:30.6139532Z   duration_ms: 91.180306
2026-09-15T14:41:30.6140090Z   ...
2026-09-15T14:41:30.6141119Z # Subtest: board preview rejects an incomplete explicit owner before fetching or creating a canvas
2026-09-15T14:41:30.6142870Z ok 35 - board preview rejects an incomplete explicit owner before fetching or creating a canvas
2026-09-15T14:41:30.6144925Z   ---
2026-09-15T14:41:30.6148484Z   duration_ms: 4.869291
2026-09-15T14:41:30.6149114Z   ...
2026-09-15T14:41:30.6150313Z # Subtest: offline optional-pack fallback retains all seven enemy roles and online fixture choices
2026-09-15T14:41:30.6152023Z ok 36 - offline optional-pack fallback retains all seven enemy roles and online fixture choices
2026-09-15T14:41:30.6153053Z   ---
2026-09-15T14:41:30.6153589Z   duration_ms: 526.545323
2026-09-15T14:41:30.6154189Z   ...
2026-09-15T14:41:30.6155209Z # Subtest: failed core loads remain explicit and retry without poisoning player presets
2026-09-15T14:41:30.6157045Z ok 37 - failed core loads remain explicit and retry without poisoning player presets
2026-09-15T14:41:30.6158002Z   ---
2026-09-15T14:41:30.6158533Z   duration_ms: 11.133549
2026-09-15T14:41:30.6159138Z   ...
2026-09-15T14:41:30.6672864Z # Subtest: source labels and unavailability follow the host, without suspending or verifying on refresh
2026-09-15T14:41:30.6679245Z ok 38 - source labels and unavailability follow the host, without suspending or verifying on refresh
2026-09-15T14:41:30.6682794Z   ---
2026-09-15T14:41:30.6683204Z   duration_ms: 15.830699
2026-09-15T14:41:30.6683676Z   ...
2026-09-15T14:41:30.6684939Z # Subtest: one stored export verifies, rechecks authority, copies before the real web adapter, and restores controls
2026-09-15T14:41:30.6686939Z ok 39 - one stored export verifies, rechecks authority, copies before the real web adapter, and restores controls
2026-09-15T14:41:30.6687937Z   ---
2026-09-15T14:41:30.6688314Z   duration_ms: 13.577005
2026-09-15T14:41:30.6688734Z   ...
2026-09-15T14:41:30.6689670Z # Subtest: current replay-only export names its source and retains the matching-campaign warning
2026-09-15T14:41:30.6691387Z ok 40 - current replay-only export names its source and retains the matching-campaign warning
2026-09-15T14:41:30.6692241Z   ---
2026-09-15T14:41:30.6692590Z   duration_ms: 6.368351
2026-09-15T14:41:30.6693393Z   ...
2026-09-15T14:41:30.6694365Z # Subtest: button cancels verification immediately, keeps the dialog open, and rejects late publication
2026-09-15T14:41:30.6695850Z ok 41 - button cancels verification immediately, keeps the dialog open, and rejects late publication
2026-09-15T14:41:30.6697031Z   ---
2026-09-15T14:41:30.6697418Z   duration_ms: 8.123627
2026-09-15T14:41:30.6698050Z   ...
2026-09-15T14:41:30.6767502Z # Subtest: Escape cancels verification immediately, keeps the dialog open, and rejects late publication
2026-09-15T14:41:30.6827419Z ok 42 - Escape cancels verification immediately, keeps the dialog open, and rejects late publication
2026-09-15T14:41:30.6856605Z   ---
2026-09-15T14:41:30.6880466Z   duration_ms: 11.928037
2026-09-15T14:41:30.6889837Z   ...
2026-09-15T14:41:30.6890893Z # Subtest: controller Back cancels verification immediately, keeps the dialog open, and rejects late publication
2026-09-15T14:41:30.6892534Z ok 43 - controller Back cancels verification immediately, keeps the dialog open, and rejects late publication
2026-09-15T14:41:30.6893526Z   ---
2026-09-15T14:41:30.6893871Z   duration_ms: 7.744321
2026-09-15T14:41:30.6894238Z   ...
2026-09-15T14:41:30.6895288Z # Subtest: close aborts and suppresses a pending export without restoring focus
2026-09-15T14:41:30.6896872Z ok 44 - close aborts and suppresses a pending export without restoring focus
2026-09-15T14:41:30.6897533Z   ---
2026-09-15T14:41:30.6897867Z   duration_ms: 10.455026
2026-09-15T14:41:30.6898237Z   ...
2026-09-15T14:41:30.6898970Z # Subtest: pagehide aborts and suppresses a pending export without restoring focus
2026-09-15T14:41:30.6900257Z ok 45 - pagehide aborts and suppresses a pending export without restoring focus
2026-09-15T14:41:30.6901046Z   ---
2026-09-15T14:41:30.6901400Z   duration_ms: 4.932849
2026-09-15T14:41:30.6901788Z   ...
2026-09-15T14:41:30.6902860Z # Subtest: a stale host assertion or failed verification preserves the previous copy and permits a fresh attempt
2026-09-15T14:41:30.6904547Z ok 46 - a stale host assertion or failed verification preserves the previous copy and permits a fresh attempt
2026-09-15T14:41:30.6905478Z   ---
2026-09-15T14:41:30.6905827Z   duration_ms: 7.897279
2026-09-15T14:41:30.6906584Z   ...
2026-09-15T14:41:30.6907437Z # Subtest: a cancelled operation cannot clear a newer operation or overwrite its status
2026-09-15T14:41:30.6908638Z ok 47 - a cancelled operation cannot clear a newer operation or overwrite its status
2026-09-15T14:41:30.6909432Z   ---
2026-09-15T14:41:30.6909768Z   duration_ms: 8.650555
2026-09-15T14:41:30.6910179Z   ...
2026-09-15T14:41:30.6911010Z # Subtest: adapter failure retains the already verified copy and reports the real error
2026-09-15T14:41:30.6912268Z ok 48 - adapter failure retains the already verified copy and reports the real error
2026-09-15T14:41:30.6913040Z   ---
2026-09-15T14:41:30.6913390Z   duration_ms: 7.533799
2026-09-15T14:41:30.6913777Z   ...
2026-09-15T14:41:30.6914600Z # Subtest: Stop waiting keeps a requested download protected until the platform returns
2026-09-15T14:41:30.6915870Z ok 49 - Stop waiting keeps a requested download protected until the platform returns
2026-09-15T14:41:30.6916951Z   ---
2026-09-15T14:41:30.6917311Z   duration_ms: 9.002532
2026-09-15T14:41:30.6917694Z   ...
2026-09-15T14:41:30.6918691Z # Subtest: verified attempt download offers Stop waiting and reports the actual platform result afterward
2026-09-15T14:41:30.6920258Z ok 50 - verified attempt download offers Stop waiting and reports the actual platform result afterward
2026-09-15T14:41:30.6921136Z   ---
2026-09-15T14:41:30.6921487Z   duration_ms: 8.930809
2026-09-15T14:41:30.6921976Z   ...
2026-09-15T14:41:30.6922867Z # Subtest: export-backup awaits the external backup guard before preparation or download
2026-09-15T14:41:30.6924180Z ok 51 - export-backup awaits the external backup guard before preparation or download
2026-09-15T14:41:30.6924962Z   ---
2026-09-15T14:41:30.6925324Z   duration_ms: 6.331422
2026-09-15T14:41:30.6926302Z   ...
2026-09-15T14:41:30.6927106Z # Subtest: export-packs awaits the external backup guard before preparation or download
2026-09-15T14:41:30.6928209Z ok 52 - export-packs awaits the external backup guard before preparation or download
2026-09-15T14:41:30.6928894Z   ---
2026-09-15T14:41:30.6929203Z   duration_ms: 8.184871
2026-09-15T14:41:30.6929558Z   ...
2026-09-15T14:41:30.6930311Z # Subtest: import-save awaits the external backup guard before preparation or download
2026-09-15T14:41:30.6931543Z ok 53 - import-save awaits the external backup guard before preparation or download
2026-09-15T14:41:30.6932336Z   ---
2026-09-15T14:41:30.6932695Z   duration_ms: 6.172927
2026-09-15T14:41:30.6933087Z   ...
2026-09-15T14:41:30.6933831Z # Subtest: a cancelled Library file read cannot install or unlock a newer read
2026-09-15T14:41:30.6934830Z ok 54 - a cancelled Library file read cannot install or unlock a newer read
2026-09-15T14:41:30.6935479Z   ---
2026-09-15T14:41:30.6935812Z   duration_ms: 6.176664
2026-09-15T14:41:30.6936411Z   ...
2026-09-15T14:41:30.6937342Z # Subtest: rail places the exact status and escape before a held read; navigation restores their original nodes
2026-09-15T14:41:30.6938871Z ok 55 - rail places the exact status and escape before a held read; navigation restores their original nodes
2026-09-15T14:41:30.6939698Z   ---
2026-09-15T14:41:30.6940271Z   duration_ms: 7.213363
2026-09-15T14:41:30.6940635Z   ...
2026-09-15T14:41:30.6941402Z # Subtest: older cancelled read cannot replace a newer Packs rail or release its controls
2026-09-15T14:41:30.6942558Z ok 56 - older cancelled read cannot replace a newer Packs rail or release its controls
2026-09-15T14:41:30.6943329Z   ---
2026-09-15T14:41:30.6943689Z   duration_ms: 5.473806
2026-09-15T14:41:30.6944093Z   ...
2026-09-15T14:41:30.6945063Z # Subtest: attempt rail preserves count, cancel focus and exact sibling order across terminal navigation
2026-09-15T14:41:30.6946961Z ok 57 - attempt rail preserves count, cancel focus and exact sibling order across terminal navigation
2026-09-15T14:41:30.6947882Z   ---
2026-09-15T14:41:30.6948236Z   duration_ms: 4.952646
2026-09-15T14:41:30.6948638Z   ...
2026-09-15T14:41:30.6949529Z # Subtest: non-abortable owner reopens with its exact detached status and no stale closed rail
2026-09-15T14:41:30.6950873Z ok 58 - non-abortable owner reopens with its exact detached status and no stale closed rail
2026-09-15T14:41:30.6951711Z   ---
2026-09-15T14:41:30.6952084Z   duration_ms: 5.591735
2026-09-15T14:41:30.6952484Z   ...
2026-09-15T14:41:30.6953510Z # Subtest: backup navigation same-section joins cancellation then clears only the invalidated backup host
2026-09-15T14:41:30.6955059Z ok 59 - backup navigation same-section joins cancellation then clears only the invalidated backup host
2026-09-15T14:41:30.6955964Z   ---
2026-09-15T14:41:30.6956622Z   duration_ms: 217.064654
2026-09-15T14:41:30.6957031Z   ...
2026-09-15T14:41:30.7938816Z # Subtest: backup navigation other-section joins cancellation then clears only the invalidated backup host
2026-09-15T14:41:30.7967968Z ok 60 - backup navigation other-section joins cancellation then clears only the invalidated backup host
2026-09-15T14:41:30.7996807Z   ---
2026-09-15T14:41:30.8026747Z   duration_ms: 110.711302
2026-09-15T14:41:30.8027523Z   ...
2026-09-15T14:41:30.8833676Z # Subtest: backup navigation close-reopen joins cancellation then clears only the invalidated backup host
2026-09-15T14:41:30.8857740Z ok 61 - backup navigation close-reopen joins cancellation then clears only the invalidated backup host
2026-09-15T14:41:30.8867126Z   ---
2026-09-15T14:41:30.8867769Z   duration_ms: 109.207192
2026-09-15T14:41:30.8868396Z   ...
2026-09-15T14:41:30.8869741Z # Subtest: native-reported sticky overlap scrolls the live focused control clear without changing focus or ownership
2026-09-15T14:41:30.8872608Z ok 62 - native-reported sticky overlap scrolls the live focused control clear without changing focus or ownership
2026-09-15T14:41:30.8873854Z   ---
2026-09-15T14:41:30.8875075Z   duration_ms: 2.786265
2026-09-15T14:41:30.8875686Z   ...
2026-09-15T14:41:30.8877131Z # Subtest: a queued feedback layout reads current focus and cannot follow an old opener or a closed dialog
2026-09-15T14:41:30.8878913Z ok 63 - a queued feedback layout reads current focus and cannot follow an old opener or a closed dialog
2026-09-15T14:41:30.8879870Z   ---
2026-09-15T14:41:30.8880298Z   duration_ms: 2.248834
2026-09-15T14:41:30.8880733Z   ...
2026-09-15T14:41:30.8881533Z # Subtest: Close above feedback retains its own native scroll destination
2026-09-15T14:41:30.8882506Z ok 64 - Close above feedback retains its own native scroll destination
2026-09-15T14:41:30.8883207Z   ---
2026-09-15T14:41:30.8883633Z   duration_ms: 2.139862
2026-09-15T14:41:30.8884108Z   ...
2026-09-15T14:41:30.8885034Z # Subtest: a tall Library editor keeps its beginning below feedback when its full height cannot fit
2026-09-15T14:41:30.8888966Z ok 65 - a tall Library editor keeps its beginning below feedback when its full height cannot fit
2026-09-15T14:41:30.8893113Z   ---
2026-09-15T14:41:30.8893643Z   duration_ms: 1.847869
2026-09-15T14:41:30.8894320Z   ...
2026-09-15T14:41:31.2982781Z # Subtest: explicit native links preserve retry URLs, distinguish requested from prepared, then close releases every URL
2026-09-15T14:41:31.2988828Z ok 66 - explicit native links preserve retry URLs, distinguish requested from prepared, then close releases every URL
2026-09-15T14:41:31.2989671Z   ---
2026-09-15T14:41:31.2990053Z   duration_ms: 265.928428
2026-09-15T14:41:31.2990584Z   ...
2026-09-15T14:41:31.2991555Z # Subtest: Cancel joins the pending read before allowing another preparation and restores focus and controls
2026-09-15T14:41:31.2992474Z ok 67 - Cancel joins the pending read before allowing another preparation and restores focus and controls
2026-09-15T14:41:31.2992966Z   ---
2026-09-15T14:41:31.2993175Z   duration_ms: 66.093339
2026-09-15T14:41:31.2993407Z   ...
2026-09-15T14:41:31.2993962Z # Subtest: changed source rejects native activation and visibility teardown releases the next prepared set
2026-09-15T14:41:31.2994829Z ok 68 - changed source rejects native activation and visibility teardown releases the next prepared set
2026-09-15T14:41:31.2995311Z   ---
2026-09-15T14:41:31.2995520Z   duration_ms: 438.491425
2026-09-15T14:41:31.2995745Z   ...
2026-09-15T14:41:38.1393106Z # Subtest: actual solo host exports a paused unfinished flight without changing its checkpoint, storage or intent
2026-09-15T14:41:38.1395124Z ok 69 - actual solo host exports a paused unfinished flight without changing its checkpoint, storage or intent
2026-09-15T14:41:38.1396879Z   ---
2026-09-15T14:41:38.1397469Z   duration_ms: 6843.115261
2026-09-15T14:41:38.1398133Z   ...
2026-09-15T14:41:43.7951874Z # Subtest: actual Library escape cancels backup preparation without double-closing or resuming
2026-09-15T14:41:43.7971241Z ok 70 - actual Library escape cancels backup preparation without double-closing or resuming
2026-09-15T14:41:43.7972693Z   ---
2026-09-15T14:41:43.7973333Z   duration_ms: 5656.125276
2026-09-15T14:41:43.7973978Z   ...
2026-09-15T14:41:49.7279558Z # Subtest: actual Library controller cancels backup preparation without double-closing or resuming
2026-09-15T14:41:49.7281543Z ok 71 - actual Library controller cancels backup preparation without double-closing or resuming
2026-09-15T14:41:49.7282667Z   ---
2026-09-15T14:41:49.7283225Z   duration_ms: 5932.783543
2026-09-15T14:41:49.7283828Z   ...
2026-09-15T14:41:51.4227869Z # Subtest: Title Settings Library cancel consumes filename detail before native dialog close and refocus
2026-09-15T14:41:51.4257298Z ok 72 - Title Settings Library cancel consumes filename detail before native dialog close and refocus
2026-09-15T14:41:51.4286636Z   ---
2026-09-15T14:41:51.4296700Z   duration_ms: 1693.067181
2026-09-15T14:41:51.4297178Z   ...
2026-09-15T14:41:51.4686504Z # Subtest: all fourteen runtime files bind the reviewed full-frame derivative and original identity
2026-09-15T14:41:51.4696855Z ok 73 - all fourteen runtime files bind the reviewed full-frame derivative and original identity
2026-09-15T14:41:51.4710128Z   ---
2026-09-15T14:41:51.4766690Z   duration_ms: 11.986942
2026-09-15T14:41:51.4826813Z   ...
2026-09-15T14:41:51.4857318Z # Subtest: legacy records without derivation preserve the same appearance and animation contracts
2026-09-15T14:41:51.4887380Z ok 74 - legacy records without derivation preserve the same appearance and animation contracts
2026-09-15T14:41:51.4977295Z   ---
2026-09-15T14:41:51.5036689Z   duration_ms: 23.012303
2026-09-15T14:41:51.5088001Z   ...
2026-09-15T14:41:51.5217821Z # Subtest: existing player loader requests the runtime derivative and retains explicit overrides
2026-09-15T14:41:51.5244040Z ok 75 - existing player loader requests the runtime derivative and retains explicit overrides
2026-09-15T14:41:51.5261758Z   ---
2026-09-15T14:41:51.5262319Z   duration_ms: 3.81577
2026-09-15T14:41:51.5262828Z   ...
2026-09-15T14:41:51.5263832Z # Subtest: player derivatives reject wrong source, output, role, geometry and recipe bindings
2026-09-15T14:41:51.5265326Z ok 76 - player derivatives reject wrong source, output, role, geometry and recipe bindings
2026-09-15T14:41:51.5266525Z   ---
2026-09-15T14:41:51.5267002Z   duration_ms: 50.19655
2026-09-15T14:41:51.5267490Z   ...
2026-09-15T14:41:51.5268943Z # Subtest: enemy derivatives reject source/output substitutions without losing class and skin guards
2026-09-15T14:41:51.5270578Z ok 77 - enemy derivatives reject source/output substitutions without losing class and skin guards
2026-09-15T14:41:51.5271552Z   ---
2026-09-15T14:41:51.5272010Z   duration_ms: 7.809312
2026-09-15T14:41:51.5272532Z   ...
2026-09-15T14:41:51.5273398Z # Subtest: resolved metadata and exact keys survive owned Standard/Gentle lookup
2026-09-15T14:41:51.5274615Z ok 78 - resolved metadata and exact keys survive owned Standard/Gentle lookup
2026-09-15T14:41:51.5275425Z   ---
2026-09-15T14:41:51.5275876Z   duration_ms: 384.475662
2026-09-15T14:41:51.5276783Z   ...
2026-09-15T14:41:51.5277683Z # Subtest: catalog snapshots input and retains the first same-owner metadata
2026-09-15T14:41:51.5278881Z ok 79 - catalog snapshots input and retains the first same-owner metadata
2026-09-15T14:41:51.5279670Z   ---
2026-09-15T14:41:51.5280113Z   duration_ms: 65.693348
2026-09-15T14:41:51.5280608Z   ...
2026-09-15T14:41:51.5281628Z # Subtest: a derived campaign presented as authored collides even with exactly equal execution data
2026-09-15T14:41:51.5283132Z ok 80 - a derived campaign presented as authored collides even with exactly equal execution data
2026-09-15T14:41:51.5284053Z   ---
2026-09-15T14:41:51.5284502Z   duration_ms: 297.889588
2026-09-15T14:41:51.5285008Z   ...
2026-09-15T14:41:51.5286412Z # Subtest: lookup rejects mode coercion and missing keys without inferring labels or ownership
2026-09-15T14:41:51.5287884Z ok 81 - lookup rejects mode coercion and missing keys without inferring labels or ownership
2026-09-15T14:41:51.5288773Z   ---
2026-09-15T14:41:51.5289226Z   duration_ms: 50.982405
2026-09-15T14:41:51.5289749Z   ...
2026-09-15T14:41:51.5290701Z # Subtest: the backup hook returns only owned full campaigns with the same registry partitions
2026-09-15T14:41:51.5292105Z ok 82 - the backup hook returns only owned full campaigns with the same registry partitions
2026-09-15T14:41:51.5293007Z   ---
2026-09-15T14:41:51.5293473Z   duration_ms: 162.350074
2026-09-15T14:41:51.5293984Z   ...
2026-09-15T14:41:51.5295170Z # Subtest: the registry rejects malformed arrays, accessors and mismatching execution rosters before adoption
2026-09-15T14:41:51.5297009Z ok 83 - the registry rejects malformed arrays, accessors and mismatching execution rosters before adoption
2026-09-15T14:41:51.5298063Z   ---
2026-09-15T14:41:51.5298571Z   duration_ms: 45.997574
2026-09-15T14:41:51.5299099Z   ...
2026-09-15T14:41:51.5300106Z # Subtest: campaign proof covers every authored level in both supported steering policies
2026-09-15T14:41:51.5301620Z ok 84 - campaign proof covers every authored level in both supported steering policies
2026-09-15T14:41:51.5302889Z   ---
2026-09-15T14:41:51.5303389Z   duration_ms: 1446.218581
2026-09-15T14:41:51.5303950Z   ...
2026-09-15T14:41:51.5304856Z # Subtest: signal-01 completes via recorded immediate controls from a normal run
2026-09-15T14:41:51.5306431Z ok 85 - signal-01 completes via recorded immediate controls from a normal run
2026-09-15T14:41:51.5307337Z   ---
2026-09-15T14:41:51.5307839Z   duration_ms: 27.975128
2026-09-15T14:41:51.5308389Z   ...
2026-09-15T14:41:51.5309322Z # Subtest: signal-01 completes via recorded grid-center controls from a normal run
2026-09-15T14:41:51.5310665Z ok 86 - signal-01 completes via recorded grid-center controls from a normal run
2026-09-15T14:41:51.5311551Z   ---
2026-09-15T14:41:51.5312042Z   duration_ms: 28.226807
2026-09-15T14:41:51.5312565Z   ...
2026-09-15T14:41:51.5313441Z # Subtest: signal-02 completes via recorded immediate controls from a normal run
2026-09-15T14:41:51.5314737Z ok 87 - signal-02 completes via recorded immediate controls from a normal run
2026-09-15T14:41:51.5315624Z   ---
2026-09-15T14:41:51.5316482Z   duration_ms: 18.108238
2026-09-15T14:41:51.5317076Z   ...
2026-09-15T14:41:51.5318042Z # Subtest: signal-02 completes via recorded grid-center controls from a normal run
2026-09-15T14:41:51.5319758Z ok 88 - signal-02 completes via recorded grid-center controls from a normal run
2026-09-15T14:41:51.5320704Z   ---
2026-09-15T14:41:51.5321242Z   duration_ms: 34.644506
2026-09-15T14:41:51.5321790Z   ...
2026-09-15T14:41:51.5322699Z # Subtest: signal-03 completes via recorded immediate controls from a normal run
2026-09-15T14:41:51.5324013Z ok 89 - signal-03 completes via recorded immediate controls from a normal run
2026-09-15T14:41:51.5324896Z   ---
2026-09-15T14:41:51.5325409Z   duration_ms: 61.574764
2026-09-15T14:41:51.5326227Z   ...
2026-09-15T14:41:51.5327199Z # Subtest: signal-03 completes via recorded grid-center controls from a normal run
2026-09-15T14:41:51.5328543Z ok 90 - signal-03 completes via recorded grid-center controls from a normal run
2026-09-15T14:41:51.5329454Z   ---
2026-09-15T14:41:51.5329983Z   duration_ms: 45.302981
2026-09-15T14:41:51.5330545Z   ...
2026-09-15T14:41:51.5331489Z # Subtest: signal-04 completes via recorded immediate controls from a normal run
2026-09-15T14:41:51.5332809Z ok 91 - signal-04 completes via recorded immediate controls from a normal run
2026-09-15T14:41:51.5343856Z   ---
2026-09-15T14:41:51.5344449Z   duration_ms: 33.872182
2026-09-15T14:41:51.5345037Z   ...
2026-09-15T14:41:51.5346275Z # Subtest: signal-04 completes via recorded grid-center controls from a normal run
2026-09-15T14:41:51.5347697Z ok 92 - signal-04 completes via recorded grid-center controls from a normal run
2026-09-15T14:41:51.5348531Z   ---
2026-09-15T14:41:51.5349002Z   duration_ms: 35.104455
2026-09-15T14:41:51.5349543Z   ...
2026-09-15T14:41:51.5350430Z # Subtest: signal-05 completes via recorded immediate controls from a normal run
2026-09-15T14:41:51.5351710Z ok 93 - signal-05 completes via recorded immediate controls from a normal run
2026-09-15T14:41:51.5352535Z   ---
2026-09-15T14:41:51.5352994Z   duration_ms: 17.355096
2026-09-15T14:41:51.5353521Z   ...
2026-09-15T14:41:51.5354413Z # Subtest: signal-05 completes via recorded grid-center controls from a normal run
2026-09-15T14:41:51.5355885Z ok 94 - signal-05 completes via recorded grid-center controls from a normal run
2026-09-15T14:41:51.5357064Z   ---
2026-09-15T14:41:51.5357568Z   duration_ms: 16.431868
2026-09-15T14:41:51.5358111Z   ...
2026-09-15T14:41:51.5359023Z # Subtest: signal-06 completes via recorded immediate controls from a normal run
2026-09-15T14:41:51.5360383Z ok 95 - signal-06 completes via recorded immediate controls from a normal run
2026-09-15T14:41:51.5361312Z   ---
2026-09-15T14:41:51.5362060Z   duration_ms: 25.497819
2026-09-15T14:41:51.5362946Z   ...
2026-09-15T14:41:51.5364127Z # Subtest: signal-06 completes via recorded grid-center controls from a normal run
2026-09-15T14:41:51.5365673Z ok 96 - signal-06 completes via recorded grid-center controls from a normal run
2026-09-15T14:41:51.5367513Z   ---
2026-09-15T14:41:51.5368133Z   duration_ms: 21.265813
2026-09-15T14:41:51.5368824Z   ...
2026-09-15T14:41:51.5369866Z # Subtest: signal-07 completes via recorded immediate controls from a normal run
2026-09-15T14:41:51.5371202Z ok 97 - signal-07 completes via recorded immediate controls from a normal run
2026-09-15T14:41:51.5372518Z   ---
2026-09-15T14:41:51.5373234Z   duration_ms: 20.216892
2026-09-15T14:41:51.5385482Z   ...
2026-09-15T14:41:51.5386771Z # Subtest: signal-07 completes via recorded grid-center controls from a normal run
2026-09-15T14:41:51.5388116Z ok 98 - signal-07 completes via recorded grid-center controls from a normal run
2026-09-15T14:41:51.5389017Z   ---
2026-09-15T14:41:51.5389524Z   duration_ms: 28.14811
2026-09-15T14:41:51.5390089Z   ...
2026-09-15T14:41:51.5391038Z # Subtest: signal-08 completes via recorded immediate controls from a normal run
2026-09-15T14:41:51.5392417Z ok 99 - signal-08 completes via recorded immediate controls from a normal run
2026-09-15T14:41:51.5393344Z   ---
2026-09-15T14:41:51.5393841Z   duration_ms: 108.485088
2026-09-15T14:41:51.5394393Z   ...
2026-09-15T14:41:51.5395447Z # Subtest: signal-08 completes via recorded grid-center controls from a normal run
2026-09-15T14:41:51.5397331Z ok 100 - signal-08 completes via recorded grid-center controls from a normal run
2026-09-15T14:41:51.5398196Z   ---
2026-09-15T14:41:51.5398647Z   duration_ms: 114.409142
2026-09-15T14:41:51.5399150Z   ...
2026-09-15T14:41:51.5400053Z # Subtest: signal-09 completes via recorded immediate controls from a normal run
2026-09-15T14:41:51.5401267Z ok 101 - signal-09 completes via recorded immediate controls from a normal run
2026-09-15T14:41:51.5402063Z   ---
2026-09-15T14:41:51.5402497Z   duration_ms: 36.11229
2026-09-15T14:41:51.5402972Z   ...
2026-09-15T14:41:51.5403822Z # Subtest: signal-09 completes via recorded grid-center controls from a normal run
2026-09-15T14:41:51.5405042Z ok 102 - signal-09 completes via recorded grid-center controls from a normal run
2026-09-15T14:41:51.5405841Z   ---
2026-09-15T14:41:51.5406661Z   duration_ms: 42.762456
2026-09-15T14:41:51.5407152Z   ...
2026-09-15T14:41:51.5407981Z # Subtest: signal-10 completes via recorded immediate controls from a normal run
2026-09-15T14:41:51.5409218Z ok 103 - signal-10 completes via recorded immediate controls from a normal run
2026-09-15T14:41:51.5410017Z   ---
2026-09-15T14:41:51.5410493Z   duration_ms: 43.40425
2026-09-15T14:41:51.5411021Z   ...
2026-09-15T14:41:51.5411925Z # Subtest: signal-10 completes via recorded grid-center controls from a normal run
2026-09-15T14:41:51.5413212Z ok 104 - signal-10 completes via recorded grid-center controls from a normal run
2026-09-15T14:41:51.5414045Z   ---
2026-09-15T14:41:51.5414498Z   duration_ms: 23.559352
2026-09-15T14:41:51.5414990Z   ...
2026-09-15T14:41:51.5415845Z # Subtest: signal-11 completes via recorded immediate controls from a normal run
2026-09-15T14:41:51.5417380Z ok 105 - signal-11 completes via recorded immediate controls from a normal run
2026-09-15T14:41:51.5418212Z   ---
2026-09-15T14:41:51.5418650Z   duration_ms: 35.713008
2026-09-15T14:41:51.5419142Z   ...
2026-09-15T14:41:51.5420001Z # Subtest: signal-11 completes via recorded grid-center controls from a normal run
2026-09-15T14:41:51.5421275Z ok 106 - signal-11 completes via recorded grid-center controls from a normal run
2026-09-15T14:41:51.5422115Z   ---
2026-09-15T14:41:51.5422580Z   duration_ms: 30.85621
2026-09-15T14:41:51.5423067Z   ...
2026-09-15T14:41:51.5423934Z # Subtest: signal-12 completes via recorded immediate controls from a normal run
2026-09-15T14:41:51.5425305Z ok 107 - signal-12 completes via recorded immediate controls from a normal run
2026-09-15T14:41:51.5426572Z   ---
2026-09-15T14:41:51.5427072Z   duration_ms: 37.85283
2026-09-15T14:41:51.5427605Z   ...
2026-09-15T14:41:51.5429132Z # Subtest: signal-12 completes via recorded grid-center controls from a normal run
2026-09-15T14:41:51.5430345Z ok 108 - signal-12 completes via recorded grid-center controls from a normal run
2026-09-15T14:41:51.5431426Z   ---
2026-09-15T14:41:51.5431921Z   duration_ms: 26.10572
2026-09-15T14:41:51.5432447Z   ...
2026-09-15T14:41:51.5433284Z # Subtest: proof rejects changed content and unfinished input sequences
2026-09-15T14:41:51.5436935Z ok 109 - proof rejects changed content and unfinished input sequences
2026-09-15T14:41:51.5437894Z   ---
2026-09-15T14:41:51.5438499Z   duration_ms: 2.264343
2026-09-15T14:41:51.5439167Z   ...
2026-09-15T14:41:51.5440237Z # Subtest: chapter reward work preserves original route and campaign identity oracles
2026-09-15T14:41:51.5441741Z ok 110 - chapter reward work preserves original route and campaign identity oracles
2026-09-15T14:41:51.5442768Z   ---
2026-09-15T14:41:51.5443369Z   duration_ms: 6.49058
2026-09-15T14:41:51.5444016Z   ...
2026-09-15T14:41:51.5445139Z # Subtest: homeward-skies/immediate: three actual clears unlock the final cosmetic tier once
2026-09-15T14:41:51.5447067Z ok 111 - homeward-skies/immediate: three actual clears unlock the final cosmetic tier once
2026-09-15T14:41:51.5448034Z   ---
2026-09-15T14:41:51.5448549Z   duration_ms: 257.256941
2026-09-15T14:41:51.5449099Z   ...
2026-09-15T14:41:51.5450118Z # Subtest: homeward-skies/grid-center: three actual clears unlock the final cosmetic tier once
2026-09-15T14:41:51.5451841Z ok 112 - homeward-skies/grid-center: three actual clears unlock the final cosmetic tier once
2026-09-15T14:41:51.5452827Z   ---
2026-09-15T14:41:51.5453344Z   duration_ms: 303.657029
2026-09-15T14:41:51.5453900Z   ...
2026-09-15T14:41:51.5454934Z # Subtest: equipment-workshop/immediate: three actual clears unlock the final cosmetic tier once
2026-09-15T14:41:51.5456719Z ok 113 - equipment-workshop/immediate: three actual clears unlock the final cosmetic tier once
2026-09-15T14:41:51.5457733Z   ---
2026-09-15T14:41:51.5458225Z   duration_ms: 359.451127
2026-09-15T14:41:51.5458777Z   ...
2026-09-15T14:41:51.5459841Z # Subtest: equipment-workshop/grid-center: three actual clears unlock the final cosmetic tier once
2026-09-15T14:41:51.5461400Z ok 114 - equipment-workshop/grid-center: three actual clears unlock the final cosmetic tier once
2026-09-15T14:41:51.5462389Z   ---
2026-09-15T14:41:51.5462890Z   duration_ms: 511.45535
2026-09-15T14:41:51.5463446Z   ...
2026-09-15T14:41:51.5464447Z # Subtest: another steering variant is not a second map, and chapter eligibility stays local
2026-09-15T14:41:51.5465916Z ok 115 - another steering variant is not a second map, and chapter eligibility stays local
2026-09-15T14:41:51.5467210Z   ---
2026-09-15T14:41:51.5467736Z   duration_ms: 21.431009
2026-09-15T14:41:51.5468283Z   ...
2026-09-15T14:41:51.5469392Z # Subtest: an existing complete portable profile derives access without new records or a new transition
2026-09-15T14:41:51.5471028Z ok 116 - an existing complete portable profile derives access without new records or a new transition
2026-09-15T14:41:51.5472045Z   ---
2026-09-15T14:41:51.5472542Z   duration_ms: 5.160466
2026-09-15T14:41:51.5473090Z   ...
2026-09-15T14:41:51.5474075Z # Subtest: ordinary Workshop routes remain unqualified despite granting chapter cosmetics
2026-09-15T14:41:51.5475509Z ok 117 - ordinary Workshop routes remain unqualified despite granting chapter cosmetics
2026-09-15T14:41:51.5476860Z   ---
2026-09-15T14:41:51.5477482Z   duration_ms: 2599.029897
2026-09-15T14:41:51.5478161Z   ...
2026-09-15T14:41:51.5519369Z # Subtest: mixed backup and pack removal/reinstall preserve clears and an independently verified seal
2026-09-15T14:41:51.5521021Z ok 118 - mixed backup and pack removal/reinstall preserve clears and an independently verified seal
2026-09-15T14:41:51.5522030Z   ---
2026-09-15T14:41:51.5522547Z   duration_ms: 692.321272
2026-09-15T14:41:51.5523108Z   ...
2026-09-15T14:41:51.5524140Z # Subtest: an out-of-order Workshop win remains replayable after import and backup (immediate)
2026-09-15T14:41:51.5525623Z ok 119 - an out-of-order Workshop win remains replayable after import and backup (immediate)
2026-09-15T14:41:51.5527168Z   ---
2026-09-15T14:41:51.5527664Z   duration_ms: 136.270784
2026-09-15T14:41:51.5528220Z   ...
2026-09-15T14:41:51.5529294Z # Subtest: an out-of-order Workshop win remains replayable after import and backup (grid-center)
2026-09-15T14:41:51.5530817Z ok 120 - an out-of-order Workshop win remains replayable after import and backup (grid-center)
2026-09-15T14:41:51.5531788Z   ---
2026-09-15T14:41:51.5532339Z   duration_ms: 139.107878
2026-09-15T14:41:51.5532907Z   ...
2026-09-15T14:41:51.5533889Z # Subtest: practice completions cannot add clear-derived eligibility or stored rewards
2026-09-15T14:41:51.5535319Z ok 121 - practice completions cannot add clear-derived eligibility or stored rewards
2026-09-15T14:41:51.5536471Z   ---
2026-09-15T14:41:51.5537003Z   duration_ms: 12.464655
2026-09-15T14:41:51.5537579Z   ...
2026-09-15T14:41:51.5538725Z # Subtest: a refused profile write keeps prior bytes while the new cosmetic remains exportable for the session
2026-09-15T14:41:51.5567382Z ok 122 - a refused profile write keeps prior bytes while the new cosmetic remains exportable for the session
2026-09-15T14:41:51.5622292Z   ---
2026-09-15T14:41:51.5646698Z   duration_ms: 27.749894
2026-09-15T14:41:51.5675691Z   ...
2026-09-15T14:41:51.5677571Z # Subtest: a due erosion resolves penetration in historical order before any recovery projection
2026-09-15T14:41:51.5683712Z ok 123 - a due erosion resolves penetration in historical order before any recovery projection
2026-09-15T14:41:51.5684845Z   ---
2026-09-15T14:41:51.5685423Z   duration_ms: 23.648167
2026-09-15T14:41:51.5686393Z   ...
2026-09-15T14:41:51.5687563Z # Subtest: immediate: shipped Standard R4 first Down capture continues through idle and saved return
2026-09-15T14:41:51.5689130Z ok 124 - immediate: shipped Standard R4 first Down capture continues through idle and saved return
2026-09-15T14:41:51.5690101Z   ---
2026-09-15T14:41:51.5690629Z   duration_ms: 1287.427437
2026-09-15T14:41:51.5691200Z   ...
2026-09-15T14:41:51.5692267Z # Subtest: immediate: same authored Gentle map retains legal capture and moving field actors
2026-09-15T14:41:51.5693799Z ok 125 - immediate: same authored Gentle map retains legal capture and moving field actors
2026-09-15T14:41:51.5694726Z   ---
2026-09-15T14:41:51.5695301Z   duration_ms: 217.002259
2026-09-15T14:41:51.5695836Z   ...
2026-09-15T14:41:51.5697265Z # Subtest: immediate: a closing impact trail repairs an embedded field actor without recapture or lost world time
2026-09-15T14:41:51.5699007Z ok 126 - immediate: a closing impact trail repairs an embedded field actor without recapture or lost world time
2026-09-15T14:41:51.5700065Z   ---
2026-09-15T14:41:51.5700564Z   duration_ms: 285.041857
2026-09-15T14:41:51.5701098Z   ...
2026-09-15T14:41:51.5702185Z # Subtest: grid-center: shipped Standard R4 first Down capture continues through idle and saved return
2026-09-15T14:41:51.5703782Z ok 127 - grid-center: shipped Standard R4 first Down capture continues through idle and saved return
2026-09-15T14:41:51.5704784Z   ---
2026-09-15T14:41:51.5705295Z   duration_ms: 885.031553
2026-09-15T14:41:51.5705839Z   ...
2026-09-15T14:41:51.5707078Z # Subtest: grid-center: same authored Gentle map retains legal capture and moving field actors
2026-09-15T14:41:51.5708589Z ok 128 - grid-center: same authored Gentle map retains legal capture and moving field actors
2026-09-15T14:41:51.5709534Z   ---
2026-09-15T14:41:51.5710019Z   duration_ms: 179.118543
2026-09-15T14:41:51.5710550Z   ...
2026-09-15T14:41:51.5711731Z # Subtest: grid-center: a closing impact trail repairs an embedded field actor without recapture or lost world time
2026-09-15T14:41:51.5713538Z ok 129 - grid-center: a closing impact trail repairs an embedded field actor without recapture or lost world time
2026-09-15T14:41:51.5715354Z   ---
2026-09-15T14:41:51.5715869Z   duration_ms: 210.883024
2026-09-15T14:41:51.5716669Z   ...
2026-09-15T14:41:51.5717730Z # Subtest: immediate: an earned extra life preserves a clean win and is accepted by progression
2026-09-15T14:41:51.5719616Z ok 130 - immediate: an earned extra life preserves a clean win and is accepted by progression
2026-09-15T14:41:51.5720577Z   ---
2026-09-15T14:41:51.5721078Z   duration_ms: 253.116666
2026-09-15T14:41:51.5721625Z   ...
2026-09-15T14:41:51.5722586Z # Subtest: immediate: replacing a lost life does not recreate clean play or a gold medal
2026-09-15T14:41:51.5723982Z ok 131 - immediate: replacing a lost life does not recreate clean play or a gold medal
2026-09-15T14:41:51.5724894Z   ---
2026-09-15T14:41:51.5725406Z   duration_ms: 255.370848
2026-09-15T14:41:51.5725958Z   ...
2026-09-15T14:41:51.5727266Z # Subtest: grid-center: an earned extra life preserves a clean win and is accepted by progression
2026-09-15T14:41:51.5728807Z ok 132 - grid-center: an earned extra life preserves a clean win and is accepted by progression
2026-09-15T14:41:51.5729771Z   ---
2026-09-15T14:41:51.5730266Z   duration_ms: 164.186638
2026-09-15T14:41:51.5730824Z   ...
2026-09-15T14:41:51.5731801Z # Subtest: grid-center: replacing a lost life does not recreate clean play or a gold medal
2026-09-15T14:41:51.5733231Z ok 133 - grid-center: replacing a lost life does not recreate clean play or a gold medal
2026-09-15T14:41:51.5734153Z   ---
2026-09-15T14:41:51.5734664Z   duration_ms: 127.918097
2026-09-15T14:41:51.5735228Z   ...
2026-09-15T14:41:51.5736879Z # Subtest: classic Gentle has its own policy and scales every moving classic role without editing the source
2026-09-15T14:41:51.5738619Z ok 134 - classic Gentle has its own policy and scales every moving classic role without editing the source
2026-09-15T14:41:51.5739674Z   ---
2026-09-15T14:41:51.5740172Z   duration_ms: 16.494199
2026-09-15T14:41:51.5740721Z   ...
2026-09-15T14:41:51.5741709Z # Subtest: lethal terrain has a readable terminal explanation without changing recovery UI
2026-09-15T14:41:51.5743145Z ok 135 - lethal terrain has a readable terminal explanation without changing recovery UI
2026-09-15T14:41:51.5744071Z   ---
2026-09-15T14:41:51.5744582Z   duration_ms: 0.482621
2026-09-15T14:41:51.5745150Z   ...
2026-09-15T14:41:51.5746480Z # Subtest: explicit Arcade non-card roles can reclaim status space without changing authored data
2026-09-15T14:41:51.5748209Z ok 136 - explicit Arcade non-card roles can reclaim status space without changing authored data
2026-09-15T14:41:51.5749317Z   ---
2026-09-15T14:41:51.5749917Z   duration_ms: 2.730349
2026-09-15T14:41:51.5750573Z   ...
2026-09-15T14:41:51.5751760Z # Subtest: Tactical, unknown policy, encounters and every warning-capable or future role retain space
2026-09-15T14:41:51.5753608Z ok 137 - Tactical, unknown policy, encounters and every warning-capable or future role retain space
2026-09-15T14:41:51.5754725Z   ---
2026-09-15T14:41:51.5755283Z   duration_ms: 0.459508
2026-09-15T14:41:51.5755928Z   ...
2026-09-15T14:41:51.5757384Z # Subtest: warning transitions and removal of a live enemy cannot release its authored warning reserve
2026-09-15T14:41:51.5759085Z ok 138 - warning transitions and removal of a live enemy cannot release its authored warning reserve
2026-09-15T14:41:51.5760210Z   ---
2026-09-15T14:41:51.5760803Z   duration_ms: 0.318765
2026-09-15T14:41:51.5761432Z   ...
2026-09-15T14:41:51.5762477Z # Subtest: all authored campaign themes and both policies validate without mutation
2026-09-15T14:41:51.5763943Z ok 139 - all authored campaign themes and both policies validate without mutation
2026-09-15T14:41:51.5764902Z   ---
2026-09-15T14:41:51.5765471Z   duration_ms: 47.756646
2026-09-15T14:41:51.5766342Z   ...
2026-09-15T14:41:51.5767615Z # Subtest: optional class appearance bindings use free registered rigs without changing recipes or unlocks
2026-09-15T14:41:51.5769427Z ok 140 - optional class appearance bindings use free registered rigs without changing recipes or unlocks
2026-09-15T14:41:51.5770548Z   ---
2026-09-15T14:41:51.5771124Z   duration_ms: 1.750339
2026-09-15T14:41:51.5771760Z   ...
2026-09-15T14:41:51.5773009Z # Subtest: class appearance references accept future IDs and old themes, but reject unsafe or oversized maps
2026-09-15T14:41:51.5775145Z ok 141 - class appearance references accept future IDs and old themes, but reject unsafe or oversized maps
2026-09-15T14:41:51.5776542Z   ---
2026-09-15T14:41:51.5777067Z   duration_ms: 1.694704
2026-09-15T14:41:51.5777629Z   ...
2026-09-15T14:41:51.5778740Z # Subtest: class appearance maps survive pack preparation and scenario resolution as presentation only
2026-09-15T14:41:51.5780359Z ok 142 - class appearance maps survive pack preparation and scenario resolution as presentation only
2026-09-15T14:41:51.5781372Z   ---
2026-09-15T14:41:51.5781859Z   duration_ms: 17.011519
2026-09-15T14:41:51.5782639Z   ...
2026-09-15T14:41:51.5783791Z # Subtest: optional presentation accepts the three explicit styles and rejects partial/unknown fields
2026-09-15T14:41:51.5785477Z ok 143 - optional presentation accepts the three explicit styles and rejects partial/unknown fields
2026-09-15T14:41:51.5786773Z   ---
2026-09-15T14:41:51.5787299Z   duration_ms: 6.289695
2026-09-15T14:41:51.5787847Z   ...
2026-09-15T14:41:51.5788699Z # Subtest: unknown configuration keys are rejected at their actual scope
2026-09-15T14:41:51.5789876Z ok 144 - unknown configuration keys are rejected at their actual scope
2026-09-15T14:41:51.5790691Z   ---
2026-09-15T14:41:51.5791177Z   duration_ms: 5.514918
2026-09-15T14:41:51.5791719Z   ...
2026-09-15T14:41:51.5793019Z # Subtest: theme identifiers, labels, colors and display strings must be useful bounded text
2026-09-15T14:41:51.5794528Z ok 145 - theme identifiers, labels, colors and display strings must be useful bounded text
2026-09-15T14:41:51.5795556Z   ---
2026-09-15T14:41:51.5796276Z   duration_ms: 3.431067
2026-09-15T14:41:51.5796886Z   ...
2026-09-15T14:41:51.5797868Z # Subtest: dangerous keys are rejected recursively including permitted level metadata
2026-09-15T14:41:51.5799244Z ok 146 - dangerous keys are rejected recursively including permitted level metadata
2026-09-15T14:41:51.5800147Z   ---
2026-09-15T14:41:51.5800634Z   duration_ms: 1.406346
2026-09-15T14:41:51.5801179Z   ...
2026-09-15T14:41:51.5802147Z # Subtest: cycles, accessors and non-JSON values reject without evaluating user getters
2026-09-15T14:41:51.5803532Z ok 147 - cycles, accessors and non-JSON values reject without evaluating user getters
2026-09-15T14:41:51.5804433Z   ---
2026-09-15T14:41:51.5804942Z   duration_ms: 6.267153
2026-09-15T14:41:51.5805482Z   ...
2026-09-15T14:41:51.5806695Z # Subtest: oversized collections and deeply nested metadata are bounded before kernel work
2026-09-15T14:41:51.5808209Z ok 148 - oversized collections and deeply nested metadata are bounded before kernel work
2026-09-15T14:41:51.5809156Z   ---
2026-09-15T14:41:51.5809656Z   duration_ms: 0.823388
2026-09-15T14:41:51.5810202Z   ...
2026-09-15T14:41:51.5811259Z # Subtest: sparse, decorated and altered-prototype arrays reject before their methods can be used
2026-09-15T14:41:51.5812826Z ok 149 - sparse, decorated and altered-prototype arrays reject before their methods can be used
2026-09-15T14:41:51.5813833Z   ---
2026-09-15T14:41:51.5814329Z   duration_ms: 1.265182
2026-09-15T14:41:51.5814871Z   ...
2026-09-15T14:41:51.5816257Z # Subtest: class recipe fallback uses an explicitly supplied default registry; malformed entries do not throw
2026-09-15T14:41:51.5818045Z ok 150 - class recipe fallback uses an explicitly supplied default registry; malformed entries do not throw
2026-09-15T14:41:51.5819133Z   ---
2026-09-15T14:41:51.5819626Z   duration_ms: 3.739743
2026-09-15T14:41:51.5820168Z   ...
2026-09-15T14:41:51.5820980Z # Subtest: scenario settings and level display metadata are bounded
2026-09-15T14:41:51.5822102Z ok 151 - scenario settings and level display metadata are bounded
2026-09-15T14:41:51.5822883Z   ---
2026-09-15T14:41:51.5823383Z   duration_ms: 3.468206
2026-09-15T14:41:51.5823916Z   ...
2026-09-15T14:41:51.5825003Z # Subtest: supported provenance metadata is text only and source URL never accepts executable schemes
2026-09-15T14:41:51.5826830Z ok 152 - supported provenance metadata is text only and source URL never accepts executable schemes
2026-09-15T14:41:51.5828118Z   ---
2026-09-15T14:41:51.5828615Z   duration_ms: 2.193206
2026-09-15T14:41:51.5829160Z   ...
2026-09-15T14:41:51.5830175Z # Subtest: real PNG plus JPEG/WebP header fixtures expose dimensions before browser allocation
2026-09-15T14:41:51.5831673Z ok 153 - real PNG plus JPEG/WebP header fixtures expose dimensions before browser allocation
2026-09-15T14:41:51.5832637Z   ---
2026-09-15T14:41:51.5833132Z   duration_ms: 1.479142
2026-09-15T14:41:51.5833685Z   ...
2026-09-15T14:41:51.5834812Z # Subtest: SVG, scripts, remote media, mislabeled bytes and malformed base64 cannot become visual bindings
2026-09-15T14:41:51.5836657Z ok 154 - SVG, scripts, remote media, mislabeled bytes and malformed base64 cannot become visual bindings
2026-09-15T14:41:51.5837830Z   ---
2026-09-15T14:41:51.5838445Z   duration_ms: 0.479245
2026-09-15T14:41:51.5839079Z   ...
2026-09-15T14:41:51.5840299Z # Subtest: individual and combined decoded pixel budgets reject compressed dimensions before decode
2026-09-15T14:41:51.5842047Z ok 155 - individual and combined decoded pixel budgets reject compressed dimensions before decode
2026-09-15T14:41:51.5843144Z   ---
2026-09-15T14:41:51.5843736Z   duration_ms: 1.580612
2026-09-15T14:41:51.5844376Z   ...
2026-09-15T14:41:51.5845655Z # Subtest: encoded and original-byte budgets are enforced before media parsing
2026-09-15T14:41:51.5847245Z ok 156 - encoded and original-byte budgets are enforced before media parsing
2026-09-15T14:41:51.5848072Z   ---
2026-09-15T14:41:51.5848543Z   duration_ms: 15.017472
2026-09-15T14:41:51.5849061Z   ...
2026-09-15T14:41:51.5850094Z # Subtest: animated and truncated containers reject rather than silently changing static visual roles
2026-09-15T14:41:51.5851649Z ok 157 - animated and truncated containers reject rather than silently changing static visual roles
2026-09-15T14:41:51.5852614Z   ---
2026-09-15T14:41:51.5853077Z   duration_ms: 1.165436
2026-09-15T14:41:51.5853589Z   ...
2026-09-15T14:41:51.5854563Z # Subtest: player override warns about retained rig anchors without changing physics or bytes
2026-09-15T14:41:51.5856177Z ok 158 - player override warns about retained rig anchors without changing physics or bytes
2026-09-15T14:41:51.5857128Z   ---
2026-09-15T14:41:51.5857598Z   duration_ms: 1.056814
2026-09-15T14:41:51.5858107Z   ...
2026-09-15T14:41:51.5859083Z # Subtest: optional procedural music remains data-only and exact through scenario validation
2026-09-15T14:41:51.5860511Z ok 159 - optional procedural music remains data-only and exact through scenario validation
2026-09-15T14:41:51.5861416Z   ---
2026-09-15T14:41:51.5861885Z   duration_ms: 2.454163
2026-09-15T14:41:51.5862390Z   ...
2026-09-15T14:41:51.5863502Z # Subtest: actual box intersections detect oversized children independently from their declared grid tracks
2026-09-15T14:41:51.5865185Z ok 160 - actual box intersections detect oversized children independently from their declared grid tracks
2026-09-15T14:41:51.5866498Z   ---
2026-09-15T14:41:51.5867002Z   duration_ms: 5.294586
2026-09-15T14:41:51.5867539Z   ...
2026-09-15T14:41:51.5868670Z # Subtest: edge touching is not overlap; hidden boxes are omitted and disabled boxes remain explicitly labeled
2026-09-15T14:41:51.5870383Z ok 161 - edge touching is not overlap; hidden boxes are omitted and disabled boxes remain explicitly labeled
2026-09-15T14:41:51.5871421Z   ---
2026-09-15T14:41:51.5871909Z   duration_ms: 2.565862
2026-09-15T14:41:51.5872446Z   ...
2026-09-15T14:41:51.5873559Z # Subtest: child CSS coordinates and actual media remain distinct from requested viewport and outer scale
2026-09-15T14:41:51.5875228Z ok 162 - child CSS coordinates and actual media remain distinct from requested viewport and outer scale
2026-09-15T14:41:51.5876550Z   ---
2026-09-15T14:41:51.5877075Z   duration_ms: 1.352545
2026-09-15T14:41:51.5877644Z   ...
2026-09-15T14:41:51.5878907Z # Subtest: arena overlap and approximate content overflow are reported without inventing hit testing or mutating DOM
2026-09-15T14:41:51.5881054Z ok 163 - arena overlap and approximate content overflow are reported without inventing hit testing or mutating DOM
2026-09-15T14:41:51.5882177Z   ---
2026-09-15T14:41:51.5882695Z   duration_ms: 1.160227
2026-09-15T14:41:51.5883246Z   ...
2026-09-15T14:41:51.5884307Z # Subtest: missing or malformed geometry is bounded and never reports Infinity as a measured size
2026-09-15T14:41:51.5885898Z ok 164 - missing or malformed geometry is bounded and never reports Infinity as a measured size
2026-09-15T14:41:51.5887134Z   ---
2026-09-15T14:41:51.5887647Z   duration_ms: 1.281322
2026-09-15T14:41:51.5888198Z   ...
2026-09-15T14:41:51.5889243Z # Subtest: mode selection reports the actual merged preference rather than an uncommitted request
2026-09-15T14:41:51.5890788Z ok 165 - mode selection reports the actual merged preference rather than an uncommitted request
2026-09-15T14:41:51.5891763Z   ---
2026-09-15T14:41:51.5892260Z   duration_ms: 7.477332
2026-09-15T14:41:51.5892815Z   ...
2026-09-15T14:41:51.5893912Z # Subtest: session-only adoption remains usable and cannot inherit a previous successful save message
2026-09-15T14:41:51.5895648Z ok 166 - session-only adoption remains usable and cannot inherit a previous successful save message
2026-09-15T14:41:51.5896894Z   ---
2026-09-15T14:41:51.5897615Z   duration_ms: 2.424237
2026-09-15T14:41:51.5898191Z   ...
2026-09-15T14:41:51.5899184Z # Subtest: a malformed native candidate cannot call adoption or change the accepted mode
2026-09-15T14:41:51.5900649Z ok 167 - a malformed native candidate cannot call adoption or change the accepted mode
2026-09-15T14:41:51.5901574Z   ---
2026-09-15T14:41:51.5902084Z   duration_ms: 0.896323
2026-09-15T14:41:51.5902639Z   ...
2026-09-15T14:41:51.5903698Z # Subtest: profile replacement refreshes the displayed mode without another persistence write
2026-09-15T14:41:51.5905231Z ok 168 - profile replacement refreshes the displayed mode without another persistence write
2026-09-15T14:41:51.5906444Z   ---
2026-09-15T14:41:51.5906954Z   duration_ms: 0.579823
2026-09-15T14:41:51.5907482Z   ...
2026-09-15T14:41:51.5908294Z # Subtest: a destroyed settings surface cannot adopt a late native change
2026-09-15T14:41:51.5909548Z ok 169 - a destroyed settings surface cannot adopt a late native change
2026-09-15T14:41:51.5910429Z   ---
2026-09-15T14:41:51.5910930Z   duration_ms: 0.540669
2026-09-15T14:41:51.5911444Z   ...
2026-09-15T14:41:51.5912447Z # Subtest: controller cue announces transitions and remaps once while repeated frames stay quiet
2026-09-15T14:41:51.5913946Z ok 170 - controller cue announces transitions and remaps once while repeated frames stay quiet
2026-09-15T14:41:51.5915014Z   ---
2026-09-15T14:41:51.5915530Z   duration_ms: 0.296824
2026-09-15T14:41:51.5916294Z   ...
2026-09-15T14:41:51.5917349Z # Subtest: unavailable Boost shows status without offering a button owned by another context
2026-09-15T14:41:51.5918833Z ok 171 - unavailable Boost shows status without offering a button owned by another context
2026-09-15T14:41:51.5919802Z   ---
2026-09-15T14:41:51.5920349Z   duration_ms: 0.476009
2026-09-15T14:41:51.5946689Z   ...
2026-09-15T14:41:51.5947924Z # Subtest: only omitted controller preferences migrate to null without changing source bytes or awards
2026-09-15T14:41:51.5977360Z ok 172 - only omitted controller preferences migrate to null without changing source bytes or awards
2026-09-15T14:41:51.5990583Z   ---
2026-09-15T14:41:51.5991165Z   duration_ms: 84.526964
2026-09-15T14:41:51.5991765Z   ...
2026-09-15T14:41:51.5992888Z # Subtest: explicit remaps and null resets survive owned preference, export and storage roundtrips
2026-09-15T14:41:51.5994503Z ok 173 - explicit remaps and null resets survive owned preference, export and storage roundtrips
2026-09-15T14:41:51.5995701Z   ---
2026-09-15T14:41:51.5996465Z   duration_ms: 56.259223
2026-09-15T14:41:51.5997051Z   ...
2026-09-15T14:41:51.5998196Z # Subtest: malformed or unknown controller configurations reject before any profile or recovery writes
2026-09-15T14:41:51.6000212Z ok 174 - malformed or unknown controller configurations reject before any profile or recovery writes
2026-09-15T14:41:51.6001258Z   ---
2026-09-15T14:41:51.6001765Z   duration_ms: 87.763821
2026-09-15T14:41:51.6002322Z   ...
2026-09-15T14:41:51.6003291Z # Subtest: controller preference accessors are rejected without invocation or writes
2026-09-15T14:41:51.6004678Z ok 175 - controller preference accessors are rejected without invocation or writes
2026-09-15T14:41:51.6005586Z   ---
2026-09-15T14:41:51.6006313Z   duration_ms: 1.626428
2026-09-15T14:41:51.6006888Z   ...
2026-09-15T14:41:51.6008075Z # Subtest: canonical equality preserves remote remaps and applies deliberate config changes as one preference
2026-09-15T14:41:51.6009857Z ok 176 - canonical equality preserves remote remaps and applies deliberate config changes as one preference
2026-09-15T14:41:51.6010985Z   ---
2026-09-15T14:41:51.6011532Z   duration_ms: 53.982855
2026-09-15T14:41:51.6012107Z   ...
2026-09-15T14:41:51.6014263Z # Subtest: storage merge preserves another writer’s complete remap during an unrelated stale preference edit
2026-09-15T14:41:51.6016756Z ok 177 - storage merge preserves another writer’s complete remap during an unrelated stale preference edit
2026-09-15T14:41:51.6017953Z   ---
2026-09-15T14:41:51.6018484Z   duration_ms: 34.556908
2026-09-15T14:41:51.6019318Z   ...
2026-09-15T14:41:51.6020586Z # Subtest: complete backup migrates omitted controller preferences without changing content or suspended flight
2026-09-15T14:41:51.6022445Z ok 178 - complete backup migrates omitted controller preferences without changing content or suspended flight
2026-09-15T14:41:51.6023590Z   ---
2026-09-15T14:41:51.6024120Z   duration_ms: 198.826478
2026-09-15T14:41:51.6024693Z   ...
2026-09-15T14:41:51.6025957Z # Subtest: complete backup preserves configured controller preferences without changing content or suspended flight
2026-09-15T14:41:51.6028123Z ok 179 - complete backup preserves configured controller preferences without changing content or suspended flight
2026-09-15T14:41:51.6029299Z   ---
2026-09-15T14:41:51.6029822Z   duration_ms: 205.479845
2026-09-15T14:41:51.6030384Z   ...
2026-09-15T14:41:51.6031352Z # Subtest: invalid backup preferences reject before content decode or caller adoption
2026-09-15T14:41:51.6032775Z ok 180 - invalid backup preferences reject before content decode or caller adoption
2026-09-15T14:41:51.6033693Z   ---
2026-09-15T14:41:51.6034199Z   duration_ms: 48.502158
2026-09-15T14:41:51.6034760Z   ...
2026-09-15T14:41:51.6036347Z # Subtest: previous-release copy migrates omitted controller settings while leaving source profile, assets and session untouched
2026-09-15T14:41:51.6038461Z ok 181 - previous-release copy migrates omitted controller settings while leaving source profile, assets and session untouched
2026-09-15T14:41:51.6039671Z   ---
2026-09-15T14:41:51.6040179Z   duration_ms: 76.818142
2026-09-15T14:41:51.6040746Z   ...
2026-09-15T14:41:51.6042131Z # Subtest: previous-release copy validates explicit controller settings while leaving source profile, assets and session untouched
2026-09-15T14:41:51.6044248Z ok 182 - previous-release copy validates explicit controller settings while leaving source profile, assets and session untouched
2026-09-15T14:41:51.6045482Z   ---
2026-09-15T14:41:51.6046179Z   duration_ms: 90.897302
2026-09-15T14:41:51.6046775Z   ...
2026-09-15T14:41:51.6047903Z # Subtest: joining needs an observed neutral then a deliberate button; join never activates UI or flight
2026-09-15T14:41:51.6049581Z ok 183 - joining needs an observed neutral then a deliberate button; join never activates UI or flight
2026-09-15T14:41:51.6050717Z   ---
2026-09-15T14:41:51.6051288Z   duration_ms: 5.724839
2026-09-15T14:41:51.6051908Z   ...
2026-09-15T14:41:51.6053086Z # Subtest: one sample reads hardware once, uses the latest object, and never retains mutable snapshots
2026-09-15T14:41:51.6054819Z ok 184 - one sample reads hardware once, uses the latest object, and never retains mutable snapshots
2026-09-15T14:41:51.6056354Z   ---
2026-09-15T14:41:51.6056895Z   duration_ms: 0.831743
2026-09-15T14:41:51.6057463Z   ...
2026-09-15T14:41:51.6058481Z # Subtest: only exact flight scope emits held gameplay actions; other scopes emit UI edges
2026-09-15T14:41:51.6059948Z ok 185 - only exact flight scope emits held gameplay actions; other scopes emit UI edges
2026-09-15T14:41:51.6060895Z   ---
2026-09-15T14:41:51.6061393Z   duration_ms: 2.94027
2026-09-15T14:41:51.6061942Z   ...
2026-09-15T14:41:51.6062931Z # Subtest: scope changes and clear suppress held directions/buttons until a neutral sample
2026-09-15T14:41:51.6064368Z ok 186 - scope changes and clear suppress held directions/buttons until a neutral sample
2026-09-15T14:41:51.6065327Z   ---
2026-09-15T14:41:51.6065832Z   duration_ms: 0.701019
2026-09-15T14:41:51.6066630Z   ...
2026-09-15T14:41:51.6067710Z # Subtest: special flight buttons are single actions with priority and cannot leak held equipment
2026-09-15T14:41:51.6069283Z ok 187 - special flight buttons are single actions with priority and cannot leak held equipment
2026-09-15T14:41:51.6070276Z   ---
2026-09-15T14:41:51.6070784Z   duration_ms: 1.329793
2026-09-15T14:41:51.6071330Z   ...
2026-09-15T14:41:51.6072343Z # Subtest: UI activation/back/menu never repeat and suppress same-sample direction changes
2026-09-15T14:41:51.6073998Z ok 188 - UI activation/back/menu never repeat and suppress same-sample direction changes
2026-09-15T14:41:51.6074954Z   ---
2026-09-15T14:41:51.6075466Z   duration_ms: 0.641938
2026-09-15T14:41:51.6076212Z   ...
2026-09-15T14:41:51.6077239Z # Subtest: UI repeat uses elapsed time, resets on reversal, and produces no catch-up burst
2026-09-15T14:41:51.6078682Z ok 189 - UI repeat uses elapsed time, resets on reversal, and produces no catch-up burst
2026-09-15T14:41:51.6079618Z   ---
2026-09-15T14:41:51.6080121Z   duration_ms: 0.671784
2026-09-15T14:41:51.6080672Z   ...
2026-09-15T14:41:51.6081550Z # Subtest: direction repeat remains bounded at slow and fast sampling rates
2026-09-15T14:41:51.6082806Z ok 190 - direction repeat remains bounded at slow and fast sampling rates
2026-09-15T14:41:51.6083658Z   ---
2026-09-15T14:41:51.6084167Z   duration_ms: 10.10538
2026-09-15T14:41:51.6084714Z   ...
2026-09-15T14:41:51.6085747Z # Subtest: finite axes, threshold and digital priority yield reliable cardinal input
2026-09-15T14:41:51.6087318Z ok 191 - finite axes, threshold and digital priority yield reliable cardinal input
2026-09-15T14:41:51.6088221Z   ---
2026-09-15T14:41:51.6088728Z   duration_ms: 0.74469
2026-09-15T14:41:51.6089274Z   ...
2026-09-15T14:41:51.6090331Z # Subtest: assignment follows the deliberate joining pad and ignores later lower-index arrivals
2026-09-15T14:41:51.6091890Z ok 192 - assignment follows the deliberate joining pad and ignores later lower-index arrivals
2026-09-15T14:41:51.6092873Z   ---
2026-09-15T14:41:51.6093379Z   duration_ms: 0.597706
2026-09-15T14:41:51.6093922Z   ...
2026-09-15T14:41:51.6095067Z # Subtest: selected pad loss pauses ownership even while another pad remains; rejoin is explicit
2026-09-15T14:41:51.6096830Z ok 193 - selected pad loss pauses ownership even while another pad remains; rejoin is explicit
2026-09-15T14:41:51.6097845Z   ---
2026-09-15T14:41:51.6098352Z   duration_ms: 0.618385
2026-09-15T14:41:51.6098909Z   ...
2026-09-15T14:41:51.6099951Z # Subtest: descriptor replacement and same-model explicit disconnect invalidate a reused slot
2026-09-15T14:41:51.6101475Z ok 194 - descriptor replacement and same-model explicit disconnect invalidate a reused slot
2026-09-15T14:41:51.6102473Z   ---
2026-09-15T14:41:51.6102993Z   duration_ms: 0.691531
2026-09-15T14:41:51.6103548Z   ...
2026-09-15T14:41:51.6104548Z # Subtest: disconnecting an unassigned second pad never disrupts the assigned controller
2026-09-15T14:41:51.6106169Z ok 195 - disconnecting an unassigned second pad never disrupts the assigned controller
2026-09-15T14:41:51.6107128Z   ---
2026-09-15T14:41:51.6107642Z   duration_ms: 0.477622
2026-09-15T14:41:51.6108430Z   ...
2026-09-15T14:41:51.6109527Z # Subtest: API denial clears assignment once and distinguishes unsupported from absent controllers
2026-09-15T14:41:51.6111126Z ok 196 - API denial clears assignment once and distinguishes unsupported from absent controllers
2026-09-15T14:41:51.6112123Z   ---
2026-09-15T14:41:51.6112645Z   duration_ms: 1.727796
2026-09-15T14:41:51.6113196Z   ...
2026-09-15T14:41:51.6114324Z # Subtest: invalidate requires rejoin; destroyed router removes its listener and performs no more reads
2026-09-15T14:41:51.6116199Z ok 197 - invalidate requires rejoin; destroyed router removes its listener and performs no more reads
2026-09-15T14:41:51.6117256Z   ---
2026-09-15T14:41:51.6117763Z   duration_ms: 0.480357
2026-09-15T14:41:51.6118320Z   ...
2026-09-15T14:41:51.6119378Z # Subtest: invalid configuration rejects and malformed clocks never cause repeating activations
2026-09-15T14:41:51.6120939Z ok 198 - invalid configuration rejects and malformed clocks never cause repeating activations
2026-09-15T14:41:51.6121947Z   ---
2026-09-15T14:41:51.6122453Z   duration_ms: 0.841582
2026-09-15T14:41:51.6122997Z   ...
2026-09-15T14:41:51.6124050Z # Subtest: solo auto-join accepts the first action after neutral without consuming a join press
2026-09-15T14:41:51.6125760Z ok 199 - solo auto-join accepts the first action after neutral without consuming a join press
2026-09-15T14:41:51.6126989Z   ---
2026-09-15T14:41:51.6127514Z   duration_ms: 0.936729
2026-09-15T14:41:51.6128067Z   ...
2026-09-15T14:41:51.6129135Z # Subtest: solo cannot start from held discovery input, scope changes, or a reconnected controller
2026-09-15T14:41:51.6130718Z ok 200 - solo cannot start from held discovery input, scope changes, or a reconnected controller
2026-09-15T14:41:51.6131783Z   ---
2026-09-15T14:41:51.6132292Z   duration_ms: 0.666855
2026-09-15T14:41:51.6132836Z   ...
2026-09-15T14:41:51.6134028Z # Subtest: Xbox Wireless Controller: both sticks, all D-pad directions, face actions and pause use standard physical positions
2026-09-15T14:41:51.6135859Z ok 201 - Xbox Wireless Controller: both sticks, all D-pad directions, face actions and pause use standard physical positions
2026-09-15T14:41:51.6137159Z   ---
2026-09-15T14:41:51.6137623Z   duration_ms: 1.71869
2026-09-15T14:41:51.6138137Z   ...
2026-09-15T14:41:51.6139403Z # Subtest: DualSense Wireless Controller: both sticks, all D-pad directions, face actions and pause use standard physical positions
2026-09-15T14:41:51.6141343Z ok 202 - DualSense Wireless Controller: both sticks, all D-pad directions, face actions and pause use standard physical positions
2026-09-15T14:41:51.6142469Z   ---
2026-09-15T14:41:51.6142944Z   duration_ms: 1.11927
2026-09-15T14:41:51.6143448Z   ...
2026-09-15T14:41:51.6144587Z # Subtest: DualShock 4: both sticks, all D-pad directions, face actions and pause use standard physical positions
2026-09-15T14:41:51.6146455Z ok 203 - DualShock 4: both sticks, all D-pad directions, face actions and pause use standard physical positions
2026-09-15T14:41:51.6147529Z   ---
2026-09-15T14:41:51.6148086Z   duration_ms: 0.847272
2026-09-15T14:41:51.6148643Z   ...
2026-09-15T14:41:51.6149955Z # Subtest: Steam Deck (standard gamepad): both sticks, all D-pad directions, face actions and pause use standard physical positions
2026-09-15T14:41:51.6151912Z ok 204 - Steam Deck (standard gamepad): both sticks, all D-pad directions, face actions and pause use standard physical positions
2026-09-15T14:41:51.6153178Z   ---
2026-09-15T14:41:51.6153698Z   duration_ms: 0.828397
2026-09-15T14:41:51.6154245Z   ...
2026-09-15T14:41:51.6155500Z # Subtest: Generic USB Gamepad: both sticks, all D-pad directions, face actions and pause use standard physical positions
2026-09-15T14:41:51.6157652Z ok 205 - Generic USB Gamepad: both sticks, all D-pad directions, face actions and pause use standard physical positions
2026-09-15T14:41:51.6158782Z   ---
2026-09-15T14:41:51.6159285Z   duration_ms: 0.918054
2026-09-15T14:41:51.6159831Z   ...
2026-09-15T14:41:51.6160787Z # Subtest: menu face aliases and shoulders/triggers work with edge detection and repeat
2026-09-15T14:41:51.6162446Z ok 206 - menu face aliases and shoulders/triggers work with edge detection and repeat
2026-09-15T14:41:51.6163370Z   ---
2026-09-15T14:41:51.6163877Z   duration_ms: 1.002743
2026-09-15T14:41:51.6164446Z   ...
2026-09-15T14:41:51.6165561Z # Subtest: saved defaults and label/dead-zone choices keep both sticks; explicit remaps take priority
2026-09-15T14:41:51.6167411Z ok 207 - saved defaults and label/dead-zone choices keep both sticks; explicit remaps take priority
2026-09-15T14:41:51.6168458Z   ---
2026-09-15T14:41:51.6168962Z   duration_ms: 2.57565
2026-09-15T14:41:51.6169576Z   ...
2026-09-15T14:41:51.6170584Z # Subtest: two-percent recharge counts cumulative unique territory at the exact boundary
2026-09-15T14:41:51.6172023Z ok 208 - two-percent recharge counts cumulative unique territory at the exact boundary
2026-09-15T14:41:51.6172950Z   ---
2026-09-15T14:41:51.6173470Z   duration_ms: 20.843371
2026-09-15T14:41:51.6174038Z   ...
2026-09-15T14:41:51.6175121Z # Subtest: ordinary-cover comparison preserves time-based recharge without territory acceleration
2026-09-15T14:41:51.6176966Z ok 209 - ordinary-cover comparison preserves time-based recharge without territory acceleration
2026-09-15T14:41:51.6178004Z   ---
2026-09-15T14:41:51.6178513Z   duration_ms: 14.466073
2026-09-15T14:41:51.6179280Z   ...
2026-09-15T14:41:51.6180333Z # Subtest: a large capture refills at most one Support charge and cannot store excess credits
2026-09-15T14:41:51.6181812Z ok 210 - a large capture refills at most one Support charge and cannot store excess credits
2026-09-15T14:41:51.6182759Z   ---
2026-09-15T14:41:51.6183268Z   duration_ms: 7.963771
2026-09-15T14:41:51.6183826Z   ...
2026-09-15T14:41:51.6184844Z # Subtest: holding Support never stores or spends extra charges after its eight-second refill
2026-09-15T14:41:51.6186551Z ok 211 - holding Support never stores or spends extra charges after its eight-second refill
2026-09-15T14:41:51.6187561Z   ---
2026-09-15T14:41:51.6188083Z   duration_ms: 96.295585
2026-09-15T14:41:51.6188638Z   ...
2026-09-15T14:41:51.6189601Z # Subtest: overlapping Support pulses neither multiply slow nor extend its original deadline
2026-09-15T14:41:51.6191042Z ok 212 - overlapping Support pulses neither multiply slow nor extend its original deadline
2026-09-15T14:41:51.6192068Z   ---
2026-09-15T14:41:51.6192600Z   duration_ms: 11.117079
2026-09-15T14:41:51.6193163Z   ...
2026-09-15T14:41:51.6194288Z # Subtest: Support credits actual slowing rather than stationary enemies that only receive a slow marker
2026-09-15T14:41:51.6196283Z ok 213 - Support credits actual slowing rather than stationary enemies that only receive a slow marker
2026-09-15T14:41:51.6197342Z   ---
2026-09-15T14:41:51.6197851Z   duration_ms: 4.411768
2026-09-15T14:41:51.6198437Z   ...
2026-09-15T14:41:51.6199341Z # Subtest: pause freezes Support cooldown, slow duration, and rescue progress
2026-09-15T14:41:51.6200622Z ok 214 - pause freezes Support cooldown, slow duration, and rescue progress
2026-09-15T14:41:51.6201479Z   ---
2026-09-15T14:41:51.6201980Z   duration_ms: 6.374374
2026-09-15T14:41:51.6202526Z   ...
2026-09-15T14:41:51.6203646Z # Subtest: one-second safe Support rescue takes precedence over a ready pulse and preserves both charges
2026-09-15T14:41:51.6205410Z ok 215 - one-second safe Support rescue takes precedence over a ready pulse and preserves both charges
2026-09-15T14:41:51.6206751Z   ---
2026-09-15T14:41:51.6207276Z   duration_ms: 15.675932
2026-09-15T14:41:51.6207836Z   ...
2026-09-15T14:41:51.6208820Z # Subtest: moving away cancels a partial rescue instead of saving its previous progress
2026-09-15T14:41:51.6210228Z ok 216 - moving away cancels a partial rescue instead of saving its previous progress
2026-09-15T14:41:51.6211139Z   ---
2026-09-15T14:41:51.6211666Z   duration_ms: 14.242622
2026-09-15T14:41:51.6212216Z   ...
2026-09-15T14:41:51.6213130Z # Subtest: a fresh same-direction steering gesture cancels a held rescue channel
2026-09-15T14:41:51.6214735Z ok 217 - a fresh same-direction steering gesture cancels a held rescue channel
2026-09-15T14:41:51.6215633Z   ---
2026-09-15T14:41:51.6216384Z   duration_ms: 8.957116
2026-09-15T14:41:51.6216965Z   ...
2026-09-15T14:41:51.6218024Z # Subtest: capture rescue counts two percent since this knockdown, rather than old team progress
2026-09-15T14:41:51.6219574Z ok 218 - capture rescue counts two percent since this knockdown, rather than old team progress
2026-09-15T14:41:51.6220559Z   ---
2026-09-15T14:41:51.6221062Z   duration_ms: 10.721811
2026-09-15T14:41:51.6235853Z   ...
2026-09-15T14:41:51.6237294Z # Subtest: downed players crawl only on safe ground and rescue at their current crawl location
2026-09-15T14:41:51.6238858Z ok 219 - downed players crawl only on safe ground and rescue at their current crawl location
2026-09-15T14:41:51.6239857Z   ---
2026-09-15T14:41:51.6240411Z   duration_ms: 36.874585
2026-09-15T14:41:51.6241002Z   ...
2026-09-15T14:41:51.6242047Z # Subtest: recovery grace ends when the revived player deliberately begins a new exposed cut
2026-09-15T14:41:51.6243554Z ok 220 - recovery grace ends when the revived player deliberately begins a new exposed cut
2026-09-15T14:41:51.6244529Z   ---
2026-09-15T14:41:51.6245075Z   duration_ms: 16.574539
2026-09-15T14:41:51.6245664Z   ...
2026-09-15T14:41:51.6247008Z # Subtest: a captured required anchor does grant a below-threshold rescue
2026-09-15T14:41:51.6248301Z ok 221 - a captured required anchor does grant a below-threshold rescue
2026-09-15T14:41:51.6249158Z   ---
2026-09-15T14:41:51.6249689Z   duration_ms: 11.39603
2026-09-15T14:41:51.6250273Z   ...
2026-09-15T14:41:51.6251189Z # Subtest: a captured optional anchor does not grant a below-threshold rescue
2026-09-15T14:41:51.6252513Z ok 222 - a captured optional anchor does not grant a below-threshold rescue
2026-09-15T14:41:51.6253472Z   ---
2026-09-15T14:41:51.6254023Z   duration_ms: 3.98446
2026-09-15T14:41:51.6254600Z   ...
2026-09-15T14:41:51.6255735Z # Subtest: ordinary-cover comparison retains held rescue but disables capture-based free revival
2026-09-15T14:41:51.6257704Z ok 223 - ordinary-cover comparison retains held rescue but disables capture-based free revival
2026-09-15T14:41:51.6258781Z   ---
2026-09-15T14:41:51.6259337Z   duration_ms: 11.825853
2026-09-15T14:41:51.6259924Z   ...
2026-09-15T14:41:51.6261015Z # Subtest: a single timeout spends one reserve and preserves the survivor and both ability states
2026-09-15T14:41:51.6262594Z ok 224 - a single timeout spends one reserve and preserves the survivor and both ability states
2026-09-15T14:41:51.6263619Z   ---
2026-09-15T14:41:51.6264194Z   duration_ms: 159.048798
2026-09-15T14:41:51.6264790Z   ...
2026-09-15T14:41:51.6265886Z # Subtest: zero reserves preserve the free-rescue opportunity after the timeout expires
2026-09-15T14:41:51.6267751Z ok 225 - zero reserves preserve the free-rescue opportunity after the timeout expires
2026-09-15T14:41:51.6268828Z   ---
2026-09-15T14:41:51.6269449Z   duration_ms: 64.105042
2026-09-15T14:41:51.6270156Z   ...
2026-09-15T14:41:51.6271438Z # Subtest: both-down redeployment costs one reserve, uses authored spawns, and preserves ability cooldowns
2026-09-15T14:41:51.6273365Z ok 226 - both-down redeployment costs one reserve, uses authored spawns, and preserves ability cooldowns
2026-09-15T14:41:51.6274540Z   ---
2026-09-15T14:41:51.6275165Z   duration_ms: 1.365601
2026-09-15T14:41:51.6275772Z   ...
2026-09-15T14:41:51.6277186Z # Subtest: a winning capture on the timeout instant restores the partner before any reserve is spent
2026-09-15T14:41:51.6278894Z ok 227 - a winning capture on the timeout instant restores the partner before any reserve is spent
2026-09-15T14:41:51.6279933Z   ---
2026-09-15T14:41:51.6280488Z   duration_ms: 40.725186
2026-09-15T14:41:51.6281096Z   ...
2026-09-15T14:41:51.6282184Z # Subtest: a completed contact rescue at the timeout instant wins over the paid reserve fallback
2026-09-15T14:41:51.6283734Z ok 228 - a completed contact rescue at the timeout instant wins over the paid reserve fallback
2026-09-15T14:41:51.6284994Z   ---
2026-09-15T14:41:51.6285539Z   duration_ms: 66.553478
2026-09-15T14:41:51.6286339Z   ...
2026-09-15T14:41:51.6287551Z # Subtest: a qualifying non-winning capture at the timeout instant revives freely before reserve fallback
2026-09-15T14:41:51.6289428Z ok 229 - a qualifying non-winning capture at the timeout instant revives freely before reserve fallback
2026-09-15T14:41:51.6290543Z   ---
2026-09-15T14:41:51.6291095Z   duration_ms: 40.067968
2026-09-15T14:41:51.6291690Z   ...
2026-09-15T14:41:51.6292658Z # Subtest: meaningful cooperation credit never gates a legal small head rendezvous
2026-09-15T14:41:51.6294045Z ok 230 - meaningful cooperation credit never gates a legal small head rendezvous
2026-09-15T14:41:51.6295061Z   ---
2026-09-15T14:41:51.6295594Z   duration_ms: 1.753203
2026-09-15T14:41:51.6296408Z   ...
2026-09-15T14:41:51.6297422Z # Subtest: capturing both anchors unlocks the core only after the complete transaction
2026-09-15T14:41:51.6298849Z ok 231 - capturing both anchors unlocks the core only after the complete transaction
2026-09-15T14:41:51.6299789Z   ---
2026-09-15T14:41:51.6300505Z   duration_ms: 3.77588
2026-09-15T14:41:51.6301114Z   ...
2026-09-15T14:41:51.6302503Z # Subtest: an assisting prefix can capture the second anchor without retroactively filling the shielded core
2026-09-15T14:41:51.6304307Z ok 232 - an assisting prefix can capture the second anchor without retroactively filling the shielded core
2026-09-15T14:41:51.6305401Z   ---
2026-09-15T14:41:51.6305947Z   duration_ms: 4.974879
2026-09-15T14:41:51.6306759Z   ...
2026-09-15T14:41:51.6307872Z # Subtest: Support intercepts only travelling impacts in range and records actual protection once
2026-09-15T14:41:51.6309507Z ok 233 - Support intercepts only travelling impacts in range and records actual protection once
2026-09-15T14:41:51.6310555Z   ---
2026-09-15T14:41:51.6311094Z   duration_ms: 1.599697
2026-09-15T14:41:51.6311688Z   ...
2026-09-15T14:41:51.6312818Z # Subtest: capture discards an impact on a banked prefix and preserves one on the remaining suffix
2026-09-15T14:41:51.6314441Z ok 234 - capture discards an impact on a banked prefix and preserves one on the remaining suffix
2026-09-15T14:41:51.6315484Z   ---
2026-09-15T14:41:51.6316210Z   duration_ms: 4.062637
2026-09-15T14:41:51.6316839Z   ...
2026-09-15T14:41:51.6317973Z # Subtest: an impact launched onto a head at the rendezvous instant is resolved before the joint bank
2026-09-15T14:41:51.6319583Z ok 235 - an impact launched onto a head at the rendezvous instant is resolved before the joint bank
2026-09-15T14:41:51.6320605Z   ---
2026-09-15T14:41:51.6321133Z   duration_ms: 1.347787
2026-09-15T14:41:51.6321706Z   ...
2026-09-15T14:41:51.6322755Z # Subtest: shield break leaves its emitter active until the exposed core is actually captured
2026-09-15T14:41:51.6324274Z ok 236 - shield break leaves its emitter active until the exposed core is actually captured
2026-09-15T14:41:51.6325258Z   ---
2026-09-15T14:41:51.6325808Z   duration_ms: 17.745548
2026-09-15T14:41:51.6326648Z   ...
2026-09-15T14:41:51.6327617Z # Subtest: defeating one core removes only its emitter and owned travelling impacts
2026-09-15T14:41:51.6328996Z ok 237 - defeating one core removes only its emitter and owned travelling impacts
2026-09-15T14:41:51.6329917Z   ---
2026-09-15T14:41:51.6330457Z   duration_ms: 7.756624
2026-09-15T14:41:51.6331049Z   ...
2026-09-15T14:41:51.6332122Z # Subtest: Hunter warning locks its target point and commitment cannot retarget a closer player
2026-09-15T14:41:51.6333670Z ok 238 - Hunter warning locks its target point and commitment cannot retarget a closer player
2026-09-15T14:41:51.6334671Z   ---
2026-09-15T14:41:51.6335206Z   duration_ms: 26.351035
2026-09-15T14:41:51.6335780Z   ...
2026-09-15T14:41:51.6337056Z # Subtest: a Hunter whose warned target goes down recovers instead of changing targets or committing
2026-09-15T14:41:51.6338693Z ok 239 - a Hunter whose warned target goes down recovers instead of changing targets or committing
2026-09-15T14:41:51.6339957Z   ---
2026-09-15T14:41:51.6340514Z   duration_ms: 21.921313
2026-09-15T14:41:51.6341107Z   ...
2026-09-15T14:41:51.6342043Z # Subtest: a recovering Hunter cannot inflict an unannounced body or trail hit
2026-09-15T14:41:51.6343366Z ok 240 - a recovering Hunter cannot inflict an unannounced body or trail hit
2026-09-15T14:41:51.6344255Z   ---
2026-09-15T14:41:51.6344786Z   duration_ms: 7.917264
2026-09-15T14:41:51.6345355Z   ...
2026-09-15T14:41:51.6346489Z # Subtest: a Hunter contact at 0.004s respects its 0.005s recovery boundary
2026-09-15T14:41:51.6347751Z ok 241 - a Hunter contact at 0.004s respects its 0.005s recovery boundary
2026-09-15T14:41:51.6348596Z   ---
2026-09-15T14:41:51.6349125Z   duration_ms: 0.967878
2026-09-15T14:41:51.6349704Z   ...
2026-09-15T14:41:51.6350581Z # Subtest: a Hunter contact at 0.005s respects its 0.005s recovery boundary
2026-09-15T14:41:51.6351792Z ok 242 - a Hunter contact at 0.005s respects its 0.005s recovery boundary
2026-09-15T14:41:51.6352647Z   ---
2026-09-15T14:41:51.6353181Z   duration_ms: 0.764638
2026-09-15T14:41:51.6353762Z   ...
2026-09-15T14:41:51.6354984Z # Subtest: capturing a harmless Hunter cell defeats it without leaving an active actor or stale threat deadline
2026-09-15T14:41:51.6357175Z ok 243 - capturing a harmless Hunter cell defeats it without leaving an active actor or stale threat deadline
2026-09-15T14:41:51.6358325Z   ---
2026-09-15T14:41:51.6358883Z   duration_ms: 33.578518
2026-09-15T14:41:51.6359506Z   ...
2026-09-15T14:41:51.6360784Z # Subtest: a Hunter partially overlapped by new safe territory reflects inward commitment without entering safe cells
2026-09-15T14:41:51.6362694Z ok 244 - a Hunter partially overlapped by new safe territory reflects inward commitment without entering safe cells
2026-09-15T14:41:51.6363838Z   ---
2026-09-15T14:41:51.6364620Z   duration_ms: 12.568199
2026-09-15T14:41:51.6365245Z   ...
2026-09-15T14:41:51.6366624Z # Subtest: merely enclosing a harmless Hunter retains its field until a cut actually claims its cell
2026-09-15T14:41:51.6368416Z ok 245 - merely enclosing a harmless Hunter retains its field until a cut actually claims its cell
2026-09-15T14:41:51.6369474Z   ---
2026-09-15T14:41:51.6370014Z   duration_ms: 7.94695
2026-09-15T14:41:51.6370606Z   ...
2026-09-15T14:41:51.6371653Z # Subtest: co-op keyboard Support stays held through fixed ticks and releases independently
2026-09-15T14:41:51.6373120Z ok 246 - co-op keyboard Support stays held through fixed ticks and releases independently
2026-09-15T14:41:51.6374195Z   ---
2026-09-15T14:41:51.6374809Z   duration_ms: 21.089851
2026-09-15T14:41:51.6375441Z   ...
2026-09-15T14:41:51.6376666Z # Subtest: simultaneous touch Support remains held until each pointer ends
2026-09-15T14:41:51.6377966Z ok 247 - simultaneous touch Support remains held until each pointer ends
2026-09-15T14:41:51.6379176Z   ---
2026-09-15T14:41:51.6379723Z   duration_ms: 6.001767
2026-09-15T14:41:51.6380295Z   ...
2026-09-15T14:41:51.6381304Z # Subtest: controller Support uses the same held command semantics as keyboard and touch
2026-09-15T14:41:51.6382763Z ok 248 - controller Support uses the same held command semantics as keyboard and touch
2026-09-15T14:41:51.6383717Z   ---
2026-09-15T14:41:51.6384253Z   duration_ms: 9.372702
2026-09-15T14:41:51.6384833Z   ...
2026-09-15T14:41:51.6385842Z # Subtest: adding a touch hold to held keyboard Support never interrupts an ongoing rescue
2026-09-15T14:41:51.6387503Z ok 249 - adding a touch hold to held keyboard Support never interrupts an ongoing rescue
2026-09-15T14:41:51.6388457Z   ---
2026-09-15T14:41:51.6388993Z   duration_ms: 18.301444
2026-09-15T14:41:51.6389586Z   ...
2026-09-15T14:41:51.6390667Z # Subtest: a quick fresh Support tap is preserved across one forced neutral tick without repeating
2026-09-15T14:41:51.6392259Z ok 250 - a quick fresh Support tap is preserved across one forced neutral tick without repeating
2026-09-15T14:41:51.6393273Z   ---
2026-09-15T14:41:51.6393815Z   duration_ms: 0.256128
2026-09-15T14:41:51.6394730Z   ...
2026-09-15T14:41:51.6395546Z # Subtest: Support held across pause is not replayed on resume
2026-09-15T14:41:51.6396856Z ok 251 - Support held across pause is not replayed on resume
2026-09-15T14:41:51.6397650Z   ---
2026-09-15T14:41:51.6398195Z   duration_ms: 11.330928
2026-09-15T14:41:51.6398788Z   ...
2026-09-15T14:41:51.6399812Z # Subtest: a fresh same-direction gesture emits one steering edge for rescue cancellation
2026-09-15T14:41:51.6401292Z ok 252 - a fresh same-direction gesture emits one steering edge for rescue cancellation
2026-09-15T14:41:51.6402251Z   ---
2026-09-15T14:41:51.6402780Z   duration_ms: 2.203815
2026-09-15T14:41:51.6403369Z   ...
2026-09-15T14:41:51.6404320Z # Subtest: a fresh steering edge survives the forced neutral handoff exactly once
2026-09-15T14:41:51.6405663Z ok 253 - a fresh steering edge survives the forced neutral handoff exactly once
2026-09-15T14:41:51.6406792Z   ---
2026-09-15T14:41:51.6407336Z   duration_ms: 5.185323
2026-09-15T14:41:51.6407920Z   ...
2026-09-15T14:41:51.6408976Z # Subtest: a fresh keyboard gesture before the first resumed tick is deferred once, then moves
2026-09-15T14:41:51.6410506Z ok 254 - a fresh keyboard gesture before the first resumed tick is deferred once, then moves
2026-09-15T14:41:51.6411502Z   ---
2026-09-15T14:41:51.6412267Z   duration_ms: 4.707299
2026-09-15T14:41:51.6412880Z   ...
2026-09-15T14:41:51.6414097Z # Subtest: fresh same-direction steering immediately after a real bank resumes while the partner keeps moving
2026-09-15T14:41:51.6415836Z ok 255 - fresh same-direction steering immediately after a real bank resumes while the partner keeps moving
2026-09-15T14:41:51.6417242Z   ---
2026-09-15T14:41:51.6417839Z   duration_ms: 45.668015
2026-09-15T14:41:51.6418514Z   ...
2026-09-15T14:41:51.6419535Z # Subtest: holding a keyboard key across pause cannot masquerade as a fresh gesture
2026-09-15T14:41:51.6420943Z ok 256 - holding a keyboard key across pause cannot masquerade as a fresh gesture
2026-09-15T14:41:51.6421883Z   ---
2026-09-15T14:41:51.6422420Z   duration_ms: 8.544386
2026-09-15T14:41:51.6423004Z   ...
2026-09-15T14:41:51.6423978Z # Subtest: a fresh touch gesture before the resumed tick survives the neutral command
2026-09-15T14:41:51.6425376Z ok 257 - a fresh touch gesture before the resumed tick survives the neutral command
2026-09-15T14:41:51.6426603Z   ---
2026-09-15T14:41:51.6427294Z   duration_ms: 2.006437
2026-09-15T14:41:51.6427944Z   ...
2026-09-15T14:41:51.6428910Z # Subtest: a held touch pointer must end before it can restart motion after pause
2026-09-15T14:41:51.6430308Z ok 258 - a held touch pointer must end before it can restart motion after pause
2026-09-15T14:41:51.6431214Z   ---
2026-09-15T14:41:51.6431744Z   duration_ms: 2.162197
2026-09-15T14:41:51.6432321Z   ...
2026-09-15T14:41:51.6433431Z # Subtest: a controller direction after physical release and before the resumed tick is preserved
2026-09-15T14:41:51.6435033Z ok 259 - a controller direction after physical release and before the resumed tick is preserved
2026-09-15T14:41:51.6436344Z   ---
2026-09-15T14:41:51.6436925Z   duration_ms: 1.707619
2026-09-15T14:41:51.6437521Z   ...
2026-09-15T14:41:51.6438617Z # Subtest: resetting one controller preserves a second controller continuous direction and Boost
2026-09-15T14:41:51.6440232Z ok 260 - resetting one controller preserves a second controller continuous direction and Boost
2026-09-15T14:41:51.6441252Z   ---
2026-09-15T14:41:51.6441784Z   duration_ms: 1.643188
2026-09-15T14:41:51.6442369Z   ...
2026-09-15T14:41:51.6443408Z # Subtest: live Yard: both craft slide up along pillar tile seams after normal inward contact
2026-09-15T14:41:51.6444887Z ok 261 - live Yard: both craft slide up along pillar tile seams after normal inward contact
2026-09-15T14:41:51.6445861Z   ---
2026-09-15T14:41:51.6446637Z   duration_ms: 106.357072
2026-09-15T14:41:51.6447231Z   ...
2026-09-15T14:41:51.6448286Z # Subtest: live Yard: both craft slide down along pillar tile seams after normal inward contact
2026-09-15T14:41:51.6450134Z ok 262 - live Yard: both craft slide down along pillar tile seams after normal inward contact
2026-09-15T14:41:51.6451120Z   ---
2026-09-15T14:41:51.6451655Z   duration_ms: 60.679506
2026-09-15T14:41:51.6452240Z   ...
2026-09-15T14:41:51.6453289Z # Subtest: sliding leaves the real trail live, so reversing onto it still downs both players
2026-09-15T14:41:51.6454762Z ok 263 - sliding leaves the real trail live, so reversing onto it still downs both players
2026-09-15T14:41:51.6455738Z   ---
2026-09-15T14:41:51.6456601Z   duration_ms: 66.259666
2026-09-15T14:41:51.6457216Z   ...
2026-09-15T14:41:51.6458353Z # Subtest: a genuine diagonal corner approach still contacts the rounded boundary before crossing it
2026-09-15T14:41:51.6460010Z ok 264 - a genuine diagonal corner approach still contacts the rounded boundary before crossing it
2026-09-15T14:41:51.6461058Z   ---
2026-09-15T14:41:51.6461597Z   duration_ms: 0.503932
2026-09-15T14:41:51.6462180Z   ...
2026-09-15T14:41:51.6463109Z # Subtest: vertical tile seams permit exact tangency but block inward motion
2026-09-15T14:41:51.6464387Z ok 265 - vertical tile seams permit exact tangency but block inward motion
2026-09-15T14:41:51.6465277Z   ---
2026-09-15T14:41:51.6465809Z   duration_ms: 0.471942
2026-09-15T14:41:51.6466598Z   ...
2026-09-15T14:41:51.6467759Z # Subtest: horizontal tile seams permit exact tangency but block inward motion
2026-09-15T14:41:51.6469096Z ok 266 - horizontal tile seams permit exact tangency but block inward motion
2026-09-15T14:41:51.6469985Z   ---
2026-09-15T14:41:51.6470528Z   duration_ms: 0.330677
2026-09-15T14:41:51.6471107Z   ...
2026-09-15T14:41:51.6472223Z # Subtest: public steering can slide past a shielded core corner and bank while the core remains solid
2026-09-15T14:41:51.6473884Z ok 267 - public steering can slide past a shielded core corner and bank while the core remains solid
2026-09-15T14:41:51.6474936Z   ---
2026-09-15T14:41:51.6475482Z   duration_ms: 28.759019
2026-09-15T14:41:51.6476292Z   ...
2026-09-15T14:41:51.6477400Z # Subtest: immediate: all seven loadouts retain the original eighteen-map action-free fallback
2026-09-15T14:41:51.6478976Z ok 268 - immediate: all seven loadouts retain the original eighteen-map action-free fallback
2026-09-15T14:41:51.6479979Z   ---
2026-09-15T14:41:51.6480517Z   duration_ms: 3267.229166
2026-09-15T14:41:51.6481127Z   ...
2026-09-15T14:41:51.6482161Z # Subtest: immediate: an impact abort leaves the same attempt able to complete a legal recut
2026-09-15T14:41:51.6483658Z ok 269 - immediate: an impact abort leaves the same attempt able to complete a legal recut
2026-09-15T14:41:51.6484651Z   ---
2026-09-15T14:41:51.6485181Z   duration_ms: 35.170835
2026-09-15T14:41:51.6485768Z   ...
2026-09-15T14:41:51.6487006Z # Subtest: immediate: a stopped live cut still reaches its deadline for shield and fiber
2026-09-15T14:41:51.6488485Z ok 270 - immediate: a stopped live cut still reaches its deadline for shield and fiber
2026-09-15T14:41:51.6489561Z   ---
2026-09-15T14:41:51.6490293Z   duration_ms: 7.521626
2026-09-15T14:41:51.6490940Z   ...
2026-09-15T14:41:51.6492037Z # Subtest: grid-center: all seven loadouts retain the original eighteen-map action-free fallback
2026-09-15T14:41:51.6493620Z ok 271 - grid-center: all seven loadouts retain the original eighteen-map action-free fallback
2026-09-15T14:41:51.6494740Z   ---
2026-09-15T14:41:51.6495290Z   duration_ms: 2463.662183
2026-09-15T14:41:51.6495883Z   ...
2026-09-15T14:41:51.6497239Z # Subtest: grid-center: an impact abort leaves the same attempt able to complete a legal recut
2026-09-15T14:41:51.6498620Z ok 272 - grid-center: an impact abort leaves the same attempt able to complete a legal recut
2026-09-15T14:41:51.6499508Z   ---
2026-09-15T14:41:51.6500013Z   duration_ms: 16.910607
2026-09-15T14:41:51.6500653Z   ...
2026-09-15T14:41:51.6501630Z # Subtest: grid-center: a stopped live cut still reaches its deadline for shield and fiber
2026-09-15T14:41:51.6503055Z ok 273 - grid-center: a stopped live cut still reaches its deadline for shield and fiber
2026-09-15T14:41:51.6504266Z   ---
2026-09-15T14:41:51.6504799Z   duration_ms: 2.600216
2026-09-15T14:41:51.6505355Z   ...
2026-09-15T14:41:51.6506657Z # Subtest: every loadout preserves the distinct off-center turning behavior through portable replay
2026-09-15T14:41:51.6508314Z ok 274 - every loadout preserves the distinct off-center turning behavior through portable replay
2026-09-15T14:41:51.6509328Z   ---
2026-09-15T14:41:51.6509886Z   duration_ms: 85.176922
2026-09-15T14:41:51.6510474Z   ...
2026-09-15T14:41:51.6511511Z # Subtest: simultaneous keyboard, held touch and controllers remain scoped to their player
2026-09-15T14:41:51.6513005Z ok 275 - simultaneous keyboard, held touch and controllers remain scoped to their player
2026-09-15T14:41:51.6513998Z   ---
2026-09-15T14:41:51.6514543Z   duration_ms: 9.063654
2026-09-15T14:41:51.6515126Z   ...
2026-09-15T14:41:51.6516361Z # Subtest: Stop blocks only that player held controller and keyboard until fresh input
2026-09-15T14:41:51.6517843Z ok 276 - Stop blocks only that player held controller and keyboard until fresh input
2026-09-15T14:41:51.6518776Z   ---
2026-09-15T14:41:51.6519315Z   duration_ms: 1.957776
2026-09-15T14:41:51.6519894Z   ...
2026-09-15T14:41:51.6520800Z # Subtest: two independent direction and boost pointers release separately
2026-09-15T14:41:51.6522281Z ok 277 - two independent direction and boost pointers release separately
2026-09-15T14:41:51.6523217Z   ---
2026-09-15T14:41:51.6523763Z   duration_ms: 2.161937
2026-09-15T14:41:51.6524342Z   ...
2026-09-15T14:41:51.6525303Z # Subtest: outside pointer release also works when pointer capture is unavailable
2026-09-15T14:41:51.6526914Z ok 278 - outside pointer release also works when pointer capture is unavailable
2026-09-15T14:41:51.6527845Z   ---
2026-09-15T14:41:51.6528390Z   duration_ms: 1.551517
2026-09-15T14:41:51.6528964Z   ...
2026-09-15T14:41:51.6530028Z # Subtest: tap toggles ignore native pointer clicks, while unaccompanied assistive clicks work
2026-09-15T14:41:51.6531596Z ok 279 - tap toggles ignore native pointer clicks, while unaccompanied assistive clicks work
2026-09-15T14:41:51.6532596Z   ---
2026-09-15T14:41:51.6533134Z   duration_ms: 1.798939
2026-09-15T14:41:51.6533721Z   ...
2026-09-15T14:41:51.6534651Z # Subtest: held button keyboard activation follows hold mode, release and blur
2026-09-15T14:41:51.6536189Z ok 280 - held button keyboard activation follows hold mode, release and blur
2026-09-15T14:41:51.6537073Z   ---
2026-09-15T14:41:51.6537579Z   duration_ms: 2.260812
2026-09-15T14:41:51.6538142Z   ...
2026-09-15T14:41:51.6539146Z # Subtest: Enter repeat and native key clicks cannot toggle twice or trigger the other player
2026-09-15T14:41:51.6540626Z ok 281 - Enter repeat and native key clicks cannot toggle twice or trigger the other player
2026-09-15T14:41:51.6541588Z   ---
2026-09-15T14:41:51.6542109Z   duration_ms: 13.298342
2026-09-15T14:41:51.6542670Z   ...
2026-09-15T14:41:51.6543719Z # Subtest: queued keyboard and touch actions survive zero ticks and consume once per fixed tick
2026-09-15T14:41:51.6545237Z ok 282 - queued keyboard and touch actions survive zero ticks and consume once per fixed tick
2026-09-15T14:41:51.6546455Z   ---
2026-09-15T14:41:51.6547076Z   duration_ms: 1.769584
2026-09-15T14:41:51.6547631Z   ...
2026-09-15T14:41:51.6548774Z # Subtest: controller actions remain held for core edge detection without clearing local pending actions
2026-09-15T14:41:51.6550452Z ok 283 - controller actions remain held for core edge detection without clearing local pending actions
2026-09-15T14:41:51.6551457Z   ---
2026-09-15T14:41:51.6551956Z   duration_ms: 1.116294
2026-09-15T14:41:51.6552493Z   ...
2026-09-15T14:41:51.6553605Z # Subtest: pause button on a controller suppresses both same-sample commands until neutral after resume
2026-09-15T14:41:51.6555296Z ok 284 - pause button on a controller suppresses both same-sample commands until neutral after resume
2026-09-15T14:41:51.6556580Z   ---
2026-09-15T14:41:51.6557348Z   duration_ms: 1.361132
2026-09-15T14:41:51.6557904Z   ...
2026-09-15T14:41:51.6558970Z # Subtest: disconnect pauses both boards and a surviving controller keeps its original player slot
2026-09-15T14:41:51.6560537Z ok 285 - disconnect pauses both boards and a surviving controller keeps its original player slot
2026-09-15T14:41:51.6561536Z   ---
2026-09-15T14:41:51.6562047Z   duration_ms: 1.142904
2026-09-15T14:41:51.6562598Z   ...
2026-09-15T14:41:51.6563769Z # Subtest: blur, hidden page, pointer cancellation and unexpected capture loss pause and clear both players
2026-09-15T14:41:51.6565482Z ok 286 - blur, hidden page, pointer cancellation and unexpected capture loss pause and clear both players
2026-09-15T14:41:51.6566767Z   ---
2026-09-15T14:41:51.6567286Z   duration_ms: 1.8475
2026-09-15T14:41:51.6567832Z   ...
2026-09-15T14:41:51.6569121Z # Subtest: native form shortcuts are preserved, Escape still pauses from a focused control, and destroy removes all listeners
2026-09-15T14:41:51.6571092Z ok 287 - native form shortcuts are preserved, Escape still pauses from a focused control, and destroy removes all listeners
2026-09-15T14:41:51.6572270Z   ---
2026-09-15T14:41:51.6572771Z   duration_ms: 3.539417
2026-09-15T14:41:51.6573311Z   ...
2026-09-15T14:41:51.6574567Z # Subtest: focused music or action controls do not strand keyboard movement but retain native Enter
2026-09-15T14:41:51.6576366Z ok 288 - focused music or action controls do not strand keyboard movement but retain native Enter
2026-09-15T14:41:51.6577375Z   ---
2026-09-15T14:41:51.6577874Z   duration_ms: 1.405815
2026-09-15T14:41:51.6578419Z   ...
2026-09-15T14:41:51.6579552Z # Subtest: real duel receives equal scoped class recipes and equivalent keyboard/touch motion: immediate
2026-09-15T14:41:51.6581196Z ok 289 - real duel receives equal scoped class recipes and equivalent keyboard/touch motion: immediate
2026-09-15T14:41:51.6582243Z   ---
2026-09-15T14:41:51.6582752Z   duration_ms: 38.859812
2026-09-15T14:41:51.6583320Z   ...
2026-09-15T14:41:51.6584494Z # Subtest: real duel receives equal scoped class recipes and equivalent keyboard/touch motion: grid-center
2026-09-15T14:41:51.6586566Z ok 290 - real duel receives equal scoped class recipes and equivalent keyboard/touch motion: grid-center
2026-09-15T14:41:51.6587758Z   ---
2026-09-15T14:41:51.6588286Z   duration_ms: 16.381539
2026-09-15T14:41:51.6588858Z   ...
2026-09-15T14:41:51.6589823Z # Subtest: real core gets one scan per held keyboard press and a fresh scan after release
2026-09-15T14:41:51.6591217Z ok 291 - real core gets one scan per held keyboard press and a fresh scan after release
2026-09-15T14:41:51.6592123Z   ---
2026-09-15T14:41:51.6592631Z   duration_ms: 12.046955
2026-09-15T14:41:51.6593184Z   ...
2026-09-15T14:41:53.3167780Z # Subtest: lobby, setup and children use reachable native controls and Back restores the actual opener
2026-09-15T14:41:53.3197325Z ok 292 - lobby, setup and children use reachable native controls and Back restores the actual opener
2026-09-15T14:41:53.3198272Z   ---
2026-09-15T14:41:53.3257435Z   duration_ms: 2811.170058
2026-09-15T14:41:53.3266557Z   ...
2026-09-15T14:41:53.3296976Z # Subtest: an embedded Couch route stays loading until its actual setup is prepared
2026-09-15T14:41:53.3326956Z ok 293 - an embedded Couch route stays loading until its actual setup is prepared
2026-09-15T14:41:53.3376696Z   ---
2026-09-15T14:41:53.3436656Z   duration_ms: 2414.35644
2026-09-15T14:41:53.3496680Z   ...
2026-09-15T14:41:53.3537249Z # Subtest: pause children and cancelled new match preserve two different continuations; reset is explicit
2026-09-15T14:41:53.3587476Z ok 294 - pause children and cancelled new match preserve two different continuations; reset is explicit
2026-09-15T14:41:53.3626947Z   ---
2026-09-15T14:41:53.3666630Z   duration_ms: 2626.288025
2026-09-15T14:41:53.3726721Z   ...
2026-09-15T14:41:53.3757293Z # Subtest: per-seat Auto expands on touch and defers collapse until pause without changing movement
2026-09-15T14:41:53.3787108Z ok 295 - per-seat Auto expands on touch and defers collapse until pause without changing movement
2026-09-15T14:41:53.3846492Z   ---
2026-09-15T14:41:53.3886814Z   duration_ms: 2314.674533
2026-09-15T14:41:53.3936730Z   ...
2026-09-15T14:41:53.3977278Z # Subtest: Always supports independent pointer players; Off wins over coarse and later touch
2026-09-15T14:41:53.4027342Z ok 296 - Always supports independent pointer players; Off wins over coarse and later touch
2026-09-15T14:41:53.4036554Z   ---
2026-09-15T14:41:53.4036933Z   duration_ms: 2540.627862
2026-09-15T14:41:53.4037337Z   ...
2026-09-15T14:41:55.9828401Z # Subtest: authored Arcade removes equipment controls and hints; Tactical reflects the equipped recipe
2026-09-15T14:41:55.9869462Z ok 297 - authored Arcade removes equipment controls and hints; Tactical reflects the equipped recipe
2026-09-15T14:41:55.9896524Z   ---
2026-09-15T14:41:55.9897184Z   duration_ms: 2665.052051
2026-09-15T14:41:55.9926687Z   ...
2026-09-15T14:41:57.9198955Z # Subtest: controller setup/help and repeated keyboard Confirm cannot leak through the flight boundary
2026-09-15T14:41:57.9200984Z ok 298 - controller setup/help and repeated keyboard Confirm cannot leak through the flight boundary
2026-09-15T14:41:57.9202415Z   ---
2026-09-15T14:41:57.9203154Z   duration_ms: 1941.701922
2026-09-15T14:41:57.9203878Z   ...
2026-09-15T14:41:57.9225661Z # Subtest: markup keeps touch crosses outside both arenas and uses separate screen roots
2026-09-15T14:41:57.9227607Z ok 299 - markup keeps touch crosses outside both arenas and uses separate screen roots
2026-09-15T14:41:57.9228674Z   ---
2026-09-15T14:41:57.9229299Z   duration_ms: 1.371702
2026-09-15T14:41:57.9229923Z   ...
2026-09-15T14:42:00.3940628Z # Subtest: controller can read and scroll Help without starting; Back exits reading then the child
2026-09-15T14:42:00.3947731Z ok 300 - controller can read and scroll Help without starting; Back exits reading then the child
2026-09-15T14:42:00.3948814Z   ---
2026-09-15T14:42:00.3949391Z   duration_ms: 2471.989083
2026-09-15T14:42:00.3950026Z   ...
2026-09-15T14:42:02.6500447Z # Subtest: a real finished draw exposes both frozen boards, Results returns without a new round
2026-09-15T14:42:02.6519091Z ok 301 - a real finished draw exposes both frozen boards, Results returns without a new round
2026-09-15T14:42:02.6520379Z   ---
2026-09-15T14:42:02.6521116Z   duration_ms: 2254.578765
2026-09-15T14:42:02.6521830Z   ...
2026-09-15T14:42:04.9607450Z # Subtest: an old held controller cannot reclaim a seat from accepted touch across pause and resume
2026-09-15T14:42:04.9657593Z ok 302 - an old held controller cannot reclaim a seat from accepted touch across pause and resume
2026-09-15T14:42:04.9658950Z   ---
2026-09-15T14:42:04.9659580Z   duration_ms: 2310.012526
2026-09-15T14:42:04.9660256Z   ...
2026-09-15T14:42:07.6294815Z # Subtest: blocked pad input and held keyboard repeats never replace newer touch modality
2026-09-15T14:42:07.6296325Z ok 303 - blocked pad input and held keyboard repeats never replace newer touch modality
2026-09-15T14:42:07.6296802Z   ---
2026-09-15T14:42:07.6297024Z   duration_ms: 2670.450326
2026-09-15T14:42:07.6297265Z   ...
2026-09-15T14:42:07.6334123Z # Subtest: accepted-input observer is optional and observer failures cannot reject or replay commands
2026-09-15T14:42:07.6336403Z ok 304 - accepted-input observer is optional and observer failures cannot reject or replay commands
2026-09-15T14:42:07.6337587Z   ---
2026-09-15T14:42:07.6338196Z   duration_ms: 4.771271
2026-09-15T14:42:07.6338820Z   ...
2026-09-15T14:42:07.6852347Z # Subtest: ordinary: Settings exposes only usable Creator links and keyboard focus respects the session scope
2026-09-15T14:42:07.6854559Z ok 305 - ordinary: Settings exposes only usable Creator links and keyboard focus respects the session scope
2026-09-15T14:42:07.6855771Z   ---
2026-09-15T14:42:07.6856617Z   duration_ms: 1626.265308
2026-09-15T14:42:07.6857242Z   ...
2026-09-15T14:42:07.6858464Z # Subtest: practice: Settings exposes only usable Creator links and keyboard focus respects the session scope
2026-09-15T14:42:07.6860716Z ok 306 - practice: Settings exposes only usable Creator links and keyboard focus respects the session scope
2026-09-15T14:42:07.6861819Z   ---
2026-09-15T14:42:07.6862379Z   duration_ms: 1086.403487
2026-09-15T14:42:07.6862980Z   ...
2026-09-15T14:42:07.6864166Z # Subtest: course: Settings exposes only usable Creator links and keyboard focus respects the session scope
2026-09-15T14:42:07.6865928Z ok 307 - course: Settings exposes only usable Creator links and keyboard focus respects the session scope
2026-09-15T14:42:07.6867838Z   ---
2026-09-15T14:42:07.6868391Z   duration_ms: 1119.651391
2026-09-15T14:42:07.6869001Z   ...
2026-09-15T14:42:08.3607969Z # Subtest: pause updates flight presentation before another animation frame can run
2026-09-15T14:42:08.3609586Z ok 308 - pause updates flight presentation before another animation frame can run
2026-09-15T14:42:08.3610585Z   ---
2026-09-15T14:42:08.3611118Z   duration_ms: 3124.196241
2026-09-15T14:42:08.3611722Z   ...
2026-09-15T14:42:08.3612993Z # Subtest: featured pressure chapter hides manual actions and actual keyboard action attempts cannot change its flight
2026-09-15T14:42:08.3614899Z ok 309 - featured pressure chapter hides manual actions and actual keyboard action attempts cannot change its flight
2026-09-15T14:42:08.3616231Z   ---
2026-09-15T14:42:08.3617199Z   duration_ms: 14229.128187
2026-09-15T14:42:08.3617810Z   ...
2026-09-15T14:42:31.5307799Z # Subtest: immediate: first Arcade Down cut keeps rendering and saves after a batched capture
2026-09-15T14:42:31.5327339Z ok 310 - immediate: first Arcade Down cut keeps rendering and saves after a batched capture
2026-09-15T14:42:31.5356681Z   ---
2026-09-15T14:42:31.5367478Z   duration_ms: 23181.523997
2026-09-15T14:42:31.5370542Z   ...
2026-09-15T14:42:34.8114347Z # Subtest: immediate: Auto appears for actual touch flight, hides after keyboard use and preserves the logical heading
2026-09-15T14:42:34.8116607Z ok 311 - immediate: Auto appears for actual touch flight, hides after keyboard use and preserves the logical heading
2026-09-15T14:42:34.8117919Z   ---
2026-09-15T14:42:34.8118589Z   duration_ms: 3277.391235
2026-09-15T14:42:34.8119214Z   ...
2026-09-15T14:42:58.3917725Z # Subtest: grid-center: first Arcade Down cut keeps rendering and saves after a batched capture
2026-09-15T14:42:58.3919259Z ok 312 - grid-center: first Arcade Down cut keeps rendering and saves after a batched capture
2026-09-15T14:42:58.3920103Z   ---
2026-09-15T14:42:58.3920475Z   duration_ms: 23583.86649
2026-09-15T14:42:58.3920892Z   ...
2026-09-15T14:43:02.3799131Z # Subtest: grid-center: Auto appears for actual touch flight, hides after keyboard use and preserves the logical heading
2026-09-15T14:43:02.3802418Z ok 313 - grid-center: Auto appears for actual touch flight, hides after keyboard use and preserves the logical heading
2026-09-15T14:43:02.3826672Z   ---
2026-09-15T14:43:02.3835939Z   duration_ms: 3987.986257
2026-09-15T14:43:02.3839512Z   ...
2026-09-15T14:43:08.2466783Z # Subtest: Always enables actual mouse steering and survives a complete backup; omitted old preference restores Auto
2026-09-15T14:43:08.2468965Z ok 314 - Always enables actual mouse steering and survives a complete backup; omitted old preference restores Auto
2026-09-15T14:43:08.2470265Z   ---
2026-09-15T14:43:08.2470891Z   duration_ms: 5866.60093
2026-09-15T14:43:08.2471529Z   ...
2026-09-15T14:43:11.6201732Z # Subtest: an already joined controller takes its first fresh turn after touch without cancelling that sampled command
2026-09-15T14:43:11.6203976Z ok 315 - an already joined controller takes its first fresh turn after touch without cancelling that sampled command
2026-09-15T14:43:11.6205353Z   ---
2026-09-15T14:43:11.6205917Z   duration_ms: 3373.485406
2026-09-15T14:43:11.6206929Z   ...
2026-09-15T14:43:15.9188488Z # Subtest: immediate: changing steering hand retains the original pad, paused cut and exact continuation
2026-09-15T14:43:15.9199309Z ok 316 - immediate: changing steering hand retains the original pad, paused cut and exact continuation
2026-09-15T14:43:15.9201075Z   ---
2026-09-15T14:43:15.9201813Z   duration_ms: 4299.069911
2026-09-15T14:43:15.9202537Z   ...
2026-09-15T14:43:19.1298512Z # Subtest: grid-center: changing steering hand retains the original pad, paused cut and exact continuation
2026-09-15T14:43:19.1303308Z ok 317 - grid-center: changing steering hand retains the original pad, paused cut and exact continuation
2026-09-15T14:43:19.1304460Z   ---
2026-09-15T14:43:19.1305003Z   duration_ms: 3210.596117
2026-09-15T14:43:19.1305629Z   ...
2026-09-15T14:43:21.1823608Z # Subtest: Right hand survives actual app reload while Auto still hides keyboard controls
2026-09-15T14:43:21.1825358Z ok 318 - Right hand survives actual app reload while Auto still hides keyboard controls
2026-09-15T14:43:21.1826860Z   ---
2026-09-15T14:43:21.1827394Z   duration_ms: 2052.436766
2026-09-15T14:43:21.1827927Z   ...
2026-09-15T14:43:23.4778026Z # Subtest: unrelated saves apply the actual merged hand, and a deliberate Left remains explicit
2026-09-15T14:43:23.4779914Z ok 319 - unrelated saves apply the actual merged hand, and a deliberate Left remains explicit
2026-09-15T14:43:23.4780972Z   ---
2026-09-15T14:43:23.4781681Z   duration_ms: 2294.441682
2026-09-15T14:43:23.4782252Z   ...
2026-09-15T14:43:26.2519570Z # Subtest: quota refusal keeps the session hand and exact stored bytes with visible feedback
2026-09-15T14:43:26.2521808Z ok 320 - quota refusal keeps the session hand and exact stored bytes with visible feedback
2026-09-15T14:43:26.2522870Z   ---
2026-09-15T14:43:26.2523410Z   duration_ms: 2774.683175
2026-09-15T14:43:26.2523980Z   ...
2026-09-15T14:43:27.5668682Z # Subtest: practice hand placement stays session-only without changing profile or saved flight
2026-09-15T14:43:27.5687416Z ok 321 - practice hand placement stays session-only without changing profile or saved flight
2026-09-15T14:43:27.5707065Z   ---
2026-09-15T14:43:27.5727003Z   duration_ms: 1315.273483
2026-09-15T14:43:27.5727791Z   ...
2026-09-15T14:43:31.9790746Z # Subtest: complete-backup import and Undo adopt hand placement without rewriting the saved attempt
2026-09-15T14:43:31.9793346Z ok 322 - complete-backup import and Undo adopt hand placement without rewriting the saved attempt
2026-09-15T14:43:31.9794401Z   ---
2026-09-15T14:43:31.9794916Z   duration_ms: 4412.438449
2026-09-15T14:43:31.9795480Z   ...
2026-09-15T14:44:05.1208037Z # (node:2718) ExperimentalWarning: vm.USE_MAIN_CONTEXT_DEFAULT_LOADER is an experimental feature and might change at any time
2026-09-15T14:44:05.1227667Z # (Use `node --trace-warnings ...` to show where the warning was created)
2026-09-15T14:44:05.1237479Z # Subtest: a missing static dependency reports module failure and leaves a same-page Reload link
2026-09-15T14:44:05.1239147Z ok 323 - a missing static dependency reports module failure and leaves a same-page Reload link
2026-09-15T14:44:05.1240166Z   ---
2026-09-15T14:44:05.1240703Z   duration_ms: 30.393789
2026-09-15T14:44:05.1241255Z   ...
2026-09-15T14:44:05.1242240Z # Subtest: slow module observation is truthful and cannot overwrite a later attached host
2026-09-15T14:44:05.1243641Z ok 324 - slow module observation is truthful and cannot overwrite a later attached host
2026-09-15T14:44:05.1244538Z   ---
2026-09-15T14:44:05.1245008Z   duration_ms: 5.109013
2026-09-15T14:44:05.1245569Z   ...
2026-09-15T14:44:05.1246844Z # Subtest: version defaults retain the old public ruleset and exact legacy pair
2026-09-15T14:44:05.1248259Z ok 325 - version defaults retain the old public ruleset and exact legacy pair
2026-09-15T14:44:05.1259288Z   ---
2026-09-15T14:44:05.1286727Z   duration_ms: 3.638222
2026-09-15T14:44:05.1316645Z   ...
2026-09-15T14:44:05.1317796Z # Subtest: every explicit selector selects only its complete supported pair
2026-09-15T14:44:05.1347117Z ok 326 - every explicit selector selects only its complete supported pair
2026-09-15T14:44:05.1353538Z   ---
2026-09-15T14:44:05.1354235Z   duration_ms: 1.725968
2026-09-15T14:44:05.1354955Z   ...
2026-09-15T14:44:05.1356713Z # Subtest: version dispatch rejects malformed, unknown, inherited and accessor input atomically
2026-09-15T14:44:05.1358611Z ok 327 - version dispatch rejects malformed, unknown, inherited and accessor input atomically
2026-09-15T14:44:05.1359788Z   ---
2026-09-15T14:44:05.1360304Z   duration_ms: 0.737084
2026-09-15T14:44:05.1361140Z   ...
2026-09-15T14:44:05.1362398Z # Subtest: campaign dispatch requires a nonempty dense uniformly versioned map list
2026-09-15T14:44:05.1364390Z ok 328 - campaign dispatch requires a nonempty dense uniformly versioned map list
2026-09-15T14:44:05.1365631Z   ---
2026-09-15T14:44:05.1366250Z   duration_ms: 0.669748
2026-09-15T14:44:05.1367202Z   ...
2026-09-15T14:44:05.1369361Z # Subtest: first-signal/signal-01/interceptor/immediate: new version branch leaves frozen old normalization, state shape, events and checkpoints exact
2026-09-15T14:44:05.1372772Z ok 329 - first-signal/signal-01/interceptor/immediate: new version branch leaves frozen old normalization, state shape, events and checkpoints exact
2026-09-15T14:44:05.1374430Z   ---
2026-09-15T14:44:05.1375155Z   duration_ms: 79.136837
2026-09-15T14:44:05.1375713Z   ...
2026-09-15T14:44:05.1377791Z # Subtest: first-signal/signal-01/interceptor/grid-center: new version branch leaves frozen old normalization, state shape, events and checkpoints exact
2026-09-15T14:44:05.1381272Z ok 330 - first-signal/signal-01/interceptor/grid-center: new version branch leaves frozen old normalization, state shape, events and checkpoints exact
2026-09-15T14:44:05.1383008Z   ---
2026-09-15T14:44:05.1383734Z   duration_ms: 70.109508
2026-09-15T14:44:05.1384516Z   ...
2026-09-15T14:44:05.1386247Z # Subtest: homeward-skies/homeward-01/fiber/immediate: new version branch leaves frozen old normalization, state shape, events and checkpoints exact
2026-09-15T14:44:05.1389475Z ok 331 - homeward-skies/homeward-01/fiber/immediate: new version branch leaves frozen old normalization, state shape, events and checkpoints exact
2026-09-15T14:44:05.1391183Z   ---
2026-09-15T14:44:05.1391800Z   duration_ms: 92.151769
2026-09-15T14:44:05.1392475Z   ...
2026-09-15T14:44:05.1394026Z # Subtest: homeward-skies/homeward-01/fiber/grid-center: new version branch leaves frozen old normalization, state shape, events and checkpoints exact
2026-09-15T14:44:05.1396842Z ok 332 - homeward-skies/homeward-01/fiber/grid-center: new version branch leaves frozen old normalization, state shape, events and checkpoints exact
2026-09-15T14:44:05.1398404Z   ---
2026-09-15T14:44:05.1399071Z   duration_ms: 61.251328
2026-09-15T14:44:05.1399644Z   ...
2026-09-15T14:44:05.1401263Z # Subtest: homeward-skies/homeward-01/interceptor/immediate: new version branch leaves frozen old normalization, state shape, events and checkpoints exact
2026-09-15T14:44:05.1403797Z ok 333 - homeward-skies/homeward-01/interceptor/immediate: new version branch leaves frozen old normalization, state shape, events and checkpoints exact
2026-09-15T14:44:05.1405185Z   ---
2026-09-15T14:44:05.1405830Z   duration_ms: 186.160029
2026-09-15T14:44:05.1406599Z   ...
2026-09-15T14:44:05.1408530Z # Subtest: homeward-skies/homeward-01/interceptor/grid-center: new version branch leaves frozen old normalization, state shape, events and checkpoints exact
2026-09-15T14:44:05.1411085Z ok 334 - homeward-skies/homeward-01/interceptor/grid-center: new version branch leaves frozen old normalization, state shape, events and checkpoints exact
2026-09-15T14:44:05.1412575Z   ---
2026-09-15T14:44:05.1413064Z   duration_ms: 104.092403
2026-09-15T14:44:05.1413599Z   ...
2026-09-15T14:44:05.1415078Z # Subtest: homeward-skies/homeward-02/bomber/grid-center: new version branch leaves frozen old normalization, state shape, events and checkpoints exact
2026-09-15T14:44:05.1417691Z ok 335 - homeward-skies/homeward-02/bomber/grid-center: new version branch leaves frozen old normalization, state shape, events and checkpoints exact
2026-09-15T14:44:05.1419047Z   ---
2026-09-15T14:44:05.1436971Z   duration_ms: 48.862439
2026-09-15T14:44:05.1437847Z   ...
2026-09-15T14:44:05.1439367Z # Subtest: homeward-skies/homeward-03/impact/immediate: new version branch leaves frozen old normalization, state shape, events and checkpoints exact
2026-09-15T14:44:05.1441809Z ok 336 - homeward-skies/homeward-03/impact/immediate: new version branch leaves frozen old normalization, state shape, events and checkpoints exact
2026-09-15T14:44:05.1443092Z   ---
2026-09-15T14:44:05.1445501Z   duration_ms: 69.780615
2026-09-15T14:44:05.1446595Z   ...
2026-09-15T14:44:05.1448271Z # Subtest: first-signal/signal-07/interceptor/grid-center: new version branch leaves frozen old normalization, state shape, events and checkpoints exact
2026-09-15T14:44:05.1450843Z ok 337 - first-signal/signal-07/interceptor/grid-center: new version branch leaves frozen old normalization, state shape, events and checkpoints exact
2026-09-15T14:44:05.1452173Z   ---
2026-09-15T14:44:05.1452792Z   duration_ms: 48.472212
2026-09-15T14:44:05.1453371Z   ...
2026-09-15T14:44:05.1454332Z # Subtest: mission requirements come from encounter rules, not authored prose
2026-09-15T14:44:05.1455704Z ok 338 - mission requirements come from encounter rules, not authored prose
2026-09-15T14:44:05.1456879Z   ---
2026-09-15T14:44:05.1457383Z   duration_ms: 3.380331
2026-09-15T14:44:05.1457974Z   ...
2026-09-15T14:44:05.1459147Z # Subtest: immediate: visible cues follow actual legal-input phases and cut progress
2026-09-15T14:44:05.1460538Z ok 339 - immediate: visible cues follow actual legal-input phases and cut progress
2026-09-15T14:44:05.1461433Z   ---
2026-09-15T14:44:05.1461993Z   duration_ms: 98.400117
2026-09-15T14:44:05.1462551Z   ...
2026-09-15T14:44:05.1463480Z # Subtest: grid-center: visible cues follow actual legal-input phases and cut progress
2026-09-15T14:44:05.1464894Z ok 340 - grid-center: visible cues follow actual legal-input phases and cut progress
2026-09-15T14:44:05.1465810Z   ---
2026-09-15T14:44:05.1466528Z   duration_ms: 90.180715
2026-09-15T14:44:05.1467080Z   ...
2026-09-15T14:44:05.1467979Z # Subtest: no encounter leaves the legacy view empty and old tension unchanged
2026-09-15T14:44:05.1469237Z ok 341 - no encounter leaves the legacy view empty and old tension unchanged
2026-09-15T14:44:05.1470053Z   ---
2026-09-15T14:44:05.1470579Z   duration_ms: 0.404986
2026-09-15T14:44:05.1471156Z   ...
2026-09-15T14:44:05.1472155Z # Subtest: a terminal failed run cannot advertise a live opening countdown or remaining action
2026-09-15T14:44:05.1473690Z ok 342 - a terminal failed run cannot advertise a live opening countdown or remaining action
2026-09-15T14:44:05.1474653Z   ---
2026-09-15T14:44:05.1475137Z   duration_ms: 79.83776
2026-09-15T14:44:05.1475680Z   ...
2026-09-15T14:44:05.1477035Z # Subtest: catalog data is owned, strict and separate from run authority; selection never filters live actors
2026-09-15T14:44:05.1478733Z ok 343 - catalog data is owned, strict and separate from run authority; selection never filters live actors
2026-09-15T14:44:05.1479791Z   ---
2026-09-15T14:44:05.1480306Z   duration_ms: 34.696722
2026-09-15T14:44:05.1480844Z   ...
2026-09-15T14:44:05.1481882Z # Subtest: fpv: seven role body geometries differ before badges, with the same colors
2026-09-15T14:44:05.1483112Z ok 344 - fpv: seven role body geometries differ before badges, with the same colors
2026-09-15T14:44:05.1483818Z   ---
2026-09-15T14:44:05.1484155Z   duration_ms: 2.586071
2026-09-15T14:44:05.1484527Z   ...
2026-09-15T14:44:05.1485317Z # Subtest: ukraine: seven role body geometries differ before badges, with the same colors
2026-09-15T14:44:05.1486776Z ok 345 - ukraine: seven role body geometries differ before badges, with the same colors
2026-09-15T14:44:05.1487519Z   ---
2026-09-15T14:44:05.1487839Z   duration_ms: 1.12615
2026-09-15T14:44:05.1488199Z   ...
2026-09-15T14:44:05.1488950Z # Subtest: retro: seven role body geometries differ before badges, with the same colors
2026-09-15T14:44:05.1490122Z ok 346 - retro: seven role body geometries differ before badges, with the same colors
2026-09-15T14:44:05.1491121Z   ---
2026-09-15T14:44:05.1491441Z   duration_ms: 0.554023
2026-09-15T14:44:05.1491805Z   ...
2026-09-15T14:44:05.1492555Z # Subtest: coupa: seven role body geometries differ before badges, with the same colors
2026-09-15T14:44:05.1493716Z ok 347 - coupa: seven role body geometries differ before badges, with the same colors
2026-09-15T14:44:05.1494440Z   ---
2026-09-15T14:44:05.1494762Z   duration_ms: 0.45046
2026-09-15T14:44:05.1495115Z   ...
2026-09-15T14:44:05.1495873Z # Subtest: fpv: all seven catalog practice routes validate and execute ordinary inputs
2026-09-15T14:44:05.1497276Z ok 348 - fpv: all seven catalog practice routes validate and execute ordinary inputs
2026-09-15T14:44:05.1497993Z   ---
2026-09-15T14:44:05.1498320Z   duration_ms: 109.124039
2026-09-15T14:44:05.1498695Z   ...
2026-09-15T14:44:05.1499484Z # Subtest: ukraine: all seven catalog practice routes validate and execute ordinary inputs
2026-09-15T14:44:05.1500708Z ok 349 - ukraine: all seven catalog practice routes validate and execute ordinary inputs
2026-09-15T14:44:05.1501458Z   ---
2026-09-15T14:44:05.1501769Z   duration_ms: 68.26
2026-09-15T14:44:05.1502127Z   ...
2026-09-15T14:44:05.1502892Z # Subtest: retro: all seven catalog practice routes validate and execute ordinary inputs
2026-09-15T14:44:05.1504260Z ok 350 - retro: all seven catalog practice routes validate and execute ordinary inputs
2026-09-15T14:44:05.1504990Z   ---
2026-09-15T14:44:05.1505339Z   duration_ms: 44.735175
2026-09-15T14:44:05.1505708Z   ...
2026-09-15T14:44:05.1516678Z # Subtest: coupa: all seven catalog practice routes validate and execute ordinary inputs
2026-09-15T14:44:05.1518022Z ok 351 - coupa: all seven catalog practice routes validate and execute ordinary inputs
2026-09-15T14:44:05.1518778Z   ---
2026-09-15T14:44:05.1519128Z   duration_ms: 60.083989
2026-09-15T14:44:05.1519618Z   ...
2026-09-15T14:44:05.1520744Z # Subtest: selected procedural skins alter body family, while a custom role image and collision radius remain independent
2026-09-15T14:44:05.1522511Z ok 352 - selected procedural skins alter body family, while a custom role image and collision radius remain independent
2026-09-15T14:44:05.1523507Z   ---
2026-09-15T14:44:05.1523837Z   duration_ms: 1.499326
2026-09-15T14:44:05.1524237Z   ...
2026-09-15T14:44:05.1525239Z # Subtest: four pixel pickup glyphs keep dark plates and original type badges in inverted and ordinary palettes
2026-09-15T14:44:05.1527088Z ok 353 - four pixel pickup glyphs keep dark plates and original type badges in inverted and ordinary palettes
2026-09-15T14:44:05.1527959Z   ---
2026-09-15T14:44:05.1528303Z   duration_ms: 1.228751
2026-09-15T14:44:05.1528676Z   ...
2026-09-15T14:44:05.1529642Z # Subtest: contact pickups copy positions before collection disappears; current timers read fixed ticks
2026-09-15T14:44:05.1531147Z ok 354 - contact pickups copy positions before collection disappears; current timers read fixed ticks
2026-09-15T14:44:05.1532026Z   ---
2026-09-15T14:44:05.1532355Z   duration_ms: 29.863231
2026-09-15T14:44:05.1532745Z   ...
2026-09-15T14:44:05.1533827Z # Subtest: failure feedback stays at the failed tick, never later respawn; reduced effects still explain loss and recovery
2026-09-15T14:44:05.1535534Z ok 355 - failure feedback stays at the failed tick, never later respawn; reduced effects still explain loss and recovery
2026-09-15T14:44:05.1536708Z   ---
2026-09-15T14:44:05.1537061Z   duration_ms: 3.567761
2026-09-15T14:44:05.1537440Z   ...
2026-09-15T14:44:05.1538515Z # Subtest: real line strike projects authoritative front positions unchanged under repeated pause/reduced painting
2026-09-15T14:44:05.1540207Z ok 356 - real line strike projects authoritative front positions unchanged under repeated pause/reduced painting
2026-09-15T14:44:05.1541180Z   ---
2026-09-15T14:44:05.1541507Z   duration_ms: 53.194284
2026-09-15T14:44:05.1541893Z   ...
2026-09-15T14:44:05.1542762Z # Subtest: painter event feedback is bounded and frozen by pause; rendering cannot change authority
2026-09-15T14:44:05.1544136Z ok 357 - painter event feedback is bounded and frozen by pause; rendering cannot change authority
2026-09-15T14:44:05.1545221Z   ---
2026-09-15T14:44:05.1545558Z   duration_ms: 43.54037
2026-09-15T14:44:05.1545943Z   ...
2026-09-15T14:44:05.1547026Z # Subtest: seven exact source identities bind independent bodies including both boss slots
2026-09-15T14:44:05.1548350Z ok 358 - seven exact source identities bind independent bodies including both boss slots
2026-09-15T14:44:05.1549096Z   ---
2026-09-15T14:44:05.1549424Z   duration_ms: 5.892044
2026-09-15T14:44:05.1549801Z   ...
2026-09-15T14:44:05.1550708Z # Subtest: uploads retain precedence, resolved skins scope defaults and unknown types stay neutral
2026-09-15T14:44:05.1552124Z ok 359 - uploads retain precedence, resolved skins scope defaults and unknown types stay neutral
2026-09-15T14:44:05.1552948Z   ---
2026-09-15T14:44:05.1553294Z   duration_ms: 2.437994
2026-09-15T14:44:05.1553669Z   ...
2026-09-15T14:44:05.1554412Z # Subtest: registry snapshot rejects accessors and detaches its finite frozen data
2026-09-15T14:44:05.1555604Z ok 360 - registry snapshot rejects accessors and detaches its finite frozen data
2026-09-15T14:44:05.1556722Z   ---
2026-09-15T14:44:05.1557063Z   duration_ms: 1.75921
2026-09-15T14:44:05.1557434Z   ...
2026-09-15T14:44:05.1558465Z # Subtest: wrong identity types, foreign paths, type aliases and unbounded motion refuse
2026-09-15T14:44:05.1559753Z ok 361 - wrong identity types, foreign paths, type aliases and unbounded motion refuse
2026-09-15T14:44:05.1560512Z   ---
2026-09-15T14:44:05.1560840Z   duration_ms: 12.915657
2026-09-15T14:44:05.1561231Z   ...
2026-09-15T14:44:05.1562336Z # Subtest: workshop retains proven geometry and equipment with three independent themes and original illustrated rewards
2026-09-15T14:44:05.1564069Z ok 362 - workshop retains proven geometry and equipment with three independent themes and original illustrated rewards
2026-09-15T14:44:05.1565071Z   ---
2026-09-15T14:44:05.1565403Z   duration_ms: 40.674677
2026-09-15T14:44:05.1565884Z   ...
2026-09-15T14:44:05.1567073Z # Subtest: prepared practice scenarios select the actual per-map theme, music and authored goal
2026-09-15T14:44:05.1568669Z ok 363 - prepared practice scenarios select the actual per-map theme, music and authored goal
2026-09-15T14:44:05.1569578Z   ---
2026-09-15T14:44:05.1569964Z   duration_ms: 1266.953501
2026-09-15T14:44:05.1570412Z   ...
2026-09-15T14:44:05.1571045Z # Subtest: workshop-01/immediate/fiber: legal specialty route
2026-09-15T14:44:05.1572040Z ok 364 - workshop-01/immediate/fiber: legal specialty route
2026-09-15T14:44:05.1572674Z   ---
2026-09-15T14:44:05.1573060Z   duration_ms: 765.268252
2026-09-15T14:44:05.1573498Z   ...
2026-09-15T14:44:05.1574139Z # Subtest: workshop-01/immediate/interceptor: legal fallback route
2026-09-15T14:44:05.1575095Z ok 365 - workshop-01/immediate/interceptor: legal fallback route
2026-09-15T14:44:05.1575709Z   ---
2026-09-15T14:44:05.1576280Z   duration_ms: 1563.643839
2026-09-15T14:44:05.1576675Z   ...
2026-09-15T14:44:05.1577293Z # Subtest: workshop-01/grid-center/fiber: legal specialty route
2026-09-15T14:44:05.1578186Z ok 366 - workshop-01/grid-center/fiber: legal specialty route
2026-09-15T14:44:05.1578765Z   ---
2026-09-15T14:44:05.1579090Z   duration_ms: 519.335905
2026-09-15T14:44:05.1579409Z   ...
2026-09-15T14:44:05.1579979Z # Subtest: workshop-01/grid-center/interceptor: legal fallback route
2026-09-15T14:44:05.1580842Z ok 367 - workshop-01/grid-center/interceptor: legal fallback route
2026-09-15T14:44:05.1581443Z   ---
2026-09-15T14:44:05.1581771Z   duration_ms: 1472.221831
2026-09-15T14:44:05.1582077Z   ...
2026-09-15T14:44:05.1582414Z # Subtest: workshop-02/immediate/bomber: legal specialty route
2026-09-15T14:44:05.1583295Z ok 368 - workshop-02/immediate/bomber: legal specialty route
2026-09-15T14:44:05.1583878Z   ---
2026-09-15T14:44:05.1584217Z   duration_ms: 968.519036
2026-09-15T14:44:05.1584586Z   ...
2026-09-15T14:44:05.1585238Z # Subtest: workshop-02/immediate/interceptor: legal fallback route
2026-09-15T14:44:05.1586772Z ok 369 - workshop-02/immediate/interceptor: legal fallback route
2026-09-15T14:44:05.1587397Z   ---
2026-09-15T14:44:05.1587739Z   duration_ms: 1117.301628
2026-09-15T14:44:05.1588136Z   ...
2026-09-15T14:44:05.1588752Z # Subtest: workshop-02/grid-center/bomber: legal specialty route
2026-09-15T14:44:05.1589667Z ok 370 - workshop-02/grid-center/bomber: legal specialty route
2026-09-15T14:44:05.1590239Z   ---
2026-09-15T14:44:05.1590574Z   duration_ms: 880.804105
2026-09-15T14:44:05.1590956Z   ...
2026-09-15T14:44:05.1591616Z # Subtest: workshop-02/grid-center/interceptor: legal fallback route
2026-09-15T14:44:05.1592600Z ok 371 - workshop-02/grid-center/interceptor: legal fallback route
2026-09-15T14:44:05.1593198Z   ---
2026-09-15T14:44:05.1593527Z   duration_ms: 885.677357
2026-09-15T14:44:05.1593890Z   ...
2026-09-15T14:44:05.1594516Z # Subtest: workshop-03/immediate/impact: legal specialty route
2026-09-15T14:44:05.1595378Z ok 372 - workshop-03/immediate/impact: legal specialty route
2026-09-15T14:44:05.1595954Z   ---
2026-09-15T14:44:05.1596525Z   duration_ms: 669.427612
2026-09-15T14:44:05.1596921Z   ...
2026-09-15T14:44:05.1605380Z # Subtest: workshop-03/immediate/interceptor: legal fallback route
2026-09-15T14:44:05.1606597Z ok 373 - workshop-03/immediate/interceptor: legal fallback route
2026-09-15T14:44:05.1607471Z   ---
2026-09-15T14:44:05.1607830Z   duration_ms: 435.360049
2026-09-15T14:44:05.1608216Z   ...
2026-09-15T14:44:05.1608850Z # Subtest: workshop-03/grid-center/impact: legal specialty route
2026-09-15T14:44:05.1609765Z ok 374 - workshop-03/grid-center/impact: legal specialty route
2026-09-15T14:44:05.1610410Z   ---
2026-09-15T14:44:05.1610755Z   duration_ms: 669.765043
2026-09-15T14:44:05.1611171Z   ...
2026-09-15T14:44:05.1611864Z # Subtest: workshop-03/grid-center/interceptor: legal fallback route
2026-09-15T14:44:05.1612940Z ok 375 - workshop-03/grid-center/interceptor: legal fallback route
2026-09-15T14:44:05.1613586Z   ---
2026-09-15T14:44:05.1613971Z   duration_ms: 479.2369
2026-09-15T14:44:05.1614359Z   ...
2026-09-15T14:44:05.1615054Z # Subtest: workshop-02/immediate: omitted equipment stays unqualified
2026-09-15T14:44:05.1616278Z ok 376 - workshop-02/immediate: omitted equipment stays unqualified
2026-09-15T14:44:05.1616974Z   ---
2026-09-15T14:44:05.1617321Z   duration_ms: 435.023093
2026-09-15T14:44:05.1617745Z   ...
2026-09-15T14:44:05.1618404Z # Subtest: workshop-02/grid-center: omitted equipment stays unqualified
2026-09-15T14:44:05.1619433Z ok 377 - workshop-02/grid-center: omitted equipment stays unqualified
2026-09-15T14:44:05.1620113Z   ---
2026-09-15T14:44:05.1620461Z   duration_ms: 289.44514
2026-09-15T14:44:05.1620846Z   ...
2026-09-15T14:44:05.1621504Z # Subtest: workshop-03/immediate: omitted equipment stays unqualified
2026-09-15T14:44:05.1622489Z ok 378 - workshop-03/immediate: omitted equipment stays unqualified
2026-09-15T14:44:05.1623150Z   ---
2026-09-15T14:44:05.1623477Z   duration_ms: 281.583279
2026-09-15T14:44:05.1623851Z   ...
2026-09-15T14:44:05.1624556Z # Subtest: workshop-03/grid-center: omitted equipment stays unqualified
2026-09-15T14:44:05.1625583Z ok 379 - workshop-03/grid-center: omitted equipment stays unqualified
2026-09-15T14:44:05.1626594Z   ---
2026-09-15T14:44:05.1626936Z   duration_ms: 297.303956
2026-09-15T14:44:05.1627315Z   ...
2026-09-15T14:44:05.1628230Z # Subtest: legacy backup JSON stays byte-compatible and explicit v2 requires the trusted companion
2026-09-15T14:44:05.1629676Z ok 380 - legacy backup JSON stays byte-compatible and explicit v2 requires the trusted companion
2026-09-15T14:44:05.1630489Z   ---
2026-09-15T14:44:05.1630828Z   duration_ms: 11.162305
2026-09-15T14:44:05.1631197Z   ...
2026-09-15T14:44:05.1632295Z # Subtest: metadata-only v2 export retains exact descriptor and fingerprints it without claiming available originals
2026-09-15T14:44:05.1633984Z ok 381 - metadata-only v2 export retains exact descriptor and fingerprints it without claiming available originals
2026-09-15T14:44:05.1635288Z   ---
2026-09-15T14:44:05.1635629Z   duration_ms: 348.411089
2026-09-15T14:44:05.1636248Z   ...
2026-09-15T14:44:05.1637051Z # Subtest: foreign, changed and omitted descriptors refuse compact-only authority
2026-09-15T14:44:05.1638226Z ok 382 - foreign, changed and omitted descriptors refuse compact-only authority
2026-09-15T14:44:05.1638976Z   ---
2026-09-15T14:44:05.1639368Z   duration_ms: 167.256607
2026-09-15T14:44:05.1639797Z   ...
2026-09-15T14:44:05.1640847Z # Subtest: fresh paired-original restore then v2 commit publishes both assets together without any media write
2026-09-15T14:44:05.1642517Z ok 383 - fresh paired-original restore then v2 commit publishes both assets together without any media write
2026-09-15T14:44:05.1643482Z   ---
2026-09-15T14:44:05.1643853Z   duration_ms: 9199.404917
2026-09-15T14:44:05.1644275Z   ...
2026-09-15T14:44:05.1645319Z # Subtest: explicit empty v2 Undo preserves exact original bytes and historical records; v1 cannot strip index
2026-09-15T14:44:05.1647152Z ok 384 - explicit empty v2 Undo preserves exact original bytes and historical records; v1 cannot strip index
2026-09-15T14:44:05.1648048Z   ---
2026-09-15T14:44:05.1648393Z   duration_ms: 11859.708595
2026-09-15T14:44:05.1648826Z   ...
2026-09-15T14:44:05.1649717Z # Subtest: profile failure rolls back raw pack/index/profile/session values with no media changes
2026-09-15T14:44:05.1651301Z ok 385 - profile failure rolls back raw pack/index/profile/session values with no media changes
2026-09-15T14:44:05.1652143Z   ---
2026-09-15T14:44:05.1652490Z   duration_ms: 8197.601228
2026-09-15T14:44:05.1652882Z   ...
2026-09-15T14:44:05.1653670Z # Subtest: native pair transaction abort never exposes a lone new pack pointer or index
2026-09-15T14:44:05.1654939Z ok 386 - native pair transaction abort never exposes a lone new pack pointer or index
2026-09-15T14:44:05.1656669Z   ---
2026-09-15T14:44:05.1657029Z   duration_ms: 7770.065484
2026-09-15T14:44:05.1657416Z   ...
2026-09-15T14:44:05.1658354Z # Subtest: restart recovery restores exact native pair and local values from the owned v2 journal
2026-09-15T14:44:05.1659726Z ok 387 - restart recovery restores exact native pair and local values from the owned v2 journal
2026-09-15T14:44:05.1660574Z   ---
2026-09-15T14:44:05.1660910Z   duration_ms: 10.640532
2026-09-15T14:44:05.1661297Z   ...
2026-09-15T14:44:05.1662073Z # Subtest: mixed journals and changed ownership keep all raw recovery data untouched
2026-09-15T14:44:05.1663258Z ok 388 - mixed journals and changed ownership keep all raw recovery data untouched
2026-09-15T14:44:05.1663994Z   ---
2026-09-15T14:44:05.1664326Z   duration_ms: 9.097655
2026-09-15T14:44:05.1664712Z   ...
2026-09-15T14:44:05.1665520Z # Subtest: failed recovery retains the journal and succeeds after storage becomes available
2026-09-15T14:44:05.1667045Z ok 389 - failed recovery retains the journal and succeeds after storage becomes available
2026-09-15T14:44:05.1667820Z   ---
2026-09-15T14:44:05.1668152Z   duration_ms: 16.5703
2026-09-15T14:44:05.1668528Z   ...
2026-09-15T14:44:05.1669470Z # Subtest: missing/corrupt original refuses before journal and does not change descriptor metadata
2026-09-15T14:44:05.1670915Z ok 390 - missing/corrupt original refuses before journal and does not change descriptor metadata
2026-09-15T14:44:05.1671719Z   ---
2026-09-15T14:44:05.1672057Z   duration_ms: 3927.465347
2026-09-15T14:44:05.1672455Z   ...
2026-09-15T14:44:05.1673441Z # Subtest: preparation cancellation and changed current snapshot never produce adoption or native writes
2026-09-15T14:44:05.1674934Z ok 391 - preparation cancellation and changed current snapshot never produce adoption or native writes
2026-09-15T14:44:05.1675833Z   ---
2026-09-15T14:44:05.1676403Z   duration_ms: 2.671783
2026-09-15T14:44:05.1676770Z   ...
2026-09-15T14:44:05.1677819Z # Subtest: source-locked transfer fingerprints exact raw bytes and preserves its descriptor without source writes
2026-09-15T14:44:05.1679517Z ok 392 - source-locked transfer fingerprints exact raw bytes and preserves its descriptor without source writes
2026-09-15T14:44:05.1680638Z   ---
2026-09-15T14:44:05.1680978Z   duration_ms: 351.901285
2026-09-15T14:44:05.1681367Z   ...
2026-09-15T14:44:05.1682226Z # Subtest: legacy release source with no index still reads through the optional source adapter
2026-09-15T14:44:05.1683545Z ok 393 - legacy release source with no index still reads through the optional source adapter
2026-09-15T14:44:05.1684319Z   ---
2026-09-15T14:44:05.1684669Z   duration_ms: 3.595776
2026-09-15T14:44:05.1685056Z   ...
2026-09-15T14:44:05.1685741Z # Subtest: cross-key journal and stale raw assets refuse native publication
2026-09-15T14:44:05.1687069Z ok 394 - cross-key journal and stale raw assets refuse native publication
2026-09-15T14:44:05.1687746Z   ---
2026-09-15T14:44:05.1688082Z   duration_ms: 8.111557
2026-09-15T14:44:05.1688457Z   ...
2026-09-15T14:44:05.1689307Z # Subtest: native assets remain read-only without a current writer and reject fabricated adapters
2026-09-15T14:44:05.1690717Z ok 395 - native assets remain read-only without a current writer and reject fabricated adapters
2026-09-15T14:44:05.1691561Z   ---
2026-09-15T14:44:05.1691878Z   duration_ms: 5.53416
2026-09-15T14:44:05.1692243Z   ...
2026-09-15T14:44:05.1693059Z # Subtest: cancellation while verifying real original bytes stops before the backup journal
2026-09-15T14:44:05.1694579Z ok 396 - cancellation while verifying real original bytes stops before the backup journal
2026-09-15T14:44:05.1695377Z   ---
2026-09-15T14:44:05.1695714Z   duration_ms: 6187.694277
2026-09-15T14:44:05.1696355Z   ...
2026-09-15T14:44:05.1697332Z # Subtest: a concurrent original metadata generation change invalidates commit before any journal write
2026-09-15T14:44:05.1698822Z ok 397 - a concurrent original metadata generation change invalidates commit before any journal write
2026-09-15T14:44:05.1699709Z   ---
2026-09-15T14:44:05.1700039Z   duration_ms: 16291.917491
2026-09-15T14:44:05.1700439Z   ...
2026-09-15T14:44:05.1701201Z # Subtest: legacy backup journal beside an indexed chapter refuses automatic recovery
2026-09-15T14:44:05.1702408Z ok 398 - legacy backup journal beside an indexed chapter refuses automatic recovery
2026-09-15T14:44:05.1703155Z   ---
2026-09-15T14:44:05.1703479Z   duration_ms: 2.0267
2026-09-15T14:44:05.1703846Z   ...
2026-09-15T14:44:05.1705144Z # Subtest: real earned external poster remains resolvable after explicit replacement and its saved flight cannot silently lose the pack
2026-09-15T14:44:05.1707373Z ok 399 - real earned external poster remains resolvable after explicit replacement and its saved flight cannot silently lose the pack
2026-09-15T14:44:05.1708482Z   ---
2026-09-15T14:44:05.1708821Z   duration_ms: 7299.750879
2026-09-15T14:44:05.1709213Z   ...
2026-09-15T14:44:05.1710058Z # Subtest: supported metadata backup still refuses pack-only export that would strip the index
2026-09-15T14:44:05.1711423Z ok 400 - supported metadata backup still refuses pack-only export that would strip the index
2026-09-15T14:44:05.1712215Z   ---
2026-09-15T14:44:05.1712626Z   duration_ms: 63.587456
2026-09-15T14:44:05.1713027Z   ...
2026-09-15T14:44:05.1713856Z # Subtest: source external journal and non-writer target are refused without local writes
2026-09-15T14:44:05.1715135Z ok 401 - source external journal and non-writer target are refused without local writes
2026-09-15T14:44:05.1715870Z   ---
2026-09-15T14:44:05.1716429Z   duration_ms: 3.310233
2026-09-15T14:44:05.1716806Z   ...
2026-09-15T14:44:05.1717943Z # Subtest: modeled reply loss after committed final journal clear re-establishes owned recovery and rolls back exact values
2026-09-15T14:44:05.1719688Z ok 402 - modeled reply loss after committed final journal clear re-establishes owned recovery and rolls back exact values
2026-09-15T14:44:05.1720704Z   ---
2026-09-15T14:44:05.1721032Z   duration_ms: 5935.417702
2026-09-15T14:44:05.1721438Z   ...
2026-09-15T14:44:10.0198980Z # Subtest: real two-store install commits originals before one atomic pointer publication, with exact bytes and no profile/session writes
2026-09-15T14:44:10.0227805Z ok 403 - real two-store install commits originals before one atomic pointer publication, with exact bytes and no profile/session writes
2026-09-15T14:44:10.0236885Z   ---
2026-09-15T14:44:10.0237408Z   duration_ms: 26698.037118
2026-09-15T14:44:10.0238056Z   ...
2026-09-15T14:44:10.0239213Z # Subtest: crash after prepared preserves recovery and completes without recommitting originals
2026-09-15T14:44:10.0240762Z ok 404 - crash after prepared preserves recovery and completes without recommitting originals
2026-09-15T14:44:10.0241748Z   ---
2026-09-15T14:44:10.0242251Z   duration_ms: 22086.283933
2026-09-15T14:44:10.0242823Z   ...
2026-09-15T14:44:10.0243976Z # Subtest: crash before media-committed preserves recovery and completes without recommitting originals
2026-09-15T14:44:10.0245655Z ok 405 - crash before media-committed preserves recovery and completes without recommitting originals
2026-09-15T14:44:10.0246965Z   ---
2026-09-15T14:44:10.0247477Z   duration_ms: 20226.602567
2026-09-15T14:44:10.0248055Z   ...
2026-09-15T14:44:10.0249109Z # Subtest: crash before published preserves recovery and completes without recommitting originals
2026-09-15T14:44:10.0250672Z ok 406 - crash before published preserves recovery and completes without recommitting originals
2026-09-15T14:44:10.0251679Z   ---
2026-09-15T14:44:10.0252404Z   duration_ms: 18374.512047
2026-09-15T14:44:10.0252975Z   ...
2026-09-15T14:44:10.0254020Z # Subtest: crash after published preserves recovery and completes without recommitting originals
2026-09-15T14:44:10.0255593Z ok 407 - crash after published preserves recovery and completes without recommitting originals
2026-09-15T14:44:10.0256978Z   ---
2026-09-15T14:44:10.0257537Z   duration_ms: 12757.757037
2026-09-15T14:44:10.0258116Z   ...
2026-09-15T14:44:29.5535576Z # Subtest: crash before final journal clear preserves recovery and completes without recommitting originals
2026-09-15T14:44:29.5538234Z ok 408 - crash before final journal clear preserves recovery and completes without recommitting originals
2026-09-15T14:44:29.5540156Z   ---
2026-09-15T14:44:29.5540954Z   duration_ms: 19477.277952
2026-09-15T14:44:29.5541696Z   ...
2026-09-15T14:44:53.4801012Z # Subtest: failed pointer second put rolls back publication and journal phase together
2026-09-15T14:44:53.4804227Z ok 409 - failed pointer second put rolls back publication and journal phase together
2026-09-15T14:44:53.4805752Z   ---
2026-09-15T14:44:53.4807254Z   duration_ms: 23637.10059
2026-09-15T14:44:53.4808255Z   ...
2026-09-15T14:45:15.0508530Z # Subtest: abort after originals commit and before pointer publication leaves old pointer and recoverable originals
2026-09-15T14:45:15.0510743Z ok 410 - abort after originals commit and before pointer publication leaves old pointer and recoverable originals
2026-09-15T14:45:15.0514651Z   ---
2026-09-15T14:45:15.0515396Z   duration_ms: 21713.06
2026-09-15T14:45:15.0516524Z   ...
2026-09-15T14:45:39.2540697Z # Subtest: reported quota refusal leaves media and pointer unchanged; same journal can resume after space is available
2026-09-15T14:45:39.2557855Z ok 411 - reported quota refusal leaves media and pointer unchanged; same journal can resume after space is available
2026-09-15T14:45:39.2558967Z   ---
2026-09-15T14:45:39.2559414Z   duration_ms: 23897.379163
2026-09-15T14:45:39.2559902Z   ...
2026-09-15T14:46:43.6112268Z # Subtest: foreign pack pointer, foreign generation and post-publication media change never clear the journal or roll back originals
2026-09-15T14:46:43.6144322Z ok 412 - foreign pack pointer, foreign generation and post-publication media change never clear the journal or roll back originals
2026-09-15T14:46:43.6145873Z   ---
2026-09-15T14:46:43.6146745Z   duration_ms: 64786.093286
2026-09-15T14:46:43.6147323Z   ...
2026-09-15T14:46:55.0181284Z # Subtest: pre-existing historical binding cannot be silently replaced even when its pack is absent
2026-09-15T14:46:55.0219496Z ok 413 - pre-existing historical binding cannot be silently replaced even when its pack is absent
2026-09-15T14:46:55.0237132Z   ---
2026-09-15T14:46:55.0314194Z   duration_ms: 12243.777117
2026-09-15T14:46:55.0336773Z   ...
2026-09-15T14:46:55.0367519Z # Subtest: writer, lock, backup marker, cancellation and forged prepared capability refuse before any journal write
2026-09-15T14:46:55.0447945Z ok 414 - writer, lock, backup marker, cancellation and forged prepared capability refuse before any journal write
2026-09-15T14:46:55.0487604Z   ---
2026-09-15T14:46:55.0506829Z   duration_ms: 5.045682
2026-09-15T14:46:55.0536397Z   ...
2026-09-15T14:47:24.1952611Z # Subtest: side-by-side pilot retains the exact embedded edition and actual old suspended attempt; it does not perform migration
2026-09-15T14:47:24.1954692Z ok 415 - side-by-side pilot retains the exact embedded edition and actual old suspended attempt; it does not perform migration
2026-09-15T14:47:24.1956263Z   ---
2026-09-15T14:47:24.1957059Z   duration_ms: 27987.356651
2026-09-15T14:47:24.1957777Z   ...
2026-09-15T14:47:32.5831534Z # Subtest: corrupt committed original blocks recovery without changing pointer, index, metadata or deleting history
2026-09-15T14:47:32.5833738Z ok 416 - corrupt committed original blocks recovery without changing pointer, index, metadata or deleting history
2026-09-15T14:47:32.5835353Z   ---
2026-09-15T14:47:32.5836420Z   duration_ms: 9572.074186
2026-09-15T14:47:32.5837764Z   ...
2026-09-15T14:47:32.5839208Z # Subtest: native pointer guard rejects old backup journal, mismatched channel, cancelled write and foreign index CAS
2026-09-15T14:47:32.5841413Z ok 417 - native pointer guard rejects old backup journal, mismatched channel, cancelled write and foreign index CAS
2026-09-15T14:47:32.5842820Z   ---
2026-09-15T14:47:32.5843508Z   duration_ms: 3.897064
2026-09-15T14:47:32.5844189Z   ...
2026-09-15T14:47:32.5845508Z # Subtest: pointer channels preserve the existing bounded release-v spelling and refuse mismatched variants
2026-09-15T14:47:32.5847786Z ok 418 - pointer channels preserve the existing bounded release-v spelling and refuse mismatched variants
2026-09-15T14:47:32.5849251Z   ---
2026-09-15T14:47:32.5850077Z   duration_ms: 2.36833
2026-09-15T14:47:32.5850756Z   ...
2026-09-15T14:47:32.6032039Z # Subtest: trusted registration is the only source of built-in execution authority and owns immutable catalog results
2026-09-15T14:47:32.6047821Z ok 419 - trusted registration is the only source of built-in execution authority and owns immutable catalog results
2026-09-15T14:47:32.6067181Z   ---
2026-09-15T14:47:32.6068061Z   duration_ms: 13.718678
2026-09-15T14:47:32.6068664Z   ...
2026-09-15T14:47:32.6070369Z # Subtest: claimed installed descriptors cannot replace the finite trusted registry or a complete matching pack
2026-09-15T14:47:32.6072318Z ok 420 - claimed installed descriptors cannot replace the finite trusted registry or a complete matching pack
2026-09-15T14:47:32.6109329Z   ---
2026-09-15T14:47:32.6126839Z   duration_ms: 2.884713
2026-09-15T14:47:32.6127478Z   ...
2026-09-15T14:47:32.6128524Z # Subtest: cancelled pure catalog preparation refuses without storage or runtime fallback
2026-09-15T14:47:32.6129986Z ok 421 - cancelled pure catalog preparation refuses without storage or runtime fallback
2026-09-15T14:47:32.6130912Z   ---
2026-09-15T14:47:32.6131411Z   duration_ms: 0.684768
2026-09-15T14:47:32.6131975Z   ...
2026-09-15T14:47:32.6133274Z # Subtest: existing backup companion delegates pure preparation and preserves closed/cancelled guards without opening stores
2026-09-15T14:47:32.6135306Z ok 422 - existing backup companion delegates pure preparation and preserves closed/cancelled guards without opening stores
2026-09-15T14:47:32.6136669Z   ---
2026-09-15T14:47:32.6137168Z   duration_ms: 1.815808
2026-09-15T14:47:32.6137708Z   ...
2026-09-15T14:47:32.6138904Z # Subtest: all 30 registered sprite frames have binary alpha, at most 12 approved colors, and valid exact frame geometry
2026-09-15T14:47:32.6140725Z ok 423 - all 30 registered sprite frames have binary alpha, at most 12 approved colors, and valid exact frame geometry
2026-09-15T14:47:32.6142183Z   ---
2026-09-15T14:47:32.6142677Z   duration_ms: 78.114156
2026-09-15T14:47:32.6143219Z   ...
2026-09-15T14:47:32.6144457Z # Subtest: north-facing player cameras and static motor centers match the exact registered anchors at both native grids
2026-09-15T14:47:32.6146553Z ok 424 - north-facing player cameras and static motor centers match the exact registered anchors at both native grids
2026-09-15T14:47:32.6147706Z   ---
2026-09-15T14:47:32.6148202Z   duration_ms: 24.610883
2026-09-15T14:47:32.6148739Z   ...
2026-09-15T14:47:32.6149802Z # Subtest: native detailed drawings are distinct authored clusters and all role outputs are independent
2026-09-15T14:47:32.6151389Z ok 425 - native detailed drawings are distinct authored clusters and all role outputs are independent
2026-09-15T14:47:32.6152392Z   ---
2026-09-15T14:47:32.6152881Z   duration_ms: 68.755163
2026-09-15T14:47:32.6153408Z   ...
2026-09-15T14:47:32.6154611Z # Subtest: all emitted PNGs decode to source pixels and retain exact hashes, measured bounds, and produced-only provenance
2026-09-15T14:47:32.6156688Z ok 426 - all emitted PNGs decode to source pixels and retain exact hashes, measured bounds, and produced-only provenance
2026-09-15T14:47:32.6157801Z   ---
2026-09-15T14:47:32.6158282Z   duration_ms: 1438.604285
2026-09-15T14:47:32.6159060Z   ...
2026-09-15T14:47:32.6160249Z # Subtest: title preparation keeps the original RGB, exact 3x clusters, both aspect ratios and shared reveal palette
2026-09-15T14:47:32.6162114Z ok 427 - title preparation keeps the original RGB, exact 3x clusters, both aspect ratios and shared reveal palette
2026-09-15T14:47:32.6163215Z   ---
2026-09-15T14:47:32.6163714Z   duration_ms: 1028.774491
2026-09-15T14:47:32.6164271Z   ...
2026-09-15T14:47:32.6165470Z # Subtest: title v2 reproduces exactly and preserves original sources, historical v1 outputs and their manifest bytes
2026-09-15T14:47:32.6167587Z ok 428 - title v2 reproduces exactly and preserves original sources, historical v1 outputs and their manifest bytes
2026-09-15T14:47:32.6168588Z   ---
2026-09-15T14:47:32.6168985Z   duration_ms: 1112.971317
2026-09-15T14:47:32.6169399Z   ...
2026-09-15T14:47:32.6170344Z # Subtest: new private lesson oracle has exactly the named routes, separate from historic campaign proofs
2026-09-15T14:47:32.6171193Z ok 429 - new private lesson oracle has exactly the named routes, separate from historic campaign proofs
2026-09-15T14:47:32.6171677Z   ---
2026-09-15T14:47:32.6171881Z   duration_ms: 2.104605
2026-09-15T14:47:32.6172094Z   ...
2026-09-15T14:47:32.6172590Z # Subtest: public-input proof preserves exact simulation and lesson result: close-line-immediate
2026-09-15T14:47:32.6173359Z ok 430 - public-input proof preserves exact simulation and lesson result: close-line-immediate
2026-09-15T14:47:32.6173806Z   ---
2026-09-15T14:47:32.6174010Z   duration_ms: 327.846604
2026-09-15T14:47:32.6174269Z   ...
2026-09-15T14:47:32.6174760Z # Subtest: public-input proof preserves exact simulation and lesson result: empty-side-immediate
2026-09-15T14:47:32.6175518Z ok 431 - public-input proof preserves exact simulation and lesson result: empty-side-immediate
2026-09-15T14:47:32.6176248Z   ---
2026-09-15T14:47:32.6176602Z   duration_ms: 635.524426
2026-09-15T14:47:32.6176999Z   ...
2026-09-15T14:47:32.6177932Z # Subtest: public-input proof preserves exact simulation and lesson result: picture-home-immediate
2026-09-15T14:47:32.6179336Z ok 432 - public-input proof preserves exact simulation and lesson result: picture-home-immediate
2026-09-15T14:47:32.6180152Z   ---
2026-09-15T14:47:32.6180505Z   duration_ms: 566.980785
2026-09-15T14:47:32.6180898Z   ...
2026-09-15T14:47:32.6195389Z # Subtest: public-input proof preserves exact simulation and lesson result: empty-side-recovery-immediate
2026-09-15T14:47:32.6197311Z ok 433 - public-input proof preserves exact simulation and lesson result: empty-side-recovery-immediate
2026-09-15T14:47:32.6198217Z   ---
2026-09-15T14:47:32.6198563Z   duration_ms: 812.85193
2026-09-15T14:47:32.6199211Z   ...
2026-09-15T14:47:32.6200198Z # Subtest: public-input proof preserves exact simulation and lesson result: empty-side-alternate-immediate
2026-09-15T14:47:32.6201722Z ok 434 - public-input proof preserves exact simulation and lesson result: empty-side-alternate-immediate
2026-09-15T14:47:32.6202581Z   ---
2026-09-15T14:47:32.6202933Z   duration_ms: 641.361349
2026-09-15T14:47:32.6203331Z   ...
2026-09-15T14:47:32.6204321Z # Subtest: public-input proof preserves exact simulation and lesson result: empty-side-outside-band-immediate
2026-09-15T14:47:32.6205888Z ok 435 - public-input proof preserves exact simulation and lesson result: empty-side-outside-band-immediate
2026-09-15T14:47:32.6207026Z   ---
2026-09-15T14:47:32.6207697Z   duration_ms: 460.898428
2026-09-15T14:47:32.6208088Z   ...
2026-09-15T14:47:32.6208978Z # Subtest: public-input proof preserves exact simulation and lesson result: empty-side-loss-immediate
2026-09-15T14:47:32.6210384Z ok 436 - public-input proof preserves exact simulation and lesson result: empty-side-loss-immediate
2026-09-15T14:47:32.6211205Z   ---
2026-09-15T14:47:32.6211525Z   duration_ms: 249.477303
2026-09-15T14:47:32.6211896Z   ...
2026-09-15T14:47:32.6212751Z # Subtest: public-input proof preserves exact simulation and lesson result: close-line-grid-center
2026-09-15T14:47:32.6214335Z ok 437 - public-input proof preserves exact simulation and lesson result: close-line-grid-center
2026-09-15T14:47:32.6215144Z   ---
2026-09-15T14:47:32.6215444Z   duration_ms: 276.475907
2026-09-15T14:47:32.6215809Z   ...
2026-09-15T14:47:32.6222794Z # Subtest: public-input proof preserves exact simulation and lesson result: empty-side-grid-center
2026-09-15T14:47:32.6224291Z ok 438 - public-input proof preserves exact simulation and lesson result: empty-side-grid-center
2026-09-15T14:47:32.6225090Z   ---
2026-09-15T14:47:32.6225417Z   duration_ms: 535.622153
2026-09-15T14:47:32.6225814Z   ...
2026-09-15T14:47:32.6227028Z # Subtest: public-input proof preserves exact simulation and lesson result: picture-home-grid-center
2026-09-15T14:47:32.6228521Z ok 439 - public-input proof preserves exact simulation and lesson result: picture-home-grid-center
2026-09-15T14:47:32.6229385Z   ---
2026-09-15T14:47:32.6229751Z   duration_ms: 505.502859
2026-09-15T14:47:32.6230172Z   ...
2026-09-15T14:47:32.6231219Z # Subtest: public-input proof preserves exact simulation and lesson result: empty-side-recovery-grid-center
2026-09-15T14:47:32.6232800Z ok 440 - public-input proof preserves exact simulation and lesson result: empty-side-recovery-grid-center
2026-09-15T14:47:32.6233722Z   ---
2026-09-15T14:47:32.6234088Z   duration_ms: 705.177508
2026-09-15T14:47:32.6234582Z   ...
2026-09-15T14:47:32.6235639Z # Subtest: public-input proof preserves exact simulation and lesson result: empty-side-alternate-grid-center
2026-09-15T14:47:32.6237454Z ok 441 - public-input proof preserves exact simulation and lesson result: empty-side-alternate-grid-center
2026-09-15T14:47:32.6238334Z   ---
2026-09-15T14:47:32.6238799Z   duration_ms: 575.990403
2026-09-15T14:47:32.6239220Z   ...
2026-09-15T14:47:32.6240287Z # Subtest: public-input proof preserves exact simulation and lesson result: empty-side-outside-band-grid-center
2026-09-15T14:47:32.6242026Z ok 442 - public-input proof preserves exact simulation and lesson result: empty-side-outside-band-grid-center
2026-09-15T14:47:32.6242992Z   ---
2026-09-15T14:47:32.6243370Z   duration_ms: 431.014264
2026-09-15T14:47:32.6243803Z   ...
2026-09-15T14:47:32.6244799Z # Subtest: public-input proof preserves exact simulation and lesson result: empty-side-loss-grid-center
2026-09-15T14:47:32.6246726Z ok 443 - public-input proof preserves exact simulation and lesson result: empty-side-loss-grid-center
2026-09-15T14:47:32.6247675Z   ---
2026-09-15T14:47:32.6248055Z   duration_ms: 243.52716
2026-09-15T14:47:32.6248457Z   ...
2026-09-15T14:47:32.6249293Z # Subtest: empty-side exact divider, live line and filled rectangle at row 16, immediate
2026-09-15T14:47:32.6250907Z ok 444 - empty-side exact divider, live line and filled rectangle at row 16, immediate
2026-09-15T14:47:32.6251671Z   ---
2026-09-15T14:47:32.6252035Z   duration_ms: 516.047039
2026-09-15T14:47:32.6252453Z   ...
2026-09-15T14:47:32.6253280Z # Subtest: empty-side exact divider, live line and filled rectangle at row 17, immediate
2026-09-15T14:47:32.6254575Z ok 445 - empty-side exact divider, live line and filled rectangle at row 17, immediate
2026-09-15T14:47:32.6255332Z   ---
2026-09-15T14:47:32.6255701Z   duration_ms: 516.439472
2026-09-15T14:47:32.6256384Z   ...
2026-09-15T14:47:32.6257255Z # Subtest: empty-side exact divider, live line and filled rectangle at row 18, immediate
2026-09-15T14:47:32.6258530Z ok 446 - empty-side exact divider, live line and filled rectangle at row 18, immediate
2026-09-15T14:47:32.6259324Z   ---
2026-09-15T14:47:32.6259694Z   duration_ms: 465.367328
2026-09-15T14:47:32.6260116Z   ...
2026-09-15T14:47:32.6260931Z # Subtest: empty-side exact divider, live line and filled rectangle at row 19, immediate
2026-09-15T14:47:32.6262194Z ok 447 - empty-side exact divider, live line and filled rectangle at row 19, immediate
2026-09-15T14:47:32.6262985Z   ---
2026-09-15T14:47:32.6263353Z   duration_ms: 450.486197
2026-09-15T14:47:32.6263760Z   ...
2026-09-15T14:47:32.6264841Z # Subtest: empty-side exact divider, live line and filled rectangle at row 20, immediate
2026-09-15T14:47:32.6266442Z ok 448 - empty-side exact divider, live line and filled rectangle at row 20, immediate
2026-09-15T14:47:32.6267250Z   ---
2026-09-15T14:47:32.6267616Z   duration_ms: 448.795324
2026-09-15T14:47:32.6268033Z   ...
2026-09-15T14:47:32.6268866Z # Subtest: empty-side exact divider, live line and filled rectangle at row 21, immediate
2026-09-15T14:47:32.6270128Z ok 449 - empty-side exact divider, live line and filled rectangle at row 21, immediate
2026-09-15T14:47:32.6270908Z   ---
2026-09-15T14:47:32.6271281Z   duration_ms: 462.876327
2026-09-15T14:47:32.6271702Z   ...
2026-09-15T14:47:32.6272532Z # Subtest: empty-side exact divider, live line and filled rectangle at row 22, immediate
2026-09-15T14:47:32.6273751Z ok 450 - empty-side exact divider, live line and filled rectangle at row 22, immediate
2026-09-15T14:47:32.6274535Z   ---
2026-09-15T14:47:32.6274905Z   duration_ms: 431.231103
2026-09-15T14:47:32.6275325Z   ...
2026-09-15T14:47:32.6276590Z # Subtest: empty-side exact divider, live line and filled rectangle at row 23, immediate
2026-09-15T14:47:32.6277894Z ok 451 - empty-side exact divider, live line and filled rectangle at row 23, immediate
2026-09-15T14:47:32.6278677Z   ---
2026-09-15T14:47:32.6279059Z   duration_ms: 452.891204
2026-09-15T14:47:32.6279492Z   ...
2026-09-15T14:47:32.6280338Z # Subtest: empty-side exact divider, live line and filled rectangle at row 24, immediate
2026-09-15T14:47:32.6281589Z ok 452 - empty-side exact divider, live line and filled rectangle at row 24, immediate
2026-09-15T14:47:32.6282352Z   ---
2026-09-15T14:47:32.6282700Z   duration_ms: 427.246477
2026-09-15T14:47:32.6283108Z   ...
2026-09-15T14:47:32.6283958Z # Subtest: empty-side exact divider, live line and filled rectangle at row 16, grid-center
2026-09-15T14:47:32.6285272Z ok 453 - empty-side exact divider, live line and filled rectangle at row 16, grid-center
2026-09-15T14:47:32.6286364Z   ---
2026-09-15T14:47:32.6286707Z   duration_ms: 469.722215
2026-09-15T14:47:32.6287120Z   ...
2026-09-15T14:47:32.6287994Z # Subtest: empty-side exact divider, live line and filled rectangle at row 17, grid-center
2026-09-15T14:47:32.6289332Z ok 454 - empty-side exact divider, live line and filled rectangle at row 17, grid-center
2026-09-15T14:47:32.6290135Z   ---
2026-09-15T14:47:32.6290497Z   duration_ms: 482.73315
2026-09-15T14:47:32.6290911Z   ...
2026-09-15T14:47:32.6291768Z # Subtest: empty-side exact divider, live line and filled rectangle at row 18, grid-center
2026-09-15T14:47:32.6293115Z ok 455 - empty-side exact divider, live line and filled rectangle at row 18, grid-center
2026-09-15T14:47:32.6293923Z   ---
2026-09-15T14:47:32.6294598Z   duration_ms: 475.779002
2026-09-15T14:47:32.6295034Z   ...
2026-09-15T14:47:32.6295912Z # Subtest: empty-side exact divider, live line and filled rectangle at row 19, grid-center
2026-09-15T14:47:32.6297520Z ok 456 - empty-side exact divider, live line and filled rectangle at row 19, grid-center
2026-09-15T14:47:32.6298337Z   ---
2026-09-15T14:47:32.6298727Z   duration_ms: 475.023813
2026-09-15T14:47:32.6299163Z   ...
2026-09-15T14:47:32.6300028Z # Subtest: empty-side exact divider, live line and filled rectangle at row 20, grid-center
2026-09-15T14:47:32.6301366Z ok 457 - empty-side exact divider, live line and filled rectangle at row 20, grid-center
2026-09-15T14:47:32.6302177Z   ---
2026-09-15T14:47:32.6302556Z   duration_ms: 479.52131
2026-09-15T14:47:32.6302946Z   ...
2026-09-15T14:47:32.6303754Z # Subtest: empty-side exact divider, live line and filled rectangle at row 21, grid-center
2026-09-15T14:47:32.6305008Z ok 458 - empty-side exact divider, live line and filled rectangle at row 21, grid-center
2026-09-15T14:47:32.6305798Z   ---
2026-09-15T14:47:32.6306568Z   duration_ms: 442.674486
2026-09-15T14:47:32.6306976Z   ...
2026-09-15T14:47:32.6307837Z # Subtest: empty-side exact divider, live line and filled rectangle at row 22, grid-center
2026-09-15T14:47:32.6309333Z ok 459 - empty-side exact divider, live line and filled rectangle at row 22, grid-center
2026-09-15T14:47:32.6310144Z   ---
2026-09-15T14:47:32.6310503Z   duration_ms: 433.209005
2026-09-15T14:47:32.6310886Z   ...
2026-09-15T14:47:32.6311707Z # Subtest: empty-side exact divider, live line and filled rectangle at row 23, grid-center
2026-09-15T14:47:32.6313041Z ok 460 - empty-side exact divider, live line and filled rectangle at row 23, grid-center
2026-09-15T14:47:32.6313820Z   ---
2026-09-15T14:47:32.6314180Z   duration_ms: 420.178796
2026-09-15T14:47:32.6314622Z   ...
2026-09-15T14:47:32.6315486Z # Subtest: empty-side exact divider, live line and filled rectangle at row 24, grid-center
2026-09-15T14:47:32.6317085Z ok 461 - empty-side exact divider, live line and filled rectangle at row 24, grid-center
2026-09-15T14:47:32.6317877Z   ---
2026-09-15T14:47:32.6318243Z   duration_ms: 431.11115
2026-09-15T14:47:32.6318671Z   ...
2026-09-15T14:47:32.6319549Z # Subtest: observing and repeated idle sampling preserve exported replay bytes: immediate
2026-09-15T14:47:32.6320885Z ok 462 - observing and repeated idle sampling preserve exported replay bytes: immediate
2026-09-15T14:47:32.6321686Z   ---
2026-09-15T14:47:32.6322040Z   duration_ms: 865.878313
2026-09-15T14:47:32.6322441Z   ...
2026-09-15T14:47:32.6323576Z # Subtest: observing and repeated idle sampling preserve exported replay bytes: grid-center
2026-09-15T14:47:32.6324930Z ok 463 - observing and repeated idle sampling preserve exported replay bytes: grid-center
2026-09-15T14:47:32.6325768Z   ---
2026-09-15T14:47:32.6326418Z   duration_ms: 1091.424164
2026-09-15T14:47:32.6326848Z   ...
2026-09-15T14:47:32.6327863Z # Subtest: a different valid separator and filled rectangle do not count as the taught example: immediate
2026-09-15T14:47:32.6329474Z ok 464 - a different valid separator and filled rectangle do not count as the taught example: immediate
2026-09-15T14:47:32.6330390Z   ---
2026-09-15T14:47:32.6330753Z   duration_ms: 827.247096
2026-09-15T14:47:32.6331171Z   ...
2026-09-15T14:47:32.6332182Z # Subtest: a different valid separator and filled rectangle do not count as the taught example: grid-center
2026-09-15T14:47:32.6333822Z ok 465 - a different valid separator and filled rectangle do not count as the taught example: grid-center
2026-09-15T14:47:32.6334918Z   ---
2026-09-15T14:47:32.6335783Z   duration_ms: 533.068614
2026-09-15T14:47:32.6336657Z   ...
2026-09-15T14:47:32.6337614Z # Subtest: fresh choices freeze complete selected story A and explicit null for every other world
2026-09-15T14:47:32.6339214Z ok 466 - fresh choices freeze complete selected story A and explicit null for every other world
2026-09-15T14:47:32.6340113Z   ---
2026-09-15T14:47:32.6341089Z   duration_ms: 371.065542
2026-09-15T14:47:32.6341560Z   ...
2026-09-15T14:47:32.6342416Z # Subtest: old attempt and explicit null never add a newly available authored story
2026-09-15T14:47:32.6343708Z ok 467 - old attempt and explicit null never add a newly available authored story
2026-09-15T14:47:32.6344453Z   ---
2026-09-15T14:47:32.6344827Z   duration_ms: 260.09392
2026-09-15T14:47:32.6345243Z   ...
2026-09-15T14:47:32.6346397Z # Subtest: original unavailability preserves the exact movie pin without decoder allocation
2026-09-15T14:47:32.6347793Z ok 468 - original unavailability preserves the exact movie pin without decoder allocation
2026-09-15T14:47:32.6348706Z   ---
2026-09-15T14:47:32.6349072Z   duration_ms: 204.880462
2026-09-15T14:47:32.6349502Z   ...
2026-09-15T14:47:32.6350392Z # Subtest: selection snapshots caller metadata before real digest work and honors cancellation
2026-09-15T14:47:32.6351800Z ok 469 - selection snapshots caller metadata before real digest work and honors cancellation
2026-09-15T14:47:32.6352634Z   ---
2026-09-15T14:47:32.6352997Z   duration_ms: 117.100347
2026-09-15T14:47:32.6353414Z   ...
2026-09-15T14:47:32.6354464Z # Subtest: new strict envelope rejects missing/null confusion, extra fields, legacy movie and oversize
2026-09-15T14:47:32.6356506Z ok 470 - new strict envelope rejects missing/null confusion, extra fields, legacy movie and oversize
2026-09-15T14:47:32.6357443Z   ---
2026-09-15T14:47:32.6357818Z   duration_ms: 69.092605
2026-09-15T14:47:32.6358207Z   ...
2026-09-15T14:47:32.6359045Z # Subtest: v4 real unfinished replay restores standard/immediate A with unchanged continuation
2026-09-15T14:47:32.6360361Z ok 471 - v4 real unfinished replay restores standard/immediate A with unchanged continuation
2026-09-15T14:47:32.6361217Z   ---
2026-09-15T14:47:32.6361602Z   duration_ms: 268.102523
2026-09-15T14:47:32.6362007Z   ...
2026-09-15T14:47:32.6362870Z # Subtest: v4 real unfinished replay restores standard/grid-center A with unchanged continuation
2026-09-15T14:47:32.6364262Z ok 472 - v4 real unfinished replay restores standard/grid-center A with unchanged continuation
2026-09-15T14:47:32.6365082Z   ---
2026-09-15T14:47:32.6365426Z   duration_ms: 152.531571
2026-09-15T14:47:32.6365838Z   ...
2026-09-15T14:47:32.6367072Z # Subtest: v4 real unfinished replay restores gentle/immediate A with unchanged continuation
2026-09-15T14:47:32.6368410Z ok 473 - v4 real unfinished replay restores gentle/immediate A with unchanged continuation
2026-09-15T14:47:32.6369174Z   ---
2026-09-15T14:47:32.6369511Z   duration_ms: 153.149583
2026-09-15T14:47:32.6369894Z   ...
2026-09-15T14:47:32.6370745Z # Subtest: v4 real unfinished replay restores gentle/grid-center A with unchanged continuation
2026-09-15T14:47:32.6372078Z ok 474 - v4 real unfinished replay restores gentle/grid-center A with unchanged continuation
2026-09-15T14:47:32.6372879Z   ---
2026-09-15T14:47:32.6373221Z   duration_ms: 145.21598
2026-09-15T14:47:32.6373598Z   ...
2026-09-15T14:49:02.4793262Z # original-fpv-pressure: 10719959 formatted bytes; 10711106 normalized JSON bytes; dc7b29694ec409c629e4006f11b96a2834937bf0f846e9dd9f29c5981aa5daa9
2026-09-15T14:49:02.4795918Z # original-ukraine-atlas: 12358446 formatted bytes; 12349593 normalized JSON bytes; 690c56f06c85fddf01bab9b997022ed3c5ed9b8872b79b4124cd263607a3d91b
2026-09-15T14:49:02.4798560Z # original-retro-1994: 10329657 formatted bytes; 10320804 normalized JSON bytes; 33e772d12a0ae98373e4240257b0f9726f00ad28095cb0ae06d6d1fc79964714
2026-09-15T14:49:02.4800992Z # original-spend-network: 11067202 formatted bytes; 11058349 normalized JSON bytes; 5ab9a0c7362ca8e05819ff3d68c0a7246ab5057b4d796a063d3d69af115504ac
2026-09-15T14:49:02.4827437Z # Subtest: four optional theme chapters compile all twelve exact originals with distinct contexts and unchanged gameplay
2026-09-15T14:49:02.4844943Z ok 475 - four optional theme chapters compile all twelve exact originals with distinct contexts and unchanged gameplay
2026-09-15T14:49:02.4846473Z   ---
2026-09-15T14:49:02.4846939Z   duration_ms: 36451.097888
2026-09-15T14:49:02.4847934Z   ...
2026-09-15T14:49:02.4849173Z # Subtest: all four original packs fit the existing installed limit; an extra illustrated edition refuses without eviction
2026-09-15T14:49:02.4851160Z ok 476 - all four original packs fit the existing installed limit; an extra illustrated edition refuses without eviction
2026-09-15T14:49:02.4852312Z   ---
2026-09-15T14:49:02.4852800Z   duration_ms: 17585.001181
2026-09-15T14:49:02.4853364Z   ...
2026-09-15T14:49:02.4854418Z # Subtest: optional pack files and raw originals stay outside every default build and index
2026-09-15T14:49:02.4855801Z ok 477 - optional pack files and raw originals stay outside every default build and index
2026-09-15T14:49:02.4856890Z   ---
2026-09-15T14:49:02.4857377Z   duration_ms: 282.610592
2026-09-15T14:49:02.4857895Z   ...
2026-09-15T14:49:02.4859229Z # Subtest: 48 fresh wins resolve actual compiled art and verify pressure-phase save/restore in both difficulties and steering policies
2026-09-15T14:49:02.4861317Z ok 478 - 48 fresh wins resolve actual compiled art and verify pressure-phase save/restore in both difficulties and steering policies
2026-09-15T14:49:02.4862634Z   ---
2026-09-15T14:49:02.4863181Z   duration_ms: 80084.857971
2026-09-15T14:49:02.4863807Z   ...
2026-09-15T14:49:02.4865251Z # Subtest: missing, duplicate, foreign and tampered art/rule/route/checkpoint candidates cannot borrow old verdicts
2026-09-15T14:49:02.4867585Z ok 479 - missing, duplicate, foreign and tampered art/rule/route/checkpoint candidates cannot borrow old verdicts
2026-09-15T14:49:02.4868868Z   ---
2026-09-15T14:49:02.4869421Z   duration_ms: 129679.19032
2026-09-15T14:49:02.4870053Z   ...
2026-09-15T14:49:02.4871412Z # Subtest: owned PNG verification decodes all five filters and rejects bad CRC/compressed pixels behind a valid header
2026-09-15T14:49:02.4873416Z ok 480 - owned PNG verification decodes all five filters and rejects bad CRC/compressed pixels behind a valid header
2026-09-15T14:49:02.4874621Z   ---
2026-09-15T14:49:02.4875147Z   duration_ms: 4.633561
2026-09-15T14:49:02.4875704Z   ...
2026-09-15T14:49:02.5238020Z # Subtest: R5 proves 24 real direction-only pressure wins and keeps ordinary departures separate from balance claims
2026-09-15T14:49:02.5294427Z ok 481 - R5 proves 24 real direction-only pressure wins and keeps ordinary departures separate from balance claims
2026-09-15T14:49:02.5320968Z   ---
2026-09-15T14:49:02.5324683Z   duration_ms: 27680.395442
2026-09-15T14:49:02.5325340Z   ...
2026-09-15T14:49:02.5326716Z # Subtest: R5 rejects missing identities, manual commands, missing releases and foreign source authority
2026-09-15T14:49:02.5328418Z ok 482 - R5 rejects missing identities, manual commands, missing releases and foreign source authority
2026-09-15T14:49:02.5329430Z   ---
2026-09-15T14:49:02.5329921Z   duration_ms: 56496.317165
2026-09-15T14:49:02.5330459Z   ...
2026-09-15T14:49:02.5331477Z # Subtest: R5 recomputes pressure events, saved checkpoints and ordinary-control observations
2026-09-15T14:49:02.5332992Z ok 483 - R5 recomputes pressure events, saved checkpoints and ordinary-control observations
2026-09-15T14:49:02.5333922Z   ---
2026-09-15T14:49:02.5334401Z   duration_ms: 26769.611252
2026-09-15T14:49:02.5334938Z   ...
2026-09-15T14:49:02.5336302Z # Subtest: all 24 actual pressure commitments survive public save, restore and complete winning continuation
2026-09-15T14:49:02.5337642Z     # Subtest: fpv-arcade-r5/standard/orchard-crossing/immediate
2026-09-15T14:49:02.5338594Z     ok 1 - fpv-arcade-r5/standard/orchard-crossing/immediate
2026-09-15T14:49:02.5339309Z       ---
2026-09-15T14:49:02.5339815Z       duration_ms: 455.561738
2026-09-15T14:49:02.5340365Z       ...
2026-09-15T14:49:02.5341061Z     # Subtest: fpv-arcade-r5/standard/orchard-crossing/grid-center
2026-09-15T14:49:02.5342035Z     ok 2 - fpv-arcade-r5/standard/orchard-crossing/grid-center
2026-09-15T14:49:02.5342761Z       ---
2026-09-15T14:49:02.5343240Z       duration_ms: 302.632075
2026-09-15T14:49:02.5343780Z       ...
2026-09-15T14:49:02.5344848Z     # Subtest: fpv-arcade-r5/standard/courtyard-exits/immediate
2026-09-15T14:49:02.5345778Z     ok 3 - fpv-arcade-r5/standard/courtyard-exits/immediate
2026-09-15T14:49:02.5406596Z       ---
2026-09-15T14:49:02.5407155Z       duration_ms: 279.07303
2026-09-15T14:49:02.5436506Z       ...
2026-09-15T14:49:02.5466894Z     # Subtest: fpv-arcade-r5/standard/courtyard-exits/grid-center
2026-09-15T14:49:02.5496846Z     ok 4 - fpv-arcade-r5/standard/courtyard-exits/grid-center
2026-09-15T14:49:02.5497686Z       ---
2026-09-15T14:49:02.5526612Z       duration_ms: 333.108794
2026-09-15T14:49:02.5543074Z       ...
2026-09-15T14:49:02.5543818Z     # Subtest: fpv-arcade-r5/standard/night-crossfire/immediate
2026-09-15T14:49:02.5544791Z     ok 5 - fpv-arcade-r5/standard/night-crossfire/immediate
2026-09-15T14:49:02.5545492Z       ---
2026-09-15T14:49:02.5545940Z       duration_ms: 503.749398
2026-09-15T14:49:02.5546671Z       ...
2026-09-15T14:49:02.5547340Z     # Subtest: fpv-arcade-r5/standard/night-crossfire/grid-center
2026-09-15T14:49:02.5548271Z     ok 6 - fpv-arcade-r5/standard/night-crossfire/grid-center
2026-09-15T14:49:02.5548932Z       ---
2026-09-15T14:49:02.5549356Z       duration_ms: 457.170188
2026-09-15T14:49:02.5549834Z       ...
2026-09-15T14:49:02.5550440Z     # Subtest: fpv-arcade-r5/gentle/orchard-crossing/immediate
2026-09-15T14:49:02.5551747Z     ok 7 - fpv-arcade-r5/gentle/orchard-crossing/immediate
2026-09-15T14:49:02.5552418Z       ---
2026-09-15T14:49:02.5552840Z       duration_ms: 240.690048
2026-09-15T14:49:02.5553321Z       ...
2026-09-15T14:49:02.5553953Z     # Subtest: fpv-arcade-r5/gentle/orchard-crossing/grid-center
2026-09-15T14:49:02.5555006Z     ok 8 - fpv-arcade-r5/gentle/orchard-crossing/grid-center
2026-09-15T14:49:02.5555823Z       ---
2026-09-15T14:49:02.5556656Z       duration_ms: 225.721886
2026-09-15T14:49:02.5557285Z       ...
2026-09-15T14:49:02.5557921Z     # Subtest: fpv-arcade-r5/gentle/courtyard-exits/immediate
2026-09-15T14:49:02.5558840Z     ok 9 - fpv-arcade-r5/gentle/courtyard-exits/immediate
2026-09-15T14:49:02.5559553Z       ---
2026-09-15T14:49:02.5559988Z       duration_ms: 353.529492
2026-09-15T14:49:02.5560494Z       ...
2026-09-15T14:49:02.5561130Z     # Subtest: fpv-arcade-r5/gentle/courtyard-exits/grid-center
2026-09-15T14:49:02.5562019Z     ok 10 - fpv-arcade-r5/gentle/courtyard-exits/grid-center
2026-09-15T14:49:02.5562724Z       ---
2026-09-15T14:49:02.5563186Z       duration_ms: 522.033447
2026-09-15T14:49:02.5563718Z       ...
2026-09-15T14:49:02.5586752Z     # Subtest: fpv-arcade-r5/gentle/night-crossfire/immediate
2026-09-15T14:49:02.5587549Z     ok 11 - fpv-arcade-r5/gentle/night-crossfire/immediate
2026-09-15T14:49:02.5588124Z       ---
2026-09-15T14:49:02.5588489Z       duration_ms: 449.44691
2026-09-15T14:49:02.5588898Z       ...
2026-09-15T14:49:02.5589473Z     # Subtest: fpv-arcade-r5/gentle/night-crossfire/grid-center
2026-09-15T14:49:02.5590302Z     ok 12 - fpv-arcade-r5/gentle/night-crossfire/grid-center
2026-09-15T14:49:02.5590905Z       ---
2026-09-15T14:49:02.5591261Z       duration_ms: 426.692673
2026-09-15T14:49:02.5591679Z       ...
2026-09-15T14:49:02.5592311Z     # Subtest: fpv-pressure-frontier/standard/copper-switchyard/immediate
2026-09-15T14:49:02.5593242Z     ok 13 - fpv-pressure-frontier/standard/copper-switchyard/immediate
2026-09-15T14:49:02.5593912Z       ---
2026-09-15T14:49:02.5594261Z       duration_ms: 999.600745
2026-09-15T14:49:02.5594670Z       ...
2026-09-15T14:49:02.5595317Z     # Subtest: fpv-pressure-frontier/standard/copper-switchyard/grid-center
2026-09-15T14:49:02.5596516Z     ok 14 - fpv-pressure-frontier/standard/copper-switchyard/grid-center
2026-09-15T14:49:02.5597168Z       ---
2026-09-15T14:49:02.5597547Z       duration_ms: 1306.025943
2026-09-15T14:49:02.5597955Z       ...
2026-09-15T14:49:02.5598552Z     # Subtest: fpv-pressure-frontier/standard/river-frontiers/immediate
2026-09-15T14:49:02.5599474Z     ok 15 - fpv-pressure-frontier/standard/river-frontiers/immediate
2026-09-15T14:49:02.5600369Z       ---
2026-09-15T14:49:02.5600705Z       duration_ms: 701.998795
2026-09-15T14:49:02.5601108Z       ...
2026-09-15T14:49:02.5601736Z     # Subtest: fpv-pressure-frontier/standard/river-frontiers/grid-center
2026-09-15T14:49:02.5602631Z     ok 16 - fpv-pressure-frontier/standard/river-frontiers/grid-center
2026-09-15T14:49:02.5603242Z       ---
2026-09-15T14:49:02.5603570Z       duration_ms: 695.736918
2026-09-15T14:49:02.5603957Z       ...
2026-09-15T14:49:02.5604505Z     # Subtest: fpv-pressure-frontier/standard/last-beacon/immediate
2026-09-15T14:49:02.5605307Z     ok 17 - fpv-pressure-frontier/standard/last-beacon/immediate
2026-09-15T14:49:02.5605866Z       ---
2026-09-15T14:49:02.5606497Z       duration_ms: 1621.635823
2026-09-15T14:49:02.5606887Z       ...
2026-09-15T14:49:02.5607451Z     # Subtest: fpv-pressure-frontier/standard/last-beacon/grid-center
2026-09-15T14:49:02.5608299Z     ok 18 - fpv-pressure-frontier/standard/last-beacon/grid-center
2026-09-15T14:49:02.5608883Z       ---
2026-09-15T14:49:02.5609278Z       duration_ms: 1225.094011
2026-09-15T14:49:02.5609721Z       ...
2026-09-15T14:49:02.5610377Z     # Subtest: fpv-pressure-frontier/gentle/copper-switchyard/immediate
2026-09-15T14:49:02.5611313Z     ok 19 - fpv-pressure-frontier/gentle/copper-switchyard/immediate
2026-09-15T14:49:02.5611931Z       ---
2026-09-15T14:49:02.5612532Z       duration_ms: 626.485079
2026-09-15T14:49:02.5612984Z       ...
2026-09-15T14:49:02.5613589Z     # Subtest: fpv-pressure-frontier/gentle/copper-switchyard/grid-center
2026-09-15T14:49:02.5614507Z     ok 20 - fpv-pressure-frontier/gentle/copper-switchyard/grid-center
2026-09-15T14:49:02.5615124Z       ---
2026-09-15T14:49:02.5615452Z       duration_ms: 701.423963
2026-09-15T14:49:02.5615849Z       ...
2026-09-15T14:49:02.5616722Z     # Subtest: fpv-pressure-frontier/gentle/river-frontiers/immediate
2026-09-15T14:49:02.5617594Z     ok 21 - fpv-pressure-frontier/gentle/river-frontiers/immediate
2026-09-15T14:49:02.5618226Z       ---
2026-09-15T14:49:02.5618570Z       duration_ms: 755.642217
2026-09-15T14:49:02.5618974Z       ...
2026-09-15T14:49:02.5619579Z     # Subtest: fpv-pressure-frontier/gentle/river-frontiers/grid-center
2026-09-15T14:49:02.5620513Z     ok 22 - fpv-pressure-frontier/gentle/river-frontiers/grid-center
2026-09-15T14:49:02.5621145Z       ---
2026-09-15T14:49:02.5621477Z       duration_ms: 792.387096
2026-09-15T14:49:02.5621891Z       ...
2026-09-15T14:49:02.5622423Z     # Subtest: fpv-pressure-frontier/gentle/last-beacon/immediate
2026-09-15T14:49:02.5623202Z     ok 23 - fpv-pressure-frontier/gentle/last-beacon/immediate
2026-09-15T14:49:02.5623761Z       ---
2026-09-15T14:49:02.5624125Z       duration_ms: 1221.031231
2026-09-15T14:49:02.5624537Z       ...
2026-09-15T14:49:02.5625113Z     # Subtest: fpv-pressure-frontier/gentle/last-beacon/grid-center
2026-09-15T14:49:02.5626172Z     ok 24 - fpv-pressure-frontier/gentle/last-beacon/grid-center
2026-09-15T14:49:02.5626768Z       ---
2026-09-15T14:49:02.5627122Z       duration_ms: 952.279927
2026-09-15T14:49:02.5627543Z       ...
2026-09-15T14:49:02.5627857Z     1..24
2026-09-15T14:49:02.5628858Z ok 484 - all 24 actual pressure commitments survive public save, restore and complete winning continuation
2026-09-15T14:49:02.5629777Z   ---
2026-09-15T14:49:02.5630110Z   duration_ms: 16156.639259
2026-09-15T14:49:02.5630502Z   ...
2026-09-15T15:00:09.6901826Z # Subtest: four Fracture owners explicitly download and Choose without replacing an unrelated cut; exact earned and saved data recover
2026-09-15T15:00:09.6903606Z     # Subtest: four Arcade downloads retain the paused base run and earn separate exact first pictures
2026-09-15T15:00:09.6905030Z     ok 1 - four Arcade downloads retain the paused base run and earn separate exact first pictures
2026-09-15T15:00:09.6906265Z       ---
2026-09-15T15:00:09.6906717Z       duration_ms: 791400.344041
2026-09-15T15:00:09.6907150Z       ...
2026-09-15T15:01:28.8141123Z     # Subtest: restart authenticates all owners and exports the exact next-mission unfinished cut
2026-09-15T15:01:28.8143037Z     ok 2 - restart authenticates all owners and exports the exact next-mission unfinished cut
2026-09-15T15:01:28.8143899Z       ---
2026-09-15T15:01:28.8144196Z       duration_ms: 79122.953449
2026-09-15T15:01:28.8144496Z       ...
2026-09-15T15:04:38.0211557Z     # Subtest: fresh profile refuses missing originals without writes, then exact downloads allow explicit backup recovery
2026-09-15T15:04:38.0213354Z     ok 3 - fresh profile refuses missing originals without writes, then exact downloads allow explicit backup recovery
2026-09-15T15:04:38.0214162Z       ---
2026-09-15T15:04:38.0214740Z       duration_ms: 189207.256509
2026-09-15T15:04:38.0215307Z       ...
2026-09-15T15:04:38.0215641Z     1..3
2026-09-15T15:04:38.0216970Z ok 485 - four Fracture owners explicitly download and Choose without replacing an unrelated cut; exact earned and saved data recover
2026-09-15T15:04:38.0217888Z   ---
2026-09-15T15:04:38.0218170Z   duration_ms: 1059734.208961
2026-09-15T15:04:38.0218623Z   ...
2026-09-15T15:04:38.0471993Z # Subtest: fullscreen control follows the browser state and exits through the same explicit control
2026-09-15T15:04:38.0473803Z ok 486 - fullscreen control follows the browser state and exits through the same explicit control
2026-09-15T15:04:38.0474836Z   ---
2026-09-15T15:04:38.0475354Z   duration_ms: 2.673621
2026-09-15T15:04:38.0476834Z   ...
2026-09-15T15:04:38.0478057Z # Subtest: installed standalone PWAs report their display state without browser fullscreen
2026-09-15T15:04:38.0478942Z ok 487 - installed standalone PWAs report their display state without browser fullscreen
2026-09-15T15:04:38.0479511Z   ---
2026-09-15T15:04:38.0479831Z   duration_ms: 0.463465
2026-09-15T15:04:38.0480176Z   ...
2026-09-15T15:04:38.0480644Z # Subtest: iOS Home Screen games report standalone display state
2026-09-15T15:04:38.0481266Z ok 488 - iOS Home Screen games report standalone display state
2026-09-15T15:04:38.0481722Z   ---
2026-09-15T15:04:38.0482036Z   duration_ms: 1.139427
2026-09-15T15:04:38.0482384Z   ...
2026-09-15T15:04:38.0482909Z # Subtest: display-mode changes update state and detach releases the listener
2026-09-15T15:04:38.0483850Z ok 489 - display-mode changes update state and detach releases the listener
2026-09-15T15:04:38.0484483Z   ---
2026-09-15T15:04:38.0485001Z   duration_ms: 0.269764
2026-09-15T15:04:38.0485559Z   ...
2026-09-15T15:04:38.0486863Z # Subtest: unsupported browsers retain their responsive game layout without an inoperable control
2026-09-15T15:04:38.0487872Z ok 490 - unsupported browsers retain their responsive game layout without an inoperable control
2026-09-15T15:04:38.0488485Z   ---
2026-09-15T15:04:38.0488801Z   duration_ms: 0.184635
2026-09-15T15:04:38.0489142Z   ...
2026-09-15T15:04:38.0489759Z # Subtest: Gentle proofs cover every shipped map and policy while preserving the legacy oracle
2026-09-15T15:04:38.0490596Z ok 491 - Gentle proofs cover every shipped map and policy while preserving the legacy oracle
2026-09-15T15:04:38.0491151Z   ---
2026-09-15T15:04:38.0491462Z   duration_ms: 3.481369
2026-09-15T15:04:38.0491793Z   ...
2026-09-15T15:04:38.0492308Z # Subtest: Gentle signal-01/immediate: legal inputs reproduce the exact win
2026-09-15T15:04:38.0492991Z ok 492 - Gentle signal-01/immediate: legal inputs reproduce the exact win
2026-09-15T15:04:38.0493600Z   ---
2026-09-15T15:04:38.0494150Z   duration_ms: 90.896307
2026-09-15T15:04:38.0494758Z   ...
2026-09-15T15:04:38.0495712Z # Subtest: Gentle signal-01/grid-center: legal inputs reproduce the exact win
2026-09-15T15:04:38.0497417Z ok 493 - Gentle signal-01/grid-center: legal inputs reproduce the exact win
2026-09-15T15:04:38.0498312Z   ---
2026-09-15T15:04:38.0498844Z   duration_ms: 79.372865
2026-09-15T15:04:38.0499400Z   ...
2026-09-15T15:04:38.0500269Z # Subtest: Gentle signal-02/immediate: legal inputs reproduce the exact win
2026-09-15T15:04:38.0501536Z ok 494 - Gentle signal-02/immediate: legal inputs reproduce the exact win
2026-09-15T15:04:38.0502412Z   ---
2026-09-15T15:04:38.0503230Z   duration_ms: 96.885374
2026-09-15T15:04:38.0503808Z   ...
2026-09-15T15:04:38.0504715Z # Subtest: Gentle signal-02/grid-center: legal inputs reproduce the exact win
2026-09-15T15:04:38.0506339Z ok 495 - Gentle signal-02/grid-center: legal inputs reproduce the exact win
2026-09-15T15:04:38.0507219Z   ---
2026-09-15T15:04:38.0507564Z   duration_ms: 82.074688
2026-09-15T15:04:38.0507914Z   ...
2026-09-15T15:04:38.0508431Z # Subtest: Gentle signal-03/immediate: legal inputs reproduce the exact win
2026-09-15T15:04:38.0509116Z ok 496 - Gentle signal-03/immediate: legal inputs reproduce the exact win
2026-09-15T15:04:38.0509603Z   ---
2026-09-15T15:04:38.0509923Z   duration_ms: 126.42637
2026-09-15T15:04:38.0510256Z   ...
2026-09-15T15:04:38.0510764Z # Subtest: Gentle signal-03/grid-center: legal inputs reproduce the exact win
2026-09-15T15:04:38.0511469Z ok 497 - Gentle signal-03/grid-center: legal inputs reproduce the exact win
2026-09-15T15:04:38.0511964Z   ---
2026-09-15T15:04:38.0512282Z   duration_ms: 115.516594
2026-09-15T15:04:38.0512628Z   ...
2026-09-15T15:04:38.0513124Z # Subtest: Gentle signal-04/immediate: legal inputs reproduce the exact win
2026-09-15T15:04:38.0513808Z ok 498 - Gentle signal-04/immediate: legal inputs reproduce the exact win
2026-09-15T15:04:38.0514282Z   ---
2026-09-15T15:04:38.0514593Z   duration_ms: 95.768764
2026-09-15T15:04:38.0515109Z   ...
2026-09-15T15:04:38.0515645Z # Subtest: Gentle signal-04/grid-center: legal inputs reproduce the exact win
2026-09-15T15:04:38.0516980Z ok 499 - Gentle signal-04/grid-center: legal inputs reproduce the exact win
2026-09-15T15:04:38.0517425Z   ---
2026-09-15T15:04:38.0517630Z   duration_ms: 73.917495
2026-09-15T15:04:38.0517858Z   ...
2026-09-15T15:04:38.0518667Z # Subtest: Gentle signal-05/immediate: legal inputs reproduce the exact win
2026-09-15T15:04:38.0519600Z ok 500 - Gentle signal-05/immediate: legal inputs reproduce the exact win
2026-09-15T15:04:38.0520176Z   ---
2026-09-15T15:04:38.0520544Z   duration_ms: 58.796279
2026-09-15T15:04:38.0521061Z   ...
2026-09-15T15:04:38.0521850Z # Subtest: Gentle signal-05/grid-center: legal inputs reproduce the exact win
2026-09-15T15:04:38.0522787Z ok 501 - Gentle signal-05/grid-center: legal inputs reproduce the exact win
2026-09-15T15:04:38.0523349Z   ---
2026-09-15T15:04:38.0523773Z   duration_ms: 48.878447
2026-09-15T15:04:38.0524286Z   ...
2026-09-15T15:04:38.0525086Z # Subtest: Gentle signal-06/immediate: legal inputs reproduce the exact win
2026-09-15T15:04:38.0526228Z ok 502 - Gentle signal-06/immediate: legal inputs reproduce the exact win
2026-09-15T15:04:38.0526806Z   ---
2026-09-15T15:04:38.0527248Z   duration_ms: 44.958953
2026-09-15T15:04:38.0527756Z   ...
2026-09-15T15:04:38.0528661Z # Subtest: Gentle signal-06/grid-center: legal inputs reproduce the exact win
2026-09-15T15:04:38.0529827Z ok 503 - Gentle signal-06/grid-center: legal inputs reproduce the exact win
2026-09-15T15:04:38.0530488Z   ---
2026-09-15T15:04:38.0530815Z   duration_ms: 49.473264
2026-09-15T15:04:38.0531195Z   ...
2026-09-15T15:04:38.0531655Z # Subtest: Gentle signal-07/immediate: legal inputs reproduce the exact win
2026-09-15T15:04:38.0532230Z ok 504 - Gentle signal-07/immediate: legal inputs reproduce the exact win
2026-09-15T15:04:38.0532653Z   ---
2026-09-15T15:04:38.0533013Z   duration_ms: 87.40517
2026-09-15T15:04:38.0533370Z   ...
2026-09-15T15:04:38.0533821Z # Subtest: Gentle signal-07/grid-center: legal inputs reproduce the exact win
2026-09-15T15:04:38.0534543Z ok 505 - Gentle signal-07/grid-center: legal inputs reproduce the exact win
2026-09-15T15:04:38.0534912Z   ---
2026-09-15T15:04:38.0535237Z   duration_ms: 45.75163
2026-09-15T15:04:38.0535624Z   ...
2026-09-15T15:04:38.0536552Z # Subtest: Gentle signal-08/immediate: legal inputs reproduce the exact win
2026-09-15T15:04:38.0537653Z ok 506 - Gentle signal-08/immediate: legal inputs reproduce the exact win
2026-09-15T15:04:38.0538311Z   ---
2026-09-15T15:04:38.0538629Z   duration_ms: 129.435265
2026-09-15T15:04:38.0538989Z   ...
2026-09-15T15:04:38.0539916Z # Subtest: Gentle signal-08/grid-center: legal inputs reproduce the exact win
2026-09-15T15:04:38.0540910Z ok 507 - Gentle signal-08/grid-center: legal inputs reproduce the exact win
2026-09-15T15:04:38.0541549Z   ---
2026-09-15T15:04:38.0541872Z   duration_ms: 67.043935
2026-09-15T15:04:38.0542232Z   ...
2026-09-15T15:04:38.0542930Z # Subtest: Gentle signal-09/immediate: legal inputs reproduce the exact win
2026-09-15T15:04:38.0543936Z ok 508 - Gentle signal-09/immediate: legal inputs reproduce the exact win
2026-09-15T15:04:38.0544562Z   ---
2026-09-15T15:04:38.0544879Z   duration_ms: 68.40363
2026-09-15T15:04:38.0545243Z   ...
2026-09-15T15:04:38.0545923Z # Subtest: Gentle signal-09/grid-center: legal inputs reproduce the exact win
2026-09-15T15:04:38.0547136Z ok 509 - Gentle signal-09/grid-center: legal inputs reproduce the exact win
2026-09-15T15:04:38.0547607Z   ---
2026-09-15T15:04:38.0547963Z   duration_ms: 50.772071
2026-09-15T15:04:38.0548332Z   ...
2026-09-15T15:04:38.0548974Z # Subtest: Gentle signal-10/immediate: legal inputs reproduce the exact win
2026-09-15T15:04:38.0549631Z ok 510 - Gentle signal-10/immediate: legal inputs reproduce the exact win
2026-09-15T15:04:38.0549994Z   ---
2026-09-15T15:04:38.0550357Z   duration_ms: 55.089631
2026-09-15T15:04:38.0550801Z   ...
2026-09-15T15:04:38.0551831Z # Subtest: Gentle signal-10/grid-center: legal inputs reproduce the exact win
2026-09-15T15:04:38.0553086Z ok 511 - Gentle signal-10/grid-center: legal inputs reproduce the exact win
2026-09-15T15:04:38.0553895Z   ---
2026-09-15T15:04:38.0554267Z   duration_ms: 60.9878
2026-09-15T15:04:38.0554685Z   ...
2026-09-15T15:04:38.0555436Z # Subtest: Gentle signal-11/immediate: legal inputs reproduce the exact win
2026-09-15T15:04:38.0557032Z ok 512 - Gentle signal-11/immediate: legal inputs reproduce the exact win
2026-09-15T15:04:38.0557546Z   ---
2026-09-15T15:04:38.0557915Z   duration_ms: 26.916635
2026-09-15T15:04:38.0558357Z   ...
2026-09-15T15:04:38.0559134Z # Subtest: Gentle signal-11/grid-center: legal inputs reproduce the exact win
2026-09-15T15:04:38.0560326Z ok 513 - Gentle signal-11/grid-center: legal inputs reproduce the exact win
2026-09-15T15:04:38.0561041Z   ---
2026-09-15T15:04:38.0561407Z   duration_ms: 22.696045
2026-09-15T15:04:38.0561829Z   ...
2026-09-15T15:04:38.0562603Z # Subtest: Gentle signal-12/immediate: legal inputs reproduce the exact win
2026-09-15T15:04:38.0563609Z ok 514 - Gentle signal-12/immediate: legal inputs reproduce the exact win
2026-09-15T15:04:38.0564308Z   ---
2026-09-15T15:04:38.0564676Z   duration_ms: 36.230518
2026-09-15T15:04:38.0564949Z   ...
2026-09-15T15:04:38.0565532Z # Subtest: Gentle signal-12/grid-center: legal inputs reproduce the exact win
2026-09-15T15:04:38.0566835Z ok 515 - Gentle signal-12/grid-center: legal inputs reproduce the exact win
2026-09-15T15:04:38.0567579Z   ---
2026-09-15T15:04:38.0567971Z   duration_ms: 38.39593
2026-09-15T15:04:38.0568379Z   ...
2026-09-15T15:04:38.0569194Z # Subtest: Gentle night-shift-01/immediate: legal inputs reproduce the exact win
2026-09-15T15:04:38.0570406Z ok 516 - Gentle night-shift-01/immediate: legal inputs reproduce the exact win
2026-09-15T15:04:38.0571069Z   ---
2026-09-15T15:04:38.0571432Z   duration_ms: 27.783902
2026-09-15T15:04:38.0571828Z   ...
2026-09-15T15:04:38.0572626Z # Subtest: Gentle night-shift-01/grid-center: legal inputs reproduce the exact win
2026-09-15T15:04:38.0573877Z ok 517 - Gentle night-shift-01/grid-center: legal inputs reproduce the exact win
2026-09-15T15:04:38.0574636Z   ---
2026-09-15T15:04:38.0574856Z   duration_ms: 32.686426
2026-09-15T15:04:38.0575083Z   ...
2026-09-15T15:04:38.0575520Z # Subtest: Gentle night-shift-02/immediate: legal inputs reproduce the exact win
2026-09-15T15:04:38.0576497Z ok 518 - Gentle night-shift-02/immediate: legal inputs reproduce the exact win
2026-09-15T15:04:38.0577191Z   ---
2026-09-15T15:04:38.0577581Z   duration_ms: 51.543923
2026-09-15T15:04:38.0577951Z   ...
2026-09-15T15:04:38.0578648Z # Subtest: Gentle night-shift-02/grid-center: legal inputs reproduce the exact win
2026-09-15T15:04:38.0579513Z ok 519 - Gentle night-shift-02/grid-center: legal inputs reproduce the exact win
2026-09-15T15:04:38.0580097Z   ---
2026-09-15T15:04:38.0580496Z   duration_ms: 70.447348
2026-09-15T15:04:38.0580972Z   ...
2026-09-15T15:04:38.0581708Z # Subtest: Gentle night-shift-03/immediate: legal inputs reproduce the exact win
2026-09-15T15:04:38.0582326Z ok 520 - Gentle night-shift-03/immediate: legal inputs reproduce the exact win
2026-09-15T15:04:38.0582710Z   ---
2026-09-15T15:04:38.0582896Z   duration_ms: 70.211066
2026-09-15T15:04:38.0583107Z   ...
2026-09-15T15:04:38.0583510Z # Subtest: Gentle night-shift-03/grid-center: legal inputs reproduce the exact win
2026-09-15T15:04:38.0584130Z ok 521 - Gentle night-shift-03/grid-center: legal inputs reproduce the exact win
2026-09-15T15:04:38.0584508Z   ---
2026-09-15T15:04:38.0584693Z   duration_ms: 66.590739
2026-09-15T15:04:38.0584908Z   ...
2026-09-15T15:04:38.0585326Z # Subtest: Gentle living-threads-01/immediate: legal inputs reproduce the exact win
2026-09-15T15:04:38.0586178Z ok 522 - Gentle living-threads-01/immediate: legal inputs reproduce the exact win
2026-09-15T15:04:38.0586626Z   ---
2026-09-15T15:04:38.0586818Z   duration_ms: 34.370757
2026-09-15T15:04:38.0587034Z   ...
2026-09-15T15:04:38.0587610Z # Subtest: Gentle living-threads-01/grid-center: legal inputs reproduce the exact win
2026-09-15T15:04:38.0588285Z ok 523 - Gentle living-threads-01/grid-center: legal inputs reproduce the exact win
2026-09-15T15:04:38.0588686Z   ---
2026-09-15T15:04:38.0588874Z   duration_ms: 33.575031
2026-09-15T15:04:38.0589090Z   ...
2026-09-15T15:04:38.0589506Z # Subtest: Gentle living-threads-02/immediate: legal inputs reproduce the exact win
2026-09-15T15:04:38.0590123Z ok 524 - Gentle living-threads-02/immediate: legal inputs reproduce the exact win
2026-09-15T15:04:38.0590514Z   ---
2026-09-15T15:04:38.0590696Z   duration_ms: 51.002389
2026-09-15T15:04:38.0590906Z   ...
2026-09-15T15:04:38.0591326Z # Subtest: Gentle living-threads-02/grid-center: legal inputs reproduce the exact win
2026-09-15T15:04:38.0591964Z ok 525 - Gentle living-threads-02/grid-center: legal inputs reproduce the exact win
2026-09-15T15:04:38.0592352Z   ---
2026-09-15T15:04:38.0592541Z   duration_ms: 47.26221
2026-09-15T15:04:38.0592764Z   ...
2026-09-15T15:04:38.0593179Z # Subtest: Gentle living-threads-03/immediate: legal inputs reproduce the exact win
2026-09-15T15:04:38.0593792Z ok 526 - Gentle living-threads-03/immediate: legal inputs reproduce the exact win
2026-09-15T15:04:38.0594180Z   ---
2026-09-15T15:04:38.0594364Z   duration_ms: 42.369958
2026-09-15T15:04:38.0594575Z   ...
2026-09-15T15:04:38.0594996Z # Subtest: Gentle living-threads-03/grid-center: legal inputs reproduce the exact win
2026-09-15T15:04:38.0595626Z ok 527 - Gentle living-threads-03/grid-center: legal inputs reproduce the exact win
2026-09-15T15:04:38.0596223Z   ---
2026-09-15T15:04:38.0596538Z   duration_ms: 41.185848
2026-09-15T15:04:38.0596753Z   ...
2026-09-15T15:04:38.0597158Z # Subtest: Gentle fieldcraft-01/immediate: legal inputs reproduce the exact win
2026-09-15T15:04:38.0597759Z ok 528 - Gentle fieldcraft-01/immediate: legal inputs reproduce the exact win
2026-09-15T15:04:38.0598134Z   ---
2026-09-15T15:04:38.0598322Z   duration_ms: 189.758736
2026-09-15T15:04:38.0598538Z   ...
2026-09-15T15:04:38.0598943Z # Subtest: Gentle fieldcraft-01/grid-center: legal inputs reproduce the exact win
2026-09-15T15:04:38.0599548Z ok 529 - Gentle fieldcraft-01/grid-center: legal inputs reproduce the exact win
2026-09-15T15:04:38.0599977Z   ---
2026-09-15T15:04:38.0600342Z   duration_ms: 147.151425
2026-09-15T15:04:38.0600742Z   ...
2026-09-15T15:04:38.0601536Z # Subtest: Gentle fieldcraft-02/immediate: legal inputs reproduce the exact win
2026-09-15T15:04:38.0602697Z ok 530 - Gentle fieldcraft-02/immediate: legal inputs reproduce the exact win
2026-09-15T15:04:38.0603417Z   ---
2026-09-15T15:04:38.0603774Z   duration_ms: 46.37306
2026-09-15T15:04:38.0604177Z   ...
2026-09-15T15:04:38.0605215Z # Subtest: Gentle fieldcraft-02/grid-center: legal inputs reproduce the exact win
2026-09-15T15:04:38.0606643Z ok 531 - Gentle fieldcraft-02/grid-center: legal inputs reproduce the exact win
2026-09-15T15:04:38.0607397Z   ---
2026-09-15T15:04:38.0607755Z   duration_ms: 64.384902
2026-09-15T15:04:38.0608146Z   ...
2026-09-15T15:04:38.0608884Z # Subtest: Gentle fieldcraft-03/immediate: legal inputs reproduce the exact win
2026-09-15T15:04:38.0610005Z ok 532 - Gentle fieldcraft-03/immediate: legal inputs reproduce the exact win
2026-09-15T15:04:38.0610697Z   ---
2026-09-15T15:04:38.0611034Z   duration_ms: 39.429039
2026-09-15T15:04:38.0611418Z   ...
2026-09-15T15:04:38.0612162Z # Subtest: Gentle fieldcraft-03/grid-center: legal inputs reproduce the exact win
2026-09-15T15:04:38.0613293Z ok 533 - Gentle fieldcraft-03/grid-center: legal inputs reproduce the exact win
2026-09-15T15:04:38.0614004Z   ---
2026-09-15T15:04:38.0614347Z   duration_ms: 30.194882
2026-09-15T15:04:38.0614727Z   ...
2026-09-15T15:04:38.0615472Z # Subtest: Gentle fieldcraft-04/immediate: legal inputs reproduce the exact win
2026-09-15T15:04:38.0616834Z ok 534 - Gentle fieldcraft-04/immediate: legal inputs reproduce the exact win
2026-09-15T15:04:38.0617530Z   ---
2026-09-15T15:04:38.0617867Z   duration_ms: 54.215819
2026-09-15T15:04:38.0618266Z   ...
2026-09-15T15:04:38.0619228Z # Subtest: Gentle fieldcraft-04/grid-center: legal inputs reproduce the exact win
2026-09-15T15:04:38.0620369Z ok 535 - Gentle fieldcraft-04/grid-center: legal inputs reproduce the exact win
2026-09-15T15:04:38.0621078Z   ---
2026-09-15T15:04:38.0621418Z   duration_ms: 50.886635
2026-09-15T15:04:38.0621812Z   ...
2026-09-15T15:04:38.0622553Z # Subtest: Gentle homeward-01/immediate: legal inputs reproduce the exact win
2026-09-15T15:04:38.0623649Z ok 536 - Gentle homeward-01/immediate: legal inputs reproduce the exact win
2026-09-15T15:04:38.0624332Z   ---
2026-09-15T15:04:38.0624678Z   duration_ms: 164.757769
2026-09-15T15:04:38.0625068Z   ...
2026-09-15T15:04:38.0625832Z # Subtest: Gentle homeward-01/grid-center: legal inputs reproduce the exact win
2026-09-15T15:04:38.0627188Z ok 537 - Gentle homeward-01/grid-center: legal inputs reproduce the exact win
2026-09-15T15:04:38.0627894Z   ---
2026-09-15T15:04:38.0628233Z   duration_ms: 163.64187
2026-09-15T15:04:38.0628623Z   ...
2026-09-15T15:04:38.0629355Z # Subtest: Gentle homeward-02/immediate: legal inputs reproduce the exact win
2026-09-15T15:04:38.0630439Z ok 538 - Gentle homeward-02/immediate: legal inputs reproduce the exact win
2026-09-15T15:04:38.0631146Z   ---
2026-09-15T15:04:38.0631505Z   duration_ms: 64.399669
2026-09-15T15:04:38.0631939Z   ...
2026-09-15T15:04:38.0632678Z # Subtest: Gentle homeward-02/grid-center: legal inputs reproduce the exact win
2026-09-15T15:04:38.0633795Z ok 539 - Gentle homeward-02/grid-center: legal inputs reproduce the exact win
2026-09-15T15:04:38.0634502Z   ---
2026-09-15T15:04:38.0634846Z   duration_ms: 74.510652
2026-09-15T15:04:38.0635206Z   ...
2026-09-15T15:04:38.0635849Z # Subtest: Gentle homeward-03/immediate: legal inputs reproduce the exact win
2026-09-15T15:04:38.0637179Z ok 540 - Gentle homeward-03/immediate: legal inputs reproduce the exact win
2026-09-15T15:04:38.0637744Z   ---
2026-09-15T15:04:38.0637949Z   duration_ms: 36.854994
2026-09-15T15:04:38.0638277Z   ...
2026-09-15T15:04:38.0639173Z # Subtest: Gentle homeward-03/grid-center: legal inputs reproduce the exact win
2026-09-15T15:04:38.0640403Z ok 541 - Gentle homeward-03/grid-center: legal inputs reproduce the exact win
2026-09-15T15:04:38.0641084Z   ---
2026-09-15T15:04:38.0641420Z   duration_ms: 33.311289
2026-09-15T15:04:38.0641801Z   ...
2026-09-15T15:04:38.0642496Z # Subtest: Gentle workshop-01/immediate: legal inputs reproduce the exact win
2026-09-15T15:04:38.0643532Z ok 542 - Gentle workshop-01/immediate: legal inputs reproduce the exact win
2026-09-15T15:04:38.0644184Z   ---
2026-09-15T15:04:38.0644521Z   duration_ms: 166.537101
2026-09-15T15:04:38.0644898Z   ...
2026-09-15T15:04:38.0645844Z # Subtest: Gentle workshop-01/grid-center: legal inputs reproduce the exact win
2026-09-15T15:04:38.0647088Z ok 543 - Gentle workshop-01/grid-center: legal inputs reproduce the exact win
2026-09-15T15:04:38.0647759Z   ---
2026-09-15T15:04:38.0648085Z   duration_ms: 170.888252
2026-09-15T15:04:38.0648460Z   ...
2026-09-15T15:04:38.0649164Z # Subtest: Gentle workshop-02/immediate: legal inputs reproduce the exact win
2026-09-15T15:04:38.0650207Z ok 544 - Gentle workshop-02/immediate: legal inputs reproduce the exact win
2026-09-15T15:04:38.0650876Z   ---
2026-09-15T15:04:38.0651231Z   duration_ms: 62.897155
2026-09-15T15:04:38.0651604Z   ...
2026-09-15T15:04:38.0652303Z # Subtest: Gentle workshop-02/grid-center: legal inputs reproduce the exact win
2026-09-15T15:04:38.0653372Z ok 545 - Gentle workshop-02/grid-center: legal inputs reproduce the exact win
2026-09-15T15:04:38.0654031Z   ---
2026-09-15T15:04:38.0654346Z   duration_ms: 65.58386
2026-09-15T15:04:38.0654715Z   ...
2026-09-15T15:04:38.0655398Z # Subtest: Gentle workshop-03/immediate: legal inputs reproduce the exact win
2026-09-15T15:04:38.0656659Z ok 546 - Gentle workshop-03/immediate: legal inputs reproduce the exact win
2026-09-15T15:04:38.0657322Z   ---
2026-09-15T15:04:38.0657642Z   duration_ms: 32.730486
2026-09-15T15:04:38.0658015Z   ...
2026-09-15T15:04:38.0658919Z # Subtest: Gentle workshop-03/grid-center: legal inputs reproduce the exact win
2026-09-15T15:04:38.0660009Z ok 547 - Gentle workshop-03/grid-center: legal inputs reproduce the exact win
2026-09-15T15:04:38.0660677Z   ---
2026-09-15T15:04:38.0660996Z   duration_ms: 34.237198
2026-09-15T15:04:38.0661374Z   ...
2026-09-15T15:04:38.0662120Z # Subtest: Gentle sentinel-relay-01/immediate: legal inputs reproduce the exact win
2026-09-15T15:04:38.0663257Z ok 548 - Gentle sentinel-relay-01/immediate: legal inputs reproduce the exact win
2026-09-15T15:04:38.0663959Z   ---
2026-09-15T15:04:38.0664284Z   duration_ms: 139.358819
2026-09-15T15:04:38.0664660Z   ...
2026-09-15T15:04:38.0665415Z # Subtest: Gentle sentinel-relay-01/grid-center: legal inputs reproduce the exact win
2026-09-15T15:04:38.0666759Z ok 549 - Gentle sentinel-relay-01/grid-center: legal inputs reproduce the exact win
2026-09-15T15:04:38.0667461Z   ---
2026-09-15T15:04:38.0667792Z   duration_ms: 119.047991
2026-09-15T15:04:38.0668164Z   ...
2026-09-15T15:04:38.0669030Z # Subtest: First Light Gentle routes reproduce six exact wins with their own source and checkpoints
2026-09-15T15:04:38.0670399Z ok 550 - First Light Gentle routes reproduce six exact wins with their own source and checkpoints
2026-09-15T15:04:38.0671192Z   ---
2026-09-15T15:04:38.0671524Z   duration_ms: 3120.84621
2026-09-15T15:04:38.0671902Z   ...
2026-09-15T15:04:38.0672773Z # Subtest: R2 Gentle coverage is backed by the complete strict twelve-route release-gesture verifier
2026-09-15T15:04:38.0674098Z ok 551 - R2 Gentle coverage is backed by the complete strict twelve-route release-gesture verifier
2026-09-15T15:04:38.0674875Z   ---
2026-09-15T15:04:38.0675209Z   duration_ms: 11843.193192
2026-09-15T15:04:38.0675602Z   ...
2026-09-15T15:04:38.0676587Z # Subtest: R3 Gentle coverage is backed by twelve route wins and four real impact demonstrations
2026-09-15T15:04:38.0677926Z ok 552 - R3 Gentle coverage is backed by twelve route wins and four real impact demonstrations
2026-09-15T15:04:38.0678683Z   ---
2026-09-15T15:04:38.0679019Z   duration_ms: 10679.461691
2026-09-15T15:04:38.0679405Z   ...
2026-09-15T15:04:38.0680190Z # Subtest: R4 Gentle coverage is backed by twelve direction-only exact core and replay wins
2026-09-15T15:04:38.0681397Z ok 553 - R4 Gentle coverage is backed by twelve direction-only exact core and replay wins
2026-09-15T15:04:38.0682127Z   ---
2026-09-15T15:04:38.0682451Z   duration_ms: 10489.320257
2026-09-15T15:04:38.0682830Z   ...
2026-09-15T15:04:38.0683742Z # Subtest: both pressure chapters supply twelve Gentle wins within the exact twenty-four-route verifier
2026-09-15T15:04:38.0685250Z ok 554 - both pressure chapters supply twelve Gentle wins within the exact twenty-four-route verifier
2026-09-15T15:04:38.0686461Z   ---
2026-09-15T15:04:38.0686790Z   duration_ms: 23028.305169
2026-09-15T15:04:38.0687182Z   ...
2026-09-15T15:04:38.0688059Z # Subtest: optional level arrays and registry normalize on a separate copy without browser allocation
2026-09-15T15:04:38.0689433Z ok 555 - optional level arrays and registry normalize on a separate copy without browser allocation
2026-09-15T15:04:38.0690246Z   ---
2026-09-15T15:04:38.0690567Z   duration_ms: 4.498418
2026-09-15T15:04:38.0690929Z   ...
2026-09-15T15:04:38.0691632Z # Subtest: explicit and default fetched class recipes are independently copied
2026-09-15T15:04:38.0692688Z ok 556 - explicit and default fetched class recipes are independently copied
2026-09-15T15:04:38.0693350Z   ---
2026-09-15T15:04:38.0693676Z   duration_ms: 1.15176
2026-09-15T15:04:38.0694038Z   ...
2026-09-15T15:04:38.0694848Z # Subtest: the original is validated before clone can invoke getters or discard forbidden data
2026-09-15T15:04:38.0696278Z ok 557 - the original is validated before clone can invoke getters or discard forbidden data
2026-09-15T15:04:38.0697050Z   ---
2026-09-15T15:04:38.0697379Z   duration_ms: 1.425341
2026-09-15T15:04:38.0697745Z   ...
2026-09-15T15:04:38.0698487Z # Subtest: all image headers and aggregate budgets pass before any decoder is called
2026-09-15T15:04:38.0699995Z ok 558 - all image headers and aggregate budgets pass before any decoder is called
2026-09-15T15:04:38.0700703Z   ---
2026-09-15T15:04:38.0701040Z   duration_ms: 3.119795
2026-09-15T15:04:38.0701404Z   ...
2026-09-15T15:04:38.0702190Z # Subtest: decoders run one at a time and bytes, metadata, warnings and presentation survive
2026-09-15T15:04:38.0703394Z ok 559 - decoders run one at a time and bytes, metadata, warnings and presentation survive
2026-09-15T15:04:38.0704125Z   ---
2026-09-15T15:04:38.0704439Z   duration_ms: 1.547089
2026-09-15T15:04:38.0704812Z   ...
2026-09-15T15:04:38.0705416Z # Subtest: caller edits during decoding cannot modify the in-flight validated snapshot
2026-09-15T15:04:38.0706735Z ok 560 - caller edits during decoding cannot modify the in-flight validated snapshot
2026-09-15T15:04:38.0707611Z   ---
2026-09-15T15:04:38.0708001Z   duration_ms: 0.812036
2026-09-15T15:04:38.0708407Z   ...
2026-09-15T15:04:38.0709267Z # Subtest: a failure stops subsequent decodes and leaves the caller current configuration intact
2026-09-15T15:04:38.0710596Z ok 561 - a failure stops subsequent decodes and leaves the caller current configuration intact
2026-09-15T15:04:38.0711372Z   ---
2026-09-15T15:04:38.0711697Z   duration_ms: 1.421975
2026-09-15T15:04:38.0712061Z   ...
2026-09-15T15:04:38.0712933Z # Subtest: decoded natural dimensions must be finite integer dimensions matching the bounded header
2026-09-15T15:04:38.0714277Z ok 562 - decoded natural dimensions must be finite integer dimensions matching the bounded header
2026-09-15T15:04:38.0715066Z   ---
2026-09-15T15:04:38.0715385Z   duration_ms: 2.395361
2026-09-15T15:04:38.0715760Z   ...
2026-09-15T15:04:38.0716744Z # Subtest: malformed decoder options and explicitly null arrays reject without normalization
2026-09-15T15:04:38.0717990Z ok 563 - malformed decoder options and explicitly null arrays reject without normalization
2026-09-15T15:04:38.0718740Z   ---
2026-09-15T15:04:38.0719066Z   duration_ms: 0.992132
2026-09-15T15:04:38.0719435Z   ...
2026-09-15T15:04:38.0720322Z # Subtest: browser decoder validates headers before allocating Image and clears its temporary surface
2026-09-15T15:04:38.0721736Z ok 564 - browser decoder validates headers before allocating Image and clears its temporary surface
2026-09-15T15:04:38.0722545Z   ---
2026-09-15T15:04:38.0722865Z   duration_ms: 1.363135
2026-09-15T15:04:38.0723224Z   ...
2026-09-15T15:04:38.0723789Z # Subtest: browser load failure rejects and cleans callbacks
2026-09-15T15:04:38.0724586Z ok 565 - browser load failure rejects and cleans callbacks
2026-09-15T15:04:38.0725129Z   ---
2026-09-15T15:04:38.0725457Z   duration_ms: 0.525451
2026-09-15T15:04:38.0726187Z   ...
2026-09-15T15:04:38.0726760Z # Subtest: browser complete-decode failure rejects after load
2026-09-15T15:04:38.0727430Z ok 566 - browser complete-decode failure rejects after load
2026-09-15T15:04:38.0727773Z   ---
2026-09-15T15:04:38.0727960Z   duration_ms: 0.58391
2026-09-15T15:04:38.0728172Z   ...
2026-09-15T15:04:38.0728552Z # Subtest: browser load still works without the optional Image.decode API
2026-09-15T15:04:38.0729099Z ok 567 - browser load still works without the optional Image.decode API
2026-09-15T15:04:38.0729451Z   ---
2026-09-15T15:04:38.0729641Z   duration_ms: 0.481038
2026-09-15T15:04:38.0729847Z   ...
2026-09-15T15:04:38.0730246Z # Subtest: a non-browser environment receives a clear decoder-unavailable error
2026-09-15T15:04:38.0730851Z ok 568 - a non-browser environment receives a clear decoder-unavailable error
2026-09-15T15:04:38.0731228Z   ---
2026-09-15T15:04:38.0731410Z   duration_ms: 0.575364
2026-09-15T15:04:38.0731621Z   ...
2026-09-15T15:04:38.0732051Z # Subtest: prepared scenarios preserve optional original procedural music descriptors
2026-09-15T15:04:38.0732711Z ok 569 - prepared scenarios preserve optional original procedural music descriptors
2026-09-15T15:04:38.0733125Z   ---
2026-09-15T15:04:38.0733318Z   duration_ms: 0.70192
2026-09-15T15:04:38.0733524Z   ...
2026-09-15T15:04:38.0734258Z # Subtest: line-impact.v1 is bounded owned opt-in data; omitted descriptor/state remain absent
2026-09-15T15:04:38.0735564Z ok 570 - line-impact.v1 is bounded owned opt-in data; omitted descriptor/state remain absent
2026-09-15T15:04:38.0736491Z   ---
2026-09-15T15:04:38.0736819Z   duration_ms: 11.50039
2026-09-15T15:04:38.0737195Z   ...
2026-09-15T15:04:38.0738264Z # Subtest: immediate: a real strike starts both fronts, repeated overlap seeds once, and the growing endpoint delays failure
2026-09-15T15:04:38.0739965Z ok 571 - immediate: a real strike starts both fronts, repeated overlap seeds once, and the growing endpoint delays failure
2026-09-15T15:04:38.0740909Z   ---
2026-09-15T15:04:38.0741238Z   duration_ms: 143.415782
2026-09-15T15:04:38.0741617Z   ...
2026-09-15T15:04:38.0742571Z # Subtest: immediate: a front follows a newly drawn right-angle extension rather than cutting across the field
2026-09-15T15:04:38.0744061Z ok 572 - immediate: a front follows a newly drawn right-angle extension rather than cutting across the field
2026-09-15T15:04:38.0744986Z   ---
2026-09-15T15:04:38.0745330Z   duration_ms: 80.975182
2026-09-15T15:04:38.0745707Z   ...
2026-09-15T15:04:38.0746833Z # Subtest: immediate: independent actors seed bounded fronts and the earliest arrival causes only one recovery
2026-09-15T15:04:38.0747857Z ok 573 - immediate: independent actors seed bounded fronts and the earliest arrival causes only one recovery
2026-09-15T15:04:38.0748347Z   ---
2026-09-15T15:04:38.0748541Z   duration_ms: 105.132594
2026-09-15T15:04:38.0748760Z   ...
2026-09-15T15:04:38.0749344Z # Subtest: immediate: capture before or exactly with arrival cancels the strike, but an earlier arrival still loses a life
2026-09-15T15:04:38.0750270Z ok 574 - immediate: capture before or exactly with arrival cancels the strike, but an earlier arrival still loses a life
2026-09-15T15:04:38.0750786Z   ---
2026-09-15T15:04:38.0750979Z   duration_ms: 371.31466
2026-09-15T15:04:38.0751196Z   ...
2026-09-15T15:04:38.0751637Z # Subtest: immediate: a timer at closure still outranks capture and clears pending impacts
2026-09-15T15:04:38.0752304Z ok 575 - immediate: a timer at closure still outranks capture and clears pending impacts
2026-09-15T15:04:38.0752707Z   ---
2026-09-15T15:04:38.0752893Z   duration_ms: 96.796677
2026-09-15T15:04:38.0753110Z   ...
2026-09-15T15:04:38.0753620Z # Subtest: immediate: enemy freeze after seeding stops actor clocks but not already travelling impacts
2026-09-15T15:04:38.0754393Z ok 576 - immediate: enemy freeze after seeding stops actor clocks but not already travelling impacts
2026-09-15T15:04:38.0754848Z   ---
2026-09-15T15:04:38.0755033Z   duration_ms: 79.230037
2026-09-15T15:04:38.0755436Z   ...
2026-09-15T15:04:38.0756372Z # Subtest: immediate: public session/replay restore preserves active fronts and resumed outcome without advancing paused state
2026-09-15T15:04:38.0758316Z ok 577 - immediate: public session/replay restore preserves active fronts and resumed outcome without advancing paused state
2026-09-15T15:04:38.0759407Z   ---
2026-09-15T15:04:38.0759780Z   duration_ms: 190.56877
2026-09-15T15:04:38.0760217Z   ...
2026-09-15T15:04:38.0761397Z # Subtest: grid-center: a real strike starts both fronts, repeated overlap seeds once, and the growing endpoint delays failure
2026-09-15T15:04:38.0763257Z ok 578 - grid-center: a real strike starts both fronts, repeated overlap seeds once, and the growing endpoint delays failure
2026-09-15T15:04:38.0764308Z   ---
2026-09-15T15:04:38.0764681Z   duration_ms: 86.732275
2026-09-15T15:04:38.0765087Z   ...
2026-09-15T15:04:38.0766390Z # Subtest: grid-center: a front follows a newly drawn right-angle extension rather than cutting across the field
2026-09-15T15:04:38.0768061Z ok 579 - grid-center: a front follows a newly drawn right-angle extension rather than cutting across the field
2026-09-15T15:04:38.0769007Z   ---
2026-09-15T15:04:38.0769381Z   duration_ms: 55.062464
2026-09-15T15:04:38.0769796Z   ...
2026-09-15T15:04:38.0771081Z # Subtest: grid-center: independent actors seed bounded fronts and the earliest arrival causes only one recovery
2026-09-15T15:04:38.0772778Z ok 580 - grid-center: independent actors seed bounded fronts and the earliest arrival causes only one recovery
2026-09-15T15:04:38.0773738Z   ---
2026-09-15T15:04:38.0774104Z   duration_ms: 129.393187
2026-09-15T15:04:38.0774530Z   ...
2026-09-15T15:04:38.0775682Z # Subtest: grid-center: capture before or exactly with arrival cancels the strike, but an earlier arrival still loses a life
2026-09-15T15:04:38.0778407Z ok 581 - grid-center: capture before or exactly with arrival cancels the strike, but an earlier arrival still loses a life
2026-09-15T15:04:38.0779429Z   ---
2026-09-15T15:04:38.0779791Z   duration_ms: 241.343544
2026-09-15T15:04:38.0780194Z   ...
2026-09-15T15:04:38.0781046Z # Subtest: grid-center: a timer at closure still outranks capture and clears pending impacts
2026-09-15T15:04:38.0782388Z ok 582 - grid-center: a timer at closure still outranks capture and clears pending impacts
2026-09-15T15:04:38.0783182Z   ---
2026-09-15T15:04:38.0783527Z   duration_ms: 77.13817
2026-09-15T15:04:38.0783916Z   ...
2026-09-15T15:04:38.0784870Z # Subtest: grid-center: enemy freeze after seeding stops actor clocks but not already travelling impacts
2026-09-15T15:04:38.0786650Z ok 583 - grid-center: enemy freeze after seeding stops actor clocks but not already travelling impacts
2026-09-15T15:04:38.0787562Z   ---
2026-09-15T15:04:38.0787922Z   duration_ms: 56.896078
2026-09-15T15:04:38.0788347Z   ...
2026-09-15T15:04:38.0789581Z # Subtest: grid-center: public session/replay restore preserves active fronts and resumed outcome without advancing paused state
2026-09-15T15:04:38.0791536Z ok 584 - grid-center: public session/replay restore preserves active fronts and resumed outcome without advancing paused state
2026-09-15T15:04:38.0792610Z   ---
2026-09-15T15:04:38.0792991Z   duration_ms: 187.163457
2026-09-15T15:04:38.0793406Z   ...
2026-09-15T15:04:38.0794306Z # Subtest: direct safe-ground body collision and old immediate trail failure remain unchanged
2026-09-15T15:04:38.0795691Z ok 585 - direct safe-ground body collision and old immediate trail failure remain unchanged
2026-09-15T15:04:38.0796982Z   ---
2026-09-15T15:04:38.0797355Z   duration_ms: 73.529763
2026-09-15T15:04:38.0797773Z   ...
2026-09-15T15:04:38.0798513Z # Subtest: shield absorption clears every pending front without consuming a life
2026-09-15T15:04:38.0799621Z ok 586 - shield absorption clears every pending front without consuming a life
2026-09-15T15:04:38.0800493Z   ---
2026-09-15T15:04:38.0800958Z   duration_ms: 76.07
2026-09-15T15:04:38.0801414Z   ...
2026-09-15T15:04:38.0802507Z # Subtest: all conditional state participates in the existing classic checkpoint and changed descriptor cannot verify
2026-09-15T15:04:38.0804585Z ok 587 - all conditional state participates in the existing classic checkpoint and changed descriptor cannot verify
2026-09-15T15:04:38.0805578Z   ---
2026-09-15T15:04:38.0805948Z   duration_ms: 167.75054
2026-09-15T15:04:38.0806633Z   ...
2026-09-15T15:04:38.0807767Z # Subtest: existing v5 pack/scenario transports own the versioned descriptor and preserve the absent variant separately
2026-09-15T15:04:38.0809522Z ok 588 - existing v5 pack/scenario transports own the versioned descriptor and preserve the absent variant separately
2026-09-15T15:04:38.0810519Z   ---
2026-09-15T15:04:38.0810870Z   duration_ms: 28.124453
2026-09-15T15:04:38.0811280Z   ...
2026-09-15T15:04:38.0812246Z # Subtest: simultaneous contacts at the enemy limit seed all pairs at one horizon in stable actor order
2026-09-15T15:04:38.0813748Z ok 589 - simultaneous contacts at the enemy limit seed all pairs at one horizon in stable actor order
2026-09-15T15:04:38.0814626Z   ---
2026-09-15T15:04:38.0815011Z   duration_ms: 194.789547
2026-09-15T15:04:38.0815432Z   ...
2026-09-15T15:04:38.0816728Z # Subtest: an active lane striking an older trail seeds travelling damage while direct lane contact remains immediate
2026-09-15T15:04:38.0818629Z ok 590 - an active lane striking an older trail seeds travelling damage while direct lane contact remains immediate
2026-09-15T15:04:38.0819624Z   ---
2026-09-15T15:04:38.0819987Z   duration_ms: 132.144197
2026-09-15T15:04:38.0820436Z   ...
2026-09-15T15:04:38.0821291Z # Subtest: a zero-length departure contact is resolved once without an event-loop stall
2026-09-15T15:04:38.0822594Z ok 591 - a zero-length departure contact is resolved once without an event-loop stall
2026-09-15T15:04:38.0823405Z   ---
2026-09-15T15:04:38.0823795Z   duration_ms: 20.610454
2026-09-15T15:04:38.0842120Z   ...
2026-09-15T15:04:38.0843105Z # Subtest: all three exact frozen fallback definitions retain their original references and hashes
2026-09-15T15:04:38.0844586Z ok 592 - all three exact frozen fallback definitions retain their original references and hashes
2026-09-15T15:04:38.0845467Z   ---
2026-09-15T15:04:38.0845851Z   duration_ms: 14.658409
2026-09-15T15:04:38.0846535Z   ...
2026-09-15T15:04:38.0847515Z # Subtest: context metadata uses exactly existing campaign, normalized level and roster identities
2026-09-15T15:04:38.0848943Z ok 593 - context metadata uses exactly existing campaign, normalized level and roster identities
2026-09-15T15:04:38.0849756Z   ---
2026-09-15T15:04:38.0850275Z   duration_ms: 39.424974
2026-09-15T15:04:38.0850761Z   ...
2026-09-15T15:04:38.0851793Z # Subtest: classIds filtering preserves source recipe order and exactly matches library campaignKey
2026-09-15T15:04:38.0853322Z ok 594 - classIds filtering preserves source recipe order and exactly matches library campaignKey
2026-09-15T15:04:38.0854205Z   ---
2026-09-15T15:04:38.0854575Z   duration_ms: 31.461604
2026-09-15T15:04:38.0855006Z   ...
2026-09-15T15:04:38.0856272Z # Subtest: omitted recipes use exact library/core defaults and the base campaign is accepted as a legacy entry
2026-09-15T15:04:38.0857923Z ok 595 - omitted recipes use exact library/core defaults and the base campaign is accepted as a legacy entry
2026-09-15T15:04:38.0858854Z   ---
2026-09-15T15:04:38.0859241Z   duration_ms: 23.362571
2026-09-15T15:04:38.0859668Z   ...
2026-09-15T15:04:38.0860443Z # Subtest: references resolve only in the definition owning map and campaign
2026-09-15T15:04:38.0861586Z ok 596 - references resolve only in the definition owning map and campaign
2026-09-15T15:04:38.0862317Z   ---
2026-09-15T15:04:38.0862686Z   duration_ms: 31.683539
2026-09-15T15:04:38.0863110Z   ...
2026-09-15T15:04:38.0864115Z # Subtest: capabilities use the filtered actual roster rather than equipment names or omitted pack recipes
2026-09-15T15:04:38.0865703Z ok 597 - capabilities use the filtered actual roster rather than equipment names or omitted pack recipes
2026-09-15T15:04:38.0867116Z   ---
2026-09-15T15:04:38.0867487Z   duration_ms: 18.805713
2026-09-15T15:04:38.0867902Z   ...
2026-09-15T15:04:38.0868943Z # Subtest: a collision-safe normalized default hangar resolves without being materialized into authored data
2026-09-15T15:04:38.0870597Z ok 598 - a collision-safe normalized default hangar resolves without being materialized into authored data
2026-09-15T15:04:38.0871532Z   ---
2026-09-15T15:04:38.0871890Z   duration_ms: 9.765594
2026-09-15T15:04:38.0872292Z   ...
2026-09-15T15:04:38.0873000Z # Subtest: a border patrol is not an impact actor even if its ID matches
2026-09-15T15:04:38.0874038Z ok 599 - a border patrol is not an impact actor even if its ID matches
2026-09-15T15:04:38.0874717Z   ---
2026-09-15T15:04:38.0875071Z   duration_ms: 3.797761
2026-09-15T15:04:38.0875468Z   ...
2026-09-15T15:04:38.0876460Z # Subtest: legacy v1 chooses exact fallback while explicit v2 omission means no goal
2026-09-15T15:04:38.0877766Z ok 600 - legacy v1 chooses exact fallback while explicit v2 omission means no goal
2026-09-15T15:04:38.0878546Z   ---
2026-09-15T15:04:38.0878919Z   duration_ms: 27.746978
2026-09-15T15:04:38.0879335Z   ...
2026-09-15T15:04:38.0880216Z # Subtest: same textual campaign/map IDs with changed level content do not inherit fallback
2026-09-15T15:04:38.0881757Z ok 601 - same textual campaign/map IDs with changed level content do not inherit fallback
2026-09-15T15:04:38.0882596Z   ---
2026-09-15T15:04:38.0882964Z   duration_ms: 5.462169
2026-09-15T15:04:38.0883368Z   ...
2026-09-15T15:04:38.0884362Z # Subtest: identical canonical explicit and fallback declarations share a board in either source order
2026-09-15T15:04:38.0885906Z ok 602 - identical canonical explicit and fallback declarations share a board in either source order
2026-09-15T15:04:38.0887007Z   ---
2026-09-15T15:04:38.0887384Z   duration_ms: 49.271799
2026-09-15T15:04:38.0887800Z   ...
2026-09-15T15:04:38.0888742Z # Subtest: conflicts include definition versus none and changed definitions with both sources named
2026-09-15T15:04:38.0890253Z ok 603 - conflicts include definition versus none and changed definitions with both sources named
2026-09-15T15:04:38.0891135Z   ---
2026-09-15T15:04:38.0891494Z   duration_ms: 31.391333
2026-09-15T15:04:38.0891908Z   ...
2026-09-15T15:04:38.0892862Z # Subtest: same-id replacement is an explicit prospective set and removed declarations do not survive
2026-09-15T15:04:38.0894344Z ok 604 - same-id replacement is an explicit prospective set and removed declarations do not survive
2026-09-15T15:04:38.0895190Z   ---
2026-09-15T15:04:38.0895520Z   duration_ms: 33.468471
2026-09-15T15:04:38.0895903Z   ...
2026-09-15T15:04:38.0897243Z # Subtest: data limits and exact source semantics reject malformed entries before any adopted catalog exists
2026-09-15T15:04:38.0899012Z ok 605 - data limits and exact source semantics reject malformed entries before any adopted catalog exists
2026-09-15T15:04:38.0899951Z   ---
2026-09-15T15:04:38.0900326Z   duration_ms: 106.414394
2026-09-15T15:04:38.0900771Z   ...
2026-09-15T15:04:38.0901607Z # Subtest: all descriptor boundaries reject throwing getters without executing them
2026-09-15T15:04:38.0902865Z ok 606 - all descriptor boundaries reject throwing getters without executing them
2026-09-15T15:04:38.0903634Z   ---
2026-09-15T15:04:38.0903995Z   duration_ms: 4.052336
2026-09-15T15:04:38.0904404Z   ...
2026-09-15T15:04:38.0905339Z # Subtest: catalog ownership survives caller mutation and returned metadata is deeply immutable
2026-09-15T15:04:38.0906967Z ok 607 - catalog ownership survives caller mutation and returned metadata is deeply immutable
2026-09-15T15:04:38.0907912Z   ---
2026-09-15T15:04:38.0908277Z   duration_ms: 15.994133
2026-09-15T15:04:38.0908699Z   ...
2026-09-15T15:04:38.0909816Z # Subtest: normal null-prototype JSON works while sparse arrays, cycles, hidden fields and arbitrary prototypes reject
2026-09-15T15:04:38.0911600Z ok 608 - normal null-prototype JSON works while sparse arrays, cycles, hidden fields and arbitrary prototypes reject
2026-09-15T15:04:38.0912874Z   ---
2026-09-15T15:04:38.0913239Z   duration_ms: 20.774921
2026-09-15T15:04:38.0913653Z   ...
2026-09-15T15:04:38.0914663Z # Subtest: the complete old installed-library campaign count is supported without an arbitrary lower cap
2026-09-15T15:04:38.0916473Z ok 609 - the complete old installed-library campaign count is supported without an arbitrary lower cap
2026-09-15T15:04:38.0917412Z   ---
2026-09-15T15:04:38.0917800Z   duration_ms: 584.247957
2026-09-15T15:04:38.0918229Z   ...
2026-09-15T15:04:38.0919180Z # Subtest: an explicit empty catalog suppresses builtin fallback in goal lookup and gallery labels
2026-09-15T15:04:38.0920670Z ok 610 - an explicit empty catalog suppresses builtin fallback in goal lookup and gallery labels
2026-09-15T15:04:38.0921522Z   ---
2026-09-15T15:04:38.0921884Z   duration_ms: 14.27284
2026-09-15T15:04:38.0922297Z   ...
2026-09-15T15:04:38.0923384Z # Subtest: the current authored registration labels its complete matching metadata and archives the old definition
2026-09-15T15:04:38.0925115Z ok 611 - the current authored registration labels its complete matching metadata and archives the old definition
2026-09-15T15:04:38.0926265Z   ---
2026-09-15T15:04:38.0926639Z   duration_ms: 10.204143
2026-09-15T15:04:38.0927057Z   ...
2026-09-15T15:04:38.0928180Z # Subtest: removal and exact reinstallation change labels without altering historical metadata
2026-09-15T15:04:38.0929638Z ok 612 - removal and exact reinstallation change labels without altering historical metadata
2026-09-15T15:04:38.0930498Z   ---
2026-09-15T15:04:38.0930866Z   duration_ms: 12.904625
2026-09-15T15:04:38.0931291Z   ...
2026-09-15T15:04:38.0932206Z # Subtest: legacy explicit catalog and omitted-catalog callers preserve the same builtin label
2026-09-15T15:04:38.0933609Z ok 613 - legacy explicit catalog and omitted-catalog callers preserve the same builtin label
2026-09-15T15:04:38.0934468Z   ---
2026-09-15T15:04:38.0934828Z   duration_ms: 19.938159
2026-09-15T15:04:38.0935251Z   ...
2026-09-15T15:04:38.0936490Z # Subtest: a matching authored definition hash cannot bypass the complete map and equipment metadata check
2026-09-15T15:04:38.0938098Z ok 614 - a matching authored definition hash cannot bypass the complete map and equipment metadata check
2026-09-15T15:04:38.0939030Z   ---
2026-09-15T15:04:38.0939405Z   duration_ms: 6.179528
2026-09-15T15:04:38.0939817Z   ...
2026-09-15T15:04:38.0940627Z # Subtest: built-in registration requires the exact reviewed campaign key and map
2026-09-15T15:04:38.0941848Z ok 615 - built-in registration requires the exact reviewed campaign key and map
2026-09-15T15:04:38.0942564Z   ---
2026-09-15T15:04:38.0942879Z   duration_ms: 1.362634
2026-09-15T15:04:38.0943267Z   ...
2026-09-15T15:04:38.0944142Z # Subtest: archived Homeward metadata recognizes the current goal in both steering modes
2026-09-15T15:04:38.0945667Z ok 616 - archived Homeward metadata recognizes the current goal in both steering modes
2026-09-15T15:04:38.0946687Z   ---
2026-09-15T15:04:38.0947071Z   duration_ms: 3.180198
2026-09-15T15:04:38.0947481Z   ...
2026-09-15T15:04:38.0948305Z # Subtest: imported metadata with a different definition ID is preserved as archived
2026-09-15T15:04:38.0949578Z ok 617 - imported metadata with a different definition ID is preserved as archived
2026-09-15T15:04:38.0950344Z   ---
2026-09-15T15:04:38.0950716Z   duration_ms: 3.062739
2026-09-15T15:04:38.0951127Z   ...
2026-09-15T15:04:38.0951996Z # Subtest: imported metadata with a different definition revision is preserved as archived
2026-09-15T15:04:38.0953350Z ok 618 - imported metadata with a different definition revision is preserved as archived
2026-09-15T15:04:38.0954175Z   ---
2026-09-15T15:04:38.0954538Z   duration_ms: 2.386496
2026-09-15T15:04:38.0954940Z   ...
2026-09-15T15:04:38.0955789Z # Subtest: imported metadata with a different definition hash is preserved as archived
2026-09-15T15:04:38.0957279Z ok 619 - imported metadata with a different definition hash is preserved as archived
2026-09-15T15:04:38.0958315Z   ---
2026-09-15T15:04:38.0958686Z   duration_ms: 2.538049
2026-09-15T15:04:38.0959102Z   ...
2026-09-15T15:04:38.0960002Z # Subtest: imported metadata with a different normalized map identity is preserved as archived
2026-09-15T15:04:38.0961403Z ok 620 - imported metadata with a different normalized map identity is preserved as archived
2026-09-15T15:04:38.0962251Z   ---
2026-09-15T15:04:38.0962616Z   duration_ms: 2.552997
2026-09-15T15:04:38.0963020Z   ...
2026-09-15T15:04:38.0963796Z # Subtest: imported metadata with a different map revision is preserved as archived
2026-09-15T15:04:38.0965012Z ok 621 - imported metadata with a different map revision is preserved as archived
2026-09-15T15:04:38.0965778Z   ---
2026-09-15T15:04:38.0966433Z   duration_ms: 1.522643
2026-09-15T15:04:38.0966855Z   ...
2026-09-15T15:04:38.0967719Z # Subtest: imported metadata with a different equipment roster is preserved as archived
2026-09-15T15:04:38.0969035Z ok 622 - imported metadata with a different equipment roster is preserved as archived
2026-09-15T15:04:38.0969860Z   ---
2026-09-15T15:04:38.0970231Z   duration_ms: 2.187154
2026-09-15T15:04:38.0970652Z   ...
2026-09-15T15:04:38.0971598Z # Subtest: unknown rules and coherently changed definitions cannot be labeled as the current seal
2026-09-15T15:04:38.0973287Z ok 623 - unknown rules and coherently changed definitions cannot be labeled as the current seal
2026-09-15T15:04:38.0974186Z   ---
2026-09-15T15:04:38.0974577Z   duration_ms: 4.533975
2026-09-15T15:04:38.0974977Z   ...
2026-09-15T15:04:38.0975939Z # Subtest: different campaign variants stay separate, even when IDs and a definition hash are reused
2026-09-15T15:04:38.0977748Z ok 624 - different campaign variants stay separate, even when IDs and a definition hash are reused
2026-09-15T15:04:38.0978492Z   ---
2026-09-15T15:04:38.0978817Z   duration_ms: 2.797403
2026-09-15T15:04:38.0979169Z   ...
2026-09-15T15:04:38.0980014Z # Subtest: friendly recipe labels and unknown-ID fallbacks preserve record data and output ownership
2026-09-15T15:04:38.0981527Z ok 625 - friendly recipe labels and unknown-ID fallbacks preserve record data and output ownership
2026-09-15T15:04:38.0982328Z   ---
2026-09-15T15:04:38.0982687Z   duration_ms: 1.752503
2026-09-15T15:04:38.0983080Z   ...
2026-09-15T15:04:38.0983817Z # Subtest: Supply Line metadata labels require its exact registered content
2026-09-15T15:04:38.0984906Z ok 626 - Supply Line metadata labels require its exact registered content
2026-09-15T15:04:38.0985598Z   ---
2026-09-15T15:04:38.0986190Z   duration_ms: 1.937107
2026-09-15T15:04:38.0986618Z   ...
2026-09-15T15:04:38.0987341Z # Subtest: Safe Return metadata labels require its exact registered content
2026-09-15T15:04:38.0988416Z ok 627 - Safe Return metadata labels require its exact registered content
2026-09-15T15:04:38.0989102Z   ---
2026-09-15T15:04:38.0989427Z   duration_ms: 1.641625
2026-09-15T15:04:38.0989846Z   ...
2026-09-15T15:04:38.0990764Z # Subtest: Supply Line names each requirement and distinguishes pending cuts from banked crossings
2026-09-15T15:04:38.0992183Z ok 628 - Supply Line names each requirement and distinguishes pending cuts from banked crossings
2026-09-15T15:04:38.0993006Z   ---
2026-09-15T15:04:38.0993355Z   duration_ms: 1.213856
2026-09-15T15:04:38.0993746Z   ...
2026-09-15T15:04:38.0994673Z # Subtest: Safe Return describes the live-cut requirement, pending recovery and separate clean finish
2026-09-15T15:04:38.0996303Z ok 629 - Safe Return describes the live-cut requirement, pending recovery and separate clean finish
2026-09-15T15:04:38.0997173Z   ---
2026-09-15T15:04:38.0997534Z   duration_ms: 0.644504
2026-09-15T15:04:38.0997936Z   ...
2026-09-15T15:04:38.0999012Z # Subtest: an ordinary win marks its independent finish requirement complete and keeps missing equipment visible
2026-09-15T15:04:38.1000717Z ok 630 - an ordinary win marks its independent finish requirement complete and keeps missing equipment visible
2026-09-15T15:04:38.1001638Z   ---
2026-09-15T15:04:38.1001959Z   duration_ms: 0.453637
2026-09-15T15:04:38.1002611Z   ...
2026-09-15T15:04:38.1003599Z # Subtest: equipment result states never confuse a preview, verification and a persisted award
2026-09-15T15:04:38.1005049Z ok 631 - equipment result states never confuse a preview, verification and a persisted award
2026-09-15T15:04:38.1005808Z   ---
2026-09-15T15:04:38.1006400Z   duration_ms: 0.613956
2026-09-15T15:04:38.1006824Z   ...
2026-09-15T15:04:38.1007671Z # Subtest: exact execution keys and derived Gentle map revisions resolve to one authored identity
2026-09-15T15:04:38.1008536Z ok 632 - exact execution keys and derived Gentle map revisions resolve to one authored identity
2026-09-15T15:04:38.1009217Z   ---
2026-09-15T15:04:38.1009596Z   duration_ms: 37.497383
2026-09-15T15:04:38.1010038Z   ...
2026-09-15T15:04:38.1010877Z # Subtest: four themes require four explicit assignments; same IDs in another campaign do not alias
2026-09-15T15:04:38.1012145Z ok 633 - four themes require four explicit assignments; same IDs in another campaign do not alias
2026-09-15T15:04:38.1012883Z   ---
2026-09-15T15:04:38.1013201Z   duration_ms: 9.247747
2026-09-15T15:04:38.1013532Z   ...
2026-09-15T15:04:38.1014393Z # Subtest: revision adoption retains immutable history, only explicit assignments change the current image
2026-09-15T15:04:38.1015967Z ok 634 - revision adoption retains immutable history, only explicit assignments change the current image
2026-09-15T15:04:38.1017027Z   ---
2026-09-15T15:04:38.1017339Z   duration_ms: 10.087425
2026-09-15T15:04:38.1017706Z   ...
2026-09-15T15:04:38.1018613Z # Subtest: removed execution contexts retain validated history but always choose the old-art fallback
2026-09-15T15:04:38.1020010Z ok 635 - removed execution contexts retain validated history but always choose the old-art fallback
2026-09-15T15:04:38.1020789Z   ---
2026-09-15T15:04:38.1021113Z   duration_ms: 5.067031
2026-09-15T15:04:38.1021469Z   ...
2026-09-15T15:04:38.1022305Z # Subtest: reject forged ownership, hostile data and unknown contracts without invoking getters
2026-09-15T15:04:38.1023622Z ok 636 - reject forged ownership, hostile data and unknown contracts without invoking getters
2026-09-15T15:04:38.1024373Z   ---
2026-09-15T15:04:38.1024682Z   duration_ms: 9.898202
2026-09-15T15:04:38.1025044Z   ...
2026-09-15T15:04:38.1025898Z # Subtest: strict references, duplicate IDs, pixel limits and still-only fields reject before adoption
2026-09-15T15:04:38.1027458Z ok 637 - strict references, duplicate IDs, pixel limits and still-only fields reject before adoption
2026-09-15T15:04:38.1028242Z   ---
2026-09-15T15:04:38.1028566Z   duration_ms: 18.309116
2026-09-15T15:04:38.1028922Z   ...
2026-09-15T15:04:38.1029673Z # Subtest: picture revision leaves real legacy standard/immediate win, replay, board and profile bytes exact
2026-09-15T15:04:38.1030515Z ok 638 - picture revision leaves real legacy standard/immediate win, replay, board and profile bytes exact
2026-09-15T15:04:38.1030996Z   ---
2026-09-15T15:04:38.1031187Z   duration_ms: 1114.598757
2026-09-15T15:04:38.1031422Z   ...
2026-09-15T15:04:38.1031950Z # Subtest: picture revision leaves real legacy standard/grid-center win, replay, board and profile bytes exact
2026-09-15T15:04:38.1032784Z ok 639 - picture revision leaves real legacy standard/grid-center win, replay, board and profile bytes exact
2026-09-15T15:04:38.1033275Z   ---
2026-09-15T15:04:38.1033469Z   duration_ms: 756.081972
2026-09-15T15:04:38.1033688Z   ...
2026-09-15T15:04:38.1034201Z # Subtest: picture revision leaves real legacy gentle/immediate win, replay, board and profile bytes exact
2026-09-15T15:04:38.1035011Z ok 640 - picture revision leaves real legacy gentle/immediate win, replay, board and profile bytes exact
2026-09-15T15:04:38.1035476Z   ---
2026-09-15T15:04:38.1035661Z   duration_ms: 1066.92473
2026-09-15T15:04:38.1035884Z   ...
2026-09-15T15:04:38.1036792Z # Subtest: picture revision leaves real legacy gentle/grid-center win, replay, board and profile bytes exact
2026-09-15T15:04:38.1037622Z ok 641 - picture revision leaves real legacy gentle/grid-center win, replay, board and profile bytes exact
2026-09-15T15:04:38.1038529Z   ---
2026-09-15T15:04:38.1038880Z   duration_ms: 1022.154915
2026-09-15T15:04:38.1039225Z   ...
2026-09-15T15:04:38.1040095Z # Subtest: picture revision leaves real classic standard/immediate win, replay, board and profile bytes exact
2026-09-15T15:04:38.1041483Z ok 642 - picture revision leaves real classic standard/immediate win, replay, board and profile bytes exact
2026-09-15T15:04:38.1042288Z   ---
2026-09-15T15:04:38.1042602Z   duration_ms: 3302.239509
2026-09-15T15:04:38.1042963Z   ...
2026-09-15T15:04:38.1043866Z # Subtest: picture revision leaves real classic standard/grid-center win, replay, board and profile bytes exact
2026-09-15T15:04:38.1045315Z ok 643 - picture revision leaves real classic standard/grid-center win, replay, board and profile bytes exact
2026-09-15T15:04:38.1053833Z   ---
2026-09-15T15:04:38.1054052Z   duration_ms: 3652.956057
2026-09-15T15:04:38.1054290Z   ...
2026-09-15T15:04:38.1054853Z # Subtest: picture revision leaves real classic gentle/immediate win, replay, board and profile bytes exact
2026-09-15T15:04:38.1055689Z ok 644 - picture revision leaves real classic gentle/immediate win, replay, board and profile bytes exact
2026-09-15T15:04:38.1056398Z   ---
2026-09-15T15:04:38.1056684Z   duration_ms: 3896.529942
2026-09-15T15:04:38.1057326Z   ...
2026-09-15T15:04:38.1058214Z # Subtest: picture revision leaves real classic gentle/grid-center win, replay, board and profile bytes exact
2026-09-15T15:04:38.1059067Z ok 645 - picture revision leaves real classic gentle/grid-center win, replay, board and profile bytes exact
2026-09-15T15:04:38.1059550Z   ---
2026-09-15T15:04:38.1059743Z   duration_ms: 3005.097739
2026-09-15T15:04:38.1059967Z   ...
2026-09-15T15:04:38.1060441Z # Subtest: classic ready cards name contact pickups, material hazards and claimed-ground threats
2026-09-15T15:04:38.1061494Z ok 646 - classic ready cards name contact pickups, material hazards and claimed-ground threats
2026-09-15T15:04:38.1061994Z   ---
2026-09-15T15:04:38.1062346Z   duration_ms: 2.877292
2026-09-15T15:04:38.1062781Z   ...
2026-09-15T15:04:38.1063649Z # Subtest: Homeward ready cards retain factual requirements without copying route paragraphs
2026-09-15T15:04:38.1064991Z ok 647 - Homeward ready cards retain factual requirements without copying route paragraphs
2026-09-15T15:04:38.1065740Z   ---
2026-09-15T15:04:38.1066285Z   duration_ms: 2.256724
2026-09-15T15:04:38.1066649Z   ...
2026-09-15T15:04:38.1067479Z # Subtest: required objectives and deadlines come from rules, not optional medals or stale prose
2026-09-15T15:04:38.1068990Z ok 648 - required objectives and deadlines come from rules, not optional medals or stale prose
2026-09-15T15:04:38.1069497Z   ---
2026-09-15T15:04:38.1069688Z   duration_ms: 0.374149
2026-09-15T15:04:38.1069900Z   ...
2026-09-15T15:04:38.1070312Z # Subtest: absent or zero hard limits never turn time medals into a mission deadline
2026-09-15T15:04:38.1071041Z ok 649 - absent or zero hard limits never turn time medals into a mission deadline
2026-09-15T15:04:38.1071475Z   ---
2026-09-15T15:04:38.1071696Z   duration_ms: 0.37008
2026-09-15T15:04:38.1071962Z   ...
2026-09-15T15:04:38.1072470Z # Subtest: intro guidance is opt-in, so first expansion maps retain their own title and facts
2026-09-15T15:04:38.1073239Z ok 650 - intro guidance is opt-in, so first expansion maps retain their own title and facts
2026-09-15T15:04:38.1073682Z   ---
2026-09-15T15:04:38.1073893Z   duration_ms: 0.370091
2026-09-15T15:04:38.1074124Z   ...
2026-09-15T15:04:38.1074636Z # Subtest: long imported prose and titles stay complete in the brief, with a bounded ready title
2026-09-15T15:04:38.1075477Z ok 651 - long imported prose and titles stay complete in the brief, with a bounded ready title
2026-09-15T15:04:38.1076266Z   ---
2026-09-15T15:04:38.1076539Z   duration_ms: 0.260306
2026-09-15T15:04:38.1076805Z   ...
2026-09-15T15:04:38.1077354Z # Subtest: a recommendation is not inferred from casual class mentions or unknown equipment
2026-09-15T15:04:38.1078380Z ok 652 - a recommendation is not inferred from casual class mentions or unknown equipment
2026-09-15T15:04:38.1078808Z   ---
2026-09-15T15:04:38.1079181Z   duration_ms: 0.259154
2026-09-15T15:04:38.1079576Z   ...
2026-09-15T15:04:38.1080581Z # Subtest: all bundled pack ready cards remain compact while retaining the complete authored brief
2026-09-15T15:04:38.1081400Z ok 653 - all bundled pack ready cards remain compact while retaining the complete authored brief
2026-09-15T15:04:38.1081844Z   ---
2026-09-15T15:04:38.1082040Z   duration_ms: 360.464187
2026-09-15T15:04:38.1082262Z   ...
2026-09-15T15:04:38.1082775Z # Subtest: pressure brief explains locked commitment while preserving the full authored routing lesson
2026-09-15T15:04:38.1083569Z ok 654 - pressure brief explains locked commitment while preserving the full authored routing lesson
2026-09-15T15:04:38.1084031Z   ---
2026-09-15T15:04:38.1084220Z   duration_ms: 0.50385
2026-09-15T15:04:38.1084440Z   ...
2026-09-15T15:04:38.1084914Z # Subtest: opening order owns controller scope across reversed DOM order, Back and fresh reopen
2026-09-15T15:04:38.1085632Z ok 655 - opening order owns controller scope across reversed DOM order, Back and fresh reopen
2026-09-15T15:04:38.1086371Z   ---
2026-09-15T15:04:38.1086996Z   duration_ms: 7.546419
2026-09-15T15:04:38.1087419Z   ...
2026-09-15T15:04:38.1087986Z # Subtest: ordered mutation records cover older engines and same-task close/reopen without guessing DOM order
2026-09-15T15:04:38.1088845Z ok 656 - ordered mutation records cover older engines and same-task close/reopen without guessing DOM order
2026-09-15T15:04:38.1089344Z   ---
2026-09-15T15:04:38.1089539Z   duration_ms: 0.827094
2026-09-15T15:04:38.1089752Z   ...
2026-09-15T15:04:38.1090593Z # Subtest: actual title → Missions → Collection controller Back closes only the front dialog and never starts flight
2026-09-15T15:04:38.1091594Z ok 657 - actual title → Missions → Collection controller Back closes only the front dialog and never starts flight
2026-09-15T15:04:38.1092109Z   ---
2026-09-15T15:04:38.1092310Z   duration_ms: 1935.812129
2026-09-15T15:04:38.1092536Z   ...
2026-09-15T15:04:38.1093151Z # Subtest: actual native keyboard/pointer handoff retains controller owner but suppresses its held menu repeat until neutral
2026-09-15T15:04:38.1094121Z ok 658 - actual native keyboard/pointer handoff retains controller owner but suppresses its held menu repeat until neutral
2026-09-15T15:04:38.1094657Z   ---
2026-09-15T15:04:38.1094852Z   duration_ms: 1538.669954
2026-09-15T15:04:38.1095065Z   ...
2026-09-15T15:04:38.1095622Z # Subtest: actual help-dialog reader reaches the bottom; first Back/Escape leaves reading without closing or starting
2026-09-15T15:04:38.1097204Z ok 659 - actual help-dialog reader reaches the bottom; first Back/Escape leaves reading without closing or starting
2026-09-15T15:04:38.1097907Z   ---
2026-09-15T15:04:38.1098104Z   duration_ms: 2292.286487
2026-09-15T15:04:38.1098343Z   ...
2026-09-15T15:04:38.1098944Z # Subtest: actual collection-dialog reader reaches the bottom; first Back/Escape leaves reading without closing or starting
2026-09-15T15:04:38.1099889Z ok 660 - actual collection-dialog reader reaches the bottom; first Back/Escape leaves reading without closing or starting
2026-09-15T15:04:38.1100429Z   ---
2026-09-15T15:04:38.1100623Z   duration_ms: 3671.821472
2026-09-15T15:04:38.1100843Z   ...
2026-09-15T15:04:38.1101341Z # Subtest: Collection disclosure ends reading on collapse without leaving hidden focus or resuming
2026-09-15T15:04:38.1102124Z ok 661 - Collection disclosure ends reading on collapse without leaving hidden focus or resuming
2026-09-15T15:04:38.1102560Z   ---
2026-09-15T15:04:38.1102753Z   duration_ms: 1813.3652
2026-09-15T15:04:38.1102968Z   ...
2026-09-15T15:04:38.1103399Z # Subtest: Collection disclosure ends reading on collapse without stealing later focus
2026-09-15T15:04:38.1104049Z ok 662 - Collection disclosure ends reading on collapse without stealing later focus
2026-09-15T15:04:38.1104634Z   ---
2026-09-15T15:04:38.1104821Z   duration_ms: 1750.302078
2026-09-15T15:04:38.1105033Z   ...
2026-09-15T15:04:38.1105816Z # Subtest: actual Settings → Studio listbox/range edits preview, cancel and apply through native handlers before Back returns
2026-09-15T15:04:38.1107834Z ok 663 - actual Settings → Studio listbox/range edits preview, cancel and apply through native handlers before Back returns
2026-09-15T15:04:38.1108780Z   ---
2026-09-15T15:04:38.1108998Z   duration_ms: 4163.591025
2026-09-15T15:04:38.1109227Z   ...
2026-09-15T15:04:38.1109693Z # Subtest: title Settings returns to its title opener after controller Back or native Escape
2026-09-15T15:04:38.1110400Z ok 664 - title Settings returns to its title opener after controller Back or native Escape
2026-09-15T15:04:38.1110826Z   ---
2026-09-15T15:04:38.1111023Z   duration_ms: 1852.629301
2026-09-15T15:04:38.1111254Z   ...
2026-09-15T15:04:38.1111765Z # Subtest: opening Settings during a flight keeps its paused-flight return instead of opening the title
2026-09-15T15:04:38.1112570Z ok 665 - opening Settings during a flight keeps its paused-flight return instead of opening the title
2026-09-15T15:04:38.1113038Z   ---
2026-09-15T15:04:38.1113230Z   duration_ms: 1919.645436
2026-09-15T15:04:38.1113450Z   ...
2026-09-15T15:04:38.1114151Z # Subtest: title Workshop Field Guide returns through its visible openers after Back, Escape and isolated practice
2026-09-15T15:04:38.1115038Z ok 666 - title Workshop Field Guide returns through its visible openers after Back, Escape and isolated practice
2026-09-15T15:04:38.1115538Z   ---
2026-09-15T15:04:38.1115728Z   duration_ms: 2022.299193
2026-09-15T15:04:38.1116212Z   ...
2026-09-15T15:04:38.1116826Z # Subtest: Main menu Workshop Field Guide returns through both menus over an unchanged paused-flight checkpoint
2026-09-15T15:04:38.1117682Z ok 667 - Main menu Workshop Field Guide returns through both menus over an unchanged paused-flight checkpoint
2026-09-15T15:04:38.1118181Z   ---
2026-09-15T15:04:38.1118375Z   duration_ms: 2719.014949
2026-09-15T15:04:38.1118595Z   ...
2026-09-15T15:04:38.1119040Z # Subtest: title picture controller returns through Collection to its exact title opener
2026-09-15T15:04:38.1119710Z ok 668 - title picture controller returns through Collection to its exact title opener
2026-09-15T15:04:38.1120123Z   ---
2026-09-15T15:04:38.1120318Z   duration_ms: 1346.408803
2026-09-15T15:04:38.1120536Z   ...
2026-09-15T15:04:38.1120963Z # Subtest: title picture escape returns through Collection to its exact title opener
2026-09-15T15:04:38.1121605Z ok 669 - title picture escape returns through Collection to its exact title opener
2026-09-15T15:04:38.1122002Z   ---
2026-09-15T15:04:38.1122191Z   duration_ms: 832.029603
2026-09-15T15:04:38.1122408Z   ...
2026-09-15T15:04:38.1122854Z # Subtest: title picture close button returns through Collection to its exact title opener
2026-09-15T15:04:38.1123532Z ok 670 - title picture close button returns through Collection to its exact title opener
2026-09-15T15:04:38.1123946Z   ---
2026-09-15T15:04:38.1124140Z   duration_ms: 751.404068
2026-09-15T15:04:38.1124354Z   ...
2026-09-15T15:04:38.1124835Z # Subtest: picture Replay deliberately leaves title and Collection for the selected ready briefing
2026-09-15T15:04:38.1125590Z ok 671 - picture Replay deliberately leaves title and Collection for the selected ready briefing
2026-09-15T15:04:38.1126264Z   ---
2026-09-15T15:04:38.1126466Z   duration_ms: 957.626352
2026-09-15T15:04:38.1126696Z   ...
2026-09-15T15:04:38.1127122Z # Subtest: Collection Choose appearance deliberately leaves title for Missions setup
2026-09-15T15:04:38.1127780Z ok 672 - Collection Choose appearance deliberately leaves title for Missions setup
2026-09-15T15:04:38.1128195Z   ---
2026-09-15T15:04:38.1128388Z   duration_ms: 1170.244793
2026-09-15T15:04:38.1128609Z   ...
2026-09-15T15:04:38.1129043Z # Subtest: Collection resets its return label from title to a direct paused-flight visit
2026-09-15T15:04:38.1129861Z ok 673 - Collection resets its return label from title to a direct paused-flight visit
2026-09-15T15:04:38.1130266Z   ---
2026-09-15T15:04:38.1130454Z   duration_ms: 3016.479633
2026-09-15T15:04:38.1130677Z   ...
2026-09-15T15:04:38.1131096Z # Subtest: programmatic Collection after a real win does not refocus a hidden opener
2026-09-15T15:04:38.1131739Z ok 674 - programmatic Collection after a real win does not refocus a hidden opener
2026-09-15T15:04:38.1132139Z   ---
2026-09-15T15:04:38.1132330Z   duration_ms: 37023.418654
2026-09-15T15:04:38.1132554Z   ...
2026-09-15T15:04:38.1133164Z # Subtest: immediate: native Enter and controller activate visible headers from ready without starting or replacing the flight
2026-09-15T15:04:38.1134133Z ok 675 - immediate: native Enter and controller activate visible headers from ready without starting or replacing the flight
2026-09-15T15:04:38.1134669Z   ---
2026-09-15T15:04:38.1134865Z   duration_ms: 8244.791668
2026-09-15T15:04:38.1135077Z   ...
2026-09-15T15:04:38.1135686Z # Subtest: immediate: native Enter and controller activate visible headers from paused without starting or replacing the flight
2026-09-15T15:04:38.1136876Z ok 676 - immediate: native Enter and controller activate visible headers from paused without starting or replacing the flight
2026-09-15T15:04:38.1137421Z   ---
2026-09-15T15:04:38.1137734Z   duration_ms: 9788.045311
2026-09-15T15:04:38.1137963Z   ...
2026-09-15T15:04:38.1138578Z # Subtest: immediate: native Enter and controller activate visible headers from picture without starting or replacing the flight
2026-09-15T15:04:38.1139561Z ok 677 - immediate: native Enter and controller activate visible headers from picture without starting or replacing the flight
2026-09-15T15:04:38.1140102Z   ---
2026-09-15T15:04:38.1140297Z   duration_ms: 33087.844777
2026-09-15T15:04:38.1140527Z   ...
2026-09-15T15:04:38.1141136Z # Subtest: immediate: native Enter and controller activate visible headers from result without starting or replacing the flight
2026-09-15T15:04:38.1142117Z ok 678 - immediate: native Enter and controller activate visible headers from result without starting or replacing the flight
2026-09-15T15:04:38.1142656Z   ---
2026-09-15T15:04:38.1142850Z   duration_ms: 41189.670196
2026-09-15T15:04:38.1143075Z   ...
2026-09-15T15:04:38.1143607Z # Subtest: immediate: Tab and controller reach headers while unrelated body and flight controls stay excluded
2026-09-15T15:04:38.1144439Z ok 679 - immediate: Tab and controller reach headers while unrelated body and flight controls stay excluded
2026-09-15T15:04:38.1144924Z   ---
2026-09-15T15:04:38.1145114Z   duration_ms: 9942.455571
2026-09-15T15:04:38.1145337Z   ...
2026-09-15T15:04:38.1145884Z # Subtest: immediate: paused header controller/Back preserves direction and modal scope prevents click-through
2026-09-15T15:04:38.1146953Z ok 680 - immediate: paused header controller/Back preserves direction and modal scope prevents click-through
2026-09-15T15:04:38.1147443Z   ---
2026-09-15T15:04:38.1147638Z   duration_ms: 14629.507315
2026-09-15T15:04:38.1147856Z   ...
2026-09-15T15:04:38.1148349Z # Subtest: immediate: First Flight ready exposes usable header/menu actions and preserves its lesson
2026-09-15T15:04:38.1149109Z ok 681 - immediate: First Flight ready exposes usable header/menu actions and preserves its lesson
2026-09-15T15:04:38.1149558Z   ---
2026-09-15T15:04:38.1149750Z   duration_ms: 26519.288757
2026-09-15T15:04:38.1149970Z   ...
2026-09-15T15:04:38.1150462Z # Subtest: immediate: First Flight paused exposes usable header/menu actions and preserves its lesson
2026-09-15T15:04:38.1151220Z ok 682 - immediate: First Flight paused exposes usable header/menu actions and preserves its lesson
2026-09-15T15:04:38.1151672Z   ---
2026-09-15T15:04:38.1151865Z   duration_ms: 35252.371205
2026-09-15T15:04:38.1152084Z   ...
2026-09-15T15:04:38.1152575Z # Subtest: immediate: First Flight picture exposes usable header/menu actions and preserves its lesson
2026-09-15T15:04:38.1153349Z ok 683 - immediate: First Flight picture exposes usable header/menu actions and preserves its lesson
2026-09-15T15:04:38.1153933Z   ---
2026-09-15T15:04:38.1154120Z   duration_ms: 44572.857517
2026-09-15T15:04:38.1154343Z   ...
2026-09-15T15:04:38.1154823Z # Subtest: immediate: First Flight result exposes usable header/menu actions and preserves its lesson
2026-09-15T15:04:38.1155579Z ok 684 - immediate: First Flight result exposes usable header/menu actions and preserves its lesson
2026-09-15T15:04:38.1156290Z   ---
2026-09-15T15:04:38.1156496Z   duration_ms: 67822.235639
2026-09-15T15:04:38.1156727Z   ...
2026-09-15T15:04:38.1157222Z # Subtest: immediate: ended embedded First Flight hides shell actions and keeps the terminal reader
2026-09-15T15:04:38.1157985Z ok 685 - immediate: ended embedded First Flight hides shell actions and keeps the terminal reader
2026-09-15T15:04:38.1158434Z   ---
2026-09-15T15:04:38.1158627Z   duration_ms: 10034.835554
2026-09-15T15:04:38.1158860Z   ...
2026-09-15T15:04:38.1159490Z # Subtest: grid-center: native Enter and controller activate visible headers from ready without starting or replacing the flight
2026-09-15T15:04:38.1160488Z ok 686 - grid-center: native Enter and controller activate visible headers from ready without starting or replacing the flight
2026-09-15T15:04:38.1161052Z   ---
2026-09-15T15:04:38.1161387Z   duration_ms: 11375.558997
2026-09-15T15:04:38.1161616Z   ...
2026-09-15T15:04:38.1162239Z # Subtest: grid-center: native Enter and controller activate visible headers from paused without starting or replacing the flight
2026-09-15T15:04:38.1163231Z ok 687 - grid-center: native Enter and controller activate visible headers from paused without starting or replacing the flight
2026-09-15T15:04:38.1163781Z   ---
2026-09-15T15:04:38.1163977Z   duration_ms: 14324.336796
2026-09-15T15:04:38.1164193Z   ...
2026-09-15T15:04:38.1164809Z # Subtest: grid-center: native Enter and controller activate visible headers from picture without starting or replacing the flight
2026-09-15T15:04:38.1165808Z ok 688 - grid-center: native Enter and controller activate visible headers from picture without starting or replacing the flight
2026-09-15T15:04:38.1166578Z   ---
2026-09-15T15:04:38.1166769Z   duration_ms: 45038.959279
2026-09-15T15:04:38.1166996Z   ...
2026-09-15T15:04:38.1167522Z # Subtest: grid-center: native Enter and controller activate visible headers from result without starting or replacing the flight
2026-09-15T15:04:38.1168038Z ok 689 - grid-center: native Enter and controller activate visible headers from result without starting or replacing the flight
2026-09-15T15:04:38.1168123Z   ---
2026-09-15T15:04:38.1168216Z   duration_ms: 40078.473986
2026-09-15T15:04:38.1168300Z   ...
2026-09-15T15:04:38.1168745Z # Subtest: grid-center: Tab and controller reach headers while unrelated body and flight controls stay excluded
2026-09-15T15:04:38.1169175Z ok 690 - grid-center: Tab and controller reach headers while unrelated body and flight controls stay excluded
2026-09-15T15:04:38.1169255Z   ---
2026-09-15T15:04:38.1169359Z   duration_ms: 8318.134204
2026-09-15T15:04:38.1169442Z   ...
2026-09-15T15:04:38.1169897Z # Subtest: grid-center: paused header controller/Back preserves direction and modal scope prevents click-through
2026-09-15T15:04:38.1170339Z ok 691 - grid-center: paused header controller/Back preserves direction and modal scope prevents click-through
2026-09-15T15:04:38.1170421Z   ---
2026-09-15T15:04:38.1170529Z   duration_ms: 12469.143077
2026-09-15T15:04:38.1170607Z   ...
2026-09-15T15:04:38.1171011Z # Subtest: grid-center: First Flight ready exposes usable header/menu actions and preserves its lesson
2026-09-15T15:04:38.1171401Z ok 692 - grid-center: First Flight ready exposes usable header/menu actions and preserves its lesson
2026-09-15T15:04:38.1171479Z   ---
2026-09-15T15:04:38.1171578Z   duration_ms: 26194.879885
2026-09-15T15:04:38.1171659Z   ...
2026-09-15T15:04:38.1172064Z # Subtest: grid-center: First Flight paused exposes usable header/menu actions and preserves its lesson
2026-09-15T15:04:38.1172582Z ok 693 - grid-center: First Flight paused exposes usable header/menu actions and preserves its lesson
2026-09-15T15:04:38.1172668Z   ---
2026-09-15T15:04:38.1172766Z   duration_ms: 31884.664637
2026-09-15T15:04:38.1172844Z   ...
2026-09-15T15:04:38.1173257Z # Subtest: grid-center: First Flight picture exposes usable header/menu actions and preserves its lesson
2026-09-15T15:04:38.1173648Z ok 694 - grid-center: First Flight picture exposes usable header/menu actions and preserves its lesson
2026-09-15T15:04:38.1173730Z   ---
2026-09-15T15:04:38.1173820Z   duration_ms: 42218.102704
2026-09-15T15:04:38.1173903Z   ...
2026-09-15T15:04:38.1174301Z # Subtest: grid-center: First Flight result exposes usable header/menu actions and preserves its lesson
2026-09-15T15:04:38.1174678Z ok 695 - grid-center: First Flight result exposes usable header/menu actions and preserves its lesson
2026-09-15T15:04:38.1174762Z   ---
2026-09-15T15:04:38.1174859Z   duration_ms: 44233.613425
2026-09-15T15:04:38.1174940Z   ...
2026-09-15T15:04:38.1175334Z # Subtest: grid-center: ended embedded First Flight hides shell actions and keeps the terminal reader
2026-09-15T15:04:38.1175717Z ok 696 - grid-center: ended embedded First Flight hides shell actions and keeps the terminal reader
2026-09-15T15:04:38.1175801Z   ---
2026-09-15T15:04:38.1176225Z   duration_ms: 5518.159589
2026-09-15T15:04:38.1176391Z   ...
2026-09-15T15:04:38.1177110Z # Subtest: More worlds shows all authored layout/equipment descriptions before downloading, without changing a paused cut or Tab controls
2026-09-15T15:04:38.1177712Z ok 697 - More worlds shows all authored layout/equipment descriptions before downloading, without changing a paused cut or Tab controls
2026-09-15T15:04:38.1177803Z   ---
2026-09-15T15:04:38.1177904Z   duration_ms: 6705.523319
2026-09-15T15:04:38.1177987Z   ...
2026-09-15T15:04:38.1178438Z # Subtest: cancelled catalog refresh retains prior descriptions; accepted refreshed copy is verbatim inert text
2026-09-15T15:04:38.1178887Z ok 698 - cancelled catalog refresh retains prior descriptions; accepted refreshed copy is verbatim inert text
2026-09-15T15:04:38.1178971Z   ---
2026-09-15T15:04:38.1179064Z   duration_ms: 2785.944573
2026-09-15T15:04:38.1179146Z   ...
2026-09-15T15:04:38.1179585Z # Subtest: source install reports checking immediately and late completion after Back cannot publish success
2026-09-15T15:04:38.1180007Z ok 699 - source install reports checking immediately and late completion after Back cannot publish success
2026-09-15T15:04:38.1180085Z   ---
2026-09-15T15:04:38.1180182Z   duration_ms: 3.376357
2026-09-15T15:04:38.1180262Z   ...
2026-09-15T15:04:38.1180744Z # Subtest: source reopen reports checking; obsolete inspection cannot replace the current operation or its ready message
2026-09-15T15:04:38.1181225Z ok 700 - source reopen reports checking; obsolete inspection cannot replace the current operation or its ready message
2026-09-15T15:04:38.1181308Z   ---
2026-09-15T15:04:38.1181407Z   duration_ms: 13.650922
2026-09-15T15:04:38.1181489Z   ...
2026-09-15T15:04:38.1181921Z # Subtest: old v1 packs retain exact prepared shape and library export bytes, and still reject a mastery field
2026-09-15T15:04:38.1182337Z ok 701 - old v1 packs retain exact prepared shape and library export bytes, and still reject a mastery field
2026-09-15T15:04:38.1182415Z   ---
2026-09-15T15:04:38.1182515Z   duration_ms: 25.251418
2026-09-15T15:04:38.1182600Z   ...
2026-09-15T15:04:38.1182922Z # Subtest: v2 is explicit, requires an array, and retains existing enclosing budgets
2026-09-15T15:04:38.1183218Z ok 702 - v2 is explicit, requires an array, and retains existing enclosing budgets
2026-09-15T15:04:38.1183301Z   ---
2026-09-15T15:04:38.1183396Z   duration_ms: 30.393882
2026-09-15T15:04:38.1183472Z   ...
2026-09-15T15:04:38.1183917Z # Subtest: all three finite goals resolve beside the unchanged campaign and canonicalize without input mutation
2026-09-15T15:04:38.1184344Z ok 703 - all three finite goals resolve beside the unchanged campaign and canonicalize without input mutation
2026-09-15T15:04:38.1184556Z   ---
2026-09-15T15:04:38.1184648Z   duration_ms: 42.402296
2026-09-15T15:04:38.1184732Z   ...
2026-09-15T15:04:38.1185047Z # Subtest: empty v2 declarations explicitly opt out of exact-content v1 fallbacks
2026-09-15T15:04:38.1185346Z ok 704 - empty v2 declarations explicitly opt out of exact-content v1 fallbacks
2026-09-15T15:04:38.1185431Z   ---
2026-09-15T15:04:38.1185526Z   duration_ms: 25.88202
2026-09-15T15:04:38.1185603Z   ...
2026-09-15T15:04:38.1186289Z # Subtest: practice conversion preserves explicit v2 goals and null opt-outs while v1 output remains exact
2026-09-15T15:04:38.1186714Z ok 705 - practice conversion preserves explicit v2 goals and null opt-outs while v1 output remains exact
2026-09-15T15:04:38.1186798Z   ---
2026-09-15T15:04:38.1186888Z   duration_ms: 77.059686
2026-09-15T15:04:38.1186972Z   ...
2026-09-15T15:04:38.1187380Z # Subtest: a mixed old/new pack library roundtrips without upgrading v1 members or dropping definitions
2026-09-15T15:04:38.1187773Z ok 706 - a mixed old/new pack library roundtrips without upgrading v1 members or dropping definitions
2026-09-15T15:04:38.1187854Z   ---
2026-09-15T15:04:38.1187949Z   duration_ms: 65.223326
2026-09-15T15:04:38.1188030Z   ...
2026-09-15T15:04:38.1188524Z # Subtest: invalid local references and unavailable capabilities reject before any image decode
2026-09-15T15:04:38.1188891Z ok 707 - invalid local references and unavailable capabilities reject before any image decode
2026-09-15T15:04:38.1188985Z   ---
2026-09-15T15:04:38.1189077Z   duration_ms: 76.633756
2026-09-15T15:04:38.1189160Z   ...
2026-09-15T15:04:38.1189479Z # Subtest: a definition cannot borrow another campaign map or dependency equipment
2026-09-15T15:04:38.1189781Z ok 708 - a definition cannot borrow another campaign map or dependency equipment
2026-09-15T15:04:38.1189861Z   ---
2026-09-15T15:04:38.1189958Z   duration_ms: 4.149868
2026-09-15T15:04:38.1190039Z   ...
2026-09-15T15:04:38.1190288Z # Subtest: a valid border patrol cannot become an impact goal target
2026-09-15T15:04:38.1190535Z ok 709 - a valid border patrol cannot become an impact goal target
2026-09-15T15:04:38.1190619Z   ---
2026-09-15T15:04:38.1190709Z   duration_ms: 11.191312
2026-09-15T15:04:38.1190794Z   ...
2026-09-15T15:04:38.1191242Z # Subtest: default hangar references resolve collision-safely without materializing them into original maps
2026-09-15T15:04:38.1191663Z ok 710 - default hangar references resolve collision-safely without materializing them into original maps
2026-09-15T15:04:38.1191742Z   ---
2026-09-15T15:04:38.1191840Z   duration_ms: 16.765413
2026-09-15T15:04:38.1191923Z   ...
2026-09-15T15:04:38.1192198Z # Subtest: definition IDs and per-map declarations are unique and bounded
2026-09-15T15:04:38.1192467Z ok 711 - definition IDs and per-map declarations are unique and bounded
2026-09-15T15:04:38.1192548Z   ---
2026-09-15T15:04:38.1192640Z   duration_ms: 13.71951
2026-09-15T15:04:38.1192721Z   ...
2026-09-15T15:04:38.1193077Z # Subtest: definition JSON budgets and forbidden shapes reject without executing accessors
2026-09-15T15:04:38.1193410Z ok 712 - definition JSON budgets and forbidden shapes reject without executing accessors
2026-09-15T15:04:38.1193487Z   ---
2026-09-15T15:04:38.1193583Z   duration_ms: 18.561707
2026-09-15T15:04:38.1193664Z   ...
2026-09-15T15:04:38.1194085Z # Subtest: combined definition bytes are a separate interior budget, even with individually valid documents
2026-09-15T15:04:38.1194497Z ok 713 - combined definition bytes are a separate interior budget, even with individually valid documents
2026-09-15T15:04:38.1194579Z   ---
2026-09-15T15:04:38.1194678Z   duration_ms: 585.562125
2026-09-15T15:04:38.1194756Z   ...
2026-09-15T15:04:38.1195180Z # Subtest: co-installed exact definitions are allowed, including matching v1 builtin and v2 authored goals
2026-09-15T15:04:38.1195585Z ok 714 - co-installed exact definitions are allowed, including matching v1 builtin and v2 authored goals
2026-09-15T15:04:38.1195778Z   ---
2026-09-15T15:04:38.1195878Z   duration_ms: 90.832914
2026-09-15T15:04:38.1196188Z   ...
2026-09-15T15:04:38.1196707Z # Subtest: same-board changed definitions and explicit null conflict before the first decoder during preparation
2026-09-15T15:04:38.1197153Z ok 715 - same-board changed definitions and explicit null conflict before the first decoder during preparation
2026-09-15T15:04:38.1197237Z   ---
2026-09-15T15:04:38.1197334Z   duration_ms: 88.59086
2026-09-15T15:04:38.1197412Z   ...
2026-09-15T15:04:38.1197789Z # Subtest: prospective app context catches an exact-base authored goal before content adoption
2026-09-15T15:04:38.1198145Z ok 716 - prospective app context catches an exact-base authored goal before content adoption
2026-09-15T15:04:38.1198228Z   ---
2026-09-15T15:04:38.1198321Z   duration_ms: 31.683792
2026-09-15T15:04:38.1198403Z   ...
2026-09-15T15:04:38.1198780Z # Subtest: an entire imported library validates context and conflicts before decoding any member
2026-09-15T15:04:38.1199142Z ok 717 - an entire imported library validates context and conflicts before decoding any member
2026-09-15T15:04:38.1199225Z   ---
2026-09-15T15:04:38.1199324Z   duration_ms: 24.024004
2026-09-15T15:04:38.1199401Z   ...
2026-09-15T15:04:38.1200072Z # Subtest: same-ID replacement removes the old declaration before conflict checks and removal restores fallback only by reinstallation
2026-09-15T15:04:38.1200626Z ok 718 - same-ID replacement removes the old declaration before conflict checks and removal restores fallback only by reinstallation
2026-09-15T15:04:38.1200711Z   ---
2026-09-15T15:04:38.1200803Z   duration_ms: 47.043409
2026-09-15T15:04:38.1200885Z   ...
2026-09-15T15:04:38.1201289Z # Subtest: prospective dependency and destination validation happen before decoding v2 replacements
2026-09-15T15:04:38.1201665Z ok 719 - prospective dependency and destination validation happen before decoding v2 replacements
2026-09-15T15:04:38.1201748Z   ---
2026-09-15T15:04:38.1201843Z   duration_ms: 17.279329
2026-09-15T15:04:38.1201933Z   ...
2026-09-15T15:04:38.1202405Z # Subtest: caller mutation and decoder failure cannot change installed definitions or partially adopt a replacement
2026-09-15T15:04:38.1202855Z ok 720 - caller mutation and decoder failure cannot change installed definitions or partially adopt a replacement
2026-09-15T15:04:38.1202938Z   ---
2026-09-15T15:04:38.1203031Z   duration_ms: 53.745737
2026-09-15T15:04:38.1203114Z   ...
2026-09-15T15:04:38.1203580Z # Subtest: presentation-only substitutions preserve registration identity while definition edits remain distinct
2026-09-15T15:04:38.1204029Z ok 721 - presentation-only substitutions preserve registration identity while definition edits remain distinct
2026-09-15T15:04:38.1204108Z   ---
2026-09-15T15:04:38.1204205Z   duration_ms: 45.865941
2026-09-15T15:04:38.1204287Z   ...
2026-09-15T15:04:38.1204755Z # Subtest: standard/immediate: real pinned cut and earned receipts roundtrip backup with exact verified owner catalog
2026-09-15T15:04:38.1205211Z ok 722 - standard/immediate: real pinned cut and earned receipts roundtrip backup with exact verified owner catalog
2026-09-15T15:04:38.1205293Z   ---
2026-09-15T15:04:38.1205392Z   duration_ms: 465.967631
2026-09-15T15:04:38.1205469Z   ...
2026-09-15T15:04:38.1205946Z # Subtest: standard/grid-center: real pinned cut and earned receipts roundtrip backup with exact verified owner catalog
2026-09-15T15:04:38.1206667Z ok 723 - standard/grid-center: real pinned cut and earned receipts roundtrip backup with exact verified owner catalog
2026-09-15T15:04:38.1206749Z   ---
2026-09-15T15:04:38.1206851Z   duration_ms: 379.306573
2026-09-15T15:04:38.1206933Z   ...
2026-09-15T15:04:38.1207394Z # Subtest: gentle/immediate: real pinned cut and earned receipts roundtrip backup with exact verified owner catalog
2026-09-15T15:04:38.1207832Z ok 724 - gentle/immediate: real pinned cut and earned receipts roundtrip backup with exact verified owner catalog
2026-09-15T15:04:38.1207915Z   ---
2026-09-15T15:04:38.1208196Z   duration_ms: 318.498451
2026-09-15T15:04:38.1208275Z   ...
2026-09-15T15:04:38.1208739Z # Subtest: gentle/grid-center: real pinned cut and earned receipts roundtrip backup with exact verified owner catalog
2026-09-15T15:04:38.1209190Z ok 725 - gentle/grid-center: real pinned cut and earned receipts roundtrip backup with exact verified owner catalog
2026-09-15T15:04:38.1209276Z   ---
2026-09-15T15:04:38.1209367Z   duration_ms: 230.723576
2026-09-15T15:04:38.1209459Z   ...
2026-09-15T15:04:38.1209935Z # Subtest: ownership factory sees only owned prepared included packs after awaited decoding and exact Gentle expansion
2026-09-15T15:04:38.1210389Z ok 726 - ownership factory sees only owned prepared included packs after awaited decoding and exact Gentle expansion
2026-09-15T15:04:38.1210474Z   ---
2026-09-15T15:04:38.1210568Z   duration_ms: 172.124836
2026-09-15T15:04:38.1210649Z   ...
2026-09-15T15:04:38.1211183Z # Subtest: pack-absent earned Standard/Gentle receipts validate from JSON-rehydrated historical owners without installing content
2026-09-15T15:04:38.1211716Z ok 727 - pack-absent earned Standard/Gentle receipts validate from JSON-rehydrated historical owners without installing content
2026-09-15T15:04:38.1211802Z   ---
2026-09-15T15:04:38.1211891Z   duration_ms: 118.251023
2026-09-15T15:04:38.1211974Z   ...
2026-09-15T15:04:38.1212585Z # Subtest: v3 session or earned receipt requires explicit synchronous branded owner resolver; refusal precedes target writes
2026-09-15T15:04:38.1213082Z ok 728 - v3 session or earned receipt requires explicit synchronous branded owner resolver; refusal precedes target writes
2026-09-15T15:04:38.1213162Z   ---
2026-09-15T15:04:38.1213261Z   duration_ms: 142.811082
2026-09-15T15:04:38.1213348Z   ...
2026-09-15T15:04:38.1213784Z # Subtest: foreign authored-owner and revision cannot pass same-map/world/hash receipt checks or reach commit
2026-09-15T15:04:38.1214209Z ok 729 - foreign authored-owner and revision cannot pass same-map/world/hash receipt checks or reach commit
2026-09-15T15:04:38.1214295Z   ---
2026-09-15T15:04:38.1214392Z   duration_ms: 199.476499
2026-09-15T15:04:38.1214468Z   ...
2026-09-15T15:04:38.1215044Z # Subtest: read-only earlier-release transfer retains v3 identities, fingerprint and source locks then supports explicit target commit/Undo
2026-09-15T15:04:38.1215607Z ok 730 - read-only earlier-release transfer retains v3 identities, fingerprint and source locks then supports explicit target commit/Undo
2026-09-15T15:04:38.1215688Z   ---
2026-09-15T15:04:38.1215785Z   duration_ms: 147.59926
2026-09-15T15:04:38.1215873Z   ...
2026-09-15T15:04:38.1216576Z # Subtest: transfer rejects missing/foreign owner resolver and cancellation without fingerprint or source/target writes
2026-09-15T15:04:38.1217054Z ok 731 - transfer rejects missing/foreign owner resolver and cancellation without fingerprint or source/target writes
2026-09-15T15:04:38.1217189Z   ---
2026-09-15T15:04:38.1217356Z   duration_ms: 91.577273
2026-09-15T15:04:38.1217468Z   ...
2026-09-15T15:04:38.1218018Z # Subtest: old v1/v2 libraries and sessions retain their normalized formats and never require or call a picture resolver
2026-09-15T15:04:38.1218649Z ok 732 - old v1/v2 libraries and sessions retain their normalized formats and never require or call a picture resolver
2026-09-15T15:04:38.1218784Z   ---
2026-09-15T15:04:38.1218954Z   duration_ms: 140.881661
2026-09-15T15:04:38.1219101Z   ...
2026-09-15T15:04:38.1219555Z # Subtest: dynamic saved campaign resolves before the picture factory receives its owned exact execution
2026-09-15T15:04:38.1220093Z ok 733 - dynamic saved campaign resolves before the picture factory receives its owned exact execution
2026-09-15T15:04:38.1220256Z   ---
2026-09-15T15:04:38.1220421Z   duration_ms: 56.479569
2026-09-15T15:04:38.1220531Z   ...
2026-09-15T15:04:38.1221111Z # Subtest: actual Playground entry blocks Play/open/mode launch during chosen pack decode, then paints and launches Classic Lab
2026-09-15T15:04:38.1221739Z ok 734 - actual Playground entry blocks Play/open/mode launch during chosen pack decode, then paints and launches Classic Lab
2026-09-15T15:04:38.1221986Z   ---
2026-09-15T15:04:38.1222155Z   duration_ms: 233.176473
2026-09-15T15:04:38.1233191Z   ...
2026-09-15T15:04:38.1233722Z # Subtest: three native teaching buttons adopt exact scenarios only through import and explicit practice launch
2026-09-15T15:04:38.1234196Z ok 735 - three native teaching buttons adopt exact scenarios only through import and explicit practice launch
2026-09-15T15:04:38.1234284Z   ---
2026-09-15T15:04:38.1234390Z   duration_ms: 254.621207
2026-09-15T15:04:38.1234470Z   ...
2026-09-15T15:04:38.1234933Z # Subtest: teaching requests retain the import gate across stale responses and preserve prior content on failure
2026-09-15T15:04:38.1235371Z ok 736 - teaching requests retain the import gate across stale responses and preserve prior content on failure
2026-09-15T15:04:38.1235452Z   ---
2026-09-15T15:04:38.1235554Z   duration_ms: 96.503317
2026-09-15T15:04:38.1235638Z   ...
2026-09-15T15:04:38.1236480Z # Subtest: older decode completion cannot release a newer import; failed reads release the gate and preserve current content
2026-09-15T15:04:38.1236993Z ok 737 - older decode completion cannot release a newer import; failed reads release the gate and preserve current content
2026-09-15T15:04:38.1237079Z   ---
2026-09-15T15:04:38.1237410Z   duration_ms: 243.345523
2026-09-15T15:04:38.1237499Z   ...
2026-09-15T15:04:38.1237935Z # Subtest: explicit cancellation preserves the current map and preview while a late decode releases
2026-09-15T15:04:38.1238338Z ok 738 - explicit cancellation preserves the current map and preview while a late decode releases
2026-09-15T15:04:38.1238421Z   ---
2026-09-15T15:04:38.1238517Z   duration_ms: 157.322166
2026-09-15T15:04:38.1238603Z   ...
2026-09-15T15:04:38.1239086Z # Subtest: actual classic JSON edit retains descriptors; explicit generator replacement returns to its legacy edition
2026-09-15T15:04:38.1239538Z ok 739 - actual classic JSON edit retains descriptors; explicit generator replacement returns to its legacy edition
2026-09-15T15:04:38.1239625Z   ---
2026-09-15T15:04:38.1239722Z   duration_ms: 236.098699
2026-09-15T15:04:38.1239804Z   ...
2026-09-15T15:04:38.1240236Z # Subtest: preview iframe load waits for the child readiness marker and does not reuse the previous child state
2026-09-15T15:04:38.1240665Z ok 740 - preview iframe load waits for the child readiness marker and does not reuse the previous child state
2026-09-15T15:04:38.1240750Z   ---
2026-09-15T15:04:38.1240844Z   duration_ms: 74.222984
2026-09-15T15:04:38.1240926Z   ...
2026-09-15T15:04:38.1241454Z # Subtest: replay file reading acknowledges immediately, cancellation preserves the result, and a fresh real recording verifies
2026-09-15T15:04:38.1241959Z ok 741 - replay file reading acknowledges immediately, cancellation preserves the result, and a fresh real recording verifies
2026-09-15T15:04:38.1242038Z   ---
2026-09-15T15:04:38.1242134Z   duration_ms: 206.344638
2026-09-15T15:04:38.1242224Z   ...
2026-09-15T15:04:38.1242638Z # Subtest: ordinary: shared v3 custom music reads and plays without changing existing audio/still history
2026-09-15T15:04:38.1243046Z ok 742 - ordinary: shared v3 custom music reads and plays without changing existing audio/still history
2026-09-15T15:04:38.1243132Z   ---
2026-09-15T15:04:38.1243237Z   duration_ms: 2374.528868
2026-09-15T15:04:38.1243316Z   ...
2026-09-15T15:04:38.1243732Z # Subtest: practice: shared v3 custom music reads and plays without changing existing audio/still history
2026-09-15T15:04:38.1244129Z ok 743 - practice: shared v3 custom music reads and plays without changing existing audio/still history
2026-09-15T15:04:38.1244207Z   ---
2026-09-15T15:04:38.1244305Z   duration_ms: 1594.111209
2026-09-15T15:04:38.1244385Z   ...
2026-09-15T15:04:38.1244781Z # Subtest: course: shared v3 custom music reads and plays without changing existing audio/still history
2026-09-15T15:04:38.1245162Z ok 744 - course: shared v3 custom music reads and plays without changing existing audio/still history
2026-09-15T15:04:38.1245364Z   ---
2026-09-15T15:04:38.1245467Z   duration_ms: 1376.105717
2026-09-15T15:04:38.1245544Z   ...
2026-09-15T15:04:38.1245924Z # Subtest: practice: current-edition v1 to v4 opening preserves every original and metadata row
2026-09-15T15:04:38.1246545Z ok 745 - practice: current-edition v1 to v4 opening preserves every original and metadata row
2026-09-15T15:04:38.1246629Z   ---
2026-09-15T15:04:38.1246727Z   duration_ms: 1465.797749
2026-09-15T15:04:38.1246807Z   ...
2026-09-15T15:04:38.1247171Z # Subtest: practice: current-edition v2 to v4 opening preserves every original and metadata row
2026-09-15T15:04:38.1247523Z ok 746 - practice: current-edition v2 to v4 opening preserves every original and metadata row
2026-09-15T15:04:38.1247606Z   ---
2026-09-15T15:04:38.1247703Z   duration_ms: 1376.464106
2026-09-15T15:04:38.1247779Z   ...
2026-09-15T15:04:38.1248156Z # Subtest: component input specimens use native kinds, preserve selected state, and label errors
2026-09-15T15:04:38.1248527Z ok 747 - component input specimens use native kinds, preserve selected state, and label errors
2026-09-15T15:04:38.1248611Z   ---
2026-09-15T15:04:38.1248702Z   duration_ms: 5.939404
2026-09-15T15:04:38.1248782Z   ...
2026-09-15T15:04:38.1249259Z # Subtest: tooltip and chip library specimens have real associations and no fake telemetry
2026-09-15T15:04:38.1249598Z ok 748 - tooltip and chip library specimens have real associations and no fake telemetry
2026-09-15T15:04:38.1249684Z   ---
2026-09-15T15:04:38.1249783Z   duration_ms: 0.974599
2026-09-15T15:04:38.1249860Z   ...
2026-09-15T15:04:38.1250228Z # Subtest: opaque button frames preserve the state background and authored border geometry
2026-09-15T15:04:38.1250557Z ok 749 - opaque button frames preserve the state background and authored border geometry
2026-09-15T15:04:38.1250634Z   ---
2026-09-15T15:04:38.1250731Z   duration_ms: 2.571419
2026-09-15T15:04:38.1250809Z   ...
2026-09-15T15:04:38.1251193Z # Subtest: action specimens retain their runtime variants without pretending to be toggle buttons
2026-09-15T15:04:38.1251560Z ok 750 - action specimens retain their runtime variants without pretending to be toggle buttons
2026-09-15T15:04:38.1251641Z   ---
2026-09-15T15:04:38.1251736Z   duration_ms: 0.899919
2026-09-15T15:04:38.1251817Z   ...
2026-09-15T15:04:38.1252226Z # Subtest: tab specimens expose matched panels and real keyboard selection while skipping disabled tabs
2026-09-15T15:04:38.1252617Z ok 751 - tab specimens expose matched panels and real keyboard selection while skipping disabled tabs
2026-09-15T15:04:38.1252700Z   ---
2026-09-15T15:04:38.1252789Z   duration_ms: 1.688781
2026-09-15T15:04:38.1252870Z   ...
2026-09-15T15:04:38.1253203Z # Subtest: chip specimens toggle locally and a disabled chip preserves its native state
2026-09-15T15:04:38.1253521Z ok 752 - chip specimens toggle locally and a disabled chip preserves its native state
2026-09-15T15:04:38.1253599Z   ---
2026-09-15T15:04:38.1253698Z   duration_ms: 0.424943
2026-09-15T15:04:38.1253784Z   ...
2026-09-15T15:04:38.1254304Z # Subtest: one keyed readonly transaction selects both domains without inventory reads or writes; its poster snapshot is branded
2026-09-15T15:04:38.1254812Z ok 753 - one keyed readonly transaction selects both domains without inventory reads or writes; its poster snapshot is branded
2026-09-15T15:04:38.1254894Z   ---
2026-09-15T15:04:38.1254986Z   duration_ms: 2141.683597
2026-09-15T15:04:38.1255067Z   ...
2026-09-15T15:04:38.1255544Z # Subtest: a queued assignment/binding edit cannot split the metadata instant and previously selected story stays exact
2026-09-15T15:04:38.1256243Z ok 754 - a queued assignment/binding edit cannot split the metadata instant and previously selected story stays exact
2026-09-15T15:04:38.1256331Z   ---
2026-09-15T15:04:38.1256431Z   duration_ms: 2074.409271
2026-09-15T15:04:38.1256513Z   ...
2026-09-15T15:04:38.1256893Z # Subtest: abort at a queued keyed read and closed adapters cannot publish selection or mutate rows
2026-09-15T15:04:38.1257391Z ok 755 - abort at a queued keyed read and closed adapters cannot publish selection or mutate rows
2026-09-15T15:04:38.1257476Z   ---
2026-09-15T15:04:38.1257572Z   duration_ms: 1628.594941
2026-09-15T15:04:38.1257650Z   ...
2026-09-15T15:04:38.1258021Z # Subtest: a v3 adapter explicitly refuses the combined contract without upgrading its database
2026-09-15T15:04:38.1258372Z ok 756 - a v3 adapter explicitly refuses the combined contract without upgrading its database
2026-09-15T15:04:38.1258449Z   ---
2026-09-15T15:04:38.1258546Z   duration_ms: 0.444289
2026-09-15T15:04:38.1258629Z   ...
2026-09-15T15:04:38.1259038Z # Subtest: individually valid retained documents exceeding their shared 2 MiB refuse the combined read
2026-09-15T15:04:38.1259426Z ok 757 - individually valid retained documents exceeding their shared 2 MiB refuse the combined read
2026-09-15T15:04:38.1259508Z   ---
2026-09-15T15:04:38.1259603Z   duration_ms: 2007.992254
2026-09-15T15:04:38.1259684Z   ...
2026-09-15T15:04:38.1260046Z # Subtest: per-world choices freeze original A and explicit authored art despite assignment B
2026-09-15T15:04:38.1260399Z ok 758 - per-world choices freeze original A and explicit authored art despite assignment B
2026-09-15T15:04:38.1260486Z   ---
2026-09-15T15:04:38.1260591Z   duration_ms: 48.969083
2026-09-15T15:04:38.1260781Z   ...
2026-09-15T15:04:38.1261162Z # Subtest: v3 standard/immediate saves exact replay and continuation with authored picture owner
2026-09-15T15:04:38.1261515Z ok 759 - v3 standard/immediate saves exact replay and continuation with authored picture owner
2026-09-15T15:04:38.1261599Z   ---
2026-09-15T15:04:38.1261697Z   duration_ms: 100.425939
2026-09-15T15:04:38.1261774Z   ...
2026-09-15T15:04:38.1262151Z # Subtest: v3 standard/grid-center saves exact replay and continuation with authored picture owner
2026-09-15T15:04:38.1262510Z ok 760 - v3 standard/grid-center saves exact replay and continuation with authored picture owner
2026-09-15T15:04:38.1262595Z   ---
2026-09-15T15:04:38.1262687Z   duration_ms: 66.582686
2026-09-15T15:04:38.1262771Z   ...
2026-09-15T15:04:38.1263129Z # Subtest: v3 gentle/immediate saves exact replay and continuation with authored picture owner
2026-09-15T15:04:38.1263468Z ok 761 - v3 gentle/immediate saves exact replay and continuation with authored picture owner
2026-09-15T15:04:38.1263553Z   ---
2026-09-15T15:04:38.1263646Z   duration_ms: 87.358114
2026-09-15T15:04:38.1263729Z   ...
2026-09-15T15:04:38.1264084Z # Subtest: v3 gentle/grid-center saves exact replay and continuation with authored picture owner
2026-09-15T15:04:38.1264430Z ok 762 - v3 gentle/grid-center saves exact replay and continuation with authored picture owner
2026-09-15T15:04:38.1264513Z   ---
2026-09-15T15:04:38.1264601Z   duration_ms: 74.618712
2026-09-15T15:04:38.1264683Z   ...
2026-09-15T15:04:38.1265042Z # Subtest: restore verifies exact installed authored owner instead of trusting pin metadata
2026-09-15T15:04:38.1265386Z ok 763 - restore verifies exact installed authored owner instead of trusting pin metadata
2026-09-15T15:04:38.1265468Z   ---
2026-09-15T15:04:38.1265563Z   duration_ms: 60.149385
2026-09-15T15:04:38.1265649Z   ...
2026-09-15T15:04:38.1266193Z # Subtest: missing old picture stays unavailable; unknown worlds never use a fresh assignment
2026-09-15T15:04:38.1266550Z ok 764 - missing old picture stays unavailable; unknown worlds never use a fresh assignment
2026-09-15T15:04:38.1266632Z   ---
2026-09-15T15:04:38.1266724Z   duration_ms: 19.038293
2026-09-15T15:04:38.1266808Z   ...
2026-09-15T15:04:38.1267103Z # Subtest: strict bounded owned pins reject malformed or mixed map identities
2026-09-15T15:04:38.1267383Z ok 765 - strict bounded owned pins reject malformed or mixed map identities
2026-09-15T15:04:38.1267461Z   ---
2026-09-15T15:04:38.1267556Z   duration_ms: 17.172943
2026-09-15T15:04:38.1267639Z   ...
2026-09-15T15:04:38.1267909Z # Subtest: v1 and v2 stay unchanged; invalid v3 never releases a queued turn
2026-09-15T15:04:38.1268315Z ok 766 - v1 and v2 stay unchanged; invalid v3 never releases a queued turn
2026-09-15T15:04:38.1268399Z   ---
2026-09-15T15:04:38.1268498Z   duration_ms: 48.630183
2026-09-15T15:04:38.1268575Z   ...
2026-09-15T15:04:38.1268898Z # Subtest: storage failure preserves previous saved flight with valid v3 envelope
2026-09-15T15:04:38.1269204Z ok 767 - storage failure preserves previous saved flight with valid v3 envelope
2026-09-15T15:04:38.1269281Z   ---
2026-09-15T15:04:38.1269377Z   duration_ms: 20.174885
2026-09-15T15:04:38.1269459Z   ...
2026-09-15T15:04:38.1269804Z # Subtest: studio revisions preserve prior theme records and apply explicit token changes
2026-09-15T15:04:38.1270137Z ok 768 - studio revisions preserve prior theme records and apply explicit token changes
2026-09-15T15:04:38.1270217Z   ---
2026-09-15T15:04:38.1270318Z   duration_ms: 551.036378
2026-09-15T15:04:38.1270394Z   ...
2026-09-15T15:04:38.1270722Z # Subtest: a complete required collection can retain separate compact edit revisions
2026-09-15T15:04:38.1271038Z ok 769 - a complete required collection can retain separate compact edit revisions
2026-09-15T15:04:38.1271117Z   ---
2026-09-15T15:04:38.1271212Z   duration_ms: 565.205274
2026-09-15T15:04:38.1271292Z   ...
2026-09-15T15:04:38.1271671Z # Subtest: collection replacement rejects incomplete members and missing dependencies atomically
2026-09-15T15:04:38.1272152Z ok 770 - collection replacement rejects incomplete members and missing dependencies atomically
2026-09-15T15:04:38.1272242Z   ---
2026-09-15T15:04:38.1272336Z   duration_ms: 469.552894
2026-09-15T15:04:38.1272413Z   ...
2026-09-15T15:04:38.1272807Z # Subtest: studio database compare-and-swap rejects stale tabs and preserves data on write failure
2026-09-15T15:04:38.1273184Z ok 771 - studio database compare-and-swap rejects stale tabs and preserves data on write failure
2026-09-15T15:04:38.1273261Z   ---
2026-09-15T15:04:38.1273356Z   duration_ms: 925.575053
2026-09-15T15:04:38.1273436Z   ...
2026-09-15T15:04:38.1273757Z # Subtest: generated prompts carry real slot, theme, states and release limitations
2026-09-15T15:04:38.1274056Z ok 772 - generated prompts carry real slot, theme, states and release limitations
2026-09-15T15:04:38.1274138Z   ---
2026-09-15T15:04:38.1274232Z   duration_ms: 159.443292
2026-09-15T15:04:38.1274307Z   ...
2026-09-15T15:04:38.1274728Z # Subtest: audio and font briefs request the actual output medium and preserve the immutable slot document
2026-09-15T15:04:38.1275132Z ok 773 - audio and font briefs request the actual output medium and preserve the immutable slot document
2026-09-15T15:04:38.1275215Z   ---
2026-09-15T15:04:38.1275305Z   duration_ms: 135.800694
2026-09-15T15:04:38.1275387Z   ...
2026-09-15T15:04:38.1275830Z # Subtest: all recipe-only slots produce actionable code or metadata briefs for variation, edit and collection
2026-09-15T15:04:38.1276549Z ok 774 - all recipe-only slots produce actionable code or metadata briefs for variation, edit and collection
2026-09-15T15:04:38.1276637Z   ---
2026-09-15T15:04:38.1276737Z   duration_ms: 323.913725
2026-09-15T15:04:38.1276817Z   ...
2026-09-15T15:04:38.1277150Z # Subtest: edit briefs retain actual custom geometry and the production palette contract
2026-09-15T15:04:38.1277501Z ok 775 - edit briefs retain actual custom geometry and the production palette contract
2026-09-15T15:04:38.1277586Z   ---
2026-09-15T15:04:38.1277680Z   duration_ms: 320.260505
2026-09-15T15:04:38.1277762Z   ...
2026-09-15T15:04:38.1278142Z # Subtest: saved lineage allows a batch of staged actions and reset, but refuses rewritten history
2026-09-15T15:04:38.1278494Z ok 776 - saved lineage allows a batch of staged actions and reset, but refuses rewritten history
2026-09-15T15:04:38.1278576Z   ---
2026-09-15T15:04:38.1278669Z   duration_ms: 2730.49201
2026-09-15T15:04:38.1278749Z   ...
2026-09-15T15:04:38.1279139Z # Subtest: two independent studio tabs serialize compare-and-swap without dropping the winning save
2026-09-15T15:04:38.1279521Z ok 777 - two independent studio tabs serialize compare-and-swap without dropping the winning save
2026-09-15T15:04:38.1279740Z   ---
2026-09-15T15:04:38.1279832Z   duration_ms: 827.211542
2026-09-15T15:04:38.1279915Z   ...
2026-09-15T15:04:38.1280253Z # Subtest: a failed save of new bytes and invalid geometry both retain the saved workspace
2026-09-15T15:04:38.1280575Z ok 778 - a failed save of new bytes and invalid geometry both retain the saved workspace
2026-09-15T15:04:38.1280653Z   ---
2026-09-15T15:04:38.1280752Z   duration_ms: 1279.750826
2026-09-15T15:04:38.1280833Z   ...
2026-09-15T15:04:38.1281206Z # Subtest: imports reserve unoccupied asset and collection identities and retain derivative links
2026-09-15T15:04:38.1281571Z ok 779 - imports reserve unoccupied asset and collection identities and retain derivative links
2026-09-15T15:04:38.1281655Z   ---
2026-09-15T15:04:38.1281753Z   duration_ms: 576.893046
2026-09-15T15:04:38.1281828Z   ...
2026-09-15T15:04:38.1282264Z # Subtest: self-imports retain every revision without duplicating history; conflicting parents stay isolated
2026-09-15T15:04:38.1282686Z ok 780 - self-imports retain every revision without duplicating history; conflicting parents stay isolated
2026-09-15T15:04:38.1282764Z   ---
2026-09-15T15:04:38.1282864Z   duration_ms: 1298.963354
2026-09-15T15:04:38.1282941Z   ...
2026-09-15T15:04:38.1283411Z # Subtest: incompatible imported slots fail atomically and replaced collections retain history
2026-09-15T15:04:38.1283770Z ok 781 - incompatible imported slots fail atomically and replaced collections retain history
2026-09-15T15:04:38.1283854Z   ---
2026-09-15T15:04:38.1283951Z   duration_ms: 1969.768552
2026-09-15T15:04:38.1284029Z   ...
2026-09-15T15:04:38.1284356Z # Subtest: closing a pending open rejects its caller promptly and closes a late database
2026-09-15T15:04:38.1284671Z ok 782 - closing a pending open rejects its caller promptly and closes a late database
2026-09-15T15:04:38.1284748Z   ---
2026-09-15T15:04:38.1284849Z   duration_ms: 4.016867
2026-09-15T15:04:38.1284935Z   ...
2026-09-15T15:04:38.1285282Z # Subtest: closing before a pending upgrade aborts that upgrade without creating a workspace
2026-09-15T15:04:38.1285621Z ok 783 - closing before a pending upgrade aborts that upgrade without creating a workspace
2026-09-15T15:04:38.1285699Z   ---
2026-09-15T15:04:38.1285794Z   duration_ms: 1.433465
2026-09-15T15:04:38.1285878Z   ...
2026-09-15T15:04:38.1286425Z # Subtest: a blocked open that succeeds late cannot invalidate the newer studio connection
2026-09-15T15:04:38.1286752Z ok 784 - a blocked open that succeeds late cannot invalidate the newer studio connection
2026-09-15T15:04:38.1286836Z   ---
2026-09-15T15:04:38.1286926Z   duration_ms: 1.782738
2026-09-15T15:04:38.1287009Z   ...
2026-09-15T15:04:38.1287315Z # Subtest: a retired database close callback does not detach a newer owned handle
2026-09-15T15:04:38.1287611Z ok 785 - a retired database close callback does not detach a newer owned handle
2026-09-15T15:04:38.1287687Z   ---
2026-09-15T15:04:38.1287782Z   duration_ms: 1.709641
2026-09-15T15:04:38.1287869Z   ...
2026-09-15T15:04:38.1288378Z # Subtest: discovery keeps exact aliases, finds packs-only and preserves protected dev/future channels without reading values
2026-09-15T15:04:38.1288874Z ok 786 - discovery keeps exact aliases, finds packs-only and preserves protected dev/future channels without reading values
2026-09-15T15:04:38.1288960Z   ---
2026-09-15T15:04:38.1289058Z   duration_ms: 14.389066
2026-09-15T15:04:38.1289134Z   ...
2026-09-15T15:04:38.1289580Z # Subtest: locked overview and export preserve exact stored wrappers and every raw string without opening media
2026-09-15T15:04:38.1290003Z ok 787 - locked overview and export preserve exact stored wrappers and every raw string without opening media
2026-09-15T15:04:38.1290081Z   ---
2026-09-15T15:04:38.1290177Z   duration_ms: 17.565852
2026-09-15T15:04:38.1290258Z   ...
2026-09-15T15:04:38.1290731Z # Subtest: a corrupt profile with first-receipt text remains exportable without being relabeled an empty valid profile
2026-09-15T15:04:38.1291315Z ok 788 - a corrupt profile with first-receipt text remains exportable without being relabeled an empty valid profile
2026-09-15T15:04:38.1291399Z   ---
2026-09-15T15:04:38.1291492Z   duration_ms: 5.275987
2026-09-15T15:04:38.1291569Z   ...
2026-09-15T15:04:38.1292126Z # Subtest: asset absence, present null and unsupported undefined remain distinct and unsupported values produce an incomplete diagnostic
2026-09-15T15:04:38.1292660Z ok 789 - asset absence, present null and unsupported undefined remain distinct and unsupported values produce an incomplete diagnostic
2026-09-15T15:04:38.1292962Z   ---
2026-09-15T15:04:38.1293052Z   duration_ms: 7.590447
2026-09-15T15:04:38.1293135Z   ...
2026-09-15T15:04:38.1293538Z # Subtest: missing asset database does not block independently valid profile metadata or create storage
2026-09-15T15:04:38.1293923Z ok 790 - missing asset database does not block independently valid profile metadata or create storage
2026-09-15T15:04:38.1294010Z   ---
2026-09-15T15:04:38.1294102Z   duration_ms: 4.275068
2026-09-15T15:04:38.1294184Z   ...
2026-09-15T15:04:38.1294678Z # Subtest: busy writers and changed reviewed source refuse export, and manufactured review/channel objects grant no authority
2026-09-15T15:04:38.1295274Z ok 791 - busy writers and changed reviewed source refuse export, and manufactured review/channel objects grant no authority
2026-09-15T15:04:38.1295360Z   ---
2026-09-15T15:04:38.1295450Z   duration_ms: 5.812709
2026-09-15T15:04:38.1295532Z   ...
2026-09-15T15:04:38.1295823Z # Subtest: source changes during snapshot validation refuse a stable review
2026-09-15T15:04:38.1296365Z ok 792 - source changes during snapshot validation refuse a stable review
2026-09-15T15:04:38.1296453Z   ---
2026-09-15T15:04:38.1296554Z   duration_ms: 3.890371
2026-09-15T15:04:38.1296635Z   ...
2026-09-15T15:04:38.1296963Z # Subtest: more than 96 exact channels refuses the inventory without dropping entries
2026-09-15T15:04:38.1297278Z ok 793 - more than 96 exact channels refuses the inventory without dropping entries
2026-09-15T15:04:38.1297367Z   ---
2026-09-15T15:04:38.1297458Z   duration_ms: 1.871373
2026-09-15T15:04:38.1297540Z   ...
2026-09-15T15:04:38.1297912Z # Subtest: strict structured-value export rejects lossy JSON cases and never invokes a getter
2026-09-15T15:04:38.1298268Z ok 794 - strict structured-value export rejects lossy JSON cases and never invokes a getter
2026-09-15T15:04:38.1298347Z   ---
2026-09-15T15:04:38.1298444Z   duration_ms: 1.1569
2026-09-15T15:04:38.1298526Z   ...
2026-09-15T15:04:38.1298941Z # Subtest: Close settles while an unstarted Web Locks request is delayed, and its late callback cannot read
2026-09-15T15:04:38.1299346Z ok 795 - Close settles while an unstarted Web Locks request is delayed, and its late callback cannot read
2026-09-15T15:04:38.1299428Z   ---
2026-09-15T15:04:38.1299525Z   duration_ms: 3.756321
2026-09-15T15:04:38.1299601Z   ...
2026-09-15T15:04:38.1300061Z # Subtest: cancelling a delayed backup-lock request releases the acquired writer and rejects its late read callback
2026-09-15T15:04:38.1300506Z ok 796 - cancelling a delayed backup-lock request releases the acquired writer and rejects its late read callback
2026-09-15T15:04:38.1300584Z   ---
2026-09-15T15:04:38.1300679Z   duration_ms: 2.343945
2026-09-15T15:04:38.1300761Z   ...
2026-09-15T15:04:38.1301129Z # Subtest: Settings recovery stays lazy, uses the supplied version and keeps Settings underneath
2026-09-15T15:04:38.1301483Z ok 797 - Settings recovery stays lazy, uses the supplied version and keeps Settings underneath
2026-09-15T15:04:38.1301566Z   ---
2026-09-15T15:04:38.1301663Z   duration_ms: 10.721811
2026-09-15T15:04:38.1301739Z   ...
2026-09-15T15:04:38.1302094Z # Subtest: Escape and Back join pending reader cleanup and revoke raw URLs before native close
2026-09-15T15:04:38.1302436Z ok 798 - Escape and Back join pending reader cleanup and revoke raw URLs before native close
2026-09-15T15:04:38.1302513Z   ---
2026-09-15T15:04:38.1302610Z   duration_ms: 23.131604
2026-09-15T15:04:38.1302823Z   ...
2026-09-15T15:04:38.1303196Z # Subtest: closing during module loading prevents late reader creation and a later open is fresh
2026-09-15T15:04:38.1303548Z ok 799 - closing during module loading prevents late reader creation and a later open is fresh
2026-09-15T15:04:38.1303632Z   ---
2026-09-15T15:04:38.1303735Z   duration_ms: 6.809038
2026-09-15T15:04:38.1303812Z   ...
2026-09-15T15:04:38.1304147Z # Subtest: failed catalog leaves raw discovery, review and explicit native export usable
2026-09-15T15:04:38.1304463Z ok 800 - failed catalog leaves raw discovery, review and explicit native export usable
2026-09-15T15:04:38.1304545Z   ---
2026-09-15T15:04:38.1304634Z   duration_ms: 14.161891
2026-09-15T15:04:38.1304717Z   ...
2026-09-15T15:04:38.1305082Z # Subtest: unbuilt host keeps raw diagnostics and never requests or grants a historical catalog
2026-09-15T15:04:38.1305429Z ok 801 - unbuilt host keeps raw diagnostics and never requests or grants a historical catalog
2026-09-15T15:04:38.1305514Z   ---
2026-09-15T15:04:38.1305609Z   duration_ms: 3.263471
2026-09-15T15:04:38.1305685Z   ...
2026-09-15T15:04:38.1306259Z # Subtest: incompatible operation disables entry without cancelling or replacing that operation
2026-09-15T15:04:38.1306750Z ok 802 - incompatible operation disables entry without cancelling or replacing that operation
2026-09-15T15:04:38.1306840Z   ---
2026-09-15T15:04:38.1306932Z   duration_ms: 3.697511
2026-09-15T15:04:38.1307013Z   ...
2026-09-15T15:04:38.1307343Z # Subtest: blur cancels catalog loading; pagehide closes without allowing a late reader
2026-09-15T15:04:38.1307654Z ok 803 - blur cancels catalog loading; pagehide closes without allowing a late reader
2026-09-15T15:04:38.1307738Z   ---
2026-09-15T15:04:38.1307831Z   duration_ms: 4.492625
2026-09-15T15:04:38.1307911Z   ...
2026-09-15T15:04:38.1308250Z # Subtest: current writer refusal remains visible without a fallback reader or lock bypass
2026-09-15T15:04:38.1308572Z ok 804 - current writer refusal remains visible without a fallback reader or lock bypass
2026-09-15T15:04:38.1308658Z   ---
2026-09-15T15:04:38.1308747Z   duration_ms: 6.540136
2026-09-15T15:04:38.1308829Z   ...
2026-09-15T15:04:38.1309254Z # Subtest: source recovery resolves its comparison version only on entry without granting catalog authority
2026-09-15T15:04:38.1309668Z ok 805 - source recovery resolves its comparison version only on entry without granting catalog authority
2026-09-15T15:04:38.1309745Z   ---
2026-09-15T15:04:38.1309839Z   duration_ms: 6.833414
2026-09-15T15:04:38.1309920Z   ...
2026-09-15T15:04:38.1310275Z # Subtest: closing while source-version resolution is pending prevents late reader creation
2026-09-15T15:04:38.1310616Z ok 806 - closing while source-version resolution is pending prevents late reader creation
2026-09-15T15:04:38.1310697Z   ---
2026-09-15T15:04:38.1310797Z   duration_ms: 3.735702
2026-09-15T15:04:38.1310877Z   ...
2026-09-15T15:04:38.1311232Z # Subtest: existing schema2 snapshot owns immutable Blob handles without body reads or writes
2026-09-15T15:04:38.1311580Z ok 807 - existing schema2 snapshot owns immutable Blob handles without body reads or writes
2026-09-15T15:04:38.1311659Z   ---
2026-09-15T15:04:38.1311753Z   duration_ms: 8.675031
2026-09-15T15:04:38.1311835Z   ...
2026-09-15T15:04:38.1312183Z # Subtest: existing schema3 snapshot owns immutable Blob handles without body reads or writes
2026-09-15T15:04:38.1312522Z ok 808 - existing schema3 snapshot owns immutable Blob handles without body reads or writes
2026-09-15T15:04:38.1312605Z   ---
2026-09-15T15:04:38.1312698Z   duration_ms: 1.518985
2026-09-15T15:04:38.1312774Z   ...
2026-09-15T15:04:38.1313125Z # Subtest: existing schema4 snapshot owns immutable Blob handles without body reads or writes
2026-09-15T15:04:38.1313462Z ok 809 - existing schema4 snapshot owns immutable Blob handles without body reads or writes
2026-09-15T15:04:38.1313541Z   ---
2026-09-15T15:04:38.1313634Z   duration_ms: 1.778849
2026-09-15T15:04:38.1313839Z   ...
2026-09-15T15:04:38.1314185Z # Subtest: absent database aborts creation; unknown version or extra store refuses unchanged
2026-09-15T15:04:38.1314525Z ok 810 - absent database aborts creation; unknown version or extra store refuses unchanged
2026-09-15T15:04:38.1314607Z   ---
2026-09-15T15:04:38.1314698Z   duration_ms: 1.375157
2026-09-15T15:04:38.1314777Z   ...
2026-09-15T15:04:38.1315193Z # Subtest: absent metadata is distinct from present null, undefined, future ledger and pending reservation
2026-09-15T15:04:38.1315594Z ok 811 - absent metadata is distinct from present null, undefined, future ledger and pending reservation
2026-09-15T15:04:38.1315672Z   ---
2026-09-15T15:04:38.1315765Z   duration_ms: 4.599264
2026-09-15T15:04:38.1315849Z   ...
2026-09-15T15:04:38.1316496Z # Subtest: missing referenced body, duplicate physical hash and key overflow refuse boundedly
2026-09-15T15:04:38.1316847Z ok 812 - missing referenced body, duplicate physical hash and key overflow refuse boundedly
2026-09-15T15:04:38.1316936Z   ---
2026-09-15T15:04:38.1317037Z   duration_ms: 31.873508
2026-09-15T15:04:38.1317114Z   ...
2026-09-15T15:04:38.1317514Z # Subtest: cancellation during late open and versionchange releases connections without stale success
2026-09-15T15:04:38.1318024Z ok 813 - cancellation during late open and versionchange releases connections without stale success
2026-09-15T15:04:38.1318112Z   ---
2026-09-15T15:04:38.1318206Z   duration_ms: 10.545311
2026-09-15T15:04:38.1318288Z   ...
2026-09-15T15:04:38.1318570Z # Subtest: close after absent open resolution cannot publish stale absence
2026-09-15T15:04:38.1318829Z ok 814 - close after absent open resolution cannot publish stale absence
2026-09-15T15:04:38.1318913Z   ---
2026-09-15T15:04:38.1319007Z   duration_ms: 0.778714
2026-09-15T15:04:38.1319084Z   ...
2026-09-15T15:04:38.1319446Z # Subtest: selected availability is diagnostic while the existing full snapshot stays strict
2026-09-15T15:04:38.1319786Z ok 815 - selected availability is diagnostic while the existing full snapshot stays strict
2026-09-15T15:04:38.1319873Z   ---
2026-09-15T15:04:38.1319965Z   duration_ms: 1.867645
2026-09-15T15:04:38.1320047Z   ...
2026-09-15T15:04:38.1320425Z # Subtest: selected availability keeps schema, pending-work, physical-handle and budget refusals
2026-09-15T15:04:38.1320787Z ok 816 - selected availability keeps schema, pending-work, physical-handle and budget refusals
2026-09-15T15:04:38.1320871Z   ---
2026-09-15T15:04:38.1320967Z   duration_ms: 24.813992
2026-09-15T15:04:38.1321057Z   ...
2026-09-15T15:04:38.1321385Z # Subtest: selected availability aborts missing database creation and closes late reads
2026-09-15T15:04:38.1321706Z ok 817 - selected availability aborts missing database creation and closes late reads
2026-09-15T15:04:38.1321788Z   ---
2026-09-15T15:04:38.1321876Z   duration_ms: 0.949753
2026-09-15T15:04:38.1321958Z   ...
2026-09-15T15:04:38.1322300Z # Subtest: actual core win on a level with default rules awards once without mutating inputs
2026-09-15T15:04:38.1322623Z ok 818 - actual core win on a level with default rules awards once without mutating inputs
2026-09-15T15:04:38.1322706Z   ---
2026-09-15T15:04:38.1322802Z   duration_ms: 46.574066
2026-09-15T15:04:38.1322886Z   ...
2026-09-15T15:04:38.1323261Z # Subtest: malformed clear containers, variant records and seen IDs cannot load as valid progress
2026-09-15T15:04:38.1323626Z ok 819 - malformed clear containers, variant records and seen IDs cannot load as valid progress
2026-09-15T15:04:38.1323708Z   ---
2026-09-15T15:04:38.1323799Z   duration_ms: 2.592588
2026-09-15T15:04:38.1323880Z   ...
2026-09-15T15:04:38.1324195Z # Subtest: practice, losing, absent and already consumed results grant no progress
2026-09-15T15:04:38.1324494Z ok 820 - practice, losing, absent and already consumed results grant no progress
2026-09-15T15:04:38.1324572Z   ---
2026-09-15T15:04:38.1324670Z   duration_ms: 2.323547
2026-09-15T15:04:38.1324751Z   ...
2026-09-15T15:04:38.1325089Z # Subtest: completion identity, ranges and medal coherence match the current core contract
2026-09-15T15:04:38.1325545Z ok 821 - completion identity, ranges and medal coherence match the current core contract
2026-09-15T15:04:38.1325628Z   ---
2026-09-15T15:04:38.1325717Z   duration_ms: 10.344136
2026-09-15T15:04:38.1325801Z   ...
2026-09-15T15:04:38.1326396Z # Subtest: replays preserve best records per setup and keep turn policies and classes separate
2026-09-15T15:04:38.1326753Z ok 822 - replays preserve best records per setup and keep turn policies and classes separate
2026-09-15T15:04:38.1326832Z   ---
2026-09-15T15:04:38.1326927Z   duration_ms: 2.383459
2026-09-15T15:04:38.1327009Z   ...
2026-09-15T15:04:38.1327399Z # Subtest: tuned recipe identity separates setup records while labels do not change physics identity
2026-09-15T15:04:38.1327777Z ok 823 - tuned recipe identity separates setup records while labels do not change physics identity
2026-09-15T15:04:38.1327860Z   ---
2026-09-15T15:04:38.1327954Z   duration_ms: 2.509023
2026-09-15T15:04:38.1328035Z   ...
2026-09-15T15:04:38.1328309Z # Subtest: campaign sequencing checks real indices and own clear records
2026-09-15T15:04:38.1328566Z ok 824 - campaign sequencing checks real indices and own clear records
2026-09-15T15:04:38.1328643Z   ---
2026-09-15T15:04:38.1328737Z   duration_ms: 0.635265
2026-09-15T15:04:38.1328818Z   ...
2026-09-15T15:04:38.1329289Z # Subtest: corrupt saves remain available for recovery and round-trip valid saves
2026-09-15T15:04:38.1329599Z ok 825 - corrupt saves remain available for recovery and round-trip valid saves
2026-09-15T15:04:38.1329692Z   ---
2026-09-15T15:04:38.1329790Z   duration_ms: 0.883819
2026-09-15T15:04:38.1329868Z   ...
2026-09-15T15:04:38.1330213Z # Subtest: storage failures preserve the old primary value when recovery cannot be written
2026-09-15T15:04:38.1330540Z ok 826 - storage failures preserve the old primary value when recovery cannot be written
2026-09-15T15:04:38.1330619Z   ---
2026-09-15T15:04:38.1330714Z   duration_ms: 0.483292
2026-09-15T15:04:38.1330799Z   ...
2026-09-15T15:04:38.1331180Z # Subtest: recovery collisions retain each original and a full campaign unlocks by distinct clears
2026-09-15T15:04:38.1331542Z ok 827 - recovery collisions retain each original and a full campaign unlocks by distinct clears
2026-09-15T15:04:38.1331625Z   ---
2026-09-15T15:04:38.1331719Z   duration_ms: 1.163752
2026-09-15T15:04:38.1331799Z   ...
2026-09-15T15:04:38.1332172Z # Subtest: roster identity and mixed routes remain separate; forged class transitions do not award
2026-09-15T15:04:38.1332530Z ok 828 - roster identity and mixed routes remain separate; forged class transitions do not award
2026-09-15T15:04:38.1332613Z   ---
2026-09-15T15:04:38.1332703Z   duration_ms: 2.07861
2026-09-15T15:04:38.1332784Z   ...
2026-09-15T15:04:38.1333223Z # Subtest: legacy five-part variant records remain readable but new awards create a distinct seven-part entry
2026-09-15T15:04:38.1333643Z ok 829 - legacy five-part variant records remain readable but new awards create a distinct seven-part entry
2026-09-15T15:04:38.1333733Z   ---
2026-09-15T15:04:38.1333828Z   duration_ms: 0.998975
2026-09-15T15:04:38.1333905Z   ...
2026-09-15T15:04:38.1334304Z # Subtest: more than 256 legal setup variants retain aggregate bests and the most recently played setup
2026-09-15T15:04:38.1334694Z ok 830 - more than 256 legal setup variants retain aggregate bests and the most recently played setup
2026-09-15T15:04:38.1334774Z   ---
2026-09-15T15:04:38.1334867Z   duration_ms: 285.676003
2026-09-15T15:04:38.1334949Z   ...
2026-09-15T15:04:38.1335277Z # Subtest: R4 dark palette: 294px arena keeps light cut core and bounded readable width
2026-09-15T15:04:38.1335584Z ok 831 - R4 dark palette: 294px arena keeps light cut core and bounded readable width
2026-09-15T15:04:38.1335668Z   ---
2026-09-15T15:04:38.1335761Z   duration_ms: 2.216166
2026-09-15T15:04:38.1335845Z   ...
2026-09-15T15:04:38.1336428Z # Subtest: R4 dark palette: 390px arena keeps light cut core and bounded readable width
2026-09-15T15:04:38.1336897Z ok 832 - R4 dark palette: 390px arena keeps light cut core and bounded readable width
2026-09-15T15:04:38.1336985Z   ---
2026-09-15T15:04:38.1337079Z   duration_ms: 0.187559
2026-09-15T15:04:38.1337163Z   ...
2026-09-15T15:04:38.1337489Z # Subtest: R4 dark palette: 600px arena keeps light cut core and bounded readable width
2026-09-15T15:04:38.1337801Z ok 833 - R4 dark palette: 600px arena keeps light cut core and bounded readable width
2026-09-15T15:04:38.1337880Z   ---
2026-09-15T15:04:38.1337976Z   duration_ms: 0.224349
2026-09-15T15:04:38.1338058Z   ...
2026-09-15T15:04:38.1338392Z # Subtest: R4 dark palette: 1152px arena keeps light cut core and bounded readable width
2026-09-15T15:04:38.1338718Z ok 834 - R4 dark palette: 1152px arena keeps light cut core and bounded readable width
2026-09-15T15:04:38.1338802Z   ---
2026-09-15T15:04:38.1338894Z   duration_ms: 0.210052
2026-09-15T15:04:38.1338976Z   ...
2026-09-15T15:04:38.1339345Z # Subtest: fpv: actual observed movement animates microtile bodies; Pause holds the exact pose
2026-09-15T15:04:38.1339702Z ok 835 - fpv: actual observed movement animates microtile bodies; Pause holds the exact pose
2026-09-15T15:04:38.1339780Z   ---
2026-09-15T15:04:38.1339877Z   duration_ms: 2.51839
2026-09-15T15:04:38.1339958Z   ...
2026-09-15T15:04:38.1340459Z # Subtest: ukraine: actual observed movement animates microtile bodies; Pause holds the exact pose
2026-09-15T15:04:38.1340833Z ok 836 - ukraine: actual observed movement animates microtile bodies; Pause holds the exact pose
2026-09-15T15:04:38.1340916Z   ---
2026-09-15T15:04:38.1341011Z   duration_ms: 0.843094
2026-09-15T15:04:38.1341089Z   ...
2026-09-15T15:04:38.1341458Z # Subtest: retro: actual observed movement animates microtile bodies; Pause holds the exact pose
2026-09-15T15:04:38.1341811Z ok 837 - retro: actual observed movement animates microtile bodies; Pause holds the exact pose
2026-09-15T15:04:38.1341889Z   ---
2026-09-15T15:04:38.1341985Z   duration_ms: 0.703884
2026-09-15T15:04:38.1342070Z   ...
2026-09-15T15:04:38.1342429Z # Subtest: coupa: actual observed movement animates microtile bodies; Pause holds the exact pose
2026-09-15T15:04:38.1342781Z ok 838 - coupa: actual observed movement animates microtile bodies; Pause holds the exact pose
2026-09-15T15:04:38.1342863Z   ---
2026-09-15T15:04:38.1342959Z   duration_ms: 0.824538
2026-09-15T15:04:38.1343039Z   ...
2026-09-15T15:04:38.1343498Z # Subtest: uploaded body remains independent, with light heading/contact cues rather than dark-theme ink inversion
2026-09-15T15:04:38.1343939Z ok 839 - uploaded body remains independent, with light heading/contact cues rather than dark-theme ink inversion
2026-09-15T15:04:38.1344018Z   ---
2026-09-15T15:04:38.1344114Z   duration_ms: 0.546189
2026-09-15T15:04:38.1344197Z   ...
2026-09-15T15:04:38.1344609Z # Subtest: Classic dormant/warning brackets enclose the cosmetic body while contact size stays unchanged
2026-09-15T15:04:38.1344998Z ok 840 - Classic dormant/warning brackets enclose the cosmetic body while contact size stays unchanged
2026-09-15T15:04:38.1345084Z   ---
2026-09-15T15:04:38.1345179Z   duration_ms: 0.706889
2026-09-15T15:04:38.1345257Z   ...
2026-09-15T15:04:38.1345660Z # Subtest: immediate: real painter places capture pulse below actors/live line and preserves authority
2026-09-15T15:04:38.1346262Z ok 841 - immediate: real painter places capture pulse below actors/live line and preserves authority
2026-09-15T15:04:38.1346354Z   ---
2026-09-15T15:04:38.1346449Z   duration_ms: 55.309387
2026-09-15T15:04:38.1346535Z   ...
2026-09-15T15:04:38.1346950Z # Subtest: grid-center: real painter places capture pulse below actors/live line and preserves authority
2026-09-15T15:04:38.1347335Z ok 842 - grid-center: real painter places capture pulse below actors/live line and preserves authority
2026-09-15T15:04:38.1347427Z   ---
2026-09-15T15:04:38.1347523Z   duration_ms: 12.094112
2026-09-15T15:04:38.1347600Z   ...
2026-09-15T15:04:38.1347992Z # Subtest: real optional pressure warning, commit and cooldown render distinct cues from owned targets
2026-09-15T15:04:38.1348506Z ok 843 - real optional pressure warning, commit and cooldown render distinct cues from owned targets
2026-09-15T15:04:38.1348589Z   ---
2026-09-15T15:04:38.1348680Z   duration_ms: 75.630671
2026-09-15T15:04:38.1348762Z   ...
2026-09-15T15:04:38.1349119Z # Subtest: actual classic freeze retains the locked warning target and actor-clock countdown
2026-09-15T15:04:38.1349456Z ok 844 - actual classic freeze retains the locked warning target and actor-clock countdown
2026-09-15T15:04:38.1349535Z   ---
2026-09-15T15:04:38.1349630Z   duration_ms: 29.816879
2026-09-15T15:04:38.1349708Z   ...
2026-09-15T15:04:38.1350051Z # Subtest: legacy actors acquire no pressure display and malformed getters are not executed
2026-09-15T15:04:38.1350392Z ok 845 - legacy actors acquire no pressure display and malformed getters are not executed
2026-09-15T15:04:38.1350474Z   ---
2026-09-15T15:04:38.1350566Z   duration_ms: 11.093154
2026-09-15T15:04:38.1350646Z   ...
2026-09-15T15:04:38.1351025Z # Subtest: RLE merges identical canonical commands, copies input and preserves caller options
2026-09-15T15:04:38.1351371Z ok 846 - RLE merges identical canonical commands, copies input and preserves caller options
2026-09-15T15:04:38.1351450Z   ---
2026-09-15T15:04:38.1351550Z   duration_ms: 28.735851
2026-09-15T15:04:38.1351737Z   ...
2026-09-15T15:04:38.1352082Z # Subtest: release re-arms a held Scout action even when the resulting summary is identical
2026-09-15T15:04:38.1352413Z ok 847 - release re-arms a held Scout action even when the resulting summary is identical
2026-09-15T15:04:38.1352495Z   ---
2026-09-15T15:04:38.1352586Z   duration_ms: 68.857628
2026-09-15T15:04:38.1352669Z   ...
2026-09-15T15:04:38.1353005Z # Subtest: a trailing pause records speed, queue and latch release without adding a tick
2026-09-15T15:04:38.1353326Z ok 848 - a trailing pause records speed, queue and latch release without adding a tick
2026-09-15T15:04:38.1353403Z   ---
2026-09-15T15:04:38.1353507Z   duration_ms: 14.358678
2026-09-15T15:04:38.1353589Z   ...
2026-09-15T15:04:38.1353955Z # Subtest: initial and repeated releases are idempotent and export snapshots remain independent
2026-09-15T15:04:38.1354309Z ok 849 - initial and repeated releases are idempotent and export snapshots remain independent
2026-09-15T15:04:38.1354392Z   ---
2026-09-15T15:04:38.1354491Z   duration_ms: 9.054168
2026-09-15T15:04:38.1354568Z   ...
2026-09-15T15:04:38.1354959Z # Subtest: every authoritative section is checksummed while decorative data and events are excluded
2026-09-15T15:04:38.1355332Z ok 850 - every authoritative section is checksummed while decorative data and events are excluded
2026-09-15T15:04:38.1355410Z   ---
2026-09-15T15:04:38.1355504Z   duration_ms: 12.118678
2026-09-15T15:04:38.1355584Z   ...
2026-09-15T15:04:38.1356294Z # Subtest: complete win and its final shell release verify; appended terminal commands are rejected
2026-09-15T15:04:38.1356682Z ok 851 - complete win and its final shell release verify; appended terminal commands are rejected
2026-09-15T15:04:38.1356773Z   ---
2026-09-15T15:04:38.1356873Z   duration_ms: 120.645728
2026-09-15T15:04:38.1356952Z   ...
2026-09-15T15:04:38.1357331Z # Subtest: modified command and forged summary are diagnosed independently of checkpoint metadata
2026-09-15T15:04:38.1357697Z ok 852 - modified command and forged summary are diagnosed independently of checkpoint metadata
2026-09-15T15:04:38.1357774Z   ---
2026-09-15T15:04:38.1357874Z   duration_ms: 8.448927
2026-09-15T15:04:38.1357956Z   ...
2026-09-15T15:04:38.1358336Z # Subtest: export rejects missing tick records, identity mismatch and unrecorded partial core time
2026-09-15T15:04:38.1358693Z ok 853 - export rejects missing tick records, identity mismatch and unrecorded partial core time
2026-09-15T15:04:38.1358775Z   ---
2026-09-15T15:04:38.1358869Z   duration_ms: 4.230025
2026-09-15T15:04:38.1358946Z   ...
2026-09-15T15:04:38.1359384Z # Subtest: legacy format, malformed segments, unsupported primitives and inconsistent totals fail validation
2026-09-15T15:04:38.1359938Z ok 854 - legacy format, malformed segments, unsupported primitives and inconsistent totals fail validation
2026-09-15T15:04:38.1360021Z   ---
2026-09-15T15:04:38.1360111Z   duration_ms: 4.642524
2026-09-15T15:04:38.1360193Z   ...
2026-09-15T15:04:38.1360610Z # Subtest: bounded JSON rejects prototype keys, accessors, cycles, nonfinite values and excessive nesting
2026-09-15T15:04:38.1361011Z ok 855 - bounded JSON rejects prototype keys, accessors, cycles, nonfinite values and excessive nesting
2026-09-15T15:04:38.1361095Z   ---
2026-09-15T15:04:38.1361187Z   duration_ms: 3.55756
2026-09-15T15:04:38.1361269Z   ...
2026-09-15T15:04:38.1361581Z # Subtest: recording and verification reject more than 30 minutes before replaying
2026-09-15T15:04:38.1361883Z ok 856 - recording and verification reject more than 30 minutes before replaying
2026-09-15T15:04:38.1361968Z   ---
2026-09-15T15:04:38.1362058Z   duration_ms: 2.79649
2026-09-15T15:04:38.1362147Z   ...
2026-09-15T15:04:38.1362571Z # Subtest: asynchronous verification yields, reports bounded progress and matches synchronous verification
2026-09-15T15:04:38.1362981Z ok 857 - asynchronous verification yields, reports bounded progress and matches synchronous verification
2026-09-15T15:04:38.1363064Z   ---
2026-09-15T15:04:38.1363268Z   duration_ms: 168.610437
2026-09-15T15:04:38.1363449Z   ...
2026-09-15T15:04:38.1363849Z # Subtest: asynchronous verification can be cancelled without modifying source data or an existing run
2026-09-15T15:04:38.1364238Z ok 858 - asynchronous verification can be cancelled without modifying source data or an existing run
2026-09-15T15:04:38.1364320Z   ---
2026-09-15T15:04:38.1364411Z   duration_ms: 36.259984
2026-09-15T15:04:38.1364493Z   ...
2026-09-15T15:04:38.1364856Z # Subtest: a full 216000-tick stationary recording remains compact and verifies asynchronously
2026-09-15T15:04:38.1365204Z ok 859 - a full 216000-tick stationary recording remains compact and verifies asynchronously
2026-09-15T15:04:38.1365287Z   ---
2026-09-15T15:04:38.1365386Z   duration_ms: 1657.570223
2026-09-15T15:04:38.1365470Z   ...
2026-09-15T15:04:38.1365772Z # Subtest: four worlds choose distinct bounded non-graphic victory presentations
2026-09-15T15:04:38.1366278Z ok 860 - four worlds choose distinct bounded non-graphic victory presentations
2026-09-15T15:04:38.1366370Z   ---
2026-09-15T15:04:38.1366469Z   duration_ms: 17.029466
2026-09-15T15:04:38.1366546Z   ...
2026-09-15T15:04:38.1366898Z # Subtest: timeline is independent of frame cadence, and pausing freezes all phases
2026-09-15T15:04:38.1367218Z ok 861 - timeline is independent of frame cadence, and pausing freezes all phases
2026-09-15T15:04:38.1367297Z   ---
2026-09-15T15:04:38.1367392Z   duration_ms: 1.155647
2026-09-15T15:04:38.1367473Z   ...
2026-09-15T15:04:38.1367794Z # Subtest: skip and reduced effects immediately leave only the clear completed picture
2026-09-15T15:04:38.1368106Z ok 862 - skip and reduced effects immediately leave only the clear completed picture
2026-09-15T15:04:38.1368192Z   ---
2026-09-15T15:04:38.1368286Z   duration_ms: 0.366343
2026-09-15T15:04:38.1368364Z   ...
2026-09-15T15:04:38.1368756Z # Subtest: seeded procedural pictures are deterministic and materially vary across campaign levels
2026-09-15T15:04:38.1369131Z ok 863 - seeded procedural pictures are deterministic and materially vary across campaign levels
2026-09-15T15:04:38.1369207Z   ---
2026-09-15T15:04:38.1369306Z   duration_ms: 139.221165
2026-09-15T15:04:38.1369397Z   ...
2026-09-15T15:04:38.1369833Z # Subtest: BoardPainter auto-starts one celebration, animates despite terminal game pause, then stays clear
2026-09-15T15:04:38.1370243Z ok 864 - BoardPainter auto-starts one celebration, animates despite terminal game pause, then stays clear
2026-09-15T15:04:38.1370327Z   ---
2026-09-15T15:04:38.1370423Z   duration_ms: 38.270815
2026-09-15T15:04:38.1370500Z   ...
2026-09-15T15:04:38.1370874Z # Subtest: full reveal hides all permanent walls and actors at completion, including reduced mode
2026-09-15T15:04:38.1371380Z ok 865 - full reveal hides all permanent walls and actors at completion, including reduced mode
2026-09-15T15:04:38.1371463Z   ---
2026-09-15T15:04:38.1371555Z   duration_ms: 2.814163
2026-09-15T15:04:38.1371644Z   ...
2026-09-15T15:04:38.1372008Z # Subtest: gallery draws a completed scene directly without inventing or mutating a game run
2026-09-15T15:04:38.1372346Z ok 866 - gallery draws a completed scene directly without inventing or mutating a game run
2026-09-15T15:04:38.1372429Z   ---
2026-09-15T15:04:38.1372524Z   duration_ms: 1.336304
2026-09-15T15:04:38.1372600Z   ...
2026-09-15T15:04:38.1372957Z # Subtest: signal zones and hangars render read-only alongside a running neutral fallback body
2026-09-15T15:04:38.1373301Z ok 867 - signal zones and hangars render read-only alongside a running neutral fallback body
2026-09-15T15:04:38.1373381Z   ---
2026-09-15T15:04:38.1373474Z   duration_ms: 39.229224
2026-09-15T15:04:38.1373554Z   ...
2026-09-15T15:04:38.1373912Z # Subtest: inherited object names resolve to a neutral registered rig before live rendering
2026-09-15T15:04:38.1374242Z ok 868 - inherited object names resolve to a neutral registered rig before live rendering
2026-09-15T15:04:38.1374324Z   ---
2026-09-15T15:04:38.1374418Z   duration_ms: 17.318216
2026-09-15T15:04:38.1374499Z   ...
2026-09-15T15:04:38.1375030Z # Subtest: steady-signal: explicit scenario retains its definition and resolves a separate practice context
2026-09-15T15:04:38.1375450Z ok 869 - steady-signal: explicit scenario retains its definition and resolves a separate practice context
2026-09-15T15:04:38.1375533Z   ---
2026-09-15T15:04:38.1375621Z   duration_ms: 35.006081
2026-09-15T15:04:38.1375703Z   ...
2026-09-15T15:04:38.1376366Z # Subtest: supply-line: explicit scenario retains its definition and resolves a separate practice context
2026-09-15T15:04:38.1376777Z ok 870 - supply-line: explicit scenario retains its definition and resolves a separate practice context
2026-09-15T15:04:38.1376866Z   ---
2026-09-15T15:04:38.1376961Z   duration_ms: 30.387119
2026-09-15T15:04:38.1377044Z   ...
2026-09-15T15:04:38.1377450Z # Subtest: safe-return: explicit scenario retains its definition and resolves a separate practice context
2026-09-15T15:04:38.1377883Z ok 871 - safe-return: explicit scenario retains its definition and resolves a separate practice context
2026-09-15T15:04:38.1377966Z   ---
2026-09-15T15:04:38.1378057Z   duration_ms: 17.543225
2026-09-15T15:04:38.1378141Z   ...
2026-09-15T15:04:38.1378426Z # Subtest: v1 remains strict and v2 requires an explicit definition or null
2026-09-15T15:04:38.1378700Z ok 872 - v1 remains strict and v2 requires an explicit definition or null
2026-09-15T15:04:38.1378779Z   ---
2026-09-15T15:04:38.1378875Z   duration_ms: 5.329628
2026-09-15T15:04:38.1378956Z   ...
2026-09-15T15:04:38.1379320Z # Subtest: wrong references, unsupported rules and unavailable equipment fail before decoding
2026-09-15T15:04:38.1379670Z ok 873 - wrong references, unsupported rules and unavailable equipment fail before decoding
2026-09-15T15:04:38.1379757Z   ---
2026-09-15T15:04:38.1379851Z   duration_ms: 22.079593
2026-09-15T15:04:38.1379931Z   ...
2026-09-15T15:04:38.1380225Z # Subtest: getters never execute and in-flight goal/image ownership is stable
2026-09-15T15:04:38.1380508Z ok 874 - getters never execute and in-flight goal/image ownership is stable
2026-09-15T15:04:38.1380585Z   ---
2026-09-15T15:04:38.1380677Z   duration_ms: 7.02336
2026-09-15T15:04:38.1380759Z   ...
2026-09-15T15:04:38.1381161Z # Subtest: presentation changes retain the goal; deleting a referenced object rejects a loose-map edit
2026-09-15T15:04:38.1381546Z ok 875 - presentation changes retain the goal; deleting a referenced object rejects a loose-map edit
2026-09-15T15:04:38.1381628Z   ---
2026-09-15T15:04:38.1381724Z   duration_ms: 11.121639
2026-09-15T15:04:38.1381803Z   ...
2026-09-15T15:04:38.1382198Z # Subtest: explicit goals and explicit absence survive pack selection and a retargeted one-map export
2026-09-15T15:04:38.1382710Z ok 876 - explicit goals and explicit absence survive pack selection and a retargeted one-map export
2026-09-15T15:04:38.1382790Z   ---
2026-09-15T15:04:38.1382888Z   duration_ms: 174.618294
2026-09-15T15:04:38.1382970Z   ...
2026-09-15T15:04:38.1383409Z # Subtest: copying a source goal creates an independent editable preview and explicit absence never falls back
2026-09-15T15:04:38.1383827Z ok 877 - copying a source goal creates an independent editable preview and explicit absence never falls back
2026-09-15T15:04:38.1383908Z   ---
2026-09-15T15:04:38.1384003Z   duration_ms: 56.650093
2026-09-15T15:04:38.1384080Z   ...
2026-09-15T15:04:38.1384570Z # Subtest: editor changes validate a complete goal context before adoption, while preset maps explicitly start without one
2026-09-15T15:04:38.1385046Z ok 878 - editor changes validate a complete goal context before adoption, while preset maps explicitly start without one
2026-09-15T15:04:38.1385129Z   ---
2026-09-15T15:04:38.1385221Z   duration_ms: 10.724618
2026-09-15T15:04:38.1385303Z   ...
2026-09-15T15:04:38.1385747Z # Subtest: new external Sentinel pairs three exact originals with unchanged wide missions and two boss schedules
2026-09-15T15:04:38.1386372Z ok 879 - new external Sentinel pairs three exact originals with unchanged wide missions and two boss schedules
2026-09-15T15:04:38.1386576Z   ---
2026-09-15T15:04:38.1386688Z   duration_ms: 26.354251
2026-09-15T15:04:38.1386768Z   ...
2026-09-15T15:04:38.1387134Z # Subtest: fixed producer repeats exact compact pack, native companion and descriptor bytes
2026-09-15T15:04:38.1387479Z ok 880 - fixed producer repeats exact compact pack, native companion and descriptor bytes
2026-09-15T15:04:38.1387563Z   ---
2026-09-15T15:04:38.1387658Z   duration_ms: 10979.159445
2026-09-15T15:04:38.1387741Z   ...
2026-09-15T15:04:38.1388205Z # Subtest: all 56 Standard/Gentle both-turn contexts keep actual physical outcomes, exact posters and saved suffixes
2026-09-15T15:04:38.1388643Z ok 881 - all 56 Standard/Gentle both-turn contexts keep actual physical outcomes, exact posters and saved suffixes
2026-09-15T15:04:38.1388735Z   ---
2026-09-15T15:04:38.1388831Z   duration_ms: 29602.478712
2026-09-15T15:04:38.1388913Z   ...
2026-09-15T15:04:38.1389280Z # Subtest: native pair authentication refuses changed bytes and mismatched original ownership
2026-09-15T15:04:38.1389634Z ok 882 - native pair authentication refuses changed bytes and mismatched original ownership
2026-09-15T15:04:38.1389717Z   ---
2026-09-15T15:04:38.1389809Z   duration_ms: 44.838866
2026-09-15T15:04:38.1389890Z   ...
2026-09-15T15:04:38.1390272Z # Subtest: malformed explicit requests and source-proof mutation refuse without rewriting records
2026-09-15T15:04:38.1390639Z ok 883 - malformed explicit requests and source-proof mutation refuse without rewriting records
2026-09-15T15:04:38.1390718Z   ---
2026-09-15T15:04:38.1390816Z   duration_ms: 11455.799039
2026-09-15T15:04:38.1390898Z   ...
2026-09-15T15:04:38.1391268Z # Subtest: explicit CLI pair writes only to a fresh ordinary cache directory and never overwrites
2026-09-15T15:04:38.1391622Z ok 884 - explicit CLI pair writes only to a fresh ordinary cache directory and never overwrites
2026-09-15T15:04:38.1391703Z   ---
2026-09-15T15:04:38.1391799Z   duration_ms: 12285.077145
2026-09-15T15:04:38.1391877Z   ...
2026-09-15T15:04:38.1392297Z # Subtest: the source compiler and originals remain absent from active/optional catalogs and default build
2026-09-15T15:04:38.1392701Z ok 885 - the source compiler and originals remain absent from active/optional catalogs and default build
2026-09-15T15:04:38.1392779Z   ---
2026-09-15T15:04:38.1392879Z   duration_ms: 278.076887
2026-09-15T15:04:38.1392963Z   ...
2026-09-15T15:04:38.1393366Z # Subtest: three Sentinel theme producers supply exact pairs and preserve all five original authorities
2026-09-15T15:04:38.1393758Z ok 886 - three Sentinel theme producers supply exact pairs and preserve all five original authorities
2026-09-15T15:04:38.1393956Z   ---
2026-09-15T15:04:38.1394054Z   duration_ms: 318.643503
2026-09-15T15:04:38.1394130Z   ...
2026-09-15T15:04:38.1394535Z # Subtest: explicit ukraine transport resolves only that exact owner and all three null-story originals
2026-09-15T15:04:38.1394921Z ok 887 - explicit ukraine transport resolves only that exact owner and all three null-story originals
2026-09-15T15:04:38.1395003Z   ---
2026-09-15T15:04:38.1395100Z   duration_ms: 3893.000298
2026-09-15T15:04:38.1395182Z   ...
2026-09-15T15:04:38.1395570Z # Subtest: explicit retro transport resolves only that exact owner and all three null-story originals
2026-09-15T15:04:38.1395941Z ok 888 - explicit retro transport resolves only that exact owner and all three null-story originals
2026-09-15T15:04:38.1396303Z   ---
2026-09-15T15:04:38.1396410Z   duration_ms: 3161.257689
2026-09-15T15:04:38.1396488Z   ...
2026-09-15T15:04:38.1396894Z # Subtest: explicit coupa transport resolves only that exact owner and all three null-story originals
2026-09-15T15:04:38.1397287Z ok 889 - explicit coupa transport resolves only that exact owner and all three null-story originals
2026-09-15T15:04:38.1397368Z   ---
2026-09-15T15:04:38.1397460Z   duration_ms: 2664.72275
2026-09-15T15:04:38.1397541Z   ...
2026-09-15T15:04:38.1397920Z # Subtest: cross-theme originals and interrupted second body cannot become an install capability
2026-09-15T15:04:38.1398401Z ok 890 - cross-theme originals and interrupted second body cannot become an install capability
2026-09-15T15:04:38.1398488Z   ---
2026-09-15T15:04:38.1398587Z   duration_ms: 6.445421
2026-09-15T15:04:38.1398669Z   ...
2026-09-15T15:04:38.1399087Z # Subtest: restored immediate live-cut observer rebuilds its prefix and reaches the original optional win
2026-09-15T15:04:38.1399490Z ok 891 - restored immediate live-cut observer rebuilds its prefix and reaches the original optional win
2026-09-15T15:04:38.1399572Z   ---
2026-09-15T15:04:38.1399663Z   duration_ms: 639.909152
2026-09-15T15:04:38.1399744Z   ...
2026-09-15T15:04:38.1400175Z # Subtest: restored grid-center live-cut observer rebuilds its prefix and reaches the original optional win
2026-09-15T15:04:38.1400583Z ok 892 - restored grid-center live-cut observer rebuilds its prefix and reaches the original optional win
2026-09-15T15:04:38.1400665Z   ---
2026-09-15T15:04:38.1400761Z   duration_ms: 472.098464
2026-09-15T15:04:38.1400846Z   ...
2026-09-15T15:04:38.1401222Z # Subtest: omitted optional mastery preserves the exact old return and serialized session shape
2026-09-15T15:04:38.1401580Z ok 893 - omitted optional mastery preserves the exact old return and serialized session shape
2026-09-15T15:04:38.1401662Z   ---
2026-09-15T15:04:38.1401753Z   duration_ms: 115.76084
2026-09-15T15:04:38.1401837Z   ...
2026-09-15T15:04:38.1402187Z # Subtest: definition and all installed/session identity data are captured before yielding
2026-09-15T15:04:38.1402517Z ok 894 - definition and all installed/session identity data are captured before yielding
2026-09-15T15:04:38.1402592Z   ---
2026-09-15T15:04:38.1402691Z   duration_ms: 98.844652
2026-09-15T15:04:38.1402772Z   ...
2026-09-15T15:04:38.1403141Z # Subtest: malformed or inapplicable optional definitions reject before exposing a continuation
2026-09-15T15:04:38.1403499Z ok 895 - malformed or inapplicable optional definitions reject before exposing a continuation
2026-09-15T15:04:38.1403585Z   ---
2026-09-15T15:04:38.1403682Z   duration_ms: 92.168019
2026-09-15T15:04:38.1403759Z   ...
2026-09-15T15:04:38.1404113Z # Subtest: unverified progress fields cannot be imported into an otherwise valid old session
2026-09-15T15:04:38.1404454Z ok 896 - unverified progress fields cannot be imported into an otherwise valid old session
2026-09-15T15:04:38.1404532Z   ---
2026-09-15T15:04:38.1404627Z   duration_ms: 23.054646
2026-09-15T15:04:38.1404708Z   ...
2026-09-15T15:04:38.1405051Z # Subtest: a self-consistent altered map or roster cannot release a reconstructed observer
2026-09-15T15:04:38.1405380Z ok 897 - a self-consistent altered map or roster cannot release a reconstructed observer
2026-09-15T15:04:38.1405584Z   ---
2026-09-15T15:04:38.1405680Z   duration_ms: 143.892453
2026-09-15T15:04:38.1405758Z   ...
2026-09-15T15:04:38.1406336Z # Subtest: cancellation before work or at final progress returns no resumable observer
2026-09-15T15:04:38.1406666Z ok 898 - cancellation before work or at final progress returns no resumable observer
2026-09-15T15:04:38.1406745Z   ---
2026-09-15T15:04:38.1406840Z   duration_ms: 17.581329
2026-09-15T15:04:38.1406921Z   ...
2026-09-15T15:04:38.1407205Z # Subtest: an ended replay cannot be adopted as a saved mastery continuation
2026-09-15T15:04:38.1407468Z ok 899 - an ended replay cannot be adopted as a saved mastery continuation
2026-09-15T15:04:38.1407550Z   ---
2026-09-15T15:04:38.1407645Z   duration_ms: 378.902062
2026-09-15T15:04:38.1407722Z   ...
2026-09-15T15:04:38.1408068Z # Subtest: temporary leases attenuate synth without restarting or changing saved controls
2026-09-15T15:04:38.1408394Z ok 900 - temporary leases attenuate synth without restarting or changing saved controls
2026-09-15T15:04:38.1408475Z   ---
2026-09-15T15:04:38.1408572Z   duration_ms: 10.673064
2026-09-15T15:04:38.1408653Z   ...
2026-09-15T15:04:38.1408983Z # Subtest: temporary leases attenuate MP3 without restarting or changing saved controls
2026-09-15T15:04:38.1409417Z ok 901 - temporary leases attenuate MP3 without restarting or changing saved controls
2026-09-15T15:04:38.1409505Z   ---
2026-09-15T15:04:38.1409610Z   duration_ms: 10.939972
2026-09-15T15:04:38.1409688Z   ...
2026-09-15T15:04:38.1410019Z # Subtest: volume edits, zero volume and paused listening intent survive lease release
2026-09-15T15:04:38.1410332Z ok 902 - volume edits, zero volume and paused listening intent survive lease release
2026-09-15T15:04:38.1410413Z   ---
2026-09-15T15:04:38.1410504Z   duration_ms: 8.456155
2026-09-15T15:04:38.1410586Z   ...
2026-09-15T15:04:38.1410905Z # Subtest: an idle lease neither enables audio nor changes explicit mute/master state
2026-09-15T15:04:38.1411207Z ok 903 - an idle lease neither enables audio nor changes explicit mute/master state
2026-09-15T15:04:38.1411291Z   ---
2026-09-15T15:04:38.1411383Z   duration_ms: 1.654899
2026-09-15T15:04:38.1411460Z   ...
2026-09-15T15:04:38.1411886Z # Subtest: lease changes during asynchronous original acquisition use the latest mix once playback begins
2026-09-15T15:04:38.1412295Z ok 904 - lease changes during asynchronous original acquisition use the latest mix once playback begins
2026-09-15T15:04:38.1412378Z   ---
2026-09-15T15:04:38.1412466Z   duration_ms: 6.134782
2026-09-15T15:04:38.1412550Z   ...
2026-09-15T15:04:38.1412901Z # Subtest: lease release composes with an in-flight fade and stays correct on the next track
2026-09-15T15:04:38.1413230Z ok 905 - lease release composes with an in-flight fade and stays correct on the next track
2026-09-15T15:04:38.1413319Z   ---
2026-09-15T15:04:38.1413435Z   duration_ms: 47.501412
2026-09-15T15:04:38.1413516Z   ...
2026-09-15T15:04:38.1413854Z # Subtest: suspension and lease cleanup never resume playback or lose the surviving owner
2026-09-15T15:04:38.1414179Z ok 906 - suspension and lease cleanup never resume playback or lose the surviving owner
2026-09-15T15:04:38.1414261Z   ---
2026-09-15T15:04:38.1414350Z   duration_ms: 6.607324
2026-09-15T15:04:38.1414435Z   ...
2026-09-15T15:04:38.1414988Z # Subtest: player disposal clears only this player’s leases and late releases are terminal no-ops
2026-09-15T15:04:38.1415440Z ok 907 - player disposal clears only this player’s leases and late releases are terminal no-ops
2026-09-15T15:04:38.1415519Z   ---
2026-09-15T15:04:38.1415615Z   duration_ms: 7.77322
2026-09-15T15:04:38.1415698Z   ...
2026-09-15T15:04:38.1416259Z # Subtest: invalid factors and failed mixer acquisition do not leave hidden attenuation
2026-09-15T15:04:38.1416592Z ok 908 - invalid factors and failed mixer acquisition do not leave hidden attenuation
2026-09-15T15:04:38.1416676Z   ---
2026-09-15T15:04:38.1416769Z   duration_ms: 1.797546
2026-09-15T15:04:38.1417036Z   ...
2026-09-15T15:04:38.1417373Z # Subtest: reentrant disposal during mixer allocation cannot publish a surviving lease
2026-09-15T15:04:38.1417692Z ok 909 - reentrant disposal during mixer allocation cannot publish a surviving lease
2026-09-15T15:04:38.1417770Z   ---
2026-09-15T15:04:38.1417869Z   duration_ms: 4.252037
2026-09-15T15:04:38.1417955Z   ...
2026-09-15T15:04:38.1418369Z # Subtest: one atomic commit stores metadata and originals; reopening reads exact bytes and generation
2026-09-15T15:04:38.1418761Z ok 910 - one atomic commit stores metadata and originals; reopening reads exact bytes and generation
2026-09-15T15:04:38.1418843Z   ---
2026-09-15T15:04:38.1418942Z   duration_ms: 9.527375
2026-09-15T15:04:38.1419019Z   ...
2026-09-15T15:04:38.1419381Z # Subtest: a quota failure after a binary put rolls back all new metadata, deletion and bytes
2026-09-15T15:04:38.1419723Z ok 911 - a quota failure after a binary put rolls back all new metadata, deletion and bytes
2026-09-15T15:04:38.1419805Z   ---
2026-09-15T15:04:38.1419899Z   duration_ms: 7.144968
2026-09-15T15:04:38.1419980Z   ...
2026-09-15T15:04:38.1420307Z # Subtest: abort after first write rolls back and late transaction events cannot publish
2026-09-15T15:04:38.1420623Z ok 912 - abort after first write rolls back and late transaction events cannot publish
2026-09-15T15:04:38.1420823Z   ---
2026-09-15T15:04:38.1420921Z   duration_ms: 4.034321
2026-09-15T15:04:38.1420998Z   ...
2026-09-15T15:04:38.1421370Z # Subtest: competing writer during quota await is rejected by the transaction generation guard
2026-09-15T15:04:38.1421723Z ok 913 - competing writer during quota await is rejected by the transaction generation guard
2026-09-15T15:04:38.1421799Z   ---
2026-09-15T15:04:38.1421895Z   duration_ms: 15.08579
2026-09-15T15:04:38.1421976Z   ...
2026-09-15T15:04:38.1422363Z # Subtest: combined committed plus staging budget counts old and replacement bytes before deletion
2026-09-15T15:04:38.1422729Z ok 914 - combined committed plus staging budget counts old and replacement bytes before deletion
2026-09-15T15:04:38.1422814Z   ---
2026-09-15T15:04:38.1422908Z   duration_ms: 4.202816
2026-09-15T15:04:38.1422985Z   ...
2026-09-15T15:04:38.1423426Z # Subtest: same-hash originals are verified and reused without another audio put or duplicate staging budget
2026-09-15T15:04:38.1423848Z ok 915 - same-hash originals are verified and reused without another audio put or duplicate staging budget
2026-09-15T15:04:38.1423932Z   ---
2026-09-15T15:04:38.1424021Z   duration_ms: 6.115415
2026-09-15T15:04:38.1424100Z   ...
2026-09-15T15:04:38.1424429Z # Subtest: corrupt same-hash stored bytes are replaced and charged as new staging bytes
2026-09-15T15:04:38.1424740Z ok 916 - corrupt same-hash stored bytes are replaced and charged as new staging bytes
2026-09-15T15:04:38.1424823Z   ---
2026-09-15T15:04:38.1424917Z   duration_ms: 4.427925
2026-09-15T15:04:38.1424993Z   ...
2026-09-15T15:04:38.1425338Z # Subtest: advisory quota refusal and forged prepared objects cannot change stored content
2026-09-15T15:04:38.1425670Z ok 917 - advisory quota refusal and forged prepared objects cannot change stored content
2026-09-15T15:04:38.1425751Z   ---
2026-09-15T15:04:38.1425840Z   duration_ms: 1.331726
2026-09-15T15:04:38.1425921Z   ...
2026-09-15T15:04:38.1426520Z # Subtest: successful replacement removes unused originals in the same transaction; empty collection is explicit
2026-09-15T15:04:38.1426957Z ok 918 - successful replacement removes unused originals in the same transaction; empty collection is explicit
2026-09-15T15:04:38.1427041Z   ---
2026-09-15T15:04:38.1427137Z   duration_ms: 5.658432
2026-09-15T15:04:38.1427218Z   ...
2026-09-15T15:04:38.1427578Z # Subtest: missing original prevents complete export without rewriting the surviving metadata
2026-09-15T15:04:38.1427927Z ok 919 - missing original prevents complete export without rewriting the surviving metadata
2026-09-15T15:04:38.1428010Z   ---
2026-09-15T15:04:38.1428098Z   duration_ms: 2.420688
2026-09-15T15:04:38.1428305Z   ...
2026-09-15T15:04:38.1428661Z # Subtest: unavailable database and closed store report failure rather than claiming a save
2026-09-15T15:04:38.1429000Z ok 920 - unavailable database and closed store report failure rather than claiming a save
2026-09-15T15:04:38.1429077Z   ---
2026-09-15T15:04:38.1429172Z   duration_ms: 0.463766
2026-09-15T15:04:38.1429258Z   ...
2026-09-15T15:04:38.1429655Z # Subtest: decorating an exposed prepared Blob cannot bypass native committed/staging byte accounting
2026-09-15T15:04:38.1430043Z ok 921 - decorating an exposed prepared Blob cannot bypass native committed/staging byte accounting
2026-09-15T15:04:38.1430127Z   ---
2026-09-15T15:04:38.1430219Z   duration_ms: 10.430651
2026-09-15T15:04:38.1430302Z   ...
2026-09-15T15:04:38.1430720Z # Subtest: cancellation after native commit waits for completion and reports the actual committed result
2026-09-15T15:04:38.1431123Z ok 922 - cancellation after native commit waits for completion and reports the actual committed result
2026-09-15T15:04:38.1431204Z   ---
2026-09-15T15:04:38.1431298Z   duration_ms: 4.706887
2026-09-15T15:04:38.1431379Z   ...
2026-09-15T15:04:38.1431886Z # Subtest: actual workshop reviews without writes, explicitly restores all originals, and prepares a separate native download
2026-09-15T15:04:38.1432484Z ok 923 - actual workshop reviews without writes, explicitly restores all originals, and prepares a separate native download
2026-09-15T15:04:38.1432575Z   ---
2026-09-15T15:04:38.1432672Z   duration_ms: 910.045138
2026-09-15T15:04:38.1432748Z   ...
2026-09-15T15:04:38.1433167Z # Subtest: actual preserve review distinguishes assignments while retaining current and incoming history
2026-09-15T15:04:38.1433569Z ok 924 - actual preserve review distinguishes assignments while retaining current and incoming history
2026-09-15T15:04:38.1433647Z   ---
2026-09-15T15:04:38.1433744Z   duration_ms: 1121.522668
2026-09-15T15:04:38.1433825Z   ...
2026-09-15T15:04:38.1434233Z # Subtest: actual restore review distinguishes assignments while retaining current and incoming history
2026-09-15T15:04:38.1434625Z ok 925 - actual restore review distinguishes assignments while retaining current and incoming history
2026-09-15T15:04:38.1434707Z   ---
2026-09-15T15:04:38.1434803Z   duration_ms: 907.508691
2026-09-15T15:04:38.1434880Z   ...
2026-09-15T15:04:38.1435252Z # Subtest: corrupt bundle, quota refusal, and stale writer keep exact prior storage and preview
2026-09-15T15:04:38.1435602Z ok 926 - corrupt bundle, quota refusal, and stale writer keep exact prior storage and preview
2026-09-15T15:04:38.1435687Z   ---
2026-09-15T15:04:38.1435779Z   duration_ms: 1537.171905
2026-09-15T15:04:38.1435862Z   ...
2026-09-15T15:04:38.1436359Z # Subtest: review binds the exact installed catalog, selected file and explicit assignment policy
2026-09-15T15:04:38.1436718Z ok 927 - review binds the exact installed catalog, selected file and explicit assignment policy
2026-09-15T15:04:38.1436802Z   ---
2026-09-15T15:04:38.1436897Z   duration_ms: 424.932987
2026-09-15T15:04:38.1436979Z   ...
2026-09-15T15:04:38.1437342Z # Subtest: cancelled late review and double commands cannot publish stale restore or download
2026-09-15T15:04:38.1437685Z ok 928 - cancelled late review and double commands cannot publish stale restore or download
2026-09-15T15:04:38.1437766Z   ---
2026-09-15T15:04:38.1437863Z   duration_ms: 390.065414
2026-09-15T15:04:38.1437945Z   ...
2026-09-15T15:04:38.1438393Z # Subtest: allocation-time cancellation and hidden lifecycle release prepared download without late artifacts
2026-09-15T15:04:38.1438820Z ok 929 - allocation-time cancellation and hidden lifecycle release prepared download without late artifacts
2026-09-15T15:04:38.1438903Z   ---
2026-09-15T15:04:38.1438999Z   duration_ms: 40.63836
2026-09-15T15:04:38.1439082Z   ...
2026-09-15T15:04:38.1439364Z # Subtest: shared v3 MP3 recovery is byte-identical after originals restore
2026-09-15T15:04:38.1439633Z ok 930 - shared v3 MP3 recovery is byte-identical after originals restore
2026-09-15T15:04:38.1439836Z   ---
2026-09-15T15:04:38.1439929Z   duration_ms: 385.694343
2026-09-15T15:04:38.1440010Z   ...
2026-09-15T15:04:38.1440509Z # Subtest: actual controller router reaches download/review/restore and held Confirm cannot apply the newly reviewed file
2026-09-15T15:04:38.1440999Z ok 931 - actual controller router reaches download/review/restore and held Confirm cannot apply the newly reviewed file
2026-09-15T15:04:38.1441077Z   ---
2026-09-15T15:04:38.1441174Z   duration_ms: 420.243726
2026-09-15T15:04:38.1441254Z   ...
2026-09-15T15:04:38.1441750Z # Subtest: native panel prepares original bytes, saves exact theme assignment, reloads and unassigns without losing history
2026-09-15T15:04:38.1442230Z ok 932 - native panel prepares original bytes, saves exact theme assignment, reloads and unassigns without losing history
2026-09-15T15:04:38.1442313Z   ---
2026-09-15T15:04:38.1442408Z   duration_ms: 392.188748
2026-09-15T15:04:38.1442486Z   ...
2026-09-15T15:04:38.1442870Z # Subtest: failed candidate decode or preview leaves the prior preview and saved assignment intact
2026-09-15T15:04:38.1443241Z ok 933 - failed candidate decode or preview leaves the prior preview and saved assignment intact
2026-09-15T15:04:38.1443319Z   ---
2026-09-15T15:04:38.1443416Z   duration_ms: 218.114498
2026-09-15T15:04:38.1443499Z   ...
2026-09-15T15:04:38.1444011Z # Subtest: double commands, cancellation and stale completion cannot save or overwrite a newer preview
2026-09-15T15:04:38.1444408Z ok 934 - double commands, cancellation and stale completion cannot save or overwrite a newer preview
2026-09-15T15:04:38.1444493Z   ---
2026-09-15T15:04:38.1444589Z   duration_ms: 144.944721
2026-09-15T15:04:38.1444665Z   ...
2026-09-15T15:04:38.1444990Z # Subtest: stale installed context and concurrent media writer refuse the whole save
2026-09-15T15:04:38.1445303Z ok 935 - stale installed context and concurrent media writer refuse the whole save
2026-09-15T15:04:38.1445382Z   ---
2026-09-15T15:04:38.1445477Z   duration_ms: 138.666732
2026-09-15T15:04:38.1445560Z   ...
2026-09-15T15:04:38.1446097Z # Subtest: context switching discards an unsaved binding and close restores focus without late publication
2026-09-15T15:04:38.1446502Z ok 936 - context switching discards an unsaved binding and close restores focus without late publication
2026-09-15T15:04:38.1446585Z   ---
2026-09-15T15:04:38.1446686Z   duration_ms: 17.744875
2026-09-15T15:04:38.1446762Z   ...
2026-09-15T15:04:38.1447314Z # Subtest: transaction refusal keeps the previous preview/draft and stored bytes; notification failure cannot erase a successful save
2026-09-15T15:04:38.1447854Z ok 937 - transaction refusal keeps the previous preview/draft and stored bytes; notification failure cannot erase a successful save
2026-09-15T15:04:38.1447937Z   ---
2026-09-15T15:04:38.1448029Z   duration_ms: 206.04177
2026-09-15T15:04:38.1448111Z   ...
2026-09-15T15:04:38.1448533Z # Subtest: existing keyboard/controller navigation edits native selects and Back closes only the workshop
2026-09-15T15:04:38.1448935Z ok 938 - existing keyboard/controller navigation edits native selects and Back closes only the workshop
2026-09-15T15:04:38.1449015Z   ---
2026-09-15T15:04:38.1449109Z   duration_ms: 34.584439
2026-09-15T15:04:38.1449190Z   ...
2026-09-15T15:04:38.1449653Z # Subtest: actual release allowlist ships the standalone still entry and exact existing runtime/content dependencies
2026-09-15T15:04:38.1450105Z ok 939 - actual release allowlist ships the standalone still entry and exact existing runtime/content dependencies
2026-09-15T15:04:38.1450187Z   ---
2026-09-15T15:04:38.1450278Z   duration_ms: 362.558628
2026-09-15T15:04:38.1450360Z   ...
2026-09-15T15:04:38.1450811Z # Subtest: built workshop 0.32.0 retains exact entry bytes in loose/ZIP/offline data and opens its generated channel
2026-09-15T15:04:38.1451243Z ok 940 - built workshop 0.32.0 retains exact entry bytes in loose/ZIP/offline data and opens its generated channel
2026-09-15T15:04:38.1451320Z   ---
2026-09-15T15:04:38.1451537Z   duration_ms: 639.447413
2026-09-15T15:04:38.1451620Z   ...
2026-09-15T15:04:38.1452067Z # Subtest: built workshop v0.32.0 retains exact entry bytes in loose/ZIP/offline data and opens its generated channel
2026-09-15T15:04:38.1452506Z ok 941 - built workshop v0.32.0 retains exact entry bytes in loose/ZIP/offline data and opens its generated channel
2026-09-15T15:04:38.1452593Z   ---
2026-09-15T15:04:38.1452683Z   duration_ms: 585.097143
2026-09-15T15:04:38.1452768Z   ...
2026-09-15T15:04:38.1453280Z # Subtest: Pages automatically gives the shipped workshop an immutable same-edition HTML route, preserving query and fragment
2026-09-15T15:04:38.1453775Z ok 942 - Pages automatically gives the shipped workshop an immutable same-edition HTML route, preserving query and fragment
2026-09-15T15:04:38.1453852Z   ---
2026-09-15T15:04:38.1453949Z   duration_ms: 419.53558
2026-09-15T15:04:38.1454031Z   ...
2026-09-15T15:04:38.1454536Z # Subtest: built poster/still links and teaching requests retain their edition and work from a prepared cache without a network
2026-09-15T15:04:38.1455035Z ok 943 - built poster/still links and teaching requests retain their edition and work from a prepared cache without a network
2026-09-15T15:04:38.1455121Z   ---
2026-09-15T15:04:38.1455217Z   duration_ms: 802.693385
2026-09-15T15:04:38.1455295Z   ...
2026-09-15T15:04:38.1455791Z # Subtest: descriptor digest uses complete canonical UTF-8 bytes, independent of object key order
2026-09-15T15:04:38.1456289Z ok 944 - descriptor digest uses complete canonical UTF-8 bytes, independent of object key order
2026-09-15T15:04:38.1456371Z   ---
2026-09-15T15:04:38.1456466Z   duration_ms: 9.334214
2026-09-15T15:04:38.1456548Z   ...
2026-09-15T15:04:38.1456890Z # Subtest: v1, absent binding and explicit null never infer a story from available history
2026-09-15T15:04:38.1457210Z ok 945 - v1, absent binding and explicit null never infer a story from available history
2026-09-15T15:04:38.1457291Z   ---
2026-09-15T15:04:38.1457389Z   duration_ms: 670.435516
2026-09-15T15:04:38.1457506Z   ...
2026-09-15T15:04:38.1457838Z # Subtest: a frozen story A resolves after current binding changes to B or explicit null
2026-09-15T15:04:38.1458154Z ok 946 - a frozen story A resolves after current binding changes to B or explicit null
2026-09-15T15:04:38.1458237Z   ---
2026-09-15T15:04:38.1458330Z   duration_ms: 1006.722836
2026-09-15T15:04:38.1458415Z   ...
2026-09-15T15:04:38.1458818Z # Subtest: bindings distinguish the complete historical poster even when revisions share image bytes
2026-09-15T15:04:38.1459197Z ok 947 - bindings distinguish the complete historical poster even when revisions share image bytes
2026-09-15T15:04:38.1459279Z   ---
2026-09-15T15:04:38.1459374Z   duration_ms: 910.915723
2026-09-15T15:04:38.1459450Z   ...
2026-09-15T15:04:38.1459886Z # Subtest: detached original stays pinned and unavailable; restoring exact availability changes no identity
2026-09-15T15:04:38.1460298Z ok 948 - detached original stays pinned and unavailable; restoring exact availability changes no identity
2026-09-15T15:04:38.1460383Z   ---
2026-09-15T15:04:38.1460473Z   duration_ms: 485.977919
2026-09-15T15:04:38.1460554Z   ...
2026-09-15T15:04:38.1460961Z # Subtest: structural story pins cannot authenticate foreign, Gentle-as-base, or changed poster owners
2026-09-15T15:04:38.1461360Z ok 949 - structural story pins cannot authenticate foreign, Gentle-as-base, or changed poster owners
2026-09-15T15:04:38.1461442Z   ---
2026-09-15T15:04:38.1461538Z   duration_ms: 1266.671475
2026-09-15T15:04:38.1461621Z   ...
2026-09-15T15:04:38.1461977Z # Subtest: strict pins and binding requests reject malformed, missing and duplicate authority
2026-09-15T15:04:38.1462328Z ok 950 - strict pins and binding requests reject malformed, missing and duplicate authority
2026-09-15T15:04:38.1462410Z   ---
2026-09-15T15:04:38.1462500Z   duration_ms: 591.273707
2026-09-15T15:04:38.1462581Z   ...
2026-09-15T15:04:38.1463001Z # Subtest: wrong descriptor digest and changed immutable source refuse despite structurally valid metadata
2026-09-15T15:04:38.1463529Z ok 951 - wrong descriptor digest and changed immutable source refuse despite structurally valid metadata
2026-09-15T15:04:38.1463609Z   ---
2026-09-15T15:04:38.1463704Z   duration_ms: 503.721195
2026-09-15T15:04:38.1463786Z   ...
2026-09-15T15:04:38.1464116Z # Subtest: selection and frozen resolution own caller input before asynchronous hashing
2026-09-15T15:04:38.1464433Z ok 952 - selection and frozen resolution own caller input before asynchronous hashing
2026-09-15T15:04:38.1464514Z   ---
2026-09-15T15:04:38.1464623Z   duration_ms: 331.987696
2026-09-15T15:04:38.1464708Z   ...
2026-09-15T15:04:38.1465052Z # Subtest: abort before and during real descriptor hashing rejects without changing inputs
2026-09-15T15:04:38.1465378Z ok 953 - abort before and during real descriptor hashing rejects without changing inputs
2026-09-15T15:04:38.1465454Z   ---
2026-09-15T15:04:38.1465552Z   duration_ms: 186.27382
2026-09-15T15:04:38.1465633Z   ...
2026-09-15T15:04:38.1466216Z # Subtest: v2 cannot downgrade or drop binding identities; explicit null retains history and consumes metadata budget
2026-09-15T15:04:38.1466668Z ok 954 - v2 cannot downgrade or drop binding identities; explicit null retains history and consumes metadata budget
2026-09-15T15:04:38.1466750Z   ---
2026-09-15T15:04:38.1466846Z   duration_ms: 613.953042
2026-09-15T15:04:38.1467035Z   ...
2026-09-15T15:04:38.1467570Z # Subtest: real A flight freezes before edit B; win records A before optional play, better B cannot replace earned Collection story
2026-09-15T15:04:38.1468077Z ok 955 - real A flight freezes before edit B; win records A before optional play, better B cannot replace earned Collection story
2026-09-15T15:04:38.1468155Z   ---
2026-09-15T15:04:38.1468253Z   duration_ms: 64526.016575
2026-09-15T15:04:38.1468334Z   ...
2026-09-15T15:04:38.1468791Z # Subtest: missing pinned movie leaves won exact poster and a finite restore message without reallocating or awarding
2026-09-15T15:04:38.1469228Z ok 956 - missing pinned movie leaves won exact poster and a finite restore message without reallocating or awarding
2026-09-15T15:04:38.1469314Z   ---
2026-09-15T15:04:38.1469409Z   duration_ms: 25349.345725
2026-09-15T15:04:38.1469486Z   ...
2026-09-15T15:04:38.1469904Z # Subtest: three importable teaching boards use exact original identities and registered manual equipment
2026-09-15T15:04:38.1470309Z ok 957 - three importable teaching boards use exact original identities and registered manual equipment
2026-09-15T15:04:38.1470390Z   ---
2026-09-15T15:04:38.1470481Z   duration_ms: 19.764401
2026-09-15T15:04:38.1470562Z   ...
2026-09-15T15:04:38.1470953Z # Subtest: all 20 legal traces verify exact replay and real saved-prefix continuations in both modes
2026-09-15T15:04:38.1471316Z ok 958 - all 20 legal traces verify exact replay and real saved-prefix continuations in both modes
2026-09-15T15:04:38.1471398Z   ---
2026-09-15T15:04:38.1471494Z   duration_ms: 5239.180787
2026-09-15T15:04:38.1471577Z   ...
2026-09-15T15:04:38.1471966Z # Subtest: Scout reveals information without changing capture or enemy speed; scan is not a win gate
2026-09-15T15:04:38.1472341Z ok 959 - Scout reveals information without changing capture or enemy speed; scan is not a win gate
2026-09-15T15:04:38.1472423Z   ---
2026-09-15T15:04:38.1472515Z   duration_ms: 7.654372
2026-09-15T15:04:38.1472598Z   ...
2026-09-15T15:04:38.1472970Z # Subtest: supply and field prevent a real cable loss while an ordinary longer detour still clears
2026-09-15T15:04:38.1473329Z ok 960 - supply and field prevent a real cable loss while an ordinary longer detour still clears
2026-09-15T15:04:38.1473406Z   ---
2026-09-15T15:04:38.1473500Z   duration_ms: 0.430013
2026-09-15T15:04:38.1473580Z   ...
2026-09-15T15:04:38.1473979Z # Subtest: Fiber has signal resistance but still loses an overlong cable; ordinary interference is real
2026-09-15T15:04:38.1474372Z ok 961 - Fiber has signal resistance but still loses an overlong cable; ordinary interference is real
2026-09-15T15:04:38.1474577Z   ---
2026-09-15T15:04:38.1474670Z   duration_ms: 0.31043
2026-09-15T15:04:38.1474754Z   ...
2026-09-15T15:04:38.1475141Z # Subtest: proof rejects changed source recipes, missing/duplicate routes and substituted identities
2026-09-15T15:04:38.1475513Z ok 962 - proof rejects changed source recipes, missing/duplicate routes and substituted identities
2026-09-15T15:04:38.1475591Z   ---
2026-09-15T15:04:38.1475688Z   duration_ms: 315.689609
2026-09-15T15:04:38.1475771Z   ...
2026-09-15T15:04:38.1476279Z # Subtest: proof refuses edited commands, fabricated verdicts and altered saved continuation evidence
2026-09-15T15:04:38.1476667Z ok 963 - proof refuses edited commands, fabricated verdicts and altered saved continuation evidence
2026-09-15T15:04:38.1476751Z   ---
2026-09-15T15:04:38.1476848Z   duration_ms: 650.227979
2026-09-15T15:04:38.1476926Z   ...
2026-09-15T15:04:38.1477339Z # Subtest: startup adopts persisted Large and a deliberate Standard change survives an actual app reload
2026-09-15T15:04:38.1477776Z ok 964 - startup adopts persisted Large and a deliberate Standard change survives an actual app reload
2026-09-15T15:04:38.1477858Z   ---
2026-09-15T15:04:38.1477955Z   duration_ms: 2696.768356
2026-09-15T15:04:38.1478038Z   ...
2026-09-15T15:04:38.1478596Z # Subtest: immediate: changing text size in Settings preserves the paused live cut and its recorded continuation
2026-09-15T15:04:38.1479028Z ok 965 - immediate: changing text size in Settings preserves the paused live cut and its recorded continuation
2026-09-15T15:04:38.1479113Z   ---
2026-09-15T15:04:38.1479210Z   duration_ms: 2881.119289
2026-09-15T15:04:38.1479288Z   ...
2026-09-15T15:04:38.1479748Z # Subtest: grid-center: changing text size in Settings preserves the paused live cut and its recorded continuation
2026-09-15T15:04:38.1480185Z ok 966 - grid-center: changing text size in Settings preserves the paused live cut and its recorded continuation
2026-09-15T15:04:38.1480272Z   ---
2026-09-15T15:04:38.1480366Z   duration_ms: 4793.772283
2026-09-15T15:04:38.1480452Z   ...
2026-09-15T15:04:38.1480929Z # Subtest: a failed preference write keeps the selected session size and old stored bytes until a later successful save
2026-09-15T15:04:38.1481385Z ok 967 - a failed preference write keeps the selected session size and old stored bytes until a later successful save
2026-09-15T15:04:38.1481473Z   ---
2026-09-15T15:04:38.1481573Z   duration_ms: 3131.528928
2026-09-15T15:04:38.1481650Z   ...
2026-09-15T15:04:38.1482092Z # Subtest: an unrelated host preference change applies the actual merged stored size before an explicit override
2026-09-15T15:04:38.1482521Z ok 968 - an unrelated host preference change applies the actual merged stored size before an explicit override
2026-09-15T15:04:38.1482605Z   ---
2026-09-15T15:04:38.1482695Z   duration_ms: 3171.237318
2026-09-15T15:04:38.1482777Z   ...
2026-09-15T15:04:38.1483228Z # Subtest: actual complete-backup import and Undo adopt text size while preserving the verified suspended flight
2026-09-15T15:04:38.1483659Z ok 969 - actual complete-backup import and Undo adopt text size while preserving the verified suspended flight
2026-09-15T15:04:38.1483742Z   ---
2026-09-15T15:04:38.1483841Z   duration_ms: 6592.424889
2026-09-15T15:04:38.1483926Z   ...
2026-09-15T15:04:38.1484550Z # Subtest: cardinal touch directions reject jitter and retain heading at diagonal boundaries
2026-09-15T15:04:38.1484937Z ok 970 - cardinal touch directions reject jitter and retain heading at diagonal boundaries
2026-09-15T15:04:38.1485090Z   ---
2026-09-15T15:04:38.1485306Z   duration_ms: 1.314003
2026-09-15T15:04:38.1485512Z   ...
2026-09-15T15:04:38.1486185Z # Subtest: floating stick starts where the finger lands, turns through four directions, releases capture
2026-09-15T15:04:38.1486625Z ok 971 - floating stick starts where the finger lands, turns through four directions, releases capture
2026-09-15T15:04:38.1486761Z   ---
2026-09-15T15:04:38.1486999Z   duration_ms: 2.229763
2026-09-15T15:04:38.1487150Z   ...
2026-09-15T15:04:38.1487757Z # Subtest: floating stick follows a drifting thumb and can reverse without returning to original contact
2026-09-15T15:04:38.1488301Z ok 972 - floating stick follows a drifting thumb and can reverse without returning to original contact
2026-09-15T15:04:38.1488522Z   ---
2026-09-15T15:04:38.1488665Z   duration_ms: 1.264712
2026-09-15T15:04:38.1488823Z   ...
2026-09-15T15:04:38.1496892Z # Subtest: swipe uses recent travel so a short reverse flick turns immediately
2026-09-15T15:04:38.1497248Z ok 973 - swipe uses recent travel so a short reverse flick turns immediately
2026-09-15T15:04:38.1497337Z   ---
2026-09-15T15:04:38.1497438Z   duration_ms: 0.477521
2026-09-15T15:04:38.1497518Z   ...
2026-09-15T15:04:38.1497847Z # Subtest: sliding D-pad fills gaps and accepts direction changes without lifting
2026-09-15T15:04:38.1498159Z ok 974 - sliding D-pad fills gaps and accepts direction changes without lifting
2026-09-15T15:04:38.1498244Z   ---
2026-09-15T15:04:38.1498337Z   duration_ms: 0.591194
2026-09-15T15:04:38.1498426Z   ...
2026-09-15T15:04:38.1498692Z # Subtest: D-pad mode does not intercept board touches or scrolling
2026-09-15T15:04:38.1498932Z ok 975 - D-pad mode does not intercept board touches or scrolling
2026-09-15T15:04:38.1499016Z   ---
2026-09-15T15:04:38.1499112Z   duration_ms: 0.3482
2026-09-15T15:04:38.1499193Z   ...
2026-09-15T15:04:38.1499606Z # Subtest: one steering finger cannot be stolen by a second finger
2026-09-15T15:04:38.1499852Z ok 976 - one steering finger cannot be stolen by a second finger
2026-09-15T15:04:38.1499934Z   ---
2026-09-15T15:04:38.1500026Z   duration_ms: 0.37473
2026-09-15T15:04:38.1500108Z   ...
2026-09-15T15:04:38.1500396Z # Subtest: pointercancel ends steering; stale moves cannot turn the craft
2026-09-15T15:04:38.1500660Z ok 977 - pointercancel ends steering; stale moves cannot turn the craft
2026-09-15T15:04:38.1500743Z   ---
2026-09-15T15:04:38.1500840Z   duration_ms: 0.363158
2026-09-15T15:04:38.1500921Z   ...
2026-09-15T15:04:38.1501231Z # Subtest: lostpointercapture ends steering; stale moves cannot turn the craft
2026-09-15T15:04:38.1501532Z ok 978 - lostpointercapture ends steering; stale moves cannot turn the craft
2026-09-15T15:04:38.1501615Z   ---
2026-09-15T15:04:38.1501703Z   duration_ms: 0.38582
2026-09-15T15:04:38.1501784Z   ...
2026-09-15T15:04:38.1502004Z # Subtest: pause and modality reset require a new gesture
2026-09-15T15:04:38.1502202Z ok 979 - pause and modality reset require a new gesture
2026-09-15T15:04:38.1502283Z   ---
2026-09-15T15:04:38.1502377Z   duration_ms: 0.52476
2026-09-15T15:04:38.1502458Z   ...
2026-09-15T15:04:38.1502774Z # Subtest: mouse can use the visible stick but does not capture ordinary board clicks
2026-09-15T15:04:38.1503074Z ok 980 - mouse can use the visible stick but does not capture ordinary board clicks
2026-09-15T15:04:38.1503157Z   ---
2026-09-15T15:04:38.1503248Z   duration_ms: 0.500013
2026-09-15T15:04:38.1503327Z   ...
2026-09-15T15:04:38.1503761Z # Subtest: touch preferences survive export/import; old libraries migrate without losing other preferences
2026-09-15T15:04:38.1504176Z ok 981 - touch preferences survive export/import; old libraries migrate without losing other preferences
2026-09-15T15:04:38.1504253Z   ---
2026-09-15T15:04:38.1504348Z   duration_ms: 2.732782
2026-09-15T15:04:38.1504431Z   ...
2026-09-15T15:04:38.1504865Z # Subtest: seven selected originals and wing recipes are exact; historical presets and FPV set remain intact
2026-09-15T15:04:38.1505285Z ok 982 - seven selected originals and wing recipes are exact; historical presets and FPV set remain intact
2026-09-15T15:04:38.1505369Z   ---
2026-09-15T15:04:38.1505470Z   duration_ms: 18.253812
2026-09-15T15:04:38.1505547Z   ...
2026-09-15T15:04:38.1505942Z # Subtest: complete Ukraine guard owns its input and preserves custom maps and FPV recommendations
2026-09-15T15:04:38.1506459Z ok 983 - complete Ukraine guard owns its input and preserves custom maps and FPV recommendations
2026-09-15T15:04:38.1506538Z   ---
2026-09-15T15:04:38.1506766Z   duration_ms: 9.778868
2026-09-15T15:04:38.1506849Z   ...
2026-09-15T15:04:38.1507279Z # Subtest: new availability is cosmetic and manual old/new IDs round-trip without granting progress rewards
2026-09-15T15:04:38.1507691Z ok 984 - new availability is cosmetic and manual old/new IDs round-trip without granting progress rewards
2026-09-15T15:04:38.1507775Z   ---
2026-09-15T15:04:38.1507876Z   duration_ms: 14.904408
2026-09-15T15:04:38.1507953Z   ...
2026-09-15T15:04:38.1508434Z # Subtest: strict wing admission rejects unsupported fields, false identities, misplaced roots and oversized envelopes
2026-09-15T15:04:38.1508889Z ok 985 - strict wing admission rejects unsupported fields, false identities, misplaced roots and oversized envelopes
2026-09-15T15:04:38.1508967Z   ---
2026-09-15T15:04:38.1509063Z   duration_ms: 50.971339
2026-09-15T15:04:38.1509144Z   ...
2026-09-15T15:04:38.1509582Z # Subtest: existing size helper and wing clocks preserve loaded-only compact sizing, pause and reduced motion
2026-09-15T15:04:38.1510007Z ok 986 - existing size helper and wing clocks preserve loaded-only compact sizing, pause and reduced motion
2026-09-15T15:04:38.1510089Z   ---
2026-09-15T15:04:38.1510187Z   duration_ms: 1.411094
2026-09-15T15:04:38.1510264Z   ...
2026-09-15T15:04:38.1510810Z # Subtest: actual painter resolves every selected original and keeps explicit replacement and neutral fallback
2026-09-15T15:04:38.1511239Z ok 987 - actual painter resolves every selected original and keeps explicit replacement and neutral fallback
2026-09-15T15:04:38.1511323Z   ---
2026-09-15T15:04:38.1511415Z   duration_ms: 2.305455
2026-09-15T15:04:38.1511496Z   ...
2026-09-15T15:04:38.1511889Z # Subtest: inspection owns original MP4 bytes and hashes, ignores MIME/getters, never plays or stores
2026-09-15T15:04:38.1512260Z ok 988 - inspection owns original MP4 bytes and hashes, ignores MIME/getters, never plays or stores
2026-09-15T15:04:38.1512344Z   ---
2026-09-15T15:04:38.1512442Z   duration_ms: 14.986862
2026-09-15T15:04:38.1512526Z   ...
2026-09-15T15:04:38.1512835Z # Subtest: bounded EBML DocType screening admits WebM only after browser metadata
2026-09-15T15:04:38.1513128Z ok 989 - bounded EBML DocType screening admits WebM only after browser metadata
2026-09-15T15:04:38.1513212Z   ---
2026-09-15T15:04:38.1513302Z   duration_ms: 1.477258
2026-09-15T15:04:38.1513384Z   ...
2026-09-15T15:04:38.1513685Z # Subtest: invalid container and oversized source fail before media allocation
2026-09-15T15:04:38.1513963Z ok 990 - invalid container and oversized source fail before media allocation
2026-09-15T15:04:38.1514047Z   ---
2026-09-15T15:04:38.1514142Z   duration_ms: 13.378269
2026-09-15T15:04:38.1514228Z   ...
2026-09-15T15:04:38.1514480Z # Subtest: inspection rejects unbounded duration without truncation
2026-09-15T15:04:38.1514731Z ok 991 - inspection rejects unbounded duration without truncation
2026-09-15T15:04:38.1514817Z   ---
2026-09-15T15:04:38.1514908Z   duration_ms: 2.335731
2026-09-15T15:04:38.1514988Z   ...
2026-09-15T15:04:38.1515214Z # Subtest: inspection rejects long clip without truncation
2026-09-15T15:04:38.1515422Z ok 992 - inspection rejects long clip without truncation
2026-09-15T15:04:38.1515504Z   ---
2026-09-15T15:04:38.1515600Z   duration_ms: 1.787477
2026-09-15T15:04:38.1515682Z   ...
2026-09-15T15:04:38.1515908Z # Subtest: inspection rejects audio-only without truncation
2026-09-15T15:04:38.1516246Z ok 993 - inspection rejects audio-only without truncation
2026-09-15T15:04:38.1516331Z   ---
2026-09-15T15:04:38.1516422Z   duration_ms: 1.395846
2026-09-15T15:04:38.1516501Z   ...
2026-09-15T15:04:38.1516758Z # Subtest: inspection rejects oversized picture without truncation
2026-09-15T15:04:38.1516992Z ok 994 - inspection rejects oversized picture without truncation
2026-09-15T15:04:38.1517073Z   ---
2026-09-15T15:04:38.1517167Z   duration_ms: 1.446331
2026-09-15T15:04:38.1517247Z   ...
2026-09-15T15:04:38.1517537Z # Subtest: browser codec error is explicit and removes owned source/listeners
2026-09-15T15:04:38.1517941Z ok 995 - browser codec error is explicit and removes owned source/listeners
2026-09-15T15:04:38.1518022Z   ---
2026-09-15T15:04:38.1518112Z   duration_ms: 1.829255
2026-09-15T15:04:38.1518193Z   ...
2026-09-15T15:04:38.1518578Z # Subtest: rVFC captures inside callback with observed time distinct from requested/currentTime
2026-09-15T15:04:38.1518944Z ok 996 - rVFC captures inside callback with observed time distinct from requested/currentTime
2026-09-15T15:04:38.1519022Z   ---
2026-09-15T15:04:38.1519117Z   duration_ms: 8.169266
2026-09-15T15:04:38.1519198Z   ...
2026-09-15T15:04:38.1519579Z # Subtest: initial frame at zero can arrive before metadata promise resumes without seeking or play
2026-09-15T15:04:38.1519947Z ok 997 - initial frame at zero can arrive before metadata promise resumes without seeking or play
2026-09-15T15:04:38.1520029Z   ---
2026-09-15T15:04:38.1520124Z   duration_ms: 3.506647
2026-09-15T15:04:38.1520200Z   ...
2026-09-15T15:04:38.1520615Z # Subtest: non-rVFC fallback saves exact PNG but records unavailable frame time and approximate playhead
2026-09-15T15:04:38.1521011Z ok 998 - non-rVFC fallback saves exact PNG but records unavailable frame time and approximate playhead
2026-09-15T15:04:38.1521088Z   ---
2026-09-15T15:04:38.1521191Z   duration_ms: 4.345651
2026-09-15T15:04:38.1521271Z   ...
2026-09-15T15:04:38.1521742Z # Subtest: video display aspect and complete pixels survive differing decoded sample dimensions
2026-09-15T15:04:38.1522137Z ok 999 - video display aspect and complete pixels survive differing decoded sample dimensions
2026-09-15T15:04:38.1522220Z   ---
2026-09-15T15:04:38.1522318Z   duration_ms: 2.355438
2026-09-15T15:04:38.1522397Z   ...
2026-09-15T15:04:38.1522748Z # Subtest: invalid requested times and metadata getters allocate no capture decoder
2026-09-15T15:04:38.1523077Z ok 1000 - invalid requested times and metadata getters allocate no capture decoder
2026-09-15T15:04:38.1523156Z   ---
2026-09-15T15:04:38.1523253Z   duration_ms: 1.539775
2026-09-15T15:04:38.1523338Z   ...
2026-09-15T15:04:38.1523710Z # Subtest: seek gaps reject requested frame rather than clamp or publish a staged initial frame
2026-09-15T15:04:38.1524064Z ok 1001 - seek gaps reject requested frame rather than clamp or publish a staged initial frame
2026-09-15T15:04:38.1524149Z   ---
2026-09-15T15:04:38.1524243Z   duration_ms: 3.098856
2026-09-15T15:04:38.1524322Z   ...
2026-09-15T15:04:38.1524663Z # Subtest: late seek ranges can become ready; missing ranges time out without guessed seek
2026-09-15T15:04:38.1524990Z ok 1002 - late seek ranges can become ready; missing ranges time out without guessed seek
2026-09-15T15:04:38.1525067Z   ---
2026-09-15T15:04:38.1525162Z   duration_ms: 3.377366
2026-09-15T15:04:38.1525242Z   ...
2026-09-15T15:04:38.1525432Z # Subtest: a rejected native seek remains explicit
2026-09-15T15:04:38.1525610Z ok 1003 - a rejected native seek remains explicit
2026-09-15T15:04:38.1525692Z   ---
2026-09-15T15:04:38.1525786Z   duration_ms: 3.808984
2026-09-15T15:04:38.1525862Z   ...
2026-09-15T15:04:38.1526426Z # Subtest: new capture cancels old metadata work; stale ready callbacks cannot adopt late pixels
2026-09-15T15:04:38.1526799Z ok 1004 - new capture cancels old metadata work; stale ready callbacks cannot adopt late pixels
2026-09-15T15:04:38.1526885Z   ---
2026-09-15T15:04:38.1526976Z   duration_ms: 2.869848
2026-09-15T15:04:38.1527064Z   ...
2026-09-15T15:04:38.1527381Z # Subtest: cancelled seek/frame callbacks never affect the new independent decoder
2026-09-15T15:04:38.1527693Z ok 1005 - cancelled seek/frame callbacks never affect the new independent decoder
2026-09-15T15:04:38.1527782Z   ---
2026-09-15T15:04:38.1527883Z   duration_ms: 6.311442
2026-09-15T15:04:38.1527958Z   ...
2026-09-15T15:04:38.1528322Z # Subtest: queued initial-frame callback is invalidated before nonzero seek even after seeked
2026-09-15T15:04:38.1528675Z ok 1006 - queued initial-frame callback is invalidated before nonzero seek even after seeked
2026-09-15T15:04:38.1528756Z   ---
2026-09-15T15:04:38.1528976Z   duration_ms: 2.383891
2026-09-15T15:04:38.1529058Z   ...
2026-09-15T15:04:38.1529368Z # Subtest: dispose cancels pending PNG export and ignores a late encoder result
2026-09-15T15:04:38.1529656Z ok 1007 - dispose cancels pending PNG export and ignores a late encoder result
2026-09-15T15:04:38.1529739Z   ---
2026-09-15T15:04:38.1529834Z   duration_ms: 1.918582
2026-09-15T15:04:38.1529910Z   ...
2026-09-15T15:04:38.1530273Z # Subtest: new capture aborts native still decode signal and late decoder completion cannot win
2026-09-15T15:04:38.1530628Z ok 1008 - new capture aborts native still decode signal and late decoder completion cannot win
2026-09-15T15:04:38.1530709Z   ---
2026-09-15T15:04:38.1530797Z   duration_ms: 6.655556
2026-09-15T15:04:38.1530877Z   ...
2026-09-15T15:04:38.1531215Z # Subtest: external cancellation at metadata and seek boundaries releases owned decoders
2026-09-15T15:04:38.1531534Z ok 1009 - external cancellation at metadata and seek boundaries releases owned decoders
2026-09-15T15:04:38.1531618Z   ---
2026-09-15T15:04:38.1531711Z   duration_ms: 1.739288
2026-09-15T15:04:38.1531791Z   ...
2026-09-15T15:04:38.1532143Z # Subtest: metadata and frame timeouts are explicit and remove callback/listener/URL ownership
2026-09-15T15:04:38.1532484Z ok 1010 - metadata and frame timeouts are explicit and remove callback/listener/URL ownership
2026-09-15T15:04:38.1532675Z   ---
2026-09-15T15:04:38.1532768Z   duration_ms: 1.509308
2026-09-15T15:04:38.1532849Z   ...
2026-09-15T15:04:38.1533181Z # Subtest: PNG null result preserves an explicit failure and leaves no capture resources
2026-09-15T15:04:38.1533499Z ok 1011 - PNG null result preserves an explicit failure and leaves no capture resources
2026-09-15T15:04:38.1533577Z   ---
2026-09-15T15:04:38.1533668Z   duration_ms: 1.643499
2026-09-15T15:04:38.1533749Z   ...
2026-09-15T15:04:38.1534085Z # Subtest: PNG encoder throw preserves an explicit failure and leaves no capture resources
2026-09-15T15:04:38.1534415Z ok 1012 - PNG encoder throw preserves an explicit failure and leaves no capture resources
2026-09-15T15:04:38.1534500Z   ---
2026-09-15T15:04:38.1534592Z   duration_ms: 1.607681
2026-09-15T15:04:38.1534673Z   ...
2026-09-15T15:04:38.1535034Z # Subtest: canvas security error preserves an explicit failure and leaves no capture resources
2026-09-15T15:04:38.1535387Z ok 1013 - canvas security error preserves an explicit failure and leaves no capture resources
2026-09-15T15:04:38.1535465Z   ---
2026-09-15T15:04:38.1535558Z   duration_ms: 2.351
2026-09-15T15:04:38.1535638Z   ...
2026-09-15T15:04:38.1536102Z # Subtest: missing 2D context preserves an explicit failure and leaves no capture resources
2026-09-15T15:04:38.1536442Z ok 1014 - missing 2D context preserves an explicit failure and leaves no capture resources
2026-09-15T15:04:38.1536524Z   ---
2026-09-15T15:04:38.1536617Z   duration_ms: 3.253364
2026-09-15T15:04:38.1536693Z   ...
2026-09-15T15:04:38.1537060Z # Subtest: corrupt exported bytes preserves an explicit failure and leaves no capture resources
2026-09-15T15:04:38.1537418Z ok 1015 - corrupt exported bytes preserves an explicit failure and leaves no capture resources
2026-09-15T15:04:38.1537496Z   ---
2026-09-15T15:04:38.1537591Z   duration_ms: 3.77047
2026-09-15T15:04:38.1537672Z   ...
2026-09-15T15:04:38.1538055Z # Subtest: wrong exported dimensions preserves an explicit failure and leaves no capture resources
2026-09-15T15:04:38.1538426Z ok 1016 - wrong exported dimensions preserves an explicit failure and leaves no capture resources
2026-09-15T15:04:38.1538508Z   ---
2026-09-15T15:04:38.1538602Z   duration_ms: 1.701527
2026-09-15T15:04:38.1538678Z   ...
2026-09-15T15:04:38.1539038Z # Subtest: still decoder failure preserves an explicit failure and leaves no capture resources
2026-09-15T15:04:38.1539384Z ok 1017 - still decoder failure preserves an explicit failure and leaves no capture resources
2026-09-15T15:04:38.1539462Z   ---
2026-09-15T15:04:38.1539557Z   duration_ms: 2.750366
2026-09-15T15:04:38.1539636Z   ...
2026-09-15T15:04:38.1540097Z # Subtest: PNG byte budget rejects before still decoder even when media frame was accepted
2026-09-15T15:04:38.1540418Z ok 1018 - PNG byte budget rejects before still decoder even when media frame was accepted
2026-09-15T15:04:38.1540498Z   ---
2026-09-15T15:04:38.1540589Z   duration_ms: 2.866532
2026-09-15T15:04:38.1540665Z   ...
2026-09-15T15:04:38.1540980Z # Subtest: timeout during PNG encoding ignores a late callback and frees the source
2026-09-15T15:04:38.1541284Z ok 1019 - timeout during PNG encoding ignores a late callback and frees the source
2026-09-15T15:04:38.1541365Z   ---
2026-09-15T15:04:38.1541453Z   duration_ms: 1.534044
2026-09-15T15:04:38.1541532Z   ...
2026-09-15T15:04:38.1541883Z # Subtest: timeout during still decode aborts its capability and never publishes a late asset
2026-09-15T15:04:38.1542223Z ok 1020 - timeout during still decode aborts its capability and never publishes a late asset
2026-09-15T15:04:38.1542302Z   ---
2026-09-15T15:04:38.1542394Z   duration_ms: 2.034368
2026-09-15T15:04:38.1542473Z   ...
2026-09-15T15:04:38.1542794Z # Subtest: pre-aborted inspection and synchronous source failure leave no live URLs
2026-09-15T15:04:38.1543101Z ok 1021 - pre-aborted inspection and synchronous source failure leave no live URLs
2026-09-15T15:04:38.1543187Z   ---
2026-09-15T15:04:38.1543275Z   duration_ms: 0.660924
2026-09-15T15:04:38.1543462Z   ...
2026-09-15T15:04:38.1543834Z # Subtest: repeated selection of the same time captures independently and leaves prior PNG exact
2026-09-15T15:04:38.1544197Z ok 1022 - repeated selection of the same time captures independently and leaves prior PNG exact
2026-09-15T15:04:38.1544278Z   ---
2026-09-15T15:04:38.1544374Z   duration_ms: 2.969975
2026-09-15T15:04:38.1544450Z   ...
2026-09-15T15:04:38.1544854Z # Subtest: changed decoded metadata and invalid callback timestamps fail instead of minting provenance
2026-09-15T15:04:38.1545243Z ok 1023 - changed decoded metadata and invalid callback timestamps fail instead of minting provenance
2026-09-15T15:04:38.1545323Z   ---
2026-09-15T15:04:38.1545415Z   duration_ms: 1.483129
2026-09-15T15:04:38.1545495Z   ...
2026-09-15T15:04:38.1545887Z # Subtest: late browser metadata revisions reject before drawing a poster with mismatched source facts
2026-09-15T15:04:38.1546408Z ok 1024 - late browser metadata revisions reject before drawing a poster with mismatched source facts
2026-09-15T15:04:38.1546491Z   ---
2026-09-15T15:04:38.1546585Z   duration_ms: 3.010841
2026-09-15T15:04:38.1546662Z   ...
2026-09-15T15:04:38.1547055Z # Subtest: illustrations preserve all nonvisual pack content and exact selected original PNG bytes
2026-09-15T15:04:38.1547432Z ok 1025 - illustrations preserve all nonvisual pack content and exact selected original PNG bytes
2026-09-15T15:04:38.1547510Z   ---
2026-09-15T15:04:38.1547607Z   duration_ms: 10.003037
2026-09-15T15:04:38.1547689Z   ...
2026-09-15T15:04:38.1548153Z # Subtest: campaign, normalized maps, all recipes, both steering policies and switched board identities are unchanged
2026-09-15T15:04:38.1548601Z ok 1026 - campaign, normalized maps, all recipes, both steering policies and switched board identities are unchanged
2026-09-15T15:04:38.1548684Z   ---
2026-09-15T15:04:38.1548781Z   duration_ms: 285.784178
2026-09-15T15:04:38.1548860Z   ...
2026-09-15T15:04:38.1549365Z # Subtest: workshop-01/immediate: old legal live cut restores and finishes with the same checkpoint under illustrated content
2026-09-15T15:04:38.1549852Z ok 1027 - workshop-01/immediate: old legal live cut restores and finishes with the same checkpoint under illustrated content
2026-09-15T15:04:38.1549933Z   ---
2026-09-15T15:04:38.1550025Z   duration_ms: 898.980702
2026-09-15T15:04:38.1550107Z   ...
2026-09-15T15:04:38.1550611Z # Subtest: workshop-01/grid-center: old legal live cut restores and finishes with the same checkpoint under illustrated content
2026-09-15T15:04:38.1551100Z ok 1028 - workshop-01/grid-center: old legal live cut restores and finishes with the same checkpoint under illustrated content
2026-09-15T15:04:38.1551303Z   ---
2026-09-15T15:04:38.1551399Z   duration_ms: 426.728176
2026-09-15T15:04:38.1551477Z   ...
2026-09-15T15:04:38.1551960Z # Subtest: workshop-02/immediate: old legal live cut restores and finishes with the same checkpoint under illustrated content
2026-09-15T15:04:38.1552450Z ok 1029 - workshop-02/immediate: old legal live cut restores and finishes with the same checkpoint under illustrated content
2026-09-15T15:04:38.1552532Z   ---
2026-09-15T15:04:38.1552621Z   duration_ms: 327.080753
2026-09-15T15:04:38.1552703Z   ...
2026-09-15T15:04:38.1553200Z # Subtest: workshop-02/grid-center: old legal live cut restores and finishes with the same checkpoint under illustrated content
2026-09-15T15:04:38.1553689Z ok 1030 - workshop-02/grid-center: old legal live cut restores and finishes with the same checkpoint under illustrated content
2026-09-15T15:04:38.1553766Z   ---
2026-09-15T15:04:38.1553860Z   duration_ms: 312.52772
2026-09-15T15:04:38.1553941Z   ...
2026-09-15T15:04:38.1554427Z # Subtest: workshop-03/immediate: old legal live cut restores and finishes with the same checkpoint under illustrated content
2026-09-15T15:04:38.1554904Z ok 1031 - workshop-03/immediate: old legal live cut restores and finishes with the same checkpoint under illustrated content
2026-09-15T15:04:38.1554986Z   ---
2026-09-15T15:04:38.1555240Z   duration_ms: 146.745311
2026-09-15T15:04:38.1555323Z   ...
2026-09-15T15:04:38.1555828Z # Subtest: workshop-03/grid-center: old legal live cut restores and finishes with the same checkpoint under illustrated content
2026-09-15T15:04:38.1556435Z ok 1032 - workshop-03/grid-center: old legal live cut restores and finishes with the same checkpoint under illustrated content
2026-09-15T15:04:38.1556515Z   ---
2026-09-15T15:04:38.1556611Z   duration_ms: 163.4994
2026-09-15T15:04:38.1556693Z   ...
2026-09-15T15:04:38.1557144Z # Subtest: same-ID install, replacement, removal and reinstall preserve collected records and current seal labels
2026-09-15T15:04:38.1557574Z ok 1033 - same-ID install, replacement, removal and reinstall preserve collected records and current seal labels
2026-09-15T15:04:38.1557659Z   ---
2026-09-15T15:04:38.1557757Z   duration_ms: 8508.223872
2026-09-15T15:04:38.1557834Z   ...
2026-09-15T15:04:38.1558282Z # Subtest: complete illustrated backup retains source images, old scores/seals and suspended flight (immediate)
2026-09-15T15:04:38.1558716Z ok 1034 - complete illustrated backup retains source images, old scores/seals and suspended flight (immediate)
2026-09-15T15:04:38.1558798Z   ---
2026-09-15T15:04:38.1558889Z   duration_ms: 6336.726891
2026-09-15T15:04:38.1558970Z   ...
2026-09-15T15:04:38.1559417Z # Subtest: complete illustrated backup retains source images, old scores/seals and suspended flight (grid-center)
2026-09-15T15:04:38.1559850Z ok 1035 - complete illustrated backup retains source images, old scores/seals and suspended flight (grid-center)
2026-09-15T15:04:38.1559930Z   ---
2026-09-15T15:04:38.1560026Z   duration_ms: 6254.313912
2026-09-15T15:04:38.1560111Z   ...
2026-09-15T15:04:38.1560560Z # Subtest: corrupt headers and failing decoders reject replacement before adoption and keep the old library intact
2026-09-15T15:04:38.1561000Z ok 1036 - corrupt headers and failing decoders reject replacement before adoption and keep the old library intact
2026-09-15T15:04:38.1561081Z   ---
2026-09-15T15:04:38.1561174Z   duration_ms: 3692.313271
2026-09-15T15:04:38.1561258Z   ...
2026-09-15T15:04:38.1561739Z # Subtest: journal failure restores previous bytes; explicit illustrated import and Undo retain the same old collection
2026-09-15T15:04:38.1562205Z ok 1037 - journal failure restores previous bytes; explicit illustrated import and Undo retain the same old collection
2026-09-15T15:04:38.1562283Z   ---
2026-09-15T15:04:38.1562378Z   duration_ms: 3684.420866
2026-09-15T15:04:38.1562459Z   ...
2026-09-15T15:04:38.1563076Z # Subtest: public fixture generator emits six proven sessions/scenarios and a legally completed procedural backup without overwriting arbitrary files
2026-09-15T15:04:38.1563800Z ok 1038 - public fixture generator emits six proven sessions/scenarios and a legally completed procedural backup without overwriting arbitrary files
2026-09-15T15:04:38.1563884Z   ---
2026-09-15T15:04:38.1563984Z   duration_ms: 13597.098206
2026-09-15T15:04:38.1564061Z   ...
2026-09-15T15:04:38.1564563Z # Subtest: historical nine packs retain their budget boundary; optional pressure chapters preserve the same bounded library
2026-09-15T15:04:38.1565050Z ok 1039 - historical nine packs retain their budget boundary; optional pressure chapters preserve the same bounded library
2026-09-15T15:04:38.1565127Z   ---
2026-09-15T15:04:38.1565227Z   duration_ms: 118014.179898
2026-09-15T15:04:38.1565309Z   ...
2026-09-15T15:04:38.1565657Z # Subtest: fixed custom origin enables standard secure storage without privilege bypasses
2026-09-15T15:04:38.1566150Z ok 1040 - fixed custom origin enables standard secure storage without privilege bypasses
2026-09-15T15:04:38.1566240Z   ---
2026-09-15T15:04:38.1566341Z   duration_ms: 1.904055
2026-09-15T15:04:38.1566421Z   ...
2026-09-15T15:04:38.1566732Z # Subtest: routes retain local directory semantics and queries without redirects
2026-09-15T15:04:38.1567031Z ok 1041 - routes retain local directory semantics and queries without redirects
2026-09-15T15:04:38.1567109Z   ---
2026-09-15T15:04:38.1567318Z   duration_ms: 0.782441
2026-09-15T15:04:38.1567405Z   ...
2026-09-15T15:04:38.1567792Z # Subtest: raw traversal, encoded separators, credentials, ports and lookalike origins are denied
2026-09-15T15:04:38.1568157Z ok 1042 - raw traversal, encoded separators, credentials, ports and lookalike origins are denied
2026-09-15T15:04:38.1568240Z   ---
2026-09-15T15:04:38.1568334Z   duration_ms: 0.553533
2026-09-15T15:04:38.1568411Z   ...
2026-09-15T15:04:38.1568773Z # Subtest: HTML navigation is restricted to inventoried pages, including local preview targets
2026-09-15T15:04:38.1569123Z ok 1043 - HTML navigation is restricted to inventoried pages, including local preview targets
2026-09-15T15:04:38.1569210Z   ---
2026-09-15T15:04:38.1569299Z   duration_ms: 0.464788
2026-09-15T15:04:38.1569382Z   ...
2026-09-15T15:04:38.1569772Z # Subtest: network policy admits local assets and bounded media schemes, never remote/file resources
2026-09-15T15:04:38.1570148Z ok 1044 - network policy admits local assets and bounded media schemes, never remote/file resources
2026-09-15T15:04:38.1570231Z   ---
2026-09-15T15:04:38.1570325Z   duration_ms: 0.823177
2026-09-15T15:04:38.1570402Z   ...
2026-09-15T15:04:38.1570702Z # Subtest: storage identity stays stable while install paths and versions move
2026-09-15T15:04:38.1570991Z ok 1045 - storage identity stays stable while install paths and versions move
2026-09-15T15:04:38.1571072Z   ---
2026-09-15T15:04:38.1571162Z   duration_ms: 1.348598
2026-09-15T15:04:38.1571243Z   ...
2026-09-15T15:04:38.1571629Z # Subtest: only user-initiated same-window local JSON or ZIP exports reach the native save dialog
2026-09-15T15:04:38.1571995Z ok 1046 - only user-initiated same-window local JSON or ZIP exports reach the native save dialog
2026-09-15T15:04:38.1572078Z   ---
2026-09-15T15:04:38.1572174Z   duration_ms: 0.971965
2026-09-15T15:04:38.1572256Z   ...
2026-09-15T15:04:38.1572614Z # Subtest: capability detection reports absent native APIs without certifying browser parity
2026-09-15T15:04:38.1572969Z ok 1047 - capability detection reports absent native APIs without certifying browser parity
2026-09-15T15:04:38.1573052Z   ---
2026-09-15T15:04:38.1573144Z   duration_ms: 2.149604
2026-09-15T15:04:38.1573226Z   ...
2026-09-15T15:04:38.1573597Z # Subtest: scratch probes are explicit, clean their own keys and reject unavailable locks/storage
2026-09-15T15:04:38.1573955Z ok 1048 - scratch probes are explicit, clean their own keys and reject unavailable locks/storage
2026-09-15T15:04:38.1574031Z   ---
2026-09-15T15:04:38.1574124Z   duration_ms: 2.701715
2026-09-15T15:04:38.1574206Z   ...
2026-09-15T15:04:38.1574520Z # Subtest: lock probe verifies exclusion and release, rather than just API presence
2026-09-15T15:04:38.1574946Z ok 1049 - lock probe verifies exclusion and release, rather than just API presence
2026-09-15T15:04:38.1575028Z   ---
2026-09-15T15:04:38.1575117Z   duration_ms: 2.200199
2026-09-15T15:04:38.1575199Z   ...
2026-09-15T15:04:38.1575528Z # Subtest: saved actual four-format set verifies exact bytes without changing any file
2026-09-15T15:04:38.1575843Z ok 1050 - saved actual four-format set verifies exact bytes without changing any file
2026-09-15T15:04:38.1575920Z   ---
2026-09-15T15:04:38.1576154Z   duration_ms: 377.717251
2026-09-15T15:04:38.1576239Z   ...
2026-09-15T15:04:38.1576591Z # Subtest: explicit component directory works when the coverage report is stored elsewhere
2026-09-15T15:04:38.1576930Z ok 1051 - explicit component directory works when the coverage report is stored elsewhere
2026-09-15T15:04:38.1577013Z   ---
2026-09-15T15:04:38.1577108Z   duration_ms: 287.991488
2026-09-15T15:04:38.1577185Z   ...
2026-09-15T15:04:38.1577421Z # Subtest: one missing component invalidates the complete set
2026-09-15T15:04:38.1577685Z ok 1052 - one missing component invalidates the complete set
2026-09-15T15:04:38.1577764Z   ---
2026-09-15T15:04:38.1577860Z   duration_ms: 144.029716
2026-09-15T15:04:38.1577941Z   ...
2026-09-15T15:04:38.1578308Z # Subtest: one changed-bytes component invalidates the complete set
2026-09-15T15:04:38.1578560Z ok 1053 - one changed-bytes component invalidates the complete set
2026-09-15T15:04:38.1578644Z   ---
2026-09-15T15:04:38.1578740Z   duration_ms: 129.290434
2026-09-15T15:04:38.1578818Z   ...
2026-09-15T15:04:38.1579057Z # Subtest: one wrong-size component invalidates the complete set
2026-09-15T15:04:38.1579287Z ok 1054 - one wrong-size component invalidates the complete set
2026-09-15T15:04:38.1579364Z   ---
2026-09-15T15:04:38.1579461Z   duration_ms: 118.632251
2026-09-15T15:04:38.1579542Z   ...
2026-09-15T15:04:38.1579771Z # Subtest: one wrong-hash component invalidates the complete set
2026-09-15T15:04:38.1580000Z ok 1055 - one wrong-hash component invalidates the complete set
2026-09-15T15:04:38.1580082Z   ---
2026-09-15T15:04:38.1580176Z   duration_ms: 116.129648
2026-09-15T15:04:38.1580253Z   ...
2026-09-15T15:04:38.1580545Z # Subtest: coverage traversal is refused before it can authorize a component
2026-09-15T15:04:38.1580829Z ok 1056 - coverage traversal is refused before it can authorize a component
2026-09-15T15:04:38.1580907Z   ---
2026-09-15T15:04:38.1581007Z   duration_ms: 148.337181
2026-09-15T15:04:38.1581089Z   ...
2026-09-15T15:04:38.1581394Z # Subtest: coverage duplicate-name is refused before it can authorize a component
2026-09-15T15:04:38.1581699Z ok 1057 - coverage duplicate-name is refused before it can authorize a component
2026-09-15T15:04:38.1581781Z   ---
2026-09-15T15:04:38.1581874Z   duration_ms: 138.726004
2026-09-15T15:04:38.1581951Z   ...
2026-09-15T15:04:38.1582248Z # Subtest: coverage duplicate-id is refused before it can authorize a component
2026-09-15T15:04:38.1582541Z ok 1058 - coverage duplicate-id is refused before it can authorize a component
2026-09-15T15:04:38.1582619Z   ---
2026-09-15T15:04:38.1582712Z   duration_ms: 117.855281
2026-09-15T15:04:38.1582793Z   ...
2026-09-15T15:04:38.1583101Z # Subtest: coverage report-version is refused before it can authorize a component
2026-09-15T15:04:38.1583394Z ok 1059 - coverage report-version is refused before it can authorize a component
2026-09-15T15:04:38.1583475Z   ---
2026-09-15T15:04:38.1583570Z   duration_ms: 150.190983
2026-09-15T15:04:38.1583646Z   ...
2026-09-15T15:04:38.1583962Z # Subtest: coverage report-identity is refused before it can authorize a component
2026-09-15T15:04:38.1584259Z ok 1060 - coverage report-identity is refused before it can authorize a component
2026-09-15T15:04:38.1584336Z   ---
2026-09-15T15:04:38.1584431Z   duration_ms: 186.092054
2026-09-15T15:04:38.1584512Z   ...
2026-09-15T15:04:38.1584809Z # Subtest: component symlink refuses even when its target has all expected bytes
2026-09-15T15:04:38.1585214Z ok 1061 - component symlink refuses even when its target has all expected bytes
2026-09-15T15:04:38.1585297Z   ---
2026-09-15T15:04:38.1585392Z   duration_ms: 166.229894
2026-09-15T15:04:38.1585468Z   ...
2026-09-15T15:04:38.1585756Z # Subtest: report symlink refuses even when its target has all expected bytes
2026-09-15T15:04:38.1586156Z ok 1062 - report symlink refuses even when its target has all expected bytes
2026-09-15T15:04:38.1586246Z   ---
2026-09-15T15:04:38.1586336Z   duration_ms: 106.925711
2026-09-15T15:04:38.1586417Z   ...
2026-09-15T15:04:38.1586695Z # Subtest: game schema failure is not hidden by a recomputed coverage hash
2026-09-15T15:04:38.1586956Z ok 1063 - game schema failure is not hidden by a recomputed coverage hash
2026-09-15T15:04:38.1587037Z   ---
2026-09-15T15:04:38.1587130Z   duration_ms: 108.583296
2026-09-15T15:04:38.1587206Z   ...
2026-09-15T15:04:38.1587489Z # Subtest: media schema failure is not hidden by a recomputed coverage hash
2026-09-15T15:04:38.1587762Z ok 1064 - media schema failure is not hidden by a recomputed coverage hash
2026-09-15T15:04:38.1587847Z   ---
2026-09-15T15:04:38.1587936Z   duration_ms: 122.967877
2026-09-15T15:04:38.1588020Z   ...
2026-09-15T15:04:38.1588298Z # Subtest: story schema failure is not hidden by a recomputed coverage hash
2026-09-15T15:04:38.1588672Z ok 1065 - story schema failure is not hidden by a recomputed coverage hash
2026-09-15T15:04:38.1588758Z   ---
2026-09-15T15:04:38.1588857Z   duration_ms: 120.256153
2026-09-15T15:04:38.1588942Z   ...
2026-09-15T15:04:38.1589216Z # Subtest: audio schema failure is not hidden by a recomputed coverage hash
2026-09-15T15:04:38.1589479Z ok 1066 - audio schema failure is not hidden by a recomputed coverage hash
2026-09-15T15:04:38.1589561Z   ---
2026-09-15T15:04:38.1589649Z   duration_ms: 156.498221
2026-09-15T15:04:38.1589731Z   ...
2026-09-15T15:04:38.1590075Z # Subtest: detached story coverage remains incomplete after successful file verification
2026-09-15T15:04:38.1590400Z ok 1067 - detached story coverage remains incomplete after successful file verification
2026-09-15T15:04:38.1590487Z   ---
2026-09-15T15:04:38.1590581Z   duration_ms: 156.585214
2026-09-15T15:04:38.1590664Z   ...
2026-09-15T15:04:38.1590961Z # Subtest: CLI help needs no backup files and actual CLI verification prints JSON
2026-09-15T15:04:38.1591253Z ok 1068 - CLI help needs no backup files and actual CLI verification prints JSON
2026-09-15T15:04:38.1591336Z   ---
2026-09-15T15:04:38.1591426Z   duration_ms: 399.365076
2026-09-15T15:04:38.1591508Z   ...
2026-09-15T15:04:38.1591770Z # Subtest: recomputed outer hash cannot hide a corrupt still original
2026-09-15T15:04:38.1592020Z ok 1069 - recomputed outer hash cannot hide a corrupt still original
2026-09-15T15:04:38.1592097Z   ---
2026-09-15T15:04:38.1592189Z   duration_ms: 128.864568
2026-09-15T15:04:38.1592269Z   ...
2026-09-15T15:04:38.1592573Z # Subtest: malformed game library refuses with its outer hash correctly recomputed
2026-09-15T15:04:38.1592871Z ok 1070 - malformed game library refuses with its outer hash correctly recomputed
2026-09-15T15:04:38.1592956Z   ---
2026-09-15T15:04:38.1593046Z   duration_ms: 109.562075
2026-09-15T15:04:38.1593127Z   ...
2026-09-15T15:04:38.1593434Z # Subtest: malformed game session refuses with its outer hash correctly recomputed
2026-09-15T15:04:38.1593735Z ok 1071 - malformed game session refuses with its outer hash correctly recomputed
2026-09-15T15:04:38.1593813Z   ---
2026-09-15T15:04:38.1593906Z   duration_ms: 134.750781
2026-09-15T15:04:38.1593986Z   ...
2026-09-15T15:04:38.1594341Z # Subtest: malformed game externalChapters refuses with its outer hash correctly recomputed
2026-09-15T15:04:38.1594690Z ok 1072 - malformed game externalChapters refuses with its outer hash correctly recomputed
2026-09-15T15:04:38.1594773Z   ---
2026-09-15T15:04:38.1594867Z   duration_ms: 114.485216
2026-09-15T15:04:38.1594943Z   ...
2026-09-15T15:04:38.1595310Z # Subtest: CLI rejects unknown and inherited option names without changing the downloaded files
2026-09-15T15:04:38.1595790Z ok 1073 - CLI rejects unknown and inherited option names without changing the downloaded files
2026-09-15T15:04:38.1595867Z   ---
2026-09-15T15:04:38.1596072Z   duration_ms: 367.896632
2026-09-15T15:04:38.1596158Z   ...
2026-09-15T15:04:38.1596546Z # Subtest: CLI refuses a browser-renamed download and explains exact set filenames without guessing
2026-09-15T15:04:38.1596920Z ok 1074 - CLI refuses a browser-renamed download and explains exact set filenames without guessing
2026-09-15T15:04:38.1597002Z   ---
2026-09-15T15:04:38.1597096Z   duration_ms: 208.553177
2026-09-15T15:04:38.1597172Z   ...
2026-09-15T15:04:38.1597464Z # Subtest: strict command parsing rejects typos, duplicates and absent values
2026-09-15T15:04:38.1597744Z ok 1075 - strict command parsing rejects typos, duplicates and absent values
2026-09-15T15:04:38.1597821Z   ---
2026-09-15T15:04:38.1597916Z   duration_ms: 2.076297
2026-09-15T15:04:38.1597999Z   ...
2026-09-15T15:04:38.1598325Z # Subtest: version and relative-path rules exclude traversal and command-like labels
2026-09-15T15:04:38.1598639Z ok 1076 - version and relative-path rules exclude traversal and command-like labels
2026-09-15T15:04:38.1598723Z   ---
2026-09-15T15:04:38.1598817Z   duration_ms: 1.102479
2026-09-15T15:04:38.1598894Z   ...
2026-09-15T15:04:38.1599358Z # Subtest: snapshot rejects unsafe refs and index-conflicting labels before any Git command
2026-09-15T15:04:38.1599705Z ok 1077 - snapshot rejects unsafe refs and index-conflicting labels before any Git command
2026-09-15T15:04:38.1599783Z   ---
2026-09-15T15:04:38.1599878Z   duration_ms: 0.951506
2026-09-15T15:04:38.1599963Z   ...
2026-09-15T15:04:38.1600336Z # Subtest: direct CLI invocation works through an aliased directory and reports command failures
2026-09-15T15:04:38.1600689Z ok 1078 - direct CLI invocation works through an aliased directory and reports command failures
2026-09-15T15:04:38.1600771Z   ---
2026-09-15T15:04:38.1600865Z   duration_ms: 104.754224
2026-09-15T15:04:38.1600948Z   ...
2026-09-15T15:04:38.1601402Z # Subtest: real Git snapshot runs an older frozen entry through an aliased temp root and preserves immutable source
2026-09-15T15:04:38.1601838Z ok 1079 - real Git snapshot runs an older frozen entry through an aliased temp root and preserves immutable source
2026-09-15T15:04:38.1601920Z   ---
2026-09-15T15:04:38.1602016Z   duration_ms: 4405.727845
2026-09-15T15:04:38.1602097Z   ...
2026-09-15T15:04:38.1602442Z # Subtest: build is byte-reproducible and each manifest checksum covers exact output bytes
2026-09-15T15:04:38.1602772Z ok 1080 - build is byte-reproducible and each manifest checksum covers exact output bytes
2026-09-15T15:04:38.1602854Z   ---
2026-09-15T15:04:38.1602950Z   duration_ms: 47.196909
2026-09-15T15:04:38.1603032Z   ...
2026-09-15T15:04:38.1603356Z # Subtest: owned rebuild replaces old outputs and changes checksums when source changes
2026-09-15T15:04:38.1603673Z ok 1081 - owned rebuild replaces old outputs and changes checksums when source changes
2026-09-15T15:04:38.1603759Z   ---
2026-09-15T15:04:38.1603848Z   duration_ms: 32.515398
2026-09-15T15:04:38.1603933Z   ...
2026-09-15T15:04:38.1604261Z # Subtest: build refuses unrelated output, overlapping source and malformed revision
2026-09-15T15:04:38.1604566Z ok 1082 - build refuses unrelated output, overlapping source and malformed revision
2026-09-15T15:04:38.1604651Z   ---
2026-09-15T15:04:38.1604745Z   duration_ms: 9.56828
2026-09-15T15:04:38.1604829Z   ...
2026-09-15T15:04:38.1605151Z # Subtest: missing dependencies and invalid JSON fail before replacing a working build
2026-09-15T15:04:38.1605472Z ok 1083 - missing dependencies and invalid JSON fail before replacing a working build
2026-09-15T15:04:38.1605554Z   ---
2026-09-15T15:04:38.1605645Z   duration_ms: 29.354635
2026-09-15T15:04:38.1605727Z   ...
2026-09-15T15:04:38.1606200Z # Subtest: build excludes private include paths and rejects symbolic source links
2026-09-15T15:04:38.1606505Z ok 1084 - build excludes private include paths and rejects symbolic source links
2026-09-15T15:04:38.1606706Z   ---
2026-09-15T15:04:38.1606804Z   duration_ms: 10.44648
2026-09-15T15:04:38.1606884Z   ...
2026-09-15T15:04:38.1607224Z # Subtest: runtime builds omit source-only game tests while retaining ordinary game files
2026-09-15T15:04:38.1607553Z ok 1085 - runtime builds omit source-only game tests while retaining ordinary game files
2026-09-15T15:04:38.1607637Z   ---
2026-09-15T15:04:38.1607727Z   duration_ms: 20.379281
2026-09-15T15:04:38.1607809Z   ...
2026-09-15T15:04:38.1608179Z # Subtest: portable resource checks resolve nested relative imports and reject root-only URLs
2026-09-15T15:04:38.1608530Z ok 1086 - portable resource checks resolve nested relative imports and reject root-only URLs
2026-09-15T15:04:38.1608609Z   ---
2026-09-15T15:04:38.1608703Z   duration_ms: 9.53783
2026-09-15T15:04:38.1608783Z   ...
2026-09-15T15:04:38.1609075Z # Subtest: ZIP uses standard CRC, sorted names, fixed timestamps and stored data
2026-09-15T15:04:38.1609369Z ok 1087 - ZIP uses standard CRC, sorted names, fixed timestamps and stored data
2026-09-15T15:04:38.1609451Z   ---
2026-09-15T15:04:38.1609547Z   duration_ms: 0.463926
2026-09-15T15:04:38.1609624Z   ...
2026-09-15T15:04:38.1609905Z # Subtest: static server supports portable nested paths, ESM MIME and HEAD
2026-09-15T15:04:38.1610288Z ok 1088 - static server supports portable nested paths, ESM MIME and HEAD
2026-09-15T15:04:38.1610368Z   ---
2026-09-15T15:04:38.1610463Z   duration_ms: 13.938873
2026-09-15T15:04:38.1610545Z   ...
2026-09-15T15:04:38.1610898Z # Subtest: static server refuses traversal, hidden files, malformed paths and symlink escape
2026-09-15T15:04:38.1611247Z ok 1089 - static server refuses traversal, hidden files, malformed paths and symlink escape
2026-09-15T15:04:38.1611337Z   ---
2026-09-15T15:04:38.1611433Z   duration_ms: 14.113419
2026-09-15T15:04:38.1611509Z   ...
2026-09-15T15:04:38.1611881Z # Subtest: Git archive reader extracts regular data and rejects links, traversal and duplicates
2026-09-15T15:04:38.1612237Z ok 1090 - Git archive reader extracts regular data and rejects links, traversal and duplicates
2026-09-15T15:04:38.1612316Z   ---
2026-09-15T15:04:38.1612412Z   duration_ms: 1.656945
2026-09-15T15:04:38.1612497Z   ...
2026-09-15T15:04:38.1612890Z # Subtest: generator produces deterministic explicit valid maps across seeds using the actual core
2026-09-15T15:04:38.1613262Z ok 1091 - generator produces deterministic explicit valid maps across seeds using the actual core
2026-09-15T15:04:38.1613346Z   ---
2026-09-15T15:04:38.1613442Z   duration_ms: 10.627499
2026-09-15T15:04:38.1613518Z   ...
2026-09-15T15:04:38.1613847Z # Subtest: campaign validation uses the core and rejects duplicate or malformed levels
2026-09-15T15:04:38.1614164Z ok 1092 - campaign validation uses the core and rejects duplicate or malformed levels
2026-09-15T15:04:38.1614242Z   ---
2026-09-15T15:04:38.1614338Z   duration_ms: 15.115846
2026-09-15T15:04:38.1614419Z   ...
2026-09-15T15:04:38.1614817Z # Subtest: theme validation uses the actual content registry and rejects invalid or duplicate entries
2026-09-15T15:04:38.1615200Z ok 1093 - theme validation uses the actual content registry and rejects invalid or duplicate entries
2026-09-15T15:04:38.1615282Z   ---
2026-09-15T15:04:38.1615381Z   duration_ms: 11.335902
2026-09-15T15:04:38.1615458Z   ...
2026-09-15T15:04:38.1615845Z # Subtest: class validation accepts current data and rejects unsupported mechanics through the core
2026-09-15T15:04:38.1616345Z ok 1094 - class validation accepts current data and rejects unsupported mechanics through the core
2026-09-15T15:04:38.1616432Z   ---
2026-09-15T15:04:38.1616523Z   duration_ms: 10.388523
2026-09-15T15:04:38.1616605Z   ...
2026-09-15T15:04:38.1617127Z # Subtest: packaged offline builds generate scoped metadata, original icons, complete integrity inventory and reproducible bytes
2026-09-15T15:04:38.1617626Z ok 1095 - packaged offline builds generate scoped metadata, original icons, complete integrity inventory and reproducible bytes
2026-09-15T15:04:38.1617827Z   ---
2026-09-15T15:04:38.1617924Z   duration_ms: 355.409377
2026-09-15T15:04:38.1618005Z   ...
2026-09-15T15:04:38.1618424Z # Subtest: offline source sentinel requires its template and does not silently emit an incomplete installer
2026-09-15T15:04:38.1618837Z ok 1096 - offline source sentinel requires its template and does not silently emit an incomplete installer
2026-09-15T15:04:38.1618919Z   ---
2026-09-15T15:04:38.1619009Z   duration_ms: 8.917936
2026-09-15T15:04:38.1619091Z   ...
2026-09-15T15:04:38.1619599Z # Subtest: public package has local entry, accurate storage notices and enforced preview headers without changing source serving
2026-09-15T15:04:38.1620097Z ok 1097 - public package has local entry, accurate storage notices and enforced preview headers without changing source serving
2026-09-15T15:04:38.1620175Z   ---
2026-09-15T15:04:38.1620268Z   duration_ms: 30.048034
2026-09-15T15:04:38.1620349Z   ...
2026-09-15T15:04:38.1620804Z # Subtest: optional indexed pack keeps exact shipped and ZIP bytes while core cache excludes only the declared source
2026-09-15T15:04:38.1621266Z ok 1098 - optional indexed pack keeps exact shipped and ZIP bytes while core cache excludes only the declared source
2026-09-15T15:04:38.1621348Z   ---
2026-09-15T15:04:38.1621443Z   duration_ms: 316.560965
2026-09-15T15:04:38.1621628Z   ...
2026-09-15T15:04:38.1622065Z # Subtest: optional offline policy rejects non-pack, unknown, duplicate, unsafe, missing and excluded sources
2026-09-15T15:04:38.1622483Z ok 1099 - optional offline policy rejects non-pack, unknown, duplicate, unsafe, missing and excluded sources
2026-09-15T15:04:38.1622561Z   ---
2026-09-15T15:04:38.1622655Z   duration_ms: 32.28035
2026-09-15T15:04:38.1622736Z   ...
2026-09-15T15:04:38.1623187Z # Subtest: archived packs stay downloadable with exact bytes while both navigation catalogs remain in the core cache
2026-09-15T15:04:38.1623633Z ok 1100 - archived packs stay downloadable with exact bytes while both navigation catalogs remain in the core cache
2026-09-15T15:04:38.1623717Z   ---
2026-09-15T15:04:38.1623811Z   duration_ms: 233.39711
2026-09-15T15:04:38.1623887Z   ...
2026-09-15T15:04:38.1624196Z # Subtest: declaring an optional pack does not relax the 64 MiB core cache budget
2026-09-15T15:04:38.1624492Z ok 1101 - declaring an optional pack does not relax the 64 MiB core cache budget
2026-09-15T15:04:38.1624572Z   ---
2026-09-15T15:04:38.1624667Z   duration_ms: 345.457985
2026-09-15T15:04:38.1624750Z   ...
2026-09-15T15:04:38.1626084Z # {"version":"v0.2.0","sourceRevision":"7f38df0be343337747bf329f93ac17d7e7d9f8cd","totalBytes":21051,"playableVersions":2,"currentEntryMetadata":"current-entry-routing.json","currentCanonicalSite":"https://owner.github.io/game/releases/v0.2.0/site/","currentHTMLAliases":6}
2026-09-15T15:04:38.1626538Z # Subtest: read-only capacity matches the immutable-entry default build and cannot certify a hypothetical fit
2026-09-15T15:04:38.1626973Z ok 1102 - read-only capacity matches the immutable-entry default build and cannot certify a hypothetical fit
2026-09-15T15:04:38.1627063Z   ---
2026-09-15T15:04:38.1627160Z   duration_ms: 261.009212
2026-09-15T15:04:38.1627239Z   ...
2026-09-15T15:04:38.1629109Z # {"version":"v0.2.0","sourceRevision":"7f38df0be343337747bf329f93ac17d7e7d9f8cd","totalBytes":26948,"playableVersions":2,"currentEntryMetadata":"current-entry-routing.json","currentCanonicalSite":"https://owner.github.io/game/releases/v0.2.0/site/","currentHTMLAliases":6,"target":"main","catalogVersions":2,"latestHostedVersion":"v0.2.0","budgetBytes":950000000,"copiedVersions":1,"archivedVersions":1,"redirectedHTMLFiles":6}
2026-09-15T15:04:38.1629633Z # Subtest: main routing declares every current override and preserves latest versioned bytes, old bridges and Release downloads
2026-09-15T15:04:38.1630136Z ok 1103 - main routing declares every current override and preserves latest versioned bytes, old bridges and Release downloads
2026-09-15T15:04:38.1630213Z   ---
2026-09-15T15:04:38.1630432Z   duration_ms: 178.04396
2026-09-15T15:04:38.1630514Z   ...
2026-09-15T15:04:38.1631700Z # {"version":"v0.2.0","sourceRevision":"7f38df0be343337747bf329f93ac17d7e7d9f8cd","totalBytes":4636,"playableVersions":1,"target":"archive-01","catalogVersions":2,"latestHostedVersion":"v0.1.0","budgetBytes":800000000,"copiedVersions":1,"archivedVersions":1,"redirectedHTMLFiles":0}
2026-09-15T15:04:38.1632122Z # Subtest: archive mode copies every canonical payload exactly, including original workers and checksums
2026-09-15T15:04:38.1632523Z ok 1104 - archive mode copies every canonical payload exactly, including original workers and checksums
2026-09-15T15:04:38.1632605Z   ---
2026-09-15T15:04:38.1632698Z   duration_ms: 97.453889
2026-09-15T15:04:38.1632779Z   ...
2026-09-15T15:04:38.1633953Z # {"version":"v0.2.0","sourceRevision":"7f38df0be343337747bf329f93ac17d7e7d9f8cd","totalBytes":21051,"playableVersions":2,"currentEntryMetadata":"current-entry-routing.json","currentCanonicalSite":"https://owner.github.io/game/releases/v0.2.0/site/","currentHTMLAliases":6}
2026-09-15T15:04:38.1634427Z # Subtest: archive ownership rejects unknown/current/duplicate/cross-origin plans without changing published output
2026-09-15T15:04:38.1634880Z ok 1105 - archive ownership rejects unknown/current/duplicate/cross-origin plans without changing published output
2026-09-15T15:04:38.1635068Z   ---
2026-09-15T15:04:38.1635169Z   duration_ms: 251.372364
2026-09-15T15:04:38.1635246Z   ...
2026-09-15T15:04:38.1635598Z # Subtest: redirects preserve encoded query and fragment and offer a native fallback link
2026-09-15T15:04:38.1635933Z ok 1106 - redirects preserve encoded query and fragment and offer a native fallback link
2026-09-15T15:04:38.1636130Z   ---
2026-09-15T15:04:38.1636224Z   duration_ms: 1.985609
2026-09-15T15:04:38.1636307Z   ...
2026-09-15T15:04:38.1636672Z # Subtest: retirement worker confines navigation and only unregisters after normal activation
2026-09-15T15:04:38.1637023Z ok 1107 - retirement worker confines navigation and only unregisters after normal activation
2026-09-15T15:04:38.1637112Z   ---
2026-09-15T15:04:38.1637209Z   duration_ms: 23.380176
2026-09-15T15:04:38.1637291Z   ...
2026-09-15T15:04:38.1638467Z # {"version":"v0.2.0","sourceRevision":"a67baeaff3f3b0ed9ae1bd577d852a140271a32b","totalBytes":21051,"playableVersions":2,"currentEntryMetadata":"current-entry-routing.json","currentCanonicalSite":"https://owner.github.io/game/releases/v0.2.0/site/","currentHTMLAliases":6}
2026-09-15T15:04:38.1638798Z # Subtest: stale tags and a late symlink failure retain the prior dist and frozen source
2026-09-15T15:04:38.1639118Z ok 1108 - stale tags and a late symlink failure retain the prior dist and frozen source
2026-09-15T15:04:38.1639196Z   ---
2026-09-15T15:04:38.1639290Z   duration_ms: 286.56789
2026-09-15T15:04:38.1639370Z   ...
2026-09-15T15:04:38.1639681Z # Subtest: main and archive byte budgets fail closed at their distinct fixed limits
2026-09-15T15:04:38.1639978Z ok 1109 - main and archive byte budgets fail closed at their distinct fixed limits
2026-09-15T15:04:38.1640065Z   ---
2026-09-15T15:04:38.1640159Z   duration_ms: 0.40641
2026-09-15T15:04:38.1640236Z   ...
2026-09-15T15:04:38.1642100Z # {"version":"v0.2.0","sourceRevision":"a67baeaff3f3b0ed9ae1bd577d852a140271a32b","totalBytes":26948,"playableVersions":2,"currentEntryMetadata":"current-entry-routing.json","currentCanonicalSite":"https://owner.github.io/game/releases/v0.2.0/site/","currentHTMLAliases":6,"target":"main","catalogVersions":2,"latestHostedVersion":"v0.2.0","budgetBytes":950000000,"copiedVersions":1,"archivedVersions":1,"redirectedHTMLFiles":6}
2026-09-15T15:04:38.1642531Z # Subtest: a corrupted canonical payload fails its frozen manifest before replacing the last published tree
2026-09-15T15:04:38.1642948Z ok 1110 - a corrupted canonical payload fails its frozen manifest before replacing the last published tree
2026-09-15T15:04:38.1643028Z   ---
2026-09-15T15:04:38.1643126Z   duration_ms: 184.978107
2026-09-15T15:04:38.1643209Z   ...
2026-09-15T15:04:38.1644542Z # {"version":"v0.2.0","sourceRevision":"a67baeaff3f3b0ed9ae1bd577d852a140271a32b","totalBytes":21051,"playableVersions":2,"currentEntryMetadata":"current-entry-routing.json","currentCanonicalSite":"https://owner.github.io/game/releases/v0.2.0/site/","currentHTMLAliases":6}
2026-09-15T15:04:38.1644986Z # Subtest: a reserved current-entry source path fails atomically without altering prior output or release tags
2026-09-15T15:04:38.1645420Z ok 1111 - a reserved current-entry source path fails atomically without altering prior output or release tags
2026-09-15T15:04:38.1645502Z   ---
2026-09-15T15:04:38.1645598Z   duration_ms: 157.356482
2026-09-15T15:04:38.1645675Z   ...
2026-09-15T15:04:38.1646275Z # Subtest: the immutable Fracture register authenticates historical presets after runtime appearance expansion
2026-09-15T15:04:38.1646711Z ok 1112 - the immutable Fracture register authenticates historical presets after runtime appearance expansion
2026-09-15T15:04:38.1646789Z   ---
2026-09-15T15:04:38.1646891Z   duration_ms: 269.383712
2026-09-15T15:04:38.1646973Z   ...
2026-09-15T15:04:38.1647513Z # Subtest: an old checkout without history uses exact current metadata; missing snapshot never silently uses different runtime presets
2026-09-15T15:04:38.1648160Z ok 1113 - an old checkout without history uses exact current metadata; missing snapshot never silently uses different runtime presets
2026-09-15T15:04:38.1648248Z   ---
2026-09-15T15:04:38.1648344Z   duration_ms: 249.481041
2026-09-15T15:04:38.1648422Z   ...
2026-09-15T15:04:38.1648867Z # Subtest: changed or symlinked historical snapshots reject; an unrelated mapping cannot redirect a declared pin
2026-09-15T15:04:38.1649307Z ok 1114 - changed or symlinked historical snapshots reject; an unrelated mapping cannot redirect a declared pin
2026-09-15T15:04:38.1649391Z   ---
2026-09-15T15:04:38.1649481Z   duration_ms: 152.853749
2026-09-15T15:04:38.1649564Z   ...
2026-09-15T15:04:38.1650014Z # Subtest: history admits only finite complete JSON identities, with no arbitrary snapshot path or duplicate entry
2026-09-15T15:04:38.1650453Z ok 1115 - history admits only finite complete JSON identities, with no arbitrary snapshot path or duplicate entry
2026-09-15T15:04:38.1650536Z   ---
2026-09-15T15:04:38.1650634Z   duration_ms: 109.220633
2026-09-15T15:04:38.1650710Z   ...
2026-09-15T15:04:38.1651049Z # Subtest: the preserved FPV preset revision remains exact after a later runtime change
2026-09-15T15:04:38.1651368Z ok 1116 - the preserved FPV preset revision remains exact after a later runtime change
2026-09-15T15:04:38.1651450Z   ---
2026-09-15T15:04:38.1651547Z   duration_ms: 172.569412
2026-09-15T15:04:38.1651631Z   ...
2026-09-15T15:04:38.1652099Z # Subtest: a newly declared unarchived preset revision reads the current file and still refuses changed current bytes
2026-09-15T15:04:38.1652550Z ok 1117 - a newly declared unarchived preset revision reads the current file and still refuses changed current bytes
2026-09-15T15:04:38.1652632Z   ---
2026-09-15T15:04:38.1652730Z   duration_ms: 120.182883
2026-09-15T15:04:38.1652812Z   ...
2026-09-15T15:04:38.1653229Z # Subtest: v2 preserves the exact prior renderer as inert source bytes and v1 still accepts JSON-only history
2026-09-15T15:04:38.1653640Z ok 1118 - v2 preserves the exact prior renderer as inert source bytes and v1 still accepts JSON-only history
2026-09-15T15:04:38.1653725Z   ---
2026-09-15T15:04:38.1653815Z   duration_ms: 132.396487
2026-09-15T15:04:38.1653896Z   ...
2026-09-15T15:04:38.1654356Z # Subtest: v2 module history refuses absent, changed and symlinked snapshots without reading the changed live renderer
2026-09-15T15:04:38.1654804Z ok 1119 - v2 module history refuses absent, changed and symlinked snapshots without reading the changed live renderer
2026-09-15T15:04:38.1654883Z   ---
2026-09-15T15:04:38.1654978Z   duration_ms: 153.375594
2026-09-15T15:04:38.1655059Z   ...
2026-09-15T15:04:38.1655382Z # Subtest: a private exact module snapshot is authenticated as bytes and never executed
2026-09-15T15:04:38.1655820Z ok 1120 - a private exact module snapshot is authenticated as bytes and never executed
2026-09-15T15:04:38.1655905Z   ---
2026-09-15T15:04:38.1656136Z   duration_ms: 155.127689
2026-09-15T15:04:38.1656218Z   ...
2026-09-15T15:04:38.1656634Z # Subtest: retained source bodies authenticate exact immutable recipe pins without approving production
2026-09-15T15:04:38.1657038Z ok 1121 - retained source bodies authenticate exact immutable recipe pins without approving production
2026-09-15T15:04:38.1657115Z   ---
2026-09-15T15:04:38.1657208Z   duration_ms: 226.993164
2026-09-15T15:04:38.1657290Z   ...
2026-09-15T15:04:38.1657704Z # Subtest: old source checkouts remain valid without the optional source index; changed current bytes refuse
2026-09-15T15:04:38.1658118Z ok 1122 - old source checkouts remain valid without the optional source index; changed current bytes refuse
2026-09-15T15:04:38.1658201Z   ---
2026-09-15T15:04:38.1658296Z   duration_ms: 226.974596
2026-09-15T15:04:38.1658372Z   ...
2026-09-15T15:04:38.1658762Z # Subtest: missing, modified or symlinked source snapshots fail instead of using the current recipe
2026-09-15T15:04:38.1659134Z ok 1123 - missing, modified or symlinked source snapshots fail instead of using the current recipe
2026-09-15T15:04:38.1659211Z   ---
2026-09-15T15:04:38.1659307Z   duration_ms: 133.001454
2026-09-15T15:04:38.1659504Z   ...
2026-09-15T15:04:38.1659931Z # Subtest: source history has finite exact identities and cannot choose arbitrary source or snapshot paths
2026-09-15T15:04:38.1660333Z ok 1124 - source history has finite exact identities and cannot choose arbitrary source or snapshot paths
2026-09-15T15:04:38.1660415Z   ---
2026-09-15T15:04:38.1660511Z   duration_ms: 220.838667
2026-09-15T15:04:38.1660586Z   ...
2026-09-15T15:04:38.1660940Z # Subtest: a new source pin reads current bytes while the retained old pin remains immutable
2026-09-15T15:04:38.1661282Z ok 1125 - a new source pin reads current bytes while the retained old pin remains immutable
2026-09-15T15:04:38.1661367Z   ---
2026-09-15T15:04:38.1661456Z   duration_ms: 283.114855
2026-09-15T15:04:38.1661535Z   ...
2026-09-15T15:04:38.1661847Z # Subtest: archived source bytes are authenticated but never imported or executed
2026-09-15T15:04:38.1662142Z ok 1126 - archived source bytes are authenticated but never imported or executed
2026-09-15T15:04:38.1662231Z   ---
2026-09-15T15:04:38.1662326Z   duration_ms: 134.98404
2026-09-15T15:04:38.1662404Z   ...
2026-09-15T15:04:38.1662891Z # Subtest: overlapping history identities require both exact snapshots without fallback to the other copy or live source
2026-09-15T15:04:38.1663369Z ok 1127 - overlapping history identities require both exact snapshots without fallback to the other copy or live source
2026-09-15T15:04:38.1663451Z   ---
2026-09-15T15:04:38.1663541Z   duration_ms: 497.140419
2026-09-15T15:04:38.1663622Z   ...
2026-09-15T15:04:38.1664018Z # Subtest: pristine raw files produce exact HEAD identity and a reproducible content/mode aggregate
2026-09-15T15:04:38.1664393Z ok 1128 - pristine raw files produce exact HEAD identity and a reproducible content/mode aggregate
2026-09-15T15:04:38.1664477Z   ---
2026-09-15T15:04:38.1664572Z   duration_ms: 181.49241
2026-09-15T15:04:38.1664658Z   ...
2026-09-15T15:04:38.1665020Z # Subtest: same-size byte changes are refused even when Git is told to assume the file unchanged
2026-09-15T15:04:38.1665379Z ok 1129 - same-size byte changes are refused even when Git is told to assume the file unchanged
2026-09-15T15:04:38.1665460Z   ---
2026-09-15T15:04:38.1665550Z   duration_ms: 50.209752
2026-09-15T15:04:38.1665634Z   ...
2026-09-15T15:04:38.1665929Z # Subtest: a changed executable bit is refused independently of core.fileMode
2026-09-15T15:04:38.1666331Z ok 1130 - a changed executable bit is refused independently of core.fileMode
2026-09-15T15:04:38.1666410Z   ---
2026-09-15T15:04:38.1666506Z   duration_ms: 47.445036
2026-09-15T15:04:38.1666589Z   ...
2026-09-15T15:04:38.1666916Z # Subtest: a missing tracked file fails instead of qualifying a partial sparse checkout
2026-09-15T15:04:38.1667357Z ok 1131 - a missing tracked file fails instead of qualifying a partial sparse checkout
2026-09-15T15:04:38.1667439Z   ---
2026-09-15T15:04:38.1667530Z   duration_ms: 45.739321
2026-09-15T15:04:38.1667612Z   ...
2026-09-15T15:04:38.1668018Z # Subtest: untracked cache/dependencies and an unrelated staged index blob do not change HEAD evidence
2026-09-15T15:04:38.1668412Z ok 1132 - untracked cache/dependencies and an unrelated staged index blob do not change HEAD evidence
2026-09-15T15:04:38.1668490Z   ---
2026-09-15T15:04:38.1668583Z   duration_ms: 82.175888
2026-09-15T15:04:38.1668663Z   ...
2026-09-15T15:04:38.1668948Z # Subtest: symlink target bytes are authenticated without reading the target
2026-09-15T15:04:38.1669227Z ok 1133 - symlink target bytes are authenticated without reading the target
2026-09-15T15:04:38.1669308Z   ---
2026-09-15T15:04:38.1669402Z   duration_ms: 65.28528
2026-09-15T15:04:38.1669479Z   ...
2026-09-15T15:04:38.1669837Z # Subtest: a regular tracked file replaced by a symlink is refused even if target bytes match
2026-09-15T15:04:38.1670179Z ok 1134 - a regular tracked file replaced by a symlink is refused even if target bytes match
2026-09-15T15:04:38.1670258Z   ---
2026-09-15T15:04:38.1670354Z   duration_ms: 40.662043
2026-09-15T15:04:38.1670435Z   ...
2026-09-15T15:04:38.1670798Z # Subtest: streamed blobs include bytes beyond the first read buffer
2026-09-15T15:04:38.1671052Z ok 1135 - streamed blobs include bytes beyond the first read buffer
2026-09-15T15:04:38.1671134Z   ---
2026-09-15T15:04:38.1671228Z   duration_ms: 73.692678
2026-09-15T15:04:38.1671305Z   ...
2026-09-15T15:04:38.1671390Z 1..1135
2026-09-15T15:04:38.1671479Z # tests 1162
2026-09-15T15:04:38.1671560Z # suites 0
2026-09-15T15:04:38.1671650Z # pass 1162
2026-09-15T15:04:38.1671732Z # fail 0
2026-09-15T15:04:38.1671816Z # cancelled 0
2026-09-15T15:04:38.1671904Z # skipped 0
2026-09-15T15:04:38.1671987Z # todo 0
2026-09-15T15:04:38.1672096Z # duration_ms 1388734.401521
2026-09-15T15:04:38.1701504Z ##[group]Run test "$(git rev-parse HEAD)" = "$GITHUB_SHA"
2026-09-15T15:04:38.1701694Z [36;1mtest "$(git rev-parse HEAD)" = "$GITHUB_SHA"[0m
2026-09-15T15:04:38.1701797Z [36;1mgit diff --exit-code[0m
2026-09-15T15:04:38.1701901Z [36;1mgit diff --cached --exit-code[0m
2026-09-15T15:04:38.1737190Z shell: /usr/bin/bash -e {0}
2026-09-15T15:04:38.1737282Z ##[endgroup]
2026-09-15T15:04:38.4633582Z Node 20 is being deprecated. This workflow is running with Node 24 by default. If you need to temporarily use Node 20, you can set the ACTIONS_ALLOW_USE_UNSECURE_NODE_VERSION=true environment variable. For more information see: https://github.blog/changelog/2025-09-19-deprecation-of-node-20-on-github-actions-runners/
2026-09-15T15:04:38.4633706Z Post job cleanup.
2026-09-15T15:04:38.5901596Z (node:4148) [DEP0040] DeprecationWarning: The `punycode` module is deprecated. Please use a userland alternative instead.
2026-09-15T15:04:38.5903227Z (Use `node --trace-deprecation ...` to show where the warning was created)
2026-09-15T15:04:38.5906357Z Cache hit occurred on the primary key node-cache-Linux-x64-npm-1862b28f2e68083ac7ee8c6c9a4cd16ff6aaab0b76bf75940aedf75c9c15fc1c, not saving cache.
2026-09-15T15:04:38.6076714Z Node 20 is being deprecated. This workflow is running with Node 24 by default. If you need to temporarily use Node 20, you can set the ACTIONS_ALLOW_USE_UNSECURE_NODE_VERSION=true environment variable. For more information see: https://github.blog/changelog/2025-09-19-deprecation-of-node-20-on-github-actions-runners/
2026-09-15T15:04:38.6078044Z Post job cleanup.
2026-09-15T15:04:38.6948194Z [command]/usr/bin/git version
2026-09-15T15:04:38.6991864Z git version 2.55.0
2026-09-15T15:04:38.7036714Z Temporarily overriding HOME='/home/runner/work/_temp/3e1a4b5f-afe3-42db-abe8-07f8a4e11e4f' before making global git config changes
2026-09-15T15:04:38.7038052Z Adding repository directory to the temporary git global config as a safe directory
2026-09-15T15:04:38.7043012Z [command]/usr/bin/git config --global --add safe.directory /home/runner/work/revealline/revealline
2026-09-15T15:04:38.7083648Z [command]/usr/bin/git config --local --name-only --get-regexp core\.sshCommand
2026-09-15T15:04:38.7119471Z [command]/usr/bin/git submodule foreach --recursive sh -c "git config --local --name-only --get-regexp 'core\.sshCommand' && git config --local --unset-all 'core.sshCommand' || :"
2026-09-15T15:04:38.7380851Z [command]/usr/bin/git config --local --name-only --get-regexp http\.https\:\/\/github\.com\/\.extraheader
2026-09-15T15:04:38.7409404Z http.https://github.com/.extraheader
2026-09-15T15:04:38.7421507Z [command]/usr/bin/git config --local --unset-all http.https://github.com/.extraheader
2026-09-15T15:04:38.7455877Z [command]/usr/bin/git submodule foreach --recursive sh -c "git config --local --name-only --get-regexp 'http\.https\:\/\/github\.com\/\.extraheader' && git config --local --unset-all 'http.https://github.com/.extraheader' || :"
2026-09-15T15:04:38.7737379Z [command]/usr/bin/git config --local --name-only --get-regexp ^includeIf\.gitdir:
2026-09-15T15:04:38.7785069Z [command]/usr/bin/git submodule foreach --recursive git config --local --show-origin --name-only --get-regexp remote.origin.url
2026-09-15T15:04:38.8190642Z Cleaning up orphan processes
2026-09-15T15:04:38.8557057Z ##[warning]Node.js 20 is deprecated. The following actions target Node.js 20 but are being forced to run on Node.js 24: actions/checkout@v4, actions/setup-node@v4. For more information see: https://github.blog/changelog/2025-09-19-deprecation-of-node-20-on-github-actions-runners/
