2026-09-15T14:41:03.7598221Z Current runner version: '2.337.0'
2026-09-15T14:41:03.7634639Z ##[group]Runner Image Provisioner
2026-09-15T14:41:03.7635961Z Hosted Compute Agent
2026-09-15T14:41:03.7637413Z Version: 20260828.587
2026-09-15T14:41:03.7638717Z Commit: abac92662cab4cc7352de4f9f9d2e2419aad9c29
2026-09-15T14:41:03.7640026Z Build Date: 2026-08-28T16:44:25Z
2026-09-15T14:41:03.7641382Z Worker ID: {d375ba2d-431e-48c0-82eb-123f00223e98}
2026-09-15T14:41:03.7643176Z Azure Region: eastus
2026-09-15T14:41:03.7644412Z ##[endgroup]
2026-09-15T14:41:03.7647247Z ##[group]Operating System
2026-09-15T14:41:03.7648467Z Ubuntu
2026-09-15T14:41:03.7649288Z 24.04.5
2026-09-15T14:41:03.7650199Z LTS
2026-09-15T14:41:03.7651059Z ##[endgroup]
2026-09-15T14:41:03.7651957Z ##[group]Runner Image
2026-09-15T14:41:03.7653050Z Image: ubuntu-24.04
2026-09-15T14:41:03.7654020Z Version: 20260907.300.1
2026-09-15T14:41:03.7656281Z Included Software: https://github.com/actions/runner-images/blob/ubuntu24/20260907.300/images/ubuntu/Ubuntu2404-Readme.md
2026-09-15T14:41:03.7659296Z Image Release: https://github.com/actions/runner-images/releases/tag/ubuntu24%2F20260907.300
2026-09-15T14:41:03.7661051Z ##[endgroup]
2026-09-15T14:41:03.7662944Z ##[group]GITHUB_TOKEN Permissions
2026-09-15T14:41:03.7666010Z Contents: read
2026-09-15T14:41:03.7667320Z Metadata: read
2026-09-15T14:41:03.7668294Z ##[endgroup]
2026-09-15T14:41:03.7672043Z Secret source: Actions
2026-09-15T14:41:03.7673678Z Cache mode: write
2026-09-15T14:41:03.7674842Z Prepare workflow directory
2026-09-15T14:41:03.8164500Z Prepare all required actions
2026-09-15T14:41:03.8239278Z Getting action download info
2026-09-15T14:41:03.9989897Z Download action repository 'actions/checkout@v4' (SHA:11d5960a326750d5838078e36cf38b85af677262)
2026-09-15T14:41:04.1004934Z Download action repository 'actions/setup-node@v4' (SHA:49933ea5288caeca8642d1e84afbd3f7d6820020)
2026-09-15T14:41:04.3072991Z Complete job name: test (3)
2026-09-15T14:41:04.3785419Z Node 20 is being deprecated. This workflow is running with Node 24 by default. If you need to temporarily use Node 20, you can set the ACTIONS_ALLOW_USE_UNSECURE_NODE_VERSION=true environment variable. For more information see: https://github.blog/changelog/2025-09-19-deprecation-of-node-20-on-github-actions-runners/
2026-09-15T14:41:04.3794699Z ##[group]Run actions/checkout@v4
2026-09-15T14:41:04.3795429Z with:
2026-09-15T14:41:04.3795842Z   fetch-depth: 0
2026-09-15T14:41:04.3796305Z   repository: mekhovov/revealline
2026-09-15T14:41:04.3800218Z   token: ***
2026-09-15T14:41:04.3800650Z   ssh-strict: true
2026-09-15T14:41:04.3801090Z   ssh-user: git
2026-09-15T14:41:04.3801785Z   persist-credentials: true
2026-09-15T14:41:04.3802305Z   clean: true
2026-09-15T14:41:04.3802749Z   sparse-checkout-cone-mode: true
2026-09-15T14:41:04.3803265Z   fetch-tags: false
2026-09-15T14:41:04.3803699Z   show-progress: true
2026-09-15T14:41:04.3804142Z   lfs: false
2026-09-15T14:41:04.3804590Z   submodules: false
2026-09-15T14:41:04.3805031Z   set-safe-directory: true
2026-09-15T14:41:04.3805530Z   allow-unsafe-pr-checkout: false
2026-09-15T14:41:04.3806335Z ##[endgroup]
2026-09-15T14:41:04.4794158Z Syncing repository: mekhovov/revealline
2026-09-15T14:41:04.4796682Z ##[group]Getting Git version info
2026-09-15T14:41:04.4798136Z Working directory is '/home/runner/work/revealline/revealline'
2026-09-15T14:41:04.4799852Z [command]/usr/bin/git version
2026-09-15T14:41:04.4918196Z git version 2.55.0
2026-09-15T14:41:04.4940867Z ##[endgroup]
2026-09-15T14:41:04.4949574Z Temporarily overriding HOME='/home/runner/work/_temp/baf3e628-2d69-43b7-bf00-2b91f45c320f' before making global git config changes
2026-09-15T14:41:04.4951990Z Adding repository directory to the temporary git global config as a safe directory
2026-09-15T14:41:04.4958451Z [command]/usr/bin/git config --global --add safe.directory /home/runner/work/revealline/revealline
2026-09-15T14:41:04.5002573Z Deleting the contents of '/home/runner/work/revealline/revealline'
2026-09-15T14:41:04.5007563Z ##[group]Initializing the repository
2026-09-15T14:41:04.5011335Z [command]/usr/bin/git init /home/runner/work/revealline/revealline
2026-09-15T14:41:04.5102754Z hint: Using 'master' as the name for the initial branch. This default branch name
2026-09-15T14:41:04.5104613Z hint: will change to "main" in Git 3.0. To configure the initial branch name
2026-09-15T14:41:04.5106562Z hint: to use in all of your new repositories, which will suppress this warning,
2026-09-15T14:41:04.5108340Z hint: call:
2026-09-15T14:41:04.5110953Z hint:
2026-09-15T14:41:04.5111982Z hint: 	git config --global init.defaultBranch <name>
2026-09-15T14:41:04.5113220Z hint:
2026-09-15T14:41:04.5114577Z hint: Names commonly chosen instead of 'master' are 'main', 'trunk' and
2026-09-15T14:41:04.5116372Z hint: 'development'. The just-created branch can be renamed via this command:
2026-09-15T14:41:04.5118044Z hint:
2026-09-15T14:41:04.5119007Z hint: 	git branch -m <name>
2026-09-15T14:41:04.5120106Z hint:
2026-09-15T14:41:04.5121356Z hint: Disable this message with "git config set advice.defaultBranchName false"
2026-09-15T14:41:04.5123663Z Initialized empty Git repository in /home/runner/work/revealline/revealline/.git/
2026-09-15T14:41:04.5127289Z [command]/usr/bin/git remote add origin https://github.com/mekhovov/revealline
2026-09-15T14:41:04.5165368Z ##[endgroup]
2026-09-15T14:41:04.5166680Z ##[group]Disabling automatic garbage collection
2026-09-15T14:41:04.5170379Z [command]/usr/bin/git config --local gc.auto 0
2026-09-15T14:41:04.5203119Z ##[endgroup]
2026-09-15T14:41:04.5203896Z ##[group]Setting up auth
2026-09-15T14:41:04.5211317Z [command]/usr/bin/git config --local --name-only --get-regexp core\.sshCommand
2026-09-15T14:41:04.5244342Z [command]/usr/bin/git submodule foreach --recursive sh -c "git config --local --name-only --get-regexp 'core\.sshCommand' && git config --local --unset-all 'core.sshCommand' || :"
2026-09-15T14:41:04.5619897Z [command]/usr/bin/git config --local --name-only --get-regexp http\.https\:\/\/github\.com\/\.extraheader
2026-09-15T14:41:04.5662815Z [command]/usr/bin/git submodule foreach --recursive sh -c "git config --local --name-only --get-regexp 'http\.https\:\/\/github\.com\/\.extraheader' && git config --local --unset-all 'http.https://github.com/.extraheader' || :"
2026-09-15T14:41:04.5894150Z [command]/usr/bin/git config --local --name-only --get-regexp ^includeIf\.gitdir:
2026-09-15T14:41:04.5931718Z [command]/usr/bin/git submodule foreach --recursive git config --local --show-origin --name-only --get-regexp remote.origin.url
2026-09-15T14:41:04.6155940Z [command]/usr/bin/git config --local http.https://github.com/.extraheader AUTHORIZATION: basic ***
2026-09-15T14:41:04.6194949Z ##[endgroup]
2026-09-15T14:41:04.6195857Z ##[group]Fetching the repository
2026-09-15T14:41:04.6204969Z [command]/usr/bin/git -c protocol.version=2 fetch --prune --no-recurse-submodules origin +refs/heads/*:refs/remotes/origin/* +refs/tags/*:refs/tags/*
2026-09-15T14:41:15.5898364Z From https://github.com/mekhovov/revealline
2026-09-15T14:41:15.5900840Z  * [new branch]      codex/admit-v052-archive12 -> origin/codex/admit-v052-archive12
2026-09-15T14:41:15.5903353Z  * [new branch]      codex/cross-mode-p00    -> origin/codex/cross-mode-p00
2026-09-15T14:41:15.5905381Z  * [new branch]      codex/cross-mode-p01    -> origin/codex/cross-mode-p01
2026-09-15T14:41:15.5907571Z  * [new branch]      codex/cross-mode-p01-library-feedback -> origin/codex/cross-mode-p01-library-feedback
2026-09-15T14:41:15.5909844Z  * [new branch]      codex/cross-mode-p01-offline-feedback -> origin/codex/cross-mode-p01-offline-feedback
2026-09-15T14:41:15.5912195Z  * [new branch]      codex/cross-mode-p01-pages-v0571 -> origin/codex/cross-mode-p01-pages-v0571
2026-09-15T14:41:15.5914613Z  * [new branch]      codex/fpv-redesign-phase0 -> origin/codex/fpv-redesign-phase0
2026-09-15T14:41:15.5917509Z  * [new branch]      codex/fpv-redesign-phase1 -> origin/codex/fpv-redesign-phase1
2026-09-15T14:41:15.5920134Z  * [new branch]      codex/fpv-redesign-phase1-integration -> origin/codex/fpv-redesign-phase1-integration
2026-09-15T14:41:15.5922688Z  * [new branch]      codex/fpv-redesign-phase2 -> origin/codex/fpv-redesign-phase2
2026-09-15T14:41:15.5925266Z  * [new branch]      codex/fpv-redesign-phase2-integration -> origin/codex/fpv-redesign-phase2-integration
2026-09-15T14:41:15.5928188Z  * [new branch]      codex/fpv-redesign-phase3 -> origin/codex/fpv-redesign-phase3
2026-09-15T14:41:15.5930812Z  * [new branch]      codex/fpv-redesign-phase3-integration -> origin/codex/fpv-redesign-phase3-integration
2026-09-15T14:41:15.5933663Z  * [new branch]      codex/fpv-redesign-phase4 -> origin/codex/fpv-redesign-phase4
2026-09-15T14:41:15.5936584Z  * [new branch]      codex/fpv-redesign-phase4-integration -> origin/codex/fpv-redesign-phase4-integration
2026-09-15T14:41:15.5939801Z  * [new branch]      codex/fpv-redesign-phase5 -> origin/codex/fpv-redesign-phase5
2026-09-15T14:41:15.5942610Z  * [new branch]      codex/fpv-redesign-phase5-integration -> origin/codex/fpv-redesign-phase5-integration
2026-09-15T14:41:15.5946514Z  * [new branch]      codex/fpv-redesign-phase5-qualification -> origin/codex/fpv-redesign-phase5-qualification
2026-09-15T14:41:15.5950193Z  * [new branch]      codex/fpv-redesign-phase6 -> origin/codex/fpv-redesign-phase6
2026-09-15T14:41:15.5952956Z  * [new branch]      codex/fpv-redesign-phase6-integration -> origin/codex/fpv-redesign-phase6-integration
2026-09-15T14:41:15.5956249Z  * [new branch]      codex/fpv-redesign-phase6-qualification -> origin/codex/fpv-redesign-phase6-qualification
2026-09-15T14:41:15.5960189Z  * [new branch]      codex/fpv-redesign-phase7 -> origin/codex/fpv-redesign-phase7
2026-09-15T14:41:15.5964517Z  * [new branch]      codex/fpv-redesign-phase7-integration -> origin/codex/fpv-redesign-phase7-integration
2026-09-15T14:41:15.5968152Z  * [new branch]      codex/frozen-pages-controller -> origin/codex/frozen-pages-controller
2026-09-15T14:41:15.5972372Z  * [new branch]      codex/frozen-pages-field-kit-final -> origin/codex/frozen-pages-field-kit-final
2026-09-15T14:41:15.5975635Z  * [new branch]      codex/hosted-qualified-freezes -> origin/codex/hosted-qualified-freezes
2026-09-15T14:41:15.5978425Z  * [new branch]      codex/p00-pages-v055    -> origin/codex/p00-pages-v055
2026-09-15T14:41:15.5980932Z  * [new branch]      codex/p00-public-acceptance -> origin/codex/p00-public-acceptance
2026-09-15T14:41:15.5983321Z  * [new branch]      codex/p01-pages-v057    -> origin/codex/p01-pages-v057
2026-09-15T14:41:15.5985658Z  * [new branch]      codex/pages-artifact-budget -> origin/codex/pages-artifact-budget
2026-09-15T14:41:15.5988575Z  * [new branch]      codex/promote-qualified-freezes -> origin/codex/promote-qualified-freezes
2026-09-15T14:41:15.5990987Z  * [new branch]      codex/relay-rescue      -> origin/codex/relay-rescue
2026-09-15T14:41:15.5993567Z  * [new branch]      codex/relay-rescue-publication-prep -> origin/codex/relay-rescue-publication-prep
2026-09-15T14:41:15.5996956Z  * [new branch]      codex/release-router-pending-selector -> origin/codex/release-router-pending-selector
2026-09-15T14:41:15.6000654Z  * [new branch]      codex/release-v0.51.1-audio -> origin/codex/release-v0.51.1-audio
2026-09-15T14:41:15.6003215Z  * [new branch]      codex/v053-on-v052      -> origin/codex/v053-on-v052
2026-09-15T14:41:15.6005739Z  * [new branch]      codex/v054-production-ledger -> origin/codex/v054-production-ledger
2026-09-15T14:41:15.6009677Z  * [new branch]      codex/verify-qualified-freeze-artifacts -> origin/codex/verify-qualified-freeze-artifacts
2026-09-15T14:41:15.6014236Z  * [new branch]      delivery/v0.56-public-acceptance -> origin/delivery/v0.56-public-acceptance
2026-09-15T14:41:15.6018218Z  * [new branch]      feat/campaign-production -> origin/feat/campaign-production
2026-09-15T14:41:15.6020600Z  * [new branch]      feat/couch-native-shell -> origin/feat/couch-native-shell
2026-09-15T14:41:15.6022927Z  * [new branch]      feat/countercurrent-v041 -> origin/feat/countercurrent-v041
2026-09-15T14:41:15.6025646Z  * [new branch]      feat/fracture-chapter-adoption -> origin/feat/fracture-chapter-adoption
2026-09-15T14:41:15.6028937Z  * [new branch]      feat/media-studio-milestone -> origin/feat/media-studio-milestone
2026-09-15T14:41:15.6031331Z  * [new branch]      feat/original-art-library -> origin/feat/original-art-library
2026-09-15T14:41:15.6033812Z  * [new branch]      feat/p5-fpv-source-integration -> origin/feat/p5-fpv-source-integration
2026-09-15T14:41:15.6036444Z  * [new branch]      feat/picture-runtime-adoption -> origin/feat/picture-runtime-adoption
2026-09-15T14:41:15.6039551Z  * [new branch]      feat/poster-and-tactical-preview -> origin/feat/poster-and-tactical-preview
2026-09-15T14:41:15.6042435Z  * [new branch]      feat/presentation-ux-integration -> origin/feat/presentation-ux-integration
2026-09-15T14:41:15.6045238Z  * [new branch]      feat/pressure-and-presentation -> origin/feat/pressure-and-presentation
2026-09-15T14:41:15.6048236Z  * [new branch]      feat/production-register -> origin/feat/production-register
2026-09-15T14:41:15.6050680Z  * [new branch]      feat/story-runtime-adoption -> origin/feat/story-runtime-adoption
2026-09-15T14:41:15.6053104Z  * [new branch]      feat/world-browser-polish -> origin/feat/world-browser-polish
2026-09-15T14:41:15.6055712Z  * [new branch]      feature/compact-pause-and-guidance -> origin/feature/compact-pause-and-guidance
2026-09-15T14:41:15.6058950Z  * [new branch]      feature/line-impact-and-catalog -> origin/feature/line-impact-and-catalog
2026-09-15T14:41:15.6062094Z  * [new branch]      feature/native-controls-and-arcade-flow -> origin/feature/native-controls-and-arcade-flow
2026-09-15T14:41:15.6065230Z  * [new branch]      feature/native-game-edition -> origin/feature/native-game-edition
2026-09-15T14:41:15.6068393Z  * [new branch]      feature/player-library-and-couch-polish -> origin/feature/player-library-and-couch-polish
2026-09-15T14:41:15.6072089Z  * [new branch]      fix/ci-release-shard-source -> origin/fix/ci-release-shard-source
2026-09-15T14:41:15.6074444Z  * [new branch]      fix/immutable-pages-entry -> origin/fix/immutable-pages-entry
2026-09-15T14:41:15.6077550Z  * [new branch]      fix/v052-preserve-tested-integration -> origin/fix/v052-preserve-tested-integration
2026-09-15T14:41:15.6079850Z  * [new branch]      main                    -> origin/main
2026-09-15T14:41:15.6082226Z  * [new branch]      publication/archive12-v056-admission-root -> origin/publication/archive12-v056-admission-root
2026-09-15T14:41:15.6084820Z  * [new branch]      release/v0.32.0         -> origin/release/v0.32.0
2026-09-15T14:41:15.6087180Z  * [new branch]      release/v0.56-publication -> origin/release/v0.56-publication
2026-09-15T14:41:15.6090167Z  * [new tag]         v0.0.9-motion-lab       -> v0.0.9-motion-lab
2026-09-15T14:41:15.6091746Z  * [new tag]         v0.1.0                  -> v0.1.0
2026-09-15T14:41:15.6093133Z  * [new tag]         v0.1.1                  -> v0.1.1
2026-09-15T14:41:15.6094535Z  * [new tag]         v0.1.2                  -> v0.1.2
2026-09-15T14:41:15.6095933Z  * [new tag]         v0.10.0                 -> v0.10.0
2026-09-15T14:41:15.6097788Z  * [new tag]         v0.11.0                 -> v0.11.0
2026-09-15T14:41:15.6099451Z  * [new tag]         v0.12.0                 -> v0.12.0
2026-09-15T14:41:15.6101320Z  * [new tag]         v0.13.0                 -> v0.13.0
2026-09-15T14:41:15.6102758Z  * [new tag]         v0.14.0                 -> v0.14.0
2026-09-15T14:41:15.6104362Z  * [new tag]         v0.15.0                 -> v0.15.0
2026-09-15T14:41:15.6106213Z  * [new tag]         v0.16.0                 -> v0.16.0
2026-09-15T14:41:15.6107797Z  * [new tag]         v0.17.0                 -> v0.17.0
2026-09-15T14:41:15.6109187Z  * [new tag]         v0.17.1                 -> v0.17.1
2026-09-15T14:41:15.6110582Z  * [new tag]         v0.18.0                 -> v0.18.0
2026-09-15T14:41:15.6111974Z  * [new tag]         v0.19.0                 -> v0.19.0
2026-09-15T14:41:15.6113571Z  * [new tag]         v0.2.0                  -> v0.2.0
2026-09-15T14:41:15.6114950Z  * [new tag]         v0.2.1                  -> v0.2.1
2026-09-15T14:41:15.6116543Z  * [new tag]         v0.20.0                 -> v0.20.0
2026-09-15T14:41:15.6118071Z  * [new tag]         v0.21.0                 -> v0.21.0
2026-09-15T14:41:15.6119510Z  * [new tag]         v0.22.0                 -> v0.22.0
2026-09-15T14:41:15.6120875Z  * [new tag]         v0.23.0                 -> v0.23.0
2026-09-15T14:41:15.6122222Z  * [new tag]         v0.24.0                 -> v0.24.0
2026-09-15T14:41:15.6123582Z  * [new tag]         v0.25.0                 -> v0.25.0
2026-09-15T14:41:15.6124922Z  * [new tag]         v0.26.0                 -> v0.26.0
2026-09-15T14:41:15.6126276Z  * [new tag]         v0.27.0                 -> v0.27.0
2026-09-15T14:41:15.6127751Z  * [new tag]         v0.28.0                 -> v0.28.0
2026-09-15T14:41:15.6129108Z  * [new tag]         v0.29.0                 -> v0.29.0
2026-09-15T14:41:15.6130456Z  * [new tag]         v0.29.1                 -> v0.29.1
2026-09-15T14:41:15.6131800Z  * [new tag]         v0.29.2                 -> v0.29.2
2026-09-15T14:41:15.6133172Z  * [new tag]         v0.3.0                  -> v0.3.0
2026-09-15T14:41:15.6134672Z  * [new tag]         v0.30.0                 -> v0.30.0
2026-09-15T14:41:15.6136033Z  * [new tag]         v0.31.0                 -> v0.31.0
2026-09-15T14:41:15.6137670Z  * [new tag]         v0.32.0                 -> v0.32.0
2026-09-15T14:41:15.6139328Z  * [new tag]         v0.33.0                 -> v0.33.0
2026-09-15T14:41:15.6140920Z  * [new tag]         v0.34.0                 -> v0.34.0
2026-09-15T14:41:15.6142614Z  * [new tag]         v0.35.0                 -> v0.35.0
2026-09-15T14:41:15.6144161Z  * [new tag]         v0.36.0                 -> v0.36.0
2026-09-15T14:41:15.6145705Z  * [new tag]         v0.37.0                 -> v0.37.0
2026-09-15T14:41:15.6147572Z  * [new tag]         v0.38.0                 -> v0.38.0
2026-09-15T14:41:15.6149322Z  * [new tag]         v0.39.0                 -> v0.39.0
2026-09-15T14:41:15.6150913Z  * [new tag]         v0.4.0                  -> v0.4.0
2026-09-15T14:41:15.6152609Z  * [new tag]         v0.4.1                  -> v0.4.1
2026-09-15T14:41:15.6154147Z  * [new tag]         v0.40.0                 -> v0.40.0
2026-09-15T14:41:15.6155688Z  * [new tag]         v0.41.0                 -> v0.41.0
2026-09-15T14:41:15.6157497Z  * [new tag]         v0.42.0                 -> v0.42.0
2026-09-15T14:41:15.6159021Z  * [new tag]         v0.44.0                 -> v0.44.0
2026-09-15T14:41:15.6160542Z  * [new tag]         v0.45.0                 -> v0.45.0
2026-09-15T14:41:15.6162148Z  * [new tag]         v0.46.0                 -> v0.46.0
2026-09-15T14:41:15.6163751Z  * [new tag]         v0.47.0                 -> v0.47.0
2026-09-15T14:41:15.6165287Z  * [new tag]         v0.48.0                 -> v0.48.0
2026-09-15T14:41:15.6167051Z  * [new tag]         v0.49.0                 -> v0.49.0
2026-09-15T14:41:15.6168671Z  * [new tag]         v0.5.0                  -> v0.5.0
2026-09-15T14:41:15.6170206Z  * [new tag]         v0.50.0                 -> v0.50.0
2026-09-15T14:41:15.6171744Z  * [new tag]         v0.51.0                 -> v0.51.0
2026-09-15T14:41:15.6173397Z  * [new tag]         v0.52.0                 -> v0.52.0
2026-09-15T14:41:15.6174923Z  * [new tag]         v0.53.0                 -> v0.53.0
2026-09-15T14:41:15.6176439Z  * [new tag]         v0.54.0                 -> v0.54.0
2026-09-15T14:41:15.6178196Z  * [new tag]         v0.55.0                 -> v0.55.0
2026-09-15T14:41:15.6179744Z  * [new tag]         v0.56.0                 -> v0.56.0
2026-09-15T14:41:15.6181265Z  * [new tag]         v0.57.0                 -> v0.57.0
2026-09-15T14:41:15.6182787Z  * [new tag]         v0.57.1                 -> v0.57.1
2026-09-15T14:41:15.6184450Z  * [new tag]         v0.6.0                  -> v0.6.0
2026-09-15T14:41:15.6185958Z  * [new tag]         v0.7.0                  -> v0.7.0
2026-09-15T14:41:15.6187718Z  * [new tag]         v0.8.0                  -> v0.8.0
2026-09-15T14:41:15.6189402Z  * [new tag]         v0.9.0                  -> v0.9.0
2026-09-15T14:41:15.6193695Z [command]/usr/bin/git branch --list --remote origin/codex/cross-mode-p01-library-feedback
2026-09-15T14:41:15.6195995Z   origin/codex/cross-mode-p01-library-feedback
2026-09-15T14:41:15.6199772Z [command]/usr/bin/git rev-parse refs/remotes/origin/codex/cross-mode-p01-library-feedback
2026-09-15T14:41:15.6202076Z 69195ddd1d21a7bc3f863cf7589069a735301a03
2026-09-15T14:41:15.6205110Z ##[endgroup]
2026-09-15T14:41:15.6206923Z ##[group]Determining the checkout info
2026-09-15T14:41:15.6208606Z ##[endgroup]
2026-09-15T14:41:15.6209716Z [command]/usr/bin/git sparse-checkout disable
2026-09-15T14:41:15.6212568Z [command]/usr/bin/git config --local --unset-all extensions.worktreeConfig
2026-09-15T14:41:15.6215862Z ##[group]Checking out the ref
2026-09-15T14:41:15.6218842Z [command]/usr/bin/git checkout --progress --force -B codex/cross-mode-p01-library-feedback refs/remotes/origin/codex/cross-mode-p01-library-feedback
2026-09-15T14:41:16.6325284Z Updating files:  19% (1177/5968)
2026-09-15T14:41:16.6419547Z Updating files:  20% (1194/5968)
2026-09-15T14:41:16.6483208Z Updating files:  21% (1254/5968)
2026-09-15T14:41:16.6540895Z Updating files:  22% (1313/5968)
2026-09-15T14:41:16.6598060Z Updating files:  23% (1373/5968)
2026-09-15T14:41:16.6679630Z Updating files:  24% (1433/5968)
2026-09-15T14:41:16.6741822Z Updating files:  25% (1492/5968)
2026-09-15T14:41:16.6815636Z Updating files:  26% (1552/5968)
2026-09-15T14:41:16.6864888Z Updating files:  27% (1612/5968)
2026-09-15T14:41:16.6903415Z Updating files:  28% (1672/5968)
2026-09-15T14:41:16.6987175Z Updating files:  29% (1731/5968)
2026-09-15T14:41:16.7063338Z Updating files:  30% (1791/5968)
2026-09-15T14:41:16.7139283Z Updating files:  31% (1851/5968)
2026-09-15T14:41:16.7221948Z Updating files:  32% (1910/5968)
2026-09-15T14:41:16.7322175Z Updating files:  33% (1970/5968)
2026-09-15T14:41:16.7375404Z Updating files:  34% (2030/5968)
2026-09-15T14:41:16.7521852Z Updating files:  35% (2089/5968)
2026-09-15T14:41:16.7781667Z Updating files:  36% (2149/5968)
2026-09-15T14:41:16.7889880Z Updating files:  37% (2209/5968)
2026-09-15T14:41:16.8019174Z Updating files:  38% (2268/5968)
2026-09-15T14:41:16.8130162Z Updating files:  39% (2328/5968)
2026-09-15T14:41:16.8217884Z Updating files:  40% (2388/5968)
2026-09-15T14:41:16.8420646Z Updating files:  41% (2447/5968)
2026-09-15T14:41:16.8660208Z Updating files:  42% (2507/5968)
2026-09-15T14:41:16.8818142Z Updating files:  43% (2567/5968)
2026-09-15T14:41:16.8951100Z Updating files:  44% (2626/5968)
2026-09-15T14:41:16.9051248Z Updating files:  45% (2686/5968)
2026-09-15T14:41:16.9131909Z Updating files:  46% (2746/5968)
2026-09-15T14:41:16.9253383Z Updating files:  47% (2805/5968)
2026-09-15T14:41:16.9346030Z Updating files:  48% (2865/5968)
2026-09-15T14:41:16.9657772Z Updating files:  49% (2925/5968)
2026-09-15T14:41:16.9704008Z Updating files:  50% (2984/5968)
2026-09-15T14:41:16.9757005Z Updating files:  51% (3044/5968)
2026-09-15T14:41:17.0271987Z Updating files:  52% (3104/5968)
2026-09-15T14:41:17.1950989Z Updating files:  53% (3164/5968)
2026-09-15T14:41:17.2014226Z Updating files:  54% (3223/5968)
2026-09-15T14:41:17.2094209Z Updating files:  55% (3283/5968)
2026-09-15T14:41:17.2158516Z Updating files:  56% (3343/5968)
2026-09-15T14:41:17.2273614Z Updating files:  57% (3402/5968)
2026-09-15T14:41:17.2329456Z Updating files:  58% (3462/5968)
2026-09-15T14:41:17.2380227Z Updating files:  59% (3522/5968)
2026-09-15T14:41:17.2433418Z Updating files:  60% (3581/5968)
2026-09-15T14:41:17.2482122Z Updating files:  61% (3641/5968)
2026-09-15T14:41:17.2531586Z Updating files:  62% (3701/5968)
2026-09-15T14:41:17.2579277Z Updating files:  63% (3760/5968)
2026-09-15T14:41:17.2641547Z Updating files:  64% (3820/5968)
2026-09-15T14:41:17.2689100Z Updating files:  65% (3880/5968)
2026-09-15T14:41:17.2784749Z Updating files:  66% (3939/5968)
2026-09-15T14:41:17.2967620Z Updating files:  67% (3999/5968)
2026-09-15T14:41:17.3136334Z Updating files:  68% (4059/5968)
2026-09-15T14:41:17.3235746Z Updating files:  69% (4118/5968)
2026-09-15T14:41:17.3363830Z Updating files:  70% (4178/5968)
2026-09-15T14:41:17.3455693Z Updating files:  71% (4238/5968)
2026-09-15T14:41:17.3500642Z Updating files:  72% (4297/5968)
2026-09-15T14:41:17.3584421Z Updating files:  73% (4357/5968)
2026-09-15T14:41:17.3647677Z Updating files:  74% (4417/5968)
2026-09-15T14:41:17.3703904Z Updating files:  75% (4476/5968)
2026-09-15T14:41:17.3750824Z Updating files:  76% (4536/5968)
2026-09-15T14:41:17.3790515Z Updating files:  77% (4596/5968)
2026-09-15T14:41:17.3851338Z Updating files:  78% (4656/5968)
2026-09-15T14:41:17.3913275Z Updating files:  79% (4715/5968)
2026-09-15T14:41:17.3983045Z Updating files:  80% (4775/5968)
2026-09-15T14:41:17.4113037Z Updating files:  81% (4835/5968)
2026-09-15T14:41:17.4170196Z Updating files:  82% (4894/5968)
2026-09-15T14:41:17.4222163Z Updating files:  83% (4954/5968)
2026-09-15T14:41:17.4354697Z Updating files:  84% (5014/5968)
2026-09-15T14:41:17.4417209Z Updating files:  85% (5073/5968)
2026-09-15T14:41:17.4442661Z Updating files:  86% (5133/5968)
2026-09-15T14:41:17.4466245Z Updating files:  87% (5193/5968)
2026-09-15T14:41:17.4508508Z Updating files:  88% (5252/5968)
2026-09-15T14:41:17.4607665Z Updating files:  89% (5312/5968)
2026-09-15T14:41:17.4680750Z Updating files:  90% (5372/5968)
2026-09-15T14:41:17.4782725Z Updating files:  91% (5431/5968)
2026-09-15T14:41:17.4950013Z Updating files:  92% (5491/5968)
2026-09-15T14:41:17.5031427Z Updating files:  93% (5551/5968)
2026-09-15T14:41:17.5110725Z Updating files:  94% (5610/5968)
2026-09-15T14:41:17.5155291Z Updating files:  95% (5670/5968)
2026-09-15T14:41:17.5202989Z Updating files:  96% (5730/5968)
2026-09-15T14:41:17.5240548Z Updating files:  97% (5789/5968)
2026-09-15T14:41:17.5283382Z Updating files:  98% (5849/5968)
2026-09-15T14:41:17.5330330Z Updating files:  99% (5909/5968)
2026-09-15T14:41:17.5331286Z Updating files: 100% (5968/5968)
2026-09-15T14:41:17.5331767Z Updating files: 100% (5968/5968), done.
2026-09-15T14:41:17.5406020Z Switched to a new branch 'codex/cross-mode-p01-library-feedback'
2026-09-15T14:41:17.5412571Z branch 'codex/cross-mode-p01-library-feedback' set up to track 'origin/codex/cross-mode-p01-library-feedback'.
2026-09-15T14:41:17.5523712Z ##[endgroup]
2026-09-15T14:41:17.5572122Z [command]/usr/bin/git log -1 --format=%H
2026-09-15T14:41:17.5600129Z 69195ddd1d21a7bc3f863cf7589069a735301a03
2026-09-15T14:41:17.5850474Z Node 20 is being deprecated. This workflow is running with Node 24 by default. If you need to temporarily use Node 20, you can set the ACTIONS_ALLOW_USE_UNSECURE_NODE_VERSION=true environment variable. For more information see: https://github.blog/changelog/2025-09-19-deprecation-of-node-20-on-github-actions-runners/
2026-09-15T14:41:17.5852456Z ##[group]Run actions/setup-node@v4
2026-09-15T14:41:17.5852727Z with:
2026-09-15T14:41:17.5852940Z   node-version: 20.19.x
2026-09-15T14:41:17.5853161Z   cache: npm
2026-09-15T14:41:17.5853359Z   always-auth: false
2026-09-15T14:41:17.5853577Z   check-latest: false
2026-09-15T14:41:17.5855967Z   token: ***
2026-09-15T14:41:17.5856177Z ##[endgroup]
2026-09-15T14:41:17.7272133Z Attempting to download 20.19.x...
2026-09-15T14:41:17.7386001Z (node:2285) [DEP0040] DeprecationWarning: The `punycode` module is deprecated. Please use a userland alternative instead.
2026-09-15T14:41:17.7387610Z (Use `node --trace-deprecation ...` to show where the warning was created)
2026-09-15T14:41:18.2522333Z Acquiring 20.19.6 - x64 from https://github.com/actions/node-versions/releases/download/20.19.6-19690675733/node-20.19.6-linux-x64.tar.gz
2026-09-15T14:41:18.5768983Z Extracting ...
2026-09-15T14:41:18.5897035Z [command]/usr/bin/tar xz --strip 1 --warning=no-unknown-keyword --overwrite -C /home/runner/work/_temp/7eb3047a-091f-4b1b-9769-440cc060571d -f /home/runner/work/_temp/9175bcb0-e5ab-447b-a194-3118c0175806
2026-09-15T14:41:19.6162273Z Adding to the cache ...
2026-09-15T14:41:21.5096499Z ##[group]Environment details
2026-09-15T14:41:21.7287950Z node: v20.19.6
2026-09-15T14:41:21.7288681Z npm: 10.8.2
2026-09-15T14:41:21.7289001Z yarn: 1.22.22
2026-09-15T14:41:21.7289686Z ##[endgroup]
2026-09-15T14:41:21.7311111Z [command]/opt/hostedtoolcache/node/20.19.6/x64/bin/npm config get cache
2026-09-15T14:41:21.8321713Z /home/runner/.npm
2026-09-15T14:41:21.9116197Z Cache hit for: node-cache-Linux-x64-npm-1862b28f2e68083ac7ee8c6c9a4cd16ff6aaab0b76bf75940aedf75c9c15fc1c
2026-09-15T14:41:21.9237740Z (node:2285) [DEP0169] DeprecationWarning: `url.parse()` behavior is not standardized and prone to errors that have security implications. Use the WHATWG URL API instead. CVEs are not issued for `url.parse()` vulnerabilities.
2026-09-15T14:41:22.1533891Z Received 24195519 of 24195519 (100.0%), 112.6 MBs/sec
2026-09-15T14:41:22.1534547Z Cache Size: ~23 MB (24195519 B)
2026-09-15T14:41:22.1562184Z [command]/usr/bin/tar -xf /home/runner/work/_temp/580c3d31-7132-4aba-aeac-ee98537c26be/cache.tzst -P -C /home/runner/work/revealline/revealline --use-compress-program unzstd
2026-09-15T14:41:22.2102813Z Cache restored successfully
2026-09-15T14:41:22.2119746Z Cache restored from key: node-cache-Linux-x64-npm-1862b28f2e68083ac7ee8c6c9a4cd16ff6aaab0b76bf75940aedf75c9c15fc1c
2026-09-15T14:41:22.2326096Z ##[group]Run test "$(git rev-parse HEAD)" = "$GITHUB_SHA"
2026-09-15T14:41:22.2326599Z [36;1mtest "$(git rev-parse HEAD)" = "$GITHUB_SHA"[0m
2026-09-15T14:41:22.2327289Z [36;1mgit rev-parse HEAD 'HEAD^{tree}'[0m
2026-09-15T14:41:22.2327597Z [36;1mnode --version[0m
2026-09-15T14:41:22.2328063Z [36;1msha256sum package.json package-lock.json scripts/game-cli.mjs scripts/run-test-shard.mjs[0m
2026-09-15T14:41:22.2373121Z shell: /usr/bin/bash -e {0}
2026-09-15T14:41:22.2373407Z ##[endgroup]
2026-09-15T14:41:22.2496468Z 69195ddd1d21a7bc3f863cf7589069a735301a03
2026-09-15T14:41:22.2497270Z 6dea75eef274c3625d7a7e9c251b20d587a42191
2026-09-15T14:41:22.2519958Z v20.19.6
2026-09-15T14:41:22.2543928Z aea77f8a799ed1090a3a0e73288b91258696dc092868e0ad39d12c3b71674329  package.json
2026-09-15T14:41:22.2544903Z 5e68fe93f4c6d6bc6ef23d95b21f9fab96b6ce0f219709ebce4112adf1f86190  package-lock.json
2026-09-15T14:41:22.2545715Z 74353c39c14fdfe3c784c2657944024e3d2b7057d3fb92e562470e55e4306629  scripts/game-cli.mjs
2026-09-15T14:41:22.2546509Z dec7c80967cb23c6873968ef28f4c948203539e482c27787713e5f4c1ffc6730  scripts/run-test-shard.mjs
2026-09-15T14:41:22.2583079Z ##[group]Run npm ci
2026-09-15T14:41:22.2583335Z [36;1mnpm ci[0m
2026-09-15T14:41:22.2620904Z shell: /usr/bin/bash -e {0}
2026-09-15T14:41:22.2621175Z ##[endgroup]
2026-09-15T14:41:24.5617421Z 
2026-09-15T14:41:24.5618425Z added 81 packages, and audited 82 packages in 2s
2026-09-15T14:41:24.5618902Z 
2026-09-15T14:41:24.5619184Z 18 packages are looking for funding
2026-09-15T14:41:24.5619698Z   run `npm fund` for details
2026-09-15T14:41:24.5627737Z 
2026-09-15T14:41:24.5628185Z found 0 vulnerabilities
2026-09-15T14:41:24.5843041Z ##[group]Run node scripts/run-test-shard.mjs --shard 3/4 --list
2026-09-15T14:41:24.5843535Z [36;1mnode scripts/run-test-shard.mjs --shard 3/4 --list[0m
2026-09-15T14:41:24.5881462Z shell: /usr/bin/bash -e {0}
2026-09-15T14:41:24.5881728Z ##[endgroup]
2026-09-15T14:41:24.6372774Z Running 94/376 test files in shard 3/4.
2026-09-15T14:41:24.6376464Z authoring/motion-lab/test-collection.mjs
2026-09-15T14:41:24.6377363Z game/test/actor-presentation.test.mjs
2026-09-15T14:41:24.6378174Z game/test/asset-studio-context-geometry.test.mjs
2026-09-15T14:41:24.6378951Z game/test/asset-studio-loading.test.mjs
2026-09-15T14:41:24.6379592Z game/test/async-wait.test.mjs
2026-09-15T14:41:24.6380124Z game/test/audio.test.mjs
2026-09-15T14:41:24.6380656Z game/test/backup.test.mjs
2026-09-15T14:41:24.6381160Z game/test/boot.test.mjs
2026-09-15T14:41:24.6381750Z game/test/campaign-difficulty.test.mjs
2026-09-15T14:41:24.6382466Z game/test/chapter-download.test.mjs
2026-09-15T14:41:24.6383354Z game/test/classic-domain-edge-recovery.test.mjs
2026-09-15T14:41:24.6384064Z game/test/classic-presentation.test.mjs
2026-09-15T14:41:24.6384692Z game/test/collection-results.test.mjs
2026-09-15T14:41:24.6385597Z game/test/content-launch.test.mjs
2026-09-15T14:41:24.6386234Z game/test/continuous-input.test.mjs
2026-09-15T14:41:24.6387090Z game/test/controller-boost-recovery.test.mjs
2026-09-15T14:41:24.6387770Z game/test/controller-navigation.test.mjs
2026-09-15T14:41:24.6388478Z game/test/controller-router-bindings.test.mjs
2026-09-15T14:41:24.6389060Z game/test/coop-balanced-routes.test.mjs
2026-09-15T14:41:24.6389387Z game/test/coop-host.test.mjs
2026-09-15T14:41:24.6389703Z game/test/coop-threat-pacing.test.mjs
2026-09-15T14:41:24.6390039Z game/test/core-movement.test.mjs
2026-09-15T14:41:24.6390354Z game/test/couch-encounter.test.mjs
2026-09-15T14:41:24.6390738Z game/test/couch-navigation.test.mjs
2026-09-15T14:41:24.6391128Z game/test/course-pause-host.test.mjs
2026-09-15T14:41:24.6391504Z game/test/defeat-presentation-host.test.mjs
2026-09-15T14:41:24.6391890Z game/test/difficulty-navigation.test.mjs
2026-09-15T14:41:24.6392245Z game/test/encounter-authoring.test.mjs
2026-09-15T14:41:24.6392611Z game/test/encounter-packs-backup.test.mjs
2026-09-15T14:41:24.6392979Z game/test/enemy-catalog-panel.test.mjs
2026-09-15T14:41:24.6393305Z game/test/enemy-guide.test.mjs
2026-09-15T14:41:24.6393627Z game/test/equipment-help-host.test.mjs
2026-09-15T14:41:24.6393977Z game/test/external-chapter-app.test.mjs
2026-09-15T14:41:24.6394330Z game/test/external-chapter-host.test.mjs
2026-09-15T14:41:24.6394699Z game/test/external-choice-capacity.test.mjs
2026-09-15T14:41:24.6395051Z game/test/field-kit-icons.test.mjs
2026-09-15T14:41:24.6395386Z game/test/field-kit-surfaces.test.mjs
2026-09-15T14:41:24.6395724Z game/test/first-flight-preview.test.mjs
2026-09-15T14:41:24.6396096Z game/test/first-light-playthrough.test.mjs
2026-09-15T14:41:24.6396453Z game/test/focus-clearance.test.mjs
2026-09-15T14:41:24.6397115Z game/test/fpv-r4-playthrough.test.mjs
2026-09-15T14:41:24.6397794Z game/test/fracture-chapter-distribution.test.mjs
2026-09-15T14:41:24.6398232Z game/test/fracture-theme-chapters.test.mjs
2026-09-15T14:41:24.6398621Z game/test/gallery-reduced-effects.test.mjs
2026-09-15T14:41:24.6398972Z game/test/hud-status-cues.test.mjs
2026-09-15T14:41:24.6399277Z game/test/library.test.mjs
2026-09-15T14:41:24.6399587Z game/test/managed-media-store.test.mjs
2026-09-15T14:41:24.6399926Z game/test/mastery-library.test.mjs
2026-09-15T14:41:24.6400294Z game/test/mastery-v070-compatibility.test.mjs
2026-09-15T14:41:24.6400706Z game/test/media-generic-portability.test.mjs
2026-09-15T14:41:24.6401063Z game/test/media-store.test.mjs
2026-09-15T14:41:24.6401383Z game/test/mission-thumbnails.test.mjs
2026-09-15T14:41:24.6401711Z game/test/multiplayer.test.mjs
2026-09-15T14:41:24.6402023Z game/test/operation-status.test.mjs
2026-09-15T14:41:24.6402375Z game/test/pack-mastery-integration.test.mjs
2026-09-15T14:41:24.6402964Z game/test/pause-menu-host.test.mjs
2026-09-15T14:41:24.6403277Z game/test/platform.test.mjs
2026-09-15T14:41:24.6403594Z game/test/practice-brief-host.test.mjs
2026-09-15T14:41:24.6403944Z game/test/presentation-backdrop.test.mjs
2026-09-15T14:41:24.6404307Z game/test/presentation-image.test.mjs
2026-09-15T14:41:24.6404642Z game/test/presentation-page.test.mjs
2026-09-15T14:41:24.6404990Z game/test/presentation-renderer.test.mjs
2026-09-15T14:41:24.6405373Z game/test/profile-channel-assets.test.mjs
2026-09-15T14:41:24.6405758Z game/test/profile-recovery-catalogs.test.mjs
2026-09-15T14:41:24.6406132Z game/test/profile-recovery-view.test.mjs
2026-09-15T14:41:24.6406482Z game/test/profile-writer.test.mjs
2026-09-15T14:41:24.6407135Z game/test/release-pictures.test.mjs
2026-09-15T14:41:24.6407554Z game/test/replay-theater-wide.test.mjs
2026-09-15T14:41:24.6407879Z game/test/retry-view.test.mjs
2026-09-15T14:41:24.6408190Z game/test/route-worlds.test.mjs
2026-09-15T14:41:24.6408515Z game/test/selection-bookmark.test.mjs
2026-09-15T14:41:24.6408876Z game/test/sentinel-theme-chapters.test.mjs
2026-09-15T14:41:24.6409270Z game/test/sessions-equipment-mastery.test.mjs
2026-09-15T14:41:24.6409646Z game/test/site-release-links.test.mjs
2026-09-15T14:41:24.6410137Z game/test/soundtrack-player.test.mjs
2026-09-15T14:41:24.6410470Z game/test/sprite-editor.test.mjs
2026-09-15T14:41:24.6410788Z game/test/still-media-host.test.mjs
2026-09-15T14:41:24.6411282Z game/test/still-story-panel.test.mjs
2026-09-15T14:41:24.6411921Z game/test/story-backup-transfer.test.mjs
2026-09-15T14:41:24.6412523Z game/test/story-dialog.test.mjs
2026-09-15T14:41:24.6413097Z game/test/tactical-challenges.test.mjs
2026-09-15T14:41:24.6413714Z game/test/text-face-library.test.mjs
2026-09-15T14:41:24.6414390Z game/test/touch-hand-compatibility.test.mjs
2026-09-15T14:41:24.6415017Z game/test/ukraine-role-host.test.mjs
2026-09-15T14:41:24.6415381Z game/test/video-poster-workshop.test.mjs
2026-09-15T14:41:24.6415737Z game/test/wide-presentation.test.mjs
2026-09-15T14:41:24.6416101Z platforms/desktop/test/packaging.test.mjs
2026-09-15T14:41:24.6416467Z platforms/ios/test/configuration.test.mjs
2026-09-15T14:41:24.6417157Z scripts/test-build-workshop-pack.mjs
2026-09-15T14:41:24.6417616Z scripts/test-external-distribution.mjs
2026-09-15T14:41:24.6417942Z scripts/test-pack-indexes.mjs
2026-09-15T14:41:24.6418287Z scripts/test-production-fracture-themes.mjs
2026-09-15T14:41:24.6418681Z scripts/test-production-sentinel-themes.mjs
2026-09-15T14:41:24.6419066Z scripts/test-snapshot-archive-transfer.mjs
2026-09-15T14:41:24.6466103Z ##[group]Run mkdir -p .cache
2026-09-15T14:41:24.6466416Z [36;1mmkdir -p .cache[0m
2026-09-15T14:41:24.6466709Z [36;1mnode scripts/run-test-shard.mjs --shard 3/4[0m
2026-09-15T14:41:24.6504387Z shell: /usr/bin/bash -e {0}
2026-09-15T14:41:24.6504657Z ##[endgroup]
2026-09-15T14:41:24.7001229Z Running 94/376 test files in shard 3/4.
2026-09-15T14:41:24.7485314Z TAP version 13
2026-09-15T14:41:24.8666214Z # Subtest: authored collection validates against its visual IDs without permitting stats
2026-09-15T14:41:24.8697888Z ok 1 - authored collection validates against its visual IDs without permitting stats
2026-09-15T14:41:24.8727349Z   ---
2026-09-15T14:41:24.8728093Z   duration_ms: 4.807463
2026-09-15T14:41:24.8757340Z   ...
2026-09-15T14:41:24.8787825Z # Subtest: each family starts with an eligible default and unknown contexts use neutral
2026-09-15T14:41:24.8790641Z ok 2 - each family starts with an eligible default and unknown contexts use neutral
2026-09-15T14:41:24.8817408Z   ---
2026-09-15T14:41:24.8818050Z   duration_ms: 6.222452
2026-09-15T14:41:24.8847598Z   ...
2026-09-15T14:41:24.8856451Z # Subtest: locked cards expose unmet alternatives; availability and ownership are distinct
2026-09-15T14:41:24.8877977Z ok 3 - locked cards expose unmet alternatives; availability and ownership are distinct
2026-09-15T14:41:24.8899538Z   ---
2026-09-15T14:41:24.8917562Z   duration_ms: 1.342323
2026-09-15T14:41:24.8940990Z   ...
2026-09-15T14:41:24.8968719Z # Subtest: complete simulated results change only a new profile; all fixtures earn variants without auto-equipping
2026-09-15T14:41:24.8998053Z ok 4 - complete simulated results change only a new profile; all fixtures earn variants without auto-equipping
2026-09-15T14:41:24.8998949Z   ---
2026-09-15T14:41:24.8999176Z   duration_ms: 13.883366
2026-09-15T14:41:24.8999415Z   ...
2026-09-15T14:41:24.8999895Z # Subtest: same event is idempotent and conflicting event or run IDs cannot rewrite a reward
2026-09-15T14:41:24.9000621Z ok 5 - same event is idempotent and conflicting event or run IDs cannot rewrite a reward
2026-09-15T14:41:24.9001046Z   ---
2026-09-15T14:41:24.9001255Z   duration_ms: 0.737696
2026-09-15T14:41:24.9001481Z   ...
2026-09-15T14:41:24.9001912Z # Subtest: event identity ignores object property order and objective-set order
2026-09-15T14:41:24.9002538Z ok 6 - event identity ignores object property order and objective-set order
2026-09-15T14:41:24.9002929Z   ---
2026-09-15T14:41:24.9003138Z   duration_ms: 0.46654
2026-09-15T14:41:24.9003358Z   ...
2026-09-15T14:41:24.9003816Z # Subtest: replays and challenge/map variants of the same level never inflate level counts
2026-09-15T14:41:24.9004847Z ok 7 - replays and challenge/map variants of the same level never inflate level counts
2026-09-15T14:41:24.9005258Z   ---
2026-09-15T14:41:24.9005456Z   duration_ms: 6.284949
2026-09-15T14:41:24.9005672Z   ...
2026-09-15T14:41:24.9006065Z # Subtest: star totals use the best qualifying result of each distinct level
2026-09-15T14:41:24.9006634Z ok 8 - star totals use the best qualifying result of each distinct level
2026-09-15T14:41:24.9007395Z   ---
2026-09-15T14:41:24.9007781Z   duration_ms: 4.176026
2026-09-15T14:41:24.9008191Z   ...
2026-09-15T14:41:24.9009147Z # Subtest: wrong map, missing objective, life loss and a lost run cannot satisfy a clean-map unlock
2026-09-15T14:41:24.9010648Z ok 9 - wrong map, missing objective, life loss and a lost run cannot satisfy a clean-map unlock
2026-09-15T14:41:24.9011522Z   ---
2026-09-15T14:41:24.9011917Z   duration_ms: 2.281203
2026-09-15T14:41:24.9012338Z   ...
2026-09-15T14:41:24.9013140Z # Subtest: distinct-level alternative works without a perfect run or daily grind
2026-09-15T14:41:24.9014363Z ok 10 - distinct-level alternative works without a perfect run or daily grind
2026-09-15T14:41:24.9015108Z   ---
2026-09-15T14:41:24.9015526Z   duration_ms: 0.953738
2026-09-15T14:41:24.9015934Z   ...
2026-09-15T14:41:24.9017509Z # Subtest: AND groups and duration/star predicates require all conditions, while OR remains alternative
2026-09-15T14:41:24.9019106Z ok 11 - AND groups and duration/star predicates require all conditions, while OR remains alternative
2026-09-15T14:41:24.9020069Z   ---
2026-09-15T14:41:24.9020439Z   duration_ms: 1.385073
2026-09-15T14:41:24.9020858Z   ...
2026-09-15T14:41:24.9021632Z # Subtest: equipping rejects locked, wrong-theme and mismatched scope choices
2026-09-15T14:41:24.9022783Z ok 12 - equipping rejects locked, wrong-theme and mismatched scope choices
2026-09-15T14:41:24.9023512Z   ---
2026-09-15T14:41:24.9023882Z   duration_ms: 2.918502
2026-09-15T14:41:24.9024291Z   ...
2026-09-15T14:41:24.9025307Z # Subtest: scope resolution is deterministic: more constraints, then map/level/challenge/case/theme/game
2026-09-15T14:41:24.9029106Z ok 13 - scope resolution is deterministic: more constraints, then map/level/challenge/case/theme/game
2026-09-15T14:41:24.9030102Z   ---
2026-09-15T14:41:24.9030490Z   duration_ms: 7.474557
2026-09-15T14:41:24.9030924Z   ...
2026-09-15T14:41:24.9031801Z # Subtest: removed or locked saved choices fall through safely; unequippable defaults do too
2026-09-15T14:41:24.9033145Z ok 14 - removed or locked saved choices fall through safely; unequippable defaults do too
2026-09-15T14:41:24.9033965Z   ---
2026-09-15T14:41:24.9034326Z   duration_ms: 1.097496
2026-09-15T14:41:24.9034725Z   ...
2026-09-15T14:41:24.9035640Z # Subtest: lab and future game profiles cannot mix reward modes; fixtures never enter game mode
2026-09-15T14:41:24.9037381Z ok 15 - lab and future game profiles cannot mix reward modes; fixtures never enter game mode
2026-09-15T14:41:24.9038244Z   ---
2026-09-15T14:41:24.9038660Z   duration_ms: 0.49897
2026-09-15T14:41:24.9039085Z   ...
2026-09-15T14:41:24.9040101Z # Subtest: valid save round-trips; corruption, foreign identity and unknown versions recover visibly
2026-09-15T14:41:24.9041643Z ok 16 - valid save round-trips; corruption, foreign identity and unknown versions recover visibly
2026-09-15T14:41:24.9042527Z   ---
2026-09-15T14:41:24.9042903Z   duration_ms: 1.599893
2026-09-15T14:41:24.9043346Z   ...
2026-09-15T14:41:24.9044237Z # Subtest: malformed conditions, fallback, scopes and incomplete result events fail closed
2026-09-15T14:41:24.9045595Z ok 17 - malformed conditions, fallback, scopes and incomplete result events fail closed
2026-09-15T14:41:24.9046408Z   ---
2026-09-15T14:41:24.9047011Z   duration_ms: 3.069623
2026-09-15T14:41:24.9077138Z   ...
2026-09-15T14:41:24.9078032Z # Subtest: result arrival order does not change derived ownership or best totals
2026-09-15T14:41:24.9079248Z ok 18 - result arrival order does not change derived ownership or best totals
2026-09-15T14:41:24.9080347Z   ---
2026-09-15T14:41:24.9080733Z   duration_ms: 4.044441
2026-09-15T14:41:24.9081151Z   ...
2026-09-15T14:41:25.2578442Z # Subtest: BoardPainter keeps separate default boss bodies beneath the shared explicit boss upload
2026-09-15T14:41:25.2580010Z ok 19 - BoardPainter keeps separate default boss bodies beneath the shared explicit boss upload
2026-09-15T14:41:25.2580932Z   ---
2026-09-15T14:41:25.2581306Z   duration_ms: 3.393838
2026-09-15T14:41:25.2581723Z   ...
2026-09-15T14:41:25.2633879Z # Subtest: facing uses newly observed tick positions instead of a stale velocity field
2026-09-15T14:41:25.2668167Z ok 20 - facing uses newly observed tick positions instead of a stale velocity field
2026-09-15T14:41:25.2727239Z   ---
2026-09-15T14:41:25.2731557Z   duration_ms: 1.198204
2026-09-15T14:41:25.2757444Z   ...
2026-09-15T14:41:25.2788193Z # Subtest: contour and outer patrols face their measured path without velocity fields
2026-09-15T14:41:25.2817717Z ok 21 - contour and outer patrols face their measured path without velocity fields
2026-09-15T14:41:25.2847247Z   ---
2026-09-15T14:41:25.2848006Z   duration_ms: 0.499442
2026-09-15T14:41:25.2867646Z   ...
2026-09-15T14:41:25.2868687Z # Subtest: pause and classic freeze retain heading, banking and animation clocks
2026-09-15T14:41:25.2870508Z ok 22 - pause and classic freeze retain heading, banking and animation clocks
2026-09-15T14:41:25.2871522Z   ---
2026-09-15T14:41:25.2872096Z   duration_ms: 1.134635
2026-09-15T14:41:25.2872704Z   ...
2026-09-15T14:41:25.2873923Z # Subtest: stun and dormancy stop active motion; reduced effects keep direction but no moving accents
2026-09-15T14:41:25.2875622Z ok 23 - stun and dormancy stop active motion; reduced effects keep direction but no moving accents
2026-09-15T14:41:25.2877111Z   ---
2026-09-15T14:41:25.2883963Z   duration_ms: 0.551318
2026-09-15T14:41:25.2884647Z   ...
2026-09-15T14:41:25.2885788Z # Subtest: stationary tread/walking phase stays still while idle rotor/antenna clock can continue
2026-09-15T14:41:25.2887763Z ok 24 - stationary tread/walking phase stays still while idle rotor/antenna clock can continue
2026-09-15T14:41:25.2888852Z   ---
2026-09-15T14:41:25.2889385Z   duration_ms: 0.311511
2026-09-15T14:41:25.2889922Z   ...
2026-09-15T14:41:25.2890909Z # Subtest: cosmetic size targets desktop/phone readability without altering contact radius
2026-09-15T14:41:25.2892384Z ok 25 - cosmetic size targets desktop/phone readability without altering contact radius
2026-09-15T14:41:25.2893315Z   ---
2026-09-15T14:41:25.2893786Z   duration_ms: 0.517355
2026-09-15T14:41:25.2894320Z   ...
2026-09-15T14:41:25.2895275Z # Subtest: four themes have distinct geometric silhouettes even with identical colors
2026-09-15T14:41:25.2896631Z ok 26 - four themes have distinct geometric silhouettes even with identical colors
2026-09-15T14:41:25.2897761Z   ---
2026-09-15T14:41:25.2898212Z   duration_ms: 3.252374
2026-09-15T14:41:25.2898711Z   ...
2026-09-15T14:41:25.2899757Z # Subtest: compact and detailed recipes differ; custom families resolve to the matching visual theme
2026-09-15T14:41:25.2901357Z ok 27 - compact and detailed recipes differ; custom families resolve to the matching visual theme
2026-09-15T14:41:25.2902401Z   ---
2026-09-15T14:41:25.2902905Z   duration_ms: 0.805011
2026-09-15T14:41:25.2903411Z   ...
2026-09-15T14:41:25.2904370Z # Subtest: every actor override keeps its own body slot, facing and unscaled collision cue
2026-09-15T14:41:25.2905755Z ok 28 - every actor override keeps its own body slot, facing and unscaled collision cue
2026-09-15T14:41:25.2906633Z   ---
2026-09-15T14:41:25.2907442Z   duration_ms: 2.308554
2026-09-15T14:41:25.2937412Z   ...
2026-09-15T14:41:25.2968124Z # Subtest: history is bounded and reset removes old headings; published frames cannot mutate history
2026-09-15T14:41:25.2988129Z ok 29 - history is bounded and reset removes old headings; published frames cannot mutate history
2026-09-15T14:41:25.2997325Z   ---
2026-09-15T14:41:25.3027366Z   duration_ms: 2.397229
2026-09-15T14:41:25.3027806Z   ...
2026-09-15T14:41:25.3029239Z # Subtest: trail core and head remain visible with reduced effects; animated packet stays on the cut
2026-09-15T14:41:25.3030686Z ok 30 - trail core and head remain visible with reduced effects; animated packet stays on the cut
2026-09-15T14:41:25.3031591Z   ---
2026-09-15T14:41:25.3031984Z   duration_ms: 0.807545
2026-09-15T14:41:25.3032415Z   ...
2026-09-15T14:41:25.3033305Z # Subtest: capture pulse touches only newly secured cells and is absent for reduced motion
2026-09-15T14:41:25.3034589Z ok 31 - capture pulse touches only newly secured cells and is absent for reduced motion
2026-09-15T14:41:25.3035386Z   ---
2026-09-15T14:41:25.3035769Z   duration_ms: 0.5901
2026-09-15T14:41:25.3036163Z   ...
2026-09-15T14:41:25.3037486Z # Subtest: integrated renderer animates observed actors and capture effects without changing replay authority
2026-09-15T14:41:25.3039111Z ok 32 - integrated renderer animates observed actors and capture effects without changing replay authority
2026-09-15T14:41:25.3040089Z   ---
2026-09-15T14:41:25.3040453Z   duration_ms: 80.817973
2026-09-15T14:41:25.3040875Z   ...
2026-09-15T14:41:25.3041835Z # Subtest: legacy: all four player rigs keep a readable bounded size across phone and desktop canvases
2026-09-15T14:41:25.3043593Z ok 33 - legacy: all four player rigs keep a readable bounded size across phone and desktop canvases
2026-09-15T14:41:25.3044526Z   ---
2026-09-15T14:41:25.3044899Z   duration_ms: 94.525966
2026-09-15T14:41:25.3045308Z   ...
2026-09-15T14:41:25.3046324Z # Subtest: wide: all four player rigs keep a readable bounded size across phone and desktop canvases
2026-09-15T14:41:25.3048085Z ok 34 - wide: all four player rigs keep a readable bounded size across phone and desktop canvases
2026-09-15T14:41:25.3051220Z   ---
2026-09-15T14:41:25.3051799Z   duration_ms: 116.018629
2026-09-15T14:41:25.3052379Z   ...
2026-09-15T14:41:25.3053708Z # Subtest: custom player art retains its aspect ratio and rotor anchor coordinates independently of enemy slots
2026-09-15T14:41:25.3055776Z ok 35 - custom player art retains its aspect ratio and rotor anchor coordinates independently of enemy slots
2026-09-15T14:41:25.3057178Z   ---
2026-09-15T14:41:25.3057701Z   duration_ms: 6.946091
2026-09-15T14:41:25.3058280Z   ...
2026-09-15T14:41:25.3059476Z # Subtest: player scale is cosmetic, independent of actor scale, and bounded even on very small canvases
2026-09-15T14:41:25.3061216Z ok 36 - player scale is cosmetic, independent of actor scale, and bounded even on very small canvases
2026-09-15T14:41:25.3062303Z   ---
2026-09-15T14:41:25.3062807Z   duration_ms: 25.182413
2026-09-15T14:41:25.3063354Z   ...
2026-09-15T14:41:25.3064675Z # Subtest: the larger player keeps direction response and animated rotors while pause and reduced effects freeze their clocks
2026-09-15T14:41:25.3066738Z ok 37 - the larger player keeps direction response and animated rotors while pause and reduced effects freeze their clocks
2026-09-15T14:41:25.3097426Z   ---
2026-09-15T14:41:25.3104041Z   duration_ms: 13.186437
2026-09-15T14:41:25.3127461Z   ...
2026-09-15T14:41:25.3158313Z # Subtest: explicit display width supports detached textures while invalid widths preserve direct-canvas and logical fallbacks
2026-09-15T14:41:25.3188370Z ok 38 - explicit display width supports detached textures while invalid widths preserve direct-canvas and logical fallbacks
2026-09-15T14:41:25.3205149Z   ---
2026-09-15T14:41:25.3217494Z   duration_ms: 41.980463
2026-09-15T14:41:25.3247764Z   ...
2026-09-15T14:41:25.3958244Z # Subtest: Context paints asymmetric player/enemy pivots and nondefault rotor anchors through the release adapter
2026-09-15T14:41:25.3959232Z ok 39 - Context paints asymmetric player/enemy pivots and nondefault rotor anchors through the release adapter
2026-09-15T14:41:25.3997586Z   ---
2026-09-15T14:41:25.3998520Z   duration_ms: 85.294861
2026-09-15T14:41:25.3999214Z   ...
2026-09-15T14:41:25.4000514Z # Subtest: Context retains distinct boss slots and scopes selected player treatment to its own class
2026-09-15T14:41:25.4002730Z ok 40 - Context retains distinct boss slots and scopes selected player treatment to its own class
2026-09-15T14:41:25.4003900Z   ---
2026-09-15T14:41:25.4004535Z   duration_ms: 8.250844
2026-09-15T14:41:25.4005197Z   ...
2026-09-15T14:41:26.4827994Z # Subtest: Studio announces before a delayed read; cancellation fences adoption and stale finally cannot unlock a retry
2026-09-15T14:41:26.4858742Z ok 41 - Studio announces before a delayed read; cancellation fences adoption and stale finally cannot unlock a retry
2026-09-15T14:41:26.4865221Z   ---
2026-09-15T14:41:26.4865756Z   duration_ms: 5.434634
2026-09-15T14:41:26.4866272Z   ...
2026-09-15T14:41:26.4867419Z # Subtest: Stop waiting retains the non-abortable save lock and reconciles success or failure
2026-09-15T14:41:26.4868884Z ok 42 - Stop waiting retains the non-abortable save lock and reconciles success or failure
2026-09-15T14:41:26.4869787Z   ---
2026-09-15T14:41:26.4870169Z   duration_ms: 1.186552
2026-09-15T14:41:26.4870692Z   ...
2026-09-15T14:41:26.4871569Z # Subtest: delayed failure keeps its error; a cached retry completes without a minimum delay
2026-09-15T14:41:26.4872939Z ok 43 - delayed failure keeps its error; a cached retry completes without a minimum delay
2026-09-15T14:41:26.4873835Z   ---
2026-09-15T14:41:26.4874217Z   duration_ms: 0.942658
2026-09-15T14:41:26.4874980Z   ...
2026-09-15T14:41:26.4876138Z # Subtest: a cancelled real bundle import preserves the current document and exact original transfer bytes
2026-09-15T14:41:26.4878064Z ok 44 - a cancelled real bundle import preserves the current document and exact original transfer bytes
2026-09-15T14:41:26.4879061Z   ---
2026-09-15T14:41:26.4879458Z   duration_ms: 968.964714
2026-09-15T14:41:26.4879872Z   ...
2026-09-15T14:41:26.4881033Z # Subtest: preview labels precede decode; superseded bitmaps close without replacing the newer canvas or status
2026-09-15T14:41:26.4882812Z ok 45 - preview labels precede decode; superseded bitmaps close without replacing the newer canvas or status
2026-09-15T14:41:26.4883845Z   ---
2026-09-15T14:41:26.4884230Z   duration_ms: 133.745789
2026-09-15T14:41:26.4884715Z   ...
2026-09-15T14:41:26.4885633Z # Subtest: Stop waiting and retry preserve preview ownership through late success and failure
2026-09-15T14:41:26.4897971Z ok 46 - Stop waiting and retry preserve preview ownership through late success and failure
2026-09-15T14:41:26.4898856Z   ---
2026-09-15T14:41:26.4899220Z   duration_ms: 241.159258
2026-09-15T14:41:26.4899643Z   ...
2026-09-15T14:41:26.5168223Z # Subtest: observable waits allow delayed real SHA-256 work without substituting its result
2026-09-15T14:41:26.5205807Z ok 47 - observable waits allow delayed real SHA-256 work without substituting its result
2026-09-15T14:41:26.5208025Z   ---
2026-09-15T14:41:26.5208651Z   duration_ms: 36.860377
2026-09-15T14:41:26.5209307Z   ...
2026-09-15T14:41:26.5210399Z # Subtest: an unresolved observable predicate still fails at a finite elapsed deadline
2026-09-15T14:41:26.5211949Z ok 48 - an unresolved observable predicate still fails at a finite elapsed deadline
2026-09-15T14:41:26.5212890Z   ---
2026-09-15T14:41:26.5213415Z   duration_ms: 22.868128
2026-09-15T14:41:26.5213971Z   ...
2026-09-15T14:41:26.5215035Z # Subtest: playback audio session opts out of iPhone ambient mute and safely falls back elsewhere
2026-09-15T14:41:26.5216627Z ok 49 - playback audio session opts out of iPhone ambient mute and safely falls back elsewhere
2026-09-15T14:41:26.5217989Z   ---
2026-09-15T14:41:26.5218570Z   duration_ms: 2.136003
2026-09-15T14:41:26.5219186Z   ...
2026-09-15T14:41:26.5220454Z # Subtest: classic contact and erosion cues are distinct and respect gameplay pause independently from persistent music
2026-09-15T14:41:26.5222329Z ok 50 - classic contact and erosion cues are distinct and respect gameplay pause independently from persistent music
2026-09-15T14:41:26.5223484Z   ---
2026-09-15T14:41:26.5224013Z   duration_ms: 6.763902
2026-09-15T14:41:26.5224567Z   ...
2026-09-15T14:41:26.5226125Z # Subtest: no context or sound is created before an explicit user audio action
2026-09-15T14:41:26.5230733Z ok 51 - no context or sound is created before an explicit user audio action
2026-09-15T14:41:26.5231668Z   ---
2026-09-15T14:41:26.5232193Z   duration_ms: 0.836519
2026-09-15T14:41:26.5232766Z   ...
2026-09-15T14:41:26.5233904Z # Subtest: all five styles have deterministic distinct original orchestration with bounded notes
2026-09-15T14:41:26.5237296Z ok 52 - all five styles have deterministic distinct original orchestration with bounded notes
2026-09-15T14:41:26.5238477Z   ---
2026-09-15T14:41:26.5239060Z   duration_ms: 17.30717
2026-09-15T14:41:26.5239663Z   ...
2026-09-15T14:41:26.5240744Z # Subtest: scheduler preserves musical deadlines under frequent calls and avoids backlog bursts
2026-09-15T14:41:26.5242435Z ok 53 - scheduler preserves musical deadlines under frequent calls and avoids backlog bursts
2026-09-15T14:41:26.5243439Z   ---
2026-09-15T14:41:26.5243929Z   duration_ms: 2.350132
2026-09-15T14:41:26.5244491Z   ...
2026-09-15T14:41:26.5245500Z # Subtest: master/music/sfx buses are independently controlled and invalid changes are atomic
2026-09-15T14:41:26.5247190Z ok 54 - master/music/sfx buses are independently controlled and invalid changes are atomic
2026-09-15T14:41:26.5248122Z   ---
2026-09-15T14:41:26.5249071Z   duration_ms: 1.13179
2026-09-15T14:41:26.5249734Z   ...
2026-09-15T14:41:26.5250728Z # Subtest: track descriptors are copied, styles switch cleanly, and unsupported media are rejected
2026-09-15T14:41:26.5252182Z ok 55 - track descriptors are copied, styles switch cleanly, and unsupported media are rejected
2026-09-15T14:41:26.5253117Z   ---
2026-09-15T14:41:26.5253591Z   duration_ms: 1.500127
2026-09-15T14:41:26.5254094Z   ...
2026-09-15T14:41:26.5255128Z # Subtest: pause cancels scheduled notes, freezes scheduling and resumes only through explicit method
2026-09-15T14:41:26.5256656Z ok 56 - pause cancels scheduled notes, freezes scheduling and resumes only through explicit method
2026-09-15T14:41:26.5257881Z   ---
2026-09-15T14:41:26.5258370Z   duration_ms: 1.039228
2026-09-15T14:41:26.5258890Z   ...
2026-09-15T14:41:26.5259906Z # Subtest: adopting mute disables active preview immediately and ordinary resume cannot re-enable it
2026-09-15T14:41:26.5261416Z ok 57 - adopting mute disables active preview immediately and ordinary resume cannot re-enable it
2026-09-15T14:41:26.5262345Z   ---
2026-09-15T14:41:26.5262805Z   duration_ms: 4.354329
2026-09-15T14:41:26.5263325Z   ...
2026-09-15T14:41:26.5264136Z # Subtest: mute needs no context and wins an in-flight preview enable
2026-09-15T14:41:26.5265175Z ok 58 - mute needs no context and wins an in-flight preview enable
2026-09-15T14:41:26.5265918Z   ---
2026-09-15T14:41:26.5266380Z   duration_ms: 0.891462
2026-09-15T14:41:26.5267098Z   ...
2026-09-15T14:41:26.5268366Z # Subtest: terminal events distinguish victory and failure, stop backing music, and survive inactive update
2026-09-15T14:41:26.5270216Z ok 59 - terminal events distinguish victory and failure, stop backing music, and survive inactive update
2026-09-15T14:41:26.5271357Z   ---
2026-09-15T14:41:26.5271896Z   duration_ms: 1.032415
2026-09-15T14:41:26.5272456Z   ...
2026-09-15T14:41:26.5273477Z # Subtest: polyphony is capped and event bursts deduplicate instead of allocating forever
2026-09-15T14:41:26.5274935Z ok 60 - polyphony is capped and event bursts deduplicate instead of allocating forever
2026-09-15T14:41:26.5275914Z   ---
2026-09-15T14:41:26.5276430Z   duration_ms: 6.880068
2026-09-15T14:41:26.5277712Z   ...
2026-09-15T14:41:26.5278765Z # Subtest: failed autoplay resume reports disabled and disposal wins pending enable race
2026-09-15T14:41:26.5280257Z ok 61 - failed autoplay resume reports disabled and disposal wins pending enable race
2026-09-15T14:41:26.5281202Z   ---
2026-09-15T14:41:26.5281721Z   duration_ms: 1.429366
2026-09-15T14:41:26.5282274Z   ...
2026-09-15T14:41:26.5283282Z # Subtest: tension is derived read-only and does not change the musical tempo or game state
2026-09-15T14:41:26.5285045Z ok 62 - tension is derived read-only and does not change the musical tempo or game state
2026-09-15T14:41:26.5285997Z   ---
2026-09-15T14:41:26.5286513Z   duration_ms: 0.537572
2026-09-15T14:41:26.5287378Z   ...
2026-09-15T14:41:26.5288469Z # Subtest: gesture preview plays from an inactive terminal screen and stops at its bounded deadline
2026-09-15T14:41:26.5290049Z ok 63 - gesture preview plays from an inactive terminal screen and stops at its bounded deadline
2026-09-15T14:41:26.5291022Z   ---
2026-09-15T14:41:26.5291556Z   duration_ms: 7.708232
2026-09-15T14:41:26.5292132Z   ...
2026-09-15T14:41:26.5293265Z # Subtest: pause, reset, mute and disposal cancel preview without restarting after a delayed gesture
2026-09-15T14:41:26.5295306Z ok 64 - pause, reset, mute and disposal cancel preview without restarting after a delayed gesture
2026-09-15T14:41:26.5296297Z   ---
2026-09-15T14:41:26.5297081Z   duration_ms: 5.737758
2026-09-15T14:41:26.5297683Z   ...
2026-09-15T14:41:26.5298649Z # Subtest: persistent soundtrack opt-in remains silent until an allowed audio action
2026-09-15T14:41:26.5300002Z ok 65 - persistent soundtrack opt-in remains silent until an allowed audio action
2026-09-15T14:41:26.5300926Z   ---
2026-09-15T14:41:26.5301446Z   duration_ms: 1.161325
2026-09-15T14:41:26.5301998Z   ...
2026-09-15T14:41:26.5303290Z # Subtest: persistent music survives menu, gameplay pause, terminal cues and attempt reset
2026-09-15T14:41:26.5304809Z ok 66 - persistent music survives menu, gameplay pause, terminal cues and attempt reset
2026-09-15T14:41:26.5305798Z   ---
2026-09-15T14:41:26.5306322Z   duration_ms: 1.808922
2026-09-15T14:41:26.5307136Z   ...
2026-09-15T14:41:26.5308195Z # Subtest: automatic authored tracks wait for a real song boundary and adopt the new tempo there
2026-09-15T14:41:26.5309708Z ok 67 - automatic authored tracks wait for a real song boundary and adopt the new tempo there
2026-09-15T14:41:26.5310676Z   ---
2026-09-15T14:41:26.5311190Z   duration_ms: 125.123748
2026-09-15T14:41:26.5311764Z   ...
2026-09-15T14:41:26.5312882Z # Subtest: same authored context cancels a queued change without restart; explicit selection replaces it
2026-09-15T14:41:26.5314605Z ok 68 - same authored context cancels a queued change without restart; explicit selection replaces it
2026-09-15T14:41:26.5328540Z   ---
2026-09-15T14:41:26.5329246Z   duration_ms: 1.272312
2026-09-15T14:41:26.5347449Z   ...
2026-09-15T14:41:26.5353637Z # Subtest: persistent lifecycle suspension and mute silence sources but retain the musical position
2026-09-15T14:41:26.5355434Z ok 69 - persistent lifecycle suspension and mute silence sources but retain the musical position
2026-09-15T14:41:26.5356489Z   ---
2026-09-15T14:41:26.5411329Z   duration_ms: 1.103347
2026-09-15T14:41:26.5442453Z   ...
2026-09-15T14:41:26.5479755Z # Subtest: persistent lifecycle cancellation wins delayed audio enable and cannot publish late notes
2026-09-15T14:41:26.5547001Z ok 70 - persistent lifecycle cancellation wins delayed audio enable and cannot publish late notes
2026-09-15T14:41:26.5577372Z   ---
2026-09-15T14:41:26.5583310Z   duration_ms: 4.035674
2026-09-15T14:41:26.5584036Z   ...
2026-09-15T14:41:26.5585252Z # Subtest: persistent audition returns to the ongoing soundtrack without a cursor reset
2026-09-15T14:41:26.5587113Z ok 71 - persistent audition returns to the ongoing soundtrack without a cursor reset
2026-09-15T14:41:26.5588211Z   ---
2026-09-15T14:41:26.5588889Z   duration_ms: 0.919625
2026-09-15T14:41:26.5589545Z   ...
2026-09-15T14:41:26.5590748Z # Subtest: persistent scheduler remains bounded after a stall and only explicit music reset restarts it
2026-09-15T14:41:26.5592598Z ok 72 - persistent scheduler remains bounded after a stall and only explicit music reset restarts it
2026-09-15T14:41:26.5593676Z   ---
2026-09-15T14:41:26.5594201Z   duration_ms: 0.916268
2026-09-15T14:41:26.5594824Z   ...
2026-09-15T14:41:26.5596249Z # Subtest: a full archive preserves all member formats, original image bytes and prepared-pack capability
2026-09-15T14:41:26.5599168Z ok 73 - a full archive preserves all member formats, original image bytes and prepared-pack capability
2026-09-15T14:41:26.5600384Z   ---
2026-09-15T14:41:26.5600986Z   duration_ms: 111.310212
2026-09-15T14:41:26.5601658Z   ...
2026-09-15T14:41:26.5603518Z # Subtest: profile awards and a live immediate cut survive a single-file backup and continue
2026-09-15T14:41:26.5605134Z ok 74 - profile awards and a live immediate cut survive a single-file backup and continue
2026-09-15T14:41:26.5606272Z   ---
2026-09-15T14:41:26.5607087Z   duration_ms: 224.571805
2026-09-15T14:41:26.5607745Z   ...
2026-09-15T14:41:26.5608880Z # Subtest: profile awards and a live grid-center cut survive a single-file backup and continue
2026-09-15T14:41:26.5610482Z ok 75 - profile awards and a live grid-center cut survive a single-file backup and continue
2026-09-15T14:41:26.5611585Z   ---
2026-09-15T14:41:26.5612902Z   duration_ms: 154.666786
2026-09-15T14:41:26.5613639Z   ...
2026-09-15T14:41:26.5614728Z # Subtest: a suspended pack campaign resolves only from included prepared content
2026-09-15T14:41:26.5616255Z ok 76 - a suspended pack campaign resolves only from included prepared content
2026-09-15T14:41:26.5617557Z   ---
2026-09-15T14:41:26.5618154Z   duration_ms: 35.958167
2026-09-15T14:41:26.5618822Z   ...
2026-09-15T14:41:26.5620286Z # Subtest: a trusted dated-campaign resolver must return the exact registered campaign identity
2026-09-15T14:41:26.5622041Z ok 77 - a trusted dated-campaign resolver must return the exact registered campaign identity
2026-09-15T14:41:26.5623247Z   ---
2026-09-15T14:41:26.5623886Z   duration_ms: 30.845455
2026-09-15T14:41:26.5624564Z   ...
2026-09-15T14:41:26.5625870Z # Subtest: bad profile, pack dependencies, decode and replay checkpoints cannot partially replace caller state
2026-09-15T14:41:26.5628153Z ok 78 - bad profile, pack dependencies, decode and replay checkpoints cannot partially replace caller state
2026-09-15T14:41:26.5629312Z   ---
2026-09-15T14:41:26.5629956Z   duration_ms: 155.75203
2026-09-15T14:41:26.5630637Z   ...
2026-09-15T14:41:26.5632393Z # Subtest: a self-consistent replay with different rules is rejected against its installed campaign
2026-09-15T14:41:26.5634064Z ok 79 - a self-consistent replay with different rules is rejected against its installed campaign
2026-09-15T14:41:26.5635221Z   ---
2026-09-15T14:41:26.5635799Z   duration_ms: 49.87222
2026-09-15T14:41:26.5636411Z   ...
2026-09-15T14:41:26.5637768Z # Subtest: full-envelope and trusted-campaign snapshots resist edits while images decode
2026-09-15T14:41:26.5639341Z ok 80 - full-envelope and trusted-campaign snapshots resist edits while images decode
2026-09-15T14:41:26.5641175Z   ---
2026-09-15T14:41:26.5641721Z   duration_ms: 47.972099
2026-09-15T14:41:26.5642321Z   ...
2026-09-15T14:41:26.5643478Z # Subtest: strict envelopes reject executable fields, prototype keys, accessors and missing members
2026-09-15T14:41:26.5645128Z ok 81 - strict envelopes reject executable fields, prototype keys, accessors and missing members
2026-09-15T14:41:26.5646227Z   ---
2026-09-15T14:41:26.5647203Z   duration_ms: 2.764304
2026-09-15T14:41:26.5647883Z   ...
2026-09-15T14:41:26.5649631Z # Subtest: outer bytes reject before parsing and member limits remain independently enforced
2026-09-15T14:41:26.5651200Z ok 82 - outer bytes reject before parsing and member limits remain independently enforced
2026-09-15T14:41:26.5652266Z   ---
2026-09-15T14:41:26.5652833Z   duration_ms: 27.886334
2026-09-15T14:41:26.5653479Z   ...
2026-09-15T14:41:26.5654518Z # Subtest: abort before work and during decode rejects without returning adoptable data
2026-09-15T14:41:26.5656022Z ok 83 - abort before work and during decode rejects without returning adoptable data
2026-09-15T14:41:26.5657287Z   ---
2026-09-15T14:41:26.5657728Z   duration_ms: 15.304706
2026-09-15T14:41:26.5658168Z   ...
2026-09-15T14:41:26.5659113Z # Subtest: empty backup exports default to no suspended attempt and tolerate older preference migration
2026-09-15T14:41:26.5660855Z ok 84 - empty backup exports default to no suspended attempt and tolerate older preference migration
2026-09-15T14:41:26.5661675Z   ---
2026-09-15T14:41:26.5662031Z   duration_ms: 1.737901
2026-09-15T14:41:26.5662412Z   ...
2026-09-15T14:41:26.5663533Z # Subtest: downloaded file shows usable native launch options without importing or redirecting
2026-09-15T14:41:26.5664926Z ok 85 - downloaded file shows usable native launch options without importing or redirecting
2026-09-15T14:41:26.5665757Z   ---
2026-09-15T14:41:26.5666102Z   duration_ms: 6.343788
2026-09-15T14:41:26.5666500Z   ...
2026-09-15T14:41:26.5667763Z # Subtest: early renderer or stylesheet errors retain inert controls and close partially opened dialogs
2026-09-15T14:41:26.5669372Z ok 86 - early renderer or stylesheet errors retain inert controls and close partially opened dialogs
2026-09-15T14:41:26.5670296Z   ---
2026-09-15T14:41:26.5670644Z   duration_ms: 3.108746
2026-09-15T14:41:26.5671032Z   ...
2026-09-15T14:41:26.5671882Z # Subtest: missing renderer does not expose legacy controls or request an app startup
2026-09-15T14:41:26.5673179Z ok 87 - missing renderer does not expose legacy controls or request an app startup
2026-09-15T14:41:26.5673964Z   ---
2026-09-15T14:41:26.5674329Z   duration_ms: 1.520084
2026-09-15T14:41:26.5674745Z   ...
2026-09-15T14:41:26.5675849Z # Subtest: app import rejection has an actual caught promise path and stays concealed
2026-09-15T14:41:26.5677456Z ok 88 - app import rejection has an actual caught promise path and stays concealed
2026-09-15T14:41:26.5678277Z   ---
2026-09-15T14:41:26.5678652Z   duration_ms: 11.89059
2026-09-15T14:41:26.5679051Z   ...
2026-09-15T14:41:26.5679985Z # Subtest: delayed required styles keep the static launch active and report an actionable failure
2026-09-15T14:41:26.5681424Z ok 89 - delayed required styles keep the static launch active and report an actionable failure
2026-09-15T14:41:26.5682308Z   ---
2026-09-15T14:41:26.5682714Z   duration_ms: 3.732479
2026-09-15T14:41:26.5683155Z   ...
2026-09-15T14:41:26.5684365Z # (node:2463) ExperimentalWarning: vm.USE_MAIN_CONTEXT_DEFAULT_LOADER is an experimental feature and might change at any time
2026-09-15T14:41:26.5685799Z # (Use `node --trace-warnings ...` to show where the warning was created)
2026-09-15T14:41:26.5687732Z # Subtest: cached and delayed styles both finish before app initialization is admitted
2026-09-15T14:41:26.5689058Z ok 90 - cached and delayed styles both finish before app initialization is admitted
2026-09-15T14:41:26.5689810Z   ---
2026-09-15T14:41:26.5690178Z   duration_ms: 11.49379
2026-09-15T14:41:26.5690594Z   ...
2026-09-15T14:41:26.5691414Z # Subtest: resolved legacy app cannot substitute hidden status for the ready handshake
2026-09-15T14:41:26.5692641Z ok 91 - resolved legacy app cannot substitute hidden status for the ready handshake
2026-09-15T14:41:26.5693375Z   ---
2026-09-15T14:41:26.5693745Z   duration_ms: 10.835693
2026-09-15T14:41:26.5694187Z   ...
2026-09-15T14:41:26.5695135Z # Subtest: pending top-level await keeps loading and real ready succeeds before import completion
2026-09-15T14:41:26.5696559Z ok 92 - pending top-level await keeps loading and real ready succeeds before import completion
2026-09-15T14:41:26.5697703Z   ---
2026-09-15T14:41:26.5698064Z   duration_ms: 6.789149
2026-09-15T14:41:26.5698479Z   ...
2026-09-15T14:41:26.5699322Z # Subtest: rejected real app import restores its hidden status and retains the import error
2026-09-15T14:41:26.5700686Z ok 93 - rejected real app import restores its hidden status and retains the import error
2026-09-15T14:41:26.5701499Z   ---
2026-09-15T14:41:26.5701882Z   duration_ms: 11.286263
2026-09-15T14:41:26.5702325Z   ...
2026-09-15T14:41:26.5703221Z # Subtest: only successful ready reveals the game and shuts down boot scheduling/listeners
2026-09-15T14:41:26.5704627Z ok 94 - only successful ready reveals the game and shuts down boot scheduling/listeners
2026-09-15T14:41:26.5705433Z   ---
2026-09-15T14:41:26.5705823Z   duration_ms: 1.449152
2026-09-15T14:41:26.5706587Z   ...
2026-09-15T14:41:26.5707868Z # Subtest: boot keyboard and controller navigation requires fresh input and yields after pointer use
2026-09-15T14:41:26.5709441Z ok 95 - boot keyboard and controller navigation requires fresh input and yields after pointer use
2026-09-15T14:41:26.5710385Z   ---
2026-09-15T14:41:26.5710771Z   duration_ms: 4.781115
2026-09-15T14:41:26.5711163Z   ...
2026-09-15T14:41:26.5712121Z # Subtest: public root enters the native game within source, Pages and frozen prefixes with exact queries
2026-09-15T14:41:26.5713636Z ok 96 - public root enters the native game within source, Pages and frozen prefixes with exact queries
2026-09-15T14:41:26.5714505Z   ---
2026-09-15T14:41:26.5714879Z   duration_ms: 2.85913
2026-09-15T14:41:26.5715289Z   ...
2026-09-15T14:41:26.5716245Z # Subtest: file launch and a cross-origin script never automatically leave the current document
2026-09-15T14:41:26.5717963Z ok 97 - file launch and a cross-origin script never automatically leave the current document
2026-09-15T14:41:26.5718862Z   ---
2026-09-15T14:41:26.5719246Z   duration_ms: 1.357962
2026-09-15T14:41:26.5719629Z   ...
2026-09-15T14:41:26.5720512Z # Subtest: static launch markup survives disabled JS and excludes decorative fake controls
2026-09-15T14:41:26.5722128Z ok 98 - static launch markup survives disabled JS and excludes decorative fake controls
2026-09-15T14:41:26.5723008Z   ---
2026-09-15T14:41:26.5723381Z   duration_ms: 4.459034
2026-09-15T14:41:26.5723809Z   ...
2026-09-15T14:41:28.2828459Z # Subtest: Standard preserves every shipped campaign shape, key and frozen legacy board identity
2026-09-15T14:41:28.2888085Z ok 99 - Standard preserves every shipped campaign shape, key and frozen legacy board identity
2026-09-15T14:41:28.2933186Z   ---
2026-09-15T14:41:28.2948863Z   duration_ms: 294.361312
2026-09-15T14:41:28.2949761Z   ...
2026-09-15T14:41:28.2950933Z # Subtest: all shipped Gentle maps retain topology, goals, equipment and supported simulation pairs
2026-09-15T14:41:28.2952588Z ok 100 - all shipped Gentle maps retain topology, goals, equipment and supported simulation pairs
2026-09-15T14:41:28.2953631Z   ---
2026-09-15T14:41:28.2954303Z   duration_ms: 788.684336
2026-09-15T14:41:28.2955033Z   ...
2026-09-15T14:41:28.2958561Z # Subtest: Gentle movement defaults and lane timing boundaries remain valid and non-punitive
2026-09-15T14:41:28.2960628Z ok 101 - Gentle movement defaults and lane timing boundaries remain valid and non-punitive
2026-09-15T14:41:28.2962039Z   ---
2026-09-15T14:41:28.2963065Z   duration_ms: 10.665657
2026-09-15T14:41:28.2964034Z   ...
2026-09-15T14:41:28.2965559Z # Subtest: Sentinel extends only warning/rest/open intervals and caps large authored timings
2026-09-15T14:41:28.2980947Z ok 102 - Sentinel extends only warning/rest/open intervals and caps large authored timings
2026-09-15T14:41:28.2982075Z   ---
2026-09-15T14:41:28.2982707Z   duration_ms: 10.735427
2026-09-15T14:41:28.2983379Z   ...
2026-09-15T14:41:28.2984640Z # Subtest: contexts are deeply owned, stable, and resolved only by the full installed setup key
2026-09-15T14:41:28.2986364Z ok 103 - contexts are deeply owned, stable, and resolved only by the full installed setup key
2026-09-15T14:41:28.2989546Z   ---
2026-09-15T14:41:28.2990085Z   duration_ms: 20.7345
2026-09-15T14:41:28.2990623Z   ...
2026-09-15T14:41:28.2991778Z # Subtest: enum and bounded campaign validation reject hostile or unsupported data without getters
2026-09-15T14:41:28.2993374Z ok 104 - enum and bounded campaign validation reject hostile or unsupported data without getters
2026-09-15T14:41:28.2994363Z   ---
2026-09-15T14:41:28.2994856Z   duration_ms: 24.702629
2026-09-15T14:41:28.2995396Z   ...
2026-09-15T14:41:28.2996388Z # Subtest: Standard immediate First Signal still reproduces the frozen events and checkpoint
2026-09-15T14:41:28.2998145Z ok 105 - Standard immediate First Signal still reproduces the frozen events and checkpoint
2026-09-15T14:41:28.2999102Z   ---
2026-09-15T14:41:28.2999590Z   duration_ms: 120.670465
2026-09-15T14:41:28.3000589Z   ...
2026-09-15T14:41:28.3001655Z # Subtest: Gentle immediate removes an actual timer barrier and carries its own replay/award identity
2026-09-15T14:41:28.3003243Z ok 106 - Gentle immediate removes an actual timer barrier and carries its own replay/award identity
2026-09-15T14:41:28.3004240Z   ---
2026-09-15T14:41:28.3004734Z   duration_ms: 128.976531
2026-09-15T14:41:28.3005271Z   ...
2026-09-15T14:41:28.3006253Z # Subtest: Standard grid-center First Signal still reproduces the frozen events and checkpoint
2026-09-15T14:41:28.3008027Z ok 107 - Standard grid-center First Signal still reproduces the frozen events and checkpoint
2026-09-15T14:41:28.3009037Z   ---
2026-09-15T14:41:28.3009581Z   duration_ms: 96.228202
2026-09-15T14:41:28.3010176Z   ...
2026-09-15T14:41:28.3011294Z # Subtest: Gentle grid-center removes an actual timer barrier and carries its own replay/award identity
2026-09-15T14:41:28.3012940Z ok 108 - Gentle grid-center removes an actual timer barrier and carries its own replay/award identity
2026-09-15T14:41:28.3014244Z   ---
2026-09-15T14:41:28.3014833Z   duration_ms: 120.280848
2026-09-15T14:41:28.3015874Z   ...
2026-09-15T14:41:28.3453307Z # Subtest: a failed chapter request gives a deliberate online retry and preserves its diagnostic cause
2026-09-15T14:41:28.3467985Z ok 109 - a failed chapter request gives a deliberate online retry and preserves its diagnostic cause
2026-09-15T14:41:28.3477947Z   ---
2026-09-15T14:41:28.3478625Z   duration_ms: 2.438005
2026-09-15T14:41:28.3479319Z   ...
2026-09-15T14:41:28.3480585Z # Subtest: an unavailable HTTP chapter is not parsed and reports its status without installing anything
2026-09-15T14:41:28.3482404Z ok 110 - an unavailable HTTP chapter is not parsed and reports its status without installing anything
2026-09-15T14:41:28.3483625Z   ---
2026-09-15T14:41:28.3484249Z   duration_ms: 0.418239
2026-09-15T14:41:28.3484908Z   ...
2026-09-15T14:41:28.3486000Z # Subtest: unreadable downloaded JSON stays separate from later pack validation
2026-09-15T14:41:28.3487760Z ok 111 - unreadable downloaded JSON stays separate from later pack validation
2026-09-15T14:41:28.3512731Z   ---
2026-09-15T14:41:28.3513265Z   duration_ms: 0.544886
2026-09-15T14:41:28.3513815Z   ...
2026-09-15T14:41:28.3514958Z # Subtest: request and body cancellation retain the original abort rather than suggesting a retry
2026-09-15T14:41:28.3516598Z ok 112 - request and body cancellation retain the original abort rather than suggesting a retry
2026-09-15T14:41:28.3537302Z   ---
2026-09-15T14:41:28.3639094Z   duration_ms: 0.496225
2026-09-15T14:41:28.3679958Z   ...
2026-09-15T14:41:28.4472422Z # Subtest: immediate: a captured cell with a simultaneous boundary normal recovers and advances through a saved idle
2026-09-15T14:41:28.4508197Z ok 113 - immediate: a captured cell with a simultaneous boundary normal recovers and advances through a saved idle
2026-09-15T14:41:28.4509211Z   ---
2026-09-15T14:41:28.4509621Z   duration_ms: 1581.525887
2026-09-15T14:41:28.4510100Z   ...
2026-09-15T14:41:29.0242826Z # Subtest: grid-center: a captured cell with a simultaneous boundary normal recovers and advances through a saved idle
2026-09-15T14:41:29.0244814Z ok 114 - grid-center: a captured cell with a simultaneous boundary normal recovers and advances through a saved idle
2026-09-15T14:41:29.0246036Z   ---
2026-09-15T14:41:29.0246968Z   duration_ms: 799.026144
2026-09-15T14:41:29.0247586Z   ...
2026-09-15T14:41:29.0496096Z # Subtest: classic projection is bounded, owned and getter-free, and never invents cues on old or malformed runs
2026-09-15T14:41:29.0520392Z ok 115 - classic projection is bounded, owned and getter-free, and never invents cues on old or malformed runs
2026-09-15T14:41:29.0521640Z   ---
2026-09-15T14:41:29.0522252Z   duration_ms: 51.882539
2026-09-15T14:41:29.0522867Z   ...
2026-09-15T14:41:29.0524115Z # Subtest: immediate: actual contact pickups appear from FIELD, activate next tick, and expire on simulation clocks
2026-09-15T14:41:29.0526064Z ok 116 - immediate: actual contact pickups appear from FIELD, activate next tick, and expire on simulation clocks
2026-09-15T14:41:29.0528003Z   ---
2026-09-15T14:41:29.0528571Z   duration_ms: 116.457797
2026-09-15T14:41:29.0529191Z   ...
2026-09-15T14:41:29.0530442Z # Subtest: grid-center: actual contact pickups appear from FIELD, activate next tick, and expire on simulation clocks
2026-09-15T14:41:29.0532328Z ok 117 - grid-center: actual contact pickups appear from FIELD, activate next tick, and expire on simulation clocks
2026-09-15T14:41:29.0533463Z   ---
2026-09-15T14:41:29.0534023Z   duration_ms: 125.309449
2026-09-15T14:41:29.0534619Z   ...
2026-09-15T14:41:29.0535940Z # Subtest: opaque art concealment precedes distinct terrain; reduced motion preserves four icons and new actor silhouettes
2026-09-15T14:41:29.0556169Z ok 118 - opaque art concealment precedes distinct terrain; reduced motion preserves four icons and new actor silhouettes
2026-09-15T14:41:29.0560079Z   ---
2026-09-15T14:41:29.0560658Z   duration_ms: 76.323549
2026-09-15T14:41:29.0561287Z   ...
2026-09-15T14:41:29.0562716Z # Subtest: legal enclosure removes active material only from captured cells; earned full picture hides all functional overlays
2026-09-15T14:41:29.0565177Z ok 119 - legal enclosure removes active material only from captured cells; earned full picture hides all functional overlays
2026-09-15T14:41:29.0566511Z   ---
2026-09-15T14:41:29.0567355Z   duration_ms: 157.08785
2026-09-15T14:41:29.0567820Z   ...
2026-09-15T14:41:29.0568768Z # Subtest: warning cells and status badges use owned cues, palette colors and finite actor-clock time
2026-09-15T14:41:29.0570234Z ok 120 - warning cells and status badges use owned cues, palette colors and finite actor-clock time
2026-09-15T14:41:29.0571180Z   ---
2026-09-15T14:41:29.0571534Z   duration_ms: 36.502342
2026-09-15T14:41:29.0571936Z   ...
2026-09-15T14:41:29.0573042Z # Subtest: classic encounter countdown and lane suppression follow actual frozen actor clock, while world time advances
2026-09-15T14:41:29.0574825Z ok 121 - classic encounter countdown and lane suppression follow actual frozen actor clock, while world time advances
2026-09-15T14:41:29.0575806Z   ---
2026-09-15T14:41:29.0576157Z   duration_ms: 28.705632
2026-09-15T14:41:29.0576552Z   ...
2026-09-15T14:41:29.0577932Z # Subtest: classic editor imports, scenario edits and exported pack reimports retain exact v5 descriptors and owned input
2026-09-15T14:41:29.0579735Z ok 122 - classic editor imports, scenario edits and exported pack reimports retain exact v5 descriptors and owned input
2026-09-15T14:41:29.0580725Z   ---
2026-09-15T14:41:29.0581073Z   duration_ms: 58.896674
2026-09-15T14:41:29.0581490Z   ...
2026-09-15T14:41:29.0582375Z # Subtest: classic encounter edits and explicit legacy imports keep separate version families
2026-09-15T14:41:29.0583742Z ok 123 - classic encounter edits and explicit legacy imports keep separate version families
2026-09-15T14:41:29.0584580Z   ---
2026-09-15T14:41:29.0584938Z   duration_ms: 185.946098
2026-09-15T14:41:29.0585391Z   ...
2026-09-15T14:41:29.0586380Z # Subtest: the actual Classic Lab imports all nine practice recipes and exports their exact descriptors
2026-09-15T14:41:29.0588199Z ok 124 - the actual Classic Lab imports all nine practice recipes and exports their exact descriptors
2026-09-15T14:41:29.0589134Z   ---
2026-09-15T14:41:29.0589511Z   duration_ms: 520.667968
2026-09-15T14:41:29.0589938Z   ...
2026-09-15T14:41:29.0590957Z # Subtest: Classic artwork roles dispatch independently without removing material, contact and status cues
2026-09-15T14:41:29.0592577Z ok 125 - Classic artwork roles dispatch independently without removing material, contact and status cues
2026-09-15T14:41:29.0593510Z   ---
2026-09-15T14:41:29.0593856Z   duration_ms: 186.522711
2026-09-15T14:41:29.0594246Z   ...
2026-09-15T14:41:29.0595322Z # Subtest: explicit legacy replacements discard only Classic bindings while the original and shared artwork stay owned
2026-09-15T14:41:29.0627433Z ok 126 - explicit legacy replacements discard only Classic bindings while the original and shared artwork stay owned
2026-09-15T14:41:29.0628691Z   ---
2026-09-15T14:41:29.0629030Z   duration_ms: 135.730109
2026-09-15T14:41:29.0629410Z   ...
2026-09-15T14:41:29.0630196Z # Subtest: a lower-score Gold completion is visible beside the retained Silver score run
2026-09-15T14:41:29.0631417Z ok 127 - a lower-score Gold completion is visible beside the retained Silver score run
2026-09-15T14:41:29.0632144Z   ---
2026-09-15T14:41:29.0632484Z   duration_ms: 42.090515
2026-09-15T14:41:29.0632877Z   ...
2026-09-15T14:41:29.0633530Z # Subtest: a different difficulty or level cannot supply a better medal
2026-09-15T14:41:29.0634492Z ok 128 - a different difficulty or level cannot supply a better medal
2026-09-15T14:41:29.0635102Z   ---
2026-09-15T14:41:29.0635426Z   duration_ms: 0.455899
2026-09-15T14:41:29.0635797Z   ...
2026-09-15T14:41:29.0636472Z # Subtest: unavailable or malformed progress does not invent level mastery
2026-09-15T14:41:29.0637773Z ok 129 - unavailable or malformed progress does not invent level mastery
2026-09-15T14:41:29.0638445Z   ---
2026-09-15T14:41:29.0638781Z   duration_ms: 0.453385
2026-09-15T14:41:29.0639152Z   ...
2026-09-15T14:41:29.0639940Z # Subtest: shipped pack catalog is a lightweight exact projection of every bundled pack
2026-09-15T14:41:29.0641560Z ok 130 - shipped pack catalog is a lightweight exact projection of every bundled pack
2026-09-15T14:41:29.0642328Z   ---
2026-09-15T14:41:29.0642663Z   duration_ms: 188.520253
2026-09-15T14:41:29.0643043Z   ...
2026-09-15T14:41:29.0643896Z # Subtest: pack launch resolves defaults and an explicit level only from the shipped catalog
2026-09-15T14:41:29.0645223Z ok 131 - pack launch resolves defaults and an explicit level only from the shipped catalog
2026-09-15T14:41:29.0645999Z   ---
2026-09-15T14:41:29.0646347Z   duration_ms: 4.735267
2026-09-15T14:41:29.0647010Z   ...
2026-09-15T14:41:29.0647935Z # Subtest: pack launch rejects unknown, ambiguous and partial routes without accepting file paths
2026-09-15T14:41:29.0649344Z ok 132 - pack launch rejects unknown, ambiguous and partial routes without accepting file paths
2026-09-15T14:41:29.0650156Z   ---
2026-09-15T14:41:29.0650500Z   duration_ms: 0.560765
2026-09-15T14:41:29.0650880Z   ...
2026-09-15T14:41:29.0651613Z # Subtest: pack launch href encodes selector choices and autoplay explicitly
2026-09-15T14:41:29.0667999Z ok 133 - pack launch href encodes selector choices and autoplay explicitly
2026-09-15T14:41:29.0687898Z   ---
2026-09-15T14:41:29.0707700Z   duration_ms: 0.555566
2026-09-15T14:41:29.0708445Z   ...
2026-09-15T14:41:29.0709368Z # Subtest: catalog validation rejects drift, duplicate identities and unsupported fields
2026-09-15T14:41:29.0711088Z ok 134 - catalog validation rejects drift, duplicate identities and unsupported fields
2026-09-15T14:41:29.0712545Z   ---
2026-09-15T14:41:29.0713010Z   duration_ms: 1.701424
2026-09-15T14:41:29.0713528Z   ...
2026-09-15T14:41:29.0714514Z # Subtest: separate extras and game expose wired pack and level selectors with exact first-mission routes
2026-09-15T14:41:29.0716147Z ok 135 - separate extras and game expose wired pack and level selectors with exact first-mission routes
2026-09-15T14:41:29.0717341Z   ---
2026-09-15T14:41:29.0717702Z   duration_ms: 11.516668
2026-09-15T14:41:29.0718099Z   ...
2026-09-15T14:41:29.0718885Z # Subtest: newer restore, profile and pack choices block an in-flight pack adoption
2026-09-15T14:41:29.0720137Z ok 136 - newer restore, profile and pack choices block an in-flight pack adoption
2026-09-15T14:41:29.0720891Z   ---
2026-09-15T14:41:29.0721215Z   duration_ms: 1.26035
2026-09-15T14:41:29.0721592Z   ...
2026-09-15T14:41:29.0722411Z # Subtest: pack launch work rejects a library replacement before adopting its result
2026-09-15T14:41:29.0723577Z ok 137 - pack launch work rejects a library replacement before adopting its result
2026-09-15T14:41:29.0724316Z   ---
2026-09-15T14:41:29.0724669Z   duration_ms: 0.40225
2026-09-15T14:41:29.0725057Z   ...
2026-09-15T14:41:29.0726668Z # Subtest: a stale durable pack commit reconciles catalog bytes without changing the newer run
2026-09-15T14:41:29.0728326Z ok 138 - a stale durable pack commit reconciles catalog bytes without changing the newer run
2026-09-15T14:41:29.0729168Z   ---
2026-09-15T14:41:29.0729503Z   duration_ms: 1.108797
2026-09-15T14:41:29.0729890Z   ...
2026-09-15T14:41:29.0730707Z # Subtest: pack reconciliation keeps the backup gate after a content-switch reset
2026-09-15T14:41:29.0731939Z ok 139 - pack reconciliation keeps the backup gate after a content-switch reset
2026-09-15T14:41:29.0732649Z   ---
2026-09-15T14:41:29.0732982Z   duration_ms: 0.805993
2026-09-15T14:41:29.0733364Z   ...
2026-09-15T14:41:29.0734210Z # Subtest: a denied reconciliation gate fails closed through the error callback and can retry
2026-09-15T14:41:29.0735576Z ok 140 - a denied reconciliation gate fails closed through the error callback and can retry
2026-09-15T14:41:29.0736412Z   ---
2026-09-15T14:41:29.0736974Z   duration_ms: 0.822794
2026-09-15T14:41:29.0737365Z   ...
2026-09-15T14:41:29.0738301Z # Subtest: pack launch guard rejects changed libraries and advances only its current operation
2026-09-15T14:41:29.0739761Z ok 141 - pack launch guard rejects changed libraries and advances only its current operation
2026-09-15T14:41:29.0740598Z   ---
2026-09-15T14:41:29.0741179Z   duration_ms: 0.378766
2026-09-15T14:41:29.0741581Z   ...
2026-09-15T14:41:29.0742360Z # Subtest: autoplay rechecks dialog, busy and lifecycle state before resuming
2026-09-15T14:41:29.0744352Z ok 142 - autoplay rechecks dialog, busy and lifecycle state before resuming
2026-09-15T14:41:29.0745093Z   ---
2026-09-15T14:41:29.0745441Z   duration_ms: 0.426315
2026-09-15T14:41:29.0745826Z   ...
2026-09-15T14:41:29.0746613Z # Subtest: continuous option rejects invalid configuration before attaching listeners
2026-09-15T14:41:29.0748081Z ok 143 - continuous option rejects invalid configuration before attaching listeners
2026-09-15T14:41:29.0748862Z   ---
2026-09-15T14:41:29.0749218Z   duration_ms: 2.794218
2026-09-15T14:41:29.0749637Z   ...
2026-09-15T14:41:29.0750532Z # Subtest: fresh keys persist after release without falling back to an older hold or repeat
2026-09-15T14:41:29.0751869Z ok 144 - fresh keys persist after release without falling back to an older hold or repeat
2026-09-15T14:41:29.0752666Z   ---
2026-09-15T14:41:29.0753023Z   duration_ms: 4.900798
2026-09-15T14:41:29.0753425Z   ...
2026-09-15T14:41:29.0754263Z # Subtest: pointer and button-key direction repeats never toggle movement off (tap=false)
2026-09-15T14:41:29.0755597Z ok 145 - pointer and button-key direction repeats never toggle movement off (tap=false)
2026-09-15T14:41:29.0756400Z   ---
2026-09-15T14:41:29.0756731Z   duration_ms: 0.860471
2026-09-15T14:41:29.0757376Z   ...
2026-09-15T14:41:29.0758193Z # Subtest: pointer and button-key direction repeats never toggle movement off (tap=true)
2026-09-15T14:41:29.0759435Z ok 146 - pointer and button-key direction repeats never toggle movement off (tap=true)
2026-09-15T14:41:29.0760210Z   ---
2026-09-15T14:41:29.0760558Z   duration_ms: 0.632419
2026-09-15T14:41:29.0760947Z   ...
2026-09-15T14:41:29.0761860Z # Subtest: pad transitions take over, but held sources and release never reclaim a newer direction
2026-09-15T14:41:29.0763281Z ok 147 - pad transitions take over, but held sources and release never reclaim a newer direction
2026-09-15T14:41:29.0764116Z   ---
2026-09-15T14:41:29.0764472Z   duration_ms: 1.139333
2026-09-15T14:41:29.0764866Z   ...
2026-09-15T14:41:29.0765730Z # Subtest: local events win a same-sample pad transition once without later stale takeover
2026-09-15T14:41:29.0767391Z ok 148 - local events win a same-sample pad transition once without later stale takeover
2026-09-15T14:41:29.0768218Z   ---
2026-09-15T14:41:29.0768579Z   duration_ms: 1.096755
2026-09-15T14:41:29.0768986Z   ...
2026-09-15T14:41:29.0770014Z # Subtest: snapshot preserves an unpolled command; physical clear retains it and drains only physical actions
2026-09-15T14:41:29.0771962Z ok 149 - snapshot preserves an unpolled command; physical clear retains it and drains only physical actions
2026-09-15T14:41:29.0772855Z   ---
2026-09-15T14:41:29.0773193Z   duration_ms: 2.286712
2026-09-15T14:41:29.0773555Z   ...
2026-09-15T14:41:29.0774542Z # Subtest: pause, inactive polling and blur retain logical intent without activity or held Confirm leakage
2026-09-15T14:41:29.0776162Z ok 150 - pause, inactive polling and blur retain logical intent without activity or held Confirm leakage
2026-09-15T14:41:29.0777395Z   ---
2026-09-15T14:41:29.0777787Z   duration_ms: 1.227689
2026-09-15T14:41:29.0778207Z   ...
2026-09-15T14:41:29.0779247Z # Subtest: restore gates held inputs without suppressing saved direction; clear requires a fresh direction
2026-09-15T14:41:29.0780905Z ok 151 - restore gates held inputs without suppressing saved direction; clear requires a fresh direction
2026-09-15T14:41:29.0781865Z   ---
2026-09-15T14:41:29.0782241Z   duration_ms: 1.177636
2026-09-15T14:41:29.0782679Z   ...
2026-09-15T14:41:29.0783595Z # Subtest: Stop has no flight effect in continuous mode; pointer cancellation preserves intent
2026-09-15T14:41:29.0784979Z ok 152 - Stop has no flight effect in continuous mode; pointer cancellation preserves intent
2026-09-15T14:41:29.0785806Z   ---
2026-09-15T14:41:29.0786160Z   duration_ms: 1.194617
2026-09-15T14:41:29.0787007Z   ...
2026-09-15T14:41:29.0788015Z # Subtest: native reader and menu activation remain native and cannot become flight input after transfer
2026-09-15T14:41:29.0789587Z ok 153 - native reader and menu activation remain native and cannot become flight input after transfer
2026-09-15T14:41:29.0790452Z   ---
2026-09-15T14:41:29.0790786Z   duration_ms: 0.989625
2026-09-15T14:41:29.0791159Z   ...
2026-09-15T14:41:29.0792102Z # Subtest: physical clears keep Boost independent and notify after reset without polling or losing intent
2026-09-15T14:41:29.0793651Z ok 154 - physical clears keep Boost independent and notify after reset without polling or losing intent
2026-09-15T14:41:29.0794599Z   ---
2026-09-15T14:41:29.0794956Z   duration_ms: 0.978233
2026-09-15T14:41:29.0795355Z   ...
2026-09-15T14:41:29.0796410Z # Subtest: local release frees captures and local actions while preserving a fresh controller direction and Boost
2026-09-15T14:41:29.0798311Z ok 155 - local release frees captures and local actions while preserving a fresh controller direction and Boost
2026-09-15T14:41:29.0799267Z   ---
2026-09-15T14:41:29.0799649Z   duration_ms: 0.89024
2026-09-15T14:41:29.0800045Z   ...
2026-09-15T14:41:29.0801067Z # Subtest: local release preserves a pending local tie and cannot revive a stationary held controller direction
2026-09-15T14:41:29.0802761Z ok 156 - local release preserves a pending local tie and cannot revive a stationary held controller direction
2026-09-15T14:41:29.0803775Z   ---
2026-09-15T14:41:29.0804125Z   duration_ms: 2.339972
2026-09-15T14:41:29.0804509Z   ...
2026-09-15T14:41:29.0805300Z # Subtest: local release never relaxes the existing pause/restore held-pad neutral gate
2026-09-15T14:41:29.0806583Z ok 157 - local release never relaxes the existing pause/restore held-pad neutral gate
2026-09-15T14:41:29.0807673Z   ---
2026-09-15T14:41:29.0808049Z   duration_ms: 0.562037
2026-09-15T14:41:29.0808450Z   ...
2026-09-15T14:41:29.0809341Z # Subtest: default sampler preserves intent on owner disconnect and gates its replacement
2026-09-15T14:41:29.0810739Z ok 158 - default sampler preserves intent on owner disconnect and gates its replacement
2026-09-15T14:41:29.0811576Z   ---
2026-09-15T14:41:29.0811916Z   duration_ms: 1.059374
2026-09-15T14:41:29.0812289Z   ...
2026-09-15T14:41:29.0813189Z # Subtest: mode changes require host reset; destroy releases every listener and cannot restore intent
2026-09-15T14:41:29.0814689Z ok 159 - mode changes require host reset; destroy releases every listener and cannot restore intent
2026-09-15T14:41:29.0815701Z   ---
2026-09-15T14:41:29.0816045Z   duration_ms: 0.817895
2026-09-15T14:41:29.0816452Z   ...
2026-09-15T14:41:29.0817725Z # Subtest: released direction completes a real recorded mission (immediate)
2026-09-15T14:41:29.0818790Z ok 160 - released direction completes a real recorded mission (immediate)
2026-09-15T14:41:29.0819510Z   ---
2026-09-15T14:41:29.0819863Z   duration_ms: 124.759582
2026-09-15T14:41:29.0820276Z   ...
2026-09-15T14:41:29.0821130Z # Subtest: buffered turn survives input freeze without changing the real run (immediate)
2026-09-15T14:41:29.0822380Z ok 161 - buffered turn survives input freeze without changing the real run (immediate)
2026-09-15T14:41:29.0823165Z   ---
2026-09-15T14:41:29.0823525Z   duration_ms: 27.919106
2026-09-15T14:41:29.0823934Z   ...
2026-09-15T14:41:29.0824700Z # Subtest: released direction completes a real recorded mission (grid-center)
2026-09-15T14:41:29.0825827Z ok 162 - released direction completes a real recorded mission (grid-center)
2026-09-15T14:41:29.0826550Z   ---
2026-09-15T14:41:29.0827171Z   duration_ms: 78.482465
2026-09-15T14:41:29.0827579Z   ...
2026-09-15T14:41:29.0828466Z # Subtest: buffered turn survives input freeze without changing the real run (grid-center)
2026-09-15T14:41:29.0829794Z ok 163 - buffered turn survives input freeze without changing the real run (grid-center)
2026-09-15T14:41:29.0830601Z   ---
2026-09-15T14:41:29.0830954Z   duration_ms: 13.78744
2026-09-15T14:41:29.0831562Z   ...
2026-09-15T14:41:29.0832651Z # Subtest: couch keeps two independent latest directions through key/touch releases and repeated consumption
2026-09-15T14:41:29.0834297Z ok 164 - couch keeps two independent latest directions through key/touch releases and repeated consumption
2026-09-15T14:41:29.0835229Z   ---
2026-09-15T14:41:29.0835600Z   duration_ms: 7.668705
2026-09-15T14:41:29.0836012Z   ...
2026-09-15T14:41:29.0837153Z # Subtest: couch pad transitions and same-sample local priorities are independent per player
2026-09-15T14:41:29.0838544Z ok 165 - couch pad transitions and same-sample local priorities are independent per player
2026-09-15T14:41:29.0839567Z   ---
2026-09-15T14:41:29.0839931Z   duration_ms: 5.385085
2026-09-15T14:41:29.0840335Z   ...
2026-09-15T14:41:29.0841398Z # Subtest: couch recovery reset gates only its player while the other keeps direction, Boost and pending action
2026-09-15T14:41:29.0843063Z ok 166 - couch recovery reset gates only its player while the other keeps direction, Boost and pending action
2026-09-15T14:41:29.0844024Z   ---
2026-09-15T14:41:29.0844400Z   duration_ms: 1.934506
2026-09-15T14:41:29.0844802Z   ...
2026-09-15T14:41:29.0845713Z # Subtest: couch pause retains both logical commands while held menu actions stay gated on Resume
2026-09-15T14:41:29.0847353Z ok 167 - couch pause retains both logical commands while held menu actions stay gated on Resume
2026-09-15T14:41:29.0848229Z   ---
2026-09-15T14:41:29.0848594Z   duration_ms: 1.643894
2026-09-15T14:41:29.0848996Z   ...
2026-09-15T14:41:29.0849924Z # Subtest: couch held native Enter cannot turn into player two action after focus/context transfer
2026-09-15T14:41:29.0851437Z ok 168 - couch held native Enter cannot turn into player two action after focus/context transfer
2026-09-15T14:41:29.0852353Z   ---
2026-09-15T14:41:29.0852734Z   duration_ms: 3.84089
2026-09-15T14:41:29.0853153Z   ...
2026-09-15T14:41:29.0854056Z # Subtest: couch direction restore is atomic, per-player and preserves unsimulated turns
2026-09-15T14:41:29.0855438Z ok 169 - couch direction restore is atomic, per-player and preserves unsimulated turns
2026-09-15T14:41:29.0856620Z   ---
2026-09-15T14:41:29.0857246Z   duration_ms: 1.01367
2026-09-15T14:41:29.0857669Z   ...
2026-09-15T14:41:29.0858717Z # Subtest: couch cancellation pauses without erasing either intent and Stop/assistive repeat cannot stop
2026-09-15T14:41:29.0860252Z ok 170 - couch cancellation pauses without erasing either intent and Stop/assistive repeat cannot stop
2026-09-15T14:41:29.0861148Z   ---
2026-09-15T14:41:29.0861493Z   duration_ms: 0.953337
2026-09-15T14:41:29.0861866Z   ...
2026-09-15T14:41:29.0862732Z # Subtest: couch owner disconnect retains both intents and the surviving sparse player slot
2026-09-15T14:41:29.0864387Z ok 171 - couch owner disconnect retains both intents and the surviving sparse player slot
2026-09-15T14:41:29.0865247Z   ---
2026-09-15T14:41:29.0865635Z   duration_ms: 3.970451
2026-09-15T14:41:29.0866053Z   ...
2026-09-15T14:41:29.0867406Z # Subtest: couch released keyboard/touch commands drive equal real cores without repeated polling (immediate)
2026-09-15T14:41:29.0869154Z ok 172 - couch released keyboard/touch commands drive equal real cores without repeated polling (immediate)
2026-09-15T14:41:29.0870080Z   ---
2026-09-15T14:41:29.0870455Z   duration_ms: 28.063224
2026-09-15T14:41:29.0870882Z   ...
2026-09-15T14:41:29.0871944Z # Subtest: couch released keyboard/touch commands drive equal real cores without repeated polling (grid-center)
2026-09-15T14:41:29.0873603Z ok 173 - couch released keyboard/touch commands drive equal real cores without repeated polling (grid-center)
2026-09-15T14:41:29.0874558Z   ---
2026-09-15T14:41:29.0874883Z   duration_ms: 13.440386
2026-09-15T14:41:29.0875272Z   ...
2026-09-15T14:41:29.7048469Z # Subtest: immediate: failure cancels Toggle within one frame and preserves none Boost
2026-09-15T14:41:29.7138346Z ok 174 - immediate: failure cancels Toggle within one frame and preserves none Boost
2026-09-15T14:41:29.7189717Z   ---
2026-09-15T14:41:29.7280983Z   duration_ms: 60.132742
2026-09-15T14:41:29.7281549Z   ...
2026-09-15T14:41:29.7282476Z # Subtest: immediate: failure cancels Toggle within one frame and preserves keyboard Boost
2026-09-15T14:41:29.7283611Z ok 175 - immediate: failure cancels Toggle within one frame and preserves keyboard Boost
2026-09-15T14:41:29.7284261Z   ---
2026-09-15T14:41:29.7284717Z   duration_ms: 21.95153
2026-09-15T14:41:29.7285174Z   ...
2026-09-15T14:41:29.7285978Z # Subtest: immediate: failure cancels Toggle within one frame and preserves touch Boost
2026-09-15T14:41:29.7287256Z ok 176 - immediate: failure cancels Toggle within one frame and preserves touch Boost
2026-09-15T14:41:29.7288124Z   ---
2026-09-15T14:41:29.7288488Z   duration_ms: 13.956664
2026-09-15T14:41:29.7288895Z   ...
2026-09-15T14:41:29.7289835Z # Subtest: immediate: default Hold failure matches the legacy command oracle through recovery
2026-09-15T14:41:29.7291189Z ok 177 - immediate: default Hold failure matches the legacy command oracle through recovery
2026-09-15T14:41:29.7291979Z   ---
2026-09-15T14:41:29.7292333Z   duration_ms: 94.777443
2026-09-15T14:41:29.7292733Z   ...
2026-09-15T14:41:29.7293518Z # Subtest: immediate: shield cancels Toggle within one frame and preserves none Boost
2026-09-15T14:41:29.7294779Z ok 178 - immediate: shield cancels Toggle within one frame and preserves none Boost
2026-09-15T14:41:29.7295545Z   ---
2026-09-15T14:41:29.7295901Z   duration_ms: 14.973354
2026-09-15T14:41:29.7296305Z   ...
2026-09-15T14:41:29.7297347Z # Subtest: immediate: shield cancels Toggle within one frame and preserves keyboard Boost
2026-09-15T14:41:29.7298631Z ok 179 - immediate: shield cancels Toggle within one frame and preserves keyboard Boost
2026-09-15T14:41:29.7299414Z   ---
2026-09-15T14:41:29.7299758Z   duration_ms: 11.332612
2026-09-15T14:41:29.7300154Z   ...
2026-09-15T14:41:29.7300961Z # Subtest: immediate: shield cancels Toggle within one frame and preserves touch Boost
2026-09-15T14:41:29.7302220Z ok 180 - immediate: shield cancels Toggle within one frame and preserves touch Boost
2026-09-15T14:41:29.7302968Z   ---
2026-09-15T14:41:29.7303316Z   duration_ms: 7.621047
2026-09-15T14:41:29.7303715Z   ...
2026-09-15T14:41:29.7304554Z # Subtest: immediate: default Hold shield matches the legacy command oracle through recovery
2026-09-15T14:41:29.7305833Z ok 181 - immediate: default Hold shield matches the legacy command oracle through recovery
2026-09-15T14:41:29.7306619Z   ---
2026-09-15T14:41:29.7307213Z   duration_ms: 84.683178
2026-09-15T14:41:29.7307609Z   ...
2026-09-15T14:41:29.7308406Z # Subtest: immediate: impact cancels Toggle within one frame and preserves none Boost
2026-09-15T14:41:29.7309960Z ok 182 - immediate: impact cancels Toggle within one frame and preserves none Boost
2026-09-15T14:41:29.7310702Z   ---
2026-09-15T14:41:29.7311051Z   duration_ms: 9.256632
2026-09-15T14:41:29.7311426Z   ...
2026-09-15T14:41:29.7312240Z # Subtest: immediate: impact cancels Toggle within one frame and preserves keyboard Boost
2026-09-15T14:41:29.7313526Z ok 183 - immediate: impact cancels Toggle within one frame and preserves keyboard Boost
2026-09-15T14:41:29.7314339Z   ---
2026-09-15T14:41:29.7314694Z   duration_ms: 8.736796
2026-09-15T14:41:29.7315097Z   ...
2026-09-15T14:41:29.7315935Z # Subtest: immediate: impact cancels Toggle within one frame and preserves touch Boost
2026-09-15T14:41:29.7317387Z ok 184 - immediate: impact cancels Toggle within one frame and preserves touch Boost
2026-09-15T14:41:29.7318139Z   ---
2026-09-15T14:41:29.7318471Z   duration_ms: 16.441961
2026-09-15T14:41:29.7318841Z   ...
2026-09-15T14:41:29.7319645Z # Subtest: immediate: default Hold impact matches the legacy command oracle through recovery
2026-09-15T14:41:29.7320902Z ok 185 - immediate: default Hold impact matches the legacy command oracle through recovery
2026-09-15T14:41:29.7321573Z   ---
2026-09-15T14:41:29.7321871Z   duration_ms: 93.105485
2026-09-15T14:41:29.7322210Z   ...
2026-09-15T14:41:29.7323284Z # Subtest: immediate: presses made during real impact recovery do not queue a later Toggle
2026-09-15T14:41:29.7324529Z ok 186 - immediate: presses made during real impact recovery do not queue a later Toggle
2026-09-15T14:41:29.7325246Z   ---
2026-09-15T14:41:29.7325574Z   duration_ms: 3.856659
2026-09-15T14:41:29.7325951Z   ...
2026-09-15T14:41:29.7326732Z # Subtest: grid-center: failure cancels Toggle within one frame and preserves none Boost
2026-09-15T14:41:29.7328402Z ok 187 - grid-center: failure cancels Toggle within one frame and preserves none Boost
2026-09-15T14:41:29.7329141Z   ---
2026-09-15T14:41:29.7329458Z   duration_ms: 10.912732
2026-09-15T14:41:29.7329810Z   ...
2026-09-15T14:41:29.7330583Z # Subtest: grid-center: failure cancels Toggle within one frame and preserves keyboard Boost
2026-09-15T14:41:29.7331749Z ok 188 - grid-center: failure cancels Toggle within one frame and preserves keyboard Boost
2026-09-15T14:41:29.7332705Z   ---
2026-09-15T14:41:29.7333502Z   duration_ms: 10.269333
2026-09-15T14:41:29.7342582Z   ...
2026-09-15T14:41:29.7343467Z # Subtest: grid-center: failure cancels Toggle within one frame and preserves touch Boost
2026-09-15T14:41:29.7344766Z ok 189 - grid-center: failure cancels Toggle within one frame and preserves touch Boost
2026-09-15T14:41:29.7345534Z   ---
2026-09-15T14:41:29.7345881Z   duration_ms: 7.268145
2026-09-15T14:41:29.7346298Z   ...
2026-09-15T14:41:29.7347401Z # Subtest: grid-center: default Hold failure matches the legacy command oracle through recovery
2026-09-15T14:41:29.7348777Z ok 190 - grid-center: default Hold failure matches the legacy command oracle through recovery
2026-09-15T14:41:29.7349585Z   ---
2026-09-15T14:41:29.7349941Z   duration_ms: 80.671012
2026-09-15T14:41:29.7350352Z   ...
2026-09-15T14:41:29.7351172Z # Subtest: grid-center: shield cancels Toggle within one frame and preserves none Boost
2026-09-15T14:41:29.7352429Z ok 191 - grid-center: shield cancels Toggle within one frame and preserves none Boost
2026-09-15T14:41:29.7353208Z   ---
2026-09-15T14:41:29.7353558Z   duration_ms: 13.134524
2026-09-15T14:41:29.7353951Z   ...
2026-09-15T14:41:29.7354791Z # Subtest: grid-center: shield cancels Toggle within one frame and preserves keyboard Boost
2026-09-15T14:41:29.7356081Z ok 192 - grid-center: shield cancels Toggle within one frame and preserves keyboard Boost
2026-09-15T14:41:29.7360671Z   ---
2026-09-15T14:41:29.7361037Z   duration_ms: 10.690388
2026-09-15T14:41:29.7361435Z   ...
2026-09-15T14:41:29.7362257Z # Subtest: grid-center: shield cancels Toggle within one frame and preserves touch Boost
2026-09-15T14:41:29.7363492Z ok 193 - grid-center: shield cancels Toggle within one frame and preserves touch Boost
2026-09-15T14:41:29.7364504Z   ---
2026-09-15T14:41:29.7364840Z   duration_ms: 5.509568
2026-09-15T14:41:29.7365223Z   ...
2026-09-15T14:41:29.7366086Z # Subtest: grid-center: default Hold shield matches the legacy command oracle through recovery
2026-09-15T14:41:29.7367910Z ok 194 - grid-center: default Hold shield matches the legacy command oracle through recovery
2026-09-15T14:41:29.7368765Z   ---
2026-09-15T14:41:29.7369132Z   duration_ms: 82.032344
2026-09-15T14:41:29.7369539Z   ...
2026-09-15T14:41:29.7370397Z # Subtest: grid-center: impact cancels Toggle within one frame and preserves none Boost
2026-09-15T14:41:29.7371733Z ok 195 - grid-center: impact cancels Toggle within one frame and preserves none Boost
2026-09-15T14:41:29.7372550Z   ---
2026-09-15T14:41:29.7372912Z   duration_ms: 7.358447
2026-09-15T14:41:29.7373332Z   ...
2026-09-15T14:41:29.7374243Z # Subtest: grid-center: impact cancels Toggle within one frame and preserves keyboard Boost
2026-09-15T14:41:29.7375650Z ok 196 - grid-center: impact cancels Toggle within one frame and preserves keyboard Boost
2026-09-15T14:41:29.7376512Z   ---
2026-09-15T14:41:29.7377183Z   duration_ms: 10.641046
2026-09-15T14:41:29.7377626Z   ...
2026-09-15T14:41:29.7378502Z # Subtest: grid-center: impact cancels Toggle within one frame and preserves touch Boost
2026-09-15T14:41:29.7380094Z ok 197 - grid-center: impact cancels Toggle within one frame and preserves touch Boost
2026-09-15T14:41:29.7380976Z   ---
2026-09-15T14:41:29.7381371Z   duration_ms: 7.190925
2026-09-15T14:41:29.7381795Z   ...
2026-09-15T14:41:29.7382734Z # Subtest: grid-center: default Hold impact matches the legacy command oracle through recovery
2026-09-15T14:41:29.7384241Z ok 198 - grid-center: default Hold impact matches the legacy command oracle through recovery
2026-09-15T14:41:29.7385084Z   ---
2026-09-15T14:41:29.7385464Z   duration_ms: 106.763446
2026-09-15T14:41:29.7385890Z   ...
2026-09-15T14:41:29.7387045Z # Subtest: grid-center: presses made during real impact recovery do not queue a later Toggle
2026-09-15T14:41:29.7388428Z ok 199 - grid-center: presses made during real impact recovery do not queue a later Toggle
2026-09-15T14:41:29.7389232Z   ---
2026-09-15T14:41:29.7391558Z   duration_ms: 2.523684
2026-09-15T14:41:29.7392016Z   ...
2026-09-15T14:41:29.7392963Z # Subtest: real input clears cancel a Toggle without recursive clears or starving Ready join
2026-09-15T14:41:29.7395217Z ok 200 - real input clears cancel a Toggle without recursive clears or starving Ready join
2026-09-15T14:41:29.7396091Z   ---
2026-09-15T14:41:29.7396490Z   duration_ms: 2.000038
2026-09-15T14:41:29.7397169Z   ...
2026-09-15T14:41:29.7582762Z # Subtest: Boost preference previews cancel without writes and commit once through the native setting
2026-09-15T14:41:29.7613827Z ok 201 - Boost preference previews cancel without writes and commit once through the native setting
2026-09-15T14:41:29.7697996Z   ---
2026-09-15T14:41:29.7826477Z   duration_ms: 12.727014
2026-09-15T14:41:29.7890828Z   ...
2026-09-15T14:41:29.7892167Z # Subtest: select browsing uses a separate preview, and Back cancels without changing or firing native handlers
2026-09-15T14:41:29.7893996Z ok 202 - select browsing uses a separate preview, and Back cancels without changing or firing native handlers
2026-09-15T14:41:29.7895184Z   ---
2026-09-15T14:41:29.7895731Z   duration_ms: 2.326804
2026-09-15T14:41:29.7896327Z   ...
2026-09-15T14:41:29.7897754Z # Subtest: selection previews describe the configured menu buttons without changing draft semantics
2026-09-15T14:41:29.7899474Z ok 203 - selection previews describe the configured menu buttons without changing draft semantics
2026-09-15T14:41:29.7900585Z   ---
2026-09-15T14:41:29.7901124Z   duration_ms: 1.807409
2026-09-15T14:41:29.7901695Z   ...
2026-09-15T14:41:29.7902853Z # Subtest: select Confirm commits once through the existing change handler and ignores disabled choices
2026-09-15T14:41:29.7904580Z ok 204 - select Confirm commits once through the existing change handler and ignores disabled choices
2026-09-15T14:41:29.7906153Z   ---
2026-09-15T14:41:29.7906678Z   duration_ms: 2.932326
2026-09-15T14:41:29.7907524Z   ...
2026-09-15T14:41:29.7908704Z # Subtest: stale disabled cancels a select preview without activating its replacement on the same Confirm
2026-09-15T14:41:29.7910501Z ok 205 - stale disabled cancels a select preview without activating its replacement on the same Confirm
2026-09-15T14:41:29.7911641Z   ---
2026-09-15T14:41:29.7912133Z   duration_ms: 1.839159
2026-09-15T14:41:29.7912664Z   ...
2026-09-15T14:41:29.7913763Z # Subtest: stale hidden cancels a select preview without activating its replacement on the same Confirm
2026-09-15T14:41:29.7915441Z ok 206 - stale hidden cancels a select preview without activating its replacement on the same Confirm
2026-09-15T14:41:29.7916547Z   ---
2026-09-15T14:41:29.7917298Z   duration_ms: 2.492616
2026-09-15T14:41:29.7917876Z   ...
2026-09-15T14:41:29.7918999Z # Subtest: stale detached cancels a select preview without activating its replacement on the same Confirm
2026-09-15T14:41:29.7958053Z ok 207 - stale detached cancels a select preview without activating its replacement on the same Confirm
2026-09-15T14:41:29.7970624Z   ---
2026-09-15T14:41:29.8027775Z   duration_ms: 1.67922
2026-09-15T14:41:29.8037538Z   ...
2026-09-15T14:41:29.8041782Z # Subtest: stale options cancels a select preview without activating its replacement on the same Confirm
2026-09-15T14:41:29.8043505Z ok 208 - stale options cancels a select preview without activating its replacement on the same Confirm
2026-09-15T14:41:29.8044509Z   ---
2026-09-15T14:41:29.8044977Z   duration_ms: 1.53429
2026-09-15T14:41:29.8045488Z   ...
2026-09-15T14:41:29.8046610Z # Subtest: stale value cancels a select preview without activating its replacement on the same Confirm
2026-09-15T14:41:29.8048469Z ok 209 - stale value cancels a select preview without activating its replacement on the same Confirm
2026-09-15T14:41:29.8049449Z   ---
2026-09-15T14:41:29.8049893Z   duration_ms: 1.564697
2026-09-15T14:41:29.8050403Z   ...
2026-09-15T14:41:29.8051465Z # Subtest: stale focus cancels a select preview without activating its replacement on the same Confirm
2026-09-15T14:41:29.8053107Z ok 210 - stale focus cancels a select preview without activating its replacement on the same Confirm
2026-09-15T14:41:29.8054157Z   ---
2026-09-15T14:41:29.8054674Z   duration_ms: 1.000305
2026-09-15T14:41:29.8055213Z   ...
2026-09-15T14:41:29.8056294Z # Subtest: stale scope cancels a select preview without activating its replacement on the same Confirm
2026-09-15T14:41:29.8058205Z ok 211 - stale scope cancels a select preview without activating its replacement on the same Confirm
2026-09-15T14:41:29.8059207Z   ---
2026-09-15T14:41:29.8059671Z   duration_ms: 1.05717
2026-09-15T14:41:29.8060192Z   ...
2026-09-15T14:41:29.8061383Z # Subtest: modal root traps navigation and delegates protected Back without closing or touching background actions
2026-09-15T14:41:29.8063237Z ok 212 - modal root traps navigation and delegates protected Back without closing or touching background actions
2026-09-15T14:41:29.8064388Z   ---
2026-09-15T14:41:29.8064871Z   duration_ms: 5.988225
2026-09-15T14:41:29.8065403Z   ...
2026-09-15T14:41:29.8066513Z # Subtest: linear navigation skips hidden, disabled, inert, closed disclosure and host-rejected controls
2026-09-15T14:41:29.8068511Z ok 213 - linear navigation skips hidden, disabled, inert, closed disclosure and host-rejected controls
2026-09-15T14:41:29.8069549Z   ---
2026-09-15T14:41:29.8070030Z   duration_ms: 14.070498
2026-09-15T14:41:29.8070553Z   ...
2026-09-15T14:41:29.8071086Z # Subtest: gallery-grid uses geometric neighbors within a two-column layout
2026-09-15T14:41:29.8071778Z ok 214 - gallery-grid uses geometric neighbors within a two-column layout
2026-09-15T14:41:29.8072234Z   ---
2026-09-15T14:41:29.8072519Z   duration_ms: 14.339006
2026-09-15T14:41:29.8072818Z   ...
2026-09-15T14:41:29.8073268Z # Subtest: missions uses geometric neighbors within a two-column layout
2026-09-15T14:41:29.8074160Z ok 215 - missions uses geometric neighbors within a two-column layout
2026-09-15T14:41:29.8074663Z   ---
2026-09-15T14:41:29.8075098Z   duration_ms: 5.041728
2026-09-15T14:41:29.8075426Z   ...
2026-09-15T14:41:29.8076043Z # Subtest: slider draft clamps and commits one input/change pair; cancellation never writes the real value
2026-09-15T14:41:29.8077395Z ok 216 - slider draft clamps and commits one input/change pair; cancellation never writes the real value
2026-09-15T14:41:29.8078293Z   ---
2026-09-15T14:41:29.8078652Z   duration_ms: 8.064095
2026-09-15T14:41:29.8079050Z   ...
2026-09-15T14:41:29.8079905Z # Subtest: buttons and checkboxes activate through their existing handlers once per logical edge
2026-09-15T14:41:29.8080681Z ok 217 - buttons and checkboxes activate through their existing handlers once per logical edge
2026-09-15T14:41:29.8081148Z   ---
2026-09-15T14:41:29.8081354Z   duration_ms: 2.044651
2026-09-15T14:41:29.8081585Z   ...
2026-09-15T14:41:29.8082109Z # Subtest: file and text controls explain the host limitation without opening a picker or changing text
2026-09-15T14:41:29.8082914Z ok 218 - file and text controls explain the host limitation without opening a picker or changing text
2026-09-15T14:41:29.8083378Z   ---
2026-09-15T14:41:29.8083574Z   duration_ms: 4.82836
2026-09-15T14:41:29.8083835Z   ...
2026-09-15T14:41:29.8084456Z # Subtest: pointerdown relinquishes controller focus and cancels an uncommitted edit
2026-09-15T14:41:29.8085159Z ok 219 - pointerdown relinquishes controller focus and cancels an uncommitted edit
2026-09-15T14:41:29.8085568Z   ---
2026-09-15T14:41:29.8085763Z   duration_ms: 4.280389
2026-09-15T14:41:29.8085983Z   ...
2026-09-15T14:41:29.8086391Z # Subtest: keydown relinquishes controller focus and cancels an uncommitted edit
2026-09-15T14:41:29.8087188Z ok 220 - keydown relinquishes controller focus and cancels an uncommitted edit
2026-09-15T14:41:29.8087598Z   ---
2026-09-15T14:41:29.8087842Z   duration_ms: 1.075094
2026-09-15T14:41:29.8088202Z   ...
2026-09-15T14:41:29.8088897Z # Subtest: external focus changes cancel editing and a flight scope suppresses all menu actions
2026-09-15T14:41:29.8100828Z ok 221 - external focus changes cancel editing and a flight scope suppresses all menu actions
2026-09-15T14:41:29.8101295Z   ---
2026-09-15T14:41:29.8101510Z   duration_ms: 1.120179
2026-09-15T14:41:29.8101752Z   ...
2026-09-15T14:41:29.8102173Z # Subtest: destroy removes listeners and prevents all later controller actions
2026-09-15T14:41:29.8102794Z ok 222 - destroy removes listeners and prevents all later controller actions
2026-09-15T14:41:29.8103196Z   ---
2026-09-15T14:41:29.8103401Z   duration_ms: 3.650054
2026-09-15T14:41:29.8103629Z   ...
2026-09-15T14:41:29.8104185Z # Subtest: sync cancels a stale editor immediately, and an unchanged scope token cannot retain the old modal root
2026-09-15T14:41:29.8105038Z ok 223 - sync cancels a stale editor immediately, and an unchanged scope token cannot retain the old modal root
2026-09-15T14:41:29.8105533Z   ---
2026-09-15T14:41:29.8105748Z   duration_ms: 4.015052
2026-09-15T14:41:29.8105970Z   ...
2026-09-15T14:41:29.8106452Z # Subtest: a slider range change invalidates the draft before Confirm can commit an obsolete value
2026-09-15T14:41:29.8107359Z ok 224 - a slider range change invalidates the draft before Confirm can commit an obsolete value
2026-09-15T14:41:29.8107821Z   ---
2026-09-15T14:41:29.8108017Z   duration_ms: 3.671363
2026-09-15T14:41:29.8108233Z   ...
2026-09-15T14:41:29.8108839Z # Subtest: Menu cancels an editor first; clear relinquishes navigation without destroying normal DOM controls
2026-09-15T14:41:29.8109682Z ok 225 - Menu cancels an editor first; clear relinquishes navigation without destroying normal DOM controls
2026-09-15T14:41:29.8110176Z   ---
2026-09-15T14:41:29.8110382Z   duration_ms: 1.829741
2026-09-15T14:41:29.8110600Z   ...
2026-09-15T14:41:29.8111115Z # Subtest: a disabled focused button cannot redirect its Confirm into a neighboring destructive action
2026-09-15T14:41:29.8111910Z ok 226 - a disabled focused button cannot redirect its Confirm into a neighboring destructive action
2026-09-15T14:41:29.8112591Z   ---
2026-09-15T14:41:29.8112798Z   duration_ms: 1.011736
2026-09-15T14:41:29.8113025Z   ...
2026-09-15T14:41:29.8113554Z # Subtest: returning from a picture preserves the newly restored gallery origin instead of the modal default
2026-09-15T14:41:29.8114371Z ok 227 - returning from a picture preserves the newly restored gallery origin instead of the modal default
2026-09-15T14:41:29.8114855Z   ---
2026-09-15T14:41:29.8115053Z   duration_ms: 1.271811
2026-09-15T14:41:29.8115265Z   ...
2026-09-15T14:41:29.8115748Z # Subtest: joining engages the default focus without activating it or leaking the join into Confirm
2026-09-15T14:41:29.8116516Z ok 228 - joining engages the default focus without activating it or leaking the join into Confirm
2026-09-15T14:41:29.8117104Z   ---
2026-09-15T14:41:29.8117298Z   duration_ms: 1.260229
2026-09-15T14:41:29.8117519Z   ...
2026-09-15T14:41:29.8117962Z # Subtest: engaging a new scope preserves a host-restored gallery card without opening it
2026-09-15T14:41:29.8118641Z ok 229 - engaging a new scope preserves a host-restored gallery card without opening it
2026-09-15T14:41:29.8119063Z   ---
2026-09-15T14:41:29.8119258Z   duration_ms: 1.85649
2026-09-15T14:41:29.8119475Z   ...
2026-09-15T14:41:29.8120014Z # Subtest: engage never enters menu navigation during flight or after destruction
2026-09-15T14:41:29.8120633Z ok 230 - engage never enters menu navigation during flight or after destruction
2026-09-15T14:41:29.8121023Z   ---
2026-09-15T14:41:29.8121222Z   duration_ms: 0.605208
2026-09-15T14:41:29.8121438Z   ...
2026-09-15T14:41:29.8121889Z # Subtest: select previews stay outside the enclosing label and preserve its name source
2026-09-15T14:41:29.8122586Z ok 231 - select previews stay outside the enclosing label and preserve its name source
2026-09-15T14:41:29.8123007Z   ---
2026-09-15T14:41:29.8123201Z   duration_ms: 2.296651
2026-09-15T14:41:29.8123421Z   ...
2026-09-15T14:41:29.8123855Z # Subtest: range previews stay outside the enclosing label and preserve its name source
2026-09-15T14:41:29.8124506Z ok 232 - range previews stay outside the enclosing label and preserve its name source
2026-09-15T14:41:29.8124908Z   ---
2026-09-15T14:41:29.8125106Z   duration_ms: 2.023773
2026-09-15T14:41:29.8125322Z   ...
2026-09-15T14:41:29.8125787Z # Subtest: reading entry focuses a named region before notification and returns owned metadata
2026-09-15T14:41:29.8126506Z ok 233 - reading entry focuses a named region before notification and returns owned metadata
2026-09-15T14:41:29.8127063Z   ---
2026-09-15T14:41:29.8127257Z   duration_ms: 2.533703
2026-09-15T14:41:29.8127479Z   ...
2026-09-15T14:41:29.8128051Z # Subtest: reader scrolls vertically to both endpoints without moving focus, wrapping or repeating edge announcements
2026-09-15T14:41:29.8128962Z ok 234 - reader scrolls vertically to both endpoints without moving focus, wrapping or repeating edge announcements
2026-09-15T14:41:29.8129696Z   ---
2026-09-15T14:41:29.8129899Z   duration_ms: 3.612514
2026-09-15T14:41:29.8130119Z   ...
2026-09-15T14:41:29.8130609Z # Subtest: small and nonoverflowing readers have bounded steps and always permit immediate exit
2026-09-15T14:41:29.8131349Z ok 235 - small and nonoverflowing readers have bounded steps and always permit immediate exit
2026-09-15T14:41:29.8131793Z   ---
2026-09-15T14:41:29.8131988Z   duration_ms: 5.066534
2026-09-15T14:41:29.8132208Z   ...
2026-09-15T14:41:29.8132635Z # Subtest: reading back ends once and consumes the complete gesture before host actions
2026-09-15T14:41:29.8133273Z ok 236 - reading back ends once and consumes the complete gesture before host actions
2026-09-15T14:41:29.8133673Z   ---
2026-09-15T14:41:29.8133863Z   duration_ms: 3.737196
2026-09-15T14:41:29.8134076Z   ...
2026-09-15T14:41:29.8134516Z # Subtest: reading confirm ends once and consumes the complete gesture before host actions
2026-09-15T14:41:29.8135188Z ok 237 - reading confirm ends once and consumes the complete gesture before host actions
2026-09-15T14:41:29.8135794Z   ---
2026-09-15T14:41:29.8135990Z   duration_ms: 0.741212
2026-09-15T14:41:29.8136200Z   ...
2026-09-15T14:41:29.8136613Z # Subtest: reading menu ends once and consumes the complete gesture before host actions
2026-09-15T14:41:29.8137613Z ok 238 - reading menu ends once and consumes the complete gesture before host actions
2026-09-15T14:41:29.8138246Z   ---
2026-09-15T14:41:29.8138475Z   duration_ms: 1.138622
2026-09-15T14:41:29.8138693Z   ...
2026-09-15T14:41:29.8139168Z # Subtest: entry validates the entire surface before replacing a reader or cancelling an editor
2026-09-15T14:41:29.8140092Z ok 239 - entry validates the entire surface before replacing a reader or cancelling an editor
2026-09-15T14:41:29.8140876Z   ---
2026-09-15T14:41:29.8141261Z   duration_ms: 5.161054
2026-09-15T14:41:29.8141544Z   ...
2026-09-15T14:41:29.8142378Z # Subtest: removed region cancels reading and cannot redirect the invalidating Confirm to another action
2026-09-15T14:41:29.8143648Z ok 240 - removed region cancels reading and cannot redirect the invalidating Confirm to another action
2026-09-15T14:41:29.8144141Z   ---
2026-09-15T14:41:29.8144341Z   duration_ms: 1.172295
2026-09-15T14:41:29.8144568Z   ...
2026-09-15T14:41:29.8145555Z # Subtest: changed region identity cancels reading and cannot redirect the invalidating Confirm to another action
2026-09-15T14:41:29.8146878Z ok 241 - changed region identity cancels reading and cannot redirect the invalidating Confirm to another action
2026-09-15T14:41:29.8147421Z   ---
2026-09-15T14:41:29.8147626Z   duration_ms: 1.649485
2026-09-15T14:41:29.8147847Z   ...
2026-09-15T14:41:29.8148355Z # Subtest: hidden region cancels reading and cannot redirect the invalidating Confirm to another action
2026-09-15T14:41:29.8149146Z ok 242 - hidden region cancels reading and cannot redirect the invalidating Confirm to another action
2026-09-15T14:41:29.8149606Z   ---
2026-09-15T14:41:29.8149803Z   duration_ms: 1.581729
2026-09-15T14:41:29.8150035Z   ...
2026-09-15T14:41:29.8150540Z # Subtest: inert region cancels reading and cannot redirect the invalidating Confirm to another action
2026-09-15T14:41:29.8151320Z ok 243 - inert region cancels reading and cannot redirect the invalidating Confirm to another action
2026-09-15T14:41:29.8151788Z   ---
2026-09-15T14:41:29.8151992Z   duration_ms: 1.127251
2026-09-15T14:41:29.8152211Z   ...
2026-09-15T14:41:29.8152724Z # Subtest: removed origin cancels reading and cannot redirect the invalidating Confirm to another action
2026-09-15T14:41:29.8153504Z ok 244 - removed origin cancels reading and cannot redirect the invalidating Confirm to another action
2026-09-15T14:41:29.8153962Z   ---
2026-09-15T14:41:29.8154159Z   duration_ms: 1.145876
2026-09-15T14:41:29.8154371Z   ...
2026-09-15T14:41:29.8154876Z # Subtest: disabled origin cancels reading and cannot redirect the invalidating Confirm to another action
2026-09-15T14:41:29.8155671Z ok 245 - disabled origin cancels reading and cannot redirect the invalidating Confirm to another action
2026-09-15T14:41:29.8156142Z   ---
2026-09-15T14:41:29.8156334Z   duration_ms: 1.532216
2026-09-15T14:41:29.8156547Z   ...
2026-09-15T14:41:29.8157355Z # Subtest: replaced content cancels reading and cannot redirect the invalidating Confirm to another action
2026-09-15T14:41:29.8158179Z ok 246 - replaced content cancels reading and cannot redirect the invalidating Confirm to another action
2026-09-15T14:41:29.8158649Z   ---
2026-09-15T14:41:29.8158849Z   duration_ms: 1.428583
2026-09-15T14:41:29.8159067Z   ...
2026-09-15T14:41:29.8159566Z # Subtest: removed marker cancels reading and cannot redirect the invalidating Confirm to another action
2026-09-15T14:41:29.8160346Z ok 247 - removed marker cancels reading and cannot redirect the invalidating Confirm to another action
2026-09-15T14:41:29.8160808Z   ---
2026-09-15T14:41:29.8161030Z   duration_ms: 2.869303
2026-09-15T14:41:29.8161250Z   ...
2026-09-15T14:41:29.8161776Z # Subtest: collapsed viewport cancels reading and cannot redirect the invalidating Confirm to another action
2026-09-15T14:41:29.8163073Z ok 248 - collapsed viewport cancels reading and cannot redirect the invalidating Confirm to another action
2026-09-15T14:41:29.8163561Z   ---
2026-09-15T14:41:29.8163764Z   duration_ms: 1.171344
2026-09-15T14:41:29.8163991Z   ...
2026-09-15T14:41:29.8164517Z # Subtest: scope and root changes cancel reading without restoring stale focus or activating the next dialog
2026-09-15T14:41:29.8165327Z ok 249 - scope and root changes cancel reading without restoring stale focus or activating the next dialog
2026-09-15T14:41:29.8165811Z   ---
2026-09-15T14:41:29.8166007Z   duration_ms: 0.931346
2026-09-15T14:41:29.8166221Z   ...
2026-09-15T14:41:29.8166929Z # Subtest: native focus, pointer and keyboard relinquish reading without stealing focus or swallowing native keys
2026-09-15T14:41:29.8167807Z ok 250 - native focus, pointer and keyboard relinquish reading without stealing focus or swallowing native keys
2026-09-15T14:41:29.8168312Z   ---
2026-09-15T14:41:29.8168512Z   duration_ms: 3.130255
2026-09-15T14:41:29.8168723Z   ...
2026-09-15T14:41:29.8169184Z # Subtest: an end-only Done button stays harmless after pointerdown already cancelled reading
2026-09-15T14:41:29.8170019Z ok 251 - an end-only Done button stays harmless after pointerdown already cancelled reading
2026-09-15T14:41:29.8170457Z   ---
2026-09-15T14:41:29.8170651Z   duration_ms: 0.652516
2026-09-15T14:41:29.8170865Z   ...
2026-09-15T14:41:29.8171355Z # Subtest: lifecycle clear cancels reading once, preserves scroll position and consumes stale input
2026-09-15T14:41:29.8172107Z ok 252 - lifecycle clear cancels reading once, preserves scroll position and consumes stale input
2026-09-15T14:41:29.8172554Z   ---
2026-09-15T14:41:29.8172749Z   duration_ms: 0.887714
2026-09-15T14:41:29.8172963Z   ...
2026-09-15T14:41:29.8173474Z # Subtest: real remapped router drives reading repeats and gates held buttons/sticks across entry and exit
2026-09-15T14:41:29.8174288Z ok 253 - real remapped router drives reading repeats and gates held buttons/sticks across entry and exit
2026-09-15T14:41:29.8174758Z   ---
2026-09-15T14:41:29.8174956Z   duration_ms: 5.291253
2026-09-15T14:41:29.8175176Z   ...
2026-09-15T14:41:29.8175861Z # Subtest: held Retry Confirm cannot leave the loss reader or leak ability and Toggle Boost into flight
2026-09-15T14:41:29.8177562Z ok 254 - held Retry Confirm cannot leave the loss reader or leak ability and Toggle Boost into flight
2026-09-15T14:41:29.8178433Z   ---
2026-09-15T14:41:29.8178789Z   duration_ms: 20.044814
2026-09-15T14:41:29.8179201Z   ...
2026-09-15T14:41:29.8180185Z # Subtest: reopening changed content starts at the top while unchanged content keeps its reading position
2026-09-15T14:41:29.8181707Z ok 255 - reopening changed content starts at the top while unchanged content keeps its reading position
2026-09-15T14:41:29.8182599Z   ---
2026-09-15T14:41:29.8182957Z   duration_ms: 1.196841
2026-09-15T14:41:29.8183362Z   ...
2026-09-15T14:41:29.8184495Z # Subtest: registered Done preserves the reader until native click and restores the origin after host disables Done
2026-09-15T14:41:29.8186159Z ok 256 - registered Done preserves the reader until native click and restores the origin after host disables Done
2026-09-15T14:41:29.8187361Z   ---
2026-09-15T14:41:29.8187724Z   duration_ms: 0.816281
2026-09-15T14:41:29.8188111Z   ...
2026-09-15T14:41:29.8189166Z # Subtest: Done descendant taps keep click semantics; pointercancel and other pointer gestures still relinquish
2026-09-15T14:41:29.8190794Z ok 257 - Done descendant taps keep click semantics; pointercancel and other pointer gestures still relinquish
2026-09-15T14:41:29.8191715Z   ---
2026-09-15T14:41:29.8192062Z   duration_ms: 2.401932
2026-09-15T14:41:29.8192445Z   ...
2026-09-15T14:41:29.8193376Z # Subtest: exit registration rejects unrelated or hidden controls without replacing a current reader
2026-09-15T14:41:29.8194849Z ok 258 - exit registration rejects unrelated or hidden controls without replacing a current reader
2026-09-15T14:41:29.8195932Z   ---
2026-09-15T14:41:29.8196253Z   duration_ms: 1.734594
2026-09-15T14:41:29.8196612Z   ...
2026-09-15T14:41:29.8197838Z # Subtest: actual two-surface host preserves a native Done click through document capture and returns focus
2026-09-15T14:41:29.8199342Z ok 259 - actual two-surface host preserves a native Done click through document capture and returns focus
2026-09-15T14:41:29.8200230Z   ---
2026-09-15T14:41:29.8200577Z   duration_ms: 4.993629
2026-09-15T14:41:29.8200964Z   ...
2026-09-15T14:41:29.8201749Z # Subtest: all remapped flight buttons emit the existing normalized command fields
2026-09-15T14:41:29.8202914Z ok 260 - all remapped flight buttons emit the existing normalized command fields
2026-09-15T14:41:29.8203633Z   ---
2026-09-15T14:41:29.8203968Z   duration_ms: 23.252273
2026-09-15T14:41:29.8204359Z   ...
2026-09-15T14:41:29.8205208Z # Subtest: all remapped menu actions remain scoped and edge-triggered with original priority
2026-09-15T14:41:29.8206551Z ok 261 - all remapped menu actions remain scoped and edge-triggered with original priority
2026-09-15T14:41:29.8207597Z   ---
2026-09-15T14:41:29.8207934Z   duration_ms: 7.527702
2026-09-15T14:41:29.8208307Z   ...
2026-09-15T14:41:29.8209374Z # Subtest: fixed physical join controls remain available even when none is a mapped menu action
2026-09-15T14:41:29.8210804Z ok 262 - fixed physical join controls remain available even when none is a mapped menu action
2026-09-15T14:41:29.8211635Z   ---
2026-09-15T14:41:29.8211990Z   duration_ms: 3.564574
2026-09-15T14:41:29.8212378Z   ...
2026-09-15T14:41:29.8213244Z # Subtest: custom analog axes/inversion are context-specific and digital directions still win
2026-09-15T14:41:29.8214608Z ok 263 - custom analog axes/inversion are context-specific and digital directions still win
2026-09-15T14:41:29.8215426Z   ---
2026-09-15T14:41:29.8215776Z   duration_ms: 0.882455
2026-09-15T14:41:29.8216176Z   ...
2026-09-15T14:41:29.8217284Z # Subtest: configured stick hysteresis resists threshold chatter and releases at equality
2026-09-15T14:41:29.8218631Z ok 264 - configured stick hysteresis resists threshold chatter and releases at equality
2026-09-15T14:41:29.8219417Z   ---
2026-09-15T14:41:29.8219775Z   duration_ms: 1.41571
2026-09-15T14:41:29.8220160Z   ...
2026-09-15T14:41:29.8221024Z # Subtest: pause clears stick history and requires physical release before the next command
2026-09-15T14:41:29.8222339Z ok 265 - pause clears stick history and requires physical release before the next command
2026-09-15T14:41:29.8223126Z   ---
2026-09-15T14:41:29.8223467Z   duration_ms: 0.868549
2026-09-15T14:41:29.8223855Z   ...
2026-09-15T14:41:29.8224718Z # Subtest: hangar clears stick history and requires physical release before the next command
2026-09-15T14:41:29.8226081Z ok 266 - hangar clears stick history and requires physical release before the next command
2026-09-15T14:41:29.8226547Z   ---
2026-09-15T14:41:29.8227044Z   duration_ms: 0.773853
2026-09-15T14:41:29.8227302Z   ...
2026-09-15T14:41:29.8227763Z # Subtest: stop clears stick history and requires physical release before the next command
2026-09-15T14:41:29.8228456Z ok 267 - stop clears stick history and requires physical release before the next command
2026-09-15T14:41:29.8228875Z   ---
2026-09-15T14:41:29.8229076Z   duration_ms: 0.747854
2026-09-15T14:41:29.8229299Z   ...
2026-09-15T14:41:29.8229761Z # Subtest: clear clears stick history and requires physical release before the next command
2026-09-15T14:41:29.8230452Z ok 268 - clear clears stick history and requires physical release before the next command
2026-09-15T14:41:29.8230875Z   ---
2026-09-15T14:41:29.8231080Z   duration_ms: 0.889538
2026-09-15T14:41:29.8231300Z   ...
2026-09-15T14:41:29.8231745Z # Subtest: scope clears stick history and requires physical release before the next command
2026-09-15T14:41:29.8232437Z ok 269 - scope clears stick history and requires physical release before the next command
2026-09-15T14:41:29.8232867Z   ---
2026-09-15T14:41:29.8233255Z   duration_ms: 2.402699
2026-09-15T14:41:29.8233482Z   ...
2026-09-15T14:41:29.8233928Z # Subtest: remap clears stick history and requires physical release before the next command
2026-09-15T14:41:29.8234611Z ok 270 - remap clears stick history and requires physical release before the next command
2026-09-15T14:41:29.8235038Z   ---
2026-09-15T14:41:29.8235235Z   duration_ms: 1.091775
2026-09-15T14:41:29.8235452Z   ...
2026-09-15T14:41:29.8235963Z # Subtest: neutral gating includes both contexts and fixed join buttons before a remapped action can fire
2026-09-15T14:41:29.8237023Z ok 271 - neutral gating includes both contexts and fixed join buttons before a remapped action can fire
2026-09-15T14:41:29.8237902Z   ---
2026-09-15T14:41:29.8238283Z   duration_ms: 5.095278
2026-09-15T14:41:29.8238660Z   ...
2026-09-15T14:41:29.8239551Z # Subtest: buttons-only configurations ignore analog drift while keeping mapped movement available
2026-09-15T14:41:29.8240939Z ok 272 - buttons-only configurations ignore analog drift while keeping mapped movement available
2026-09-15T14:41:29.8241765Z   ---
2026-09-15T14:41:29.8242088Z   duration_ms: 0.833243
2026-09-15T14:41:29.8242455Z   ...
2026-09-15T14:41:29.8243459Z # Subtest: successful adoption retains ownership and blocks a held newly mapped input without reading hardware
2026-09-15T14:41:29.8245206Z ok 273 - successful adoption retains ownership and blocks a held newly mapped input without reading hardware
2026-09-15T14:41:29.8246105Z   ---
2026-09-15T14:41:29.8246443Z   duration_ms: 1.996595
2026-09-15T14:41:29.8246997Z   ...
2026-09-15T14:41:29.8247901Z # Subtest: invalid adoption preserves bindings, held UI edges, repeat deadlines and active hysteresis
2026-09-15T14:41:29.8249310Z ok 274 - invalid adoption preserves bindings, held UI edges, repeat deadlines and active hysteresis
2026-09-15T14:41:29.8250129Z   ---
2026-09-15T14:41:29.8250457Z   duration_ms: 2.040554
2026-09-15T14:41:29.8250816Z   ...
2026-09-15T14:41:29.8255771Z # Subtest: successful adoption clears repeat timing and consumes a fresh neutral frame before UI resumes
2026-09-15T14:41:29.8257489Z ok 275 - successful adoption clears repeat timing and consumes a fresh neutral frame before UI resumes
2026-09-15T14:41:29.8258360Z   ---
2026-09-15T14:41:29.8258710Z   duration_ms: 0.752442
2026-09-15T14:41:29.8259089Z   ...
2026-09-15T14:41:29.8259936Z # Subtest: adoption owns its maps and sampling does not revisit caller configuration getters
2026-09-15T14:41:29.8261227Z ok 276 - adoption owns its maps and sampling does not revisit caller configuration getters
2026-09-15T14:41:29.8262003Z   ---
2026-09-15T14:41:29.8262333Z   duration_ms: 1.492442
2026-09-15T14:41:29.8262722Z   ...
2026-09-15T14:41:29.8263763Z # Subtest: legacy constructor deadZone stays compatible while explicit documents and later reset own thresholds
2026-09-15T14:41:29.8265451Z ok 277 - legacy constructor deadZone stays compatible while explicit documents and later reset own thresholds
2026-09-15T14:41:29.8266395Z   ---
2026-09-15T14:41:29.8266961Z   duration_ms: 2.121194
2026-09-15T14:41:29.8267381Z   ...
2026-09-15T14:41:29.8268448Z # Subtest: remapped flight emergency priority suppresses equipment and analog triggers retain threshold semantics
2026-09-15T14:41:29.8270147Z ok 278 - remapped flight emergency priority suppresses equipment and analog triggers retain threshold semantics
2026-09-15T14:41:29.8271088Z   ---
2026-09-15T14:41:29.8271426Z   duration_ms: 3.628664
2026-09-15T14:41:29.8271815Z   ...
2026-09-15T14:41:29.8272661Z # Subtest: hysteresis is per connection and loss requires neutral plus an explicit new join
2026-09-15T14:41:29.8273961Z ok 279 - hysteresis is per connection and loss requires neutral plus an explicit new join
2026-09-15T14:41:29.8274744Z   ---
2026-09-15T14:41:29.8275094Z   duration_ms: 1.474769
2026-09-15T14:41:29.8275479Z   ...
2026-09-15T14:41:29.8276492Z # Subtest: invalid initial bindings install no listener and a destroyed router cannot be revived by adoption
2026-09-15T14:41:29.8278454Z ok 280 - invalid initial bindings install no listener and a destroyed router cannot be revived by adoption
2026-09-15T14:41:29.8279644Z   ---
2026-09-15T14:41:29.8280015Z   duration_ms: 0.684636
2026-09-15T14:41:29.8280412Z   ...
2026-09-15T14:41:32.8787761Z # Subtest: First Connection gentle: public-command teamwork route wins and replays after exchanging seats
2026-09-15T14:41:32.8862646Z ok 281 - First Connection gentle: public-command teamwork route wins and replays after exchanging seats
2026-09-15T14:41:32.8863974Z   ---
2026-09-15T14:41:32.8864380Z   duration_ms: 688.458998
2026-09-15T14:41:32.8864815Z   ...
2026-09-15T14:41:32.8866195Z # {"rehearsedSeconds":9.825,"coverage":0.653781512605042,"withoutSupport":{"status":"won","downs":0,"coverage":0.653781512605042},"actualSlowEvents":0}
2026-09-15T14:41:32.8868207Z # Subtest: Relay Yard gentle: public-command teamwork route wins and replays after exchanging seats
2026-09-15T14:41:32.8869718Z ok 282 - Relay Yard gentle: public-command teamwork route wins and replays after exchanging seats
2026-09-15T14:41:32.8870612Z   ---
2026-09-15T14:41:32.8870973Z   duration_ms: 339.988964
2026-09-15T14:41:32.8871390Z   ...
2026-09-15T14:41:32.8872872Z # {"rehearsedSeconds":6.933333333333334,"coverage":0.30664395229982966,"withoutSupport":{"status":"won","downs":0,"coverage":0.30664395229982966},"actualSlowEvents":3}
2026-09-15T14:41:32.8875228Z # Subtest: Relay Yard gentle: walking, a safe waiting window, and local cover can win without Boost
2026-09-15T14:41:32.8876659Z ok 283 - Relay Yard gentle: walking, a safe waiting window, and local cover can win without Boost
2026-09-15T14:41:32.8917831Z   ---
2026-09-15T14:41:32.8918209Z   duration_ms: 295.063508
2026-09-15T14:41:32.8918641Z   ...
2026-09-15T14:41:32.8919227Z # Rehearsed walking clear: 12.88 seconds, no knockdowns.
2026-09-15T14:41:32.8920408Z # Subtest: First Connection gentle: short unboosted corner cuts provide a lower-risk opening
2026-09-15T14:41:32.8921787Z ok 284 - First Connection gentle: short unboosted corner cuts provide a lower-risk opening
2026-09-15T14:41:32.8922627Z   ---
2026-09-15T14:41:32.8922981Z   duration_ms: 46.368637
2026-09-15T14:41:32.8923395Z   ...
2026-09-15T14:41:32.8924195Z # Subtest: Relay Yard gentle: short unboosted corner cuts provide a lower-risk opening
2026-09-15T14:41:32.8925428Z ok 285 - Relay Yard gentle: short unboosted corner cuts provide a lower-risk opening
2026-09-15T14:41:32.8926183Z   ---
2026-09-15T14:41:32.8926531Z   duration_ms: 50.295171
2026-09-15T14:41:32.8970039Z   ...
2026-09-15T14:41:32.8970970Z # Subtest: Relay Yard gentle: upper patrol guards stop the former unopposed core shortcut
2026-09-15T14:41:32.8972307Z ok 286 - Relay Yard gentle: upper patrol guards stop the former unopposed core shortcut
2026-09-15T14:41:32.8973098Z   ---
2026-09-15T14:41:32.8973464Z   duration_ms: 40.213002
2026-09-15T14:41:32.8973869Z   ...
2026-09-15T14:41:32.8974978Z # Subtest: First Connection standard: public-command teamwork route wins and replays after exchanging seats
2026-09-15T14:41:32.8976640Z ok 287 - First Connection standard: public-command teamwork route wins and replays after exchanging seats
2026-09-15T14:41:32.8977804Z   ---
2026-09-15T14:41:32.8978159Z   duration_ms: 432.48309
2026-09-15T14:41:32.8978560Z   ...
2026-09-15T14:41:32.8979863Z # {"rehearsedSeconds":9.825,"coverage":0.653781512605042,"withoutSupport":{"status":"running","downs":4,"coverage":0},"actualSlowEvents":0}
2026-09-15T14:41:32.8981640Z # Subtest: Relay Yard standard: public-command teamwork route wins and replays after exchanging seats
2026-09-15T14:41:32.8983158Z ok 288 - Relay Yard standard: public-command teamwork route wins and replays after exchanging seats
2026-09-15T14:41:32.8984049Z   ---
2026-09-15T14:41:32.8984405Z   duration_ms: 339.831751
2026-09-15T14:41:32.8984816Z   ...
2026-09-15T14:41:32.8986299Z # {"rehearsedSeconds":6.933333333333334,"coverage":0.30664395229982966,"withoutSupport":{"status":"won","downs":0,"coverage":0.30664395229982966},"actualSlowEvents":2}
2026-09-15T14:41:32.8988659Z # Subtest: Relay Yard standard: walking, a safe waiting window, and local cover can win without Boost
2026-09-15T14:41:32.8990115Z ok 289 - Relay Yard standard: walking, a safe waiting window, and local cover can win without Boost
2026-09-15T14:41:32.8990977Z   ---
2026-09-15T14:41:32.8991326Z   duration_ms: 259.841314
2026-09-15T14:41:32.8991752Z   ...
2026-09-15T14:41:32.8992340Z # Rehearsed walking clear: 12.88 seconds, no knockdowns.
2026-09-15T14:41:32.8993512Z # Subtest: First Connection standard: short unboosted corner cuts provide a lower-risk opening
2026-09-15T14:41:32.8994909Z ok 290 - First Connection standard: short unboosted corner cuts provide a lower-risk opening
2026-09-15T14:41:32.8995758Z   ---
2026-09-15T14:41:32.8996120Z   duration_ms: 24.684584
2026-09-15T14:41:32.8996530Z   ...
2026-09-15T14:41:32.9027771Z # Subtest: Relay Yard standard: short unboosted corner cuts provide a lower-risk opening
2026-09-15T14:41:32.9029083Z ok 291 - Relay Yard standard: short unboosted corner cuts provide a lower-risk opening
2026-09-15T14:41:32.9029868Z   ---
2026-09-15T14:41:32.9030219Z   duration_ms: 25.82485
2026-09-15T14:41:32.9030611Z   ...
2026-09-15T14:41:32.9031512Z # Subtest: Relay Yard standard: upper patrol guards stop the former unopposed core shortcut
2026-09-15T14:41:32.9033118Z ok 292 - Relay Yard standard: upper patrol guards stop the former unopposed core shortcut
2026-09-15T14:41:32.9033964Z   ---
2026-09-15T14:41:32.9034325Z   duration_ms: 33.048184
2026-09-15T14:41:32.9034731Z   ...
2026-09-15T14:41:32.9035755Z # Subtest: First Connection expert: public-command teamwork route wins and replays after exchanging seats
2026-09-15T14:41:32.9037666Z ok 293 - First Connection expert: public-command teamwork route wins and replays after exchanging seats
2026-09-15T14:41:32.9038599Z   ---
2026-09-15T14:41:32.9038965Z   duration_ms: 260.423159
2026-09-15T14:41:32.9039366Z   ...
2026-09-15T14:41:32.9040589Z # {"rehearsedSeconds":9.825,"coverage":0.653781512605042,"withoutSupport":{"status":"lost","downs":4,"coverage":0},"actualSlowEvents":2}
2026-09-15T14:41:32.9042296Z # Subtest: Relay Yard expert: public-command teamwork route wins and replays after exchanging seats
2026-09-15T14:41:32.9043740Z ok 294 - Relay Yard expert: public-command teamwork route wins and replays after exchanging seats
2026-09-15T14:41:32.9044585Z   ---
2026-09-15T14:41:32.9044949Z   duration_ms: 165.273993
2026-09-15T14:41:32.9045346Z   ...
2026-09-15T14:41:32.9046682Z # {"rehearsedSeconds":6.933333333333334,"coverage":0.30664395229982966,"withoutSupport":{"status":"lost","downs":4,"coverage":0},"actualSlowEvents":3}
2026-09-15T14:41:32.9048642Z # Subtest: Relay Yard expert: walking, a safe waiting window, and local cover can win without Boost
2026-09-15T14:41:32.9050058Z ok 295 - Relay Yard expert: walking, a safe waiting window, and local cover can win without Boost
2026-09-15T14:41:32.9050894Z   ---
2026-09-15T14:41:32.9051243Z   duration_ms: 183.378511
2026-09-15T14:41:32.9051635Z   ...
2026-09-15T14:41:32.9052190Z # Rehearsed walking clear: 12.88 seconds, no knockdowns.
2026-09-15T14:41:32.9053319Z # Subtest: First Connection expert: short unboosted corner cuts provide a lower-risk opening
2026-09-15T14:41:32.9054649Z ok 296 - First Connection expert: short unboosted corner cuts provide a lower-risk opening
2026-09-15T14:41:32.9055436Z   ---
2026-09-15T14:41:32.9055788Z   duration_ms: 21.892118
2026-09-15T14:41:32.9056176Z   ...
2026-09-15T14:41:32.9077720Z # Subtest: Relay Yard expert: short unboosted corner cuts provide a lower-risk opening
2026-09-15T14:41:32.9079064Z ok 297 - Relay Yard expert: short unboosted corner cuts provide a lower-risk opening
2026-09-15T14:41:32.9079845Z   ---
2026-09-15T14:41:32.9080205Z   duration_ms: 21.035143
2026-09-15T14:41:32.9080611Z   ...
2026-09-15T14:41:32.9081489Z # Subtest: Relay Yard expert: upper patrol guards stop the former unopposed core shortcut
2026-09-15T14:41:32.9082813Z ok 298 - Relay Yard expert: upper patrol guards stop the former unopposed core shortcut
2026-09-15T14:41:32.9083906Z   ---
2026-09-15T14:41:32.9084265Z   duration_ms: 32.67562
2026-09-15T14:41:32.9084655Z   ...
2026-09-15T14:41:32.9085593Z # Subtest: Expert walking guard window supports a real spark interception before the core is secured
2026-09-15T14:41:32.9087325Z ok 299 - Expert walking guard window supports a real spark interception before the core is secured
2026-09-15T14:41:32.9088179Z   ---
2026-09-15T14:41:32.9088523Z   duration_ms: 80.380182
2026-09-15T14:41:32.9088929Z   ...
2026-09-15T14:41:32.9089859Z # Subtest: Standard Yard supports unequal movement speeds and the same route after exchanging seats
2026-09-15T14:41:32.9091311Z ok 300 - Standard Yard supports unequal movement speeds and the same route after exchanging seats
2026-09-15T14:41:32.9092154Z   ---
2026-09-15T14:41:32.9092505Z   duration_ms: 154.141198
2026-09-15T14:41:32.9092902Z   ...
2026-09-15T14:41:32.9093849Z # Rehearsed unequal-speed clear: 11.775 seconds; one boosted player, one walking player; no knockdowns.
2026-09-15T14:41:33.0636651Z # Subtest: a file selected before Start cannot replace setup after returning from an attempt
2026-09-15T14:41:33.0648331Z ok 301 - a file selected before Start cannot replace setup after returning from an attempt
2026-09-15T14:41:33.0649477Z   ---
2026-09-15T14:41:33.0650162Z   duration_ms: 132.7009
2026-09-15T14:41:33.0650797Z   ...
2026-09-15T14:41:33.0652228Z # Subtest: invalid or oversized imports preserve the selected custom pack and challenge
2026-09-15T14:41:33.0653854Z ok 302 - invalid or oversized imports preserve the selected custom pack and challenge
2026-09-15T14:41:33.0654997Z   ---
2026-09-15T14:41:33.0655611Z   duration_ms: 54.054281
2026-09-15T14:41:33.0656058Z   ...
2026-09-15T14:41:33.0657052Z # Subtest: the latest file selection wins when earlier reads finish out of order
2026-09-15T14:41:33.0658163Z ok 303 - the latest file selection wins when earlier reads finish out of order
2026-09-15T14:41:33.0658871Z   ---
2026-09-15T14:41:33.0659238Z   duration_ms: 61.811048
2026-09-15T14:41:33.0659645Z   ...
2026-09-15T14:41:33.0660275Z # Subtest: returning to built-ins cancels an outstanding file read
2026-09-15T14:41:33.0660933Z ok 304 - returning to built-ins cancels an outstanding file read
2026-09-15T14:41:33.0661283Z   ---
2026-09-15T14:41:33.0661496Z   duration_ms: 54.562749
2026-09-15T14:41:33.0661720Z   ...
2026-09-15T14:41:33.0662233Z # Subtest: custom fractional coverage and multiple required cores drive the actual briefing and HUD
2026-09-15T14:41:33.0663018Z ok 305 - custom fractional coverage and multiple required cores drive the actual briefing and HUD
2026-09-15T14:41:33.0663475Z   ---
2026-09-15T14:41:33.0663673Z   duration_ms: 83.291103
2026-09-15T14:41:33.0663905Z   ...
2026-09-15T14:41:33.0664448Z # Subtest: lobby keyboard navigation reaches Race and accessibility controls while excluding flight pads
2026-09-15T14:41:33.0665261Z ok 306 - lobby keyboard navigation reaches Race and accessibility controls while excluding flight pads
2026-09-15T14:41:33.0665763Z   ---
2026-09-15T14:41:33.0665976Z   duration_ms: 285.796072
2026-09-15T14:41:33.0666205Z   ...
2026-09-15T14:41:33.0666636Z # Subtest: the selected cut rules agree across the briefing and actual start message
2026-09-15T14:41:33.0668029Z ok 307 - the selected cut rules agree across the briefing and actual start message
2026-09-15T14:41:33.0668796Z   ---
2026-09-15T14:41:33.0669196Z   duration_ms: 83.548433
2026-09-15T14:41:33.0669635Z   ...
2026-09-15T14:41:33.0670509Z # Subtest: real keyboard self-crossings explain the shared recovery and cause-aware retry
2026-09-15T14:41:33.0671854Z ok 308 - real keyboard self-crossings explain the shared recovery and cause-aware retry
2026-09-15T14:41:33.0672666Z   ---
2026-09-15T14:41:33.0673065Z   duration_ms: 1036.613304
2026-09-15T14:41:33.0673428Z   ...
2026-09-15T14:41:33.0673912Z # Subtest: retry feedback counts required objectives and distinguishes enemy and spark causes
2026-09-15T14:41:33.0674631Z ok 309 - retry feedback counts required objectives and distinguishes enemy and spark causes
2026-09-15T14:41:33.0675325Z   ---
2026-09-15T14:41:33.0675527Z   duration_ms: 0.774764
2026-09-15T14:41:33.0675746Z   ...
2026-09-15T14:41:33.0676258Z # Subtest: a slowed enemy stays marked after the pulse, through pause and reduced effects, then expires
2026-09-15T14:41:33.0677810Z ok 310 - a slowed enemy stays marked after the pulse, through pause and reduced effects, then expires
2026-09-15T14:41:33.0678739Z   ---
2026-09-15T14:41:33.0679075Z   duration_ms: 52.518846
2026-09-15T14:41:33.0679706Z   ...
2026-09-15T14:41:33.0680785Z # Subtest: Auto touch uses actual controller seats while menu hiding and explicit overrides stay authoritative
2026-09-15T14:41:33.0682503Z ok 311 - Auto touch uses actual controller seats while menu hiding and explicit overrides stay authoritative
2026-09-15T14:41:33.0683646Z   ---
2026-09-15T14:41:33.0683999Z   duration_ms: 84.357642
2026-09-15T14:41:33.0684401Z   ...
2026-09-15T14:41:33.0685400Z # Subtest: paused Help reading and Back return to an action without resuming the shared simulation
2026-09-15T14:41:33.0687367Z ok 312 - paused Help reading and Back return to an action without resuming the shared simulation
2026-09-15T14:41:33.0688215Z   ---
2026-09-15T14:41:33.0688576Z   duration_ms: 1625.208856
2026-09-15T14:41:33.0688974Z   ...
2026-09-15T14:41:33.3777351Z # Subtest: assigning a controller releases hidden held touch; disconnect stays paused until Resume
2026-09-15T14:41:33.3779369Z ok 313 - assigning a controller releases hidden held touch; disconnect stays paused until Resume
2026-09-15T14:41:33.3780866Z   ---
2026-09-15T14:41:33.3781826Z   duration_ms: 311.815557
2026-09-15T14:41:33.3782392Z   ...
2026-09-15T14:41:33.4020893Z # Subtest: Team pack reads show immediate status, Stop waiting rejects late adoption, and completion preserves deliberately moved focus
2026-09-15T14:41:33.4025258Z ok 314 - Team pack reads show immediate status, Stop waiting rejects late adoption, and completion preserves deliberately moved focus
2026-09-15T14:41:33.4027014Z   ---
2026-09-15T14:41:33.4027694Z   duration_ms: 25.761208
2026-09-15T14:41:33.4028267Z   ...
2026-09-15T14:41:33.4244825Z # Subtest: Back and closing the Team pack picker detach a read before reopening
2026-09-15T14:41:33.4246300Z ok 315 - Back and closing the Team pack picker detach a read before reopening
2026-09-15T14:41:33.4247503Z   ---
2026-09-15T14:41:33.4248122Z   duration_ms: 24.764844
2026-09-15T14:41:33.4248685Z   ...
2026-09-15T14:41:33.4424008Z # Subtest: authored Hunter starts are staggered by position and independent of enemy array order
2026-09-15T14:41:33.4448235Z ok 316 - authored Hunter starts are staggered by position and independent of enemy array order
2026-09-15T14:41:33.4468115Z   ---
2026-09-15T14:41:33.4468800Z   duration_ms: 8.069322
2026-09-15T14:41:33.4469335Z   ...
2026-09-15T14:41:33.4470364Z # Subtest: a second Hunter pressures the other eligible player instead of piling onto the nearest trail
2026-09-15T14:41:33.4471935Z ok 317 - a second Hunter pressures the other eligible player instead of piling onto the nearest trail
2026-09-15T14:41:33.4473352Z   ---
2026-09-15T14:41:33.4473788Z   duration_ms: 4.103078
2026-09-15T14:41:33.4474172Z   ...
2026-09-15T14:41:33.4475045Z # Subtest: emitter warnings and travelling impacts count when allocating fresh Hunter pressure
2026-09-15T14:41:33.4476407Z ok 318 - emitter warnings and travelling impacts count when allocating fresh Hunter pressure
2026-09-15T14:41:33.4477426Z   ---
2026-09-15T14:41:33.4477760Z   duration_ms: 3.313068
2026-09-15T14:41:33.4478133Z   ...
2026-09-15T14:41:33.4478903Z # Subtest: pressure allocation cannot override a warning lock or a committed point
2026-09-15T14:41:33.4480068Z ok 319 - pressure allocation cannot override a warning lock or a committed point
2026-09-15T14:41:33.4480776Z   ---
2026-09-15T14:41:33.4481117Z   duration_ms: 4.630281
2026-09-15T14:41:33.4481482Z   ...
2026-09-15T14:41:33.4482414Z # Subtest: Hunter attack speed is independent of patrol speed and can reach the authored distant point
2026-09-15T14:41:33.4484262Z ok 320 - Hunter attack speed is independent of patrol speed and can reach the authored distant point
2026-09-15T14:41:33.4485083Z   ---
2026-09-15T14:41:33.4485415Z   duration_ms: 1.366207
2026-09-15T14:41:33.4485783Z   ...
2026-09-15T14:41:33.4486650Z # Subtest: Hunters do not warn at targets beyond their travel budget or through secured territory
2026-09-15T14:41:33.4488206Z ok 321 - Hunters do not warn at targets beyond their travel budget or through secured territory
2026-09-15T14:41:33.4489063Z   ---
2026-09-15T14:41:33.4489384Z   duration_ms: 14.07656
2026-09-15T14:41:33.4489745Z   ...
2026-09-15T14:41:33.4490610Z # Subtest: downed and recovering players are excluded without retargeting an existing warning
2026-09-15T14:41:33.4491908Z ok 322 - downed and recovering players are excluded without retargeting an existing warning
2026-09-15T14:41:33.4492672Z   ---
2026-09-15T14:41:33.4492997Z   duration_ms: 4.471406
2026-09-15T14:41:33.4493356Z   ...
2026-09-15T14:41:33.4494202Z # Subtest: authored emitter pressure keeps its visible warning and a full rest between launches
2026-09-15T14:41:33.4495561Z ok 323 - authored emitter pressure keeps its visible warning and a full rest between launches
2026-09-15T14:41:33.4496337Z   ---
2026-09-15T14:41:33.4496655Z   duration_ms: 1.639567
2026-09-15T14:41:33.4497566Z   ...
2026-09-15T14:41:33.4498686Z # Subtest: gentle Hunter budget makes progress without synchronized dogpiles or deadline deadlocks
2026-09-15T14:41:33.4500082Z ok 324 - gentle Hunter budget makes progress without synchronized dogpiles or deadline deadlocks
2026-09-15T14:41:33.4500892Z   ---
2026-09-15T14:41:33.4501225Z   duration_ms: 9.723215
2026-09-15T14:41:33.4501585Z   ...
2026-09-15T14:41:33.4502490Z # Subtest: standard Hunter budget makes progress without synchronized dogpiles or deadline deadlocks
2026-09-15T14:41:33.4503910Z ok 325 - standard Hunter budget makes progress without synchronized dogpiles or deadline deadlocks
2026-09-15T14:41:33.4504725Z   ---
2026-09-15T14:41:33.4505065Z   duration_ms: 16.202022
2026-09-15T14:41:33.4505445Z   ...
2026-09-15T14:41:33.4506324Z # Subtest: expert Hunter budget makes progress without synchronized dogpiles or deadline deadlocks
2026-09-15T14:41:33.4507896Z ok 326 - expert Hunter budget makes progress without synchronized dogpiles or deadline deadlocks
2026-09-15T14:41:33.4508709Z   ---
2026-09-15T14:41:33.4509058Z   duration_ms: 18.583982
2026-09-15T14:41:33.4509431Z   ...
2026-09-15T14:41:33.4510234Z # Subtest: seat swaps preserve authored threat behavior in the real fixed-step simulation
2026-09-15T14:41:33.4511518Z ok 327 - seat swaps preserve authored threat behavior in the real fixed-step simulation
2026-09-15T14:41:33.4512253Z   ---
2026-09-15T14:41:33.4512580Z   duration_ms: 160.034949
2026-09-15T14:41:33.4512957Z   ...
2026-09-15T14:41:33.4513760Z # Subtest: immediate changes direction, stops and boosts without sprite-heading authority
2026-09-15T14:41:33.4515011Z ok 328 - immediate changes direction, stops and boosts without sprite-heading authority
2026-09-15T14:41:33.4515767Z   ---
2026-09-15T14:41:33.4516085Z   duration_ms: 13.490598
2026-09-15T14:41:33.4516448Z   ...
2026-09-15T14:41:33.4517553Z # Subtest: grid turns consume a last-command-wins request at the next cell center with leftover movement
2026-09-15T14:41:33.4519017Z ok 329 - grid turns consume a last-command-wins request at the next cell center with leftover movement
2026-09-15T14:41:33.4519846Z   ---
2026-09-15T14:41:33.4520172Z   duration_ms: 4.016256
2026-09-15T14:41:33.4520530Z   ...
2026-09-15T14:41:33.4521396Z # Subtest: grid release clears queue and stops; a held new request resumes retained axis to a center
2026-09-15T14:41:33.4522750Z ok 330 - grid release clears queue and stops; a held new request resumes retained axis to a center
2026-09-15T14:41:33.4523535Z   ---
2026-09-15T14:41:33.4523849Z   duration_ms: 3.568853
2026-09-15T14:41:33.4524204Z   ...
2026-09-15T14:41:33.4524871Z # Subtest: all four grid edges can stop and accept a perpendicular escape
2026-09-15T14:41:33.4526079Z ok 331 - all four grid edges can stop and accept a perpendicular escape
2026-09-15T14:41:33.4526701Z   ---
2026-09-15T14:41:33.4527212Z   duration_ms: 14.979282
2026-09-15T14:41:33.4527583Z   ...
2026-09-15T14:41:33.4528358Z # Subtest: grid stops at the reachable center before a wall and can reverse or turn away
2026-09-15T14:41:33.4529553Z ok 332 - grid stops at the reachable center before a wall and can reverse or turn away
2026-09-15T14:41:33.4530292Z   ---
2026-09-15T14:41:33.4530606Z   duration_ms: 11.311806
2026-09-15T14:41:33.4530977Z   ...
2026-09-15T14:41:33.4531752Z # Subtest: grid recovery grace stays at a safe center and permits movement along the rail
2026-09-15T14:41:33.4532945Z ok 333 - grid recovery grace stays at a safe center and permits movement along the rail
2026-09-15T14:41:33.4533696Z   ---
2026-09-15T14:41:33.4534009Z   duration_ms: 1.569796
2026-09-15T14:41:33.4534369Z   ...
2026-09-15T14:41:33.4535083Z # Subtest: same held-command trace is invariant at 10/20/30/60/120/240 render FPS
2026-09-15T14:41:33.4536203Z ok 334 - same held-command trace is invariant at 10/20/30/60/120/240 render FPS
2026-09-15T14:41:33.4537114Z   ---
2026-09-15T14:41:33.4537438Z   duration_ms: 195.880175
2026-09-15T14:41:33.4537817Z   ...
2026-09-15T14:41:33.4538716Z # Subtest: one input per fixed tick replays identical full authoritative state
2026-09-15T14:41:33.4539778Z ok 335 - one input per fixed tick replays identical full authoritative state
2026-09-15T14:41:33.4540433Z   ---
2026-09-15T14:41:33.4540751Z   duration_ms: 43.886758
2026-09-15T14:41:33.4541123Z   ...
2026-09-15T14:41:33.4541840Z # Subtest: not stepping is pause; zero elapsed advances no ability timer or actor
2026-09-15T14:41:33.4542976Z ok 336 - not stepping is pause; zero elapsed advances no ability timer or actor
2026-09-15T14:41:33.4543657Z   ---
2026-09-15T14:41:33.4543974Z   duration_ms: 7.060382
2026-09-15T14:41:33.4544338Z   ...
2026-09-15T14:41:33.4545180Z # Subtest: render-only metadata, seed identity and decorative heading cannot change gameplay
2026-09-15T14:41:33.4546488Z ok 337 - render-only metadata, seed identity and decorative heading cannot change gameplay
2026-09-15T14:41:33.4547428Z   ---
2026-09-15T14:41:33.4547746Z   duration_ms: 10.94468
2026-09-15T14:41:33.4548104Z   ...
2026-09-15T14:41:33.4548889Z # Subtest: finite elapsed and input validation rejects malformed calls without stepping
2026-09-15T14:41:33.4550209Z ok 338 - finite elapsed and input validation rejects malformed calls without stepping
2026-09-15T14:41:33.4551054Z   ---
2026-09-15T14:41:33.4551683Z   duration_ms: 0.977452
2026-09-15T14:41:33.4552241Z   ...
2026-09-15T14:41:33.4553343Z # Subtest: bouncers reflect from border and wall without entering either, while perimeter patrol crosses corners
2026-09-15T14:41:33.4567555Z ok 339 - bouncers reflect from border and wall without entering either, while perimeter patrol crosses corners
2026-09-15T14:41:33.4568486Z   ---
2026-09-15T14:41:33.4568831Z   duration_ms: 57.354336
2026-09-15T14:41:33.4569294Z   ...
2026-09-15T14:41:49.7204763Z # Subtest: immediate: actual couch inputs keep both phase cues independent and freeze them on pause/finish
2026-09-15T14:41:49.7218528Z ok 340 - immediate: actual couch inputs keep both phase cues independent and freeze them on pause/finish
2026-09-15T14:41:49.7247824Z   ---
2026-09-15T14:41:49.7278230Z   duration_ms: 18923.090771
2026-09-15T14:41:49.7307938Z   ...
2026-09-15T14:42:08.1314515Z # Subtest: grid-center: actual couch inputs keep both phase cues independent and freeze them on pause/finish
2026-09-15T14:42:08.1328782Z ok 341 - grid-center: actual couch inputs keep both phase cues independent and freeze them on pause/finish
2026-09-15T14:42:08.1357974Z   ---
2026-09-15T14:42:08.1368007Z   duration_ms: 18415.426887
2026-09-15T14:42:08.1368658Z   ...
2026-09-15T14:42:12.7156542Z # Subtest: ordinary couch boards hide both empty encounter groups before and during a round
2026-09-15T14:42:12.7160947Z ok 342 - ordinary couch boards hide both empty encounter groups before and during a round
2026-09-15T14:42:12.7162812Z   ---
2026-09-15T14:42:12.7163558Z   duration_ms: 4584.67578
2026-09-15T14:42:12.7164306Z   ...
2026-09-15T14:42:30.2715945Z # Subtest: two sparse pads deliberately claim one menu; join/held Confirm cannot start or leak flight actions
2026-09-15T14:42:30.2736497Z ok 343 - two sparse pads deliberately claim one menu; join/held Confirm cannot start or leak flight actions
2026-09-15T14:42:30.2767559Z   ---
2026-09-15T14:42:30.2777645Z   duration_ms: 3978.152584
2026-09-15T14:42:30.2798835Z   ...
2026-09-15T14:42:30.2828282Z # Subtest: actual select previews cancel without replacing the duel and commit once through onchange
2026-09-15T14:42:30.2830067Z ok 344 - actual select previews cancel without replacing the duel and commit once through onchange
2026-09-15T14:42:30.2831127Z   ---
2026-09-15T14:42:30.2831714Z   duration_ms: 2557.9894
2026-09-15T14:42:30.2832382Z   ...
2026-09-15T14:42:30.2833466Z # Subtest: Back and Menu cancel previews or focus the primary action without starting or resetting
2026-09-15T14:42:30.2835102Z ok 345 - Back and Menu cancel previews or focus the primary action without starting or resetting
2026-09-15T14:42:30.2836158Z   ---
2026-09-15T14:42:30.2836700Z   duration_ms: 2142.110422
2026-09-15T14:42:30.2837551Z   ...
2026-09-15T14:42:30.2839208Z # Subtest: native menu focus cancels a held D-pad repeat until neutral without clearing either flight keyboard
2026-09-15T14:42:30.2840997Z ok 346 - native menu focus cancels a held D-pad repeat until neutral without clearing either flight keyboard
2026-09-15T14:42:30.2842107Z   ---
2026-09-15T14:42:30.2842633Z   duration_ms: 2012.328439
2026-09-15T14:42:30.2843202Z   ...
2026-09-15T14:42:30.2844210Z # Subtest: Ready slot loss consumes another pad Confirm; the surviving player keeps its slot
2026-09-15T14:42:30.2845690Z ok 347 - Ready slot loss consumes another pad Confirm; the surviving player keeps its slot
2026-09-15T14:42:30.2846685Z   ---
2026-09-15T14:42:30.2847437Z   duration_ms: 2045.08206
2026-09-15T14:42:30.2848027Z   ...
2026-09-15T14:42:30.2849104Z # Subtest: descriptor change at the same index pauses flight and requires neutral plus a new menu join
2026-09-15T14:42:30.2850716Z ok 348 - descriptor change at the same index pauses flight and requires neutral plus a new menu join
2026-09-15T14:42:30.2851821Z   ---
2026-09-15T14:42:30.2880050Z   duration_ms: 2011.182763
2026-09-15T14:42:30.2907240Z   ...
2026-09-15T14:42:30.2937939Z # Subtest: disconnect event at the same index pauses flight and requires neutral plus a new menu join
2026-09-15T14:42:30.2967902Z ok 349 - disconnect event at the same index pauses flight and requires neutral plus a new menu join
2026-09-15T14:42:30.2969210Z   ---
2026-09-15T14:42:30.2986326Z   duration_ms: 2405.426957
2026-09-15T14:42:30.2987285Z   ...
2026-09-15T14:42:30.2988466Z # Subtest: explicit menu release permits the other player to join, never transfers a held edge
2026-09-15T14:42:30.2990198Z ok 350 - explicit menu release permits the other player to join, never transfers a held edge
2026-09-15T14:42:30.2991351Z   ---
2026-09-15T14:42:30.2991907Z   duration_ms: 2956.07251
2026-09-15T14:42:30.2992531Z   ...
2026-09-15T14:42:30.2993787Z # Subtest: one hardware read per visible frame and no reads or ticks while unfocused, hidden or disposed
2026-09-15T14:42:30.2995647Z ok 351 - one hardware read per visible frame and no reads or ticks while unfocused, hidden or disposed
2026-09-15T14:42:30.2996994Z   ---
2026-09-15T14:42:30.2997596Z   duration_ms: 1856.455358
2026-09-15T14:42:30.2998223Z   ...
2026-09-15T14:42:30.2999354Z # Subtest: persisted return and Ready Escape preserve the true state and cancel a pending edit
2026-09-15T14:42:30.3001067Z ok 352 - persisted return and Ready Escape preserve the true state and cancel a pending edit
2026-09-15T14:42:30.3002182Z   ---
2026-09-15T14:42:30.3002727Z   duration_ms: 1856.165532
2026-09-15T14:42:30.3003353Z   ...
2026-09-15T14:42:30.3004476Z # Subtest: API errors and unsupported pads remain usable with keyboard and truthful Ready status
2026-09-15T14:42:30.3006646Z ok 353 - API errors and unsupported pads remain usable with keyboard and truthful Ready status
2026-09-15T14:42:30.3007980Z   ---
2026-09-15T14:42:30.3008545Z   duration_ms: 2469.778349
2026-09-15T14:42:30.3009169Z   ...
2026-09-15T14:42:30.3010414Z # Subtest: immediate: actual Sentinel round win and best-of-three rematch retain legal core route results
2026-09-15T14:42:30.3012299Z ok 354 - immediate: actual Sentinel round win and best-of-three rematch retain legal core route results
2026-09-15T14:42:30.3013490Z   ---
2026-09-15T14:42:30.3014050Z   duration_ms: 30898.296538
2026-09-15T14:42:30.3014675Z   ...
2026-09-15T14:43:01.2729932Z # Subtest: grid-center: actual Sentinel round win and best-of-three rematch retain legal core route results
2026-09-15T14:43:01.2733771Z ok 355 - grid-center: actual Sentinel round win and best-of-three rematch retain legal core route results
2026-09-15T14:43:01.2735037Z   ---
2026-09-15T14:43:01.2735574Z   duration_ms: 31001.965235
2026-09-15T14:43:01.2736184Z   ...
2026-09-15T14:43:04.1217567Z # Subtest: one lost craft does not expose shared menu; both ended draws retain explicit Next
2026-09-15T14:43:04.1252661Z ok 356 - one lost craft does not expose shared menu; both ended draws retain explicit Next
2026-09-15T14:43:04.1268683Z   ---
2026-09-15T14:43:04.1269800Z   duration_ms: 2849.199586
2026-09-15T14:43:04.1270509Z   ...
2026-09-15T14:43:06.4802229Z # Subtest: native checkboxes and both held touch pads stay independent after leaving controller navigation
2026-09-15T14:43:06.4807690Z ok 357 - native checkboxes and both held touch pads stay independent after leaving controller navigation
2026-09-15T14:43:06.4817541Z   ---
2026-09-15T14:43:06.4827621Z   duration_ms: 2358.522725
2026-09-15T14:43:06.4828488Z   ...
2026-09-15T14:43:08.8848845Z # Subtest: immediate: actual Pause retains two different requested turns and explicit Resume continues both
2026-09-15T14:43:08.8850473Z ok 358 - immediate: actual Pause retains two different requested turns and explicit Resume continues both
2026-09-15T14:43:08.8851181Z   ---
2026-09-15T14:43:08.8851416Z   duration_ms: 2403.90562
2026-09-15T14:43:08.8851670Z   ...
2026-09-15T14:43:11.5098891Z # Subtest: immediate: real recovery clears only that player's continuous intent before later substeps
2026-09-15T14:43:11.5100787Z ok 359 - immediate: real recovery clears only that player's continuous intent before later substeps
2026-09-15T14:43:11.5101921Z   ---
2026-09-15T14:43:11.5102484Z   duration_ms: 2624.771006
2026-09-15T14:43:11.5103106Z   ...
2026-09-15T14:43:14.4004894Z # Subtest: grid-center: actual Pause retains two different requested turns and explicit Resume continues both
2026-09-15T14:43:14.4006974Z ok 360 - grid-center: actual Pause retains two different requested turns and explicit Resume continues both
2026-09-15T14:43:14.4008162Z   ---
2026-09-15T14:43:14.4008744Z   duration_ms: 2889.935414
2026-09-15T14:43:14.4009328Z   ...
2026-09-15T14:43:16.9198803Z # Subtest: grid-center: real recovery clears only that player's continuous intent before later substeps
2026-09-15T14:43:16.9211418Z ok 361 - grid-center: real recovery clears only that player's continuous intent before later substeps
2026-09-15T14:43:16.9212574Z   ---
2026-09-15T14:43:16.9213110Z   duration_ms: 2519.528229
2026-09-15T14:43:16.9213685Z   ...
2026-09-15T14:43:21.2591752Z # Subtest: timeout draw keeps series at zero and needs a fresh explicit Next gesture
2026-09-15T14:43:21.2596273Z ok 362 - timeout draw keeps series at zero and needs a fresh explicit Next gesture
2026-09-15T14:43:21.2597894Z   ---
2026-09-15T14:43:21.2598709Z   duration_ms: 4339.335612
2026-09-15T14:43:21.2599358Z   ...
2026-09-15T14:43:26.7983803Z # Subtest: immediate, keyboard: real cut closure stops only its player across substeps and held input
2026-09-15T14:43:26.7985588Z ok 363 - immediate, keyboard: real cut closure stops only its player across substeps and held input
2026-09-15T14:43:26.7986673Z   ---
2026-09-15T14:43:26.7987496Z   duration_ms: 5539.261829
2026-09-15T14:43:26.7988577Z   ...
2026-09-15T14:43:31.2861863Z # Subtest: immediate, controller: real cut closure stops only its player across substeps and held input
2026-09-15T14:43:31.2869083Z ok 364 - immediate, controller: real cut closure stops only its player across substeps and held input
2026-09-15T14:43:31.2870288Z   ---
2026-09-15T14:43:31.2871005Z   duration_ms: 4487.867412
2026-09-15T14:43:31.2871741Z   ...
2026-09-15T14:43:35.5258769Z # Subtest: grid-center, keyboard: real cut closure stops only its player across substeps and held input
2026-09-15T14:43:35.5260661Z ok 365 - grid-center, keyboard: real cut closure stops only its player across substeps and held input
2026-09-15T14:43:35.5261699Z   ---
2026-09-15T14:43:35.5262203Z   duration_ms: 4239.032732
2026-09-15T14:43:35.5262668Z   ...
2026-09-15T14:43:40.5492557Z # Subtest: grid-center, controller: real cut closure stops only its player across substeps and held input
2026-09-15T14:43:40.5494553Z ok 366 - grid-center, controller: real cut closure stops only its player across substeps and held input
2026-09-15T14:43:40.5495851Z   ---
2026-09-15T14:43:40.5496492Z   duration_ms: 5024.738287
2026-09-15T14:43:40.5497400Z   ...
2026-09-15T14:43:40.6305498Z # Subtest: immediate: embedded First Flight Pause → End course restores the visible reader without resuming or awarding
2026-09-15T14:43:40.6308290Z ok 367 - immediate: embedded First Flight Pause → End course restores the visible reader without resuming or awarding
2026-09-15T14:43:40.6309458Z   ---
2026-09-15T14:43:40.6310002Z   duration_ms: 5324.094541
2026-09-15T14:43:40.6310548Z   ...
2026-09-15T14:43:40.6314957Z # Subtest: grid-center: embedded First Flight Pause → End course restores the visible reader without resuming or awarding
2026-09-15T14:43:40.6317103Z ok 368 - grid-center: embedded First Flight Pause → End course restores the visible reader without resuming or awarding
2026-09-15T14:43:40.6318205Z   ---
2026-09-15T14:43:40.6318689Z   duration_ms: 5353.18211
2026-09-15T14:43:40.6319244Z   ...
2026-09-15T14:43:40.6329104Z # Subtest: fpv: real terminal failure is visible before menu; only wreck age advances
2026-09-15T14:43:40.6357943Z ok 369 - fpv: real terminal failure is visible before menu; only wreck age advances
2026-09-15T14:43:40.6384126Z   ---
2026-09-15T14:43:40.6409198Z   duration_ms: 4812.530751
2026-09-15T14:43:40.6418743Z   ...
2026-09-15T14:43:40.6419798Z # Subtest: ukraine: real terminal failure is visible before menu; only wreck age advances
2026-09-15T14:43:40.6421232Z ok 370 - ukraine: real terminal failure is visible before menu; only wreck age advances
2026-09-15T14:43:40.6422164Z   ---
2026-09-15T14:43:40.6422688Z   duration_ms: 3300.835927
2026-09-15T14:43:40.6423280Z   ...
2026-09-15T14:43:40.6424219Z # Subtest: retro: real terminal failure is visible before menu; only wreck age advances
2026-09-15T14:43:40.6425608Z ok 371 - retro: real terminal failure is visible before menu; only wreck age advances
2026-09-15T14:43:40.6426536Z   ---
2026-09-15T14:43:40.6427300Z   duration_ms: 4542.411691
2026-09-15T14:43:40.6427917Z   ...
2026-09-15T14:43:40.6428956Z # Subtest: coupa: real terminal failure is visible before menu; only wreck age advances
2026-09-15T14:43:40.6430339Z ok 372 - coupa: real terminal failure is visible before menu; only wreck age advances
2026-09-15T14:43:40.6431239Z   ---
2026-09-15T14:43:40.6431762Z   duration_ms: 3512.323442
2026-09-15T14:43:40.6432333Z   ...
2026-09-15T14:43:40.6433521Z # Subtest: Classic traveling-front defeat, reduced effects, focus loss and explicit skip preserve the terminal run
2026-09-15T14:43:40.6435401Z ok 373 - Classic traveling-front defeat, reduced effects, focus loss and explicit skip preserve the terminal run
2026-09-15T14:43:40.6436553Z   ---
2026-09-15T14:43:40.6437361Z   duration_ms: 19524.961318
2026-09-15T14:43:40.6437956Z   ...
2026-09-15T14:43:40.6438723Z # Subtest: controller skip cannot carry held Confirm into Retry
2026-09-15T14:43:40.6439765Z ok 374 - controller skip cannot carry held Confirm into Retry
2026-09-15T14:43:40.6440902Z   ---
2026-09-15T14:43:40.6441402Z   duration_ms: 5500.545348
2026-09-15T14:43:40.6442028Z   ...
2026-09-15T14:43:40.6443244Z # Subtest: nonterminal wreck follows ordinary recovery; Pause holds both recovery and effect until explicit Resume
2026-09-15T14:43:40.6445038Z ok 375 - nonterminal wreck follows ordinary recovery; Pause holds both recovery and effect until explicit Resume
2026-09-15T14:43:40.6446131Z   ---
2026-09-15T14:43:40.6446646Z   duration_ms: 11109.709887
2026-09-15T14:43:40.6447462Z   ...
2026-09-15T14:43:40.6448557Z # Subtest: terminal Pause freezes the brief cue; mouse/touch skip reaches results without a gameplay tick
2026-09-15T14:43:40.6450232Z ok 376 - terminal Pause freezes the brief cue; mouse/touch skip reaches results without a gameplay tick
2026-09-15T14:43:40.6451246Z   ---
2026-09-15T14:43:40.6451816Z   duration_ms: 3868.859353
2026-09-15T14:43:40.6452447Z   ...
2026-09-15T14:43:40.6453456Z # Subtest: a real Gentle clear opens Standard navigation without awarding Standard statistics
2026-09-15T14:43:40.6454986Z ok 377 - a real Gentle clear opens Standard navigation without awarding Standard statistics
2026-09-15T14:43:40.6455954Z   ---
2026-09-15T14:43:40.6456478Z   duration_ms: 57.928037
2026-09-15T14:43:40.6457255Z   ...
2026-09-15T14:43:40.6458654Z # Subtest: mixed-mode completion reaches overview while explicit replay and imported replacement remain exact
2026-09-15T14:43:40.6460422Z ok 378 - mixed-mode completion reaches overview while explicit replay and imported replacement remain exact
2026-09-15T14:43:40.6461499Z   ---
2026-09-15T14:43:40.6462002Z   duration_ms: 125.503644
2026-09-15T14:43:40.6462607Z   ...
2026-09-15T14:43:40.6463892Z # Subtest: a reconstructed content catalog invalidates cached access and ordinary challenge navigation stays unchanged
2026-09-15T14:43:40.6465801Z ok 379 - a reconstructed content catalog invalidates cached access and ordinary challenge navigation stays unchanged
2026-09-15T14:43:40.6467163Z   ---
2026-09-15T14:43:40.6467704Z   duration_ms: 53.679282
2026-09-15T14:43:40.6468259Z   ...
2026-09-15T14:43:40.6469189Z # Subtest: current flight and next-attempt difficulty have distinct, truthful cues
2026-09-15T14:43:40.6470510Z ok 380 - current flight and next-attempt difficulty have distinct, truthful cues
2026-09-15T14:43:40.6471407Z   ---
2026-09-15T14:43:40.6471909Z   duration_ms: 1.120328
2026-09-15T14:43:40.6472457Z   ...
2026-09-15T14:43:40.6473516Z # Subtest: new encounter pack, library, loose level and practice export share exact validated rules
2026-09-15T14:43:40.6475114Z ok 381 - new encounter pack, library, loose level and practice export share exact validated rules
2026-09-15T14:43:40.6476142Z   ---
2026-09-15T14:43:40.6476721Z   duration_ms: 39.156496
2026-09-15T14:43:40.6477525Z   ...
2026-09-15T14:43:40.6478505Z # Subtest: all four presentation choices and both steering policies preserve the encounter
2026-09-15T14:43:40.6480116Z ok 382 - all four presentation choices and both steering policies preserve the encounter
2026-09-15T14:43:40.6481089Z   ---
2026-09-15T14:43:40.6481588Z   duration_ms: 17.783934
2026-09-15T14:43:40.6482153Z   ...
2026-09-15T14:43:40.6483203Z # Subtest: bounded timing and reference edits adopt atomically and retain an independent undo value
2026-09-15T14:43:40.6484782Z ok 383 - bounded timing and reference edits adopt atomically and retain an independent undo value
2026-09-15T14:43:40.6485800Z   ---
2026-09-15T14:43:40.6486302Z   duration_ms: 7.943224
2026-09-15T14:43:40.6487098Z   ...
2026-09-15T14:43:40.6488224Z # Subtest: broken painting cannot silently erase mandatory relay/core or add another field seed
2026-09-15T14:43:40.6489751Z ok 384 - broken painting cannot silently erase mandatory relay/core or add another field seed
2026-09-15T14:43:40.6490715Z   ---
2026-09-15T14:43:40.6491214Z   duration_ms: 3.952737
2026-09-15T14:43:40.6491770Z   ...
2026-09-15T14:43:40.6492827Z # Subtest: explicit ordinary conversion removes the staged seed, keeps objectives and can be undone
2026-09-15T14:43:40.6494631Z ok 385 - explicit ordinary conversion removes the staged seed, keeps objectives and can be undone
2026-09-15T14:43:40.6495667Z   ---
2026-09-15T14:43:40.6496235Z   duration_ms: 9.491509
2026-09-15T14:43:40.6497056Z   ...
2026-09-15T14:43:40.6498177Z # Subtest: encounter envelopes reject mismatched levels and optional goal claims before media decode
2026-09-15T14:43:40.6499913Z ok 386 - encounter envelopes reject mismatched levels and optional goal claims before media decode
2026-09-15T14:43:40.6500922Z   ---
2026-09-15T14:43:40.6501423Z   duration_ms: 10.182538
2026-09-15T14:43:40.6501973Z   ...
2026-09-15T14:43:40.6503006Z # Subtest: ordinary interaction presets explicitly replace new encounter rules and remain valid
2026-09-15T14:43:40.6504482Z ok 387 - ordinary interaction presets explicitly replace new encounter rules and remain valid
2026-09-15T14:43:40.6505652Z   ---
2026-09-15T14:43:40.6506177Z   duration_ms: 4.490719
2026-09-15T14:43:40.6506724Z   ...
2026-09-15T14:43:40.6507860Z # Subtest: explicit ordinary level import replaces the encounter envelope without corrupting the previous scenario
2026-09-15T14:43:40.6509083Z ok 388 - explicit ordinary level import replaces the encounter envelope without corrupting the previous scenario
2026-09-15T14:43:40.6514497Z   ---
2026-09-15T14:43:40.6514889Z   duration_ms: 2.104041
2026-09-15T14:43:40.6515450Z   ...
2026-09-15T14:43:40.6516123Z # Subtest: encounter pack v3 stays data-only with explicit empty goals and playable scenario v3
2026-09-15T14:43:40.6517452Z ok 389 - encounter pack v3 stays data-only with explicit empty goals and playable scenario v3
2026-09-15T14:43:40.6518474Z   ---
2026-09-15T14:43:40.6518819Z   duration_ms: 8.983242
2026-09-15T14:43:40.6519201Z   ...
2026-09-15T14:43:40.6520058Z # Subtest: mixed v1/v2/v3 expansion library roundtrip preserves old bytes and current old goals
2026-09-15T14:43:40.6521396Z ok 390 - mixed v1/v2/v3 expansion library roundtrip preserves old bytes and current old goals
2026-09-15T14:43:40.6522216Z   ---
2026-09-15T14:43:40.6522559Z   duration_ms: 92.237731
2026-09-15T14:43:40.6522943Z   ...
2026-09-15T14:43:40.6523719Z # Subtest: format, engine, level and mastery mismatches reject before any image decode
2026-09-15T14:43:40.6524892Z ok 391 - format, engine, level and mastery mismatches reject before any image decode
2026-09-15T14:43:40.6525613Z   ---
2026-09-15T14:43:40.6525959Z   duration_ms: 26.497624
2026-09-15T14:43:40.6526348Z   ...
2026-09-15T14:43:40.6527517Z # Subtest: same-ID replacement changes only its encounter content; assets cannot alter simulation identity
2026-09-15T14:43:40.6529029Z ok 392 - same-ID replacement changes only its encounter content; assets cannot alter simulation identity
2026-09-15T14:43:40.6529897Z   ---
2026-09-15T14:43:40.6530230Z   duration_ms: 67.488711
2026-09-15T14:43:40.6530611Z   ...
2026-09-15T14:43:40.6531554Z # Subtest: mixed old collection and immediate encounter suspended slot survive a single complete backup
2026-09-15T14:43:40.6533035Z ok 393 - mixed old collection and immediate encounter suspended slot survive a single complete backup
2026-09-15T14:43:40.6533940Z   ---
2026-09-15T14:43:40.6534277Z   duration_ms: 443.332867
2026-09-15T14:43:40.6534664Z   ...
2026-09-15T14:43:40.6535674Z # Subtest: mixed old collection and grid-center encounter suspended slot survive a single complete backup
2026-09-15T14:43:40.6537365Z ok 394 - mixed old collection and grid-center encounter suspended slot survive a single complete backup
2026-09-15T14:43:40.6538316Z   ---
2026-09-15T14:43:40.6538657Z   duration_ms: 361.324433
2026-09-15T14:43:40.6538916Z   ...
2026-09-15T14:43:40.6539387Z # Subtest: a malformed nested replay version pair fails before any backup image allocation
2026-09-15T14:43:40.6540091Z ok 395 - a malformed nested replay version pair fails before any backup image allocation
2026-09-15T14:43:40.6540519Z   ---
2026-09-15T14:43:40.6540729Z   duration_ms: 8.953016
2026-09-15T14:43:40.6540951Z   ...
2026-09-15T14:43:40.6541431Z # Subtest: prepared encounter backup resists caller mutation while legacy pack artwork decodes
2026-09-15T14:43:40.6542373Z ok 396 - prepared encounter backup resists caller mutation while legacy pack artwork decodes
2026-09-15T14:43:40.6542810Z   ---
2026-09-15T14:43:40.6543019Z   duration_ms: 30.909717
2026-09-15T14:43:40.6543240Z   ...
2026-09-15T14:43:40.6543760Z # Subtest: journaled mixed import, rollback and Undo preserve old collection and encounter save boundaries
2026-09-15T14:43:40.6544574Z ok 397 - journaled mixed import, rollback and Undo preserve old collection and encounter save boundaries
2026-09-15T14:43:40.6545047Z   ---
2026-09-15T14:43:40.6545238Z   duration_ms: 160.549724
2026-09-15T14:43:40.6545465Z   ...
2026-09-15T14:43:40.6546062Z # Subtest: actual catalog handlers isolate unsaved choices, save enabled/skin selections, restore and preview the chosen role
2026-09-15T14:43:40.6547922Z ok 398 - actual catalog handlers isolate unsaved choices, save enabled/skin selections, restore and preview the chosen role
2026-09-15T14:43:40.6548947Z   ---
2026-09-15T14:43:40.6549279Z   duration_ms: 12.892097
2026-09-15T14:43:40.6549662Z   ...
2026-09-15T14:43:40.6550540Z # Subtest: failed Apply retains the last saved draft; malformed or oversize imports cannot replace it
2026-09-15T14:43:40.6552204Z ok 399 - failed Apply retains the last saved draft; malformed or oversize imports cannot replace it
2026-09-15T14:43:40.6553026Z   ---
2026-09-15T14:43:40.6553354Z   duration_ms: 6.017455
2026-09-15T14:43:40.6553730Z   ...
2026-09-15T14:43:40.6554538Z # Subtest: cancelled catalog file reads cannot replace a draft or unlock a newer operation
2026-09-15T14:43:40.6555783Z ok 400 - cancelled catalog file reads cannot replace a draft or unlock a newer operation
2026-09-15T14:43:40.6556614Z   ---
2026-09-15T14:43:40.6557648Z   duration_ms: 5.776756
2026-09-15T14:43:40.6587157Z   ...
2026-09-15T14:43:40.6587988Z # Subtest: Stop waiting keeps an authoring save locked and reconciles its actual outcome
2026-09-15T14:43:40.6589243Z ok 401 - Stop waiting keeps an authoring save locked and reconciles its actual outcome
2026-09-15T14:43:40.6589988Z   ---
2026-09-15T14:43:40.6590330Z   duration_ms: 2.389854
2026-09-15T14:43:40.6590708Z   ...
2026-09-15T14:43:40.6591804Z # Subtest: shared keyboard/controller navigation reaches native catalog controls; Back cancels select edit before closing
2026-09-15T14:43:40.6593564Z ok 402 - shared keyboard/controller navigation reaches native catalog controls; Back cancels select edit before closing
2026-09-15T14:43:40.6594536Z   ---
2026-09-15T14:43:40.6594886Z   duration_ms: 111.706598
2026-09-15T14:43:40.6595304Z   ...
2026-09-15T14:43:40.6596142Z # Subtest: workshop native input clears held D-pad repeats until neutral and a fresh press
2026-09-15T14:43:40.6597610Z ok 403 - workshop native input clears held D-pad repeats until neutral and a fresh press
2026-09-15T14:43:40.6598361Z   ---
2026-09-15T14:43:40.6598690Z   duration_ms: 12.59882
2026-09-15T14:43:40.6599067Z   ...
2026-09-15T14:43:40.6600083Z # Subtest: workshop ignores a focused game iframe even when parent hasFocus is true, and requires neutral on return
2026-09-15T14:43:40.6601706Z ok 404 - workshop ignores a focused game iframe even when parent hasFocus is true, and requires neutral on return
2026-09-15T14:43:40.6602633Z   ---
2026-09-15T14:43:40.6602962Z   duration_ms: 11.09631
2026-09-15T14:43:40.6603343Z   ...
2026-09-15T14:43:40.6604190Z # Subtest: role detail reader stays controller scrollable and Back returns to its own button
2026-09-15T14:43:40.6605520Z ok 405 - role detail reader stays controller scrollable and Back returns to its own button
2026-09-15T14:43:40.6606293Z   ---
2026-09-15T14:43:40.6606672Z   duration_ms: 5.347396
2026-09-15T14:43:40.6607472Z   ...
2026-09-15T14:43:40.6608428Z # Subtest: eight concise topics describe the registered roles and distinguish opt-in line impacts
2026-09-15T14:43:40.6609759Z ok 406 - eight concise topics describe the registered roles and distinguish opt-in line impacts
2026-09-15T14:43:40.6610610Z   ---
2026-09-15T14:43:40.6611260Z   duration_ms: 2.031957
2026-09-15T14:43:40.6611668Z   ...
2026-09-15T14:43:40.6612570Z # Subtest: all four-theme/two-policy lesson variants validate without changing original content
2026-09-15T14:43:40.6614008Z ok 407 - all four-theme/two-policy lesson variants validate without changing original content
2026-09-15T14:43:40.6614896Z   ---
2026-09-15T14:43:40.6615268Z   duration_ms: 293.111545
2026-09-15T14:43:40.6615696Z   ...
2026-09-15T14:43:40.6616570Z # Subtest: immediate: the taught unboosted observation loses through real inputs and replay
2026-09-15T14:43:40.6618345Z ok 408 - immediate: the taught unboosted observation loses through real inputs and replay
2026-09-15T14:43:40.6619220Z   ---
2026-09-15T14:43:40.6619619Z   duration_ms: 141.171371
2026-09-15T14:43:40.6620035Z   ...
2026-09-15T14:43:40.6620736Z # Subtest: immediate: the taught Boost escape wins through real inputs and replay
2026-09-15T14:43:40.6621879Z ok 409 - immediate: the taught Boost escape wins through real inputs and replay
2026-09-15T14:43:40.6622666Z   ---
2026-09-15T14:43:40.6623045Z   duration_ms: 83.602971
2026-09-15T14:43:40.6623472Z   ...
2026-09-15T14:43:40.6624409Z # Subtest: grid-center: the taught unboosted observation loses through real inputs and replay
2026-09-15T14:43:40.6626090Z ok 410 - grid-center: the taught unboosted observation loses through real inputs and replay
2026-09-15T14:43:40.6627310Z   ---
2026-09-15T14:43:40.6627696Z   duration_ms: 83.909953
2026-09-15T14:43:40.6628126Z   ...
2026-09-15T14:43:40.6628966Z # Subtest: grid-center: the taught Boost escape wins through real inputs and replay
2026-09-15T14:43:40.6630252Z ok 411 - grid-center: the taught Boost escape wins through real inputs and replay
2026-09-15T14:43:40.6631056Z   ---
2026-09-15T14:43:40.6631422Z   duration_ms: 111.370311
2026-09-15T14:43:40.6631844Z   ...
2026-09-15T14:43:40.6632875Z # Subtest: manual equipment prompts follow selected craft and actual supply availability: pads false
2026-09-15T14:43:40.6634468Z ok 412 - manual equipment prompts follow selected craft and actual supply availability: pads false
2026-09-15T14:43:40.6635488Z   ---
2026-09-15T14:43:40.6635876Z   duration_ms: 2255.47729
2026-09-15T14:43:40.6636285Z   ...
2026-09-15T14:43:40.6637538Z # Subtest: manual equipment prompts follow selected craft and actual supply availability: pads true
2026-09-15T14:43:40.6639108Z ok 413 - manual equipment prompts follow selected craft and actual supply availability: pads true
2026-09-15T14:43:40.6640029Z   ---
2026-09-15T14:43:40.6640396Z   duration_ms: 1897.294908
2026-09-15T14:43:40.6640820Z   ...
2026-09-15T14:43:40.6641826Z # Subtest: craft switching follows actual roster and hangars through button, G and controller: tactical
2026-09-15T14:43:40.6643427Z ok 414 - craft switching follows actual roster and hangars through button, G and controller: tactical
2026-09-15T14:43:40.6644343Z   ---
2026-09-15T14:43:40.6644718Z   duration_ms: 3097.96306
2026-09-15T14:43:40.6645146Z   ...
2026-09-15T14:43:40.6646270Z # Subtest: craft switching follows actual roster and hangars through button, G and controller: tactical-no-hangar
2026-09-15T14:43:40.6648339Z ok 415 - craft switching follows actual roster and hangars through button, G and controller: tactical-no-hangar
2026-09-15T14:43:40.6649352Z   ---
2026-09-15T14:43:40.6649735Z   duration_ms: 3274.466368
2026-09-15T14:43:40.6650176Z   ...
2026-09-15T14:43:40.6651132Z # Subtest: craft switching follows actual roster and hangars through button, G and controller: r5
2026-09-15T14:43:40.6652626Z ok 416 - craft switching follows actual roster and hangars through button, G and controller: r5
2026-09-15T14:43:40.6653529Z   ---
2026-09-15T14:43:40.6653904Z   duration_ms: 10025.299449
2026-09-15T14:43:40.6654347Z   ...
2026-09-15T14:43:40.6655431Z # Subtest: craft switching follows actual roster and hangars through button, G and controller: one-craft-hangar
2026-09-15T14:43:40.6657423Z ok 417 - craft switching follows actual roster and hangars through button, G and controller: one-craft-hangar
2026-09-15T14:43:40.6658696Z   ---
2026-09-15T14:43:40.6659091Z   duration_ms: 6172.47681
2026-09-15T14:43:40.6659540Z   ...
2026-09-15T14:43:40.6660626Z # Subtest: craft switching follows actual roster and hangars through button, G and controller: arcade-hangar
2026-09-15T14:43:40.6662356Z ok 418 - craft switching follows actual roster and hangars through button, G and controller: arcade-hangar
2026-09-15T14:43:40.6663349Z   ---
2026-09-15T14:43:40.6663712Z   duration_ms: 6231.20961
2026-09-15T14:43:40.6664116Z   ...
2026-09-15T14:45:06.6720186Z # Subtest: fresh native source installation assigns release pictures after durable install and retains every authored original
2026-09-15T14:45:06.6722180Z ok 419 - fresh native source installation assigns release pictures after durable install and retains every authored original
2026-09-15T14:45:06.6723321Z   ---
2026-09-15T14:45:06.6723685Z   duration_ms: 41132.145387
2026-09-15T14:45:06.6724169Z   ...
2026-09-15T14:45:06.6725204Z # Subtest: source registry is exact compiled authority; public catalog remains five unchanged embedded entries
2026-09-15T14:45:06.6727070Z ok 420 - source registry is exact compiled authority; public catalog remains five unchanged embedded entries
2026-09-15T14:45:06.6728064Z   ---
2026-09-15T14:45:06.6747890Z   duration_ms: 2.29345
2026-09-15T14:45:06.6777787Z   ...
2026-09-15T14:45:06.6809143Z # Subtest: native pair install preserves an unfinished unrelated flight, then separate Choose and legal route earn the exact original once
2026-09-15T14:45:06.6811394Z ok 421 - native pair install preserves an unfinished unrelated flight, then separate Choose and legal route earn the exact original once
2026-09-15T14:45:06.6812639Z   ---
2026-09-15T14:45:06.6813131Z   duration_ms: 87891.173475
2026-09-15T14:45:06.6813679Z   ...
2026-09-15T14:45:52.2649378Z # Subtest: stored external run reloads with exact saved pin and remains paused until explicit Resume
2026-09-15T14:45:52.2650770Z     # Subtest: native install, select and pause
2026-09-15T14:45:52.2652011Z     ok 1 - native install, select and pause
2026-09-15T14:45:52.2652794Z       ---
2026-09-15T14:45:52.2653354Z       duration_ms: 45594.569081
2026-09-15T14:45:52.2653939Z       ...
2026-09-15T14:46:05.0469139Z     # Subtest: fresh app import restores the saved flight
2026-09-15T14:46:05.0470012Z     ok 2 - fresh app import restores the saved flight
2026-09-15T14:46:05.0470550Z       ---
2026-09-15T14:46:05.0470938Z       duration_ms: 12780.057381
2026-09-15T14:46:05.0471356Z       ...
2026-09-15T14:46:05.0471680Z     1..2
2026-09-15T14:46:05.0472555Z ok 422 - stored external run reloads with exact saved pin and remains paused until explicit Resume
2026-09-15T14:46:05.0473374Z   ---
2026-09-15T14:46:05.0473729Z   duration_ms: 58376.046772
2026-09-15T14:46:05.0474134Z   ...
2026-09-15T14:46:06.5202591Z # Subtest: startup preserves and refuses external-chapter-journal.v1 before any backup recovery
2026-09-15T14:46:06.5218402Z ok 423 - startup preserves and refuses external-chapter-journal.v1 before any backup recovery
2026-09-15T14:46:06.5219461Z   ---
2026-09-15T14:46:06.5220038Z   duration_ms: 1474.462997
2026-09-15T14:46:06.5220723Z   ...
2026-09-15T14:46:08.3368305Z # Subtest: startup preserves and refuses external-chapter-journal.v1 + backup-journal before any backup recovery
2026-09-15T14:46:08.3369333Z ok 424 - startup preserves and refuses external-chapter-journal.v1 + backup-journal before any backup recovery
2026-09-15T14:46:08.3369874Z   ---
2026-09-15T14:46:08.3370091Z   duration_ms: 1815.434751
2026-09-15T14:46:08.3370330Z   ...
2026-09-15T14:47:01.1609028Z # Subtest: cleared assignment still selects descriptor original; missing original refuses both new flight and Original artwork without generic fallback
2026-09-15T14:47:01.1625048Z ok 425 - cleared assignment still selects descriptor original; missing original refuses both new flight and Original artwork without generic fallback
2026-09-15T14:47:01.1626721Z   ---
2026-09-15T14:47:01.1627620Z   duration_ms: 52823.141989
2026-09-15T14:47:01.1628803Z   ...
2026-09-15T14:47:26.6945733Z # Subtest: ordinary native removal and pack-only export refuse indexed content without dropping pointer or index
2026-09-15T14:47:26.6948356Z ok 426 - ordinary native removal and pack-only export refuse indexed content without dropping pointer or index
2026-09-15T14:47:26.6949714Z   ---
2026-09-15T14:47:26.6950408Z   duration_ms: 24958.384975
2026-09-15T14:47:26.6951157Z   ...
2026-09-15T14:47:37.1854274Z # Subtest: Workshop authenticates the same pointer/index and holds both locks; stale index and pending journal cannot publish assignments
2026-09-15T14:47:37.1888328Z ok 427 - Workshop authenticates the same pointer/index and holds both locks; stale index and pending journal cannot publish assignments
2026-09-15T14:47:37.1927387Z   ---
2026-09-15T14:47:37.1967335Z   duration_ms: 11065.436271
2026-09-15T14:47:37.1992063Z   ...
2026-09-15T14:47:37.2021090Z # Subtest: guarded metadata work uses one backup lock, refuses a stale branded snapshot and remains lazy for ordinary packs
2026-09-15T14:47:37.2048159Z ok 428 - guarded metadata work uses one backup lock, refuses a stale branded snapshot and remains lazy for ordinary packs
2026-09-15T14:47:37.2077324Z   ---
2026-09-15T14:47:37.2077741Z   duration_ms: 1.668017
2026-09-15T14:47:37.2078182Z   ...
2026-09-15T14:49:46.0614264Z # Subtest: source install and unrelated chapter win preserve an earlier exact first-earned story A after binding B
2026-09-15T14:49:46.0668460Z ok 429 - source install and unrelated chapter win preserve an earlier exact first-earned story A after binding B
2026-09-15T14:49:46.0669836Z   ---
2026-09-15T14:49:46.0697506Z   duration_ms: 128876.178022
2026-09-15T14:49:46.0707690Z   ...
2026-09-15T14:49:48.8762512Z # Subtest: Back during exact media hashing cancels native pair install and late digest cannot publish or change the flight
2026-09-15T14:49:48.8768003Z ok 430 - Back during exact media hashing cancels native pair install and late digest cannot publish or change the flight
2026-09-15T14:49:48.8769542Z   ---
2026-09-15T14:49:48.8770389Z   duration_ms: 1786.79238
2026-09-15T14:49:48.8771051Z   ...
2026-09-15T14:50:11.3493048Z # Subtest: native exact-pair recovery completes a retained published journal once; reload is required before adopting its preserved profile
2026-09-15T14:50:11.3498378Z     # Subtest: explicit native recovery leaves existing generation and asks for reload
2026-09-15T14:50:11.3500081Z     ok 1 - explicit native recovery leaves existing generation and asks for reload
2026-09-15T14:50:11.3501249Z       ---
2026-09-15T14:50:11.3501954Z       duration_ms: 14343.113692
2026-09-15T14:50:11.3502693Z       ...
2026-09-15T14:50:33.7513338Z     # Subtest: new host coherently adopts recovered index and permits separate Choose
2026-09-15T14:50:33.7528225Z     ok 2 - new host coherently adopts recovered index and permits separate Choose
2026-09-15T14:50:33.7537723Z       ---
2026-09-15T14:50:33.7538284Z       duration_ms: 22401.184899
2026-09-15T14:50:33.7538966Z       ...
2026-09-15T14:50:33.7539515Z     1..2
2026-09-15T14:50:33.7541047Z ok 431 - native exact-pair recovery completes a retained published journal once; reload is required before adopting its preserved profile
2026-09-15T14:50:33.7542457Z   ---
2026-09-15T14:50:33.7543048Z   duration_ms: 45902.703771
2026-09-15T14:50:33.7543703Z   ...
2026-09-15T14:51:20.3140757Z # Subtest: published external pictures survive saved Continue and confirmed Restart with overlapping preparation
2026-09-15T14:51:20.3148171Z     # Subtest: install, play, pause and retain new release original
2026-09-15T14:51:20.3153427Z     ok 1 - install, play, pause and retain new release original
2026-09-15T14:51:20.3154195Z       ---
2026-09-15T14:51:20.3154721Z       duration_ms: 46561.190592
2026-09-15T14:51:20.3155269Z       ...
2026-09-15T14:51:37.8449320Z     # Subtest: restored attempt resumes and the confirmed replacement attempt becomes ready
2026-09-15T14:51:37.8468370Z     ok 2 - restored attempt resumes and the confirmed replacement attempt becomes ready
2026-09-15T14:51:37.8487910Z       ---
2026-09-15T14:51:37.8493325Z       duration_ms: 17531.393559
2026-09-15T14:51:37.8494135Z       ...
2026-09-15T14:51:37.8494939Z     1..2
2026-09-15T14:51:37.8496536Z ok 432 - published external pictures survive saved Continue and confirmed Restart with overlapping preparation
2026-09-15T14:51:37.8498384Z   ---
2026-09-15T14:51:37.8499174Z   duration_ms: 64094.004038
2026-09-15T14:51:37.8499974Z   ...
2026-09-15T14:51:37.8878548Z # Subtest: ordinary empty/read/write path stays lazy and native CAS preserves old embedded contract
2026-09-15T14:51:37.8928195Z ok 433 - ordinary empty/read/write path stays lazy and native CAS preserves old embedded contract
2026-09-15T14:51:37.8957544Z   ---
2026-09-15T14:51:37.8970322Z   duration_ms: 88.403812
2026-09-15T14:51:37.8971279Z   ...
2026-09-15T14:51:37.8972903Z # Subtest: shared DB4 install, exact authored defaults, Gentle mapping and separate readiness preserve audio and story domain
2026-09-15T14:51:37.8975126Z ok 434 - shared DB4 install, exact authored defaults, Gentle mapping and separate readiness preserve audio and story domain
2026-09-15T14:51:37.8976529Z   ---
2026-09-15T14:51:37.8977464Z   duration_ms: 38153.991181
2026-09-15T14:51:37.8978192Z   ...
2026-09-15T14:51:37.8980022Z # Subtest: cleared assignment and valid newer B do not erase the exact authored A; saved pin shapes are not requests
2026-09-15T14:51:37.8982123Z ok 435 - cleared assignment and valid newer B do not erase the exact authored A; saved pin shapes are not requests
2026-09-15T14:51:37.8983415Z   ---
2026-09-15T14:51:37.8984068Z   duration_ms: 37223.330461
2026-09-15T14:51:37.8984793Z   ...
2026-09-15T14:51:37.8986031Z # Subtest: known compact pack alone is refused without opening shared media; no ID-suffix heuristics
2026-09-15T14:51:37.8988224Z ok 436 - known compact pack alone is refused without opening shared media; no ID-suffix heuristics
2026-09-15T14:51:37.8989410Z   ---
2026-09-15T14:51:37.8990057Z   duration_ms: 74.256573
2026-09-15T14:51:37.8990760Z   ...
2026-09-15T14:51:37.8991916Z # Subtest: coherent pending journal snapshot reports backup-recovery and preserves rows
2026-09-15T14:51:37.8993554Z ok 437 - coherent pending journal snapshot reports backup-recovery and preserves rows
2026-09-15T14:51:37.8994661Z   ---
2026-09-15T14:51:37.8995309Z   duration_ms: 1.642228
2026-09-15T14:51:37.8996016Z   ...
2026-09-15T14:51:37.8997436Z # Subtest: coherent pending journal snapshot reports external-recovery and preserves rows
2026-09-15T14:51:37.8999149Z ok 438 - coherent pending journal snapshot reports external-recovery and preserves rows
2026-09-15T14:51:37.9000267Z   ---
2026-09-15T14:51:37.9000917Z   duration_ms: 3.07213
2026-09-15T14:51:37.9001594Z   ...
2026-09-15T14:51:37.9002705Z # Subtest: coherent pending journal snapshot reports mixed-journals and preserves rows
2026-09-15T14:51:37.9004304Z ok 439 - coherent pending journal snapshot reports mixed-journals and preserves rows
2026-09-15T14:51:37.9005397Z   ---
2026-09-15T14:51:37.9006028Z   duration_ms: 1.673115
2026-09-15T14:51:37.9006732Z   ...
2026-09-15T14:51:37.9008419Z # Subtest: interrupted native publication is withheld across restart and explicit recovery avoids nested-lock deadlock
2026-09-15T14:51:37.9010641Z ok 440 - interrupted native publication is withheld across restart and explicit recovery avoids nested-lock deadlock
2026-09-15T14:51:37.9011988Z   ---
2026-09-15T14:51:37.9012648Z   duration_ms: 13593.19449
2026-09-15T14:51:37.9013345Z   ...
2026-09-15T14:51:37.9014820Z # Subtest: ordinary mutation preserves external index; external removal and changed same-ID gameplay refuse before writes
2026-09-15T14:51:37.9017371Z ok 441 - ordinary mutation preserves external index; external removal and changed same-ID gameplay refuse before writes
2026-09-15T14:51:37.9018756Z   ---
2026-09-15T14:51:37.9019391Z   duration_ms: 16293.282674
2026-09-15T14:51:37.9020083Z   ...
2026-09-15T14:51:37.9021424Z # Subtest: changed pointer, index or backup marker invalidates single-use reviewed write; fake reviews refuse
2026-09-15T14:51:37.9023686Z ok 442 - changed pointer, index or backup marker invalidates single-use reviewed write; fake reviews refuse
2026-09-15T14:51:37.9024935Z   ---
2026-09-15T14:51:37.9025581Z   duration_ms: 68.625698
2026-09-15T14:51:37.9026265Z   ...
2026-09-15T14:51:37.9027709Z # Subtest: actual selected Blob corruption refuses readiness even with intact validated metadata
2026-09-15T14:51:37.9029487Z ok 443 - actual selected Blob corruption refuses readiness even with intact validated metadata
2026-09-15T14:51:37.9030640Z   ---
2026-09-15T14:51:37.9031274Z   duration_ms: 16618.52014
2026-09-15T14:51:37.9031962Z   ...
2026-09-15T14:51:37.9033269Z # Subtest: lost writer/occupied backup lock/closed host refuse mutations without affecting borrowed manager
2026-09-15T14:51:37.9035195Z ok 444 - lost writer/occupied backup lock/closed host refuse mutations without affecting borrowed manager
2026-09-15T14:51:37.9036502Z   ---
2026-09-15T14:51:37.9037399Z   duration_ms: 3.298775
2026-09-15T14:51:37.9038086Z   ...
2026-09-15T14:51:37.9039207Z # Subtest: abort during lazy manager return allocates no borrowed store or late snapshot
2026-09-15T14:51:37.9040819Z ok 445 - abort during lazy manager return allocates no borrowed store or late snapshot
2026-09-15T14:51:37.9041966Z   ---
2026-09-15T14:51:37.9042582Z   duration_ms: 14926.301578
2026-09-15T14:51:37.9043510Z   ...
2026-09-15T14:51:37.9044776Z # Subtest: mutating caller next pack during preparation cannot change reviewed native publication
2026-09-15T14:51:37.9046972Z ok 446 - mutating caller next pack during preparation cannot change reviewed native publication
2026-09-15T14:51:37.9048428Z   ---
2026-09-15T14:51:37.9049130Z   duration_ms: 48.266642
2026-09-15T14:51:37.9049811Z   ...
2026-09-15T14:51:37.9051034Z # Subtest: manager timeout and close reject deferred acquisition without closing the borrowed owner
2026-09-15T14:51:37.9052823Z ok 447 - manager timeout and close reject deferred acquisition without closing the borrowed owner
2026-09-15T14:51:37.9054022Z   ---
2026-09-15T14:51:37.9054634Z   duration_ms: 14891.651252
2026-09-15T14:51:37.9055324Z   ...
2026-09-15T14:51:37.9056472Z # Subtest: failed native ordinary CAS is atomic and consumed review cannot be retried blindly
2026-09-15T14:51:37.9058420Z ok 448 - failed native ordinary CAS is atomic and consumed review cannot be retried blindly
2026-09-15T14:51:37.9059538Z   ---
2026-09-15T14:51:37.9060173Z   duration_ms: 14943.067626
2026-09-15T14:51:37.9060870Z   ...
2026-09-15T14:51:37.9062210Z # Subtest: missing native Blob retains exact authored metadata but refuses both readiness and authored selection
2026-09-15T14:51:37.9064209Z ok 449 - missing native Blob retains exact authored metadata but refuses both readiness and authored selection
2026-09-15T14:51:37.9065465Z   ---
2026-09-15T14:51:37.9066078Z   duration_ms: 16043.734054
2026-09-15T14:51:37.9067010Z   ...
2026-09-15T14:51:37.9068276Z # Subtest: quota refusal leaves a recoverable journal and no published gameplay or evicted originals
2026-09-15T14:51:37.9070101Z ok 450 - quota refusal leaves a recoverable journal and no published gameplay or evicted originals
2026-09-15T14:51:37.9071283Z   ---
2026-09-15T14:51:37.9071903Z   duration_ms: 21173.000264
2026-09-15T14:51:37.9072579Z   ...
2026-09-15T14:51:37.9073912Z # Subtest: trusted descriptor inputs are snapshotted and conflicting index cannot masquerade as that edition
2026-09-15T14:51:37.9075903Z ok 451 - trusted descriptor inputs are snapshotted and conflicting index cannot masquerade as that edition
2026-09-15T14:51:37.9078005Z   ---
2026-09-15T14:51:37.9078733Z   duration_ms: 13556.445674
2026-09-15T14:51:37.9079420Z   ...
2026-09-15T14:51:37.9080467Z # Subtest: an unregistered prepared descriptor cannot opt itself into the host
2026-09-15T14:51:37.9081947Z ok 452 - an unregistered prepared descriptor cannot opt itself into the host
2026-09-15T14:51:37.9082957Z   ---
2026-09-15T14:51:37.9083602Z   duration_ms: 2.76117
2026-09-15T14:51:37.9084252Z   ...
2026-09-15T14:51:37.9085855Z # Subtest: pack changes while actual selected-original decoding is deferred cannot publish stale readiness
2026-09-15T14:51:37.9088051Z ok 453 - pack changes while actual selected-original decoding is deferred cannot publish stale readiness
2026-09-15T14:51:37.9089279Z   ---
2026-09-15T14:51:37.9089918Z   duration_ms: 18561.446019
2026-09-15T14:51:37.9090618Z   ...
2026-09-15T14:51:37.9091746Z # Subtest: registered owner inputs are owned before later mutation without opening media
2026-09-15T14:51:37.9093367Z ok 454 - registered owner inputs are owned before later mutation without opening media
2026-09-15T14:51:37.9094483Z   ---
2026-09-15T14:51:37.9095083Z   duration_ms: 18.793564
2026-09-15T14:51:37.9095770Z   ...
2026-09-15T14:51:37.9097264Z # Subtest: native absent index is uncharged; a persisted index contributes its exact bytes
2026-09-15T14:51:37.9098927Z ok 455 - native absent index is uncharged; a persisted index contributes its exact bytes
2026-09-15T14:51:37.9100031Z   ---
2026-09-15T14:51:37.9100656Z   duration_ms: 84.500629
2026-09-15T14:51:37.9101318Z   ...
2026-09-15T14:51:37.9102561Z # Subtest: host admits 36 trusted choices without storage, refuses 37 and duplicate/invalid descriptors
2026-09-15T14:51:37.9104379Z ok 456 - host admits 36 trusted choices without storage, refuses 37 and duplicate/invalid descriptors
2026-09-15T14:51:37.9105798Z   ---
2026-09-15T14:51:37.9106452Z   duration_ms: 8.871004
2026-09-15T14:51:37.9107380Z   ...
2026-09-15T14:51:37.9108631Z # Subtest: backup admits 36 trusted choices without storage, refuses 37 and duplicate/invalid descriptors
2026-09-15T14:51:37.9110573Z ok 457 - backup admits 36 trusted choices without storage, refuses 37 and duplicate/invalid descriptors
2026-09-15T14:51:37.9111787Z   ---
2026-09-15T14:51:37.9112422Z   duration_ms: 8.456422
2026-09-15T14:51:37.9113084Z   ...
2026-09-15T14:51:37.9114314Z # Subtest: catalog parsing capacity never admits remote owners; all current source tuples stay exact
2026-09-15T14:51:37.9116110Z ok 458 - catalog parsing capacity never admits remote owners; all current source tuples stay exact
2026-09-15T14:51:37.9118370Z   ---
2026-09-15T14:51:37.9119021Z   duration_ms: 7.387369
2026-09-15T14:51:37.9119666Z   ...
2026-09-15T14:51:37.9120633Z # Subtest: trusted choices do not enlarge the stored index or installed pack budgets
2026-09-15T14:51:37.9122140Z ok 459 - trusted choices do not enlarge the stored index or installed pack budgets
2026-09-15T14:51:37.9123181Z   ---
2026-09-15T14:51:37.9123788Z   duration_ms: 4.754802
2026-09-15T14:51:37.9124353Z   ...
2026-09-15T14:51:37.9125685Z # Subtest: all45 semantic icons cover the exact registry and native grids with binary alpha, transparent edges and at most4 colors
2026-09-15T14:51:37.9128103Z ok 460 - all45 semantic icons cover the exact registry and native grids with binary alpha, transparent edges and at most4 colors
2026-09-15T14:51:37.9129311Z   ---
2026-09-15T14:51:37.9129841Z   duration_ms: 58.09623
2026-09-15T14:51:37.9130467Z   ...
2026-09-15T14:51:37.9131591Z # Subtest: direction bindings rotate exactly clockwise, back differs from undo, and redo mirrors undo
2026-09-15T14:51:37.9133305Z ok 461 - direction bindings rotate exactly clockwise, back differs from undo, and redo mirrors undo
2026-09-15T14:51:37.9134350Z   ---
2026-09-15T14:51:37.9134861Z   duration_ms: 14.525453
2026-09-15T14:51:37.9135447Z   ...
2026-09-15T14:51:37.9136228Z # Subtest: award rank marks remain distinct without medal hue
2026-09-15T14:51:37.9137476Z ok 462 - award rank marks remain distinct without medal hue
2026-09-15T14:51:37.9138275Z   ---
2026-09-15T14:51:37.9138811Z   duration_ms: 2.616897
2026-09-15T14:51:37.9139396Z   ...
2026-09-15T14:51:37.9140471Z # Subtest: inspection sizes stay binary and independently owned while malformed requests fail
2026-09-15T14:51:37.9142101Z ok 463 - inspection sizes stay binary and independently owned while malformed requests fail
2026-09-15T14:51:37.9143069Z   ---
2026-09-15T14:51:37.9143612Z   duration_ms: 49.75145
2026-09-15T14:51:37.9144102Z   ...
2026-09-15T14:51:37.9145302Z # Subtest: Workshop destinations ship their actual authoring runtime and return paths
2026-09-15T14:51:37.9146994Z ok 464 - Workshop destinations ship their actual authoring runtime and return paths
2026-09-15T14:51:37.9154604Z   ---
2026-09-15T14:51:37.9155174Z   duration_ms: 918.73448
2026-09-15T14:51:37.9155756Z   ...
2026-09-15T14:51:37.9157084Z # Subtest: settings categories keep the real controls and preferences without starting the flight
2026-09-15T14:51:37.9158730Z ok 465 - settings categories keep the real controls and preferences without starting the flight
2026-09-15T14:51:37.9159751Z   ---
2026-09-15T14:51:37.9160285Z   duration_ms: 1457.193803
2026-09-15T14:51:37.9160896Z   ...
2026-09-15T14:51:37.9162026Z # Subtest: leaving Controls cancels a pending physical-key capture through its native cancel action
2026-09-15T14:51:37.9163669Z ok 466 - leaving Controls cancels a pending physical-key capture through its native cancel action
2026-09-15T14:51:37.9164700Z   ---
2026-09-15T14:51:37.9165246Z   duration_ms: 887.125437
2026-09-15T14:51:37.9165825Z   ...
2026-09-15T14:51:37.9167031Z # Subtest: settings tabs support arrow and end navigation without leaking the key to the game
2026-09-15T14:51:37.9168764Z ok 467 - settings tabs support arrow and end navigation without leaking the key to the game
2026-09-15T14:51:37.9169943Z   ---
2026-09-15T14:51:37.9170483Z   duration_ms: 1352.958146
2026-09-15T14:51:37.9171045Z   ...
2026-09-15T14:51:37.9172230Z # Subtest: data and collection shortcuts reuse the existing nested Library sections without changing saved data
2026-09-15T14:51:37.9174086Z ok 468 - data and collection shortcuts reuse the existing nested Library sections without changing saved data
2026-09-15T14:51:37.9175300Z   ---
2026-09-15T14:51:37.9175878Z   duration_ms: 1676.427458
2026-09-15T14:51:37.9176515Z   ...
2026-09-15T14:51:37.9177953Z # Subtest: supporting page text size remains presentation only and listeners are released
2026-09-15T14:51:37.9179528Z ok 469 - supporting page text size remains presentation only and listeners are released
2026-09-15T14:51:37.9180572Z   ---
2026-09-15T14:51:37.9181138Z   duration_ms: 0.57922
2026-09-15T14:51:37.9181733Z   ...
2026-09-15T14:51:37.9182753Z # Subtest: surface copy has stable English fallback keys and preserves native controls
2026-09-15T14:51:37.9184213Z ok 470 - surface copy has stable English fallback keys and preserves native controls
2026-09-15T14:51:37.9185204Z   ---
2026-09-15T14:51:37.9185715Z   duration_ms: 0.353929
2026-09-15T14:51:37.9186272Z   ...
2026-09-15T14:51:37.9187557Z # Subtest: finite course links retain both steering choices without an authored scenario handoff
2026-09-15T14:51:37.9189353Z ok 471 - finite course links retain both steering choices without an authored scenario handoff
2026-09-15T14:51:37.9190394Z   ---
2026-09-15T14:51:37.9190924Z   duration_ms: 4.102558
2026-09-15T14:51:37.9191475Z   ...
2026-09-15T14:51:37.9192424Z # Subtest: controller course destinations bind the existing exact per-load token
2026-09-15T14:51:37.9193909Z ok 472 - controller course destinations bind the existing exact per-load token
2026-09-15T14:51:37.9194870Z   ---
2026-09-15T14:51:37.9195377Z   duration_ms: 0.433979
2026-09-15T14:51:37.9195928Z   ...
2026-09-15T14:51:37.9197271Z # Subtest: unregistered lessons, policies and malformed tokens cannot become navigation destinations
2026-09-15T14:51:37.9199003Z ok 473 - unregistered lessons, policies and malformed tokens cannot become navigation destinations
2026-09-15T14:51:37.9200083Z   ---
2026-09-15T14:51:37.9200601Z   duration_ms: 0.95476
2026-09-15T14:51:37.9201149Z   ...
2026-09-15T14:51:37.9202306Z # Subtest: First Light: six pinned legal routes win under the exact shipped wide rules, without lost lives
2026-09-15T14:51:37.9204005Z ok 474 - First Light: six pinned legal routes win under the exact shipped wide rules, without lost lives
2026-09-15T14:51:37.9205071Z   ---
2026-09-15T14:51:37.9205587Z   duration_ms: 3941.426506
2026-09-15T14:51:37.9206176Z   ...
2026-09-15T14:51:37.9207666Z # Subtest: First Light: original 2:1 artwork embeds byte-for-byte, independently for each map
2026-09-15T14:51:37.9209242Z ok 475 - First Light: original 2:1 artwork embeds byte-for-byte, independently for each map
2026-09-15T14:51:37.9210297Z   ---
2026-09-15T14:51:37.9211030Z   duration_ms: 2922.073809
2026-09-15T14:51:37.9211628Z   ...
2026-09-15T14:51:37.9212645Z # Subtest: orchard-window: one unchanged direction cannot win; real contacts take lives
2026-09-15T14:51:37.9214081Z ok 476 - orchard-window: one unchanged direction cannot win; real contacts take lives
2026-09-15T14:51:37.9215013Z   ---
2026-09-15T14:51:37.9215524Z   duration_ms: 359.376991
2026-09-15T14:51:37.9216084Z   ...
2026-09-15T14:51:37.9217250Z # Subtest: split-courtyard: one unchanged direction cannot win; real contacts take lives
2026-09-15T14:51:37.9218702Z ok 477 - split-courtyard: one unchanged direction cannot win; real contacts take lives
2026-09-15T14:51:37.9219647Z   ---
2026-09-15T14:51:37.9220162Z   duration_ms: 110.928713
2026-09-15T14:51:37.9220779Z   ...
2026-09-15T14:51:37.9226607Z # Subtest: night-signal: one unchanged direction cannot win; real contacts take lives
2026-09-15T14:51:37.9228388Z ok 478 - night-signal: one unchanged direction cannot win; real contacts take lives
2026-09-15T14:51:37.9229377Z   ---
2026-09-15T14:51:37.9230131Z   duration_ms: 345.792385
2026-09-15T14:51:37.9230732Z   ...
2026-09-15T14:51:37.9231860Z # Subtest: actual solo host changes native board and CSS geometry from wide to legacy after a legal win
2026-09-15T14:51:37.9233488Z ok 479 - actual solo host changes native board and CSS geometry from wide to legacy after a legal win
2026-09-15T14:51:37.9234515Z   ---
2026-09-15T14:51:37.9235026Z   duration_ms: 34530.654253
2026-09-15T14:51:37.9235601Z   ...
2026-09-15T14:51:37.9236552Z # Subtest: Large portrait selector is fully below the measured expanded heading
2026-09-15T14:51:37.9238183Z ok 480 - Large portrait selector is fully below the measured expanded heading
2026-09-15T14:51:37.9239107Z   ---
2026-09-15T14:51:37.9239621Z   duration_ms: 2.867003
2026-09-15T14:51:37.9240174Z   ...
2026-09-15T14:51:37.9241050Z # Subtest: Large landscape selector clears the measured bottom action bar
2026-09-15T14:51:37.9242268Z ok 481 - Large landscape selector clears the measured bottom action bar
2026-09-15T14:51:37.9243123Z   ---
2026-09-15T14:51:37.9243638Z   duration_ms: 0.370841
2026-09-15T14:51:37.9244187Z   ...
2026-09-15T14:51:37.9245180Z # Subtest: queued reflow reads current focus and leaves the heading action alone
2026-09-15T14:51:37.9246491Z ok 482 - queued reflow reads current focus and leaves the heading action alone
2026-09-15T14:51:37.9247598Z   ---
2026-09-15T14:51:37.9248119Z   duration_ms: 0.286063
2026-09-15T14:51:37.9248668Z   ...
2026-09-15T14:51:37.9249654Z # Subtest: large reading region retains its beginning and manual scrolling is not undone
2026-09-15T14:51:37.9251098Z ok 483 - large reading region retains its beginning and manual scrolling is not undone
2026-09-15T14:51:37.9252043Z   ---
2026-09-15T14:51:37.9252544Z   duration_ms: 1.23358
2026-09-15T14:51:37.9253078Z   ...
2026-09-15T14:51:37.9253886Z # Subtest: queued layout cannot alter a closed owner's scroll or focus
2026-09-15T14:51:37.9255030Z ok 484 - queued layout cannot alter a closed owner's scroll or focus
2026-09-15T14:51:37.9255828Z   ---
2026-09-15T14:51:37.9256328Z   duration_ms: 0.299428
2026-09-15T14:51:37.9257073Z   ...
2026-09-15T14:51:37.9257913Z # Subtest: queued layout cannot alter a hidden owner's scroll or focus
2026-09-15T14:51:37.9259180Z ok 485 - queued layout cannot alter a hidden owner's scroll or focus
2026-09-15T14:51:37.9260107Z   ---
2026-09-15T14:51:37.9260609Z   duration_ms: 0.208138
2026-09-15T14:51:37.9261207Z   ...
2026-09-15T14:51:37.9262141Z # Subtest: queued layout cannot alter a blurred owner's scroll or focus
2026-09-15T14:51:37.9263313Z ok 486 - queued layout cannot alter a blurred owner's scroll or focus
2026-09-15T14:51:37.9264121Z   ---
2026-09-15T14:51:37.9264638Z   duration_ms: 0.367175
2026-09-15T14:51:37.9265429Z   ...
2026-09-15T14:51:37.9266345Z # Subtest: queued layout cannot alter a outside owner's scroll or focus
2026-09-15T14:51:37.9267813Z ok 487 - queued layout cannot alter a outside owner's scroll or focus
2026-09-15T14:51:37.9268640Z   ---
2026-09-15T14:51:37.9269150Z   duration_ms: 0.313394
2026-09-15T14:51:37.9269712Z   ...
2026-09-15T14:51:37.9270566Z # Subtest: queued layout cannot alter a disposed owner's scroll or focus
2026-09-15T14:51:37.9271760Z ok 488 - queued layout cannot alter a disposed owner's scroll or focus
2026-09-15T14:51:37.9272584Z   ---
2026-09-15T14:51:37.9273080Z   duration_ms: 0.528004
2026-09-15T14:51:37.9273636Z   ...
2026-09-15T14:51:37.9274864Z # Subtest: R4 proves twelve real direction-only wins matching the prior boosted outcomes without rewriting R3
2026-09-15T14:51:37.9276717Z ok 489 - R4 proves twelve real direction-only wins matching the prior boosted outcomes without rewriting R3
2026-09-15T14:51:37.9278052Z   ---
2026-09-15T14:51:37.9278578Z   duration_ms: 14289.389965
2026-09-15T14:51:37.9279162Z   ...
2026-09-15T14:51:37.9280478Z # Subtest: R4 pack, library and both-policy scenario roundtrips retain explicit Arcade authority and exact original pictures
2026-09-15T14:51:37.9282727Z ok 490 - R4 pack, library and both-policy scenario roundtrips retain explicit Arcade authority and exact original pictures
2026-09-15T14:51:37.9283954Z   ---
2026-09-15T14:51:37.9284502Z   duration_ms: 10678.11203
2026-09-15T14:51:37.9285084Z   ...
2026-09-15T14:51:37.9286302Z # Subtest: R4 verifier rejects incomplete, foreign, manual-action or unreleased command proofs and unowned input
2026-09-15T14:51:37.9288405Z ok 491 - R4 verifier rejects incomplete, foreign, manual-action or unreleased command proofs and unowned input
2026-09-15T14:51:37.9289528Z   ---
2026-09-15T14:51:37.9290035Z   duration_ms: 25083.760981
2026-09-15T14:51:37.9290607Z   ...
2026-09-15T14:51:37.9291650Z # Subtest: R4 verifier recomputes rather than trusting summaries, checkpoints and pickup evidence
2026-09-15T14:51:37.9293227Z ok 492 - R4 verifier recomputes rather than trusting summaries, checkpoints and pickup evidence
2026-09-15T14:51:37.9294223Z   ---
2026-09-15T14:51:37.9294724Z   duration_ms: 8198.834936
2026-09-15T14:51:37.9295285Z   ...
2026-09-15T14:51:37.9296414Z # Subtest: an actual Gentle R4 cut resumes with its queued Grid direction and rejects the R3 campaign context
2026-09-15T14:51:37.9298371Z ok 493 - an actual Gentle R4 cut resumes with its queued Grid direction and rejects the R3 campaign context
2026-09-15T14:51:37.9299853Z   ---
2026-09-15T14:51:37.9300457Z   duration_ms: 95.279276
2026-09-15T14:51:37.9301175Z   ...
2026-09-15T14:51:37.9302465Z # Subtest: four Fracture producers supply exact pairs without changing the eight earlier authorities
2026-09-15T14:51:37.9304208Z ok 494 - four Fracture producers supply exact pairs without changing the eight earlier authorities
2026-09-15T14:51:37.9327320Z   ---
2026-09-15T14:51:37.9354271Z   duration_ms: 281.374337
2026-09-15T14:51:37.9354951Z   ...
2026-09-15T14:51:37.9362192Z # Subtest: exact fpv pair remains within its edition prefix and authenticates its three originals
2026-09-15T14:51:37.9388164Z ok 495 - exact fpv pair remains within its edition prefix and authenticates its three originals
2026-09-15T14:51:37.9389420Z   ---
2026-09-15T14:51:37.9389963Z   duration_ms: 3212.255974
2026-09-15T14:51:37.9390748Z   ...
2026-09-15T14:51:37.9391824Z # Subtest: exact ukraine pair remains within its edition prefix and authenticates its three originals
2026-09-15T14:51:37.9393506Z ok 496 - exact ukraine pair remains within its edition prefix and authenticates its three originals
2026-09-15T14:51:37.9399897Z   ---
2026-09-15T14:51:37.9420556Z   duration_ms: 3045.981628
2026-09-15T14:51:37.9425567Z   ...
2026-09-15T14:51:37.9449000Z # Subtest: exact retro pair remains within its edition prefix and authenticates its three originals
2026-09-15T14:51:37.9455031Z ok 497 - exact retro pair remains within its edition prefix and authenticates its three originals
2026-09-15T14:51:37.9457328Z   ---
2026-09-15T14:51:37.9457687Z   duration_ms: 3030.806304
2026-09-15T14:51:37.9458081Z   ...
2026-09-15T14:51:37.9458958Z # Subtest: exact coupa pair remains within its edition prefix and authenticates its three originals
2026-09-15T14:51:37.9460320Z ok 498 - exact coupa pair remains within its edition prefix and authenticates its three originals
2026-09-15T14:51:37.9461103Z   ---
2026-09-15T14:51:37.9461429Z   duration_ms: 3678.220428
2026-09-15T14:51:37.9461809Z   ...
2026-09-15T14:51:37.9462729Z # Subtest: a Fracture owner cannot accept a sibling pair or a cancelled originals response
2026-09-15T14:51:37.9464028Z ok 499 - a Fracture owner cannot accept a sibling pair or a cancelled originals response
2026-09-15T14:51:37.9465083Z   ---
2026-09-15T14:51:37.9465805Z   duration_ms: 4.950695
2026-09-15T14:51:37.9477734Z   ...
2026-09-15T14:53:26.7832847Z # Subtest: three separate theme owners preserve exact level IDs, physical fields and nine original PNGs
2026-09-15T14:53:26.7838391Z ok 500 - three separate theme owners preserve exact level IDs, physical fields and nine original PNGs
2026-09-15T14:53:26.7842776Z   ---
2026-09-15T14:53:26.7849852Z   duration_ms: 31.131055
2026-09-15T14:53:26.7850321Z   ...
2026-09-15T14:53:26.7853125Z # Subtest: edition admission refuses crossed themes, maps, provenance, originals and unknown fields without mutating inputs
2026-09-15T14:53:26.7863367Z ok 501 - edition admission refuses crossed themes, maps, provenance, originals and unknown fields without mutating inputs
2026-09-15T14:53:26.7863950Z   ---
2026-09-15T14:53:26.7864165Z   duration_ms: 10.243817
2026-09-15T14:53:26.7864402Z   ...
2026-09-15T14:53:26.7864936Z # Subtest: pair preparation rejects mixed theme bodies, corrupt originals and foreign poster ownership
2026-09-15T14:53:26.7865743Z ok 502 - pair preparation rejects mixed theme bodies, corrupt originals and foreign poster ownership
2026-09-15T14:53:26.7866208Z   ---
2026-09-15T14:53:26.7866410Z   duration_ms: 33.080441
2026-09-15T14:53:26.7866650Z   ...
2026-09-15T14:53:26.7868420Z # Subtest: 144 existing route contexts, 18 gameovers and 612 saved boundaries retain exact physical outcomes across themes
2026-09-15T14:53:26.7870291Z ok 503 - 144 existing route contexts, 18 gameovers and 612 saved boundaries retain exact physical outcomes across themes
2026-09-15T14:53:26.7871347Z   ---
2026-09-15T14:53:26.7871725Z   duration_ms: 385643.766716
2026-09-15T14:53:26.7872170Z   ...
2026-09-15T14:53:40.8648711Z # Subtest: saved and first-earned legacy, FPV and three theme owners never rebind despite shared level IDs
2026-09-15T14:53:40.8650625Z ok 504 - saved and first-earned legacy, FPV and three theme owners never rebind despite shared level IDs
2026-09-15T14:53:40.8651637Z   ---
2026-09-15T14:53:40.8652185Z   duration_ms: 14025.66138
2026-09-15T14:53:40.8652865Z   ...
2026-09-15T14:53:50.8622574Z # Subtest: malformed, foreign and incomplete proof requests refuse without rewriting source evidence
2026-09-15T14:53:50.8624457Z ok 505 - malformed, foreign and incomplete proof requests refuse without rewriting source evidence
2026-09-15T14:53:50.8626674Z   ---
2026-09-15T14:53:50.8627633Z   duration_ms: 10051.957616
2026-09-15T14:53:50.8628282Z   ...
2026-09-15T14:54:22.1943425Z # Subtest: explicit pairs reproduce exact bodies only inside new ordinary cache directories
2026-09-15T14:54:22.1950276Z ok 506 - explicit pairs reproduce exact bodies only inside new ordinary cache directories
2026-09-15T14:54:22.1968111Z   ---
2026-09-15T14:54:22.1968779Z   duration_ms: 31332.748958
2026-09-15T14:54:22.1969652Z   ...
2026-09-15T14:54:22.2178693Z # Subtest: a first frame behind the startup clock begins at zero and completes through real finale progression
2026-09-15T14:54:22.2189322Z ok 507 - a first frame behind the startup clock begins at zero and completes through real finale progression
2026-09-15T14:54:22.2211641Z   ---
2026-09-15T14:54:22.2212473Z   duration_ms: 52.382343
2026-09-15T14:54:22.2213033Z   ...
2026-09-15T14:54:22.2214877Z # Subtest: defensive equal, backward and nonfinite timestamps cannot double-count or poison gallery time
2026-09-15T14:54:22.2216780Z ok 508 - defensive equal, backward and nonfinite timestamps cannot double-count or poison gallery time
2026-09-15T14:54:22.2247498Z   ---
2026-09-15T14:54:22.2268842Z   duration_ms: 4.968877
2026-09-15T14:54:22.2297434Z   ...
2026-09-15T14:54:22.2317842Z # Subtest: restart establishes a fresh clock and retained restart or close callbacks stay inert
2026-09-15T14:54:22.2327976Z ok 509 - restart establishes a fresh clock and retained restart or close callbacks stay inert
2026-09-15T14:54:22.2357384Z   ---
2026-09-15T14:54:22.2387652Z   duration_ms: 7.972781
2026-09-15T14:54:22.2417412Z   ...
2026-09-15T14:54:22.2418601Z # Subtest: delivered hidden frames pause the finale while keeping the visible return interval current
2026-09-15T14:54:22.2447999Z ok 510 - delivered hidden frames pause the finale while keeping the visible return interval current
2026-09-15T14:54:22.2477568Z   ---
2026-09-15T14:54:22.2486652Z   duration_ms: 3.283404
2026-09-15T14:54:22.2487541Z   ...
2026-09-15T14:54:22.2488686Z # Subtest: effective reduced effects suppress gallery animation even when the saved preference is false
2026-09-15T14:54:22.2491646Z ok 511 - effective reduced effects suppress gallery animation even when the saved preference is false
2026-09-15T14:54:22.2517430Z   ---
2026-09-15T14:54:22.2547597Z   duration_ms: 3.394381
2026-09-15T14:54:22.2577421Z   ...
2026-09-15T14:54:22.2578637Z # Subtest: an explicit effective unchecked choice overrides a saved true value without persisting it
2026-09-15T14:54:22.2608062Z ok 512 - an explicit effective unchecked choice overrides a saved true value without persisting it
2026-09-15T14:54:22.2637393Z   ---
2026-09-15T14:54:22.2667462Z   duration_ms: 2.950433
2026-09-15T14:54:22.2668116Z   ...
2026-09-15T14:54:22.2697852Z # Subtest: gallery reads the effective choice after asynchronous artwork preparation
2026-09-15T14:54:22.2727847Z ok 513 - gallery reads the effective choice after asynchronous artwork preparation
2026-09-15T14:54:22.2732425Z   ---
2026-09-15T14:54:22.2734600Z   duration_ms: 5.499087
2026-09-15T14:54:22.2735184Z   ...
2026-09-15T14:54:22.2736128Z # Subtest: callers without an effective getter retain the saved-preference fallback
2026-09-15T14:54:22.2737326Z     # Subtest: saved false
2026-09-15T14:54:22.2737947Z     ok 1 - saved false
2026-09-15T14:54:22.2738494Z       ---
2026-09-15T14:54:22.2738999Z       duration_ms: 3.215628
2026-09-15T14:54:22.2739574Z       ...
2026-09-15T14:54:22.2740078Z     # Subtest: saved true
2026-09-15T14:54:22.2740650Z     ok 2 - saved true
2026-09-15T14:54:22.2767494Z       ---
2026-09-15T14:54:22.2797481Z       duration_ms: 3.677218
2026-09-15T14:54:22.2827388Z       ...
2026-09-15T14:54:22.2857289Z     1..2
2026-09-15T14:54:22.2888190Z ok 514 - callers without an effective getter retain the saved-preference fallback
2026-09-15T14:54:22.2917323Z   ---
2026-09-15T14:54:22.2937478Z   duration_ms: 7.766175
2026-09-15T14:54:22.2948157Z   ...
2026-09-15T14:54:22.2983108Z # Subtest: restored cut Resume replaces only its own instruction, newer notice false
2026-09-15T14:54:22.3008492Z ok 515 - restored cut Resume replaces only its own instruction, newer notice false
2026-09-15T14:54:22.3011503Z   ---
2026-09-15T14:54:22.3019883Z   duration_ms: 4524.610869
2026-09-15T14:54:22.3020548Z   ...
2026-09-15T14:54:22.3021714Z # Subtest: restored cut Resume replaces only its own instruction, newer notice true
2026-09-15T14:54:22.3023312Z ok 516 - restored cut Resume replaces only its own instruction, newer notice true
2026-09-15T14:54:22.3024376Z   ---
2026-09-15T14:54:22.3025026Z   duration_ms: 5346.553489
2026-09-15T14:54:22.3025736Z   ...
2026-09-15T14:54:22.3026658Z # Subtest: a real fresh cut retires only the prior caught-line cue, newer notice false
2026-09-15T14:54:22.3027849Z ok 517 - a real fresh cut retires only the prior caught-line cue, newer notice false
2026-09-15T14:54:22.3028418Z   ---
2026-09-15T14:54:22.3029161Z   duration_ms: 13846.902917
2026-09-15T14:54:22.3029544Z   ...
2026-09-15T14:54:22.3030111Z # Subtest: a real fresh cut retires only the prior caught-line cue, newer notice true
2026-09-15T14:54:22.3030884Z ok 518 - a real fresh cut retires only the prior caught-line cue, newer notice true
2026-09-15T14:54:22.3031429Z   ---
2026-09-15T14:54:22.3031771Z   duration_ms: 12343.065936
2026-09-15T14:54:22.3032137Z   ...
2026-09-15T14:54:22.3032743Z # Subtest: secured cut cue follows real motion and exposure: stop false, newer notice false
2026-09-15T14:54:22.3033569Z ok 519 - secured cut cue follows real motion and exposure: stop false, newer notice false
2026-09-15T14:54:22.3034123Z   ---
2026-09-15T14:54:22.3034458Z   duration_ms: 20450.100476
2026-09-15T14:54:22.3034818Z   ...
2026-09-15T14:54:22.3035386Z # Subtest: secured cut cue follows real motion and exposure: stop false, newer notice true
2026-09-15T14:54:22.3036196Z ok 520 - secured cut cue follows real motion and exposure: stop false, newer notice true
2026-09-15T14:54:22.3036992Z   ---
2026-09-15T14:54:22.3037764Z   duration_ms: 24588.97922
2026-09-15T14:54:22.3038387Z   ...
2026-09-15T14:54:22.3050070Z # Subtest: secured cut cue follows real motion and exposure: stop true, newer notice false
2026-09-15T14:54:22.3051989Z ok 521 - secured cut cue follows real motion and exposure: stop true, newer notice false
2026-09-15T14:54:22.3053107Z   ---
2026-09-15T14:54:22.3053876Z   duration_ms: 27030.767654
2026-09-15T14:54:22.3054498Z   ...
2026-09-15T14:54:22.3055531Z # Subtest: secured cut cue follows real motion and exposure: stop true, newer notice true
2026-09-15T14:54:22.3057288Z ok 522 - secured cut cue follows real motion and exposure: stop true, newer notice true
2026-09-15T14:54:22.3058177Z   ---
2026-09-15T14:54:22.3058515Z   duration_ms: 29527.36199
2026-09-15T14:54:22.3058917Z   ...
2026-09-15T14:54:22.3059997Z # Subtest: a real kernel win atomically records progress, gallery and local scores; portable roundtrip preserves each
2026-09-15T14:54:22.3061666Z ok 523 - a real kernel win atomically records progress, gallery and local scores; portable roundtrip preserves each
2026-09-15T14:54:22.3062589Z   ---
2026-09-15T14:54:22.3062944Z   duration_ms: 89.845065
2026-09-15T14:54:22.3063224Z   ...
2026-09-15T14:54:22.3080389Z # Subtest: practice, failed, incompatible and repeated attempts cannot duplicate rewards or gallery entries
2026-09-15T14:54:22.3082028Z ok 524 - practice, failed, incompatible and repeated attempts cannot duplicate rewards or gallery entries
2026-09-15T14:54:22.3082934Z   ---
2026-09-15T14:54:22.3083296Z   duration_ms: 221.838236
2026-09-15T14:54:22.3083721Z   ...
2026-09-15T14:54:22.3084743Z # Subtest: scoreboards cap and rank exact boards, dedupe run IDs and retain every actual attempt statistics together
2026-09-15T14:54:22.3086444Z ok 525 - scoreboards cap and rank exact boards, dedupe run IDs and retain every actual attempt statistics together
2026-09-15T14:54:22.3087872Z   ---
2026-09-15T14:54:22.3088236Z   duration_ms: 452.760187
2026-09-15T14:54:22.3088682Z   ...
2026-09-15T14:54:22.3089569Z # Subtest: rules, geometry, roster, seed, policy and mixed class routes partition leaderboards
2026-09-15T14:54:22.3090930Z ok 526 - rules, geometry, roster, seed, policy and mixed class routes partition leaderboards
2026-09-15T14:54:22.3091767Z   ---
2026-09-15T14:54:22.3092152Z   duration_ms: 6.025064
2026-09-15T14:54:22.3092573Z   ...
2026-09-15T14:54:22.3093648Z # Subtest: known legacy progress migrates explicitly without fabricating gallery pictures or leaderboard runs
2026-09-15T14:54:22.3095300Z ok 527 - known legacy progress migrates explicitly without fabricating gallery pictures or leaderboard runs
2026-09-15T14:54:22.3096288Z   ---
2026-09-15T14:54:22.3096664Z   duration_ms: 25.864665
2026-09-15T14:54:22.3097500Z   ...
2026-09-15T14:54:22.3098359Z # Subtest: preferences validate full shape and immutable patches including audio levels
2026-09-15T14:54:22.3099661Z ok 528 - preferences validate full shape and immutable patches including audio levels
2026-09-15T14:54:22.3100811Z   ---
2026-09-15T14:54:22.3101152Z   duration_ms: 1.485028
2026-09-15T14:54:22.3101535Z   ...
2026-09-15T14:54:22.3102624Z # Subtest: bad imports reject before changing the existing library, including malformed identities and duplicates
2026-09-15T14:54:22.3104366Z ok 529 - bad imports reject before changing the existing library, including malformed identities and duplicates
2026-09-15T14:54:22.3105370Z   ---
2026-09-15T14:54:22.3105751Z   duration_ms: 27.088897
2026-09-15T14:54:22.3106203Z   ...
2026-09-15T14:54:22.3107599Z # Subtest: prototype pollution, accessors, cycles, sparse/custom arrays and oversized files cannot enter saves
2026-09-15T14:54:22.3109280Z ok 530 - prototype pollution, accessors, cycles, sparse/custom arrays and oversized files cannot enter saves
2026-09-15T14:54:22.3110306Z   ---
2026-09-15T14:54:22.3110688Z   duration_ms: 11.224899
2026-09-15T14:54:22.3111121Z   ...
2026-09-15T14:54:22.3112377Z # Subtest: unknown campaign records roundtrip for temporarily removed packs but current campaign records validate against content
2026-09-15T14:54:22.3114879Z ok 531 - unknown campaign records roundtrip for temporarily removed packs but current campaign records validate against content
2026-09-15T14:54:22.3116250Z   ---
2026-09-15T14:54:22.3116995Z   duration_ms: 23.595153
2026-09-15T14:54:22.3117932Z   ...
2026-09-15T14:54:22.3119424Z # Subtest: storage read corruption is preserved before replacement and failed recovery write never overwrites original
2026-09-15T14:54:22.3121583Z ok 532 - storage read corruption is preserved before replacement and failed recovery write never overwrites original
2026-09-15T14:54:22.3122923Z   ---
2026-09-15T14:54:22.3123469Z   duration_ms: 2.954338
2026-09-15T14:54:22.3124208Z   ...
2026-09-15T14:54:22.3125477Z # Subtest: class route metadata must match the registered roster and initial class
2026-09-15T14:54:22.3127518Z ok 533 - class route metadata must match the registered roster and initial class
2026-09-15T14:54:22.3128868Z   ---
2026-09-15T14:54:22.3129645Z   duration_ms: 58.897454
2026-09-15T14:54:22.3130338Z   ...
2026-09-15T14:54:22.3132023Z # Subtest: earlier v1 profiles migrate the additive master volume field while preserving earned records
2026-09-15T14:54:22.3133951Z ok 534 - earlier v1 profiles migrate the additive master volume field while preserving earned records
2026-09-15T14:54:22.3134857Z   ---
2026-09-15T14:54:22.3135221Z   duration_ms: 16.377015
2026-09-15T14:54:22.3135635Z   ...
2026-09-15T14:54:22.3136495Z # Subtest: gallery preserves the actual procedural-art seed and upgrades pre-seed records
2026-09-15T14:54:22.3138208Z ok 535 - gallery preserves the actual procedural-art seed and upgrades pre-seed records
2026-09-15T14:54:22.3139060Z   ---
2026-09-15T14:54:22.3139449Z   duration_ms: 19.081587
2026-09-15T14:54:22.3139871Z   ...
2026-09-15T14:54:22.3140829Z # Subtest: ordinary tab writes merge remote completions and apply only locally changed preferences
2026-09-15T14:54:22.3142330Z ok 536 - ordinary tab writes merge remote completions and apply only locally changed preferences
2026-09-15T14:54:22.3143204Z   ---
2026-09-15T14:54:22.3143572Z   duration_ms: 16.216506
2026-09-15T14:54:22.3143989Z   ...
2026-09-15T14:54:22.3144856Z # Subtest: a changed disk snapshot is re-read before merging and never overwritten blindly
2026-09-15T14:54:22.3146190Z ok 537 - a changed disk snapshot is re-read before merging and never overwritten blindly
2026-09-15T14:54:22.3147263Z   ---
2026-09-15T14:54:22.3147658Z   duration_ms: 13.204079
2026-09-15T14:54:22.3148099Z   ...
2026-09-15T14:54:22.3149119Z # Subtest: replacement observed during a merge retry invalidates the older candidate generation
2026-09-15T14:54:22.3150632Z ok 538 - replacement observed during a merge retry invalidates the older candidate generation
2026-09-15T14:54:22.3151539Z   ---
2026-09-15T14:54:22.3151907Z   duration_ms: 11.330345
2026-09-15T14:54:22.3152327Z   ...
2026-09-15T14:54:22.3153329Z # Subtest: concurrent completions preserve both setups, aggregate bests and coherent gallery result metadata
2026-09-15T14:54:22.3155094Z ok 539 - concurrent completions preserve both setups, aggregate bests and coherent gallery result metadata
2026-09-15T14:54:22.3155980Z   ---
2026-09-15T14:54:22.3156316Z   duration_ms: 43.802961
2026-09-15T14:54:22.3156693Z   ...
2026-09-15T14:54:22.3158033Z # Subtest: explicit replacement and Undo invalidate stale tabs instead of resurrecting removed progress
2026-09-15T14:54:22.3159670Z ok 540 - explicit replacement and Undo invalidate stale tabs instead of resurrecting removed progress
2026-09-15T14:54:22.3160599Z   ---
2026-09-15T14:54:22.3160955Z   duration_ms: 19.593863
2026-09-15T14:54:22.3161360Z   ...
2026-09-15T14:54:22.3162404Z # Subtest: backup import lock blocks ordinary writes but permits its owner and preserves disk on quota failures
2026-09-15T14:54:22.3164151Z ok 541 - backup import lock blocks ordinary writes but permits its owner and preserves disk on quota failures
2026-09-15T14:54:22.3165140Z   ---
2026-09-15T14:54:22.3165525Z   duration_ms: 14.857411
2026-09-15T14:54:22.3165930Z   ...
2026-09-15T14:54:22.3167046Z # Subtest: stale corruption recovery never overwrites a different unreadable disk value
2026-09-15T14:54:22.3168437Z ok 542 - stale corruption recovery never overwrites a different unreadable disk value
2026-09-15T14:54:22.3169516Z   ---
2026-09-15T14:54:22.3169924Z   duration_ms: 0.641657
2026-09-15T14:54:22.3170357Z   ...
2026-09-15T14:54:22.3171634Z # Subtest: old profiles preserve manual appearance choice while new profiles default to class matching
2026-09-15T14:54:22.3173299Z ok 543 - old profiles preserve manual appearance choice while new profiles default to class matching
2026-09-15T14:54:22.3174257Z   ---
2026-09-15T14:54:22.3174628Z   duration_ms: 0.586794
2026-09-15T14:54:22.3175032Z   ...
2026-09-15T14:54:22.3176222Z # Subtest: tap steering keeps device defaults for legacy profiles and preserves explicit choices through storage and exports
2026-09-15T14:54:22.3178448Z ok 544 - tap steering keeps device defaults for legacy profiles and preserves explicit choices through storage and exports
2026-09-15T14:54:22.3179547Z   ---
2026-09-15T14:54:22.3179923Z   duration_ms: 20.920456
2026-09-15T14:54:22.3180355Z   ...
2026-09-15T14:54:22.3181376Z # Subtest: tap steering rejects coercible values and unrelated stale edits cannot undo an explicit choice
2026-09-15T14:54:22.3183022Z ok 545 - tap steering rejects coercible values and unrelated stale edits cannot undo an explicit choice
2026-09-15T14:54:22.3183984Z   ---
2026-09-15T14:54:22.3184364Z   duration_ms: 2.808256
2026-09-15T14:54:22.3184764Z   ...
2026-09-15T14:54:22.3186736Z # Subtest: keyboard preferences migrate old profiles to defaults and preserve owned remaps through portable and local saves
2026-09-15T14:54:22.3188883Z ok 546 - keyboard preferences migrate old profiles to defaults and preserve owned remaps through portable and local saves
2026-09-15T14:54:22.3190008Z   ---
2026-09-15T14:54:22.3190399Z   duration_ms: 22.169625
2026-09-15T14:54:22.3190927Z   ...
2026-09-15T14:54:22.3191924Z # Subtest: invalid keyboard remaps reject before preference adoption or replacement storage writes
2026-09-15T14:54:22.3193524Z ok 547 - invalid keyboard remaps reject before preference adoption or replacement storage writes
2026-09-15T14:54:22.3194410Z   ---
2026-09-15T14:54:22.3194779Z   duration_ms: 17.629931
2026-09-15T14:54:22.3195190Z   ...
2026-09-15T14:54:22.3196345Z # Subtest: unchanged cloned keyboard settings preserve remote remaps while deliberate changes and default resets apply
2026-09-15T14:54:22.3198444Z ok 548 - unchanged cloned keyboard settings preserve remote remaps while deliberate changes and default resets apply
2026-09-15T14:54:22.3199482Z   ---
2026-09-15T14:54:22.3199884Z   duration_ms: 7.51967
2026-09-15T14:54:22.3200303Z   ...
2026-09-15T14:54:22.3201174Z # Subtest: campaign capacity overflow is typed and preserves existing completed records
2026-09-15T14:54:22.3202544Z ok 549 - campaign capacity overflow is typed and preserves existing completed records
2026-09-15T14:54:22.3203641Z   ---
2026-09-15T14:54:22.3204017Z   duration_ms: 69.965039
2026-09-15T14:54:22.3204450Z   ...
2026-09-15T14:54:22.3205183Z # Subtest: gallery capacity never silently drops old completed pictures
2026-09-15T14:54:22.3206277Z ok 550 - gallery capacity never silently drops old completed pictures
2026-09-15T14:54:22.3207251Z   ---
2026-09-15T14:54:22.3207631Z   duration_ms: 1222.599838
2026-09-15T14:54:22.3208074Z   ...
2026-09-15T14:54:22.3209009Z # Subtest: v1 migration retains original audio storage, generation, metadata and binary export
2026-09-15T14:54:22.3210693Z ok 551 - v1 migration retains original audio storage, generation, metadata and binary export
2026-09-15T14:54:22.3211584Z   ---
2026-09-15T14:54:22.3211968Z   duration_ms: 15.989222
2026-09-15T14:54:22.3212381Z   ...
2026-09-15T14:54:22.3213294Z # Subtest: a v1 connection closes on versionchange; upgraded reads work without copying files
2026-09-15T14:54:22.3214679Z ok 552 - a v1 connection closes on versionchange; upgraded reads work without copying files
2026-09-15T14:54:22.3215527Z   ---
2026-09-15T14:54:22.3215893Z   duration_ms: 1.50199
2026-09-15T14:54:22.3216293Z   ...
2026-09-15T14:54:22.3217489Z # Subtest: retained legacy adapter yields its connection and cannot write past the v2 authority
2026-09-15T14:54:22.3219119Z ok 553 - retained legacy adapter yields its connection and cannot write past the v2 authority
2026-09-15T14:54:22.3220045Z   ---
2026-09-15T14:54:22.3220432Z   duration_ms: 10.810388
2026-09-15T14:54:22.3220857Z   ...
2026-09-15T14:54:22.3221745Z # Subtest: blocked upgrade reports failure; closing the old tab allows a deliberate retry
2026-09-15T14:54:22.3223141Z ok 554 - blocked upgrade reports failure; closing the old tab allows a deliberate retry
2026-09-15T14:54:22.3223967Z   ---
2026-09-15T14:54:22.3224343Z   duration_ms: 4.456329
2026-09-15T14:54:22.3224749Z   ...
2026-09-15T14:54:22.3225585Z # Subtest: closing a manager before its upgrade callback preserves the legacy database
2026-09-15T14:54:22.3227199Z ok 555 - closing a manager before its upgrade callback preserves the legacy database
2026-09-15T14:54:22.3228035Z   ---
2026-09-15T14:54:22.3228414Z   duration_ms: 0.768743
2026-09-15T14:54:22.3228843Z   ...
2026-09-15T14:54:22.3229806Z # Subtest: unreadable legacy metadata fails closed and preserves its raw row and original file
2026-09-15T14:54:22.3231319Z ok 556 - unreadable legacy metadata fails closed and preserves its raw row and original file
2026-09-15T14:54:22.3232219Z   ---
2026-09-15T14:54:22.3232602Z   duration_ms: 2.01158
2026-09-15T14:54:22.3233025Z   ...
2026-09-15T14:54:22.3234010Z # Subtest: two connections cannot reserve the same free capacity; reservation accounting is shared
2026-09-15T14:54:22.3235498Z ok 557 - two connections cannot reserve the same free capacity; reservation accounting is shared
2026-09-15T14:54:22.3236358Z   ---
2026-09-15T14:54:22.3236720Z   duration_ms: 6.191384
2026-09-15T14:54:22.3237406Z   ...
2026-09-15T14:54:22.3238280Z # Subtest: active media reservation constrains P3 audio even with otherManagedBytes zero
2026-09-15T14:54:22.3239632Z ok 558 - active media reservation constrains P3 audio even with otherManagedBytes zero
2026-09-15T14:54:22.3240470Z   ---
2026-09-15T14:54:22.3240846Z   duration_ms: 5.559386
2026-09-15T14:54:22.3241256Z   ...
2026-09-15T14:54:22.3242265Z # Subtest: independent audio/media generations permit concurrent domain commits without lost content
2026-09-15T14:54:22.3243792Z ok 559 - independent audio/media generations permit concurrent domain commits without lost content
2026-09-15T14:54:22.3244684Z   ---
2026-09-15T14:54:22.3245060Z   duration_ms: 30.516047
2026-09-15T14:54:22.3245478Z   ...
2026-09-15T14:54:22.3246353Z # Subtest: physical same-hash file is shared across domains and survives removal from one domain
2026-09-15T14:54:22.3248089Z ok 560 - physical same-hash file is shared across domains and survives removal from one domain
2026-09-15T14:54:22.3249012Z   ---
2026-09-15T14:54:22.3249642Z   duration_ms: 15.165266
2026-09-15T14:54:22.3250055Z   ...
2026-09-15T14:54:22.3250933Z # Subtest: an unrelated media edit retains unreferenced legacy original bytes for recovery
2026-09-15T14:54:22.3252249Z ok 561 - an unrelated media edit retains unreferenced legacy original bytes for recovery
2026-09-15T14:54:22.3253064Z   ---
2026-09-15T14:54:22.3253460Z   duration_ms: 3.420127
2026-09-15T14:54:22.3253890Z   ...
2026-09-15T14:54:22.3256132Z # Subtest: corrupt shared original repairs in its existing physical store without duplicate blobs
2026-09-15T14:54:22.3258031Z ok 562 - corrupt shared original repairs in its existing physical store without duplicate blobs
2026-09-15T14:54:22.3258954Z   ---
2026-09-15T14:54:22.3259343Z   duration_ms: 11.948628
2026-09-15T14:54:22.3259770Z   ...
2026-09-15T14:54:22.3260707Z # Subtest: expired asynchronous writer cannot commit after a new reservation reclaims capacity
2026-09-15T14:54:22.3262204Z ok 563 - expired asynchronous writer cannot commit after a new reservation reclaims capacity
2026-09-15T14:54:22.3263115Z   ---
2026-09-15T14:54:22.3263479Z   duration_ms: 2.053479
2026-09-15T14:54:22.3263889Z   ...
2026-09-15T14:54:22.3264794Z # Subtest: renewal keeps a live reservation; released or copied handles cannot be committed
2026-09-15T14:54:22.3266405Z ok 564 - renewal keeps a live reservation; released or copied handles cannot be committed
2026-09-15T14:54:22.3267547Z   ---
2026-09-15T14:54:22.3267929Z   duration_ms: 2.316178
2026-09-15T14:54:22.3268345Z   ...
2026-09-15T14:54:22.3269084Z # Subtest: stale reservation generation does not overwrite newer media
2026-09-15T14:54:22.3270156Z ok 565 - stale reservation generation does not overwrite newer media
2026-09-15T14:54:22.3270876Z   ---
2026-09-15T14:54:22.3271251Z   duration_ms: 6.509427
2026-09-15T14:54:22.3271655Z   ...
2026-09-15T14:54:22.3272643Z # Subtest: early quota rejection releases an explicit reservation while preserving another operation
2026-09-15T14:54:22.3274236Z ok 566 - early quota rejection releases an explicit reservation while preserving another operation
2026-09-15T14:54:22.3275168Z   ---
2026-09-15T14:54:22.3275536Z   duration_ms: 5.724073
2026-09-15T14:54:22.3275952Z   ...
2026-09-15T14:54:22.3277047Z # Subtest: reservation caps and byte/metadata allowances fail before publishing media
2026-09-15T14:54:22.3278370Z ok 567 - reservation caps and byte/metadata allowances fail before publishing media
2026-09-15T14:54:22.3279150Z   ---
2026-09-15T14:54:22.3279509Z   duration_ms: 4.139839
2026-09-15T14:54:22.3279905Z   ...
2026-09-15T14:54:22.3280795Z # Subtest: native byte ownership, strict refs and actual digest prevent forged prepared media
2026-09-15T14:54:22.3282168Z ok 568 - native byte ownership, strict refs and actual digest prevent forged prepared media
2026-09-15T14:54:22.3283006Z   ---
2026-09-15T14:54:22.3283398Z   duration_ms: 6.770804
2026-09-15T14:54:22.3283840Z   ...
2026-09-15T14:54:22.3284817Z # Subtest: storage failure after media put rolls back data/metadata and releases only its reservation
2026-09-15T14:54:22.3286343Z ok 569 - storage failure after media put rolls back data/metadata and releases only its reservation
2026-09-15T14:54:22.3287755Z   ---
2026-09-15T14:54:22.3288141Z   duration_ms: 5.603187
2026-09-15T14:54:22.3288554Z   ...
2026-09-15T14:54:22.3289480Z # Subtest: quota failure in the reservation transaction leaves no phantom reserved capacity
2026-09-15T14:54:22.3290901Z ok 570 - quota failure in the reservation transaction leaves no phantom reserved capacity
2026-09-15T14:54:22.3291716Z   ---
2026-09-15T14:54:22.3292085Z   duration_ms: 0.799821
2026-09-15T14:54:22.3292504Z   ...
2026-09-15T14:54:22.3293429Z # Subtest: cancel during a media write rolls back, while cancellation after commit reports success
2026-09-15T14:54:22.3294860Z ok 571 - cancel during a media write rolls back, while cancellation after commit reports success
2026-09-15T14:54:22.3295761Z   ---
2026-09-15T14:54:22.3296142Z   duration_ms: 2.69232
2026-09-15T14:54:22.3296547Z   ...
2026-09-15T14:54:22.3297909Z # Subtest: closing an audio adapter does not close a host-owned shared manager
2026-09-15T14:54:22.3299084Z ok 572 - closing an audio adapter does not close a host-owned shared manager
2026-09-15T14:54:22.3299833Z   ---
2026-09-15T14:54:22.3300218Z   duration_ms: 1.181193
2026-09-15T14:54:22.3300618Z   ...
2026-09-15T14:54:22.3301489Z # Subtest: ordinary soundtrack access preserves v1 bytes without opting into migration
2026-09-15T14:54:22.3302853Z ok 573 - ordinary soundtrack access preserves v1 bytes without opting into migration
2026-09-15T14:54:22.3303669Z   ---
2026-09-15T14:54:22.3304043Z   duration_ms: 1.09437
2026-09-15T14:54:22.3304457Z   ...
2026-09-15T14:54:22.3305293Z # Subtest: v1 raw and storage envelopes migrate read-only into v2 with empty masteries
2026-09-15T14:54:22.3306605Z ok 574 - v1 raw and storage envelopes migrate read-only into v2 with empty masteries
2026-09-15T14:54:22.3307675Z   ---
2026-09-15T14:54:22.3308060Z   duration_ms: 17.472187
2026-09-15T14:54:22.3308477Z   ...
2026-09-15T14:54:22.3309355Z # Subtest: v1 cannot smuggle mastery fields and v2 must supply a valid exact collection
2026-09-15T14:54:22.3310665Z ok 575 - v1 cannot smuggle mastery fields and v2 must supply a valid exact collection
2026-09-15T14:54:22.3311459Z   ---
2026-09-15T14:54:22.3311845Z   duration_ms: 25.425105
2026-09-15T14:54:22.3312272Z   ...
2026-09-15T14:54:22.3313327Z # Subtest: metadata helper preserves ordinary awards and owns every returned record
2026-09-15T14:54:22.3314615Z ok 576 - metadata helper preserves ordinary awards and owns every returned record
2026-09-15T14:54:22.3315348Z   ---
2026-09-15T14:54:22.3315707Z   duration_ms: 7.778072
2026-09-15T14:54:22.3316102Z   ...
2026-09-15T14:54:22.3320840Z # Subtest: library union is idempotent and retains earliest records and changed definitions separately
2026-09-15T14:54:22.3322466Z ok 577 - library union is idempotent and retains earliest records and changed definitions separately
2026-09-15T14:54:22.3323371Z   ---
2026-09-15T14:54:22.3323745Z   duration_ms: 37.317278
2026-09-15T14:54:22.3324159Z   ...
2026-09-15T14:54:22.3325260Z # Subtest: concurrent saves union seals while preserving whole controller preferences and replacement generations
2026-09-15T14:54:22.3327308Z ok 578 - concurrent saves union seals while preserving whole controller preferences and replacement generations
2026-09-15T14:54:22.3328347Z   ---
2026-09-15T14:54:22.3328731Z   duration_ms: 25.674259
2026-09-15T14:54:22.3329154Z   ...
2026-09-15T14:54:22.3330040Z # Subtest: malformed or over-capacity metadata never changes the ordinary library or storage
2026-09-15T14:54:22.3331422Z ok 579 - malformed or over-capacity metadata never changes the ordinary library or storage
2026-09-15T14:54:22.3332267Z   ---
2026-09-15T14:54:22.3332634Z   duration_ms: 12.747237
2026-09-15T14:54:22.3333038Z   ...
2026-09-15T14:54:22.3334025Z # Subtest: the whole library byte limit still applies when individually valid collections are combined
2026-09-15T14:54:22.3335582Z ok 580 - the whole library byte limit still applies when individually valid collections are combined
2026-09-15T14:54:22.3336505Z   ---
2026-09-15T14:54:22.3337182Z   duration_ms: 13301.614161
2026-09-15T14:54:22.3337642Z   ...
2026-09-15T14:54:22.3338652Z # Subtest: full backups migrate old libraries and preserve v2 records, packs and live-cut checkpoints
2026-09-15T14:54:22.3340494Z ok 581 - full backups migrate old libraries and preserve v2 records, packs and live-cut checkpoints
2026-09-15T14:54:22.3341388Z   ---
2026-09-15T14:54:22.3341759Z   duration_ms: 260.423726
2026-09-15T14:54:22.3342171Z   ...
2026-09-15T14:54:22.3343404Z # Subtest: complete backup import and Undo replace seals through guarded generations; failed import restores exact old bytes
2026-09-15T14:54:22.3345346Z ok 582 - complete backup import and Undo replace seals through guarded generations; failed import restores exact old bytes
2026-09-15T14:54:22.3346504Z   ---
2026-09-15T14:54:22.3347199Z   duration_ms: 95.28488
2026-09-15T14:54:22.3347633Z   ...
2026-09-15T14:54:22.3349364Z # Subtest: source-locked transfer migrates earlier v1 and carries v2 records without modifying source storage
2026-09-15T14:54:22.3351452Z ok 583 - source-locked transfer migrates earlier v1 and carries v2 records without modifying source storage
2026-09-15T14:54:22.3353147Z   ---
2026-09-15T14:54:22.3353831Z   duration_ms: 109.007592
2026-09-15T14:54:22.3354560Z   ...
2026-09-15T14:54:22.3355980Z # Subtest: v0.7 Steady baseline has pinned archive provenance and independent bounded golden data
2026-09-15T14:54:22.3357733Z ok 584 - v0.7 Steady baseline has pinned archive provenance and independent bounded golden data
2026-09-15T14:54:22.3358629Z   ---
2026-09-15T14:54:22.3359020Z   duration_ms: 8.118918
2026-09-15T14:54:22.3359453Z   ...
2026-09-15T14:54:22.3360283Z # Subtest: Steady definition and shipped campaign retain the exact v0.7 identities
2026-09-15T14:54:22.3361569Z ok 585 - Steady definition and shipped campaign retain the exact v0.7 identities
2026-09-15T14:54:22.3362343Z   ---
2026-09-15T14:54:22.3362712Z   duration_ms: 56.927987
2026-09-15T14:54:22.3363134Z   ...
2026-09-15T14:54:22.3364233Z # Subtest: homeward-01/immediate/specialty/fiber: old replay result and complete Steady preview remain exact
2026-09-15T14:54:22.3374709Z ok 586 - homeward-01/immediate/specialty/fiber: old replay result and complete Steady preview remain exact
2026-09-15T14:54:22.3375680Z   ---
2026-09-15T14:54:22.3376044Z   duration_ms: 599.373368
2026-09-15T14:54:22.3376451Z   ...
2026-09-15T14:54:22.3377797Z # Subtest: homeward-01/immediate/specialty/fiber: qualified or unqualified wrapper result and record remain exact
2026-09-15T14:54:22.3379623Z ok 587 - homeward-01/immediate/specialty/fiber: qualified or unqualified wrapper result and record remain exact
2026-09-15T14:54:22.3380642Z   ---
2026-09-15T14:54:22.3381022Z   duration_ms: 348.555124
2026-09-15T14:54:22.3381452Z   ...
2026-09-15T14:54:22.3382557Z # Subtest: homeward-01/immediate/specialty/fiber: restored open cut, resave and continuation match the old runtime
2026-09-15T14:54:22.3384356Z ok 588 - homeward-01/immediate/specialty/fiber: restored open cut, resave and continuation match the old runtime
2026-09-15T14:54:22.3385329Z   ---
2026-09-15T14:54:22.3385679Z   duration_ms: 236.375909
2026-09-15T14:54:22.3386119Z   ...
2026-09-15T14:54:22.3387554Z # Subtest: homeward-01/immediate/fallback/interceptor: old replay result and complete Steady preview remain exact
2026-09-15T14:54:22.3389371Z ok 589 - homeward-01/immediate/fallback/interceptor: old replay result and complete Steady preview remain exact
2026-09-15T14:54:22.3390357Z   ---
2026-09-15T14:54:22.3390709Z   duration_ms: 1098.937576
2026-09-15T14:54:22.3391142Z   ...
2026-09-15T14:54:22.3392303Z # Subtest: homeward-01/immediate/fallback/interceptor: qualified or unqualified wrapper result and record remain exact
2026-09-15T14:54:22.3394128Z ok 590 - homeward-01/immediate/fallback/interceptor: qualified or unqualified wrapper result and record remain exact
2026-09-15T14:54:22.3395143Z   ---
2026-09-15T14:54:22.3395510Z   duration_ms: 836.701874
2026-09-15T14:54:22.3395923Z   ...
2026-09-15T14:54:22.3419567Z # Subtest: homeward-01/grid-center/specialty/fiber: old replay result and complete Steady preview remain exact
2026-09-15T14:54:22.3421409Z ok 591 - homeward-01/grid-center/specialty/fiber: old replay result and complete Steady preview remain exact
2026-09-15T14:54:22.3422397Z   ---
2026-09-15T14:54:22.3422774Z   duration_ms: 212.796956
2026-09-15T14:54:22.3423171Z   ...
2026-09-15T14:54:22.3424330Z # Subtest: homeward-01/grid-center/specialty/fiber: qualified or unqualified wrapper result and record remain exact
2026-09-15T14:54:22.3426156Z ok 592 - homeward-01/grid-center/specialty/fiber: qualified or unqualified wrapper result and record remain exact
2026-09-15T14:54:22.3427473Z   ---
2026-09-15T14:54:22.3428129Z   duration_ms: 155.340701
2026-09-15T14:54:22.3428597Z   ...
2026-09-15T14:54:22.3429745Z # Subtest: homeward-01/grid-center/specialty/fiber: restored open cut, resave and continuation match the old runtime
2026-09-15T14:54:22.3431863Z ok 593 - homeward-01/grid-center/specialty/fiber: restored open cut, resave and continuation match the old runtime
2026-09-15T14:54:22.3432880Z   ---
2026-09-15T14:54:22.3433266Z   duration_ms: 122.619533
2026-09-15T14:54:22.3433689Z   ...
2026-09-15T14:54:22.3434830Z # Subtest: homeward-01/grid-center/fallback/interceptor: old replay result and complete Steady preview remain exact
2026-09-15T14:54:22.3436672Z ok 594 - homeward-01/grid-center/fallback/interceptor: old replay result and complete Steady preview remain exact
2026-09-15T14:54:22.3438091Z   ---
2026-09-15T14:54:22.3438479Z   duration_ms: 754.736316
2026-09-15T14:54:22.3438922Z   ...
2026-09-15T14:54:22.3440106Z # Subtest: homeward-01/grid-center/fallback/interceptor: qualified or unqualified wrapper result and record remain exact
2026-09-15T14:54:22.3442525Z ok 595 - homeward-01/grid-center/fallback/interceptor: qualified or unqualified wrapper result and record remain exact
2026-09-15T14:54:22.3444053Z   ---
2026-09-15T14:54:22.3444442Z   duration_ms: 477.567835
2026-09-15T14:54:22.3444864Z   ...
2026-09-15T14:54:22.3445806Z # Subtest: v0.7 opaque future-hash metadata remains portable and archived without becoming proof
2026-09-15T14:54:22.3447742Z ok 596 - v0.7 opaque future-hash metadata remains portable and archived without becoming proof
2026-09-15T14:54:22.3448610Z   ---
2026-09-15T14:54:22.3449045Z   duration_ms: 8.213532
2026-09-15T14:54:22.3449452Z   ...
2026-09-15T14:54:22.3450413Z # Subtest: fresh generic-only restore retains exact IDs/originals across reopen with no image claim
2026-09-15T14:54:22.3451903Z ok 597 - fresh generic-only restore retains exact IDs/originals across reopen with no image claim
2026-09-15T14:54:22.3452720Z   ---
2026-09-15T14:54:22.3453054Z   duration_ms: 47.996721
2026-09-15T14:54:22.3453480Z   ...
2026-09-15T14:54:22.3454530Z # Subtest: shared audio hashes reuse physical bytes and stay retained after audio relinquishes them
2026-09-15T14:54:22.3456061Z ok 598 - shared audio hashes reuse physical bytes and stay retained after audio relinquishes them
2026-09-15T14:54:22.3457354Z   ---
2026-09-15T14:54:22.3457749Z   duration_ms: 28.224065
2026-09-15T14:54:22.3458191Z   ...
2026-09-15T14:54:22.3459613Z # Subtest: imports union IDs and explicit assignment Undo cannot delete retained generic originals
2026-09-15T14:54:22.3461194Z ok 599 - imports union IDs and explicit assignment Undo cannot delete retained generic originals
2026-09-15T14:54:22.3462109Z   ---
2026-09-15T14:54:22.3462475Z   duration_ms: 26.679397
2026-09-15T14:54:22.3462895Z   ...
2026-09-15T14:54:22.3463674Z # Subtest: generic ID collision refuses before any target-domain writes
2026-09-15T14:54:22.3464763Z ok 600 - generic ID collision refuses before any target-domain writes
2026-09-15T14:54:22.3465463Z   ---
2026-09-15T14:54:22.3465847Z   duration_ms: 8.257581
2026-09-15T14:54:22.3466258Z   ...
2026-09-15T14:54:22.3467571Z # Subtest: foreign preparations cannot remove/change current generic refs even with the correct generation
2026-09-15T14:54:22.3469669Z ok 601 - foreign preparations cannot remove/change current generic refs even with the correct generation
2026-09-15T14:54:22.3470925Z   ---
2026-09-15T14:54:22.3471309Z   duration_ms: 16.496855
2026-09-15T14:54:22.3471732Z   ...
2026-09-15T14:54:22.3472543Z # Subtest: a rich generic-only record still refuses a low-level generic downgrade
2026-09-15T14:54:22.3473725Z ok 602 - a rich generic-only record still refuses a low-level generic downgrade
2026-09-15T14:54:22.3474511Z   ---
2026-09-15T14:54:22.3474891Z   duration_ms: 4.961479
2026-09-15T14:54:22.3475322Z   ...
2026-09-15T14:54:22.3476247Z # Subtest: stale generic review cannot replace a concurrent addition; fresh review retains both
2026-09-15T14:54:22.3477901Z ok 603 - stale generic review cannot replace a concurrent addition; fresh review retains both
2026-09-15T14:54:22.3478703Z   ---
2026-09-15T14:54:22.3479045Z   duration_ms: 15.23963
2026-09-15T14:54:22.3479433Z   ...
2026-09-15T14:54:22.3480529Z # Subtest: generic union exceeding the existing 512-reference cap refuses before mutation
2026-09-15T14:54:22.3481852Z ok 604 - generic union exceeding the existing 512-reference cap refuses before mutation
2026-09-15T14:54:22.3482654Z   ---
2026-09-15T14:54:22.3483031Z   duration_ms: 279.581927
2026-09-15T14:54:22.3483512Z   ...
2026-09-15T14:54:22.3484410Z # Subtest: generic corrupt/missing originals never produce a verified portable import
2026-09-15T14:54:22.3485763Z ok 605 - generic corrupt/missing originals never produce a verified portable import
2026-09-15T14:54:22.3486558Z   ---
2026-09-15T14:54:22.3487354Z   duration_ms: 4.872113
2026-09-15T14:54:22.3487804Z   ...
2026-09-15T14:54:22.3488850Z # Subtest: generic quota refusal and in-transaction cancellation preserve originals and release staging
2026-09-15T14:54:22.3490502Z ok 606 - generic quota refusal and in-transaction cancellation preserve originals and release staging
2026-09-15T14:54:22.3491535Z   ---
2026-09-15T14:54:22.3491891Z   duration_ms: 17.154528
2026-09-15T14:54:22.3492345Z   ...
2026-09-15T14:54:22.3493297Z # Subtest: retained unexplained originals count against the existing physical inventory cap
2026-09-15T14:54:22.3494643Z ok 607 - retained unexplained originals count against the existing physical inventory cap
2026-09-15T14:54:22.3495613Z   ---
2026-09-15T14:54:22.3497961Z   duration_ms: 880.527175
2026-09-15T14:54:22.3499729Z   ...
2026-09-15T14:54:22.3502457Z # Subtest: v1→v3 keeps exact MP3, metadata/generation and .rlsound roundtrip without copying rows
2026-09-15T14:54:22.3504141Z ok 608 - v1→v3 keeps exact MP3, metadata/generation and .rlsound roundtrip without copying rows
2026-09-15T14:54:22.3505018Z   ---
2026-09-15T14:54:22.3505406Z   duration_ms: 244.475593
2026-09-15T14:54:22.3505846Z   ...
2026-09-15T14:54:22.3507424Z # Subtest: v2→v3 preserves generic references, unexplained originals and shared audio bytes through rich adoption
2026-09-15T14:54:22.3509415Z ok 609 - v2→v3 preserves generic references, unexplained originals and shared audio bytes through rich adoption
2026-09-15T14:54:22.3510477Z   ---
2026-09-15T14:54:22.3510855Z   duration_ms: 240.063515
2026-09-15T14:54:22.3511266Z   ...
2026-09-15T14:54:22.3512308Z # Subtest: restart hydrates exact removed-pack history and both difficulty identities without installation
2026-09-15T14:54:22.3513996Z ok 610 - restart hydrates exact removed-pack history and both difficulty identities without installation
2026-09-15T14:54:22.3514905Z   ---
2026-09-15T14:54:22.3515286Z   duration_ms: 638.622409
2026-09-15T14:54:22.3515726Z   ...
2026-09-15T14:54:22.3516713Z # Subtest: real owner map/roster identities and strict bounds reject forged history without writes
2026-09-15T14:54:22.3518501Z ok 611 - real owner map/roster identities and strict bounds reject forged history without writes
2026-09-15T14:54:22.3519387Z   ---
2026-09-15T14:54:22.3519764Z   duration_ms: 159.641599
2026-09-15T14:54:22.3520197Z   ...
2026-09-15T14:54:22.3521021Z # Subtest: every original is required; altered bytes/header facts reject before commit
2026-09-15T14:54:22.3522311Z ok 612 - every original is required; altered bytes/header facts reject before commit
2026-09-15T14:54:22.3523088Z   ---
2026-09-15T14:54:22.3523478Z   duration_ms: 173.605072
2026-09-15T14:54:22.3523917Z   ...
2026-09-15T14:54:22.3525044Z # Subtest: a v3 manager refuses generic downgrade and checks immutable current history despite foreign preparation
2026-09-15T14:54:22.3527627Z ok 613 - a v3 manager refuses generic downgrade and checks immutable current history despite foreign preparation
2026-09-15T14:54:22.3540183Z   ---
2026-09-15T14:54:22.3540558Z   duration_ms: 228.03848
2026-09-15T14:54:22.3540997Z   ...
2026-09-15T14:54:22.3541955Z # Subtest: v1/v2 open tabs block upgrades safely; close and deliberate retry preserves old data
2026-09-15T14:54:22.3543384Z ok 614 - v1/v2 open tabs block upgrades safely; close and deliberate retry preserves old data
2026-09-15T14:54:22.3544226Z   ---
2026-09-15T14:54:22.3544602Z   duration_ms: 6.718435
2026-09-15T14:54:22.3545284Z   ...
2026-09-15T14:54:22.3546092Z # Subtest: cancel or close before upgrade cannot later commit a v3 schema change
2026-09-15T14:54:22.3547555Z ok 615 - cancel or close before upgrade cannot later commit a v3 schema change
2026-09-15T14:54:22.3548294Z   ---
2026-09-15T14:54:22.3548646Z   duration_ms: 2.806231
2026-09-15T14:54:22.3549135Z   ...
2026-09-15T14:54:22.3550107Z # Subtest: old version readers cannot read or write v3; adapters require the explicit shared manager
2026-09-15T14:54:22.3551564Z ok 616 - old version readers cannot read or write v3; adapters require the explicit shared manager
2026-09-15T14:54:22.3552460Z   ---
2026-09-15T14:54:22.3552845Z   duration_ms: 3.925648
2026-09-15T14:54:22.3553262Z   ...
2026-09-15T14:54:22.3554052Z # Subtest: a cancelled old opening cannot clear the newer successful connection
2026-09-15T14:54:22.3555216Z ok 617 - a cancelled old opening cannot clear the newer successful connection
2026-09-15T14:54:22.3555962Z   ---
2026-09-15T14:54:22.3556321Z   duration_ms: 1.583232
2026-09-15T14:54:22.3556732Z   ...
2026-09-15T14:54:22.3557797Z # Subtest: historical owner snapshots share the existing total metadata budget
2026-09-15T14:54:22.3560403Z ok 618 - historical owner snapshots share the existing total metadata budget
2026-09-15T14:54:22.3560903Z   ---
2026-09-15T14:54:22.3561316Z   duration_ms: 305.543409
2026-09-15T14:54:22.3561559Z   ...
2026-09-15T14:54:22.3562060Z # Subtest: concurrent v3 domains share capacity and CAS; a stale writer cannot rewrite newer media
2026-09-15T14:54:22.3562821Z ok 619 - concurrent v3 domains share capacity and CAS; a stale writer cannot rewrite newer media
2026-09-15T14:54:22.3563271Z   ---
2026-09-15T14:54:22.3563472Z   duration_ms: 384.539686
2026-09-15T14:54:22.3563700Z   ...
2026-09-15T14:54:22.3564221Z # Subtest: reported quota refusal and expired leases preserve bytes and release only their own reservation
2026-09-15T14:54:22.3565020Z ok 620 - reported quota refusal and expired leases preserve bytes and release only their own reservation
2026-09-15T14:54:22.3565506Z   ---
2026-09-15T14:54:22.3565704Z   duration_ms: 355.173032
2026-09-15T14:54:22.3565922Z   ...
2026-09-15T14:54:22.3566477Z # Subtest: abort during rich transaction rolls back original+metadata; cancellation after commit stays success
2026-09-15T14:54:22.3567707Z ok 621 - abort during rich transaction rolls back original+metadata; cancellation after commit stays success
2026-09-15T14:54:22.3568197Z   ---
2026-09-15T14:54:22.3568414Z   duration_ms: 343.997699
2026-09-15T14:54:22.3568634Z   ...
2026-09-15T14:54:22.3569054Z # Subtest: write failure after Blob staging is atomic and preserves original audio
2026-09-15T14:54:22.3569689Z ok 622 - write failure after Blob staging is atomic and preserves original audio
2026-09-15T14:54:22.3570079Z   ---
2026-09-15T14:54:22.3570275Z   duration_ms: 48.587646
2026-09-15T14:54:22.3570497Z   ...
2026-09-15T14:54:22.3570943Z # Subtest: delayed decoder cancellation and store disposal never publish prepared state
2026-09-15T14:54:22.3571627Z ok 623 - delayed decoder cancellation and store disposal never publish prepared state
2026-09-15T14:54:22.3572040Z   ---
2026-09-15T14:54:22.3572241Z   duration_ms: 67.475252
2026-09-15T14:54:22.3572460Z   ...
2026-09-15T14:54:22.3572913Z # Subtest: corrupt or missing persisted image fails read without rewriting metadata or audio
2026-09-15T14:54:22.3573613Z ok 624 - corrupt or missing persisted image fails read without rewriting metadata or audio
2026-09-15T14:54:22.3574036Z   ---
2026-09-15T14:54:22.3574227Z   duration_ms: 151.246902
2026-09-15T14:54:22.3574450Z   ...
2026-09-15T14:54:22.3574989Z # Subtest: mission thumbnails use the first-earned pin and seed despite a newer assignment and best-score row
2026-09-15T14:54:22.3575967Z ok 625 - mission thumbnails use the first-earned pin and seed despite a newer assignment and best-score row
2026-09-15T14:54:22.3576464Z   ---
2026-09-15T14:54:22.3576663Z   duration_ms: 588.818123
2026-09-15T14:54:22.3607359Z   ...
2026-09-15T14:54:22.3608761Z # Subtest: missing earned originals stay unavailable and never fall back to the current authored picture
2026-09-15T14:54:22.3610421Z ok 626 - missing earned originals stay unavailable and never fall back to the current authored picture
2026-09-15T14:54:22.3611384Z   ---
2026-09-15T14:54:22.3611773Z   duration_ms: 197.03683
2026-09-15T14:54:22.3612226Z   ...
2026-09-15T14:54:22.3613305Z # Subtest: changing mission/world while acquisition is pending releases late art without changing either tile
2026-09-15T14:54:22.3614929Z ok 627 - changing mission/world while acquisition is pending releases late art without changing either tile
2026-09-15T14:54:22.3615919Z   ---
2026-09-15T14:54:22.3616302Z   duration_ms: 197.673667
2026-09-15T14:54:22.3616710Z   ...
2026-09-15T14:54:22.3617874Z # Subtest: an aborted original acquisition clears activity from all pending mission tiles
2026-09-15T14:54:22.3619206Z ok 628 - an aborted original acquisition clears activity from all pending mission tiles
2026-09-15T14:54:22.3620005Z   ---
2026-09-15T14:54:22.3620359Z   duration_ms: 193.296829
2026-09-15T14:54:22.3620758Z   ...
2026-09-15T14:54:22.3621794Z # Subtest: unearned missions never read originals and old receipt-free gallery rows retain installed legacy art
2026-09-15T14:54:22.3623675Z ok 629 - unearned missions never read originals and old receipt-free gallery rows retain installed legacy art
2026-09-15T14:54:22.3624625Z   ---
2026-09-15T14:54:22.3624987Z   duration_ms: 193.662549
2026-09-15T14:54:22.3625422Z   ...
2026-09-15T14:54:22.3626498Z # Subtest: an existing mission tile refreshes its exact image without replacing the focusable mission button
2026-09-15T14:54:22.3628449Z ok 630 - an existing mission tile refreshes its exact image without replacing the focusable mission button
2026-09-15T14:54:22.3629405Z   ---
2026-09-15T14:54:22.3629756Z   duration_ms: 3.469487
2026-09-15T14:54:22.3630158Z   ...
2026-09-15T14:54:22.3631058Z # Subtest: identical simultaneous clears draw without iteration-order advantage: immediate
2026-09-15T14:54:22.3632496Z ok 631 - identical simultaneous clears draw without iteration-order advantage: immediate
2026-09-15T14:54:22.3633337Z   ---
2026-09-15T14:54:22.3633718Z   duration_ms: 51.298709
2026-09-15T14:54:22.3634137Z   ...
2026-09-15T14:54:22.3635046Z # Subtest: identical simultaneous clears draw without iteration-order advantage: grid-center
2026-09-15T14:54:22.3636444Z ok 632 - identical simultaneous clears draw without iteration-order advantage: grid-center
2026-09-15T14:54:22.3637571Z   ---
2026-09-15T14:54:22.3637937Z   duration_ms: 45.17825
2026-09-15T14:54:22.3638352Z   ...
2026-09-15T14:54:22.3638963Z # Subtest: first clear wins and terminal match does not advance
2026-09-15T14:54:22.3639932Z ok 633 - first clear wins and terminal match does not advance
2026-09-15T14:54:22.3640588Z   ---
2026-09-15T14:54:22.3640966Z   duration_ms: 44.038255
2026-09-15T14:54:22.3641390Z   ...
2026-09-15T14:54:22.3642046Z # Subtest: pause freezes both boards and resume releases input
2026-09-15T14:54:22.3642980Z ok 634 - pause freezes both boards and resume releases input
2026-09-15T14:54:22.3643584Z   ---
2026-09-15T14:54:22.3643927Z   duration_ms: 25.079975
2026-09-15T14:54:22.3644327Z   ...
2026-09-15T14:54:22.3644882Z # Subtest: time limit ends tied idle boards fairly
2026-09-15T14:54:22.3645666Z ok 635 - time limit ends tied idle boards fairly
2026-09-15T14:54:22.3646205Z   ---
2026-09-15T14:54:22.3646567Z   duration_ms: 54.769907
2026-09-15T14:54:22.3647236Z   ...
2026-09-15T14:54:22.3648162Z # Subtest: future transport boundary rejects duplicate/out-of-order input and injected game state
2026-09-15T14:54:22.3649693Z ok 636 - future transport boundary rejects duplicate/out-of-order input and injected game state
2026-09-15T14:54:22.3650573Z   ---
2026-09-15T14:54:22.3650932Z   duration_ms: 0.634844
2026-09-15T14:54:22.3651348Z   ...
2026-09-15T14:54:22.3651992Z # Subtest: invalid second command leaves both boards untouched
2026-09-15T14:54:22.3652899Z ok 637 - invalid second command leaves both boards untouched
2026-09-15T14:54:22.3653763Z   ---
2026-09-15T14:54:22.3654146Z   duration_ms: 11.651993
2026-09-15T14:54:22.3654561Z   ...
2026-09-15T14:54:22.3655428Z # Subtest: a newer operation retains its status when an older completion or finally arrives
2026-09-15T14:54:22.3656731Z ok 638 - a newer operation retains its status when an older completion or finally arrives
2026-09-15T14:54:22.3657864Z   ---
2026-09-15T14:54:22.3658209Z   duration_ms: 2.495173
2026-09-15T14:54:22.3658593Z   ...
2026-09-15T14:54:22.3659380Z # Subtest: closing a host, cancelling a lease and disposal fence late status updates
2026-09-15T14:54:22.3660561Z ok 639 - closing a host, cancelling a lease and disposal fence late status updates
2026-09-15T14:54:22.3661266Z   ---
2026-09-15T14:54:22.3661606Z   duration_ms: 1.28711
2026-09-15T14:54:22.3661971Z   ...
2026-09-15T14:54:22.3662844Z # Subtest: detached observation can reconcile an actual save, but cannot overwrite a newer task
2026-09-15T14:54:22.3664225Z ok 640 - detached observation can reconcile an actual save, but cannot overwrite a newer task
2026-09-15T14:54:22.3665065Z   ---
2026-09-15T14:54:22.3665407Z   duration_ms: 0.421746
2026-09-15T14:54:22.3665790Z   ...
2026-09-15T14:54:22.3666616Z # Subtest: measured progress is accessible without repeating the live phase announcement
2026-09-15T14:54:22.3668458Z ok 641 - measured progress is accessible without repeating the live phase announcement
2026-09-15T14:54:22.3669278Z   ---
2026-09-15T14:54:22.3669631Z   duration_ms: 1.331112
2026-09-15T14:54:22.3670018Z   ...
2026-09-15T14:54:22.3670815Z # Subtest: the immutable Homeward proof and twelve v0.8 result digests remain pinned
2026-09-15T14:54:22.3672046Z ok 642 - the immutable Homeward proof and twelve v0.8 result digests remain pinned
2026-09-15T14:54:22.3672791Z   ---
2026-09-15T14:54:22.3673140Z   duration_ms: 6.83316
2026-09-15T14:54:22.3673521Z   ...
2026-09-15T14:54:22.3674438Z # Subtest: prepared v2 registrations are owned sidecars and preserve explicit mixed member formats
2026-09-15T14:54:22.3675911Z ok 643 - prepared v2 registrations are owned sidecars and preserve explicit mixed member formats
2026-09-15T14:54:22.3677073Z   ---
2026-09-15T14:54:22.3677470Z   duration_ms: 67.827575
2026-09-15T14:54:22.3677888Z   ...
2026-09-15T14:54:22.3679030Z # Subtest: homeward-01/immediate/specialty/fiber: prepared declaration preserves the complete frozen v0.8 result
2026-09-15T14:54:22.3680839Z ok 644 - homeward-01/immediate/specialty/fiber: prepared declaration preserves the complete frozen v0.8 result
2026-09-15T14:54:22.3681837Z   ---
2026-09-15T14:54:22.3682218Z   duration_ms: 633.785604
2026-09-15T14:54:22.3682647Z   ...
2026-09-15T14:54:22.3683804Z # Subtest: homeward-01/immediate/fallback/interceptor: prepared declaration preserves the complete frozen v0.8 result
2026-09-15T14:54:22.3685725Z ok 645 - homeward-01/immediate/fallback/interceptor: prepared declaration preserves the complete frozen v0.8 result
2026-09-15T14:54:22.3687158Z   ---
2026-09-15T14:54:22.3712473Z   duration_ms: 1529.596423
2026-09-15T14:54:22.3712914Z   ...
2026-09-15T14:54:22.3714025Z # Subtest: homeward-01/grid-center/specialty/fiber: prepared declaration preserves the complete frozen v0.8 result
2026-09-15T14:54:22.3715784Z ok 646 - homeward-01/grid-center/specialty/fiber: prepared declaration preserves the complete frozen v0.8 result
2026-09-15T14:54:22.3716734Z   ---
2026-09-15T14:54:22.3717339Z   duration_ms: 467.934591
2026-09-15T14:54:22.3717732Z   ...
2026-09-15T14:54:22.3718824Z # Subtest: homeward-01/grid-center/fallback/interceptor: prepared declaration preserves the complete frozen v0.8 result
2026-09-15T14:54:22.3720628Z ok 647 - homeward-01/grid-center/fallback/interceptor: prepared declaration preserves the complete frozen v0.8 result
2026-09-15T14:54:22.3721628Z   ---
2026-09-15T14:54:22.3721972Z   duration_ms: 1605.736782
2026-09-15T14:54:22.3722393Z   ...
2026-09-15T14:54:22.3723462Z # Subtest: homeward-02/immediate/specialty/bomber: prepared declaration preserves the complete frozen v0.8 result
2026-09-15T14:54:22.3725456Z ok 648 - homeward-02/immediate/specialty/bomber: prepared declaration preserves the complete frozen v0.8 result
2026-09-15T14:54:22.3726442Z   ---
2026-09-15T14:54:22.3727085Z   duration_ms: 885.984119
2026-09-15T14:54:22.3727549Z   ...
2026-09-15T14:54:22.3728753Z # Subtest: homeward-02/immediate/fallback/interceptor: prepared declaration preserves the complete frozen v0.8 result
2026-09-15T14:54:22.3730584Z ok 649 - homeward-02/immediate/fallback/interceptor: prepared declaration preserves the complete frozen v0.8 result
2026-09-15T14:54:22.3731788Z   ---
2026-09-15T14:54:22.3732537Z   duration_ms: 1101.143741
2026-09-15T14:54:22.3732987Z   ...
2026-09-15T14:54:22.3734147Z # Subtest: homeward-02/grid-center/specialty/bomber: prepared declaration preserves the complete frozen v0.8 result
2026-09-15T14:54:22.3735962Z ok 650 - homeward-02/grid-center/specialty/bomber: prepared declaration preserves the complete frozen v0.8 result
2026-09-15T14:54:22.3737257Z   ---
2026-09-15T14:54:22.3737639Z   duration_ms: 992.181959
2026-09-15T14:54:22.3738072Z   ...
2026-09-15T14:54:22.3739213Z # Subtest: homeward-02/grid-center/fallback/interceptor: prepared declaration preserves the complete frozen v0.8 result
2026-09-15T14:54:22.3741266Z ok 651 - homeward-02/grid-center/fallback/interceptor: prepared declaration preserves the complete frozen v0.8 result
2026-09-15T14:54:22.3742309Z   ---
2026-09-15T14:54:22.3742675Z   duration_ms: 1205.931398
2026-09-15T14:54:22.3743097Z   ...
2026-09-15T14:54:22.3744178Z # Subtest: homeward-03/immediate/specialty/impact: prepared declaration preserves the complete frozen v0.8 result
2026-09-15T14:54:22.3745981Z ok 652 - homeward-03/immediate/specialty/impact: prepared declaration preserves the complete frozen v0.8 result
2026-09-15T14:54:22.3747220Z   ---
2026-09-15T14:54:22.3747565Z   duration_ms: 803.180417
2026-09-15T14:54:22.3747961Z   ...
2026-09-15T14:54:22.3749120Z # Subtest: homeward-03/immediate/fallback/interceptor: prepared declaration preserves the complete frozen v0.8 result
2026-09-15T14:54:22.3750941Z ok 653 - homeward-03/immediate/fallback/interceptor: prepared declaration preserves the complete frozen v0.8 result
2026-09-15T14:54:22.3751954Z   ---
2026-09-15T14:54:22.3752303Z   duration_ms: 544.237853
2026-09-15T14:54:22.3752702Z   ...
2026-09-15T14:54:22.3753791Z # Subtest: homeward-03/grid-center/specialty/impact: prepared declaration preserves the complete frozen v0.8 result
2026-09-15T14:54:22.3755530Z ok 654 - homeward-03/grid-center/specialty/impact: prepared declaration preserves the complete frozen v0.8 result
2026-09-15T14:54:22.3756545Z   ---
2026-09-15T14:54:22.3757144Z   duration_ms: 817.405403
2026-09-15T14:54:22.3757563Z   ...
2026-09-15T14:54:22.3758710Z # Subtest: homeward-03/grid-center/fallback/interceptor: prepared declaration preserves the complete frozen v0.8 result
2026-09-15T14:54:22.3760498Z ok 655 - homeward-03/grid-center/fallback/interceptor: prepared declaration preserves the complete frozen v0.8 result
2026-09-15T14:54:22.3761509Z   ---
2026-09-15T14:54:22.3761858Z   duration_ms: 575.264995
2026-09-15T14:54:22.3762256Z   ...
2026-09-15T14:54:22.3763101Z # Subtest: homeward-02/immediate: pack declarations do not qualify omitted-action controls
2026-09-15T14:54:22.3764423Z ok 656 - homeward-02/immediate: pack declarations do not qualify omitted-action controls
2026-09-15T14:54:22.3765222Z   ---
2026-09-15T14:54:22.3765568Z   duration_ms: 519.860611
2026-09-15T14:54:22.3765963Z   ...
2026-09-15T14:54:22.3767069Z # Subtest: homeward-02/grid-center: pack declarations do not qualify omitted-action controls
2026-09-15T14:54:22.3768448Z ok 657 - homeward-02/grid-center: pack declarations do not qualify omitted-action controls
2026-09-15T14:54:22.3769256Z   ---
2026-09-15T14:54:22.3769600Z   duration_ms: 508.499047
2026-09-15T14:54:22.3770007Z   ...
2026-09-15T14:54:22.3770868Z # Subtest: homeward-03/immediate: pack declarations do not qualify omitted-action controls
2026-09-15T14:54:22.3772209Z ok 658 - homeward-03/immediate: pack declarations do not qualify omitted-action controls
2026-09-15T14:54:22.3773246Z   ---
2026-09-15T14:54:22.3773603Z   duration_ms: 460.155584
2026-09-15T14:54:22.3774007Z   ...
2026-09-15T14:54:22.3774888Z # Subtest: homeward-03/grid-center: pack declarations do not qualify omitted-action controls
2026-09-15T14:54:22.3776356Z ok 659 - homeward-03/grid-center: pack declarations do not qualify omitted-action controls
2026-09-15T14:54:22.3777406Z   ---
2026-09-15T14:54:22.3777760Z   duration_ms: 490.329644
2026-09-15T14:54:22.3778170Z   ...
2026-09-15T14:54:22.3805503Z # Subtest: mixed full backup preserves earned metadata and live equipment progress (immediate)
2026-09-15T14:54:22.3807157Z ok 660 - mixed full backup preserves earned metadata and live equipment progress (immediate)
2026-09-15T14:54:22.3808010Z   ---
2026-09-15T14:54:22.3808400Z   duration_ms: 2049.912522
2026-09-15T14:54:22.3808838Z   ...
2026-09-15T14:54:22.3809786Z # Subtest: mixed full backup preserves earned metadata and live equipment progress (grid-center)
2026-09-15T14:54:22.3811265Z ok 661 - mixed full backup preserves earned metadata and live equipment progress (grid-center)
2026-09-15T14:54:22.3812122Z   ---
2026-09-15T14:54:22.3812480Z   duration_ms: 1612.647861
2026-09-15T14:54:22.3812900Z   ...
2026-09-15T14:54:22.3814225Z # Subtest: goal replacement, explicit removal and exact reinstall preserve historical records and current labels
2026-09-15T14:54:22.3816039Z ok 662 - goal replacement, explicit removal and exact reinstall preserve historical records and current labels
2026-09-15T14:54:22.3817265Z   ---
2026-09-15T14:54:22.3817637Z   duration_ms: 650.532205
2026-09-15T14:54:22.3818041Z   ...
2026-09-15T14:54:22.3819120Z # Subtest: a revised or removed goal reconstructs a saved prefix from current declarations without stale counters
2026-09-15T14:54:22.3820868Z ok 663 - a revised or removed goal reconstructs a saved prefix from current declarations without stale counters
2026-09-15T14:54:22.3821863Z   ---
2026-09-15T14:54:22.3822243Z   duration_ms: 577.231397
2026-09-15T14:54:22.3822674Z   ...
2026-09-15T14:54:22.3823781Z # Subtest: journaled mixed backup adoption, failed replacement and explicit Undo retain the intended formats and records
2026-09-15T14:54:22.3825667Z ok 664 - journaled mixed backup adoption, failed replacement and explicit Undo retain the intended formats and records
2026-09-15T14:54:22.3826717Z   ---
2026-09-15T14:54:22.3827366Z   duration_ms: 183.926866
2026-09-15T14:54:22.3827777Z   ...
2026-09-15T14:54:22.3828637Z # Subtest: Pause offers a confirmed mission restart that replaces the attempt from tick zero
2026-09-15T14:54:22.3829985Z ok 665 - Pause offers a confirmed mission restart that replaces the attempt from tick zero
2026-09-15T14:54:22.3837468Z   ---
2026-09-15T14:54:22.3837876Z   duration_ms: 5279.035815
2026-09-15T14:54:22.3838317Z   ...
2026-09-15T14:54:22.3839174Z # Subtest: Restart is limited to Pause and does not leak into briefings or result menus
2026-09-15T14:54:22.3840458Z ok 666 - Restart is limited to Pause and does not leak into briefings or result menus
2026-09-15T14:54:22.3841259Z   ---
2026-09-15T14:54:22.3841624Z   duration_ms: 2070.993805
2026-09-15T14:54:22.3842018Z   ...
2026-09-15T14:54:22.3842916Z # Subtest: native origin detection does not mistake web previews or lookalike hosts for shells
2026-09-15T14:54:22.3844318Z ok 667 - native origin detection does not mistake web previews or lookalike hosts for shells
2026-09-15T14:54:22.3845193Z   ---
2026-09-15T14:54:22.3845562Z   duration_ms: 2.067365
2026-09-15T14:54:22.3845981Z   ...
2026-09-15T14:54:22.3846738Z # Subtest: web export requests a local download without claiming it was saved
2026-09-15T14:54:22.3848171Z ok 668 - web export requests a local download without claiming it was saved
2026-09-15T14:54:22.3848896Z   ---
2026-09-15T14:54:22.3849338Z   duration_ms: 1.853316
2026-09-15T14:54:22.3849750Z   ...
2026-09-15T14:54:22.3850473Z # Subtest: iOS export awaits the bridge and retains cancellation and failures
2026-09-15T14:54:22.3851847Z ok 669 - iOS export awaits the bridge and retains cancellation and failures
2026-09-15T14:54:22.3852572Z   ---
2026-09-15T14:54:22.3852920Z   duration_ms: 1.240533
2026-09-15T14:54:22.3853319Z   ...
2026-09-15T14:54:22.3854014Z # Subtest: export rejects unsafe filenames before accessing any host API
2026-09-15T14:54:22.3855039Z ok 670 - export rejects unsafe filenames before accessing any host API
2026-09-15T14:54:22.3855685Z   ---
2026-09-15T14:54:22.3856014Z   duration_ms: 0.794421
2026-09-15T14:54:22.3856386Z   ...
2026-09-15T14:54:22.3857484Z # Subtest: native inactivity keeps callback identity and does not attach on web
2026-09-15T14:54:22.3858669Z ok 671 - native inactivity keeps callback identity and does not attach on web
2026-09-15T14:54:22.3859426Z   ---
2026-09-15T14:54:22.3859806Z   duration_ms: 0.478292
2026-09-15T14:54:22.3860228Z   ...
2026-09-15T14:54:22.3861110Z # Subtest: native apps explain bundled offline files and never install a service worker
2026-09-15T14:54:22.3862440Z ok 672 - native apps explain bundled offline files and never install a service worker
2026-09-15T14:54:22.3863261Z   ---
2026-09-15T14:54:22.3863630Z   duration_ms: 0.829787
2026-09-15T14:54:22.3864041Z   ...
2026-09-15T14:54:22.3864846Z # Subtest: transfer envelope fits compact complete backups without pretty-print inflation
2026-09-15T14:54:22.3866383Z ok 673 - transfer envelope fits compact complete backups without pretty-print inflation
2026-09-15T14:54:22.3867539Z   ---
2026-09-15T14:54:22.3867918Z   duration_ms: 0.747113
2026-09-15T14:54:22.3868335Z   ...
2026-09-15T14:54:22.3869596Z # Subtest: immediate: native keyboard opens exact practice lesson from ready and a live-cut pause without starting or changing the run
2026-09-15T14:54:22.3871667Z ok 674 - immediate: native keyboard opens exact practice lesson from ready and a live-cut pause without starting or changing the run
2026-09-15T14:54:22.3872829Z   ---
2026-09-15T14:54:22.3873221Z   duration_ms: 6704.708527
2026-09-15T14:54:22.3873667Z   ...
2026-09-15T14:54:22.3874608Z # Subtest: immediate: controller brief/read/Back and held direction retain the paused flight
2026-09-15T14:54:22.3876035Z ok 675 - immediate: controller brief/read/Back and held direction retain the paused flight
2026-09-15T14:54:22.3877189Z   ---
2026-09-15T14:54:22.3877579Z   duration_ms: 8551.962867
2026-09-15T14:54:22.3878035Z   ...
2026-09-15T14:54:22.3879386Z # Subtest: grid-center: native keyboard opens exact practice lesson from ready and a live-cut pause without starting or changing the run
2026-09-15T14:54:22.3881543Z ok 676 - grid-center: native keyboard opens exact practice lesson from ready and a live-cut pause without starting or changing the run
2026-09-15T14:54:22.3882732Z   ---
2026-09-15T14:54:22.3883132Z   duration_ms: 5845.225639
2026-09-15T14:54:22.3883573Z   ...
2026-09-15T14:54:22.3884510Z # Subtest: grid-center: controller brief/read/Back and held direction retain the paused flight
2026-09-15T14:54:22.3886017Z ok 677 - grid-center: controller brief/read/Back and held direction retain the paused flight
2026-09-15T14:54:22.3887179Z   ---
2026-09-15T14:54:22.3887567Z   duration_ms: 8676.831861
2026-09-15T14:54:22.3888009Z   ...
2026-09-15T14:54:22.3889143Z # Subtest: focused brief restores exact picker placement, native Back and normal missions across repeated openings
2026-09-15T14:54:22.3890959Z ok 678 - focused brief restores exact picker placement, native Back and normal missions across repeated openings
2026-09-15T14:54:22.3891905Z   ---
2026-09-15T14:54:22.3892264Z   duration_ms: 2137.341692
2026-09-15T14:54:22.3892694Z   ...
2026-09-15T14:54:22.3893885Z # Subtest: long brief has scoped fluid reading layout, explicit body sizes and Large preference without simulation changes
2026-09-15T14:54:22.3895759Z ok 679 - long brief has scoped fluid reading layout, explicit body sizes and Large preference without simulation changes
2026-09-15T14:54:22.3897095Z   ---
2026-09-15T14:54:22.3897473Z   duration_ms: 1106.09957
2026-09-15T14:54:22.3897902Z   ...
2026-09-15T14:54:22.3898895Z # Subtest: an imported authored arcade scenario is still labeled practice
2026-09-15T14:54:22.3900047Z ok 680 - an imported authored arcade scenario is still labeled practice
2026-09-15T14:54:22.3900781Z   ---
2026-09-15T14:54:22.3901161Z   duration_ms: 917.170106
2026-09-15T14:54:22.3901604Z   ...
2026-09-15T14:54:22.3902339Z # Subtest: First Flight keeps its own lesson reader and contextual label
2026-09-15T14:54:22.3903452Z ok 681 - First Flight keeps its own lesson reader and contextual label
2026-09-15T14:54:22.3904174Z   ---
2026-09-15T14:54:22.3904559Z   duration_ms: 634.004335
2026-09-15T14:54:22.3905000Z   ...
2026-09-15T14:54:22.3905715Z # Subtest: ordinary manual missions show the Tactical edition label
2026-09-15T14:54:22.3906992Z ok 682 - ordinary manual missions show the Tactical edition label
2026-09-15T14:54:22.3907667Z   ---
2026-09-15T14:54:22.3908033Z   duration_ms: 753.825857
2026-09-15T14:54:22.3908451Z   ...
2026-09-15T14:54:22.3909287Z # Subtest: only an ordinary validated Arcade action policy receives the Arcade label
2026-09-15T14:54:22.3910572Z ok 683 - only an ordinary validated Arcade action policy receives the Arcade label
2026-09-15T14:54:22.3911361Z   ---
2026-09-15T14:54:22.3919000Z   duration_ms: 11335.917569
2026-09-15T14:54:22.3919464Z   ...
2026-09-15T14:54:22.3920824Z # Subtest: legacy fpv contain: a decoded backdrop preserves opaque concealment, cues, separate actor art and authority
2026-09-15T14:54:22.3922671Z ok 684 - legacy fpv contain: a decoded backdrop preserves opaque concealment, cues, separate actor art and authority
2026-09-15T14:54:22.3923662Z   ---
2026-09-15T14:54:22.3924026Z   duration_ms: 66.985767
2026-09-15T14:54:22.3924425Z   ...
2026-09-15T14:54:22.3925461Z # Subtest: legacy fpv cover: a decoded backdrop preserves opaque concealment, cues, separate actor art and authority
2026-09-15T14:54:22.3927350Z ok 685 - legacy fpv cover: a decoded backdrop preserves opaque concealment, cues, separate actor art and authority
2026-09-15T14:54:22.3928369Z   ---
2026-09-15T14:54:22.3928729Z   duration_ms: 31.949917
2026-09-15T14:54:22.3929153Z   ...
2026-09-15T14:54:22.3930326Z # Subtest: legacy ukraine contain: a decoded backdrop preserves opaque concealment, cues, separate actor art and authority
2026-09-15T14:54:22.3932211Z ok 686 - legacy ukraine contain: a decoded backdrop preserves opaque concealment, cues, separate actor art and authority
2026-09-15T14:54:22.3933243Z   ---
2026-09-15T14:54:22.3933614Z   duration_ms: 25.514646
2026-09-15T14:54:22.3934035Z   ...
2026-09-15T14:54:22.3935179Z # Subtest: legacy ukraine cover: a decoded backdrop preserves opaque concealment, cues, separate actor art and authority
2026-09-15T14:54:22.3937230Z ok 687 - legacy ukraine cover: a decoded backdrop preserves opaque concealment, cues, separate actor art and authority
2026-09-15T14:54:22.3938262Z   ---
2026-09-15T14:54:22.3938640Z   duration_ms: 15.204688
2026-09-15T14:54:22.3939062Z   ...
2026-09-15T14:54:22.3940246Z # Subtest: legacy retro contain: a decoded backdrop preserves opaque concealment, cues, separate actor art and authority
2026-09-15T14:54:22.3942086Z ok 688 - legacy retro contain: a decoded backdrop preserves opaque concealment, cues, separate actor art and authority
2026-09-15T14:54:22.3943080Z   ---
2026-09-15T14:54:22.3943460Z   duration_ms: 16.225613
2026-09-15T14:54:22.3943855Z   ...
2026-09-15T14:54:22.3944972Z # Subtest: legacy retro cover: a decoded backdrop preserves opaque concealment, cues, separate actor art and authority
2026-09-15T14:54:22.3946704Z ok 689 - legacy retro cover: a decoded backdrop preserves opaque concealment, cues, separate actor art and authority
2026-09-15T14:54:22.3948020Z   ---
2026-09-15T14:54:22.3948382Z   duration_ms: 12.332884
2026-09-15T14:54:22.3948794Z   ...
2026-09-15T14:54:22.3949990Z # Subtest: legacy coupa contain: a decoded backdrop preserves opaque concealment, cues, separate actor art and authority
2026-09-15T14:54:22.3951698Z ok 690 - legacy coupa contain: a decoded backdrop preserves opaque concealment, cues, separate actor art and authority
2026-09-15T14:54:22.3952972Z   ---
2026-09-15T14:54:22.3953347Z   duration_ms: 13.856695
2026-09-15T14:54:22.3953769Z   ...
2026-09-15T14:54:22.3954900Z # Subtest: legacy coupa cover: a decoded backdrop preserves opaque concealment, cues, separate actor art and authority
2026-09-15T14:54:22.3956984Z ok 691 - legacy coupa cover: a decoded backdrop preserves opaque concealment, cues, separate actor art and authority
2026-09-15T14:54:22.3957978Z   ---
2026-09-15T14:54:22.3958442Z   duration_ms: 11.984083
2026-09-15T14:54:22.3958839Z   ...
2026-09-15T14:54:22.3959955Z # Subtest: Classic wide fpv contain: a decoded backdrop preserves opaque concealment, cues, separate actor art and authority
2026-09-15T14:54:22.3961797Z ok 692 - Classic wide fpv contain: a decoded backdrop preserves opaque concealment, cues, separate actor art and authority
2026-09-15T14:54:22.3962887Z   ---
2026-09-15T14:54:22.3963265Z   duration_ms: 40.210517
2026-09-15T14:54:22.3963690Z   ...
2026-09-15T14:54:22.3964886Z # Subtest: Classic wide fpv cover: a decoded backdrop preserves opaque concealment, cues, separate actor art and authority
2026-09-15T14:54:22.3966982Z ok 693 - Classic wide fpv cover: a decoded backdrop preserves opaque concealment, cues, separate actor art and authority
2026-09-15T14:54:22.3967996Z   ---
2026-09-15T14:54:22.3968612Z   duration_ms: 52.22103
2026-09-15T14:54:22.3969065Z   ...
2026-09-15T14:54:22.3970314Z # Subtest: Classic wide ukraine contain: a decoded backdrop preserves opaque concealment, cues, separate actor art and authority
2026-09-15T14:54:22.3972378Z ok 694 - Classic wide ukraine contain: a decoded backdrop preserves opaque concealment, cues, separate actor art and authority
2026-09-15T14:54:22.3973464Z   ---
2026-09-15T14:54:22.3973801Z   duration_ms: 39.601943
2026-09-15T14:54:22.3974208Z   ...
2026-09-15T14:54:22.3975369Z # Subtest: Classic wide ukraine cover: a decoded backdrop preserves opaque concealment, cues, separate actor art and authority
2026-09-15T14:54:22.3978810Z ok 695 - Classic wide ukraine cover: a decoded backdrop preserves opaque concealment, cues, separate actor art and authority
2026-09-15T14:54:22.3979869Z   ---
2026-09-15T14:54:22.3980235Z   duration_ms: 35.505203
2026-09-15T14:54:22.3980651Z   ...
2026-09-15T14:54:22.3981824Z # Subtest: Classic wide retro contain: a decoded backdrop preserves opaque concealment, cues, separate actor art and authority
2026-09-15T14:54:22.3983670Z ok 696 - Classic wide retro contain: a decoded backdrop preserves opaque concealment, cues, separate actor art and authority
2026-09-15T14:54:22.3984695Z   ---
2026-09-15T14:54:22.3985052Z   duration_ms: 26.272612
2026-09-15T14:54:22.3985455Z   ...
2026-09-15T14:54:22.3986562Z # Subtest: Classic wide retro cover: a decoded backdrop preserves opaque concealment, cues, separate actor art and authority
2026-09-15T14:54:22.3988636Z ok 697 - Classic wide retro cover: a decoded backdrop preserves opaque concealment, cues, separate actor art and authority
2026-09-15T14:54:22.3989684Z   ---
2026-09-15T14:54:22.3990037Z   duration_ms: 26.705239
2026-09-15T14:54:22.3990443Z   ...
2026-09-15T14:54:22.3991623Z # Subtest: Classic wide coupa contain: a decoded backdrop preserves opaque concealment, cues, separate actor art and authority
2026-09-15T14:54:22.3993435Z ok 698 - Classic wide coupa contain: a decoded backdrop preserves opaque concealment, cues, separate actor art and authority
2026-09-15T14:54:22.3994446Z   ---
2026-09-15T14:54:22.3994784Z   duration_ms: 25.741582
2026-09-15T14:54:22.3995172Z   ...
2026-09-15T14:54:22.3996292Z # Subtest: Classic wide coupa cover: a decoded backdrop preserves opaque concealment, cues, separate actor art and authority
2026-09-15T14:54:22.3998339Z ok 699 - Classic wide coupa cover: a decoded backdrop preserves opaque concealment, cues, separate actor art and authority
2026-09-15T14:54:22.3999331Z   ---
2026-09-15T14:54:22.3999667Z   duration_ms: 25.608895
2026-09-15T14:54:22.4000057Z   ...
2026-09-15T14:54:22.4001196Z # Subtest: absent/null bindings exactly retain old drawing; clearing a temporary binding restores the same authored image and fit
2026-09-15T14:54:22.4003270Z ok 700 - absent/null bindings exactly retain old drawing; clearing a temporary binding restores the same authored image and fit
2026-09-15T14:54:22.4004314Z   ---
2026-09-15T14:54:22.4004655Z   duration_ms: 24.446298
2026-09-15T14:54:22.4005049Z   ...
2026-09-15T14:54:22.4006135Z # Subtest: immediate: a legal win and Collection gallery use the same image/fit without awarding or advancing simulation
2026-09-15T14:54:22.4018591Z ok 701 - immediate: a legal win and Collection gallery use the same image/fit without awarding or advancing simulation
2026-09-15T14:54:22.4019569Z   ---
2026-09-15T14:54:22.4019948Z   duration_ms: 81.857954
2026-09-15T14:54:22.4020377Z   ...
2026-09-15T14:54:22.4021741Z # Subtest: grid-center: a legal win and Collection gallery use the same image/fit without awarding or advancing simulation
2026-09-15T14:54:22.4023614Z ok 702 - grid-center: a legal win and Collection gallery use the same image/fit without awarding or advancing simulation
2026-09-15T14:54:22.4024636Z   ---
2026-09-15T14:54:22.4025003Z   duration_ms: 90.986764
2026-09-15T14:54:22.4025420Z   ...
2026-09-15T14:54:22.4026411Z # Subtest: exact historical pin acquires one original with atomic fit/image and idempotent retained lease
2026-09-15T14:54:22.4028483Z ok 703 - exact historical pin acquires one original with atomic fit/image and idempotent retained lease
2026-09-15T14:54:22.4057438Z   ---
2026-09-15T14:54:22.4057835Z   duration_ms: 192.317282
2026-09-15T14:54:22.4058255Z   ...
2026-09-15T14:54:22.4059147Z # Subtest: legacy choice uses no store, decoder or URL and does not resolve a current replacement
2026-09-15T14:54:22.4060508Z ok 704 - legacy choice uses no store, decoder or URL and does not resolve a current replacement
2026-09-15T14:54:22.4061296Z   ---
2026-09-15T14:54:22.4061634Z   duration_ms: 119.6058
2026-09-15T14:54:22.4062019Z   ...
2026-09-15T14:54:22.4062720Z # Subtest: header-valid hash corruption refuses before drawable allocation
2026-09-15T14:54:22.4063793Z ok 705 - header-valid hash corruption refuses before drawable allocation
2026-09-15T14:54:22.4064465Z   ---
2026-09-15T14:54:22.4064801Z   duration_ms: 115.959249
2026-09-15T14:54:22.4065195Z   ...
2026-09-15T14:54:22.4066087Z # Subtest: failure and wrong decoded dimensions release the candidate without returning a binding
2026-09-15T14:54:22.4067769Z ok 706 - failure and wrong decoded dimensions release the candidate without returning a binding
2026-09-15T14:54:22.4068622Z   ---
2026-09-15T14:54:22.4068985Z   duration_ms: 101.098957
2026-09-15T14:54:22.4069407Z   ...
2026-09-15T14:54:22.4070280Z # Subtest: abort while decoder is pending rejects promptly and cleans the late owned image
2026-09-15T14:54:22.4071594Z ok 707 - abort while decoder is pending rejects promptly and cleans the late owned image
2026-09-15T14:54:22.4072411Z   ---
2026-09-15T14:54:22.4072757Z   duration_ms: 80.55784
2026-09-15T14:54:22.4073158Z   ...
2026-09-15T14:54:22.4074104Z # Subtest: abort during URL allocation starts no decoder and still releases the just-created URL
2026-09-15T14:54:22.4075535Z ok 708 - abort during URL allocation starts no decoder and still releases the just-created URL
2026-09-15T14:54:22.4076379Z   ---
2026-09-15T14:54:22.4093127Z   duration_ms: 74.240204
2026-09-15T14:54:22.4093386Z   ...
2026-09-15T14:54:22.4094351Z # Subtest: real browser decoder adapter waits for complete decode, handles failure and construction-time abort
2026-09-15T14:54:22.4095221Z ok 709 - real browser decoder adapter waits for complete decode, handles failure and construction-time abort
2026-09-15T14:54:22.4095374Z   ---
2026-09-15T14:54:22.4095560Z   duration_ms: 78.600922
2026-09-15T14:54:22.4095710Z   ...
2026-09-15T14:54:22.4096466Z # Subtest: slot publishes only complete same-context candidate and keeps prior through failure
2026-09-15T14:54:22.4097410Z ok 710 - slot publishes only complete same-context candidate and keeps prior through failure
2026-09-15T14:54:22.4097795Z   ---
2026-09-15T14:54:22.4097969Z   duration_ms: 126.485955
2026-09-15T14:54:22.4098105Z   ...
2026-09-15T14:54:22.4098818Z # Subtest: slot cancels old run/world work and never publishes that drawable into the new context
2026-09-15T14:54:22.4099511Z ok 711 - slot cancels old run/world work and never publishes that drawable into the new context
2026-09-15T14:54:22.4099653Z   ---
2026-09-15T14:54:22.4099824Z   duration_ms: 85.216596
2026-09-15T14:54:22.4099961Z   ...
2026-09-15T14:54:22.4100692Z # Subtest: same-context supersession releases old decode and external abort retains current image
2026-09-15T14:54:22.4101425Z ok 712 - same-context supersession releases old decode and external abort retains current image
2026-09-15T14:54:22.4101585Z   ---
2026-09-15T14:54:22.4101762Z   duration_ms: 110.038769
2026-09-15T14:54:22.4101903Z   ...
2026-09-15T14:54:22.4102627Z # Subtest: context execution/map revision changes clear the prior binding before another frame
2026-09-15T14:54:22.4103327Z ok 713 - context execution/map revision changes clear the prior binding before another frame
2026-09-15T14:54:22.4103481Z   ---
2026-09-15T14:54:22.4103649Z   duration_ms: 128.794178
2026-09-15T14:54:22.4103795Z   ...
2026-09-15T14:54:22.4104553Z # Subtest: late metadata preparation from an earlier same-map attempt cannot begin a new acquisition
2026-09-15T14:54:22.4105466Z ok 714 - late metadata preparation from an earlier same-map attempt cannot begin a new acquisition
2026-09-15T14:54:22.4105618Z   ---
2026-09-15T14:54:22.4105786Z   duration_ms: 116.215407
2026-09-15T14:54:22.4105922Z   ...
2026-09-15T14:54:22.4107003Z # Subtest: two Couch painters and repeated page mounts share one load, while leases retain independent cleanup
2026-09-15T14:54:22.4107811Z ok 715 - two Couch painters and repeated page mounts share one load, while leases retain independent cleanup
2026-09-15T14:54:22.4107956Z   ---
2026-09-15T14:54:22.4108112Z   duration_ms: 2.605869
2026-09-15T14:54:22.4108251Z   ...
2026-09-15T14:54:22.4109176Z # Subtest: Replay replacement restores only its previous painter and never overwrites an independently pinned snapshot
2026-09-15T14:54:22.4110080Z ok 716 - Replay replacement restores only its previous painter and never overwrites an independently pinned snapshot
2026-09-15T14:54:22.4110237Z   ---
2026-09-15T14:54:22.4110423Z   duration_ms: 0.24663
2026-09-15T14:54:22.4110569Z   ...
2026-09-15T14:54:22.4111396Z # Subtest: a late compiled load cannot replace a painter chosen while loading, or publish after page disposal
2026-09-15T14:54:22.4112193Z ok 717 - a late compiled load cannot replace a painter chosen while loading, or publish after page disposal
2026-09-15T14:54:22.4112337Z   ---
2026-09-15T14:54:22.4112501Z   duration_ms: 0.52043
2026-09-15T14:54:22.4112642Z   ...
2026-09-15T14:54:22.4113463Z # Subtest: BFCache suspension retains the host and boards until actual disposal, then a new mount can reload
2026-09-15T14:54:22.4114236Z ok 718 - BFCache suspension retains the host and boards until actual disposal, then a new mount can reload
2026-09-15T14:54:22.4114379Z   ---
2026-09-15T14:54:22.4114543Z   duration_ms: 0.353099
2026-09-15T14:54:22.4114681Z   ...
2026-09-15T14:54:22.4115543Z # Subtest: missing or rejected release resources preserve source look and notify without rejecting page readiness
2026-09-15T14:54:22.4116395Z ok 719 - missing or rejected release resources preserve source look and notify without rejecting page readiness
2026-09-15T14:54:22.4116540Z   ---
2026-09-15T14:54:22.4116709Z   duration_ms: 0.628953
2026-09-15T14:54:22.4117057Z   ...
2026-09-15T14:54:22.4117861Z # Subtest: cosmetic page status is immediate, shared without duplicate work, and fenced per closed lease
2026-09-15T14:54:22.4118625Z ok 720 - cosmetic page status is immediate, shared without duplicate work, and fenced per closed lease
2026-09-15T14:54:22.4118806Z   ---
2026-09-15T14:54:22.4118983Z   duration_ms: 0.459507
2026-09-15T14:54:22.4119125Z   ...
2026-09-15T14:54:22.4120084Z # Subtest: compiled bodies adopt normalized pivots and bitmap dimensions without changing presets, source art or authority
2026-09-15T14:54:22.4121214Z ok 721 - compiled bodies adopt normalized pivots and bitmap dimensions without changing presets, source art or authority
2026-09-15T14:54:22.4121355Z   ---
2026-09-15T14:54:22.4121519Z   duration_ms: 206.211659
2026-09-15T14:54:22.4121656Z   ...
2026-09-15T14:54:22.4122550Z # Subtest: phone and microtile presentations choose compact art; explicit player and enemy overrides retain priority
2026-09-15T14:54:22.4123419Z ok 722 - phone and microtile presentations choose compact art; explicit player and enemy overrides retain priority
2026-09-15T14:54:22.4123570Z   ---
2026-09-15T14:54:22.4123729Z   duration_ms: 177.462427
2026-09-15T14:54:22.4123865Z   ...
2026-09-15T14:54:22.4124684Z # Subtest: compiled enemy bodies skip legacy image loads while explicit skins retain the original body path
2026-09-15T14:54:22.4125472Z ok 723 - compiled enemy bodies skip legacy image loads while explicit skins retain the original body path
2026-09-15T14:54:22.4125623Z   ---
2026-09-15T14:54:22.4125785Z   duration_ms: 153.305991
2026-09-15T14:54:22.4125915Z   ...
2026-09-15T14:54:22.4126709Z # Subtest: current non-FPV worlds retain their original canvas art while the interface can use Field Kit
2026-09-15T14:54:22.4127953Z ok 724 - current non-FPV worlds retain their original canvas art while the interface can use Field Kit
2026-09-15T14:54:22.4128121Z   ---
2026-09-15T14:54:22.4128282Z   duration_ms: 117.979456
2026-09-15T14:54:22.4128428Z   ...
2026-09-15T14:54:22.4129251Z # Subtest: published motion settings scale cosmetic clocks and zero motion keeps functional effect timing
2026-09-15T14:54:22.4130071Z ok 725 - published motion settings scale cosmetic clocks and zero motion keeps functional effect timing
2026-09-15T14:54:22.4130239Z   ---
2026-09-15T14:54:22.4130426Z   duration_ms: 399.034491
2026-09-15T14:54:22.4130577Z   ...
2026-09-15T14:54:22.4131505Z # Subtest: enemy cropped-frame geometry positions the art and rotors while retaining the existing contact marker
2026-09-15T14:54:22.4132428Z ok 726 - enemy cropped-frame geometry positions the art and rotors while retaining the existing contact marker
2026-09-15T14:54:22.4132597Z   ---
2026-09-15T14:54:22.4132773Z   duration_ms: 1.323708
2026-09-15T14:54:22.4132927Z   ...
2026-09-15T14:54:22.4133804Z # Subtest: terrain, supplies and objectives honor visual pivots while retaining cell and contact coordinates
2026-09-15T14:54:22.4134644Z ok 727 - terrain, supplies and objectives honor visual pivots while retaining cell and contact coordinates
2026-09-15T14:54:22.4134791Z   ---
2026-09-15T14:54:22.4134969Z   duration_ms: 196.602119
2026-09-15T14:54:22.4135116Z   ...
2026-09-15T14:54:22.4136050Z # Subtest: classic terrain and contact pickups share pivot placement while their material and contact cues stay fixed
2026-09-15T14:54:22.4137219Z ok 728 - classic terrain and contact pickups share pivot placement while their material and contact cues stay fixed
2026-09-15T14:54:22.4137400Z   ---
2026-09-15T14:54:22.4137584Z   duration_ms: 1.004423
2026-09-15T14:54:22.4137730Z   ...
2026-09-15T14:54:22.4138650Z # Subtest: compiled enemy defaults own their images while explicit original skins and manual uploads keep priority
2026-09-15T14:54:22.4139533Z ok 729 - compiled enemy defaults own their images while explicit original skins and manual uploads keep priority
2026-09-15T14:54:22.4139678Z   ---
2026-09-15T14:54:22.4139855Z   duration_ms: 205.009264
2026-09-15T14:54:22.4140010Z   ...
2026-09-15T14:54:22.4167865Z # Subtest: compiled player selection keeps each class body and leaves unknown or other-world bodies unchanged
2026-09-15T14:54:22.4168713Z ok 730 - compiled player selection keeps each class body and leaves unknown or other-world bodies unchanged
2026-09-15T14:54:22.4168879Z   ---
2026-09-15T14:54:22.4169066Z   duration_ms: 198.715521
2026-09-15T14:54:22.4169206Z   ...
2026-09-15T14:54:22.4170198Z # Subtest: Plain canvas text uses the selected system pair and switching back restores compiled fonts without authority changes
2026-09-15T14:54:22.4171472Z ok 731 - Plain canvas text uses the selected system pair and switching back restores compiled fonts without authority changes
2026-09-15T14:54:22.4171624Z   ---
2026-09-15T14:54:22.4171789Z   duration_ms: 191.228512
2026-09-15T14:54:22.4171926Z   ...
2026-09-15T14:54:22.4172782Z # Subtest: cosmetic look status starts before image completion and an obsolete look cannot replace newer feedback
2026-09-15T14:54:22.4173601Z ok 732 - cosmetic look status starts before image completion and an obsolete look cannot replace newer feedback
2026-09-15T14:54:22.4173743Z   ---
2026-09-15T14:54:22.4173916Z   duration_ms: 2.549443
2026-09-15T14:54:22.4174059Z   ...
2026-09-15T14:54:22.4174766Z # Subtest: no-upgrade reader preserves absent, stored null, stored undefined and ordinary values
2026-09-15T14:54:22.4175457Z ok 733 - no-upgrade reader preserves absent, stored null, stored undefined and ordinary values
2026-09-15T14:54:22.4175603Z   ---
2026-09-15T14:54:22.4175775Z   duration_ms: 5.994436
2026-09-15T14:54:22.4175912Z   ...
2026-09-15T14:54:22.4176560Z # Subtest: missing database creation is aborted and newer schema is preserved and refused
2026-09-15T14:54:22.4177426Z ok 734 - missing database creation is aborted and newer schema is preserved and refused
2026-09-15T14:54:22.4177764Z   ---
2026-09-15T14:54:22.4177942Z   duration_ms: 1.055197
2026-09-15T14:54:22.4178085Z   ...
2026-09-15T14:54:22.4178600Z # Subtest: a close at the resolved-absence boundary refuses stale absence
2026-09-15T14:54:22.4179090Z ok 735 - a close at the resolved-absence boundary refuses stale absence
2026-09-15T14:54:22.4179231Z   ---
2026-09-15T14:54:22.4179395Z   duration_ms: 0.484513
2026-09-15T14:54:22.4179538Z   ...
2026-09-15T14:54:22.4180126Z # Subtest: cancelled late successful opens close their connection without reading
2026-09-15T14:54:22.4180687Z ok 736 - cancelled late successful opens close their connection without reading
2026-09-15T14:54:22.4180825Z   ---
2026-09-15T14:54:22.4180999Z   duration_ms: 7.369851
2026-09-15T14:54:22.4181140Z   ...
2026-09-15T14:54:22.4181720Z # Subtest: key enumeration requests an explicit finite bound and rejects overflow
2026-09-15T14:54:22.4182271Z ok 737 - key enumeration requests an explicit finite bound and rejects overflow
2026-09-15T14:54:22.4182417Z   ---
2026-09-15T14:54:22.4182581Z   duration_ms: 0.833745
2026-09-15T14:54:22.4182727Z   ...
2026-09-15T14:54:22.4183520Z # Subtest: reviewed source registries preserve eight exact aliases and full distinct descriptor cohorts
2026-09-15T14:54:22.4184277Z ok 738 - reviewed source registries preserve eight exact aliases and full distinct descriptor cohorts
2026-09-15T14:54:22.4184416Z   ---
2026-09-15T14:54:22.4184589Z   duration_ms: 312.119419
2026-09-15T14:54:22.4184729Z   ...
2026-09-15T14:54:22.4185541Z # Subtest: built-version gates exclude future channels without inventing dev, earlier or normalized aliases
2026-09-15T14:54:22.4186325Z ok 739 - built-version gates exclude future channels without inventing dev, earlier or normalized aliases
2026-09-15T14:54:22.4186474Z   ---
2026-09-15T14:54:22.4186641Z   duration_ms: 290.995258
2026-09-15T14:54:22.4208747Z   ...
2026-09-15T14:54:22.4209808Z # Subtest: same-length changed descriptor or source label and oversized/truncated inputs cannot grant registry authority
2026-09-15T14:54:22.4210783Z ok 740 - same-length changed descriptor or source label and oversized/truncated inputs cannot grant registry authority
2026-09-15T14:54:22.4210938Z   ---
2026-09-15T14:54:22.4211119Z   duration_ms: 2.645211
2026-09-15T14:54:22.4211265Z   ...
2026-09-15T14:54:22.4211985Z # Subtest: loader requests only its packaged URL and refuses HTTP, oversize and corrupted payloads
2026-09-15T14:54:22.4212664Z ok 741 - loader requests only its packaged URL and refuses HTTP, oversize and corrupted payloads
2026-09-15T14:54:22.4212811Z   ---
2026-09-15T14:54:22.4212980Z   duration_ms: 91.303524
2026-09-15T14:54:22.4213118Z   ...
2026-09-15T14:54:22.4214042Z # Subtest: cancelled delayed catalog fetch settles promptly and cancels the later response body
2026-09-15T14:54:22.4214750Z ok 742 - cancelled delayed catalog fetch settles promptly and cancels the later response body
2026-09-15T14:54:22.4214909Z   ---
2026-09-15T14:54:22.4215098Z   duration_ms: 4.253019
2026-09-15T14:54:22.4215251Z   ...
2026-09-15T14:54:22.4215985Z # Subtest: caller mutation while the real digest is pending cannot change parsed trusted data
2026-09-15T14:54:22.4216669Z ok 743 - caller mutation while the real digest is pending cannot change parsed trusted data
2026-09-15T14:54:22.4217093Z   ---
2026-09-15T14:54:22.4217286Z   duration_ms: 121.881383
2026-09-15T14:54:22.4217421Z   ...
2026-09-15T14:54:22.4218300Z # Subtest: view keeps media/flight limits visible and prepares a native explicit download link with a revocable URL
2026-09-15T14:54:22.4219138Z ok 744 - view keeps media/flight limits visible and prepares a native explicit download link with a revocable URL
2026-09-15T14:54:22.4219293Z   ---
2026-09-15T14:54:22.4219452Z   duration_ms: 6.699199
2026-09-15T14:54:22.4219592Z   ...
2026-09-15T14:54:22.4220247Z # Subtest: late cancelled review and export cannot publish a result or download after Close
2026-09-15T14:54:22.4220882Z ok 745 - late cancelled review and export cannot publish a result or download after Close
2026-09-15T14:54:22.4221229Z   ---
2026-09-15T14:54:22.4221411Z   duration_ms: 2.149066
2026-09-15T14:54:22.4221554Z   ...
2026-09-15T14:54:22.4222223Z # Subtest: cancelled discovery returns focus to enabled Find when no profile choice exists
2026-09-15T14:54:22.4222882Z ok 746 - cancelled discovery returns focus to enabled Find when no profile choice exists
2026-09-15T14:54:22.4223028Z   ---
2026-09-15T14:54:22.4223192Z   duration_ms: 0.765277
2026-09-15T14:54:22.4223334Z   ...
2026-09-15T14:54:22.4224067Z # Subtest: bootstrap timeout remains visible and a late successful response cannot enable discovery
2026-09-15T14:54:22.4224786Z ok 747 - bootstrap timeout remains visible and a late successful response cannot enable discovery
2026-09-15T14:54:22.4224942Z   ---
2026-09-15T14:54:22.4225119Z   duration_ms: 137.286674
2026-09-15T14:54:22.4225263Z   ...
2026-09-15T14:54:22.4225884Z # Subtest: pagehide before late version response cannot bootstrap or inspect storage
2026-09-15T14:54:22.4226491Z ok 748 - pagehide before late version response cannot bootstrap or inspect storage
2026-09-15T14:54:22.4226639Z   ---
2026-09-15T14:54:22.4227033Z   duration_ms: 5.928983
2026-09-15T14:54:22.4227174Z   ...
2026-09-15T14:54:22.4228080Z # Subtest: successful built-version bootstrap only enables explicit discovery and closure stops its UI router
2026-09-15T14:54:22.4228925Z ok 749 - successful built-version bootstrap only enables explicit discovery and closure stops its UI router
2026-09-15T14:54:22.4229080Z   ---
2026-09-15T14:54:22.4229268Z   duration_ms: 353.135891
2026-09-15T14:54:22.4229421Z   ...
2026-09-15T14:54:22.4230232Z # Subtest: unavailable packaged registry keeps raw discovery usable and original authority unavailable
2026-09-15T14:54:22.4231002Z ok 750 - unavailable packaged registry keeps raw discovery usable and original authority unavailable
2026-09-15T14:54:22.4231155Z   ---
2026-09-15T14:54:22.4231328Z   duration_ms: 9.966792
2026-09-15T14:54:22.4231466Z   ...
2026-09-15T14:54:22.4232068Z # Subtest: catalog timeout preserves raw discovery without late registry adoption
2026-09-15T14:54:22.4232676Z ok 751 - catalog timeout preserves raw discovery without late registry adoption
2026-09-15T14:54:22.4232832Z   ---
2026-09-15T14:54:22.4233014Z   duration_ms: 7.006694
2026-09-15T14:54:22.4233164Z   ...
2026-09-15T14:54:22.4233795Z # Subtest: pagehide during catalog fetch cannot attach a late view or poll controls
2026-09-15T14:54:22.4234402Z ok 752 - pagehide during catalog fetch cannot attach a late view or poll controls
2026-09-15T14:54:22.4234556Z   ---
2026-09-15T14:54:22.4234732Z   duration_ms: 4.733596
2026-09-15T14:54:22.4234874Z   ...
2026-09-15T14:54:22.4235542Z # Subtest: one tab receives a lifetime exclusive lease while a second stays session-only
2026-09-15T14:54:22.4236427Z ok 753 - one tab receives a lifetime exclusive lease while a second stays session-only
2026-09-15T14:54:22.4236567Z   ---
2026-09-15T14:54:22.4236729Z   duration_ms: 8.241826
2026-09-15T14:54:22.4237154Z   ...
2026-09-15T14:54:22.4237855Z # Subtest: release is idempotent and a later reload can claim without reviving the old lease
2026-09-15T14:54:22.4238498Z ok 754 - release is idempotent and a later reload can claim without reviving the old lease
2026-09-15T14:54:22.4238661Z   ---
2026-09-15T14:54:22.4238831Z   duration_ms: 2.52131
2026-09-15T14:54:22.4238978Z   ...
2026-09-15T14:54:22.4239690Z # Subtest: profile keys are isolated so source and release can own separate storage channels
2026-09-15T14:54:22.4240366Z ok 755 - profile keys are isolated so source and release can own separate storage channels
2026-09-15T14:54:22.4240517Z   ---
2026-09-15T14:54:22.4240697Z   duration_ms: 1.096624
2026-09-15T14:54:22.4240859Z   ...
2026-09-15T14:54:22.4241717Z # Subtest: missing Web Locks and synchronous or asynchronous denial never pretend persistence is available
2026-09-15T14:54:22.4242493Z ok 756 - missing Web Locks and synchronous or asynchronous denial never pretend persistence is available
2026-09-15T14:54:22.4243908Z   ---
2026-09-15T14:54:22.4245964Z   duration_ms: 0.780836
2026-09-15T14:54:22.4246161Z   ...
2026-09-15T14:54:22.4247919Z # Subtest: invalid keys do not call the lock manager or allocate a holding lock
2026-09-15T14:54:22.4249213Z ok 757 - invalid keys do not call the lock manager or allocate a holding lock
2026-09-15T14:54:22.4249386Z   ---
2026-09-15T14:54:22.4249565Z   duration_ms: 0.259804
2026-09-15T14:54:22.4249714Z   ...
2026-09-15T14:54:22.4250323Z # Subtest: unexpected lock request rejection revokes an already returned lease
2026-09-15T14:54:22.4250883Z ok 758 - unexpected lock request rejection revokes an already returned lease
2026-09-15T14:54:22.4251032Z   ---
2026-09-15T14:54:22.4251209Z   duration_ms: 3.144483
2026-09-15T14:54:22.4251337Z   ...
2026-09-15T14:54:22.4252168Z # Subtest: new attempts durably pin an exact release original without changing assignments or campaign identity
2026-09-15T14:54:22.4253005Z ok 759 - new attempts durably pin an exact release original without changing assignments or campaign identity
2026-09-15T14:54:22.4253160Z   ---
2026-09-15T14:54:22.4253327Z   duration_ms: 1730.446396
2026-09-15T14:54:22.4253470Z   ...
2026-09-15T14:54:22.4254329Z # Subtest: a newer release appends history while an existing saved pin and restored attempt keep exact bytes
2026-09-15T14:54:22.4255153Z ok 760 - a newer release appends history while an existing saved pin and restored attempt keep exact bytes
2026-09-15T14:54:22.4255312Z   ---
2026-09-15T14:54:22.4255494Z   duration_ms: 4272.47739
2026-09-15T14:54:22.4255642Z   ...
2026-09-15T14:54:22.4256523Z # Subtest: explicit assignments win and old unpinned, practice, and explicit legacy attempts never mint defaults
2026-09-15T14:54:22.4257664Z ok 761 - explicit assignments win and old unpinned, practice, and explicit legacy attempts never mint defaults
2026-09-15T14:54:22.4257820Z   ---
2026-09-15T14:54:22.4257991Z   duration_ms: 2884.482483
2026-09-15T14:54:22.4258144Z   ...
2026-09-15T14:54:22.4258835Z # Subtest: cancelled original download cannot mint a pin or persist provisional history
2026-09-15T14:54:22.4259482Z ok 762 - cancelled original download cannot mint a pin or persist provisional history
2026-09-15T14:54:22.4259626Z   ---
2026-09-15T14:54:22.4259804Z   duration_ms: 4.565321
2026-09-15T14:54:22.4259942Z   ...
2026-09-15T14:54:22.4260668Z # Subtest: a concurrent media writer defeats CAS atomically and preserves its accepted library
2026-09-15T14:54:22.4261372Z ok 763 - a concurrent media writer defeats CAS atomically and preserves its accepted library
2026-09-15T14:54:22.4261526Z   ---
2026-09-15T14:54:22.4261706Z   duration_ms: 145.085579
2026-09-15T14:54:22.4261845Z   ...
2026-09-15T14:54:22.4262533Z # Subtest: unknown owners, other themes, and recipes never become inferred picture defaults
2026-09-15T14:54:22.4263440Z ok 764 - unknown owners, other themes, and recipes never become inferred picture defaults
2026-09-15T14:54:22.4263586Z   ---
2026-09-15T14:54:22.4263764Z   duration_ms: 1.783064
2026-09-15T14:54:22.4263912Z   ...
2026-09-15T14:54:22.4264794Z # Subtest: transient default selection remains a validated immutable library without publishing assignments
2026-09-15T14:54:22.4265638Z ok 765 - transient default selection remains a validated immutable library without publishing assignments
2026-09-15T14:54:22.4265792Z   ---
2026-09-15T14:54:22.4265974Z   duration_ms: 564.60095
2026-09-15T14:54:22.4266117Z   ...
2026-09-15T14:54:22.4267195Z # Subtest: adding a default retains archived media owners that are absent from the current playable catalog
2026-09-15T14:54:22.4267998Z ok 766 - adding a default retains archived media owners that are absent from the current playable catalog
2026-09-15T14:54:22.4268152Z   ---
2026-09-15T14:54:22.4268348Z   duration_ms: 1626.26942
2026-09-15T14:54:22.4268500Z   ...
2026-09-15T14:54:22.4269311Z # Subtest: invalid original bytes and stale fresh-install proof cannot publish assets or assignments
2026-09-15T14:54:22.4270072Z ok 767 - invalid original bytes and stale fresh-install proof cannot publish assets or assignments
2026-09-15T14:54:22.4270458Z   ---
2026-09-15T14:54:22.4270666Z   duration_ms: 135.448921
2026-09-15T14:54:22.4270813Z   ...
2026-09-15T14:54:22.4271675Z # Subtest: source fingerprints stay exact and manually replaced embedded pictures or fitting keep priority
2026-09-15T14:54:22.4272513Z ok 768 - source fingerprints stay exact and manually replaced embedded pictures or fitting keep priority
2026-09-15T14:54:22.4272665Z   ---
2026-09-15T14:54:22.4272843Z   duration_ms: 873.261107
2026-09-15T14:54:22.4272985Z   ...
2026-09-15T14:54:22.4273753Z # Subtest: generic reveal defaults are dimension-matched and exact FPV owners always take precedence
2026-09-15T14:54:22.4274513Z ok 769 - generic reveal defaults are dimension-matched and exact FPV owners always take precedence
2026-09-15T14:54:22.4274670Z   ---
2026-09-15T14:54:22.4274854Z   duration_ms: 5.286455
2026-09-15T14:54:22.4274998Z   ...
2026-09-15T14:54:22.4275848Z # Subtest: a generic original uses the same durable new-attempt pins and preserves manual and saved choices
2026-09-15T14:54:22.4276606Z ok 770 - a generic original uses the same durable new-attempt pins and preserves manual and saved choices
2026-09-15T14:54:22.4276997Z   ---
2026-09-15T14:54:22.4277176Z   duration_ms: 3298.450493
2026-09-15T14:54:22.4277314Z   ...
2026-09-15T14:54:22.4278463Z # Subtest: picture feedback keeps Finishing save through an actual commit and cancellation preserves completed history without adopting pins
2026-09-15T14:54:22.4279606Z ok 771 - picture feedback keeps Finishing save through an actual commit and cancellation preserves completed history without adopting pins
2026-09-15T14:54:22.4279750Z   ---
2026-09-15T14:54:22.4279928Z   duration_ms: 1983.530451
2026-09-15T14:54:22.4280080Z   ...
2026-09-15T14:54:22.4281144Z # Subtest: immediate: actual theater adopts verified wide bitmap, preserves it through failed/stale loads and restores legacy size
2026-09-15T14:54:22.4282195Z ok 772 - immediate: actual theater adopts verified wide bitmap, preserves it through failed/stale loads and restores legacy size
2026-09-15T14:54:22.4282376Z   ---
2026-09-15T14:54:22.4282580Z   duration_ms: 153.155805
2026-09-15T14:54:22.4282917Z   ...
2026-09-15T14:54:22.4287516Z # Subtest: grid-center: actual theater adopts verified wide bitmap, preserves it through failed/stale loads and restores legacy size
2026-09-15T14:54:22.4290492Z ok 773 - grid-center: actual theater adopts verified wide bitmap, preserves it through failed/stale loads and restores legacy size
2026-09-15T14:54:22.4290659Z   ---
2026-09-15T14:54:22.4290846Z   duration_ms: 89.224908
2026-09-15T14:54:22.4290995Z   ...
2026-09-15T14:54:22.4291665Z # Subtest: a retained failure cause never explains a running, recovering or won attempt
2026-09-15T14:54:22.4292567Z ok 774 - a retained failure cause never explains a running, recovering or won attempt
2026-09-15T14:54:22.4292721Z   ---
2026-09-15T14:54:22.4292899Z   duration_ms: 1.367279
2026-09-15T14:54:22.4293030Z   ...
2026-09-15T14:54:22.4293549Z # Subtest: projection reads no accessor or unrelated simulation state
2026-09-15T14:54:22.4294019Z ok 775 - projection reads no accessor or unrelated simulation state
2026-09-15T14:54:22.4294160Z   ---
2026-09-15T14:54:22.4294341Z   duration_ms: 0.215171
2026-09-15T14:54:22.4294495Z   ...
2026-09-15T14:54:22.4295210Z # Subtest: lost runs with untrusted causes receive the same fixed fallback without coercion
2026-09-15T14:54:22.4295879Z ok 776 - lost runs with untrusted causes receive the same fixed fallback without coercion
2026-09-15T14:54:22.4296036Z   ---
2026-09-15T14:54:22.4296221Z   duration_ms: 0.938399
2026-09-15T14:54:22.4296368Z   ...
2026-09-15T14:54:22.4299968Z # Subtest: output is an owned bounded text projection with no source mutation or shared result
2026-09-15T14:54:22.4301910Z ok 777 - output is an owned bounded text projection with no source mutation or shared result
2026-09-15T14:54:22.4302057Z   ---
2026-09-15T14:54:22.4302221Z   duration_ms: 0.324835
2026-09-15T14:54:22.4304379Z   ...
2026-09-15T14:54:22.4305424Z # Subtest: practice context changes only the consequence note and never claims a campaign reward
2026-09-15T14:54:22.4306154Z ok 778 - practice context changes only the consequence note and never claims a campaign reward
2026-09-15T14:54:22.4306305Z   ---
2026-09-15T14:54:22.4306481Z   duration_ms: 1.084291
2026-09-15T14:54:22.4306623Z   ...
2026-09-15T14:54:22.4307589Z # Subtest: an explicit practice choice must be an owned boolean without running options getters
2026-09-15T14:54:22.4308318Z ok 779 - an explicit practice choice must be an owned boolean without running options getters
2026-09-15T14:54:22.4308482Z   ---
2026-09-15T14:54:22.4308658Z   duration_ms: 0.658979
2026-09-15T14:54:22.4308822Z   ...
2026-09-15T14:54:22.4309769Z # Subtest: 114 exact themed routes preserve physical outcomes, full replays and real serialized v4 saved continuations
2026-09-15T14:54:22.4310910Z ok 780 - 114 exact themed routes preserve physical outcomes, full replays and real serialized v4 saved continuations
2026-09-15T14:54:22.4311084Z   ---
2026-09-15T14:54:22.4311266Z   duration_ms: 68969.225305
2026-09-15T14:54:22.4311406Z   ...
2026-09-15T14:54:22.4312121Z # Subtest: explicit malformed proof and non-boolean record never fall back to checked-in success
2026-09-15T14:54:22.4312832Z ok 781 - explicit malformed proof and non-boolean record never fall back to checked-in success
2026-09-15T14:54:22.4312990Z   ---
2026-09-15T14:54:22.4313168Z   duration_ms: 13.277592
2026-09-15T14:54:22.4313330Z   ...
2026-09-15T14:54:22.4314187Z # Subtest: missing, duplicated or relabelled contexts cannot satisfy the fixed three-theme source coverage
2026-09-15T14:54:22.4315002Z ok 782 - missing, duplicated or relabelled contexts cannot satisfy the fixed three-theme source coverage
2026-09-15T14:54:22.4315163Z   ---
2026-09-15T14:54:22.4315340Z   duration_ms: 432.454191
2026-09-15T14:54:22.4315494Z   ...
2026-09-15T14:54:22.4315984Z # Subtest: proof ownership rejects accessors without invoking them
2026-09-15T14:54:22.4316437Z ok 783 - proof ownership rejects accessors without invoking them
2026-09-15T14:54:22.4316587Z   ---
2026-09-15T14:54:22.4317667Z   duration_ms: 0.390898
2026-09-15T14:54:22.4317858Z   ...
2026-09-15T14:54:22.4318688Z # Subtest: changed physical outcome and saved-picture evidence are rejected by actual route derivation
2026-09-15T14:54:22.4319458Z ok 784 - changed physical outcome and saved-picture evidence are rejected by actual route derivation
2026-09-15T14:54:22.4319593Z   ---
2026-09-15T14:54:22.4319758Z   duration_ms: 29871.286824
2026-09-15T14:54:22.4319894Z   ...
2026-09-15T14:54:22.4320824Z # Subtest: new payloads are exact originals and a foreign paired media file cannot be reassigned by changing its outer hash
2026-09-15T14:54:22.4322012Z ok 785 - new payloads are exact originals and a foreign paired media file cannot be reassigned by changing its outer hash
2026-09-15T14:54:22.4322162Z   ---
2026-09-15T14:54:22.4322338Z   duration_ms: 42011.784759
2026-09-15T14:54:22.4322478Z   ...
2026-09-15T14:54:22.4323579Z # Subtest: cache-only compiler refuses unknown themes, existing destinations, foreign paths and symlink parents without overwriting
2026-09-15T14:54:22.4324656Z ok 786 - cache-only compiler refuses unknown themes, existing destinations, foreign paths and symlink parents without overwriting
2026-09-15T14:54:22.4324816Z   ---
2026-09-15T14:54:22.4325004Z   duration_ms: 6.471381
2026-09-15T14:54:22.4325159Z   ...
2026-09-15T14:54:22.4325827Z # Subtest: remembered chapter survives a new host without touching saves or progress
2026-09-15T14:54:22.4326464Z ok 787 - remembered chapter survives a new host without touching saves or progress
2026-09-15T14:54:22.4326623Z   ---
2026-09-15T14:54:22.4327064Z   duration_ms: 13.788392
2026-09-15T14:54:22.4327219Z   ...
2026-09-15T14:54:22.4327961Z # Subtest: locked and removed maps fall back to ordinary continuation without granting access
2026-09-15T14:54:22.4328662Z ok 788 - locked and removed maps fall back to ordinary continuation without granting access
2026-09-15T14:54:22.4328816Z   ---
2026-09-15T14:54:22.4329290Z   duration_ms: 6.914921
2026-09-15T14:54:22.4329473Z   ...
2026-09-15T14:54:22.4330098Z # Subtest: same-name replacement revision never inherits the old menu selection
2026-09-15T14:54:22.4330678Z ok 789 - same-name replacement revision never inherits the old menu selection
2026-09-15T14:54:22.4330832Z   ---
2026-09-15T14:54:22.4331007Z   duration_ms: 4.619141
2026-09-15T14:54:22.4331148Z   ...
2026-09-15T14:54:22.4331858Z # Subtest: unknown cosmetic falls back to the authored theme without changing campaign choice
2026-09-15T14:54:22.4332526Z ok 790 - unknown cosmetic falls back to the authored theme without changing campaign choice
2026-09-15T14:54:22.4332691Z   ---
2026-09-15T14:54:22.4332857Z   duration_ms: 4.395504
2026-09-15T14:54:22.4333006Z   ...
2026-09-15T14:54:22.4333712Z # Subtest: read-only/training authorization and failed storage preserve all existing bytes
2026-09-15T14:54:22.4334379Z ok 791 - read-only/training authorization and failed storage preserve all existing bytes
2026-09-15T14:54:22.4334530Z   ---
2026-09-15T14:54:22.4334700Z   duration_ms: 0.410937
2026-09-15T14:54:22.4334840Z   ...
2026-09-15T14:54:22.4335433Z # Subtest: malformed, oversized and coercible stored bookmarks remain untouched
2026-09-15T14:54:22.4335998Z ok 792 - malformed, oversized and coercible stored bookmarks remain untouched
2026-09-15T14:54:22.4336152Z   ---
2026-09-15T14:54:22.4336322Z   duration_ms: 0.59033
2026-09-15T14:54:22.4336468Z   ...
2026-09-15T14:54:35.7767320Z # Subtest: three new theme owners preserve every physical Sentinel field and all nine exact originals
2026-09-15T14:54:35.7769302Z ok 793 - three new theme owners preserve every physical Sentinel field and all nine exact originals
2026-09-15T14:54:35.7770780Z   ---
2026-09-15T14:54:35.7771444Z   duration_ms: 47.153145
2026-09-15T14:54:35.7772057Z   ...
2026-09-15T14:54:35.7773160Z # Subtest: fixed producers reproduce all three exact compact pairs and descriptor documents
2026-09-15T14:54:35.7774838Z ok 794 - fixed producers reproduce all three exact compact pairs and descriptor documents
2026-09-15T14:54:35.7775869Z   ---
2026-09-15T14:54:35.7776417Z   duration_ms: 29965.096241
2026-09-15T14:54:35.7809230Z   ...
2026-09-15T14:54:35.7837923Z # Subtest: compact receipts execute 168 exact base traces, every saved suffix and each theme identity
2026-09-15T14:54:35.7839761Z ok 795 - compact receipts execute 168 exact base traces, every saved suffix and each theme identity
2026-09-15T14:54:35.7851723Z   ---
2026-09-15T14:54:35.7852312Z   duration_ms: 84895.217267
2026-09-15T14:54:35.7852926Z   ...
2026-09-15T14:54:35.7854100Z # Subtest: metadata validation refuses wrong source cell, original path/hash and foreign edition keys
2026-09-15T14:54:35.7856244Z ok 796 - metadata validation refuses wrong source cell, original path/hash and foreign edition keys
2026-09-15T14:54:35.7857611Z   ---
2026-09-15T14:54:35.7858167Z   duration_ms: 18.079554
2026-09-15T14:54:35.7858759Z   ...
2026-09-15T14:54:35.7859878Z # Subtest: byte and owner mismatches refuse real paired authentication without replacing an original
2026-09-15T14:54:35.7861519Z ok 797 - byte and owner mismatches refuse real paired authentication without replacing an original
2026-09-15T14:54:35.7862563Z   ---
2026-09-15T14:54:35.7863103Z   duration_ms: 5895.925548
2026-09-15T14:54:35.7863705Z   ...
2026-09-15T14:54:35.7864801Z # Subtest: actual saved and first-earned theme owners remain isolated with no cross-theme fallback
2026-09-15T14:54:35.7866422Z ok 798 - actual saved and first-earned theme owners remain isolated with no cross-theme fallback
2026-09-15T14:54:35.7867699Z   ---
2026-09-15T14:54:35.7868246Z   duration_ms: 244.871396
2026-09-15T14:54:35.7868851Z   ...
2026-09-15T14:54:35.7869910Z # Subtest: invalid requests and compact proof tampering refuse before any source record write
2026-09-15T14:54:35.7871462Z ok 799 - invalid requests and compact proof tampering refuse before any source record write
2026-09-15T14:54:35.7872474Z   ---
2026-09-15T14:54:35.7873243Z   duration_ms: 28625.361001
2026-09-15T14:54:35.7873876Z   ...
2026-09-15T14:54:46.2442944Z # Subtest: explicit pair output is confined to a fresh ordinary cache directory
2026-09-15T14:54:46.2447142Z ok 800 - explicit pair output is confined to a fresh ordinary cache directory
2026-09-15T14:54:46.2448222Z   ---
2026-09-15T14:54:46.2448767Z   duration_ms: 10468.046448
2026-09-15T14:54:46.2449361Z   ...
2026-09-15T14:54:46.5651751Z # Subtest: registered theme descriptors are exact while raw compiler and art remain outside default build inputs
2026-09-15T14:54:46.5668399Z ok 801 - registered theme descriptors are exact while raw compiler and art remain outside default build inputs
2026-09-15T14:54:46.5669397Z   ---
2026-09-15T14:54:46.5669853Z   duration_ms: 319.698221
2026-09-15T14:54:46.5670354Z   ...
2026-09-15T14:54:46.6008313Z # Subtest: supply-line/immediate: each equipment boundary restores only replay-derived progress
2026-09-15T14:54:46.6009715Z ok 802 - supply-line/immediate: each equipment boundary restores only replay-derived progress
2026-09-15T14:54:46.6030327Z   ---
2026-09-15T14:54:46.6057386Z   duration_ms: 10079.161024
2026-09-15T14:54:46.6084965Z   ...
2026-09-15T14:54:46.6086190Z # Subtest: supply-line/grid-center: each equipment boundary restores only replay-derived progress
2026-09-15T14:54:46.6107262Z ok 803 - supply-line/grid-center: each equipment boundary restores only replay-derived progress
2026-09-15T14:54:46.6177434Z   ---
2026-09-15T14:54:46.6197549Z   duration_ms: 8465.333219
2026-09-15T14:54:46.6208520Z   ...
2026-09-15T14:54:46.6209637Z # Subtest: safe-return/immediate: each equipment boundary restores only replay-derived progress
2026-09-15T14:54:46.6211371Z ok 804 - safe-return/immediate: each equipment boundary restores only replay-derived progress
2026-09-15T14:54:46.6212454Z   ---
2026-09-15T14:54:46.6212931Z   duration_ms: 3399.724152
2026-09-15T14:54:46.6213448Z   ...
2026-09-15T14:54:46.6214499Z # Subtest: safe-return/grid-center: each equipment boundary restores only replay-derived progress
2026-09-15T14:54:46.6216059Z ok 805 - safe-return/grid-center: each equipment boundary restores only replay-derived progress
2026-09-15T14:54:46.6217371Z   ---
2026-09-15T14:54:46.6277259Z   duration_ms: 2811.997466
2026-09-15T14:54:46.6277707Z   ...
2026-09-15T14:54:46.6291180Z # Subtest: definition-free restore keeps the old session result shape for either equipment route
2026-09-15T14:54:46.6292112Z ok 806 - definition-free restore keeps the old session result shape for either equipment route
2026-09-15T14:54:46.6292657Z   ---
2026-09-15T14:54:46.6292960Z   duration_ms: 128.651294
2026-09-15T14:54:46.6293278Z   ...
2026-09-15T14:54:46.6293936Z # Subtest: equipment restore snapshots the definition and rejects forged progress or incompatible installed content
2026-09-15T14:54:46.6295279Z ok 807 - equipment restore snapshots the definition and rejects forged progress or incompatible installed content
2026-09-15T14:54:46.6295875Z   ---
2026-09-15T14:54:46.6296164Z   duration_ms: 670.210912
2026-09-15T14:54:46.6296474Z   ...
2026-09-15T14:54:46.6297741Z # Subtest: cancelling a recovery rebuild on its final progress callback returns no restored session
2026-09-15T14:54:46.6299262Z ok 808 - cancelling a recovery rebuild on its final progress callback returns no restored session
2026-09-15T14:54:46.6300074Z   ---
2026-09-15T14:54:46.6300410Z   duration_ms: 57.788675
2026-09-15T14:54:46.6300730Z   ...
2026-09-15T14:54:46.6301206Z # Subtest: release explorer resolves to the shared catalog from source and frozen game URLs
2026-09-15T14:54:46.6301918Z ok 809 - release explorer resolves to the shared catalog from source and frozen game URLs
2026-09-15T14:54:46.6302360Z   ---
2026-09-15T14:54:46.6302557Z   duration_ms: 2.143656
2026-09-15T14:54:46.6302778Z   ...
2026-09-15T14:54:46.6303272Z # Subtest: About accepts actual local and canonical archived play records without double-prefixing
2026-09-15T14:54:46.6304043Z ok 810 - About accepts actual local and canonical archived play records without double-prefixing
2026-09-15T14:54:46.6304697Z   ---
2026-09-15T14:54:46.6304912Z   duration_ms: 13.514974
2026-09-15T14:54:46.6305145Z   ...
2026-09-15T14:54:46.6305626Z # Subtest: archive links reject script schemes, credentials, traversal and non-game destinations
2026-09-15T14:54:46.6306366Z ok 811 - archive links reject script schemes, credentials, traversal and non-game destinations
2026-09-15T14:54:46.6307163Z   ---
2026-09-15T14:54:46.6307475Z   duration_ms: 0.424251
2026-09-15T14:54:46.6307862Z   ...
2026-09-15T14:54:46.6308607Z # Subtest: transport settling refuses a predicate that never becomes ready
2026-09-15T14:54:46.6309719Z ok 812 - transport settling refuses a predicate that never becomes ready
2026-09-15T14:54:46.6310428Z   ---
2026-09-15T14:54:46.6310787Z   duration_ms: 24.033637
2026-09-15T14:54:46.6311183Z   ...
2026-09-15T14:54:46.6312017Z # Subtest: transport construction/settings/selection stay silent until explicit Play
2026-09-15T14:54:46.6313292Z ok 813 - transport construction/settings/selection stay silent until explicit Play
2026-09-15T14:54:46.6314065Z   ---
2026-09-15T14:54:46.6314407Z   duration_ms: 11.158511
2026-09-15T14:54:46.6314797Z   ...
2026-09-15T14:54:46.6315852Z # Subtest: preparing a local MP3 keeps playback silent, then a gesture wake starts it before context resume settles
2026-09-15T14:54:46.6317954Z ok 814 - preparing a local MP3 keeps playback silent, then a gesture wake starts it before context resume settles
2026-09-15T14:54:46.6318924Z   ---
2026-09-15T14:54:46.6319276Z   duration_ms: 11.215357
2026-09-15T14:54:46.6319684Z   ...
2026-09-15T14:54:46.6320709Z # Subtest: synth song boundary signals once at actual audio deadline and does not schedule the next song early
2026-09-15T14:54:46.6322320Z ok 815 - synth song boundary signals once at actual audio deadline and does not schedule the next song early
2026-09-15T14:54:46.6323229Z   ---
2026-09-15T14:54:46.6323571Z   duration_ms: 1.42742
2026-09-15T14:54:46.6323953Z   ...
2026-09-15T14:54:46.6325003Z # Subtest: music-only pause freezes position while gameplay SFX remain available; full lifecycle suspends both
2026-09-15T14:54:46.6326647Z ok 816 - music-only pause freezes position while gameplay SFX remain available; full lifecycle suspends both
2026-09-15T14:54:46.6327903Z   ---
2026-09-15T14:54:46.6328263Z   duration_ms: 9.487103
2026-09-15T14:54:46.6328653Z   ...
2026-09-15T14:54:46.6329963Z # Subtest: ordered mixed queue advances synth→MP3→end without another element or album decode
2026-09-15T14:54:46.6331832Z ok 817 - ordered mixed queue advances synth→MP3→end without another element or album decode
2026-09-15T14:54:46.6332675Z   ---
2026-09-15T14:54:46.6333020Z   duration_ms: 10.58383
2026-09-15T14:54:46.6333672Z   ...
2026-09-15T14:54:46.6334457Z # Subtest: repeat-one repeats only on natural end, while Next explicitly advances
2026-09-15T14:54:46.6335640Z ok 818 - repeat-one repeats only on natural end, while Next explicitly advances
2026-09-15T14:54:46.6336363Z   ---
2026-09-15T14:54:46.6336716Z   duration_ms: 5.580623
2026-09-15T14:54:46.6337570Z   ...
2026-09-15T14:54:46.6338511Z # Subtest: authored game music is the automatic fallback and changes only at a song boundary
2026-09-15T14:54:46.6339844Z ok 819 - authored game music is the automatic fallback and changes only at a song boundary
2026-09-15T14:54:46.6340640Z   ---
2026-09-15T14:54:46.6340980Z   duration_ms: 6.94676
2026-09-15T14:54:46.6341369Z   ...
2026-09-15T14:54:46.6342247Z # Subtest: scope assignments beat authored fallback and context updates wait for current song
2026-09-15T14:54:46.6343622Z ok 820 - scope assignments beat authored fallback and context updates wait for current song
2026-09-15T14:54:46.6357729Z   ---
2026-09-15T14:54:46.6358132Z   duration_ms: 5.903495
2026-09-15T14:54:46.6358540Z   ...
2026-09-15T14:54:46.6359487Z # Subtest: library metadata edits preserve current owned MP3 and object URL until natural boundary
2026-09-15T14:54:46.6360963Z ok 821 - library metadata edits preserve current owned MP3 and object URL until natural boundary
2026-09-15T14:54:46.6362055Z   ---
2026-09-15T14:54:46.6362413Z   duration_ms: 5.425013
2026-09-15T14:54:46.6362810Z   ...
2026-09-15T14:54:46.6363637Z # Subtest: paused MP3 resumes the same URL/position and its ended handler remains active
2026-09-15T14:54:46.6364894Z ok 822 - paused MP3 resumes the same URL/position and its ended handler remains active
2026-09-15T14:54:46.6365659Z   ---
2026-09-15T14:54:46.6365999Z   duration_ms: 9.365548
2026-09-15T14:54:46.6366383Z   ...
2026-09-15T14:54:46.6367554Z # Subtest: one broken original is skipped once and a finite builtin fallback remains observable
2026-09-15T14:54:46.6368928Z ok 823 - one broken original is skipped once and a finite builtin fallback remains observable
2026-09-15T14:54:46.6369743Z   ---
2026-09-15T14:54:46.6370083Z   duration_ms: 6.400141
2026-09-15T14:54:46.6370478Z   ...
2026-09-15T14:54:46.6371431Z # Subtest: autoplay denial is observable, preserves current track, and requires another explicit Play
2026-09-15T14:54:46.6372936Z ok 824 - autoplay denial is observable, preserves current track, and requires another explicit Play
2026-09-15T14:54:46.6373807Z   ---
2026-09-15T14:54:46.6374146Z   duration_ms: 8.536233
2026-09-15T14:54:46.6374527Z   ...
2026-09-15T14:54:46.6375412Z # Subtest: a stale pending asset load cannot publish audio after explicit selection or disposal
2026-09-15T14:54:46.6387207Z ok 825 - a stale pending asset load cannot publish audio after explicit selection or disposal
2026-09-15T14:54:46.6388128Z   ---
2026-09-15T14:54:46.6388500Z   duration_ms: 5.499742
2026-09-15T14:54:46.6388900Z   ...
2026-09-15T14:54:46.6389830Z # Subtest: volume owns the music fader only, combines with master for MP3, and preserves SFX volume
2026-09-15T14:54:46.6391263Z ok 826 - volume owns the music fader only, combines with master for MP3, and preserves SFX volume
2026-09-15T14:54:46.6392088Z   ---
2026-09-15T14:54:46.6392429Z   duration_ms: 0.75625
2026-09-15T14:54:46.6392810Z   ...
2026-09-15T14:54:46.6393760Z # Subtest: seeking a paused synth before creating audio is retained for its first permitted playback
2026-09-15T14:54:46.6395210Z ok 827 - seeking a paused synth before creating audio is retained for its first permitted playback
2026-09-15T14:54:46.6396061Z   ---
2026-09-15T14:54:46.6396408Z   duration_ms: 2.469804
2026-09-15T14:54:46.6396995Z   ...
2026-09-15T14:54:46.6399588Z # Subtest: a complete synth rendition advances through real scheduler steps on a controlled audio clock
2026-09-15T14:54:46.6401155Z ok 828 - a complete synth rendition advances through real scheduler steps on a controlled audio clock
2026-09-15T14:54:46.6402042Z   ---
2026-09-15T14:54:46.6402393Z   duration_ms: 82.540814
2026-09-15T14:54:46.6403071Z   ...
2026-09-15T14:54:46.6403940Z # Subtest: repeat-all wraps and shuffled sessions preserve the exact authored entry multiset
2026-09-15T14:54:46.6405233Z ok 829 - repeat-all wraps and shuffled sessions preserve the exact authored entry multiset
2026-09-15T14:54:46.6406072Z   ---
2026-09-15T14:54:46.6406425Z   duration_ms: 16.589174
2026-09-15T14:54:46.6407120Z   ...
2026-09-15T14:54:46.6408082Z # Subtest: explicit switch fades only music and a pause during its fade cannot publish late playback
2026-09-15T14:54:46.6409539Z ok 830 - explicit switch fades only music and a pause during its fade cannot publish late playback
2026-09-15T14:54:46.6410382Z   ---
2026-09-15T14:54:46.6410730Z   duration_ms: 11.290437
2026-09-15T14:54:46.6411144Z   ...
2026-09-15T14:54:46.6412059Z # Subtest: lifecycle suspension of MP3 preserves listening intent and resumes the SFX context too
2026-09-15T14:54:46.6413471Z ok 831 - lifecycle suspension of MP3 preserves listening intent and resumes the SFX context too
2026-09-15T14:54:46.6414310Z   ---
2026-09-15T14:54:46.6414650Z   duration_ms: 8.23832
2026-09-15T14:54:46.6415037Z   ...
2026-09-15T14:54:46.6415998Z # Subtest: unsupported or corrupt originals never reach an object URL and fallback attempts stay finite
2026-09-15T14:54:46.6418065Z ok 832 - unsupported or corrupt originals never reach an object URL and fallback attempts stay finite
2026-09-15T14:54:46.6418967Z   ---
2026-09-15T14:54:46.6419313Z   duration_ms: 4.997727
2026-09-15T14:54:46.6419696Z   ...
2026-09-15T14:54:46.6420855Z # Subtest: a changed stored selection is adopted on the next boundary while unrelated metadata edits preserve a session choice
2026-09-15T14:54:46.6422691Z ok 833 - a changed stored selection is adopted on the next boundary while unrelated metadata edits preserve a session choice
2026-09-15T14:54:46.6423705Z   ---
2026-09-15T14:54:46.6424058Z   duration_ms: 15.243135
2026-09-15T14:54:46.6424452Z   ...
2026-09-15T14:54:46.6425316Z # Subtest: disposal aborts a pending storage load and its late original cannot allocate a URL
2026-09-15T14:54:46.6426678Z ok 834 - disposal aborts a pending storage load and its late original cannot allocate a URL
2026-09-15T14:54:46.6427793Z   ---
2026-09-15T14:54:46.6428136Z   duration_ms: 2.974344
2026-09-15T14:54:46.6428530Z   ...
2026-09-15T14:54:46.6429379Z # Subtest: a delayed media play promise cannot restore playing status after transport pause
2026-09-15T14:54:46.6430705Z ok 835 - a delayed media play promise cannot restore playing status after transport pause
2026-09-15T14:54:46.6431486Z   ---
2026-09-15T14:54:46.6431837Z   duration_ms: 29.996377
2026-09-15T14:54:46.6432231Z   ...
2026-09-15T14:54:46.6433158Z # Subtest: returning explicitly to automatic selection restores the authored map recipe immediately
2026-09-15T14:54:46.6434645Z ok 836 - returning explicitly to automatic selection restores the authored map recipe immediately
2026-09-15T14:54:46.6435501Z   ---
2026-09-15T14:54:46.6435840Z   duration_ms: 1.74869
2026-09-15T14:54:46.6436226Z   ...
2026-09-15T14:54:46.6437238Z # Subtest: a delayed synth enable denial cannot overwrite pause, suspend or dispose state
2026-09-15T14:54:46.6438586Z ok 837 - a delayed synth enable denial cannot overwrite pause, suspend or dispose state
2026-09-15T14:54:46.6439360Z   ---
2026-09-15T14:54:46.6439698Z   duration_ms: 3.876016
2026-09-15T14:54:46.6440087Z   ...
2026-09-15T14:54:46.6441047Z # Subtest: restoring inactive listening intent after an audition never starts audio until host resume
2026-09-15T14:54:46.6442539Z ok 838 - restoring inactive listening intent after an audition never starts audio until host resume
2026-09-15T14:54:46.6443413Z   ---
2026-09-15T14:54:46.6443749Z   duration_ms: 7.444427
2026-09-15T14:54:46.6444136Z   ...
2026-09-15T14:54:46.6445115Z # Subtest: silent audio preparation reports a delayed read and stale completion cannot reclaim its status
2026-09-15T14:54:46.6446648Z ok 839 - silent audio preparation reports a delayed read and stale completion cannot reclaim its status
2026-09-15T14:54:46.6447957Z   ---
2026-09-15T14:54:46.6448300Z   duration_ms: 3.146234
2026-09-15T14:54:46.6448680Z   ...
2026-09-15T14:54:46.6449525Z # Subtest: earlier cached play settlement cannot clear a newer play preparation observer
2026-09-15T14:54:46.6450824Z ok 840 - earlier cached play settlement cannot clear a newer play preparation observer
2026-09-15T14:54:46.6451605Z   ---
2026-09-15T14:54:46.6451955Z   duration_ms: 6.292279
2026-09-15T14:54:46.6452338Z   ...
2026-09-15T14:54:46.6453106Z # Subtest: bounded sprite documents own their bytes and reject mismatched imports
2026-09-15T14:54:46.6454285Z ok 841 - bounded sprite documents own their bytes and reject mismatched imports
2026-09-15T14:54:46.6455005Z   ---
2026-09-15T14:54:46.6455341Z   duration_ms: 2.121805
2026-09-15T14:54:46.6455716Z   ...
2026-09-15T14:54:46.6456443Z # Subtest: a closed shape contains flood fill, with undo and branchable redo
2026-09-15T14:54:46.6457820Z ok 842 - a closed shape contains flood fill, with undo and branchable redo
2026-09-15T14:54:46.6458511Z   ---
2026-09-15T14:54:46.6458852Z   duration_ms: 0.829416
2026-09-15T14:54:46.6459230Z   ...
2026-09-15T14:54:46.6459988Z # Subtest: invalid strokes and clipped moves never partially change the document
2026-09-15T14:54:46.6461138Z ok 843 - invalid strokes and clipped moves never partially change the document
2026-09-15T14:54:46.6462046Z   ---
2026-09-15T14:54:46.6462393Z   duration_ms: 0.528435
2026-09-15T14:54:46.6462783Z   ...
2026-09-15T14:54:46.6463662Z # Subtest: overlapping selection moves preserve the selected source, and rotations round trip
2026-09-15T14:54:46.6465045Z ok 844 - overlapping selection moves preserve the selected source, and rotations round trip
2026-09-15T14:54:46.6465860Z   ---
2026-09-15T14:54:46.6466203Z   duration_ms: 1.810335
2026-09-15T14:54:46.6466583Z   ...
2026-09-15T14:54:46.6467694Z # Subtest: sparse colors and invalid operations retain exact pixels and the redo branch
2026-09-15T14:54:46.6468975Z ok 845 - sparse colors and invalid operations retain exact pixels and the redo branch
2026-09-15T14:54:46.6470308Z   ---
2026-09-15T14:54:46.6472355Z   duration_ms: 0.613414
2026-09-15T14:54:46.6472768Z   ...
2026-09-15T14:54:46.6473729Z # Subtest: undo and redo are lossless across rectangular transforms and overlapping transparent moves
2026-09-15T14:54:46.6475221Z ok 846 - undo and redo are lossless across rectangular transforms and overlapping transparent moves
2026-09-15T14:54:46.6476090Z   ---
2026-09-15T14:54:46.6476425Z   duration_ms: 0.59545
2026-09-15T14:54:46.6477007Z   ...
2026-09-15T14:54:46.6477807Z # Subtest: actual classic entry gives file-URL guidance before module/storage access
2026-09-15T14:54:46.6479040Z ok 847 - actual classic entry gives file-URL guidance before module/storage access
2026-09-15T14:54:46.6479789Z   ---
2026-09-15T14:54:46.6480129Z   duration_ms: 9.233292
2026-09-15T14:54:46.6480525Z   ...
2026-09-15T14:54:46.6481625Z # Subtest: actual authoring entry opens no DB until explicit activation and shares one real manager for audio and media
2026-09-15T14:54:46.6483375Z ok 848 - actual authoring entry opens no DB until explicit activation and shares one real manager for audio and media
2026-09-15T14:54:46.6484356Z   ---
2026-09-15T14:54:46.6484699Z   duration_ms: 354.992974
2026-09-15T14:54:46.6485099Z   ...
2026-09-15T14:54:46.6486038Z # Subtest: v1 MP3 bytes remain exact through shared v4 upgrade and explicit native backup preparation
2026-09-15T14:54:46.6487673Z ok 849 - v1 MP3 bytes remain exact through shared v4 upgrade and explicit native backup preparation
2026-09-15T14:54:46.6488518Z   ---
2026-09-15T14:54:46.6488865Z   duration_ms: 278.749843
2026-09-15T14:54:46.6489292Z   ...
2026-09-15T14:54:46.6490034Z # Subtest: file URL and cancelled late source load do not open or upgrade media
2026-09-15T14:54:46.6491154Z ok 850 - file URL and cancelled late source load do not open or upgrade media
2026-09-15T14:54:46.6491848Z   ---
2026-09-15T14:54:46.6492186Z   duration_ms: 21.813374
2026-09-15T14:54:46.6492580Z   ...
2026-09-15T14:54:46.6493694Z # Subtest: rejected shared-store access remains visible and cannot become an empty media save
2026-09-15T14:54:46.6495062Z ok 851 - rejected shared-store access remains visible and cannot become an empty media save
2026-09-15T14:54:46.6495872Z   ---
2026-09-15T14:54:46.6496217Z   duration_ms: 20.000955
2026-09-15T14:54:46.6496607Z   ...
2026-09-15T14:54:46.6497872Z # Subtest: persisted pagehide cancels a pending first Open before it can create or upgrade a manager
2026-09-15T14:54:46.6499361Z ok 852 - persisted pagehide cancels a pending first Open before it can create or upgrade a manager
2026-09-15T14:54:46.6500225Z   ---
2026-09-15T14:54:46.6500566Z   duration_ms: 30.911093
2026-09-15T14:54:46.6500967Z   ...
2026-09-15T14:54:46.6502023Z # Subtest: existing host navigation owns Back and neutralizes native handoff; hidden page cancels the edit context
2026-09-15T14:54:46.6503699Z ok 853 - existing host navigation owns Back and neutralizes native handoff; hidden page cancels the edit context
2026-09-15T14:54:46.6504655Z   ---
2026-09-15T14:54:46.6504991Z   duration_ms: 82.507655
2026-09-15T14:54:46.6505380Z   ...
2026-09-15T14:54:46.6506304Z # Subtest: actual shared router prevents held Confirm across modal close and native pointer handoff
2026-09-15T14:54:46.6508142Z ok 854 - actual shared router prevents held Confirm across modal close and native pointer handoff
2026-09-15T14:54:46.6509007Z   ---
2026-09-15T14:54:46.6509348Z   duration_ms: 82.964194
2026-09-15T14:54:46.6509746Z   ...
2026-09-15T14:54:46.6510554Z # Subtest: opening announces the held catalogue read and Close fences its late failure
2026-09-15T14:54:46.6511794Z ok 855 - opening announces the held catalogue read and Close fences its late failure
2026-09-15T14:54:46.6512554Z   ---
2026-09-15T14:54:46.6512897Z   duration_ms: 9.893523
2026-09-15T14:54:46.6513280Z   ...
2026-09-15T14:54:46.6514102Z # Subtest: classic picture workshop exposes loading and Back before storage explanation
2026-09-15T14:54:46.6515360Z ok 856 - classic picture workshop exposes loading and Back before storage explanation
2026-09-15T14:54:46.6516133Z   ---
2026-09-15T14:54:46.6516475Z   duration_ms: 4.125921
2026-09-15T14:54:46.6517050Z   ...
2026-09-15T14:54:46.6517942Z # Subtest: no optional capability keeps the actual still-only panel and rich-v3 store unchanged
2026-09-15T14:54:46.6519325Z ok 857 - no optional capability keeps the actual still-only panel and rich-v3 store unchanged
2026-09-15T14:54:46.6520133Z   ---
2026-09-15T14:54:46.6520470Z   duration_ms: 197.24998
2026-09-15T14:54:46.6520864Z   ...
2026-09-15T14:54:46.6522085Z # Subtest: Prepare writes neither descriptor nor binding, Save commits both once and rejected notification retains the new generation
2026-09-15T14:54:46.6524051Z ok 858 - Prepare writes neither descriptor nor binding, Save commits both once and rejected notification retains the new generation
2026-09-15T14:54:46.6525118Z   ---
2026-09-15T14:54:46.6525465Z   duration_ms: 2485.476797
2026-09-15T14:54:46.6525870Z   ...
2026-09-15T14:54:46.6527213Z # Subtest: historical poster A can be selected after current B; clear saves explicit null and exact saved history can be rebound
2026-09-15T14:54:46.6529082Z ok 859 - historical poster A can be selected after current B; clear saves explicit null and exact saved history can be rebound
2026-09-15T14:54:46.6530104Z   ---
2026-09-15T14:54:46.6530704Z   duration_ms: 3502.738593
2026-09-15T14:54:46.6531117Z   ...
2026-09-15T14:54:46.6532312Z # Subtest: unsaved poster and invalid segment cannot produce a reviewed story; picture revision change invalidates a prepared save
2026-09-15T14:54:46.6534235Z ok 860 - unsaved poster and invalid segment cannot produce a reviewed story; picture revision change invalidates a prepared save
2026-09-15T14:54:46.6535296Z   ---
2026-09-15T14:54:46.6535637Z   duration_ms: 814.327503
2026-09-15T14:54:46.6536033Z   ...
2026-09-15T14:54:46.6537385Z # Subtest: stale installed context, concurrent story generation and transaction refusal preserve the entire prior inventory
2026-09-15T14:54:46.6539782Z ok 861 - stale installed context, concurrent story generation and transaction refusal preserve the entire prior inventory
2026-09-15T14:54:46.6540808Z   ---
2026-09-15T14:54:46.6541171Z   duration_ms: 5223.957088
2026-09-15T14:54:46.6541569Z   ...
2026-09-15T14:54:46.6542964Z # Subtest: native prepared download transfers exact v2 bytes; keep-current preserves null and explicit restore restores only reviewed incoming bindings
2026-09-15T14:54:46.6545242Z ok 862 - native prepared download transfers exact v2 bytes; keep-current preserves null and explicit restore restores only reviewed incoming bindings
2026-09-15T14:54:46.6546445Z   ---
2026-09-15T14:54:46.6547101Z   duration_ms: 5100.041977
2026-09-15T14:54:46.6547526Z   ...
2026-09-15T14:54:46.6548913Z # Subtest: fresh restore requires actual paired poster originals, corrupt source refuses completely, and correct pairs restore exact video
2026-09-15T14:54:46.6551005Z ok 863 - fresh restore requires actual paired poster originals, corrupt source refuses completely, and correct pairs restore exact video
2026-09-15T14:54:46.6552144Z   ---
2026-09-15T14:54:46.6552484Z   duration_ms: 2402.50066
2026-09-15T14:54:46.6552887Z   ...
2026-09-15T14:54:46.6553986Z # Subtest: Back cancels a late returned reservation without publishing Save; current source remains usable after reload
2026-09-15T14:54:46.6555971Z ok 864 - Back cancels a late returned reservation without publishing Save; current source remains usable after reload
2026-09-15T14:54:46.6557154Z   ---
2026-09-15T14:54:46.6557502Z   duration_ms: 817.670599
2026-09-15T14:54:46.6557914Z   ...
2026-09-15T14:54:46.6559050Z # Subtest: the existing router requires released Confirm between Prepare and Save and native Enter remains a browser action
2026-09-15T14:54:46.6560885Z ok 865 - the existing router requires released Confirm between Prepare and Save and native Enter remains a browser action
2026-09-15T14:54:46.6562348Z   ---
2026-09-15T14:54:46.6562994Z   duration_ms: 1078.829876
2026-09-15T14:54:46.6563417Z   ...
2026-09-15T14:54:46.6564452Z # Subtest: story metadata backup preserves real standard/immediate flight A and first-earned A after better B
2026-09-15T14:54:46.6566083Z ok 866 - story metadata backup preserves real standard/immediate flight A and first-earned A after better B
2026-09-15T14:54:46.6567195Z   ---
2026-09-15T14:54:46.6567549Z   duration_ms: 791.70775
2026-09-15T14:54:46.6567944Z   ...
2026-09-15T14:54:46.6568972Z # Subtest: story metadata backup preserves real standard/grid-center flight A and first-earned A after better B
2026-09-15T14:54:46.6570630Z ok 867 - story metadata backup preserves real standard/grid-center flight A and first-earned A after better B
2026-09-15T14:54:46.6571564Z   ---
2026-09-15T14:54:46.6571903Z   duration_ms: 720.109468
2026-09-15T14:54:46.6572279Z   ...
2026-09-15T14:54:46.6573193Z # Subtest: story metadata backup preserves real gentle/immediate flight A and first-earned A after better B
2026-09-15T14:54:46.6574824Z ok 868 - story metadata backup preserves real gentle/immediate flight A and first-earned A after better B
2026-09-15T14:54:46.6575755Z   ---
2026-09-15T14:54:46.6576108Z   duration_ms: 654.455854
2026-09-15T14:54:46.6576516Z   ...
2026-09-15T14:54:46.6578362Z # Subtest: story metadata backup preserves real gentle/grid-center flight A and first-earned A after better B
2026-09-15T14:54:46.6581655Z ok 869 - story metadata backup preserves real gentle/grid-center flight A and first-earned A after better B
2026-09-15T14:54:46.6583442Z   ---
2026-09-15T14:54:46.6583798Z   duration_ms: 547.82216
2026-09-15T14:54:46.6584212Z   ...
2026-09-15T14:54:46.6585117Z # Subtest: v4 flight with no earned receipts still invokes its exact owner resolver and roundtrips
2026-09-15T14:54:46.6586534Z ok 870 - v4 flight with no earned receipts still invokes its exact owner resolver and roundtrips
2026-09-15T14:54:46.6587573Z   ---
2026-09-15T14:54:46.6587931Z   duration_ms: 495.624772
2026-09-15T14:54:46.6588337Z   ...
2026-09-15T14:54:46.6589581Z # Subtest: v4 flight with empty profile still requires a synchronous branded owner resolver before any write
2026-09-15T14:54:46.6591421Z ok 871 - v4 flight with empty profile still requires a synchronous branded owner resolver before any write
2026-09-15T14:54:46.6592316Z   ---
2026-09-15T14:54:46.6592671Z   duration_ms: 540.323159
2026-09-15T14:54:46.6593077Z   ...
2026-09-15T14:54:46.6594175Z # Subtest: retained owner reconstructs earned story metadata after pack removal without originals or an installation
2026-09-15T14:54:46.6595909Z ok 872 - retained owner reconstructs earned story metadata after pack removal without originals or an installation
2026-09-15T14:54:46.6597190Z   ---
2026-09-15T14:54:46.6597547Z   duration_ms: 381.530497
2026-09-15T14:54:46.6597945Z   ...
2026-09-15T14:54:46.6598749Z # Subtest: coherent but foreign story/picture owner fields refuse before target commit
2026-09-15T14:54:46.6600002Z ok 873 - coherent but foreign story/picture owner fields refuse before target commit
2026-09-15T14:54:46.6600770Z   ---
2026-09-15T14:54:46.6601118Z   duration_ms: 280.548508
2026-09-15T14:54:46.6601521Z   ...
2026-09-15T14:54:46.6602589Z # Subtest: earlier-channel v4 transfer retains metadata, source locks and fingerprint, then explicit commit and Undo
2026-09-15T14:54:46.6605022Z ok 874 - earlier-channel v4 transfer retains metadata, source locks and fingerprint, then explicit commit and Undo
2026-09-15T14:54:46.6606187Z   ---
2026-09-15T14:54:46.6606532Z   duration_ms: 344.161466
2026-09-15T14:54:46.6607124Z   ...
2026-09-15T14:54:46.6608115Z # Subtest: missing/foreign/cancelled transfer resolver cannot reach fingerprint or source/target writes
2026-09-15T14:54:46.6609666Z ok 875 - missing/foreign/cancelled transfer resolver cannot reach fingerprint or source/target writes
2026-09-15T14:54:46.6610554Z   ---
2026-09-15T14:54:46.6610891Z   duration_ms: 321.474199
2026-09-15T14:54:46.6611299Z   ...
2026-09-15T14:54:46.6612361Z # Subtest: failure after v4 profile write rolls back exact prior target values and keeps the prepared import reusable
2026-09-15T14:54:46.6614061Z ok 876 - failure after v4 profile write rolls back exact prior target values and keeps the prepared import reusable
2026-09-15T14:54:46.6615015Z   ---
2026-09-15T14:54:46.6615351Z   duration_ms: 500.640863
2026-09-15T14:54:46.6615745Z   ...
2026-09-15T14:54:46.6621778Z # Subtest: exact historical A survives unbinding and original availability is checked before codec acquisition
2026-09-15T14:54:46.6623493Z ok 877 - exact historical A survives unbinding and original availability is checked before codec acquisition
2026-09-15T14:54:46.6625591Z   ---
2026-09-15T14:54:46.6626001Z   duration_ms: 339.591008
2026-09-15T14:54:46.6626406Z   ...
2026-09-15T14:54:46.6627749Z # Subtest: opening stages exact poster before awaiting originals and never calls Play or changes volume automatically
2026-09-15T14:54:46.6629398Z ok 878 - opening stages exact poster before awaiting originals and never calls Play or changes volume automatically
2026-09-15T14:54:46.6630375Z   ---
2026-09-15T14:54:46.6630747Z   duration_ms: 72.373912
2026-09-15T14:54:46.6631136Z   ...
2026-09-15T14:54:46.6641358Z # Subtest: missing/corrupt movie keeps the already staged exact poster and gives finite recovery guidance
2026-09-15T14:54:46.6643787Z ok 879 - missing/corrupt movie keeps the already staged exact poster and gives finite recovery guidance
2026-09-15T14:54:46.6644686Z   ---
2026-09-15T14:54:46.6645033Z   duration_ms: 1.320011
2026-09-15T14:54:46.6645416Z   ...
2026-09-15T14:54:46.6651308Z # Subtest: Close during delayed acquisition neutralizes input and prevents late presentation allocation
2026-09-15T14:54:46.6654306Z ok 880 - Close during delayed acquisition neutralizes input and prevents late presentation allocation
2026-09-15T14:54:46.6655214Z   ---
2026-09-15T14:54:46.6655567Z   duration_ms: 1.031032
2026-09-15T14:54:46.6655966Z   ...
2026-09-15T14:54:46.6657023Z # Subtest: new context and external lifecycle abort cannot publish old or later resources
2026-09-15T14:54:46.6658330Z ok 881 - new context and external lifecycle abort cannot publish old or later resources
2026-09-15T14:54:46.6659571Z   ---
2026-09-15T14:54:46.6659927Z   duration_ms: 72.669352
2026-09-15T14:54:46.6660589Z   ...
2026-09-15T14:54:46.6663089Z # Subtest: failed poster staging preserves current view; blur pauses ready story and hidden loading closes safely
2026-09-15T14:54:46.6665984Z ok 882 - failed poster staging preserves current view; blur pauses ready story and hidden loading closes safely
2026-09-15T14:54:46.6671577Z   ---
2026-09-15T14:54:46.6671973Z   duration_ms: 69.719984
2026-09-15T14:54:46.6672393Z   ...
2026-09-15T14:54:46.6673455Z # Subtest: reentrant presentation allocation cancellation releases the returned view without a late success
2026-09-15T14:54:46.6675094Z ok 883 - reentrant presentation allocation cancellation releases the returned view without a late success
2026-09-15T14:54:46.6676027Z   ---
2026-09-15T14:54:46.6676386Z   duration_ms: 104.541795
2026-09-15T14:54:46.6677007Z   ...
2026-09-15T14:54:46.6678056Z # Subtest: persisted pagehide releases the open presentation and permits explicit reopening after pageshow
2026-09-15T14:54:46.6679639Z ok 884 - persisted pagehide releases the open presentation and permits explicit reopening after pageshow
2026-09-15T14:54:46.6680540Z   ---
2026-09-15T14:54:46.6680900Z   duration_ms: 174.119372
2026-09-15T14:54:46.6681553Z   ...
2026-09-15T14:54:46.6682596Z # Subtest: persisted pagehide cancels pending acquisition without publishing its late return after reopening
2026-09-15T14:54:46.6684229Z ok 885 - persisted pagehide cancels pending acquisition without publishing its late return after reopening
2026-09-15T14:54:46.6685222Z   ---
2026-09-15T14:54:46.6685576Z   duration_ms: 1.659313
2026-09-15T14:54:46.6685979Z   ...
2026-09-15T14:54:46.6687232Z # Subtest: three importable original wide layouts have distinct physical walls and explicit placeholder teaching
2026-09-15T14:54:46.6688893Z ok 886 - three importable original wide layouts have distinct physical walls and explicit placeholder teaching
2026-09-15T14:54:46.6689846Z   ---
2026-09-15T14:54:46.6690190Z   duration_ms: 29.793548
2026-09-15T14:54:46.6690589Z   ...
2026-09-15T14:54:46.6691674Z # Subtest: 24 bounded ordinary routes reproduce actual outcomes, checkpoints and saved suffixes under both turn modes
2026-09-15T14:54:46.6693413Z ok 887 - 24 bounded ordinary routes reproduce actual outcomes, checkpoints and saved suffixes under both turn modes
2026-09-15T14:54:46.6694375Z   ---
2026-09-15T14:54:46.6694717Z   duration_ms: 9458.808361
2026-09-15T14:54:46.6695123Z   ...
2026-09-15T14:54:46.6696171Z # Subtest: two real exits beat the locked warned interceptor while the blocked center receives a travelling line hit
2026-09-15T14:54:46.6698071Z ok 888 - two real exits beat the locked warned interceptor while the blocked center receives a travelling line hit
2026-09-15T14:54:46.6698973Z   ---
2026-09-15T14:54:46.6699572Z   duration_ms: 1.480871
2026-09-15T14:54:46.6700142Z   ...
2026-09-15T14:54:46.6701548Z # Subtest: direction-only Arcade ignores manual equipment and Boost attempts on this exact authored exit
2026-09-15T14:54:46.6703686Z ok 889 - direction-only Arcade ignores manual equipment and Boost attempts on this exact authored exit
2026-09-15T14:54:46.6704723Z   ---
2026-09-15T14:54:46.6705075Z   duration_ms: 334.807003
2026-09-15T14:54:46.6705475Z   ...
2026-09-15T14:54:46.6706445Z # Subtest: supply timing enables a fast crossing but an equipment-free western gate still offers a two-cut win
2026-09-15T14:54:46.6708395Z ok 890 - supply timing enables a fast crossing but an equipment-free western gate still offers a two-cut win
2026-09-15T14:54:46.6709366Z   ---
2026-09-15T14:54:46.6709716Z   duration_ms: 0.498439
2026-09-15T14:54:46.6710110Z   ...
2026-09-15T14:54:46.6711097Z # Subtest: partial capture remains stopped while the world advances and survives a real saved-session round trip
2026-09-15T14:54:46.6712788Z ok 891 - partial capture remains stopped while the world advances and survives a real saved-session round trip
2026-09-15T14:54:46.6714011Z   ---
2026-09-15T14:54:46.6714367Z   duration_ms: 422.988987
2026-09-15T14:54:46.6714764Z   ...
2026-09-15T14:54:46.6715754Z # Subtest: Fiber keeps signal speed and Scan but cannot ignore cable length; the northern rim works for Scout
2026-09-15T14:54:46.6717623Z ok 892 - Fiber keeps signal speed and Scan but cannot ignore cable length; the northern rim works for Scout
2026-09-15T14:54:46.6718776Z   ---
2026-09-15T14:54:46.6719127Z   duration_ms: 0.601211
2026-09-15T14:54:46.6719528Z   ...
2026-09-15T14:54:46.6720447Z # Subtest: proof rejects changed geometry, missing/duplicate routes and foreign context authority
2026-09-15T14:54:46.6721877Z ok 893 - proof rejects changed geometry, missing/duplicate routes and foreign context authority
2026-09-15T14:54:46.6722726Z   ---
2026-09-15T14:54:46.6723071Z   duration_ms: 560.002257
2026-09-15T14:54:46.6723468Z   ...
2026-09-15T14:54:46.6724487Z # Subtest: proof rejects manual Arcade commands, fabricated verdicts and altered saved continuation evidence
2026-09-15T14:54:46.6726104Z ok 894 - proof rejects manual Arcade commands, fabricated verdicts and altered saved continuation evidence
2026-09-15T14:54:46.6727347Z   ---
2026-09-15T14:54:46.6727712Z   duration_ms: 1227.233746
2026-09-15T14:54:46.6728119Z   ...
2026-09-15T14:54:46.6729274Z # Subtest: old profiles gain Pixel in memory without rewriting stored bytes or collected records
2026-09-15T14:54:46.6730659Z ok 895 - old profiles gain Pixel in memory without rewriting stored bytes or collected records
2026-09-15T14:54:46.6731470Z   ---
2026-09-15T14:54:46.6731812Z   duration_ms: 14.139207
2026-09-15T14:54:46.6732202Z   ...
2026-09-15T14:54:46.6733134Z # Subtest: Plain and Large travel together through a complete backup without changing a saved flight
2026-09-15T14:54:46.6734586Z ok 896 - Plain and Large travel together through a complete backup without changing a saved flight
2026-09-15T14:54:46.6735426Z   ---
2026-09-15T14:54:46.6735770Z   duration_ms: 127.422301
2026-09-15T14:54:46.6736175Z   ...
2026-09-15T14:54:46.6737323Z # Subtest: unknown or malformed text styles refuse before storage access; an accessor is never invoked
2026-09-15T14:54:46.6738882Z ok 897 - unknown or malformed text styles refuse before storage access; an accessor is never invoked
2026-09-15T14:54:46.6739732Z   ---
2026-09-15T14:54:46.6740078Z   duration_ms: 6.236967
2026-09-15T14:54:46.6740472Z   ...
2026-09-15T14:54:46.6741347Z # Subtest: a serialized hand-only left profile retains its D-pad side without changing records
2026-09-15T14:54:46.6742695Z ok 898 - a serialized hand-only left profile retains its D-pad side without changing records
2026-09-15T14:54:46.6743505Z   ---
2026-09-15T14:54:46.6743843Z   duration_ms: 4.353105
2026-09-15T14:54:46.6744224Z   ...
2026-09-15T14:54:46.6745102Z # Subtest: a serialized hand-only right profile retains its D-pad side without changing records
2026-09-15T14:54:46.6746479Z ok 899 - a serialized hand-only right profile retains its D-pad side without changing records
2026-09-15T14:54:46.6747485Z   ---
2026-09-15T14:54:46.6747824Z   duration_ms: 1.388909
2026-09-15T14:54:46.6748213Z   ...
2026-09-15T14:54:46.6749110Z # Subtest: a newer null touch setting retains the current theme default despite a legacy hand value
2026-09-15T14:54:46.6750516Z ok 900 - a newer null touch setting retains the current theme default despite a legacy hand value
2026-09-15T14:54:46.6751351Z   ---
2026-09-15T14:54:46.6751686Z   duration_ms: 1.130908
2026-09-15T14:54:46.6752070Z   ...
2026-09-15T14:54:46.6753121Z # Subtest: a newer explicit touch configuration remains authoritative and survives preference updates and export
2026-09-15T14:54:46.6754794Z ok 901 - a newer explicit touch configuration remains authoritative and survives preference updates and export
2026-09-15T14:54:46.6756273Z   ---
2026-09-15T14:54:46.6756626Z   duration_ms: 1.362611
2026-09-15T14:54:46.6757311Z   ...
2026-09-15T14:54:46.6758801Z # Subtest: profiles predating both hand fields use the current touch default without inventing a selected mode
2026-09-15T14:54:46.6760978Z ok 902 - profiles predating both hand fields use the current touch default without inventing a selected mode
2026-09-15T14:54:46.6761907Z   ---
2026-09-15T14:54:46.6762252Z   duration_ms: 0.506314
2026-09-15T14:54:46.6762636Z   ...
2026-09-15T14:54:46.6763631Z # Subtest: explicit invalid legacy hands and invalid newer touch settings cannot fall through to defaults
2026-09-15T14:54:46.6765166Z ok 903 - explicit invalid legacy hands and invalid newer touch settings cannot fall through to defaults
2026-09-15T14:54:46.6766043Z   ---
2026-09-15T14:54:46.6766387Z   duration_ms: 3.055876
2026-09-15T14:54:46.6766968Z   ...
2026-09-15T14:54:48.5112740Z # Subtest: solo matching classes uses seven current starter bodies while manual old/new choices remain deliberate
2026-09-15T14:54:48.5121195Z ok 904 - solo matching classes uses seven current starter bodies while manual old/new choices remain deliberate
2026-09-15T14:54:48.5187545Z   ---
2026-09-15T14:54:48.5188095Z   duration_ms: 4667.56549
2026-09-15T14:54:48.5188588Z   ...
2026-09-15T14:54:48.5189604Z # Subtest: explicit new saved appearance and suspended checkpoint survive normal host reload and Load
2026-09-15T14:54:48.5190804Z     # Subtest: save an unfinished flight using the selected new body
2026-09-15T14:54:48.5192394Z     ok 1 - save an unfinished flight using the selected new body
2026-09-15T14:54:48.5193162Z       ---
2026-09-15T14:54:48.5193643Z       duration_ms: 2075.796862
2026-09-15T14:54:48.5194138Z       ...
2026-09-15T14:54:49.7718322Z     # Subtest: reload keeps that body and loads the exact saved checkpoint while paused
2026-09-15T14:54:49.7747687Z     ok 2 - reload keeps that body and loads the exact saved checkpoint while paused
2026-09-15T14:54:49.7748456Z       ---
2026-09-15T14:54:49.7748853Z       duration_ms: 1259.098404
2026-09-15T14:54:49.7749313Z       ...
2026-09-15T14:54:49.7749627Z     1..2
2026-09-15T14:54:49.7750533Z ok 905 - explicit new saved appearance and suspended checkpoint survive normal host reload and Load
2026-09-15T14:54:49.7751415Z   ---
2026-09-15T14:54:49.7751804Z   duration_ms: 3337.007354
2026-09-15T14:54:49.7752220Z   ...
2026-09-15T14:54:50.9481406Z # Subtest: custom Ukraine class mapping and unknown explicit appearance keep existing host fallbacks
2026-09-15T14:54:50.9486421Z     # Subtest: one authored class change disables the entire current recommendation guard
2026-09-15T14:54:50.9488221Z     ok 1 - one authored class change disables the entire current recommendation guard
2026-09-15T14:54:50.9489155Z       ---
2026-09-15T14:54:50.9489755Z       duration_ms: 1176.564761
2026-09-15T14:54:50.9490334Z       ...
2026-09-15T14:54:51.7833224Z     # Subtest: a future body ID remains readable as data and displays the existing neutral fallback
2026-09-15T14:54:51.7838151Z     ok 2 - a future body ID remains readable as data and displays the existing neutral fallback
2026-09-15T14:54:51.7839626Z       ---
2026-09-15T14:54:51.7840184Z       duration_ms: 834.675441
2026-09-15T14:54:51.7840814Z       ...
2026-09-15T14:54:52.6484009Z     # Subtest: an unearned registered appearance keeps the default without rewriting its stored ID
2026-09-15T14:54:52.6488890Z     ok 3 - an unearned registered appearance keeps the default without rewriting its stored ID
2026-09-15T14:54:52.6490291Z       ---
2026-09-15T14:54:52.6490919Z       duration_ms: 860.618138
2026-09-15T14:54:52.6491640Z       ...
2026-09-15T14:54:52.6492139Z     1..3
2026-09-15T14:54:52.6493225Z ok 906 - custom Ukraine class mapping and unknown explicit appearance keep existing host fallbacks
2026-09-15T14:54:52.6494252Z   ---
2026-09-15T14:54:52.6494765Z   duration_ms: 2873.187728
2026-09-15T14:54:52.6495337Z   ...
2026-09-15T14:54:55.9652504Z # Subtest: actual Couch recommendation switches both independent painters without touching match physics or profile
2026-09-15T14:54:55.9655869Z ok 907 - actual Couch recommendation switches both independent painters without touching match physics or profile
2026-09-15T14:54:55.9657843Z   ---
2026-09-15T14:54:55.9658387Z   duration_ms: 3321.380648
2026-09-15T14:54:55.9658953Z   ...
2026-09-15T14:54:55.9924949Z # Subtest: standalone entry has native file/time controls, dark local styles and file failure before modules
2026-09-15T14:54:55.9948883Z ok 908 - standalone entry has native file/time controls, dark local styles and file failure before modules
2026-09-15T14:54:55.9974539Z   ---
2026-09-15T14:54:55.9984614Z   duration_ms: 11.614881
2026-09-15T14:54:55.9985277Z   ...
2026-09-15T14:54:55.9986587Z # Subtest: actual workshop handlers inspect/select/capture and retain exact PNG until native explicit download
2026-09-15T14:54:55.9990675Z ok 909 - actual workshop handlers inspect/select/capture and retain exact PNG until native explicit download
2026-09-15T14:54:55.9993796Z   ---
2026-09-15T14:54:55.9994373Z   duration_ms: 46.119531
2026-09-15T14:54:55.9994981Z   ...
2026-09-15T14:54:55.9996032Z # Subtest: fallback timing is explicitly unavailable, never substituted with requested time
2026-09-15T14:54:55.9997854Z ok 910 - fallback timing is explicitly unavailable, never substituted with requested time
2026-09-15T14:54:55.9999306Z   ---
2026-09-15T14:54:55.9999815Z   duration_ms: 13.779697
2026-09-15T14:54:56.0000362Z   ...
2026-09-15T14:54:56.0001528Z # Subtest: invalid numeric times do not clamp, allocate or disturb an existing poster
2026-09-15T14:54:56.0002868Z ok 911 - invalid numeric times do not clamp, allocate or disturb an existing poster
2026-09-15T14:54:56.0003750Z   ---
2026-09-15T14:54:56.0004286Z   duration_ms: 7.569984
2026-09-15T14:54:56.0004849Z   ...
2026-09-15T14:54:56.0005682Z # Subtest: cancelled late inspection is disposed and cannot enable capture
2026-09-15T14:54:56.0008783Z ok 912 - cancelled late inspection is disposed and cannot enable capture
2026-09-15T14:54:56.0009670Z   ---
2026-09-15T14:54:56.0010224Z   duration_ms: 5.227995
2026-09-15T14:54:56.0010788Z   ...
2026-09-15T14:54:56.0011780Z # Subtest: older inspection completion cannot replace a newer successfully inspected source
2026-09-15T14:54:56.0015139Z ok 913 - older inspection completion cannot replace a newer successfully inspected source
2026-09-15T14:54:56.0016160Z   ---
2026-09-15T14:54:56.0016730Z   duration_ms: 5.271717
2026-09-15T14:54:56.0017696Z   ...
2026-09-15T14:54:56.0018807Z # Subtest: fixture generator explains usage and refuses output outside its exclusive cache boundary
2026-09-15T14:54:56.0020442Z ok 914 - fixture generator explains usage and refuses output outside its exclusive cache boundary
2026-09-15T14:54:56.0023285Z   ---
2026-09-15T14:54:56.0023846Z   duration_ms: 98.529267
2026-09-15T14:54:56.0024458Z   ...
2026-09-15T14:54:56.0025770Z # Subtest: fixture generator refuses symlink ancestors before writing outside its cache and preserves existing directories
2026-09-15T14:54:56.0027991Z ok 915 - fixture generator refuses symlink ancestors before writing outside its cache and preserves existing directories
2026-09-15T14:54:56.0029204Z   ---
2026-09-15T14:54:56.0029743Z   duration_ms: 121.050083
2026-09-15T14:54:56.0030345Z   ...
2026-09-15T14:54:56.0031639Z # Subtest: Cancel and source change reject late capture publication while retaining prior result only for same source
2026-09-15T14:54:56.0035208Z ok 916 - Cancel and source change reject late capture publication while retaining prior result only for same source
2026-09-15T14:54:56.0036357Z   ---
2026-09-15T14:54:56.0037115Z   duration_ms: 11.691063
2026-09-15T14:54:56.0050541Z   ...
2026-09-15T14:54:56.0051464Z # Subtest: failed capture preserves exact prior preview and allows retry
2026-09-15T14:54:56.0052689Z ok 917 - failed capture preserves exact prior preview and allows retry
2026-09-15T14:54:56.0053516Z   ---
2026-09-15T14:54:56.0054049Z   duration_ms: 5.276487
2026-09-15T14:54:56.0054650Z   ...
2026-09-15T14:54:56.0055729Z # Subtest: native file-picker blur keeps selection while hidden/pagehide cancels and releases work
2026-09-15T14:54:56.0057545Z ok 918 - native file-picker blur keeps selection while hidden/pagehide cancels and releases work
2026-09-15T14:54:56.0058922Z   ---
2026-09-15T14:54:56.0059438Z   duration_ms: 7.755137
2026-09-15T14:54:56.0059989Z   ...
2026-09-15T14:54:56.0061096Z # Subtest: controller native range editing and confirmation reaches explicit PNG action without mouse
2026-09-15T14:54:56.0062797Z ok 919 - controller native range editing and confirmation reaches explicit PNG action without mouse
2026-09-15T14:54:56.0063826Z   ---
2026-09-15T14:54:56.0064342Z   duration_ms: 22.781301
2026-09-15T14:54:56.0065760Z   ...
2026-09-15T14:54:56.0067144Z # Subtest: native keyboard editing/activation preserves input defaults and no repeated capture during work
2026-09-15T14:54:56.0068897Z ok 920 - native keyboard editing/activation preserves input defaults and no repeated capture during work
2026-09-15T14:54:56.0069962Z   ---
2026-09-15T14:54:56.0070499Z   duration_ms: 9.826618
2026-09-15T14:54:56.0071062Z   ...
2026-09-15T14:54:56.0074358Z # Subtest: focused page owns polling; held pad must neutralize after native input and focus loss
2026-09-15T14:54:56.0076410Z ok 921 - focused page owns polling; held pad must neutralize after native input and focus loss
2026-09-15T14:54:56.0077684Z   ---
2026-09-15T14:54:56.0078310Z   duration_ms: 8.473515
2026-09-15T14:54:56.0078863Z   ...
2026-09-15T14:54:56.0081724Z # Subtest: disposal revokes prepared PNG and late callbacks cannot restart the standalone page
2026-09-15T14:54:56.0083313Z ok 922 - disposal revokes prepared PNG and late callbacks cannot restart the standalone page
2026-09-15T14:54:56.0084353Z   ---
2026-09-15T14:54:56.0084911Z   duration_ms: 4.712975
2026-09-15T14:54:56.0085496Z   ...
2026-09-15T14:54:56.0086403Z # Subtest: classic video workshop exposes loading immediately after its title
2026-09-15T14:54:56.0087996Z ok 923 - classic video workshop exposes loading immediately after its title
2026-09-15T14:54:56.0088860Z   ---
2026-09-15T14:54:56.0089381Z   duration_ms: 1.883101
2026-09-15T14:54:56.0089935Z   ...
2026-09-15T14:54:56.0090933Z # Subtest: paint sizes are owned per edition; mismatched geometry cannot become a render scale
2026-09-15T14:54:56.0092436Z ok 924 - paint sizes are owned per edition; mismatched geometry cannot become a render scale
2026-09-15T14:54:56.0093415Z   ---
2026-09-15T14:54:56.0093986Z   duration_ms: 9.40366
2026-09-15T14:54:56.0094600Z   ...
2026-09-15T14:54:56.0096445Z # Subtest: legacy immediate: actual masks span every column, then a legal win fully reveals without resizing cells
2026-09-15T14:54:56.0098539Z ok 925 - legacy immediate: actual masks span every column, then a legal win fully reveals without resizing cells
2026-09-15T14:54:56.0099676Z   ---
2026-09-15T14:54:56.0100301Z   duration_ms: 128.265662
2026-09-15T14:54:56.0100956Z   ...
2026-09-15T14:54:56.0102383Z # Subtest: legacy grid-center: actual masks span every column, then a legal win fully reveals without resizing cells
2026-09-15T14:54:56.0104371Z ok 926 - legacy grid-center: actual masks span every column, then a legal win fully reveals without resizing cells
2026-09-15T14:54:56.0105662Z   ---
2026-09-15T14:54:56.0106251Z   duration_ms: 44.60593
2026-09-15T14:54:56.0107136Z   ...
2026-09-15T14:54:56.0108440Z # Subtest: wide immediate: actual masks span every column, then a legal win fully reveals without resizing cells
2026-09-15T14:54:56.0110449Z ok 927 - wide immediate: actual masks span every column, then a legal win fully reveals without resizing cells
2026-09-15T14:54:56.0111565Z   ---
2026-09-15T14:54:56.0112094Z   duration_ms: 40.503891
2026-09-15T14:54:56.0112715Z   ...
2026-09-15T14:54:56.0114129Z # Subtest: wide grid-center: actual masks span every column, then a legal win fully reveals without resizing cells
2026-09-15T14:54:56.0116257Z ok 928 - wide grid-center: actual masks span every column, then a legal win fully reveals without resizing cells
2026-09-15T14:54:56.0118035Z   ---
2026-09-15T14:54:56.0118728Z   duration_ms: 58.271504
2026-09-15T14:54:56.0119416Z   ...
2026-09-15T14:54:56.0120717Z # Subtest: wide staged warning clips and hatches to the complete1120-pixel interior, without mutating the run
2026-09-15T14:54:56.0122955Z ok 929 - wide staged warning clips and hatches to the complete1120-pixel interior, without mutating the run
2026-09-15T14:54:56.0124188Z   ---
2026-09-15T14:54:56.0124830Z   duration_ms: 11.399369
2026-09-15T14:54:56.0125523Z   ...
2026-09-15T14:54:56.0127074Z # Subtest: wide wall, actor, objective, signal and live-cut drawing retain16-pixel cells beyond the old edge
2026-09-15T14:54:56.0128985Z ok 930 - wide wall, actor, objective, signal and live-cut drawing retain16-pixel cells beyond the old edge
2026-09-15T14:54:56.0130201Z   ---
2026-09-15T14:54:56.0130862Z   duration_ms: 8.866057
2026-09-15T14:54:56.0131503Z   ...
2026-09-15T14:54:56.0132811Z # Subtest: editor canvas and pointer use the same edition, including scaled borders and the last legal cell
2026-09-15T14:54:56.0134686Z ok 931 - editor canvas and pointer use the same edition, including scaled borders and the last legal cell
2026-09-15T14:54:56.0135882Z   ---
2026-09-15T14:54:56.0136457Z   duration_ms: 5.552651
2026-09-15T14:54:56.0137343Z   ...
2026-09-15T14:54:56.0138774Z # Subtest: wide editor imports, paints east-side objects and exports explicit v4 scenarios/packs without changing old inputs
2026-09-15T14:54:56.0141223Z ok 932 - wide editor imports, paints east-side objects and exports explicit v4 scenarios/packs without changing old inputs
2026-09-15T14:54:56.0142622Z   ---
2026-09-15T14:54:56.0143246Z   duration_ms: 52.413836
2026-09-15T14:54:56.0143897Z   ...
2026-09-15T14:54:56.0145235Z # Subtest: editing or removing a wide staged recipe preserves its wide edition and validates references atomically
2026-09-15T14:54:56.0147606Z ok 933 - editing or removing a wide staged recipe preserves its wide edition and validates references atomically
2026-09-15T14:54:56.0148913Z   ---
2026-09-15T14:54:56.0149464Z   duration_ms: 9.657022
2026-09-15T14:54:56.0150093Z   ...
2026-09-15T14:54:56.0151455Z # Subtest: packaging copies only runtime plus verified site, pins the host engine and never overwrites output
2026-09-15T14:54:56.0153477Z ok 934 - packaging copies only runtime plus verified site, pins the host engine and never overwrites output
2026-09-15T14:54:56.0154705Z   ---
2026-09-15T14:54:56.0155372Z   duration_ms: 37.368088
2026-09-15T14:54:56.0156073Z   ...
2026-09-15T14:54:56.0157620Z # Subtest: candidate labels keep a separate immutable artifact and invalid labels cannot escape output
2026-09-15T14:54:56.0159451Z ok 935 - candidate labels keep a separate immutable artifact and invalid labels cannot escape output
2026-09-15T14:54:56.0160745Z   ---
2026-09-15T14:54:56.0161347Z   duration_ms: 35.472707
2026-09-15T14:54:56.0161949Z   ...
2026-09-15T14:54:56.0163004Z # Subtest: fuse failure prevents publishing output and clears only owned staging files
2026-09-15T14:54:56.0164600Z ok 936 - fuse failure prevents publishing output and clears only owned staging files
2026-09-15T14:54:56.0165668Z   ---
2026-09-15T14:54:56.0166253Z   duration_ms: 22.481295
2026-09-15T14:54:56.0167133Z   ...
2026-09-15T14:54:56.0168214Z # Subtest: version mismatch or changed site refuses packaging before any packager work
2026-09-15T14:54:56.0169769Z ok 937 - version mismatch or changed site refuses packaging before any packager work
2026-09-15T14:54:56.0170821Z   ---
2026-09-15T14:54:56.0171420Z   duration_ms: 9.77411
2026-09-15T14:54:56.0172163Z   ...
2026-09-15T14:54:56.0173233Z # Subtest: scaffold retains the full distribution and pinned local native origin
2026-09-15T14:54:56.0174716Z ok 938 - scaffold retains the full distribution and pinned local native origin
2026-09-15T14:54:56.0175744Z   ---
2026-09-15T14:54:56.0176356Z   duration_ms: 2.347596
2026-09-15T14:54:56.0177365Z   ...
2026-09-15T14:54:56.0178531Z # Subtest: remote URLs, broad navigation, asset relocation and dependency drift are rejected
2026-09-15T14:54:56.0180127Z ok 939 - remote URLs, broad navigation, asset relocation and dependency drift are rejected
2026-09-15T14:54:56.0181106Z   ---
2026-09-15T14:54:56.0181648Z   duration_ms: 0.886102
2026-09-15T14:54:56.0182563Z   ...
2026-09-15T14:54:56.0183741Z # Subtest: generated app intentionally requires iOS 15.4 and includes the export privacy declaration
2026-09-15T14:54:56.0185498Z ok 940 - generated app intentionally requires iOS 15.4 and includes the export privacy declaration
2026-09-15T14:54:56.0186572Z   ---
2026-09-15T14:54:56.0187425Z   duration_ms: 8.069392
2026-09-15T14:54:56.0188031Z   ...
2026-09-15T14:54:56.0188929Z # Subtest: SPM resolves all selected plugins through the isolated package tree
2026-09-15T14:54:56.0190359Z ok 941 - SPM resolves all selected plugins through the isolated package tree
2026-09-15T14:54:56.0191319Z   ---
2026-09-15T14:54:56.0191863Z   duration_ms: 1.431438
2026-09-15T14:54:56.0192474Z   ...
2026-09-15T14:54:56.0193659Z # Subtest: MJS receives an imported JavaScript type declaration without adding a document handler
2026-09-15T14:54:56.0195366Z ok 942 - MJS receives an imported JavaScript type declaration without adding a document handler
2026-09-15T14:54:56.0196499Z   ---
2026-09-15T14:54:56.0197446Z   duration_ms: 1.170001
2026-09-15T14:54:56.0198105Z   ...
2026-09-15T14:54:59.9472182Z # Subtest: source baseline pins exact frozen bytes while source recipe changes only pack semver
2026-09-15T14:54:59.9483802Z ok 943 - source baseline pins exact frozen bytes while source recipe changes only pack semver
2026-09-15T14:54:59.9485196Z   ---
2026-09-15T14:54:59.9485748Z   duration_ms: 3.129735
2026-09-15T14:54:59.9486286Z   ...
2026-09-15T14:54:59.9487757Z # Subtest: default check preserves stale output; explicit write embeds exact bytes and allows semantic formatting
2026-09-15T14:54:59.9489574Z ok 944 - default check preserves stale output; explicit write embeds exact bytes and allows semantic formatting
2026-09-15T14:54:59.9490640Z   ---
2026-09-15T14:54:59.9491124Z   duration_ms: 10675.752359
2026-09-15T14:54:59.9491659Z   ...
2026-09-15T14:54:59.9492761Z # Subtest: baseline alteration and a gameplay change are rejected before the generated output is touched
2026-09-15T14:54:59.9494433Z ok 945 - baseline alteration and a gameplay change are rejected before the generated output is touched
2026-09-15T14:54:59.9495419Z   ---
2026-09-15T14:54:59.9495891Z   duration_ms: 16.253052
2026-09-15T14:54:59.9496411Z   ...
2026-09-15T14:54:59.9497650Z # Subtest: missing, empty, oversized and non-PNG originals fail without overwriting an old edition
2026-09-15T14:54:59.9499189Z ok 946 - missing, empty, oversized and non-PNG originals fail without overwriting an old edition
2026-09-15T14:54:59.9500137Z   ---
2026-09-15T14:54:59.9500606Z   duration_ms: 29.021546
2026-09-15T14:54:59.9501125Z   ...
2026-09-15T14:54:59.9502185Z # Subtest: duplicate artwork, wrong aspect and excessive header dimensions are rejected semantically
2026-09-15T14:54:59.9503744Z ok 947 - duplicate artwork, wrong aspect and excessive header dimensions are rejected semantically
2026-09-15T14:54:59.9504705Z   ---
2026-09-15T14:54:59.9505171Z   duration_ms: 2174.036233
2026-09-15T14:54:59.9505692Z   ...
2026-09-15T14:54:59.9506697Z # Subtest: combined image pixels are bounded even when each distinct header fits its own limit
2026-09-15T14:54:59.9508476Z ok 948 - combined image pixels are bounded even when each distinct header fits its own limit
2026-09-15T14:54:59.9509409Z   ---
2026-09-15T14:54:59.9509901Z   duration_ms: 3957.979192
2026-09-15T14:54:59.9510442Z   ...
2026-09-15T14:55:03.9337726Z # Subtest: symlinked input, source directory or output cannot redirect builder reads or writes
2026-09-15T14:55:03.9339763Z ok 949 - symlinked input, source directory or output cannot redirect builder reads or writes
2026-09-15T14:55:03.9340781Z   ---
2026-09-15T14:55:03.9341277Z   duration_ms: 3986.778591
2026-09-15T14:55:03.9341815Z   ...
2026-09-15T14:55:12.0701145Z # Subtest: missing output is not created by check; explicit write and CLI options are deliberate
2026-09-15T14:55:12.0713721Z ok 950 - missing output is not created by check; explicit write and CLI options are deliberate
2026-09-15T14:55:12.0725073Z   ---
2026-09-15T14:55:12.0727515Z   duration_ms: 8135.729916
2026-09-15T14:55:12.0728410Z   ...
2026-09-15T14:57:23.2525105Z # Subtest: absent opt-in leaves old builds byte-identical and never reads external source
2026-09-15T14:57:23.2527206Z ok 951 - absent opt-in leaves old builds byte-identical and never reads external source
2026-09-15T14:57:23.2528568Z   ---
2026-09-15T14:57:23.2529214Z   duration_ms: 52.738343
2026-09-15T14:57:23.2529901Z   ...
2026-09-15T14:57:23.2530961Z # Subtest: catalog symlink and missing catalog refuse before source compiler import or output creation
2026-09-15T14:57:23.2532417Z ok 952 - catalog symlink and missing catalog refuse before source compiler import or output creation
2026-09-15T14:57:23.2533264Z   ---
2026-09-15T14:57:23.2533616Z   duration_ms: 8.54028
2026-09-15T14:57:23.2533996Z   ...
2026-09-15T14:57:23.2535313Z # Subtest: explicit real-source build ships thirty-two exact generated bodies once in loose/ZIP/manifest and excludes them from all core metadata
2026-09-15T14:57:23.2537351Z     # Subtest: sixteen external choices plus five embedded choices do not relax twelve installed packs or evict owners
2026-09-15T14:57:23.2538843Z     ok 1 - sixteen external choices plus five embedded choices do not relax twelve installed packs or evict owners
2026-09-15T14:57:23.2539629Z       ---
2026-09-15T14:57:23.2540158Z       duration_ms: 328.576726
2026-09-15T14:57:23.2540407Z       ...
2026-09-15T14:57:23.2805750Z     1..1
2026-09-15T14:57:23.2807776Z ok 953 - explicit real-source build ships thirty-two exact generated bodies once in loose/ZIP/manifest and excludes them from all core metadata
2026-09-15T14:57:23.2809224Z   ---
2026-09-15T14:57:23.2809757Z   duration_ms: 156497.975326
2026-09-15T14:57:23.2810296Z   ...
2026-09-15T14:57:23.3058699Z # Subtest: active and archive navigation are exact generated authority for all twelve immutable editions
2026-09-15T14:57:23.3060307Z ok 954 - active and archive navigation are exact generated authority for all twelve immutable editions
2026-09-15T14:57:23.3061274Z   ---
2026-09-15T14:57:23.3061622Z   duration_ms: 12989.716283
2026-09-15T14:57:23.3062027Z   ...
2026-09-15T14:57:23.3063043Z # Subtest: archive index rejects cross-list duplicate IDs/paths, metadata-as-pack, malformed fields and traversal
2026-09-15T14:57:23.3064659Z ok 955 - archive index rejects cross-list duplicate IDs/paths, metadata-as-pack, malformed fields and traversal
2026-09-15T14:57:23.3065563Z   ---
2026-09-15T14:57:23.3065893Z   duration_ms: 29.995715
2026-09-15T14:57:23.3066269Z   ...
2026-09-15T14:57:23.3067556Z # Subtest: catalog generation validates archived pack content before writing either catalog and never alters pack bytes
2026-09-15T14:57:23.3069240Z ok 956 - catalog generation validates archived pack content before writing either catalog and never alters pack bytes
2026-09-15T14:57:23.3070180Z   ---
2026-09-15T14:57:23.3070504Z   duration_ms: 62.80789
2026-09-15T14:57:23.3070875Z   ...
2026-09-15T14:57:23.3071951Z # Subtest: optional missing archive supports old sources; a present symlink or oversized source cannot be treated as absent
2026-09-15T14:57:23.3073666Z ok 957 - optional missing archive supports old sources; a present symlink or oversized source cannot be treated as absent
2026-09-15T14:57:23.3074604Z   ---
2026-09-15T14:57:23.3074926Z   duration_ms: 10.344193
2026-09-15T14:57:23.3075309Z   ...
2026-09-15T14:57:23.3076200Z # Subtest: proof batch budget rejects during sequential loading before reading any remaining source
2026-09-15T14:57:23.3077768Z ok 958 - proof batch budget rejects during sequential loading before reading any remaining source
2026-09-15T14:57:23.3078237Z   ---
2026-09-15T14:57:23.3078447Z   duration_ms: 729.554521
2026-09-15T14:57:23.3078674Z   ...
2026-09-15T14:57:23.3079212Z # Subtest: Fracture appends twelve exact picture cells and three proposed families without approving quality
2026-09-15T14:57:23.3080057Z ok 959 - Fracture appends twelve exact picture cells and three proposed families without approving quality
2026-09-15T14:57:23.3080868Z   ---
2026-09-15T14:57:23.3081066Z   duration_ms: 218.165648
2026-09-15T14:57:23.3081288Z   ...
2026-09-15T14:57:23.3081834Z # Subtest: finite data adapters authenticate twelve distinct Fracture originals and all retained source bodies
2026-09-15T14:57:23.3083297Z ok 960 - finite data adapters authenticate twelve distinct Fracture originals and all retained source bodies
2026-09-15T14:57:23.3083793Z   ---
2026-09-15T14:57:23.3083994Z   duration_ms: 568.527526
2026-09-15T14:57:23.3084210Z   ...
2026-09-15T14:57:23.3084720Z # Subtest: both adapters reject borrowed source IDs, same-body wrong paths and invented dimensions
2026-09-15T14:57:23.3085510Z ok 961 - both adapters reject borrowed source IDs, same-body wrong paths and invented dimensions
2026-09-15T14:57:23.3085957Z   ---
2026-09-15T14:57:23.3086150Z   duration_ms: 454.744753
2026-09-15T14:57:23.3086374Z   ...
2026-09-15T14:57:23.3087088Z # Subtest: crossed theme or mission bindings do not borrow an exact original from a different owner
2026-09-15T14:57:23.3087846Z ok 962 - crossed theme or mission bindings do not borrow an exact original from a different owner
2026-09-15T14:57:23.3088311Z   ---
2026-09-15T14:57:23.3088504Z   duration_ms: 47.764525
2026-09-15T14:57:23.3088729Z   ...
2026-09-15T14:57:23.3089381Z # Subtest: coherently edited register owner and layout still must match the authored descriptor
2026-09-15T14:57:23.3090133Z ok 963 - coherently edited register owner and layout still must match the authored descriptor
2026-09-15T14:57:23.3090576Z   ---
2026-09-15T14:57:23.3090782Z   duration_ms: 74.022307
2026-09-15T14:57:23.3091007Z   ...
2026-09-15T14:57:23.3091464Z # Subtest: freshly pinned authority cannot redirect an FPV original to another source path
2026-09-15T14:57:23.3092193Z ok 964 - freshly pinned authority cannot redirect an FPV original to another source path
2026-09-15T14:57:23.3092682Z   ---
2026-09-15T14:57:23.3092902Z   duration_ms: 103.062397
2026-09-15T14:57:23.3093152Z   ...
2026-09-15T14:57:23.3093623Z # Subtest: freshly pinned theme descriptor cannot relabel an original as another mission
2026-09-15T14:57:23.3094357Z ok 965 - freshly pinned theme descriptor cannot relabel an original as another mission
2026-09-15T14:57:23.3094820Z   ---
2026-09-15T14:57:23.3095032Z   duration_ms: 107.045602
2026-09-15T14:57:23.3095253Z   ...
2026-09-15T14:57:23.3095727Z # Subtest: old register history stays immutable and a Fracture family cannot count twice
2026-09-15T14:57:23.3096441Z ok 966 - old register history stays immutable and a Fracture family cannot count twice
2026-09-15T14:57:23.3097183Z   ---
2026-09-15T14:57:23.3097419Z   duration_ms: 124.077041
2026-09-15T14:57:23.3097673Z   ...
2026-09-15T14:57:23.3098237Z # Subtest: nine Sentinel themes append exact owners without changing old works, reviews or geometry totals
2026-09-15T14:57:23.3099123Z ok 967 - nine Sentinel themes append exact owners without changing old works, reviews or geometry totals
2026-09-15T14:57:23.3099635Z   ---
2026-09-15T14:57:23.3099838Z   duration_ms: 67.694188
2026-09-15T14:57:23.3100086Z   ...
2026-09-15T14:57:23.3100604Z # Subtest: new finite adapter verifies all exact originals without executing a game or producer
2026-09-15T14:57:23.3101379Z ok 968 - new finite adapter verifies all exact originals without executing a game or producer
2026-09-15T14:57:23.3101856Z   ---
2026-09-15T14:57:23.3102082Z   duration_ms: 480.888716
2026-09-15T14:57:23.3102329Z   ...
2026-09-15T14:57:23.3102886Z # Subtest: a new theme cannot borrow another poster or original by changing only its declared source handle
2026-09-15T14:57:23.3103802Z ok 969 - a new theme cannot borrow another poster or original by changing only its declared source handle
2026-09-15T14:57:23.3104306Z   ---
2026-09-15T14:57:23.3104519Z   duration_ms: 126.962609
2026-09-15T14:57:23.3104759Z   ...
2026-09-15T14:57:23.3105221Z # Subtest: different-theme and different-mission owners cannot fill the intended slot
2026-09-15T14:57:23.3105905Z ok 970 - different-theme and different-mission owners cannot fill the intended slot
2026-09-15T14:57:23.3106548Z   ---
2026-09-15T14:57:23.3106998Z   duration_ms: 13.211487
2026-09-15T14:57:23.3107266Z   ...
2026-09-15T14:57:23.3107819Z # Subtest: register expansion preserves immutable history and cannot count reused layouts twice
2026-09-15T14:57:23.3108713Z ok 971 - register expansion preserves immutable history and cannot count reused layouts twice
2026-09-15T14:57:23.3109183Z   ---
2026-09-15T14:57:23.3109380Z   duration_ms: 24.297299
2026-09-15T14:57:23.3109626Z   ...
2026-09-15T14:57:23.3110078Z # Subtest: baseline remains readable and a new picture still has every production check open
2026-09-15T14:57:23.3111993Z ok 972 - baseline remains readable and a new picture still has every production check open
2026-09-15T14:57:23.3112776Z   ---
2026-09-15T14:57:23.3112994Z   duration_ms: 73.29592
2026-09-15T14:57:23.3113222Z   ...
2026-09-15T14:57:23.3113717Z # Subtest: same-filesystem transfer preserves the archive inode, bytes and mode without copying
2026-09-15T14:57:23.3114489Z ok 973 - same-filesystem transfer preserves the archive inode, bytes and mode without copying
2026-09-15T14:57:23.3114936Z   ---
2026-09-15T14:57:23.3115134Z   duration_ms: 13.896324
2026-09-15T14:57:23.3115358Z   ...
2026-09-15T14:57:23.3115755Z # Subtest: EXDEV alone falls back to complete copy before unlinking the source
2026-09-15T14:57:23.3116531Z ok 974 - EXDEV alone falls back to complete copy before unlinking the source
2026-09-15T14:57:23.3117199Z   ---
2026-09-15T14:57:23.3117402Z   duration_ms: 5.899276
2026-09-15T14:57:23.3117621Z   ...
2026-09-15T14:57:23.3117967Z # Subtest: other rename failures never copy or remove the source
2026-09-15T14:57:23.3118467Z ok 975 - other rename failures never copy or remove the source
2026-09-15T14:57:23.3118807Z   ---
2026-09-15T14:57:23.3118998Z   duration_ms: 3.64237
2026-09-15T14:57:23.3119215Z   ...
2026-09-15T14:57:23.3119622Z # Subtest: a failed partial fallback copy is removed and leaves the source intact
2026-09-15T14:57:23.3120240Z ok 976 - a failed partial fallback copy is removed and leaves the source intact
2026-09-15T14:57:23.3120646Z   ---
2026-09-15T14:57:23.3120839Z   duration_ms: 3.98561
2026-09-15T14:57:23.3121050Z   ...
2026-09-15T14:57:23.3121494Z # Subtest: a failed fallback unlink refuses completion and cleans its copied destination
2026-09-15T14:57:23.3122168Z ok 977 - a failed fallback unlink refuses completion and cleans its copied destination
2026-09-15T14:57:23.3122581Z   ---
2026-09-15T14:57:23.3122809Z   duration_ms: 8.085892
2026-09-15T14:57:23.3123025Z   ...
2026-09-15T14:57:23.3123448Z # Subtest: an existing destination file is refused without overwriting outside staging
2026-09-15T14:57:23.3124088Z ok 978 - an existing destination file is refused without overwriting outside staging
2026-09-15T14:57:23.3124491Z   ---
2026-09-15T14:57:23.3124682Z   duration_ms: 4.644147
2026-09-15T14:57:23.3124894Z   ...
2026-09-15T14:57:23.3125612Z # Subtest: an existing destination symlink is refused without overwriting outside staging
2026-09-15T14:57:23.3127103Z ok 979 - an existing destination symlink is refused without overwriting outside staging
2026-09-15T14:57:23.3127914Z   ---
2026-09-15T14:57:23.3128359Z   duration_ms: 6.396133
2026-09-15T14:57:23.3128771Z   ...
2026-09-15T14:57:23.3129110Z 1..979
2026-09-15T14:57:23.3129452Z # tests 993
2026-09-15T14:57:23.3129807Z # suites 0
2026-09-15T14:57:23.3130169Z # pass 993
2026-09-15T14:57:23.3130511Z # fail 0
2026-09-15T14:57:23.3130864Z # cancelled 0
2026-09-15T14:57:23.3131237Z # skipped 0
2026-09-15T14:57:23.3131584Z # todo 0
2026-09-15T14:57:23.3131983Z # duration_ms 958580.907807
2026-09-15T14:57:23.3226281Z ##[group]Run test "$(git rev-parse HEAD)" = "$GITHUB_SHA"
2026-09-15T14:57:23.3226718Z [36;1mtest "$(git rev-parse HEAD)" = "$GITHUB_SHA"[0m
2026-09-15T14:57:23.3227437Z [36;1mgit diff --exit-code[0m
2026-09-15T14:57:23.3227720Z [36;1mgit diff --cached --exit-code[0m
2026-09-15T14:57:23.3263719Z shell: /usr/bin/bash -e {0}
2026-09-15T14:57:23.3263991Z ##[endgroup]
2026-09-15T14:57:23.9235012Z Node 20 is being deprecated. This workflow is running with Node 24 by default. If you need to temporarily use Node 20, you can set the ACTIONS_ALLOW_USE_UNSECURE_NODE_VERSION=true environment variable. For more information see: https://github.blog/changelog/2025-09-19-deprecation-of-node-20-on-github-actions-runners/
2026-09-15T14:57:23.9236309Z Post job cleanup.
2026-09-15T14:57:24.0522169Z (node:3688) [DEP0040] DeprecationWarning: The `punycode` module is deprecated. Please use a userland alternative instead.
2026-09-15T14:57:24.0523804Z (Use `node --trace-deprecation ...` to show where the warning was created)
2026-09-15T14:57:24.0526465Z Cache hit occurred on the primary key node-cache-Linux-x64-npm-1862b28f2e68083ac7ee8c6c9a4cd16ff6aaab0b76bf75940aedf75c9c15fc1c, not saving cache.
2026-09-15T14:57:24.0683536Z Node 20 is being deprecated. This workflow is running with Node 24 by default. If you need to temporarily use Node 20, you can set the ACTIONS_ALLOW_USE_UNSECURE_NODE_VERSION=true environment variable. For more information see: https://github.blog/changelog/2025-09-19-deprecation-of-node-20-on-github-actions-runners/
2026-09-15T14:57:24.0684797Z Post job cleanup.
2026-09-15T14:57:24.1554037Z [command]/usr/bin/git version
2026-09-15T14:57:24.1600270Z git version 2.55.0
2026-09-15T14:57:24.1645470Z Temporarily overriding HOME='/home/runner/work/_temp/8950e5d5-b005-436c-b911-8db52fc32bde' before making global git config changes
2026-09-15T14:57:24.1646502Z Adding repository directory to the temporary git global config as a safe directory
2026-09-15T14:57:24.1651624Z [command]/usr/bin/git config --global --add safe.directory /home/runner/work/revealline/revealline
2026-09-15T14:57:24.1689200Z [command]/usr/bin/git config --local --name-only --get-regexp core\.sshCommand
2026-09-15T14:57:24.1725126Z [command]/usr/bin/git submodule foreach --recursive sh -c "git config --local --name-only --get-regexp 'core\.sshCommand' && git config --local --unset-all 'core.sshCommand' || :"
2026-09-15T14:57:24.1998707Z [command]/usr/bin/git config --local --name-only --get-regexp http\.https\:\/\/github\.com\/\.extraheader
2026-09-15T14:57:24.2027406Z http.https://github.com/.extraheader
2026-09-15T14:57:24.2046515Z [command]/usr/bin/git config --local --unset-all http.https://github.com/.extraheader
2026-09-15T14:57:24.2080383Z [command]/usr/bin/git submodule foreach --recursive sh -c "git config --local --name-only --get-regexp 'http\.https\:\/\/github\.com\/\.extraheader' && git config --local --unset-all 'http.https://github.com/.extraheader' || :"
2026-09-15T14:57:24.2354641Z [command]/usr/bin/git config --local --name-only --get-regexp ^includeIf\.gitdir:
2026-09-15T14:57:24.2391765Z [command]/usr/bin/git submodule foreach --recursive git config --local --show-origin --name-only --get-regexp remote.origin.url
2026-09-15T14:57:24.2782448Z Cleaning up orphan processes
2026-09-15T14:57:24.3073243Z ##[warning]Node.js 20 is deprecated. The following actions target Node.js 20 but are being forced to run on Node.js 24: actions/checkout@v4, actions/setup-node@v4. For more information see: https://github.blog/changelog/2025-09-19-deprecation-of-node-20-on-github-actions-runners/
