2026-09-15T14:41:04.4240061Z Current runner version: '2.337.0'
2026-09-15T14:41:04.4265253Z ##[group]Runner Image Provisioner
2026-09-15T14:41:04.4266137Z Hosted Compute Agent
2026-09-15T14:41:04.4267082Z Version: 20260828.587
2026-09-15T14:41:04.4267833Z Commit: abac92662cab4cc7352de4f9f9d2e2419aad9c29
2026-09-15T14:41:04.4268547Z Build Date: 2026-08-28T16:44:25Z
2026-09-15T14:41:04.4269292Z Worker ID: {7608630e-d050-4e94-8d26-b0a88e4626e8}
2026-09-15T14:41:04.4269998Z Azure Region: westus2
2026-09-15T14:41:04.4270593Z ##[endgroup]
2026-09-15T14:41:04.4272318Z ##[group]Operating System
2026-09-15T14:41:04.4273126Z Ubuntu
2026-09-15T14:41:04.4273736Z 24.04.5
2026-09-15T14:41:04.4274253Z LTS
2026-09-15T14:41:04.4274748Z ##[endgroup]
2026-09-15T14:41:04.4275469Z ##[group]Runner Image
2026-09-15T14:41:04.4276063Z Image: ubuntu-24.04
2026-09-15T14:41:04.4276886Z Version: 20260907.300.1
2026-09-15T14:41:04.4278134Z Included Software: https://github.com/actions/runner-images/blob/ubuntu24/20260907.300/images/ubuntu/Ubuntu2404-Readme.md
2026-09-15T14:41:04.4279806Z Image Release: https://github.com/actions/runner-images/releases/tag/ubuntu24%2F20260907.300
2026-09-15T14:41:04.4280766Z ##[endgroup]
2026-09-15T14:41:04.4281889Z ##[group]GITHUB_TOKEN Permissions
2026-09-15T14:41:04.4284349Z Contents: read
2026-09-15T14:41:04.4285026Z Metadata: read
2026-09-15T14:41:04.4285613Z ##[endgroup]
2026-09-15T14:41:04.4288039Z Secret source: Actions
2026-09-15T14:41:04.4289001Z Cache mode: write
2026-09-15T14:41:04.4289855Z Prepare workflow directory
2026-09-15T14:41:04.4617230Z Prepare all required actions
2026-09-15T14:41:04.4673133Z Getting action download info
2026-09-15T14:41:04.9265083Z Download action repository 'actions/checkout@v4' (SHA:11d5960a326750d5838078e36cf38b85af677262)
2026-09-15T14:41:05.0338511Z Download action repository 'actions/setup-node@v4' (SHA:49933ea5288caeca8642d1e84afbd3f7d6820020)
2026-09-15T14:41:05.2365424Z Complete job name: test (2)
2026-09-15T14:41:05.3083932Z Node 20 is being deprecated. This workflow is running with Node 24 by default. If you need to temporarily use Node 20, you can set the ACTIONS_ALLOW_USE_UNSECURE_NODE_VERSION=true environment variable. For more information see: https://github.blog/changelog/2025-09-19-deprecation-of-node-20-on-github-actions-runners/
2026-09-15T14:41:05.3092955Z ##[group]Run actions/checkout@v4
2026-09-15T14:41:05.3093700Z with:
2026-09-15T14:41:05.3094121Z   fetch-depth: 0
2026-09-15T14:41:05.3094586Z   repository: mekhovov/revealline
2026-09-15T14:41:05.3098730Z   token: ***
2026-09-15T14:41:05.3099168Z   ssh-strict: true
2026-09-15T14:41:05.3099604Z   ssh-user: git
2026-09-15T14:41:05.3100040Z   persist-credentials: true
2026-09-15T14:41:05.3100512Z   clean: true
2026-09-15T14:41:05.3100953Z   sparse-checkout-cone-mode: true
2026-09-15T14:41:05.3101480Z   fetch-tags: false
2026-09-15T14:41:05.3101917Z   show-progress: true
2026-09-15T14:41:05.3102352Z   lfs: false
2026-09-15T14:41:05.3102796Z   submodules: false
2026-09-15T14:41:05.3103234Z   set-safe-directory: true
2026-09-15T14:41:05.3103738Z   allow-unsafe-pr-checkout: false
2026-09-15T14:41:05.3104523Z ##[endgroup]
2026-09-15T14:41:05.4150276Z Syncing repository: mekhovov/revealline
2026-09-15T14:41:05.4152506Z ##[group]Getting Git version info
2026-09-15T14:41:05.4153794Z Working directory is '/home/runner/work/revealline/revealline'
2026-09-15T14:41:05.4155646Z [command]/usr/bin/git version
2026-09-15T14:41:05.4232554Z git version 2.55.0
2026-09-15T14:41:05.4258197Z ##[endgroup]
2026-09-15T14:41:05.4275657Z Temporarily overriding HOME='/home/runner/work/_temp/bd894d42-1c2a-4083-943e-f0c7ed8e3e93' before making global git config changes
2026-09-15T14:41:05.4278396Z Adding repository directory to the temporary git global config as a safe directory
2026-09-15T14:41:05.4282743Z [command]/usr/bin/git config --global --add safe.directory /home/runner/work/revealline/revealline
2026-09-15T14:41:05.4335367Z Deleting the contents of '/home/runner/work/revealline/revealline'
2026-09-15T14:41:05.4342295Z ##[group]Initializing the repository
2026-09-15T14:41:05.4347201Z [command]/usr/bin/git init /home/runner/work/revealline/revealline
2026-09-15T14:41:05.4462842Z hint: Using 'master' as the name for the initial branch. This default branch name
2026-09-15T14:41:05.4465482Z hint: will change to "main" in Git 3.0. To configure the initial branch name
2026-09-15T14:41:05.4468054Z hint: to use in all of your new repositories, which will suppress this warning,
2026-09-15T14:41:05.4470356Z hint: call:
2026-09-15T14:41:05.4471485Z hint:
2026-09-15T14:41:05.4472818Z hint: 	git config --global init.defaultBranch <name>
2026-09-15T14:41:05.4474234Z hint:
2026-09-15T14:41:05.4475511Z hint: Names commonly chosen instead of 'master' are 'main', 'trunk' and
2026-09-15T14:41:05.4477807Z hint: 'development'. The just-created branch can be renamed via this command:
2026-09-15T14:41:05.4479689Z hint:
2026-09-15T14:41:05.4480846Z hint: 	git branch -m <name>
2026-09-15T14:41:05.4482163Z hint:
2026-09-15T14:41:05.4483553Z hint: Disable this message with "git config set advice.defaultBranchName false"
2026-09-15T14:41:05.4485736Z Initialized empty Git repository in /home/runner/work/revealline/revealline/.git/
2026-09-15T14:41:05.4489650Z [command]/usr/bin/git remote add origin https://github.com/mekhovov/revealline
2026-09-15T14:41:05.4535447Z ##[endgroup]
2026-09-15T14:41:05.4536991Z ##[group]Disabling automatic garbage collection
2026-09-15T14:41:05.4540602Z [command]/usr/bin/git config --local gc.auto 0
2026-09-15T14:41:05.4574390Z ##[endgroup]
2026-09-15T14:41:05.4575539Z ##[group]Setting up auth
2026-09-15T14:41:05.4582701Z [command]/usr/bin/git config --local --name-only --get-regexp core\.sshCommand
2026-09-15T14:41:05.4628244Z [command]/usr/bin/git submodule foreach --recursive sh -c "git config --local --name-only --get-regexp 'core\.sshCommand' && git config --local --unset-all 'core.sshCommand' || :"
2026-09-15T14:41:05.5093896Z [command]/usr/bin/git config --local --name-only --get-regexp http\.https\:\/\/github\.com\/\.extraheader
2026-09-15T14:41:05.5127929Z [command]/usr/bin/git submodule foreach --recursive sh -c "git config --local --name-only --get-regexp 'http\.https\:\/\/github\.com\/\.extraheader' && git config --local --unset-all 'http.https://github.com/.extraheader' || :"
2026-09-15T14:41:05.5385781Z [command]/usr/bin/git config --local --name-only --get-regexp ^includeIf\.gitdir:
2026-09-15T14:41:05.5427215Z [command]/usr/bin/git submodule foreach --recursive git config --local --show-origin --name-only --get-regexp remote.origin.url
2026-09-15T14:41:05.5676799Z [command]/usr/bin/git config --local http.https://github.com/.extraheader AUTHORIZATION: basic ***
2026-09-15T14:41:05.5717551Z ##[endgroup]
2026-09-15T14:41:05.5718983Z ##[group]Fetching the repository
2026-09-15T14:41:05.5729614Z [command]/usr/bin/git -c protocol.version=2 fetch --prune --no-recurse-submodules origin +refs/heads/*:refs/remotes/origin/* +refs/tags/*:refs/tags/*
2026-09-15T14:41:20.5483974Z From https://github.com/mekhovov/revealline
2026-09-15T14:41:20.5485512Z  * [new branch]      codex/admit-v052-archive12 -> origin/codex/admit-v052-archive12
2026-09-15T14:41:20.5487402Z  * [new branch]      codex/cross-mode-p00    -> origin/codex/cross-mode-p00
2026-09-15T14:41:20.5489063Z  * [new branch]      codex/cross-mode-p01    -> origin/codex/cross-mode-p01
2026-09-15T14:41:20.5490834Z  * [new branch]      codex/cross-mode-p01-library-feedback -> origin/codex/cross-mode-p01-library-feedback
2026-09-15T14:41:20.5492815Z  * [new branch]      codex/cross-mode-p01-offline-feedback -> origin/codex/cross-mode-p01-offline-feedback
2026-09-15T14:41:20.5494820Z  * [new branch]      codex/cross-mode-p01-pages-v0571 -> origin/codex/cross-mode-p01-pages-v0571
2026-09-15T14:41:20.5497035Z  * [new branch]      codex/fpv-redesign-phase0 -> origin/codex/fpv-redesign-phase0
2026-09-15T14:41:20.5498848Z  * [new branch]      codex/fpv-redesign-phase1 -> origin/codex/fpv-redesign-phase1
2026-09-15T14:41:20.5500609Z  * [new branch]      codex/fpv-redesign-phase1-integration -> origin/codex/fpv-redesign-phase1-integration
2026-09-15T14:41:20.5502961Z  * [new branch]      codex/fpv-redesign-phase2 -> origin/codex/fpv-redesign-phase2
2026-09-15T14:41:20.5504911Z  * [new branch]      codex/fpv-redesign-phase2-integration -> origin/codex/fpv-redesign-phase2-integration
2026-09-15T14:41:20.5507091Z  * [new branch]      codex/fpv-redesign-phase3 -> origin/codex/fpv-redesign-phase3
2026-09-15T14:41:20.5508799Z  * [new branch]      codex/fpv-redesign-phase3-integration -> origin/codex/fpv-redesign-phase3-integration
2026-09-15T14:41:20.5510336Z  * [new branch]      codex/fpv-redesign-phase4 -> origin/codex/fpv-redesign-phase4
2026-09-15T14:41:20.5511871Z  * [new branch]      codex/fpv-redesign-phase4-integration -> origin/codex/fpv-redesign-phase4-integration
2026-09-15T14:41:20.5513312Z  * [new branch]      codex/fpv-redesign-phase5 -> origin/codex/fpv-redesign-phase5
2026-09-15T14:41:20.5514864Z  * [new branch]      codex/fpv-redesign-phase5-integration -> origin/codex/fpv-redesign-phase5-integration
2026-09-15T14:41:20.5517394Z  * [new branch]      codex/fpv-redesign-phase5-qualification -> origin/codex/fpv-redesign-phase5-qualification
2026-09-15T14:41:20.5519222Z  * [new branch]      codex/fpv-redesign-phase6 -> origin/codex/fpv-redesign-phase6
2026-09-15T14:41:20.5520968Z  * [new branch]      codex/fpv-redesign-phase6-integration -> origin/codex/fpv-redesign-phase6-integration
2026-09-15T14:41:20.5522665Z  * [new branch]      codex/fpv-redesign-phase6-qualification -> origin/codex/fpv-redesign-phase6-qualification
2026-09-15T14:41:20.5523582Z  * [new branch]      codex/fpv-redesign-phase7 -> origin/codex/fpv-redesign-phase7
2026-09-15T14:41:20.5524788Z  * [new branch]      codex/fpv-redesign-phase7-integration -> origin/codex/fpv-redesign-phase7-integration
2026-09-15T14:41:20.5525865Z  * [new branch]      codex/frozen-pages-controller -> origin/codex/frozen-pages-controller
2026-09-15T14:41:20.5527801Z  * [new branch]      codex/frozen-pages-field-kit-final -> origin/codex/frozen-pages-field-kit-final
2026-09-15T14:41:20.5528615Z  * [new branch]      codex/hosted-qualified-freezes -> origin/codex/hosted-qualified-freezes
2026-09-15T14:41:20.5529793Z  * [new branch]      codex/p00-pages-v055    -> origin/codex/p00-pages-v055
2026-09-15T14:41:20.5530912Z  * [new branch]      codex/p00-public-acceptance -> origin/codex/p00-public-acceptance
2026-09-15T14:41:20.5531836Z  * [new branch]      codex/p01-pages-v057    -> origin/codex/p01-pages-v057
2026-09-15T14:41:20.5532442Z  * [new branch]      codex/pages-artifact-budget -> origin/codex/pages-artifact-budget
2026-09-15T14:41:20.5533089Z  * [new branch]      codex/promote-qualified-freezes -> origin/codex/promote-qualified-freezes
2026-09-15T14:41:20.5533697Z  * [new branch]      codex/relay-rescue      -> origin/codex/relay-rescue
2026-09-15T14:41:20.5534322Z  * [new branch]      codex/relay-rescue-publication-prep -> origin/codex/relay-rescue-publication-prep
2026-09-15T14:41:20.5535149Z  * [new branch]      codex/release-router-pending-selector -> origin/codex/release-router-pending-selector
2026-09-15T14:41:20.5535857Z  * [new branch]      codex/release-v0.51.1-audio -> origin/codex/release-v0.51.1-audio
2026-09-15T14:41:20.5536719Z  * [new branch]      codex/v053-on-v052      -> origin/codex/v053-on-v052
2026-09-15T14:41:20.5537654Z  * [new branch]      codex/v054-production-ledger -> origin/codex/v054-production-ledger
2026-09-15T14:41:20.5538543Z  * [new branch]      codex/verify-qualified-freeze-artifacts -> origin/codex/verify-qualified-freeze-artifacts
2026-09-15T14:41:20.5539287Z  * [new branch]      delivery/v0.56-public-acceptance -> origin/delivery/v0.56-public-acceptance
2026-09-15T14:41:20.5539914Z  * [new branch]      feat/campaign-production -> origin/feat/campaign-production
2026-09-15T14:41:20.5540462Z  * [new branch]      feat/couch-native-shell -> origin/feat/couch-native-shell
2026-09-15T14:41:20.5541014Z  * [new branch]      feat/countercurrent-v041 -> origin/feat/countercurrent-v041
2026-09-15T14:41:20.5541612Z  * [new branch]      feat/fracture-chapter-adoption -> origin/feat/fracture-chapter-adoption
2026-09-15T14:41:20.5542468Z  * [new branch]      feat/media-studio-milestone -> origin/feat/media-studio-milestone
2026-09-15T14:41:20.5543140Z  * [new branch]      feat/original-art-library -> origin/feat/original-art-library
2026-09-15T14:41:20.5543757Z  * [new branch]      feat/p5-fpv-source-integration -> origin/feat/p5-fpv-source-integration
2026-09-15T14:41:20.5544417Z  * [new branch]      feat/picture-runtime-adoption -> origin/feat/picture-runtime-adoption
2026-09-15T14:41:20.5545095Z  * [new branch]      feat/poster-and-tactical-preview -> origin/feat/poster-and-tactical-preview
2026-09-15T14:41:20.5545781Z  * [new branch]      feat/presentation-ux-integration -> origin/feat/presentation-ux-integration
2026-09-15T14:41:20.5546758Z  * [new branch]      feat/pressure-and-presentation -> origin/feat/pressure-and-presentation
2026-09-15T14:41:20.5547414Z  * [new branch]      feat/production-register -> origin/feat/production-register
2026-09-15T14:41:20.5548005Z  * [new branch]      feat/story-runtime-adoption -> origin/feat/story-runtime-adoption
2026-09-15T14:41:20.5548589Z  * [new branch]      feat/world-browser-polish -> origin/feat/world-browser-polish
2026-09-15T14:41:20.5549229Z  * [new branch]      feature/compact-pause-and-guidance -> origin/feature/compact-pause-and-guidance
2026-09-15T14:41:20.5549910Z  * [new branch]      feature/line-impact-and-catalog -> origin/feature/line-impact-and-catalog
2026-09-15T14:41:20.5550639Z  * [new branch]      feature/native-controls-and-arcade-flow -> origin/feature/native-controls-and-arcade-flow
2026-09-15T14:41:20.5551329Z  * [new branch]      feature/native-game-edition -> origin/feature/native-game-edition
2026-09-15T14:41:20.5552027Z  * [new branch]      feature/player-library-and-couch-polish -> origin/feature/player-library-and-couch-polish
2026-09-15T14:41:20.5552899Z  * [new branch]      fix/ci-release-shard-source -> origin/fix/ci-release-shard-source
2026-09-15T14:41:20.5553501Z  * [new branch]      fix/immutable-pages-entry -> origin/fix/immutable-pages-entry
2026-09-15T14:41:20.5554169Z  * [new branch]      fix/v052-preserve-tested-integration -> origin/fix/v052-preserve-tested-integration
2026-09-15T14:41:20.5554743Z  * [new branch]      main                    -> origin/main
2026-09-15T14:41:20.5555836Z  * [new branch]      publication/archive12-v056-admission-root -> origin/publication/archive12-v056-admission-root
2026-09-15T14:41:20.5560239Z  * [new branch]      release/v0.32.0         -> origin/release/v0.32.0
2026-09-15T14:41:20.5561296Z  * [new branch]      release/v0.56-publication -> origin/release/v0.56-publication
2026-09-15T14:41:20.5562438Z  * [new tag]         v0.0.9-motion-lab       -> v0.0.9-motion-lab
2026-09-15T14:41:20.5563311Z  * [new tag]         v0.1.0                  -> v0.1.0
2026-09-15T14:41:20.5564008Z  * [new tag]         v0.1.1                  -> v0.1.1
2026-09-15T14:41:20.5564759Z  * [new tag]         v0.1.2                  -> v0.1.2
2026-09-15T14:41:20.5565444Z  * [new tag]         v0.10.0                 -> v0.10.0
2026-09-15T14:41:20.5566175Z  * [new tag]         v0.11.0                 -> v0.11.0
2026-09-15T14:41:20.5567167Z  * [new tag]         v0.12.0                 -> v0.12.0
2026-09-15T14:41:20.5567962Z  * [new tag]         v0.13.0                 -> v0.13.0
2026-09-15T14:41:20.5568744Z  * [new tag]         v0.14.0                 -> v0.14.0
2026-09-15T14:41:20.5569488Z  * [new tag]         v0.15.0                 -> v0.15.0
2026-09-15T14:41:20.5570288Z  * [new tag]         v0.16.0                 -> v0.16.0
2026-09-15T14:41:20.5571067Z  * [new tag]         v0.17.0                 -> v0.17.0
2026-09-15T14:41:20.5571826Z  * [new tag]         v0.17.1                 -> v0.17.1
2026-09-15T14:41:20.5572573Z  * [new tag]         v0.18.0                 -> v0.18.0
2026-09-15T14:41:20.5573262Z  * [new tag]         v0.19.0                 -> v0.19.0
2026-09-15T14:41:20.5573911Z  * [new tag]         v0.2.0                  -> v0.2.0
2026-09-15T14:41:20.5574532Z  * [new tag]         v0.2.1                  -> v0.2.1
2026-09-15T14:41:20.5575407Z  * [new tag]         v0.20.0                 -> v0.20.0
2026-09-15T14:41:20.5576018Z  * [new tag]         v0.21.0                 -> v0.21.0
2026-09-15T14:41:20.5576887Z  * [new tag]         v0.22.0                 -> v0.22.0
2026-09-15T14:41:20.5577543Z  * [new tag]         v0.23.0                 -> v0.23.0
2026-09-15T14:41:20.5578151Z  * [new tag]         v0.24.0                 -> v0.24.0
2026-09-15T14:41:20.5578773Z  * [new tag]         v0.25.0                 -> v0.25.0
2026-09-15T14:41:20.5579390Z  * [new tag]         v0.26.0                 -> v0.26.0
2026-09-15T14:41:20.5580192Z  * [new tag]         v0.27.0                 -> v0.27.0
2026-09-15T14:41:20.5580831Z  * [new tag]         v0.28.0                 -> v0.28.0
2026-09-15T14:41:20.5581197Z  * [new tag]         v0.29.0                 -> v0.29.0
2026-09-15T14:41:20.5581580Z  * [new tag]         v0.29.1                 -> v0.29.1
2026-09-15T14:41:20.5581947Z  * [new tag]         v0.29.2                 -> v0.29.2
2026-09-15T14:41:20.5582332Z  * [new tag]         v0.3.0                  -> v0.3.0
2026-09-15T14:41:20.5582696Z  * [new tag]         v0.30.0                 -> v0.30.0
2026-09-15T14:41:20.5583051Z  * [new tag]         v0.31.0                 -> v0.31.0
2026-09-15T14:41:20.5583414Z  * [new tag]         v0.32.0                 -> v0.32.0
2026-09-15T14:41:20.5583767Z  * [new tag]         v0.33.0                 -> v0.33.0
2026-09-15T14:41:20.5584120Z  * [new tag]         v0.34.0                 -> v0.34.0
2026-09-15T14:41:20.5584478Z  * [new tag]         v0.35.0                 -> v0.35.0
2026-09-15T14:41:20.5584829Z  * [new tag]         v0.36.0                 -> v0.36.0
2026-09-15T14:41:20.5585179Z  * [new tag]         v0.37.0                 -> v0.37.0
2026-09-15T14:41:20.5585528Z  * [new tag]         v0.38.0                 -> v0.38.0
2026-09-15T14:41:20.5586039Z  * [new tag]         v0.39.0                 -> v0.39.0
2026-09-15T14:41:20.5587040Z  * [new tag]         v0.4.0                  -> v0.4.0
2026-09-15T14:41:20.5587829Z  * [new tag]         v0.4.1                  -> v0.4.1
2026-09-15T14:41:20.5588420Z  * [new tag]         v0.40.0                 -> v0.40.0
2026-09-15T14:41:20.5589143Z  * [new tag]         v0.41.0                 -> v0.41.0
2026-09-15T14:41:20.5589751Z  * [new tag]         v0.42.0                 -> v0.42.0
2026-09-15T14:41:20.5590141Z  * [new tag]         v0.44.0                 -> v0.44.0
2026-09-15T14:41:20.5590510Z  * [new tag]         v0.45.0                 -> v0.45.0
2026-09-15T14:41:20.5590871Z  * [new tag]         v0.46.0                 -> v0.46.0
2026-09-15T14:41:20.5591225Z  * [new tag]         v0.47.0                 -> v0.47.0
2026-09-15T14:41:20.5591579Z  * [new tag]         v0.48.0                 -> v0.48.0
2026-09-15T14:41:20.5591936Z  * [new tag]         v0.49.0                 -> v0.49.0
2026-09-15T14:41:20.5592305Z  * [new tag]         v0.5.0                  -> v0.5.0
2026-09-15T14:41:20.5592660Z  * [new tag]         v0.50.0                 -> v0.50.0
2026-09-15T14:41:20.5593015Z  * [new tag]         v0.51.0                 -> v0.51.0
2026-09-15T14:41:20.5593367Z  * [new tag]         v0.52.0                 -> v0.52.0
2026-09-15T14:41:20.5593729Z  * [new tag]         v0.53.0                 -> v0.53.0
2026-09-15T14:41:20.5594097Z  * [new tag]         v0.54.0                 -> v0.54.0
2026-09-15T14:41:20.5594465Z  * [new tag]         v0.55.0                 -> v0.55.0
2026-09-15T14:41:20.5594824Z  * [new tag]         v0.56.0                 -> v0.56.0
2026-09-15T14:41:20.5595184Z  * [new tag]         v0.57.0                 -> v0.57.0
2026-09-15T14:41:20.5595530Z  * [new tag]         v0.57.1                 -> v0.57.1
2026-09-15T14:41:20.5595878Z  * [new tag]         v0.6.0                  -> v0.6.0
2026-09-15T14:41:20.5596228Z  * [new tag]         v0.7.0                  -> v0.7.0
2026-09-15T14:41:20.5596883Z  * [new tag]         v0.8.0                  -> v0.8.0
2026-09-15T14:41:20.5597248Z  * [new tag]         v0.9.0                  -> v0.9.0
2026-09-15T14:41:20.5598806Z [command]/usr/bin/git branch --list --remote origin/codex/cross-mode-p01-library-feedback
2026-09-15T14:41:20.5599747Z   origin/codex/cross-mode-p01-library-feedback
2026-09-15T14:41:20.5601033Z [command]/usr/bin/git rev-parse refs/remotes/origin/codex/cross-mode-p01-library-feedback
2026-09-15T14:41:20.5601572Z 69195ddd1d21a7bc3f863cf7589069a735301a03
2026-09-15T14:41:20.5604439Z ##[endgroup]
2026-09-15T14:41:20.5604903Z ##[group]Determining the checkout info
2026-09-15T14:41:20.5605961Z ##[endgroup]
2026-09-15T14:41:20.5611962Z [command]/usr/bin/git sparse-checkout disable
2026-09-15T14:41:20.5669062Z [command]/usr/bin/git config --local --unset-all extensions.worktreeConfig
2026-09-15T14:41:20.5699864Z ##[group]Checking out the ref
2026-09-15T14:41:20.5703891Z [command]/usr/bin/git checkout --progress --force -B codex/cross-mode-p01-library-feedback refs/remotes/origin/codex/cross-mode-p01-library-feedback
2026-09-15T14:41:21.5988163Z Updating files:  19% (1173/5968)
2026-09-15T14:41:21.6083079Z Updating files:  20% (1194/5968)
2026-09-15T14:41:21.6147055Z Updating files:  21% (1254/5968)
2026-09-15T14:41:21.6203642Z Updating files:  22% (1313/5968)
2026-09-15T14:41:21.6261698Z Updating files:  23% (1373/5968)
2026-09-15T14:41:21.6344167Z Updating files:  24% (1433/5968)
2026-09-15T14:41:21.6406136Z Updating files:  25% (1492/5968)
2026-09-15T14:41:21.6480582Z Updating files:  26% (1552/5968)
2026-09-15T14:41:21.6535797Z Updating files:  27% (1612/5968)
2026-09-15T14:41:21.6574842Z Updating files:  28% (1672/5968)
2026-09-15T14:41:21.6661598Z Updating files:  29% (1731/5968)
2026-09-15T14:41:21.6745677Z Updating files:  30% (1791/5968)
2026-09-15T14:41:21.6837331Z Updating files:  31% (1851/5968)
2026-09-15T14:41:21.6927027Z Updating files:  32% (1910/5968)
2026-09-15T14:41:21.7027757Z Updating files:  33% (1970/5968)
2026-09-15T14:41:21.7081592Z Updating files:  34% (2030/5968)
2026-09-15T14:41:21.7230027Z Updating files:  35% (2089/5968)
2026-09-15T14:41:21.7489468Z Updating files:  36% (2149/5968)
2026-09-15T14:41:21.7596348Z Updating files:  37% (2209/5968)
2026-09-15T14:41:21.7726409Z Updating files:  38% (2268/5968)
2026-09-15T14:41:21.7837259Z Updating files:  39% (2328/5968)
2026-09-15T14:41:21.7925265Z Updating files:  40% (2388/5968)
2026-09-15T14:41:21.8130485Z Updating files:  41% (2447/5968)
2026-09-15T14:41:21.8372112Z Updating files:  42% (2507/5968)
2026-09-15T14:41:21.8527031Z Updating files:  43% (2567/5968)
2026-09-15T14:41:21.8656642Z Updating files:  44% (2626/5968)
2026-09-15T14:41:21.8757361Z Updating files:  45% (2686/5968)
2026-09-15T14:41:21.8837060Z Updating files:  46% (2746/5968)
2026-09-15T14:41:21.8967658Z Updating files:  47% (2805/5968)
2026-09-15T14:41:21.9064088Z Updating files:  48% (2865/5968)
2026-09-15T14:41:21.9402534Z Updating files:  49% (2925/5968)
2026-09-15T14:41:21.9449440Z Updating files:  50% (2984/5968)
2026-09-15T14:41:21.9502247Z Updating files:  51% (3044/5968)
2026-09-15T14:41:22.0010600Z Updating files:  52% (3104/5968)
2026-09-15T14:41:22.1720500Z Updating files:  53% (3164/5968)
2026-09-15T14:41:22.1790974Z Updating files:  54% (3223/5968)
2026-09-15T14:41:22.1869853Z Updating files:  55% (3283/5968)
2026-09-15T14:41:22.1933444Z Updating files:  56% (3343/5968)
2026-09-15T14:41:22.2135514Z Updating files:  57% (3402/5968)
2026-09-15T14:41:22.2147581Z Updating files:  58% (3462/5968)
2026-09-15T14:41:22.2176874Z Updating files:  59% (3522/5968)
2026-09-15T14:41:22.2230576Z Updating files:  60% (3581/5968)
2026-09-15T14:41:22.2279845Z Updating files:  61% (3641/5968)
2026-09-15T14:41:22.2329447Z Updating files:  62% (3701/5968)
2026-09-15T14:41:22.2377272Z Updating files:  63% (3760/5968)
2026-09-15T14:41:22.2443994Z Updating files:  64% (3820/5968)
2026-09-15T14:41:22.2492203Z Updating files:  65% (3880/5968)
2026-09-15T14:41:22.2587512Z Updating files:  66% (3939/5968)
2026-09-15T14:41:22.2771944Z Updating files:  67% (3999/5968)
2026-09-15T14:41:22.2939349Z Updating files:  68% (4059/5968)
2026-09-15T14:41:22.3038601Z Updating files:  69% (4118/5968)
2026-09-15T14:41:22.3166759Z Updating files:  70% (4178/5968)
2026-09-15T14:41:22.3259422Z Updating files:  71% (4238/5968)
2026-09-15T14:41:22.3303429Z Updating files:  72% (4297/5968)
2026-09-15T14:41:22.3387711Z Updating files:  73% (4357/5968)
2026-09-15T14:41:22.3452152Z Updating files:  74% (4417/5968)
2026-09-15T14:41:22.3508629Z Updating files:  75% (4476/5968)
2026-09-15T14:41:22.3556339Z Updating files:  76% (4536/5968)
2026-09-15T14:41:22.3596124Z Updating files:  77% (4596/5968)
2026-09-15T14:41:22.3656917Z Updating files:  78% (4656/5968)
2026-09-15T14:41:22.3719823Z Updating files:  79% (4715/5968)
2026-09-15T14:41:22.3790691Z Updating files:  80% (4775/5968)
2026-09-15T14:41:22.3923310Z Updating files:  81% (4835/5968)
2026-09-15T14:41:22.3983172Z Updating files:  82% (4894/5968)
2026-09-15T14:41:22.4035369Z Updating files:  83% (4954/5968)
2026-09-15T14:41:22.4128527Z Updating files:  84% (5014/5968)
2026-09-15T14:41:22.4183796Z Updating files:  85% (5073/5968)
2026-09-15T14:41:22.4209532Z Updating files:  86% (5133/5968)
2026-09-15T14:41:22.4234574Z Updating files:  87% (5193/5968)
2026-09-15T14:41:22.4276604Z Updating files:  88% (5252/5968)
2026-09-15T14:41:22.4376839Z Updating files:  89% (5312/5968)
2026-09-15T14:41:22.4450402Z Updating files:  90% (5372/5968)
2026-09-15T14:41:22.4551205Z Updating files:  91% (5431/5968)
2026-09-15T14:41:22.4703343Z Updating files:  92% (5491/5968)
2026-09-15T14:41:22.4785023Z Updating files:  93% (5551/5968)
2026-09-15T14:41:22.4863966Z Updating files:  94% (5610/5968)
2026-09-15T14:41:22.4907716Z Updating files:  95% (5670/5968)
2026-09-15T14:41:22.4941529Z Updating files:  96% (5730/5968)
2026-09-15T14:41:22.4977918Z Updating files:  97% (5789/5968)
2026-09-15T14:41:22.5020964Z Updating files:  98% (5849/5968)
2026-09-15T14:41:22.5068105Z Updating files:  99% (5909/5968)
2026-09-15T14:41:22.5069277Z Updating files: 100% (5968/5968)
2026-09-15T14:41:22.5069968Z Updating files: 100% (5968/5968), done.
2026-09-15T14:41:22.5142490Z Switched to a new branch 'codex/cross-mode-p01-library-feedback'
2026-09-15T14:41:22.5149105Z branch 'codex/cross-mode-p01-library-feedback' set up to track 'origin/codex/cross-mode-p01-library-feedback'.
2026-09-15T14:41:22.5274746Z ##[endgroup]
2026-09-15T14:41:22.5321274Z [command]/usr/bin/git log -1 --format=%H
2026-09-15T14:41:22.5349131Z 69195ddd1d21a7bc3f863cf7589069a735301a03
2026-09-15T14:41:22.5601355Z Node 20 is being deprecated. This workflow is running with Node 24 by default. If you need to temporarily use Node 20, you can set the ACTIONS_ALLOW_USE_UNSECURE_NODE_VERSION=true environment variable. For more information see: https://github.blog/changelog/2025-09-19-deprecation-of-node-20-on-github-actions-runners/
2026-09-15T14:41:22.5603086Z ##[group]Run actions/setup-node@v4
2026-09-15T14:41:22.5603341Z with:
2026-09-15T14:41:22.5603544Z   node-version: 20.19.x
2026-09-15T14:41:22.5603764Z   cache: npm
2026-09-15T14:41:22.5603956Z   always-auth: false
2026-09-15T14:41:22.5604169Z   check-latest: false
2026-09-15T14:41:22.5607248Z   token: ***
2026-09-15T14:41:22.5607466Z ##[endgroup]
2026-09-15T14:41:22.7014376Z Attempting to download 20.19.x...
2026-09-15T14:41:22.7125359Z (node:2323) [DEP0040] DeprecationWarning: The `punycode` module is deprecated. Please use a userland alternative instead.
2026-09-15T14:41:22.7127112Z (Use `node --trace-deprecation ...` to show where the warning was created)
2026-09-15T14:41:23.1748667Z Acquiring 20.19.6 - x64 from https://github.com/actions/node-versions/releases/download/20.19.6-19690675733/node-20.19.6-linux-x64.tar.gz
2026-09-15T14:41:23.6146514Z Extracting ...
2026-09-15T14:41:23.6266020Z [command]/usr/bin/tar xz --strip 1 --warning=no-unknown-keyword --overwrite -C /home/runner/work/_temp/92488e93-ef2a-4e7a-91ed-be6d1b1b8059 -f /home/runner/work/_temp/f51d4b07-c214-4526-825b-36c513c1648c
2026-09-15T14:41:24.6325965Z Adding to the cache ...
2026-09-15T14:41:26.4775455Z ##[group]Environment details
2026-09-15T14:41:26.6956776Z node: v20.19.6
2026-09-15T14:41:26.6957498Z npm: 10.8.2
2026-09-15T14:41:26.6957810Z yarn: 1.22.22
2026-09-15T14:41:26.6958498Z ##[endgroup]
2026-09-15T14:41:26.6979288Z [command]/opt/hostedtoolcache/node/20.19.6/x64/bin/npm config get cache
2026-09-15T14:41:26.7977554Z /home/runner/.npm
2026-09-15T14:41:27.0695883Z Cache hit for: node-cache-Linux-x64-npm-1862b28f2e68083ac7ee8c6c9a4cd16ff6aaab0b76bf75940aedf75c9c15fc1c
2026-09-15T14:41:27.0812450Z (node:2323) [DEP0169] DeprecationWarning: `url.parse()` behavior is not standardized and prone to errors that have security implications. Use the WHATWG URL API instead. CVEs are not issued for `url.parse()` vulnerabilities.
2026-09-15T14:41:28.3952384Z Received 0 of 24195519 (0.0%), 0.0 MBs/sec
2026-09-15T14:41:28.6475448Z Received 24195519 of 24195519 (100.0%), 18.4 MBs/sec
2026-09-15T14:41:28.6476777Z Cache Size: ~23 MB (24195519 B)
2026-09-15T14:41:28.6587620Z [command]/usr/bin/tar -xf /home/runner/work/_temp/c7c06f3b-9026-4ac4-8ea8-91932b0ee147/cache.tzst -P -C /home/runner/work/revealline/revealline --use-compress-program unzstd
2026-09-15T14:41:28.7102187Z Cache restored successfully
2026-09-15T14:41:28.7122847Z Cache restored from key: node-cache-Linux-x64-npm-1862b28f2e68083ac7ee8c6c9a4cd16ff6aaab0b76bf75940aedf75c9c15fc1c
2026-09-15T14:41:28.7299868Z ##[group]Run test "$(git rev-parse HEAD)" = "$GITHUB_SHA"
2026-09-15T14:41:28.7300337Z [36;1mtest "$(git rev-parse HEAD)" = "$GITHUB_SHA"[0m
2026-09-15T14:41:28.7300682Z [36;1mgit rev-parse HEAD 'HEAD^{tree}'[0m
2026-09-15T14:41:28.7300978Z [36;1mnode --version[0m
2026-09-15T14:41:28.7301434Z [36;1msha256sum package.json package-lock.json scripts/game-cli.mjs scripts/run-test-shard.mjs[0m
2026-09-15T14:41:28.7344664Z shell: /usr/bin/bash -e {0}
2026-09-15T14:41:28.7344939Z ##[endgroup]
2026-09-15T14:41:28.7465134Z 69195ddd1d21a7bc3f863cf7589069a735301a03
2026-09-15T14:41:28.7465579Z 6dea75eef274c3625d7a7e9c251b20d587a42191
2026-09-15T14:41:28.7487718Z v20.19.6
2026-09-15T14:41:28.7511978Z aea77f8a799ed1090a3a0e73288b91258696dc092868e0ad39d12c3b71674329  package.json
2026-09-15T14:41:28.7513256Z 5e68fe93f4c6d6bc6ef23d95b21f9fab96b6ce0f219709ebce4112adf1f86190  package-lock.json
2026-09-15T14:41:28.7514158Z 74353c39c14fdfe3c784c2657944024e3d2b7057d3fb92e562470e55e4306629  scripts/game-cli.mjs
2026-09-15T14:41:28.7515596Z dec7c80967cb23c6873968ef28f4c948203539e482c27787713e5f4c1ffc6730  scripts/run-test-shard.mjs
2026-09-15T14:41:28.7548212Z ##[group]Run npm ci
2026-09-15T14:41:28.7548469Z [36;1mnpm ci[0m
2026-09-15T14:41:28.7583396Z shell: /usr/bin/bash -e {0}
2026-09-15T14:41:28.7583656Z ##[endgroup]
2026-09-15T14:41:31.1209297Z 
2026-09-15T14:41:31.1210071Z added 81 packages, and audited 82 packages in 2s
2026-09-15T14:41:31.1210563Z 
2026-09-15T14:41:31.1210897Z 18 packages are looking for funding
2026-09-15T14:41:31.1211424Z   run `npm fund` for details
2026-09-15T14:41:31.1220152Z 
2026-09-15T14:41:31.1220561Z found 0 vulnerabilities
2026-09-15T14:41:31.1436018Z ##[group]Run node scripts/run-test-shard.mjs --shard 2/4 --list
2026-09-15T14:41:31.1437001Z [36;1mnode scripts/run-test-shard.mjs --shard 2/4 --list[0m
2026-09-15T14:41:31.1476256Z shell: /usr/bin/bash -e {0}
2026-09-15T14:41:31.1476817Z ##[endgroup]
2026-09-15T14:41:31.1973106Z Running 94/376 test files in shard 2/4.
2026-09-15T14:41:31.1977329Z authoring/motion-lab/test-animation.mjs
2026-09-15T14:41:31.1978123Z authoring/motion-lab/test-steering.mjs
2026-09-15T14:41:31.1978751Z game/test/asset-studio-build.test.mjs
2026-09-15T14:41:31.1979167Z game/test/asset-studio-host-loading.test.mjs
2026-09-15T14:41:31.1979568Z game/test/asset-studio-rotors.test.mjs
2026-09-15T14:41:31.1979918Z game/test/attempt-file.test.mjs
2026-09-15T14:41:31.1980253Z game/test/backup-storage.test.mjs
2026-09-15T14:41:31.1980563Z game/test/boot-host.test.mjs
2026-09-15T14:41:31.1980913Z game/test/campaign-difficulty-library.test.mjs
2026-09-15T14:41:31.1981379Z game/test/chapter-download-host.test.mjs
2026-09-15T14:41:31.1981729Z game/test/classic-core.test.mjs
2026-09-15T14:41:31.1982037Z game/test/classic-lab.test.mjs
2026-09-15T14:41:31.1982673Z game/test/collection-context-host.test.mjs
2026-09-15T14:41:31.1983038Z game/test/compatibility-v060.test.mjs
2026-09-15T14:41:31.1983412Z game/test/continuous-host.test.mjs
2026-09-15T14:41:31.1983765Z game/test/controller-boost-library.test.mjs
2026-09-15T14:41:31.1984114Z game/test/controller-lab.test.mjs
2026-09-15T14:41:31.1984437Z game/test/controller-reading.test.mjs
2026-09-15T14:41:31.1984759Z game/test/coop-authoring.test.mjs
2026-09-15T14:41:31.1985085Z game/test/coop-experiment.test.mjs
2026-09-15T14:41:31.1985404Z game/test/coop-live-rescue.test.mjs
2026-09-15T14:41:31.1985719Z game/test/core-capture.test.mjs
2026-09-15T14:41:31.1986024Z game/test/couch-chapter.test.mjs
2026-09-15T14:41:31.1986585Z game/test/couch-markup.test.mjs
2026-09-15T14:41:31.1987385Z game/test/countercurrent-chapter-host.test.mjs
2026-09-15T14:41:31.1988170Z game/test/dawn-signal-example.test.mjs
2026-09-15T14:41:31.1988969Z game/test/difficulty-host.test.mjs
2026-09-15T14:41:31.1989632Z game/test/earned-picture.test.mjs
2026-09-15T14:41:31.1990140Z game/test/encounter-core.test.mjs
2026-09-15T14:41:31.1990667Z game/test/enemy-body-motion.test.mjs
2026-09-15T14:41:31.1991190Z game/test/enemy-guide-panel.test.mjs
2026-09-15T14:41:31.1991783Z game/test/enemy-workshop-return.test.mjs
2026-09-15T14:41:31.1992337Z game/test/external-backup-host.test.mjs
2026-09-15T14:41:31.1992964Z game/test/external-chapter-download.test.mjs
2026-09-15T14:41:31.1993571Z game/test/external-chapters-panel.test.mjs
2026-09-15T14:41:31.1994140Z game/test/field-kit-flow.test.mjs
2026-09-15T14:41:31.1994700Z game/test/field-kit-scenes.test.mjs
2026-09-15T14:41:31.1995069Z game/test/first-flight-launch.test.mjs
2026-09-15T14:41:31.1995409Z game/test/first-flight.test.mjs
2026-09-15T14:41:31.1995720Z game/test/flight-pictures.test.mjs
2026-09-15T14:41:31.1996050Z game/test/fpv-r3-playthrough.test.mjs
2026-09-15T14:41:31.1996739Z game/test/fpv-role-presentation.test.mjs
2026-09-15T14:41:31.1997119Z game/test/fracture-lines.test.mjs
2026-09-15T14:41:31.1997448Z game/test/gallery-focus.test.mjs
2026-09-15T14:41:31.1997786Z game/test/host-presentation-size.test.mjs
2026-09-15T14:41:31.1998132Z game/test/key-settings.test.mjs
2026-09-15T14:41:31.1998471Z game/test/managed-media-connection.test.mjs
2026-09-15T14:41:31.1998833Z game/test/mastery-equipment.test.mjs
2026-09-15T14:41:31.1999177Z game/test/mastery-replay.test.mjs
2026-09-15T14:41:31.1999481Z game/test/media-bundle.test.mjs
2026-09-15T14:41:31.1999778Z game/test/media-still.test.mjs
2026-09-15T14:41:31.2000080Z game/test/mission-picker.test.mjs
2026-09-15T14:41:31.2000419Z game/test/multiplayer-encounter.test.mjs
2026-09-15T14:41:31.2000730Z game/test/offline.test.mjs
2026-09-15T14:41:31.2001067Z game/test/optional-chapters.test.mjs
2026-09-15T14:41:31.2001414Z game/test/pages-delivery.test.mjs
2026-09-15T14:41:31.2001990Z game/test/picture-receipts.test.mjs
2026-09-15T14:41:31.2002342Z game/test/playground-viewport.test.mjs
2026-09-15T14:41:31.2002681Z game/test/practice-retry.test.mjs
2026-09-15T14:41:31.2002993Z game/test/presentation-host.test.mjs
2026-09-15T14:41:31.2003339Z game/test/presentation-page-entry.test.mjs
2026-09-15T14:41:31.2003712Z game/test/presentation-readiness.test.mjs
2026-09-15T14:41:31.2004058Z game/test/presentation-ui.test.mjs
2026-09-15T14:41:31.2004416Z game/test/profile-original-recovery.test.mjs
2026-09-15T14:41:31.2004949Z game/test/profile-recovery-snapshot.test.mjs
2026-09-15T14:41:31.2005584Z game/test/profile-transfer.test.mjs
2026-09-15T14:41:31.2006180Z game/test/published-studio.test.mjs
2026-09-15T14:41:31.2007045Z game/test/replay-theater-navigation.test.mjs
2026-09-15T14:41:31.2007703Z game/test/retry-integration.test.mjs
2026-09-15T14:41:31.2008515Z game/test/route-worlds-host.test.mjs
2026-09-15T14:41:31.2009162Z game/test/selection-bookmark-host.test.mjs
2026-09-15T14:41:31.2009566Z game/test/sentinel-playthrough.test.mjs
2026-09-15T14:41:31.2009926Z game/test/sessions-continuous.test.mjs
2026-09-15T14:41:31.2010460Z game/test/settings-assists-host.test.mjs
2026-09-15T14:41:31.2010810Z game/test/soundtrack-panel.test.mjs
2026-09-15T14:41:31.2011150Z game/test/specialty-playthrough.test.mjs
2026-09-15T14:41:31.2011494Z game/test/still-media-channel.test.mjs
2026-09-15T14:41:31.2011839Z game/test/still-story-lifecycle.test.mjs
2026-09-15T14:41:31.2012178Z game/test/storage-retention.test.mjs
2026-09-15T14:41:31.2012501Z game/test/story-bundle.test.mjs
2026-09-15T14:41:31.2012810Z game/test/story-receipts.test.mjs
2026-09-15T14:41:31.2013131Z game/test/text-face-host.test.mjs
2026-09-15T14:41:31.2013482Z game/test/title-operation-status-host.test.mjs
2026-09-15T14:41:31.2013819Z game/test/ui-input.test.mjs
2026-09-15T14:41:31.2014115Z game/test/victory-story.test.mjs
2026-09-15T14:41:31.2014398Z game/test/wide-core.test.mjs
2026-09-15T14:41:31.2014752Z platforms/desktop/test/package-security.test.mjs
2026-09-15T14:41:31.2015132Z platforms/ios/test/bridge.test.mjs
2026-09-15T14:41:31.2015425Z scripts/native-cli.test.mjs
2026-09-15T14:41:31.2015755Z scripts/test-expansion-proof-dispatch.mjs
2026-09-15T14:41:31.2016129Z scripts/test-optional-distribution.mjs
2026-09-15T14:41:31.2016837Z scripts/test-production-countercurrent.mjs
2026-09-15T14:41:31.2017217Z scripts/test-production-register.mjs
2026-09-15T14:41:31.2017547Z scripts/test-run-test-shard.mjs
2026-09-15T14:41:31.2064432Z ##[group]Run mkdir -p .cache
2026-09-15T14:41:31.2064732Z [36;1mmkdir -p .cache[0m
2026-09-15T14:41:31.2065028Z [36;1mnode scripts/run-test-shard.mjs --shard 2/4[0m
2026-09-15T14:41:31.2102846Z shell: /usr/bin/bash -e {0}
2026-09-15T14:41:31.2103119Z ##[endgroup]
2026-09-15T14:41:31.2619287Z Running 94/376 test files in shard 2/4.
2026-09-15T14:41:31.3146882Z TAP version 13
2026-09-15T14:41:31.4990738Z # Subtest: every supplied cosmetic has a validated recipe; FPV defaults use three blades
2026-09-15T14:41:31.5067611Z ok 1 - every supplied cosmetic has a validated recipe; FPV defaults use three blades
2026-09-15T14:41:31.5074191Z   ---
2026-09-15T14:41:31.5075029Z   duration_ms: 3.599153
2026-09-15T14:41:31.5075744Z   ...
2026-09-15T14:41:31.5077305Z # Subtest: malformed count, radius, rate, recipe ref and source anchor fail before rendering
2026-09-15T14:41:31.5079216Z ok 2 - malformed count, radius, rate, recipe ref and source anchor fail before rendering
2026-09-15T14:41:31.5080579Z   ---
2026-09-15T14:41:31.5081427Z   duration_ms: 7.680026
2026-09-15T14:41:31.5082273Z   ...
2026-09-15T14:41:31.5083538Z # Subtest: two, three and four blades have complete evenly spaced geometry at any phase
2026-09-15T14:41:31.5085197Z ok 3 - two, three and four blades have complete evenly spaced geometry at any phase
2026-09-15T14:41:31.5086298Z   ---
2026-09-15T14:41:31.5087249Z   duration_ms: 0.551892
2026-09-15T14:41:31.5088041Z   ...
2026-09-15T14:41:31.5089564Z # Subtest: display sampling never jumps a quarter repeated blade pattern even on a slow frame
2026-09-15T14:41:31.5091389Z ok 4 - display sampling never jumps a quarter repeated blade pattern even on a slow frame
2026-09-15T14:41:31.5092496Z   ---
2026-09-15T14:41:31.5093115Z   duration_ms: 0.611343
2026-09-15T14:41:31.5093857Z   ...
2026-09-15T14:41:31.5095177Z # Subtest: spin responds to movement; slow inspection caps detail while preserving requested speed metadata
2026-09-15T14:41:31.5097445Z ok 5 - spin responds to movement; slow inspection caps detail while preserving requested speed metadata
2026-09-15T14:41:31.5098671Z   ---
2026-09-15T14:41:31.5099249Z   duration_ms: 1.195115
2026-09-15T14:41:31.5099951Z   ...
2026-09-15T14:41:31.5101452Z # Subtest: pause and reduced motion freeze every animation layer, and reduced poses are time invariant
2026-09-15T14:41:31.5103387Z ok 6 - pause and reduced motion freeze every animation layer, and reduced poses are time invariant
2026-09-15T14:41:31.5105071Z   ---
2026-09-15T14:41:31.5105802Z   duration_ms: 1.34779
2026-09-15T14:41:31.5106770Z   ...
2026-09-15T14:41:31.5107975Z # Subtest: wing phase stays continuous when speed changes after a long-running preview
2026-09-15T14:41:31.5109948Z ok 7 - wing phase stays continuous when speed changes after a long-running preview
2026-09-15T14:41:31.5111048Z   ---
2026-09-15T14:41:31.5111696Z   duration_ms: 16.668469
2026-09-15T14:41:31.5112472Z   ...
2026-09-15T14:41:31.5113693Z # Subtest: all character recipes leave authoritative movement identical across a turn and boost
2026-09-15T14:41:31.5115423Z ok 8 - all character recipes leave authoritative movement identical across a turn and boost
2026-09-15T14:41:31.5116836Z   ---
2026-09-15T14:41:31.5117457Z   duration_ms: 107.069696
2026-09-15T14:41:31.5118166Z   ...
2026-09-15T14:41:31.5119464Z # Subtest: non-square source containment preserves body aspect and source-normalized anchor placement
2026-09-15T14:41:31.5121342Z ok 9 - non-square source containment preserves body aspect and source-normalized anchor placement
2026-09-15T14:41:31.5122543Z   ---
2026-09-15T14:41:31.5123110Z   duration_ms: 0.543136
2026-09-15T14:41:31.5123726Z   ...
2026-09-15T14:41:31.5157712Z # Subtest: latest fresh key or pointer wins; release, repeats and an older hold cannot reclaim direction
2026-09-15T14:41:31.5159646Z ok 10 - latest fresh key or pointer wins; release, repeats and an older hold cannot reclaim direction
2026-09-15T14:41:31.5160917Z   ---
2026-09-15T14:41:31.5161582Z   duration_ms: 2.552504
2026-09-15T14:41:31.5162648Z   ...
2026-09-15T14:41:31.5163984Z # Subtest: pause keeps unstepped intent, ignores inactive holds and reset requires a fresh press
2026-09-15T14:41:31.5165695Z ok 11 - pause keeps unstepped intent, ignores inactive holds and reset requires a fresh press
2026-09-15T14:41:31.5168280Z   ---
2026-09-15T14:41:31.5168960Z   duration_ms: 0.405248
2026-09-15T14:41:31.5169547Z   ...
2026-09-15T14:41:31.5170747Z # Subtest: immediate: real motion continues after release and explicit resume retains the complete turn
2026-09-15T14:41:31.5172432Z ok 12 - immediate: real motion continues after release and explicit resume retains the complete turn
2026-09-15T14:41:31.5173468Z   ---
2026-09-15T14:41:31.5174014Z   duration_ms: 2.568945
2026-09-15T14:41:31.5174550Z   ...
2026-09-15T14:41:31.5175611Z # Subtest: immediate: explicit autoplay remains the same route and does not consume manual intent
2026-09-15T14:41:31.5199604Z ok 13 - immediate: explicit autoplay remains the same route and does not consume manual intent
2026-09-15T14:41:31.5200742Z   ---
2026-09-15T14:41:31.5201345Z   duration_ms: 0.898441
2026-09-15T14:41:31.5202006Z   ...
2026-09-15T14:41:31.5203211Z # Subtest: grid-center: real motion continues after release and explicit resume retains the complete turn
2026-09-15T14:41:31.5204998Z ok 14 - grid-center: real motion continues after release and explicit resume retains the complete turn
2026-09-15T14:41:31.5225095Z   ---
2026-09-15T14:41:31.5225967Z   duration_ms: 1.355145
2026-09-15T14:41:31.5226945Z   ...
2026-09-15T14:41:31.5252264Z # Subtest: grid-center: explicit autoplay remains the same route and does not consume manual intent
2026-09-15T14:41:31.5268610Z ok 15 - grid-center: explicit autoplay remains the same route and does not consume manual intent
2026-09-15T14:41:31.5271126Z   ---
2026-09-15T14:41:31.5274180Z   duration_ms: 1.709889
2026-09-15T14:41:31.5278326Z   ...
2026-09-15T14:41:31.9888374Z # Subtest: the release allowlist includes the Studio and its complete static module graph
2026-09-15T14:41:31.9917707Z ok 16 - the release allowlist includes the Studio and its complete static module graph
2026-09-15T14:41:31.9947041Z   ---
2026-09-15T14:41:31.9954614Z   duration_ms: 617.653267
2026-09-15T14:41:31.9955361Z   ...
2026-09-15T14:41:36.4580450Z # Subtest: actual Studio handlers show startup/read/encode stages, cancel a late upload, and save exact source bytes in Studio storage only
2026-09-15T14:41:36.4582543Z ok 17 - actual Studio handlers show startup/read/encode stages, cancel a late upload, and save exact source bytes in Studio storage only
2026-09-15T14:41:36.4614128Z   ---
2026-09-15T14:41:36.4614713Z   duration_ms: 4889.067696
2026-09-15T14:41:36.4615600Z   ...
2026-09-15T14:41:36.4878406Z # Subtest: the registered renderer honors mixed per-hub blade counts without changing legacy recipes
2026-09-15T14:41:36.4887735Z ok 18 - the registered renderer honors mixed per-hub blade counts without changing legacy recipes
2026-09-15T14:41:36.4899713Z   ---
2026-09-15T14:41:36.4909511Z   duration_ms: 4.178226
2026-09-15T14:41:36.4942460Z   ...
2026-09-15T14:41:36.4954645Z # Subtest: source selection is synchronous and never probes the normal stored slot
2026-09-15T14:41:36.5021458Z ok 19 - source selection is synchronous and never probes the normal stored slot
2026-09-15T14:41:36.5117558Z   ---
2026-09-15T14:41:36.5190052Z   duration_ms: 76.655674
2026-09-15T14:41:36.5257267Z   ...
2026-09-15T14:41:36.5287551Z # Subtest: practice blocks preparation before snapshot or storage access
2026-09-15T14:41:36.5307587Z ok 20 - practice blocks preparation before snapshot or storage access
2026-09-15T14:41:36.5339679Z   ---
2026-09-15T14:41:36.5340239Z   duration_ms: 40.447238
2026-09-15T14:41:36.5340849Z   ...
2026-09-15T14:41:36.5341771Z # Subtest: courseActive blocks preparation before snapshot or storage access
2026-09-15T14:41:36.5343100Z ok 21 - courseActive blocks preparation before snapshot or storage access
2026-09-15T14:41:36.5343976Z   ---
2026-09-15T14:41:36.5344468Z   duration_ms: 20.578802
2026-09-15T14:41:36.5345757Z   ...
2026-09-15T14:41:36.5346873Z # Subtest: courseEntry blocks preparation before snapshot or storage access
2026-09-15T14:41:36.5348014Z ok 22 - courseEntry blocks preparation before snapshot or storage access
2026-09-15T14:41:36.5348750Z   ---
2026-09-15T14:41:36.5349176Z   duration_ms: 21.920233
2026-09-15T14:41:36.5349700Z   ...
2026-09-15T14:41:36.5350545Z # Subtest: contentBusy blocks preparation before snapshot or storage access
2026-09-15T14:41:36.5351736Z ok 23 - contentBusy blocks preparation before snapshot or storage access
2026-09-15T14:41:36.5352579Z   ---
2026-09-15T14:41:36.5353148Z   duration_ms: 34.706742
2026-09-15T14:41:36.5353683Z   ...
2026-09-15T14:41:36.5354588Z # Subtest: sessionBusy blocks preparation before snapshot or storage access
2026-09-15T14:41:36.5355835Z ok 24 - sessionBusy blocks preparation before snapshot or storage access
2026-09-15T14:41:36.5357072Z   ---
2026-09-15T14:41:36.5365041Z   duration_ms: 37.208709
2026-09-15T14:41:36.5391569Z   ...
2026-09-15T14:41:36.5412187Z # Subtest: backupBusy blocks preparation before snapshot or storage access
2026-09-15T14:41:36.5427364Z ok 25 - backupBusy blocks preparation before snapshot or storage access
2026-09-15T14:41:36.5456808Z   ---
2026-09-15T14:41:36.5473791Z   duration_ms: 17.612815
2026-09-15T14:41:36.5486859Z   ...
2026-09-15T14:41:36.5517492Z # Subtest: hidden blocks preparation before snapshot or storage access
2026-09-15T14:41:36.5540606Z ok 26 - hidden blocks preparation before snapshot or storage access
2026-09-15T14:41:36.5546854Z   ---
2026-09-15T14:41:36.5565001Z   duration_ms: 34.446594
2026-09-15T14:41:36.5587268Z   ...
2026-09-15T14:41:36.5617792Z # Subtest: first-signal/immediate: stored live or recovery checkpoint verifies outside the short lock
2026-09-15T14:41:36.5647640Z ok 27 - first-signal/immediate: stored live or recovery checkpoint verifies outside the short lock
2026-09-15T14:41:36.5658640Z   ---
2026-09-15T14:41:36.5677245Z   duration_ms: 145.288315
2026-09-15T14:41:36.5677869Z   ...
2026-09-15T14:41:36.5678976Z # Subtest: first-signal/immediate: current unfinished flight wins over the older slot without requiring storage
2026-09-15T14:41:36.5680639Z ok 28 - first-signal/immediate: current unfinished flight wins over the older slot without requiring storage
2026-09-15T14:41:36.5681623Z   ---
2026-09-15T14:41:36.5682095Z   duration_ms: 77.020119
2026-09-15T14:41:36.5682612Z   ...
2026-09-15T14:41:36.5683644Z # Subtest: first-signal/grid-center: stored live or recovery checkpoint verifies outside the short lock
2026-09-15T14:41:36.5685141Z ok 29 - first-signal/grid-center: stored live or recovery checkpoint verifies outside the short lock
2026-09-15T14:41:36.5686766Z   ---
2026-09-15T14:41:36.5687269Z   duration_ms: 65.912821
2026-09-15T14:41:36.5687797Z   ...
2026-09-15T14:41:36.5688895Z # Subtest: first-signal/grid-center: current unfinished flight wins over the older slot without requiring storage
2026-09-15T14:41:36.5690561Z ok 30 - first-signal/grid-center: current unfinished flight wins over the older slot without requiring storage
2026-09-15T14:41:36.5691550Z   ---
2026-09-15T14:41:36.5692020Z   duration_ms: 64.154304
2026-09-15T14:41:36.5692521Z   ...
2026-09-15T14:41:36.5693548Z # Subtest: sentinel-relay/immediate: stored live or recovery checkpoint verifies outside the short lock
2026-09-15T14:41:36.5695057Z ok 31 - sentinel-relay/immediate: stored live or recovery checkpoint verifies outside the short lock
2026-09-15T14:41:36.5695991Z   ---
2026-09-15T14:41:36.5696689Z   duration_ms: 298.700207
2026-09-15T14:41:36.5721537Z   ...
2026-09-15T14:41:36.5748307Z # Subtest: sentinel-relay/immediate: current unfinished flight wins over the older slot without requiring storage
2026-09-15T14:41:36.5767562Z ok 32 - sentinel-relay/immediate: current unfinished flight wins over the older slot without requiring storage
2026-09-15T14:41:36.5785912Z   ---
2026-09-15T14:41:36.5807144Z   duration_ms: 182.241397
2026-09-15T14:41:36.5837062Z   ...
2026-09-15T14:41:36.5858221Z # Subtest: sentinel-relay/grid-center: stored live or recovery checkpoint verifies outside the short lock
2026-09-15T14:41:36.5863084Z ok 33 - sentinel-relay/grid-center: stored live or recovery checkpoint verifies outside the short lock
2026-09-15T14:41:36.5886986Z   ---
2026-09-15T14:41:36.5917057Z   duration_ms: 162.692113
2026-09-15T14:41:36.5947372Z   ...
2026-09-15T14:41:36.5949839Z # Subtest: sentinel-relay/grid-center: current unfinished flight wins over the older slot without requiring storage
2026-09-15T14:41:36.5978081Z ok 34 - sentinel-relay/grid-center: current unfinished flight wins over the older slot without requiring storage
2026-09-15T14:41:36.6007193Z   ---
2026-09-15T14:41:36.6037252Z   duration_ms: 71.440402
2026-09-15T14:41:36.6041588Z   ...
2026-09-15T14:41:36.6067599Z # Subtest: a real won run exports only an earlier stored checkpoint
2026-09-15T14:41:36.6103916Z ok 35 - a real won run exports only an earlier stored checkpoint
2026-09-15T14:41:36.6104971Z   ---
2026-09-15T14:41:36.6105702Z   duration_ms: 47.542974
2026-09-15T14:41:36.6106671Z   ...
2026-09-15T14:41:36.6107743Z # Subtest: stopped current recorder never falls back to an older valid slot
2026-09-15T14:41:36.6109179Z ok 36 - stopped current recorder never falls back to an older valid slot
2026-09-15T14:41:36.6110155Z   ---
2026-09-15T14:41:36.6110785Z   duration_ms: 19.795148
2026-09-15T14:41:36.6111447Z   ...
2026-09-15T14:41:36.6112548Z # Subtest: a retained handoff hold does not block current export or change that hold
2026-09-15T14:41:36.6114057Z ok 37 - a retained handoff hold does not block current export or change that hold
2026-09-15T14:41:36.6115107Z   ---
2026-09-15T14:41:36.6115708Z   duration_ms: 47.5318
2026-09-15T14:41:36.6116727Z   ...
2026-09-15T14:41:36.6118096Z # Subtest: permitted current pause autosave is independent from the owned export snapshot
2026-09-15T14:41:36.6119744Z ok 38 - permitted current pause autosave is independent from the owned export snapshot
2026-09-15T14:41:36.6120836Z   ---
2026-09-15T14:41:36.6121592Z   duration_ms: 60.213048
2026-09-15T14:41:36.6122350Z   ...
2026-09-15T14:41:36.6123574Z # Subtest: absent, unreadable, malformed and oversized stored data remain distinct and untouched
2026-09-15T14:41:36.6125292Z ok 39 - absent, unreadable, malformed and oversized stored data remain distinct and untouched
2026-09-15T14:41:36.6126803Z   ---
2026-09-15T14:41:36.6127514Z   duration_ms: 85.093675
2026-09-15T14:41:36.6128239Z   ...
2026-09-15T14:41:36.6129326Z # Subtest: backup markers and journals fail closed, including unavailable reads
2026-09-15T14:41:36.6130782Z ok 40 - backup markers and journals fail closed, including unavailable reads
2026-09-15T14:41:36.6131800Z   ---
2026-09-15T14:41:36.6132948Z   duration_ms: 87.058241
2026-09-15T14:41:36.6133641Z   ...
2026-09-15T14:41:36.6134778Z # Subtest: lockless host performs all read rechecks without a writer or profile repair
2026-09-15T14:41:36.6136585Z ok 41 - lockless host performs all read rechecks without a writer or profile repair
2026-09-15T14:41:36.6137689Z   ---
2026-09-15T14:41:36.6138380Z   duration_ms: 36.273998
2026-09-15T14:41:36.6139089Z   ...
2026-09-15T14:41:36.6140229Z # Subtest: missing exact context is explicit rescue; wrong available rules cannot downgrade
2026-09-15T14:41:36.6141901Z ok 42 - missing exact context is explicit rescue; wrong available rules cannot downgrade
2026-09-15T14:41:36.6143065Z   ---
2026-09-15T14:41:36.6143717Z   duration_ms: 28.960733
2026-09-15T14:41:36.6144388Z   ...
2026-09-15T14:41:36.6145525Z # Subtest: stored rejects source/content/lifecycle changes during a real verification yield
2026-09-15T14:41:36.6147405Z ok 43 - stored rejects source/content/lifecycle changes during a real verification yield
2026-09-15T14:41:36.6148507Z   ---
2026-09-15T14:41:36.6149090Z   duration_ms: 403.360723
2026-09-15T14:41:36.6149753Z   ...
2026-09-15T14:41:36.6150901Z # Subtest: current rejects source/content/lifecycle changes during a real verification yield
2026-09-15T14:41:36.6152862Z ok 44 - current rejects source/content/lifecycle changes during a real verification yield
2026-09-15T14:41:36.6154091Z   ---
2026-09-15T14:41:36.6154759Z   duration_ms: 479.756506
2026-09-15T14:41:36.6155446Z   ...
2026-09-15T14:41:36.6156867Z # Subtest: same-object advance and recording-only edits reject without a second suspension
2026-09-15T14:41:36.6158621Z ok 45 - same-object advance and recording-only edits reject without a second suspension
2026-09-15T14:41:36.6159740Z   ---
2026-09-15T14:41:36.6187306Z   duration_ms: 76.845293
2026-09-15T14:41:36.6221813Z   ...
2026-09-15T14:41:36.6247761Z # Subtest: explicit invalidation catches a zero-tick resume/re-pause and invalidates returned results
2026-09-15T14:41:36.6249362Z ok 46 - explicit invalidation catches a zero-tick resume/re-pause and invalidates returned results
2026-09-15T14:41:36.6250256Z   ---
2026-09-15T14:41:36.6250646Z   duration_ms: 58.330702
2026-09-15T14:41:36.6251036Z   ...
2026-09-15T14:41:36.6252051Z # Subtest: stored raw bytes and transaction state are rechecked after replay and immediately before publication
2026-09-15T14:41:36.6253812Z ok 47 - stored raw bytes and transaction state are rechecked after replay and immediately before publication
2026-09-15T14:41:36.6254696Z   ---
2026-09-15T14:41:36.6255055Z   duration_ms: 113.306625
2026-09-15T14:41:36.6255475Z   ...
2026-09-15T14:41:36.6256642Z # Subtest: a marker appearing during an asynchronous journal read blocks even lockless capture
2026-09-15T14:41:36.6258052Z ok 48 - a marker appearing during an asynchronous journal read blocks even lockless capture
2026-09-15T14:41:36.6258902Z   ---
2026-09-15T14:41:36.6259269Z   duration_ms: 8.074584
2026-09-15T14:41:36.6259679Z   ...
2026-09-15T14:41:36.6260579Z # Subtest: cancellation releases the short lock while a late journal read remains harmless
2026-09-15T14:41:36.6261855Z ok 49 - cancellation releases the short lock while a late journal read remains harmless
2026-09-15T14:41:36.6262627Z   ---
2026-09-15T14:41:36.6262961Z   duration_ms: 9.928592
2026-09-15T14:41:36.6263355Z   ...
2026-09-15T14:41:36.6264084Z # Subtest: queued-lock cancellation cannot later snapshot or publish
2026-09-15T14:41:36.6265081Z ok 50 - queued-lock cancellation cannot later snapshot or publish
2026-09-15T14:41:36.6265754Z   ---
2026-09-15T14:41:36.6266126Z   duration_ms: 9.37655
2026-09-15T14:41:36.6266843Z   ...
2026-09-15T14:41:36.6267882Z # Subtest: a newer prepare aborts the older operation and its late completion cannot invalidate the new result
2026-09-15T14:41:36.6269544Z ok 51 - a newer prepare aborts the older operation and its late completion cannot invalidate the new result
2026-09-15T14:41:36.6270467Z   ---
2026-09-15T14:41:36.6270844Z   duration_ms: 29.706781
2026-09-15T14:41:36.6297766Z   ...
2026-09-15T14:41:36.6298691Z # Subtest: stored final-progress abort and later external abort prevent publication
2026-09-15T14:41:36.6299978Z ok 52 - stored final-progress abort and later external abort prevent publication
2026-09-15T14:41:36.6300759Z   ---
2026-09-15T14:41:36.6301154Z   duration_ms: 63.065778
2026-09-15T14:41:36.6301621Z   ...
2026-09-15T14:41:36.6302476Z # Subtest: current final-progress abort and later external abort prevent publication
2026-09-15T14:41:36.6303738Z ok 53 - current final-progress abort and later external abort prevent publication
2026-09-15T14:41:36.6304506Z   ---
2026-09-15T14:41:36.6304868Z   duration_ms: 65.747426
2026-09-15T14:41:36.6305281Z   ...
2026-09-15T14:41:36.6306244Z # Subtest: current snapshot must synchronously pause and exactly describe the existing run/recording
2026-09-15T14:41:36.6308029Z ok 54 - current snapshot must synchronously pause and exactly describe the existing run/recording
2026-09-15T14:41:36.6308903Z   ---
2026-09-15T14:41:36.6309282Z   duration_ms: 89.662121
2026-09-15T14:41:36.6309708Z   ...
2026-09-15T14:41:36.6310556Z # Subtest: adapter/option accessors and unknown fields reject without invoking capabilities
2026-09-15T14:41:36.6311861Z ok 55 - adapter/option accessors and unknown fields reject without invoking capabilities
2026-09-15T14:41:36.6312918Z   ---
2026-09-15T14:41:36.6313301Z   duration_ms: 9.90158
2026-09-15T14:41:36.6313666Z   ...
2026-09-15T14:41:36.6314611Z # Subtest: coordinated import journals original bytes before writes and commits profile in replace mode
2026-09-15T14:41:36.6315967Z ok 56 - coordinated import journals original bytes before writes and commits profile in replace mode
2026-09-15T14:41:36.6316953Z   ---
2026-09-15T14:41:36.6317262Z   duration_ms: 14.405306
2026-09-15T14:41:36.6317666Z   ...
2026-09-15T14:41:36.6318685Z # Subtest: explicit guarded replacement repairs corrupt prior packs and profile while preserving original recovery bytes
2026-09-15T14:41:36.6323979Z ok 57 - explicit guarded replacement repairs corrupt prior packs and profile while preserving original recovery bytes
2026-09-15T14:41:36.6325043Z   ---
2026-09-15T14:41:36.6325407Z   duration_ms: 5.2229
2026-09-15T14:41:36.6325809Z   ...
2026-09-15T14:41:36.6327203Z # Subtest: failed finalization after guarded corrupt-profile replacement restores exact prior profile and pack bytes
2026-09-15T14:41:36.6328963Z ok 58 - failed finalization after guarded corrupt-profile replacement restores exact prior profile and pack bytes
2026-09-15T14:41:36.6329914Z   ---
2026-09-15T14:41:36.6330287Z   duration_ms: 3.373069
2026-09-15T14:41:36.6330652Z   ...
2026-09-15T14:41:36.6331257Z # Subtest: a journal write failure performs no player-data writes
2026-09-15T14:41:36.6332183Z ok 59 - a journal write failure performs no player-data writes
2026-09-15T14:41:36.6332878Z   ---
2026-09-15T14:41:36.6333218Z   duration_ms: 3.301005
2026-09-15T14:41:36.6333607Z   ...
2026-09-15T14:41:36.6334364Z # Subtest: each apply-stage failure rolls back exact raw values and absent entries
2026-09-15T14:41:36.6335434Z ok 60 - each apply-stage failure rolls back exact raw values and absent entries
2026-09-15T14:41:36.6336139Z   ---
2026-09-15T14:41:36.6336767Z   duration_ms: 15.450511
2026-09-15T14:41:36.6337179Z   ...
2026-09-15T14:41:36.6338051Z # Subtest: startup recovery rolls back crashes after journal, packs, session or profile stages
2026-09-15T14:41:36.6339331Z ok 61 - startup recovery rolls back crashes after journal, packs, session or profile stages
2026-09-15T14:41:36.6340069Z   ---
2026-09-15T14:41:36.6340432Z   duration_ms: 4.572524
2026-09-15T14:41:36.6340847Z   ...
2026-09-15T14:41:36.6341727Z # Subtest: rollback failure retains journal and ownership until a later successful recovery
2026-09-15T14:41:36.6343383Z ok 62 - rollback failure retains journal and ownership until a later successful recovery
2026-09-15T14:41:36.6344142Z   ---
2026-09-15T14:41:36.6344510Z   duration_ms: 10.421053
2026-09-15T14:41:36.6344900Z   ...
2026-09-15T14:41:36.6346145Z # Subtest: an uncertain journal-clear error restores its record before rollback
2026-09-15T14:41:36.6347718Z ok 63 - an uncertain journal-clear error restores its record before rollback
2026-09-15T14:41:36.6348436Z   ---
2026-09-15T14:41:36.6348769Z   duration_ms: 1.451285
2026-09-15T14:41:36.6349167Z   ...
2026-09-15T14:41:36.6350127Z # Subtest: uncertain journal creation leaves recoverable metadata without changing player values
2026-09-15T14:41:36.6351542Z ok 64 - uncertain journal creation leaves recoverable metadata without changing player values
2026-09-15T14:41:36.6352354Z   ---
2026-09-15T14:41:36.6352704Z   duration_ms: 2.514133
2026-09-15T14:41:36.6353079Z   ...
2026-09-15T14:41:36.6354077Z # Subtest: malformed, wrong-target and executable journal data are preserved without game writes
2026-09-15T14:41:36.6355472Z ok 65 - malformed, wrong-target and executable journal data are preserved without game writes
2026-09-15T14:41:36.6356293Z   ---
2026-09-15T14:41:36.6357067Z   duration_ms: 1.222137
2026-09-15T14:41:36.6357497Z   ...
2026-09-15T14:41:36.6358424Z # Subtest: orphan lock cleanup requires exclusive ownership, and unprepared imports never write
2026-09-15T14:41:36.6359813Z ok 66 - orphan lock cleanup requires exclusive ownership, and unprepared imports never write
2026-09-15T14:41:36.6360607Z   ---
2026-09-15T14:41:36.6361219Z   duration_ms: 2.747769
2026-09-15T14:41:36.6361671Z   ...
2026-09-15T14:41:36.6362581Z # Subtest: same-page concurrent import is rejected while exclusive operation retains ownership
2026-09-15T14:41:36.6363939Z ok 67 - same-page concurrent import is rejected while exclusive operation retains ownership
2026-09-15T14:41:36.6364755Z   ---
2026-09-15T14:41:36.6365118Z   duration_ms: 3.111669
2026-09-15T14:41:36.6365530Z   ...
2026-09-15T14:41:36.6367415Z # Subtest: journal captures profile after ordinary writers are blocked, including concurrent pre-lock edits
2026-09-15T14:41:36.6369042Z ok 68 - journal captures profile after ordinary writers are blocked, including concurrent pre-lock edits
2026-09-15T14:41:36.6369982Z   ---
2026-09-15T14:41:36.6370352Z   duration_ms: 1.532156
2026-09-15T14:41:36.6370757Z   ...
2026-09-15T14:41:36.6371602Z # Subtest: a valid large portable attempt cannot bypass the smaller local-slot budget
2026-09-15T14:41:36.6372882Z ok 69 - a valid large portable attempt cannot bypass the smaller local-slot budget
2026-09-15T14:41:36.6373590Z   ---
2026-09-15T14:41:36.6373939Z   duration_ms: 2165.707945
2026-09-15T14:41:36.6374364Z   ...
2026-09-15T14:41:36.6375234Z # Subtest: a host without exclusive locking can export but cannot mutate through full import
2026-09-15T14:41:36.6376965Z ok 70 - a host without exclusive locking can export but cannot mutate through full import
2026-09-15T14:41:36.6377817Z   ---
2026-09-15T14:41:36.6378197Z   duration_ms: 1.324297
2026-09-15T14:41:36.6378600Z   ...
2026-09-15T14:41:36.6379609Z # Subtest: actual app initialization failure retains inert gameplay and does not overwrite saved profile
2026-09-15T14:41:36.6381168Z ok 71 - actual app initialization failure retains inert gameplay and does not overwrite saved profile
2026-09-15T14:41:36.6382080Z   ---
2026-09-15T14:41:36.6382457Z   duration_ms: 176.253621
2026-09-15T14:41:36.6382866Z   ...
2026-09-15T14:41:36.6383706Z # Subtest: actual app fallback readiness exposes native title without starting a flight
2026-09-15T14:41:36.6384975Z ok 72 - actual app fallback readiness exposes native title without starting a flight
2026-09-15T14:41:36.6385781Z   ---
2026-09-15T14:41:36.6386163Z   duration_ms: 1500.930765
2026-09-15T14:41:36.6386850Z   ...
2026-09-15T14:41:42.1267886Z # Subtest: v0.2.0 omitted preferences migrate to explicit defaults and leave raw storage untouched
2026-09-15T14:41:42.1302498Z ok 73 - v0.2.0 omitted preferences migrate to explicit defaults and leave raw storage untouched
2026-09-15T14:41:42.1447016Z   ---
2026-09-15T14:41:42.1476940Z   duration_ms: 21.806991
2026-09-15T14:41:42.1506823Z   ...
2026-09-15T14:41:42.1527629Z # Subtest: v0.12.0 omitted preferences migrate to explicit defaults and leave raw storage untouched
2026-09-15T14:41:42.1557513Z ok 74 - v0.12.0 omitted preferences migrate to explicit defaults and leave raw storage untouched
2026-09-15T14:41:42.1586820Z   ---
2026-09-15T14:41:42.1616931Z   duration_ms: 7.730237
2026-09-15T14:41:42.1622358Z   ...
2026-09-15T14:41:42.1623551Z # Subtest: difficulty round trips independently of bindings, Boost mode and existing collected metadata
2026-09-15T14:41:42.1625146Z ok 75 - difficulty round trips independently of bindings, Boost mode and existing collected metadata
2026-09-15T14:41:42.1626067Z   ---
2026-09-15T14:41:42.1633859Z   duration_ms: 6.904973
2026-09-15T14:41:42.1635598Z   ...
2026-09-15T14:41:42.1636903Z # Subtest: present malformed difficulties reject before storage reads, writes or image allocation
2026-09-15T14:41:42.1638349Z ok 76 - present malformed difficulties reject before storage reads, writes or image allocation
2026-09-15T14:41:42.1639223Z   ---
2026-09-15T14:41:42.1639653Z   duration_ms: 20.771684
2026-09-15T14:41:42.1640178Z   ...
2026-09-15T14:41:42.1641098Z # Subtest: accessors, inherited difficulty and attempt-state fields cannot masquerade as omission
2026-09-15T14:41:42.1642499Z ok 77 - accessors, inherited difficulty and attempt-state fields cannot masquerade as omission
2026-09-15T14:41:42.1643318Z   ---
2026-09-15T14:41:42.1644044Z   duration_ms: 0.828942
2026-09-15T14:41:42.1644505Z   ...
2026-09-15T14:41:42.1645454Z # Subtest: stale merges adopt the stored mode while deliberate Standard selection remains explicit
2026-09-15T14:41:42.1647360Z ok 78 - stale merges adopt the stored mode while deliberate Standard selection remains explicit
2026-09-15T14:41:42.1648268Z   ---
2026-09-15T14:41:42.1648671Z   duration_ms: 4.704694
2026-09-15T14:41:42.1649213Z   ...
2026-09-15T14:41:42.1650169Z # Subtest: replacement and Undo restore preference generations without resurrecting a stale mode
2026-09-15T14:41:42.1651673Z ok 79 - replacement and Undo restore preference generations without resurrecting a stale mode
2026-09-15T14:41:42.1652573Z   ---
2026-09-15T14:41:42.1653025Z   duration_ms: 2.826821
2026-09-15T14:41:42.1653470Z   ...
2026-09-15T14:41:42.1654455Z # Subtest: quota failure retains an exportable session-only preference and exact old stored bytes
2026-09-15T14:41:42.1655824Z ok 80 - quota failure retains an exportable session-only preference and exact old stored bytes
2026-09-15T14:41:42.1656954Z   ---
2026-09-15T14:41:42.1657400Z   duration_ms: 18.442054
2026-09-15T14:41:42.1657912Z   ...
2026-09-15T14:41:42.1658782Z # Subtest: a no-lock session can export Gentle metadata without becoming a profile writer
2026-09-15T14:41:42.1660095Z ok 81 - a no-lock session can export Gentle metadata without becoming a profile writer
2026-09-15T14:41:42.1660889Z   ---
2026-09-15T14:41:42.1661333Z   duration_ms: 8.456657
2026-09-15T14:41:42.1661792Z   ...
2026-09-15T14:41:42.1662887Z # Subtest: immediate: actual wins retain separate Standard/Gentle awards through backup and a live-cut restore
2026-09-15T14:41:42.1664508Z ok 82 - immediate: actual wins retain separate Standard/Gentle awards through backup and a live-cut restore
2026-09-15T14:41:42.1665497Z   ---
2026-09-15T14:41:42.1665920Z   duration_ms: 232.606823
2026-09-15T14:41:42.1666602Z   ...
2026-09-15T14:41:42.1667690Z # Subtest: grid-center: actual wins retain separate Standard/Gentle awards through backup and a live-cut restore
2026-09-15T14:41:42.1669308Z ok 83 - grid-center: actual wins retain separate Standard/Gentle awards through backup and a live-cut restore
2026-09-15T14:41:42.1670254Z   ---
2026-09-15T14:41:42.1670703Z   duration_ms: 160.817044
2026-09-15T14:41:42.1671157Z   ...
2026-09-15T14:41:42.1671996Z # Subtest: core v3 immediate: a public Gentle cut keeps replay v4 in a full backup
2026-09-15T14:41:42.1673119Z ok 84 - core v3 immediate: a public Gentle cut keeps replay v4 in a full backup
2026-09-15T14:41:42.1673858Z   ---
2026-09-15T14:41:42.1674269Z   duration_ms: 185.07322
2026-09-15T14:41:42.1674753Z   ...
2026-09-15T14:41:42.1675847Z # Subtest: core v3 grid-center: a public Gentle cut keeps replay v4 in a full backup
2026-09-15T14:41:42.1677312Z ok 85 - core v3 grid-center: a public Gentle cut keeps replay v4 in a full backup
2026-09-15T14:41:42.1678090Z   ---
2026-09-15T14:41:42.1678539Z   duration_ms: 153.895543
2026-09-15T14:41:42.1679006Z   ...
2026-09-15T14:41:42.1680054Z # Subtest: journaled mixed-mode import and Undo preserve a public suspended cut and exact prior branches
2026-09-15T14:41:42.1681565Z ok 86 - journaled mixed-mode import and Undo preserve a public suspended cut and exact prior branches
2026-09-15T14:41:42.1682490Z   ---
2026-09-15T14:41:42.1682898Z   duration_ms: 97.281857
2026-09-15T14:41:42.1689985Z   ...
2026-09-15T14:41:42.1690976Z # Subtest: failed journal finalization rolls both mode branches and the save back without partial adoption
2026-09-15T14:41:42.1692445Z ok 87 - failed journal finalization rolls both mode branches and the save back without partial adoption
2026-09-15T14:41:42.1693292Z   ---
2026-09-15T14:41:42.1693639Z   duration_ms: 44.182154
2026-09-15T14:41:42.1694012Z   ...
2026-09-15T14:41:42.1694934Z # Subtest: an actual Gentle clear uses the shared 1,000-score retention cap without rewriting Standard stats
2026-09-15T14:41:42.1696772Z ok 88 - an actual Gentle clear uses the shared 1,000-score retention cap without rewriting Standard stats
2026-09-15T14:41:42.1737348Z   ---
2026-09-15T14:41:42.1737718Z   duration_ms: 300.459813
2026-09-15T14:41:42.1738118Z   ...
2026-09-15T14:41:42.1738997Z # Subtest: full-backup merge retains the ordinary shared score eviction policy across both modes
2026-09-15T14:41:42.1740317Z ok 89 - full-backup merge retains the ordinary shared score eviction policy across both modes
2026-09-15T14:41:42.1741088Z   ---
2026-09-15T14:41:42.1741420Z   duration_ms: 1051.723162
2026-09-15T14:41:42.1741805Z   ...
2026-09-15T14:41:42.1742582Z # Subtest: per-board retention stays ten independently for Standard and Gentle results
2026-09-15T14:41:42.1743747Z ok 90 - per-board retention stays ten independently for Standard and Gentle results
2026-09-15T14:41:42.1744464Z   ---
2026-09-15T14:41:42.1744803Z   duration_ms: 100.159361
2026-09-15T14:41:42.1745197Z   ...
2026-09-15T14:41:42.1746025Z # Subtest: 7,200 seconds remains the portable time ceiling, without clamping or partial mutation
2026-09-15T14:41:42.1747518Z ok 91 - 7,200 seconds remains the portable time ceiling, without clamping or partial mutation
2026-09-15T14:41:42.1748265Z   ---
2026-09-15T14:41:42.1748589Z   duration_ms: 19.754313
2026-09-15T14:41:42.1748956Z   ...
2026-09-15T14:41:42.1749715Z # Subtest: a real untimed Gentle win after two hours cannot update collection
2026-09-15T14:41:42.1750717Z ok 92 - a real untimed Gentle win after two hours cannot update collection
2026-09-15T14:41:42.1751341Z   ---
2026-09-15T14:41:42.1751666Z   duration_ms: 4560.57564
2026-09-15T14:41:42.1752033Z   ...
2026-09-15T14:41:54.4418579Z # Subtest: uncached optional chapter failure preserves the real cut; explicit retry installs it and later offline selection uses stored content
2026-09-15T14:41:54.4421363Z ok 93 - uncached optional chapter failure preserves the real cut; explicit retry installs it and later offline selection uses stored content
2026-09-15T14:41:54.4440299Z   ---
2026-09-15T14:41:54.4446893Z   duration_ms: 17844.739505
2026-09-15T14:41:54.4447587Z   ...
2026-09-15T14:42:05.4697968Z # Subtest: featured download failure is visible inside the retained title and its button can deliberately retry
2026-09-15T14:42:05.4717736Z ok 94 - featured download failure is visible inside the retained title and its button can deliberately retry
2026-09-15T14:42:05.4718751Z   ---
2026-09-15T14:42:05.4742153Z   duration_ms: 11037.362214
2026-09-15T14:42:05.4757126Z   ...
2026-09-15T14:42:06.8509295Z # Subtest: a late failed chapter request cannot replace the status or run from a newer explicit action
2026-09-15T14:42:06.8514485Z ok 95 - a late failed chapter request cannot replace the status or run from a newer explicit action
2026-09-15T14:42:06.8516595Z   ---
2026-09-15T14:42:06.8517251Z   duration_ms: 1378.965915
2026-09-15T14:42:06.8517886Z   ...
2026-09-15T14:42:18.2014941Z # Subtest: a successful delayed Deploy leaves a newer Settings visit in place
2026-09-15T14:42:18.2016759Z ok 96 - a successful delayed Deploy leaves a newer Settings visit in place
2026-09-15T14:42:18.2017667Z   ---
2026-09-15T14:42:18.2018152Z   duration_ms: 11352.646955
2026-09-15T14:42:18.2018658Z   ...
2026-09-15T14:42:19.3286854Z # Subtest: blur announces a deferred featured launch cancellation and its late response cannot adopt or persist the chapter
2026-09-15T14:42:19.3327982Z ok 97 - blur announces a deferred featured launch cancellation and its late response cannot adopt or persist the chapter
2026-09-15T14:42:19.3356971Z   ---
2026-09-15T14:42:19.3386905Z   duration_ms: 1126.503436
2026-09-15T14:42:19.3396783Z   ...
2026-09-15T14:42:19.3974674Z # Subtest: classic declarations reject hostile, ambiguous and unsupported mechanics before construction
2026-09-15T14:42:19.4027548Z ok 98 - classic declarations reject hostile, ambiguous and unsupported mechanics before construction
2026-09-15T14:42:19.4086869Z   ---
2026-09-15T14:42:19.4087474Z   duration_ms: 16.802636
2026-09-15T14:42:19.4117154Z   ...
2026-09-15T14:42:19.4147978Z # Subtest: immediate: slow material splits a tick at its exact edge and leaves enemy speed unchanged
2026-09-15T14:42:19.4149824Z ok 99 - immediate: slow material splits a tick at its exact edge and leaves enemy speed unchanged
2026-09-15T14:42:19.4176921Z   ---
2026-09-15T14:42:19.4216901Z   duration_ms: 79.788509
2026-09-15T14:42:19.4236983Z   ...
2026-09-15T14:42:19.4247474Z # Subtest: immediate: swept lethal material fails within a boosted tick and cannot be shielded
2026-09-15T14:42:19.4261582Z ok 100 - immediate: swept lethal material fails within a boosted tick and cannot be shielded
2026-09-15T14:42:19.4262564Z   ---
2026-09-15T14:42:19.4263057Z   duration_ms: 11.473989
2026-09-15T14:42:19.4263589Z   ...
2026-09-15T14:42:19.4264674Z # Subtest: immediate: capture neutralizes material but does not collect an enclosed contact pickup
2026-09-15T14:42:19.4266234Z ok 101 - immediate: capture neutralizes material but does not collect an enclosed contact pickup
2026-09-15T14:42:19.4267410Z   ---
2026-09-15T14:42:19.4267897Z   duration_ms: 71.810174
2026-09-15T14:42:19.4268433Z   ...
2026-09-15T14:42:19.4269521Z # Subtest: immediate: claimed rover never seeds fill, warns for 120 actor ticks, then threatens safe ground
2026-09-15T14:42:19.4271136Z ok 102 - immediate: claimed rover never seeds fill, warns for 120 actor ticks, then threatens safe ground
2026-09-15T14:42:19.4272108Z   ---
2026-09-15T14:42:19.4272603Z   duration_ms: 153.67169
2026-09-15T14:42:19.4273122Z   ...
2026-09-15T14:42:19.4274242Z # Subtest: immediate: an active claimed rover reflects inside safe ground without erasing or retaining field
2026-09-15T14:42:19.4275907Z ok 103 - immediate: an active claimed rover reflects inside safe ground without erasing or retaining field
2026-09-15T14:42:19.4281418Z   ---
2026-09-15T14:42:19.4281979Z   duration_ms: 160.071004
2026-09-15T14:42:19.4282584Z   ...
2026-09-15T14:42:19.4283667Z # Subtest: immediate: contour captures rebuild a continuous safe rejoin instead of teleporting
2026-09-15T14:42:19.4285199Z ok 104 - immediate: contour captures rebuild a continuous safe rejoin instead of teleporting
2026-09-15T14:42:19.4286218Z   ---
2026-09-15T14:42:19.4286930Z   duration_ms: 364.700005
2026-09-15T14:42:19.4287462Z   ...
2026-09-15T14:42:19.4288471Z # Subtest: immediate: legal eroder contact warns, reopens one cell and reclaim never farms score
2026-09-15T14:42:19.4290031Z ok 105 - immediate: legal eroder contact warns, reopens one cell and reclaim never farms score
2026-09-15T14:42:19.4290948Z   ---
2026-09-15T14:42:19.4291427Z   duration_ms: 96.667718
2026-09-15T14:42:19.4291951Z   ...
2026-09-15T14:42:19.4292994Z # Subtest: grid-center: slow material splits a tick at its exact edge and leaves enemy speed unchanged
2026-09-15T14:42:19.4294931Z ok 106 - grid-center: slow material splits a tick at its exact edge and leaves enemy speed unchanged
2026-09-15T14:42:19.4295877Z   ---
2026-09-15T14:42:19.4296549Z   duration_ms: 23.475026
2026-09-15T14:42:19.4297108Z   ...
2026-09-15T14:42:19.4298126Z # Subtest: grid-center: swept lethal material fails within a boosted tick and cannot be shielded
2026-09-15T14:42:19.4299610Z ok 107 - grid-center: swept lethal material fails within a boosted tick and cannot be shielded
2026-09-15T14:42:19.4300522Z   ---
2026-09-15T14:42:19.4300987Z   duration_ms: 2.725701
2026-09-15T14:42:19.4301500Z   ...
2026-09-15T14:42:19.4302548Z # Subtest: grid-center: capture neutralizes material but does not collect an enclosed contact pickup
2026-09-15T14:42:19.4304111Z ok 108 - grid-center: capture neutralizes material but does not collect an enclosed contact pickup
2026-09-15T14:42:19.4305072Z   ---
2026-09-15T14:42:19.4305547Z   duration_ms: 34.581024
2026-09-15T14:42:19.4306067Z   ...
2026-09-15T14:42:19.4307360Z # Subtest: grid-center: claimed rover never seeds fill, warns for 120 actor ticks, then threatens safe ground
2026-09-15T14:42:19.4309016Z ok 109 - grid-center: claimed rover never seeds fill, warns for 120 actor ticks, then threatens safe ground
2026-09-15T14:42:19.4310010Z   ---
2026-09-15T14:42:19.4310488Z   duration_ms: 165.289308
2026-09-15T14:42:19.4311193Z   ...
2026-09-15T14:42:19.4312331Z # Subtest: grid-center: an active claimed rover reflects inside safe ground without erasing or retaining field
2026-09-15T14:42:19.4314003Z ok 110 - grid-center: an active claimed rover reflects inside safe ground without erasing or retaining field
2026-09-15T14:42:19.4315008Z   ---
2026-09-15T14:42:19.4315485Z   duration_ms: 150.739956
2026-09-15T14:42:19.4316010Z   ...
2026-09-15T14:42:19.4317213Z # Subtest: grid-center: contour captures rebuild a continuous safe rejoin instead of teleporting
2026-09-15T14:42:19.4318721Z ok 111 - grid-center: contour captures rebuild a continuous safe rejoin instead of teleporting
2026-09-15T14:42:19.4319664Z   ---
2026-09-15T14:42:19.4320130Z   duration_ms: 220.018907
2026-09-15T14:42:19.4320655Z   ...
2026-09-15T14:42:19.4321660Z # Subtest: grid-center: legal eroder contact warns, reopens one cell and reclaim never farms score
2026-09-15T14:42:19.4323143Z ok 112 - grid-center: legal eroder contact warns, reopens one cell and reclaim never farms score
2026-09-15T14:42:19.4324065Z   ---
2026-09-15T14:42:19.4324526Z   duration_ms: 53.330046
2026-09-15T14:42:19.4325039Z   ...
2026-09-15T14:42:19.4326115Z # Subtest: timed pickups activate next tick, refresh without stacking, and expire on the exclusive bound
2026-09-15T14:42:19.4328012Z ok 113 - timed pickups activate next tick, refresh without stacking, and expire on the exclusive bound
2026-09-15T14:42:19.4328980Z   ---
2026-09-15T14:42:19.4329455Z   duration_ms: 19.628705
2026-09-15T14:42:19.4329970Z   ...
2026-09-15T14:42:19.4331057Z # Subtest: global freeze stops movement, damage and actor clocks while world time and expiry continue
2026-09-15T14:42:19.4332600Z ok 114 - global freeze stops movement, damage and actor clocks while world time and expiry continue
2026-09-15T14:42:19.4333546Z   ---
2026-09-15T14:42:19.4334009Z   duration_ms: 9.852589
2026-09-15T14:42:19.4334520Z   ...
2026-09-15T14:42:19.4335367Z # Subtest: a heart is consumed once at the cap and cannot erase the loss ledger
2026-09-15T14:42:19.4336946Z ok 115 - a heart is consumed once at the cap and cannot erase the loss ledger
2026-09-15T14:42:19.4337784Z   ---
2026-09-15T14:42:19.4338251Z   duration_ms: 5.126995
2026-09-15T14:42:19.4338765Z   ...
2026-09-15T14:42:19.4339800Z # Subtest: pickup and active erosion state survive exact public replay with a released input boundary
2026-09-15T14:42:19.4341539Z ok 116 - pickup and active erosion state survive exact public replay with a released input boundary
2026-09-15T14:42:19.4342514Z   ---
2026-09-15T14:42:19.4342986Z   duration_ms: 250.940392
2026-09-15T14:42:19.4343513Z   ...
2026-09-15T14:42:19.4344499Z # Subtest: generated home hangar identity cannot collide with a new powerup or terrain ID
2026-09-15T14:42:19.4346100Z ok 117 - generated home hangar identity cannot collide with a new powerup or terrain ID
2026-09-15T14:42:19.4347272Z   ---
2026-09-15T14:42:19.4347849Z   duration_ms: 20.357098
2026-09-15T14:42:19.4348452Z   ...
2026-09-15T14:42:19.4349557Z # Subtest: an earlier pickup precedes a later failure, while an exact contact tie cancels the second pickup
2026-09-15T14:42:19.4351181Z ok 118 - an earlier pickup precedes a later failure, while an exact contact tie cancels the second pickup
2026-09-15T14:42:19.4352158Z   ---
2026-09-15T14:42:19.4352621Z   duration_ms: 4.904639
2026-09-15T14:42:19.4353133Z   ...
2026-09-15T14:42:19.4354195Z # Subtest: global freeze permits enemy contact only until its exclusive expiry, including on safe ground
2026-09-15T14:42:19.4355775Z ok 119 - global freeze permits enemy contact only until its exclusive expiry, including on safe ground
2026-09-15T14:42:19.4356935Z   ---
2026-09-15T14:42:19.4357411Z   duration_ms: 14.388688
2026-09-15T14:42:19.4357934Z   ...
2026-09-15T14:42:19.4359037Z # Subtest: the strongest slow wins without multiplication; the old local field still excludes border patrols
2026-09-15T14:42:19.4360687Z ok 120 - the strongest slow wins without multiplication; the old local field still excludes border patrols
2026-09-15T14:42:19.4361855Z   ---
2026-09-15T14:42:19.4362339Z   duration_ms: 2.881082
2026-09-15T14:42:19.4362849Z   ...
2026-09-15T14:42:19.4363818Z # Subtest: speed pickup and class/boost multipliers remain capped at sixty cells per second
2026-09-15T14:42:19.4365216Z ok 121 - speed pickup and class/boost multipliers remain capped at sixty cells per second
2026-09-15T14:42:19.4366097Z   ---
2026-09-15T14:42:19.4366811Z   duration_ms: 2.220135
2026-09-15T14:42:19.4367327Z   ...
2026-09-15T14:42:19.4368298Z # Subtest: shield, impact and life loss clear player speed while retaining global enemy effects
2026-09-15T14:42:19.4369729Z ok 122 - shield, impact and life loss clear player speed while retaining global enemy effects
2026-09-15T14:42:19.4370635Z   ---
2026-09-15T14:42:19.4371099Z   duration_ms: 10.393582
2026-09-15T14:42:19.4371622Z   ...
2026-09-15T14:42:19.4372519Z # Subtest: freeze does not stop lethal terrain or the mission deadline during recovery
2026-09-15T14:42:19.4373834Z ok 123 - freeze does not stop lethal terrain or the mission deadline during recovery
2026-09-15T14:42:19.4374679Z   ---
2026-09-15T14:42:19.4375141Z   duration_ms: 1.57638
2026-09-15T14:42:19.4375654Z   ...
2026-09-15T14:42:19.4376836Z # Subtest: restoring the initial life count with a heart cannot turn a damaged clear into clean gold
2026-09-15T14:42:19.4378552Z ok 124 - restoring the initial life count with a heart cannot turn a damaged clear into clean gold
2026-09-15T14:42:19.4379662Z   ---
2026-09-15T14:42:19.4380254Z   duration_ms: 25.395588
2026-09-15T14:42:19.4380894Z   ...
2026-09-15T14:42:19.4382092Z # Subtest: a contour blocked by a wall stops at radius clearance and can never tunnel through the corner
2026-09-15T14:42:19.4383826Z ok 125 - a contour blocked by a wall stops at radius clearance and can never tunnel through the corner
2026-09-15T14:42:19.4384950Z   ---
2026-09-15T14:42:19.4385630Z   duration_ms: 10.907934
2026-09-15T14:42:19.4386254Z   ...
2026-09-15T14:42:19.4387733Z # Subtest: classic erosion transactions protect body support, departure, anchors and this-tick claims
2026-09-15T14:42:19.4389339Z ok 126 - classic erosion transactions protect body support, departure, anchors and this-tick claims
2026-09-15T14:42:19.4390316Z   ---
2026-09-15T14:42:19.4390797Z   duration_ms: 87.853753
2026-09-15T14:42:19.4391319Z   ...
2026-09-15T14:42:19.4392474Z # Subtest: immediate: erosion cancels a rover's pending warning; an active rover instead protects its body support
2026-09-15T14:42:19.4394204Z ok 127 - immediate: erosion cancels a rover's pending warning; an active rover instead protects its body support
2026-09-15T14:42:19.4395229Z   ---
2026-09-15T14:42:19.4395698Z   duration_ms: 317.303716
2026-09-15T14:42:19.4396688Z   ...
2026-09-15T14:42:19.4397816Z # Subtest: immediate: the new rules retain a real two-stage sentinel release with non-seeding classic actors
2026-09-15T14:42:19.4399460Z ok 128 - immediate: the new rules retain a real two-stage sentinel release with non-seeding classic actors
2026-09-15T14:42:19.4400443Z   ---
2026-09-15T14:42:19.4400914Z   duration_ms: 256.472843
2026-09-15T14:42:19.4401443Z   ...
2026-09-15T14:42:19.4402626Z # Subtest: grid-center: erosion cancels a rover's pending warning; an active rover instead protects its body support
2026-09-15T14:42:19.4404379Z ok 129 - grid-center: erosion cancels a rover's pending warning; an active rover instead protects its body support
2026-09-15T14:42:19.4405425Z   ---
2026-09-15T14:42:19.4405896Z   duration_ms: 280.183978
2026-09-15T14:42:19.4406596Z   ...
2026-09-15T14:42:19.4407847Z # Subtest: grid-center: the new rules retain a real two-stage sentinel release with non-seeding classic actors
2026-09-15T14:42:19.4409686Z ok 130 - grid-center: the new rules retain a real two-stage sentinel release with non-seeding classic actors
2026-09-15T14:42:19.4410864Z   ---
2026-09-15T14:42:19.4411455Z   duration_ms: 258.504709
2026-09-15T14:42:19.4412130Z   ...
2026-09-15T14:42:19.4413718Z # Subtest: a collected freeze holds a visible sentinel warning on its actor clock without extending world time
2026-09-15T14:42:19.4415595Z ok 131 - a collected freeze holds a visible sentinel warning on its actor clock without extending world time
2026-09-15T14:42:19.4416975Z   ---
2026-09-15T14:42:19.4417563Z   duration_ms: 9.590738
2026-09-15T14:42:19.4418199Z   ...
2026-09-15T14:42:19.4419228Z # Subtest: mission timeout wins an exact closure tie before any capture or clear reward
2026-09-15T14:42:19.4420746Z ok 132 - mission timeout wins an exact closure tie before any capture or clear reward
2026-09-15T14:42:19.4421741Z   ---
2026-09-15T14:42:19.4422339Z   duration_ms: 24.517675
2026-09-15T14:42:19.4422994Z   ...
2026-09-15T14:42:19.4424268Z # Subtest: contour diagonal ties follow the selected field side and disconnected safe islands have no false rejoin
2026-09-15T14:42:19.4426209Z ok 133 - contour diagonal ties follow the selected field side and disconnected safe islands have no false rejoin
2026-09-15T14:42:19.4427583Z   ---
2026-09-15T14:42:19.4428079Z   duration_ms: 4.129519
2026-09-15T14:42:19.4428626Z   ...
2026-09-15T14:42:19.4429758Z # Subtest: freeze preserves an active attack and an exposed opening instead of consuming their actor ticks
2026-09-15T14:42:19.4431383Z ok 134 - freeze preserves an active attack and an exposed opening instead of consuming their actor ticks
2026-09-15T14:42:19.4432366Z   ---
2026-09-15T14:42:19.4432841Z   duration_ms: 72.350012
2026-09-15T14:42:19.4433358Z   ...
2026-09-15T14:42:19.4434473Z # Subtest: public sessions preserve pending pickup activation and post-capture rover/contour continuation
2026-09-15T14:42:19.4436118Z ok 135 - public sessions preserve pending pickup activation and post-capture rover/contour continuation
2026-09-15T14:42:19.4437344Z   ---
2026-09-15T14:42:19.4437833Z   duration_ms: 538.468782
2026-09-15T14:42:19.4438358Z   ...
2026-09-15T14:42:19.4439398Z # Subtest: simultaneous eroders share one removal and cooldown even when a target becomes protected
2026-09-15T14:42:19.4440942Z ok 136 - simultaneous eroders share one removal and cooldown even when a target becomes protected
2026-09-15T14:42:19.4441887Z   ---
2026-09-15T14:42:19.4442362Z   duration_ms: 2.246835
2026-09-15T14:42:19.4442866Z   ...
2026-09-15T14:42:19.4443936Z # Subtest: classic session restore retains a real pending erosion and then produces the same future ticks
2026-09-15T14:42:19.4445537Z ok 137 - classic session restore retains a real pending erosion and then produces the same future ticks
2026-09-15T14:42:19.4446687Z   ---
2026-09-15T14:42:19.4447169Z   duration_ms: 260.847687
2026-09-15T14:42:19.4447700Z   ...
2026-09-15T14:42:19.4448831Z # Subtest: reference conversion preserves half-open geometry, hollow rings and declared material precedence
2026-09-15T14:42:19.4450765Z ok 138 - reference conversion preserves half-open geometry, hollow rings and declared material precedence
2026-09-15T14:42:19.4451778Z   ---
2026-09-15T14:42:19.4452245Z   duration_ms: 9.770426
2026-09-15T14:42:19.4452751Z   ...
2026-09-15T14:42:19.4453672Z # Subtest: all three checked-in routing hypotheses compile to the same material cells
2026-09-15T14:42:19.4454980Z ok 139 - all three checked-in routing hypotheses compile to the same material cells
2026-09-15T14:42:19.4455825Z   ---
2026-09-15T14:42:19.4456290Z   duration_ms: 27.319938
2026-09-15T14:42:19.4457099Z   ...
2026-09-15T14:42:19.4458514Z # Subtest: Classic Lab regenerates exactly, remains separate from campaign milestones, and creates nine valid wide simulations
2026-09-15T14:42:19.4460643Z ok 140 - Classic Lab regenerates exactly, remains separate from campaign milestones, and creates nine valid wide simulations
2026-09-15T14:42:19.4461925Z   ---
2026-09-15T14:42:19.4462526Z   duration_ms: 114.328533
2026-09-15T14:42:19.4463174Z   ...
2026-09-15T14:42:19.4464068Z # Subtest: Collection card labels each earned mode once: standard
2026-09-15T14:42:19.4465246Z ok 141 - Collection card labels each earned mode once: standard
2026-09-15T14:42:19.4466100Z   ---
2026-09-15T14:42:19.4466953Z   duration_ms: 2608.771618
2026-09-15T14:42:19.4467830Z   ...
2026-09-15T14:42:19.4468751Z # Subtest: Collection card labels each earned mode once: gentle
2026-09-15T14:42:19.4469932Z ok 142 - Collection card labels each earned mode once: gentle
2026-09-15T14:42:19.4470790Z   ---
2026-09-15T14:42:19.4471379Z   duration_ms: 1652.407133
2026-09-15T14:42:19.4472032Z   ...
2026-09-15T14:42:19.4472991Z # Subtest: Collection card labels each earned mode once: standard + gentle
2026-09-15T14:42:19.4474312Z ok 143 - Collection card labels each earned mode once: standard + gentle
2026-09-15T14:42:19.4475255Z   ---
2026-09-15T14:42:19.4475848Z   duration_ms: 1035.908783
2026-09-15T14:42:19.4476888Z   ...
2026-09-15T14:42:19.4478152Z # Subtest: global Collection inspects earned chapter progress independently of the paused current flight
2026-09-15T14:42:19.4479976Z ok 144 - global Collection inspects earned chapter progress independently of the paused current flight
2026-09-15T14:42:19.4481126Z   ---
2026-09-15T14:42:19.4481727Z   duration_ms: 2980.604207
2026-09-15T14:42:19.4482394Z   ...
2026-09-15T14:42:19.4483624Z # Subtest: missing historical context stays archived and cannot become the current chapter by title or theme
2026-09-15T14:42:19.4485521Z ok 145 - missing historical context stays archived and cannot become the current chapter by title or theme
2026-09-15T14:42:19.4486910Z   ---
2026-09-15T14:42:19.4487410Z   duration_ms: 926.388362
2026-09-15T14:42:19.4487953Z   ...
2026-09-15T14:42:19.4489052Z # Subtest: existing controller select draft, cancel and confirm preserve context and picture Back focus
2026-09-15T14:42:19.4490658Z ok 146 - existing controller select draft, cancel and confirm preserve context and picture Back focus
2026-09-15T14:42:19.4491645Z   ---
2026-09-15T14:42:19.4492119Z   duration_ms: 1835.664455
2026-09-15T14:42:19.4492643Z   ...
2026-09-15T14:42:19.4493596Z # Subtest: v0.6.0 baseline is pinned, bounded and independent of Git or an installed archive
2026-09-15T14:42:19.4494970Z ok 147 - v0.6.0 baseline is pinned, bounded and independent of Git or an installed archive
2026-09-15T14:42:19.4495845Z   ---
2026-09-15T14:42:19.4496316Z   duration_ms: 5.666976
2026-09-15T14:42:19.4497040Z   ...
2026-09-15T14:42:19.4498039Z # Subtest: all seven production/default recipes retain their old loadout and roster identities
2026-09-15T14:42:19.4499521Z ok 148 - all seven production/default recipes retain their old loadout and roster identities
2026-09-15T14:42:19.4500552Z   ---
2026-09-15T14:42:19.4501033Z   duration_ms: 2.049435
2026-09-15T14:42:19.4501539Z   ...
2026-09-15T14:42:19.4502537Z # Subtest: first-signal: campaign and every normalized map/steering board retain v0.6.0 identity
2026-09-15T14:42:19.4504255Z ok 149 - first-signal: campaign and every normalized map/steering board retain v0.6.0 identity
2026-09-15T14:42:19.4505176Z   ---
2026-09-15T14:42:19.4505649Z   duration_ms: 133.288176
2026-09-15T14:42:19.4506176Z   ...
2026-09-15T14:42:19.4507510Z # Subtest: night-shift: campaign and every normalized map/steering board retain v0.6.0 identity
2026-09-15T14:42:19.4508969Z ok 150 - night-shift: campaign and every normalized map/steering board retain v0.6.0 identity
2026-09-15T14:42:19.4509883Z   ---
2026-09-15T14:42:19.4510359Z   duration_ms: 11.296651
2026-09-15T14:42:19.4510875Z   ...
2026-09-15T14:42:19.4511895Z # Subtest: living-threads: campaign and every normalized map/steering board retain v0.6.0 identity
2026-09-15T14:42:19.4513393Z ok 151 - living-threads: campaign and every normalized map/steering board retain v0.6.0 identity
2026-09-15T14:42:19.4514337Z   ---
2026-09-15T14:42:19.4514804Z   duration_ms: 8.521798
2026-09-15T14:42:19.4515312Z   ...
2026-09-15T14:42:19.4516293Z # Subtest: fieldcraft: campaign and every normalized map/steering board retain v0.6.0 identity
2026-09-15T14:42:19.4518091Z ok 152 - fieldcraft: campaign and every normalized map/steering board retain v0.6.0 identity
2026-09-15T14:42:19.4519166Z   ---
2026-09-15T14:42:19.4519762Z   duration_ms: 31.304957
2026-09-15T14:42:19.4520402Z   ...
2026-09-15T14:42:19.4521788Z # Subtest: homeward-skies: campaign and every normalized map/steering board retain v0.6.0 identity
2026-09-15T14:42:19.4523530Z ok 153 - homeward-skies: campaign and every normalized map/steering board retain v0.6.0 identity
2026-09-15T14:42:19.4524641Z   ---
2026-09-15T14:42:19.4525269Z   duration_ms: 24.612139
2026-09-15T14:42:19.4525919Z   ...
2026-09-15T14:42:19.4527597Z # Subtest: first-signal/signal-01/interceptor/immediate: current tick events, checkpoints and completion match the archived route
2026-09-15T14:42:19.4529815Z ok 154 - first-signal/signal-01/interceptor/immediate: current tick events, checkpoints and completion match the archived route
2026-09-15T14:42:19.4531158Z   ---
2026-09-15T14:42:19.4531688Z   duration_ms: 137.849763
2026-09-15T14:42:19.4532247Z   ...
2026-09-15T14:42:19.4533505Z # Subtest: first-signal/signal-01/interceptor/immediate: both public verifiers accept the immutable old replay v3 envelope
2026-09-15T14:42:19.4535473Z ok 155 - first-signal/signal-01/interceptor/immediate: both public verifiers accept the immutable old replay v3 envelope
2026-09-15T14:42:19.4537126Z   ---
2026-09-15T14:42:19.4537742Z   duration_ms: 132.625361
2026-09-15T14:42:19.4538385Z   ...
2026-09-15T14:42:19.4539756Z # Subtest: first-signal/signal-01/interceptor/immediate: a frozen live-cut session restores and continues to its old win
2026-09-15T14:42:19.4541793Z ok 156 - first-signal/signal-01/interceptor/immediate: a frozen live-cut session restores and continues to its old win
2026-09-15T14:42:19.4543023Z   ---
2026-09-15T14:42:19.4543601Z   duration_ms: 82.835306
2026-09-15T14:42:19.4544244Z   ...
2026-09-15T14:42:19.4545673Z # Subtest: first-signal/signal-01/interceptor/grid-center: current tick events, checkpoints and completion match the archived route
2026-09-15T14:42:19.4554705Z ok 157 - first-signal/signal-01/interceptor/grid-center: current tick events, checkpoints and completion match the archived route
2026-09-15T14:42:19.4556504Z   ---
2026-09-15T14:42:19.4557038Z   duration_ms: 63.768333
2026-09-15T14:42:19.4557573Z   ...
2026-09-15T14:42:19.4558870Z # Subtest: first-signal/signal-01/interceptor/grid-center: both public verifiers accept the immutable old replay v3 envelope
2026-09-15T14:42:19.4560825Z ok 158 - first-signal/signal-01/interceptor/grid-center: both public verifiers accept the immutable old replay v3 envelope
2026-09-15T14:42:19.4561948Z   ---
2026-09-15T14:42:19.4562420Z   duration_ms: 79.661327
2026-09-15T14:42:19.4562947Z   ...
2026-09-15T14:42:19.4564188Z # Subtest: first-signal/signal-01/interceptor/grid-center: a frozen live-cut session restores and continues to its old win
2026-09-15T14:42:19.4566070Z ok 159 - first-signal/signal-01/interceptor/grid-center: a frozen live-cut session restores and continues to its old win
2026-09-15T14:42:19.4567652Z   ---
2026-09-15T14:42:19.4568133Z   duration_ms: 41.581364
2026-09-15T14:42:19.4568648Z   ...
2026-09-15T14:42:19.4569947Z # Subtest: homeward-skies/homeward-01/fiber/immediate: current tick events, checkpoints and completion match the archived route
2026-09-15T14:42:19.4571932Z ok 160 - homeward-skies/homeward-01/fiber/immediate: current tick events, checkpoints and completion match the archived route
2026-09-15T14:42:19.4573070Z   ---
2026-09-15T14:42:19.4573542Z   duration_ms: 122.827163
2026-09-15T14:42:19.4574063Z   ...
2026-09-15T14:42:19.4575293Z # Subtest: homeward-skies/homeward-01/fiber/immediate: both public verifiers accept the immutable old replay v3 envelope
2026-09-15T14:42:19.4577494Z ok 161 - homeward-skies/homeward-01/fiber/immediate: both public verifiers accept the immutable old replay v3 envelope
2026-09-15T14:42:19.4578842Z   ---
2026-09-15T14:42:19.4579413Z   duration_ms: 205.416626
2026-09-15T14:42:19.4579970Z   ...
2026-09-15T14:42:19.4581168Z # Subtest: homeward-skies/homeward-01/fiber/immediate: a frozen live-cut session restores and continues to its old win
2026-09-15T14:42:19.4583136Z ok 162 - homeward-skies/homeward-01/fiber/immediate: a frozen live-cut session restores and continues to its old win
2026-09-15T14:42:19.4584245Z   ---
2026-09-15T14:42:19.4584738Z   duration_ms: 81.654116
2026-09-15T14:42:19.4585276Z   ...
2026-09-15T14:42:19.4586911Z # Subtest: homeward-skies/homeward-01/fiber/grid-center: current tick events, checkpoints and completion match the archived route
2026-09-15T14:42:19.4588995Z ok 163 - homeward-skies/homeward-01/fiber/grid-center: current tick events, checkpoints and completion match the archived route
2026-09-15T14:42:19.4590162Z   ---
2026-09-15T14:42:19.4590637Z   duration_ms: 54.117139
2026-09-15T14:42:19.4591163Z   ...
2026-09-15T14:42:19.4592454Z # Subtest: homeward-skies/homeward-01/fiber/grid-center: both public verifiers accept the immutable old replay v3 envelope
2026-09-15T14:42:19.4594381Z ok 164 - homeward-skies/homeward-01/fiber/grid-center: both public verifiers accept the immutable old replay v3 envelope
2026-09-15T14:42:19.4595486Z   ---
2026-09-15T14:42:19.4595959Z   duration_ms: 107.282492
2026-09-15T14:42:19.4596785Z   ...
2026-09-15T14:42:19.4598055Z # Subtest: homeward-skies/homeward-01/fiber/grid-center: a frozen live-cut session restores and continues to its old win
2026-09-15T14:42:19.4599895Z ok 165 - homeward-skies/homeward-01/fiber/grid-center: a frozen live-cut session restores and continues to its old win
2026-09-15T14:42:19.4600981Z   ---
2026-09-15T14:42:19.4601451Z   duration_ms: 81.462688
2026-09-15T14:42:19.4601967Z   ...
2026-09-15T14:42:19.4603325Z # Subtest: homeward-skies/homeward-01/interceptor/immediate: current tick events, checkpoints and completion match the archived route
2026-09-15T14:42:19.4605494Z ok 166 - homeward-skies/homeward-01/interceptor/immediate: current tick events, checkpoints and completion match the archived route
2026-09-15T14:42:19.4607170Z   ---
2026-09-15T14:42:19.4607778Z   duration_ms: 201.351552
2026-09-15T14:42:19.4608395Z   ...
2026-09-15T14:42:19.4609789Z # Subtest: homeward-skies/homeward-01/interceptor/immediate: both public verifiers accept the immutable old replay v3 envelope
2026-09-15T14:42:19.4611979Z ok 167 - homeward-skies/homeward-01/interceptor/immediate: both public verifiers accept the immutable old replay v3 envelope
2026-09-15T14:42:19.4613276Z   ---
2026-09-15T14:42:19.4613873Z   duration_ms: 305.826335
2026-09-15T14:42:19.4614517Z   ...
2026-09-15T14:42:19.4616020Z # Subtest: homeward-skies/homeward-01/interceptor/grid-center: current tick events, checkpoints and completion match the archived route
2026-09-15T14:42:19.4618568Z ok 168 - homeward-skies/homeward-01/interceptor/grid-center: current tick events, checkpoints and completion match the archived route
2026-09-15T14:42:19.4619945Z   ---
2026-09-15T14:42:19.4620549Z   duration_ms: 119.200472
2026-09-15T14:42:19.4621438Z   ...
2026-09-15T14:42:19.4622853Z # Subtest: homeward-skies/homeward-01/interceptor/grid-center: both public verifiers accept the immutable old replay v3 envelope
2026-09-15T14:42:19.4625025Z ok 169 - homeward-skies/homeward-01/interceptor/grid-center: both public verifiers accept the immutable old replay v3 envelope
2026-09-15T14:42:19.4626724Z   ---
2026-09-15T14:42:19.4627286Z   duration_ms: 278.839969
2026-09-15T14:42:19.4627824Z   ...
2026-09-15T14:42:19.4629154Z # Subtest: homeward-skies/homeward-02/bomber/grid-center: current tick events, checkpoints and completion match the archived route
2026-09-15T14:42:19.4631182Z ok 170 - homeward-skies/homeward-02/bomber/grid-center: current tick events, checkpoints and completion match the archived route
2026-09-15T14:42:19.4632341Z   ---
2026-09-15T14:42:19.4632812Z   duration_ms: 84.768844
2026-09-15T14:42:19.4633325Z   ...
2026-09-15T14:42:19.4634583Z # Subtest: homeward-skies/homeward-02/bomber/grid-center: both public verifiers accept the immutable old replay v3 envelope
2026-09-15T14:42:19.4636694Z ok 171 - homeward-skies/homeward-02/bomber/grid-center: both public verifiers accept the immutable old replay v3 envelope
2026-09-15T14:42:19.4638053Z   ---
2026-09-15T14:42:19.4638657Z   duration_ms: 165.74821
2026-09-15T14:42:19.4639284Z   ...
2026-09-15T14:42:19.4640984Z # Subtest: homeward-skies/homeward-03/impact/immediate: current tick events, checkpoints and completion match the archived route
2026-09-15T14:42:19.4643210Z ok 172 - homeward-skies/homeward-03/impact/immediate: current tick events, checkpoints and completion match the archived route
2026-09-15T14:42:19.4644496Z   ---
2026-09-15T14:42:19.4645086Z   duration_ms: 76.226772
2026-09-15T14:42:19.4645724Z   ...
2026-09-15T14:42:19.4647325Z # Subtest: homeward-skies/homeward-03/impact/immediate: both public verifiers accept the immutable old replay v3 envelope
2026-09-15T14:42:19.4649413Z ok 173 - homeward-skies/homeward-03/impact/immediate: both public verifiers accept the immutable old replay v3 envelope
2026-09-15T14:42:19.4650690Z   ---
2026-09-15T14:42:19.4651260Z   duration_ms: 124.286767
2026-09-15T14:42:19.4651911Z   ...
2026-09-15T14:42:19.4653357Z # Subtest: first-signal/signal-07/interceptor/grid-center: current tick events, checkpoints and completion match the archived route
2026-09-15T14:42:19.4655550Z ok 174 - first-signal/signal-07/interceptor/grid-center: current tick events, checkpoints and completion match the archived route
2026-09-15T14:42:19.4657174Z   ---
2026-09-15T14:42:19.4657758Z   duration_ms: 49.894768
2026-09-15T14:42:19.4658383Z   ...
2026-09-15T14:42:19.4659777Z # Subtest: first-signal/signal-07/interceptor/grid-center: both public verifiers accept the immutable old replay v3 envelope
2026-09-15T14:42:19.4661850Z ok 175 - first-signal/signal-07/interceptor/grid-center: both public verifiers accept the immutable old replay v3 envelope
2026-09-15T14:42:19.4663115Z   ---
2026-09-15T14:42:19.4663700Z   duration_ms: 85.701839
2026-09-15T14:42:19.4664335Z   ...
2026-09-15T14:42:19.4665603Z # Subtest: immediate: tap/release, same direction, exact pause/load and explicit resume through the actual host
2026-09-15T14:42:19.4667828Z ok 176 - immediate: tap/release, same direction, exact pause/load and explicit resume through the actual host
2026-09-15T14:42:19.4668872Z   ---
2026-09-15T14:42:19.4669377Z   duration_ms: 4582.137833
2026-09-15T14:42:19.4669908Z   ...
2026-09-15T14:42:19.4671063Z # Subtest: grid-center: tap/release, same direction, exact pause/load and explicit resume through the actual host
2026-09-15T14:42:19.4672787Z ok 177 - grid-center: tap/release, same direction, exact pause/load and explicit resume through the actual host
2026-09-15T14:42:19.4673812Z   ---
2026-09-15T14:42:19.4674282Z   duration_ms: 4609.684382
2026-09-15T14:42:19.4674811Z   ...
2026-09-15T14:42:19.4675822Z # Subtest: fresh direction before the next tick survives pause and does not rewrite the checkpoint
2026-09-15T14:42:19.4677597Z ok 178 - fresh direction before the next tick survives pause and does not rewrite the checkpoint
2026-09-15T14:42:19.4678842Z   ---
2026-09-15T14:42:19.4679326Z   duration_ms: 2347.302628
2026-09-15T14:42:19.4679852Z   ...
2026-09-15T14:42:19.4680887Z # Subtest: recovery inside a multi-tick frame clears intent and requires fresh post-recovery input
2026-09-15T14:42:19.4682398Z ok 179 - recovery inside a multi-tick frame clears intent and requires fresh post-recovery input
2026-09-15T14:42:19.4683343Z   ---
2026-09-15T14:42:19.4683806Z   duration_ms: 6102.888718
2026-09-15T14:42:19.4684330Z   ...
2026-09-15T14:42:19.4685357Z # Subtest: title, missions, briefing and settings use real shell navigation without starting flight
2026-09-15T14:42:19.4687171Z ok 180 - title, missions, briefing and settings use real shell navigation without starting flight
2026-09-15T14:42:19.4688130Z   ---
2026-09-15T14:42:19.4688612Z   duration_ms: 647.130507
2026-09-15T14:42:19.4689131Z   ...
2026-09-15T14:42:19.4690136Z # Subtest: original v0.2/v0.12 exports and authority are pinned independently of current modules
2026-09-15T14:42:19.4691584Z ok 181 - original v0.2/v0.12 exports and authority are pinned independently of current modules
2026-09-15T14:42:19.4692484Z   ---
2026-09-15T14:42:19.4692947Z   duration_ms: 7.271652
2026-09-15T14:42:19.4693459Z   ...
2026-09-15T14:42:19.4694549Z # Subtest: v0.2.0 raw/enveloped profiles migrate omission to Hold without source writes
2026-09-15T14:42:19.4695895Z ok 182 - v0.2.0 raw/enveloped profiles migrate omission to Hold without source writes
2026-09-15T14:42:19.4697213Z   ---
2026-09-15T14:42:19.4697806Z   duration_ms: 44.800457
2026-09-15T14:42:19.4698430Z   ...
2026-09-15T14:42:19.4699483Z # Subtest: v0.12.0 raw/enveloped profiles migrate omission to Hold without source writes
2026-09-15T14:42:19.4700971Z ok 183 - v0.12.0 raw/enveloped profiles migrate omission to Hold without source writes
2026-09-15T14:42:19.4701967Z   ---
2026-09-15T14:42:19.4702546Z   duration_ms: 21.950603
2026-09-15T14:42:19.4703162Z   ...
2026-09-15T14:42:19.4704372Z # Subtest: Hold/Toggle roundtrip independently of remapped bindings, other preferences and collection
2026-09-15T14:42:19.4706137Z ok 184 - Hold/Toggle roundtrip independently of remapped bindings, other preferences and collection
2026-09-15T14:42:19.4707600Z   ---
2026-09-15T14:42:19.4708187Z   duration_ms: 14.720895
2026-09-15T14:42:19.4708826Z   ...
2026-09-15T14:42:19.4709947Z # Subtest: explicit malformed Boost modes reject before reads, profile writes or recovery writes
2026-09-15T14:42:19.4711594Z ok 185 - explicit malformed Boost modes reject before reads, profile writes or recovery writes
2026-09-15T14:42:19.4712643Z   ---
2026-09-15T14:42:19.4713221Z   duration_ms: 25.562665
2026-09-15T14:42:19.4713828Z   ...
2026-09-15T14:42:19.4715030Z # Subtest: accessors, inherited modes, reserved keys and latch fields cannot masquerade as omitted defaults
2026-09-15T14:42:19.4717162Z ok 186 - accessors, inherited modes, reserved keys and latch fields cannot masquerade as omitted defaults
2026-09-15T14:42:19.4718325Z   ---
2026-09-15T14:42:19.4718901Z   duration_ms: 4.378839
2026-09-15T14:42:19.4719518Z   ...
2026-09-15T14:42:19.4720686Z # Subtest: omitted stale baseline preserves a newer mode; deliberate Toggle and Hold changes remain explicit
2026-09-15T14:42:19.4722299Z ok 187 - omitted stale baseline preserves a newer mode; deliberate Toggle and Hold changes remain explicit
2026-09-15T14:42:19.4723315Z   ---
2026-09-15T14:42:19.4723809Z   duration_ms: 22.084308
2026-09-15T14:42:19.4724345Z   ...
2026-09-15T14:42:19.4725371Z # Subtest: storage save returns the actual merged Boost mode after an unrelated stale setting edit
2026-09-15T14:42:19.4727258Z ok 188 - storage save returns the actual merged Boost mode after an unrelated stale setting edit
2026-09-15T14:42:19.4728223Z   ---
2026-09-15T14:42:19.4728704Z   duration_ms: 12.30948
2026-09-15T14:42:19.4729215Z   ...
2026-09-15T14:42:19.4730337Z # Subtest: profile replacement and Undo restore the mode with fresh generations and reject stale resurrection
2026-09-15T14:42:19.4732242Z ok 189 - profile replacement and Undo restore the mode with fresh generations and reject stale resurrection
2026-09-15T14:42:19.4733253Z   ---
2026-09-15T14:42:19.4733719Z   duration_ms: 7.053174
2026-09-15T14:42:19.4734233Z   ...
2026-09-15T14:42:19.4735296Z # Subtest: quota failure preserves the requested session preference and exact prior stored collection
2026-09-15T14:42:19.4737058Z ok 190 - quota failure preserves the requested session preference and exact prior stored collection
2026-09-15T14:42:19.4738041Z   ---
2026-09-15T14:42:19.4738511Z   duration_ms: 3.649577
2026-09-15T14:42:19.4739022Z   ...
2026-09-15T14:42:19.4740098Z # Subtest: secondary/no-lock sessions can own and export a mode without obtaining the profile writer lease
2026-09-15T14:42:19.4741701Z ok 191 - secondary/no-lock sessions can own and export a mode without obtaining the profile writer lease
2026-09-15T14:42:19.4742677Z   ---
2026-09-15T14:42:19.4743144Z   duration_ms: 255.357279
2026-09-15T14:42:19.4744220Z   ...
2026-09-15T14:42:19.4745189Z # Subtest: v0.2.0 complete backup migrates profile only and preserves held-Boost suspended authority
2026-09-15T14:42:19.4776760Z ok 192 - v0.2.0 complete backup migrates profile only and preserves held-Boost suspended authority
2026-09-15T14:42:19.4777689Z   ---
2026-09-15T14:42:19.4778327Z   duration_ms: 109.986446
2026-09-15T14:42:19.4778766Z   ...
2026-09-15T14:42:19.4779737Z # Subtest: v0.12.0 complete backup migrates profile only and preserves held-Boost suspended authority
2026-09-15T14:42:19.4781175Z ok 193 - v0.12.0 complete backup migrates profile only and preserves held-Boost suspended authority
2026-09-15T14:42:19.4782034Z   ---
2026-09-15T14:42:19.4782401Z   duration_ms: 95.215674
2026-09-15T14:42:19.4782828Z   ...
2026-09-15T14:42:19.4783851Z # Subtest: Toggle backup transports mode metadata without adding input preferences or live latch to sessions
2026-09-15T14:42:19.4785413Z ok 194 - Toggle backup transports mode metadata without adding input preferences or live latch to sessions
2026-09-15T14:42:19.4786729Z   ---
2026-09-15T14:42:19.4787095Z   duration_ms: 113.791026
2026-09-15T14:42:19.4787480Z   ...
2026-09-15T14:42:19.4788230Z # Subtest: bad backup mode rejects before image decoding or caller adoption
2026-09-15T14:42:19.4789353Z ok 195 - bad backup mode rejects before image decoding or caller adoption
2026-09-15T14:42:19.4790040Z   ---
2026-09-15T14:42:19.4790382Z   duration_ms: 14.33208
2026-09-15T14:42:19.4790753Z   ...
2026-09-15T14:42:19.4791780Z # Subtest: journaled complete-backup import and Undo restore modes without changing suspended inputs
2026-09-15T14:42:19.4793276Z ok 196 - journaled complete-backup import and Undo restore modes without changing suspended inputs
2026-09-15T14:42:19.4794120Z   ---
2026-09-15T14:42:19.4794468Z   duration_ms: 99.320044
2026-09-15T14:42:19.4794858Z   ...
2026-09-15T14:42:19.4795862Z # Subtest: failed full-backup finalization rolls mode and profile generation back to exact original bytes
2026-09-15T14:42:19.4797786Z ok 197 - failed full-backup finalization rolls mode and profile generation back to exact original bytes
2026-09-15T14:42:19.4798709Z   ---
2026-09-15T14:42:19.4799095Z   duration_ms: 63.59821
2026-09-15T14:42:19.4799492Z   ...
2026-09-15T14:42:19.4800400Z # Subtest: v0.2.0 previous-release copy normalizes Hold without source or checkpoint mutation
2026-09-15T14:42:19.4801793Z ok 198 - v0.2.0 previous-release copy normalizes Hold without source or checkpoint mutation
2026-09-15T14:42:19.4802601Z   ---
2026-09-15T14:42:19.4802954Z   duration_ms: 35.382446
2026-09-15T14:42:19.4803355Z   ...
2026-09-15T14:42:19.4804233Z # Subtest: v0.12.0 previous-release copy normalizes Hold without source or checkpoint mutation
2026-09-15T14:42:19.4805631Z ok 199 - v0.12.0 previous-release copy normalizes Hold without source or checkpoint mutation
2026-09-15T14:42:19.4806883Z   ---
2026-09-15T14:42:19.4807288Z   duration_ms: 46.535627
2026-09-15T14:42:19.4807691Z   ...
2026-09-15T14:42:19.4808689Z # Subtest: transfer fingerprint distinguishes an explicit mode change but normalizes old omission to Hold
2026-09-15T14:42:19.4810585Z ok 200 - transfer fingerprint distinguishes an explicit mode change but normalizes old omission to Hold
2026-09-15T14:42:19.4811509Z   ---
2026-09-15T14:42:19.4811883Z   duration_ms: 83.944579
2026-09-15T14:42:19.4812293Z   ...
2026-09-15T14:42:19.4813262Z # Subtest: practice page keeps virtual holds, releases and import failures isolated from player storage
2026-09-15T14:42:19.4814672Z     # Subtest: boot prepares actual practice and exposes every authored map without profile writes
2026-09-15T14:42:19.4815987Z     ok 1 - boot prepares actual practice and exposes every authored map without profile writes
2026-09-15T14:42:19.4817138Z       ---
2026-09-15T14:42:19.4817525Z       duration_ms: 1.918449
2026-09-15T14:42:19.4817977Z       ...
2026-09-15T14:42:19.4818935Z     # Subtest: canonical staged practice retains its descriptor, selected class and steering without installation
2026-09-15T14:42:19.4820506Z     ok 2 - canonical staged practice retains its descriptor, selected class and steering without installation
2026-09-15T14:42:19.4821509Z       ---
2026-09-15T14:42:19.4821884Z       duration_ms: 6.278695
2026-09-15T14:42:19.4822310Z       ...
2026-09-15T14:42:19.4823575Z     # Subtest: long original reading fixture uses the normal validated practice handoff and preserves its final paragraph
2026-09-15T14:42:19.4825238Z     ok 3 - long original reading fixture uses the normal validated practice handoff and preserves its final paragraph
2026-09-15T14:42:19.4826221Z       ---
2026-09-15T14:42:19.4826857Z       duration_ms: 3.77916
2026-09-15T14:42:19.4827253Z       ...
2026-09-15T14:42:19.4828234Z     # Subtest: all three course choices preserve the authored handoff and bind a fresh controller session in both policies
2026-09-15T14:42:19.4829875Z     ok 4 - all three course choices preserve the authored handoff and bind a fresh controller session in both policies
2026-09-15T14:42:19.4830835Z       ---
2026-09-15T14:42:19.4831223Z       duration_ms: 13.729734
2026-09-15T14:42:19.4831667Z       ...
2026-09-15T14:42:19.4832657Z     # Subtest: invalid course steering retains the current child and returning to ordinary practice restores class choice
2026-09-15T14:42:19.4834295Z     ok 5 - invalid course steering retains the current child and returning to ordinary practice restores class choice
2026-09-15T14:42:19.4835302Z       ---
2026-09-15T14:42:19.4835681Z       duration_ms: 4.518447
2026-09-15T14:42:19.4836111Z       ...
2026-09-15T14:42:19.4837171Z     # Subtest: iframe load does not enable controls before a matching child readiness report
2026-09-15T14:42:19.4838389Z     ok 6 - iframe load does not enable controls before a matching child readiness report
2026-09-15T14:42:19.4839179Z       ---
2026-09-15T14:42:19.4839577Z       duration_ms: 0.873524
2026-09-15T14:42:19.4839986Z       ...
2026-09-15T14:42:19.4840736Z     # Subtest: connect focuses the iframe and sends neutral before any deliberate button
2026-09-15T14:42:19.4841917Z     ok 7 - connect focuses the iframe and sends neutral before any deliberate button
2026-09-15T14:42:19.4842733Z       ---
2026-09-15T14:42:19.4843124Z       duration_ms: 0.404637
2026-09-15T14:42:19.4843567Z       ...
2026-09-15T14:42:19.4844354Z     # Subtest: pulse uses one press and releases after200ms, ignoring the following pointer click
2026-09-15T14:42:19.4845574Z     ok 8 - pulse uses one press and releases after200ms, ignoring the following pointer click
2026-09-15T14:42:19.4846716Z       ---
2026-09-15T14:42:19.4847086Z       duration_ms: 0.731648
2026-09-15T14:42:19.4847507Z       ...
2026-09-15T14:42:19.4848518Z     # Subtest: hold mode combines physical direction+Boost buttons; release all releases both without disconnecting
2026-09-15T14:42:19.4850182Z     ok 9 - hold mode combines physical direction+Boost buttons; release all releases both without disconnecting
2026-09-15T14:42:19.4851162Z       ---
2026-09-15T14:42:19.4851560Z       duration_ms: 0.691724
2026-09-15T14:42:19.4852274Z       ...
2026-09-15T14:42:19.4853046Z     # Subtest: only exact bounded status from the current same-origin iframe reaches labels
2026-09-15T14:42:19.4854348Z     ok 10 - only exact bounded status from the current same-origin iframe reaches labels
2026-09-15T14:42:19.4855120Z       ---
2026-09-15T14:42:19.4855504Z       duration_ms: 0.559176
2026-09-15T14:42:19.4855963Z       ...
2026-09-15T14:42:19.4856906Z     # Subtest: storage failure preserves the old frame and validated handoff
2026-09-15T14:42:19.4857926Z     ok 11 - storage failure preserves the old frame and validated handoff
2026-09-15T14:42:19.4858607Z       ---
2026-09-15T14:42:19.4858993Z       duration_ms: 1.434534
2026-09-15T14:42:19.4859427Z       ...
2026-09-15T14:42:19.4860364Z     # Subtest: four draft sliders only send neutral until Apply receives a fresh sampled-neutral acknowledgement
2026-09-15T14:42:19.4861913Z     ok 12 - four draft sliders only send neutral until Apply receives a fresh sampled-neutral acknowledgement
2026-09-15T14:42:19.4862850Z       ---
2026-09-15T14:42:19.4863218Z       duration_ms: 1.237565
2026-09-15T14:42:19.4863643Z       ...
2026-09-15T14:42:19.4864372Z     # Subtest: Release all centers live and draft axes and cancels pending application
2026-09-15T14:42:19.4865830Z     ok 13 - Release all centers live and draft axes and cancels pending application
2026-09-15T14:42:19.4866963Z       ---
2026-09-15T14:42:19.4867395Z       duration_ms: 1.804826
2026-09-15T14:42:19.4867867Z       ...
2026-09-15T14:42:19.4868606Z     # Subtest: a pending stick application times out safely and ignores late acknowledgement
2026-09-15T14:42:19.4869727Z     ok 14 - a pending stick application times out safely and ignores late acknowledgement
2026-09-15T14:42:19.4870449Z       ---
2026-09-15T14:42:19.4870791Z       duration_ms: 0.559417
2026-09-15T14:42:19.4871180Z       ...
2026-09-15T14:42:19.4871872Z     # Subtest: editing again or pressing a physical button cancels a pending stick handoff
2026-09-15T14:42:19.4872966Z     ok 15 - editing again or pressing a physical button cancels a pending stick handoff
2026-09-15T14:42:19.4873695Z       ---
2026-09-15T14:42:19.4874040Z       duration_ms: 0.621794
2026-09-15T14:42:19.4874432Z       ...
2026-09-15T14:42:19.4875177Z     # Subtest: disconnect cancels pending stick application and stale feedback cannot restart it
2026-09-15T14:42:19.4876727Z     ok 16 - disconnect cancels pending stick application and stale feedback cannot restart it
2026-09-15T14:42:19.4878234Z       ---
2026-09-15T14:42:19.4878654Z       duration_ms: 0.568583
2026-09-15T14:42:19.4879426Z       ...
2026-09-15T14:42:19.4880608Z     # Subtest: reload cancels pending stick application and stale feedback cannot restart it
2026-09-15T14:42:19.4882485Z     ok 17 - reload cancels pending stick application and stale feedback cannot restart it
2026-09-15T14:42:19.4883553Z       ---
2026-09-15T14:42:19.4883965Z       duration_ms: 1.584654
2026-09-15T14:42:19.4884404Z       ...
2026-09-15T14:42:19.4885184Z     # Subtest: hidden cancels pending stick application and stale feedback cannot restart it
2026-09-15T14:42:19.4886666Z     ok 18 - hidden cancels pending stick application and stale feedback cannot restart it
2026-09-15T14:42:19.4887462Z       ---
2026-09-15T14:42:19.4887822Z       duration_ms: 0.383978
2026-09-15T14:42:19.4888377Z       ...
2026-09-15T14:42:19.4889475Z     # Subtest: history-cache cancels pending stick application and stale feedback cannot restart it
2026-09-15T14:42:19.4891107Z     ok 19 - history-cache cancels pending stick application and stale feedback cannot restart it
2026-09-15T14:42:19.4892120Z       ---
2026-09-15T14:42:19.4906837Z       duration_ms: 0.456685
2026-09-15T14:42:19.4907310Z       ...
2026-09-15T14:42:19.4908237Z     # Subtest: reload rotates the document session so queued high-sequence status cannot starve new feedback
2026-09-15T14:42:19.4909710Z     ok 20 - reload rotates the document session so queued high-sequence status cannot starve new feedback
2026-09-15T14:42:19.4911104Z       ---
2026-09-15T14:42:19.4911765Z       duration_ms: 1.940189
2026-09-15T14:42:19.4912210Z       ...
2026-09-15T14:42:19.4913044Z     # Subtest: every physical button 0 through 15 is operable without fixed-action assumptions
2026-09-15T14:42:19.4914743Z     ok 21 - every physical button 0 through 15 is operable without fixed-action assumptions
2026-09-15T14:42:19.4915590Z       ---
2026-09-15T14:42:19.4915992Z       duration_ms: 1.35785
2026-09-15T14:42:19.4916666Z       ...
2026-09-15T14:42:19.4917609Z     # Subtest: visibility loss disconnects while iframe-focus parent blur does not
2026-09-15T14:42:19.4918943Z     ok 22 - visibility loss disconnects while iframe-focus parent blur does not
2026-09-15T14:42:19.4919891Z       ---
2026-09-15T14:42:19.4920280Z       duration_ms: 0.301845
2026-09-15T14:42:19.4920715Z       ...
2026-09-15T14:42:19.4921437Z     # Subtest: history-cache return remains usable but never resumes a previous hold
2026-09-15T14:42:19.4922547Z     ok 23 - history-cache return remains usable but never resumes a previous hold
2026-09-15T14:42:19.4923294Z       ---
2026-09-15T14:42:19.4923651Z       duration_ms: 0.365434
2026-09-15T14:42:19.4924062Z       ...
2026-09-15T14:42:19.4924724Z     # Subtest: every emitted snapshot validates and pagehide disposes timers
2026-09-15T14:42:19.4925921Z     ok 24 - every emitted snapshot validates and pagehide disposes timers
2026-09-15T14:42:19.4926995Z       ---
2026-09-15T14:42:19.4927401Z       duration_ms: 2.647603
2026-09-15T14:42:19.4927854Z       ...
2026-09-15T14:42:19.4928196Z     1..24
2026-09-15T14:42:19.4929176Z ok 201 - practice page keeps virtual holds, releases and import failures isolated from player storage
2026-09-15T14:42:19.4930105Z   ---
2026-09-15T14:42:19.4930489Z   duration_ms: 166.786728
2026-09-15T14:42:19.4930908Z   ...
2026-09-15T14:42:19.4931868Z # Subtest: actual lab markup exposes all physical indices and four accessible numeric axis controls
2026-09-15T14:42:19.4933344Z ok 202 - actual lab markup exposes all physical indices and four accessible numeric axis controls
2026-09-15T14:42:19.4934236Z   ---
2026-09-15T14:42:19.4934892Z   duration_ms: 14.733632
2026-09-15T14:42:19.4935318Z   ...
2026-09-15T14:42:19.4936234Z # Subtest: two finite toolbars keep Done stable, show mapped labels and retain the return origin
2026-09-15T14:42:19.4937939Z ok 203 - two finite toolbars keep Done stable, show mapped labels and retain the return origin
2026-09-15T14:42:19.4938758Z   ---
2026-09-15T14:42:19.4939123Z   duration_ms: 5.437772
2026-09-15T14:42:19.4939543Z   ...
2026-09-15T14:42:19.4940554Z # Subtest: running full-brief entry pauses before beginning; overlay entry cannot start or pause flight
2026-09-15T14:42:19.4942073Z ok 204 - running full-brief entry pauses before beginning; overlay entry cannot start or pause flight
2026-09-15T14:42:19.4942956Z   ---
2026-09-15T14:42:19.4943320Z   duration_ms: 0.706772
2026-09-15T14:42:19.4943727Z   ...
2026-09-15T14:42:19.4944532Z # Subtest: ready, paused, won, lost and complete entries never invoke a flight action
2026-09-15T14:42:19.4945743Z ok 205 - ready, paused, won, lost and complete entries never invoke a flight action
2026-09-15T14:42:19.4946736Z   ---
2026-09-15T14:42:19.4967019Z   duration_ms: 1.160592
2026-09-15T14:42:19.4967462Z   ...
2026-09-15T14:42:19.4968344Z # Subtest: a rejected or repeated entry does not scroll the host unit or recreate reading
2026-09-15T14:42:19.4969635Z ok 206 - a rejected or repeated entry does not scroll the host unit or recreate reading
2026-09-15T14:42:19.4970418Z   ---
2026-09-15T14:42:19.4970791Z   duration_ms: 0.73231
2026-09-15T14:42:19.4971184Z   ...
2026-09-15T14:42:19.4971997Z # Subtest: late Done click after cancellation cannot re-enter or invoke another action
2026-09-15T14:42:19.4973224Z ok 207 - late Done click after cancellation cannot re-enter or invoke another action
2026-09-15T14:42:19.4974001Z   ---
2026-09-15T14:42:19.4974358Z   duration_ms: 0.799575
2026-09-15T14:42:19.4974758Z   ...
2026-09-15T14:42:19.4975636Z # Subtest: closing the full brief ends only its own active reader without restoring hidden focus
2026-09-15T14:42:19.4977155Z ok 208 - closing the full brief ends only its own active reader without restoring hidden focus
2026-09-15T14:42:19.4977932Z   ---
2026-09-15T14:42:19.4978274Z   duration_ms: 0.696884
2026-09-15T14:42:19.4978658Z   ...
2026-09-15T14:42:19.4979572Z # Subtest: local hints use text, do not duplicate mapped prompts, and ignore later unrelated navigation
2026-09-15T14:42:19.4980963Z ok 209 - local hints use text, do not duplicate mapped prompts, and ignore later unrelated navigation
2026-09-15T14:42:19.4981751Z   ---
2026-09-15T14:42:19.4982078Z   duration_ms: 0.835894
2026-09-15T14:42:19.4982442Z   ...
2026-09-15T14:42:19.4983256Z # Subtest: destruction ends once and removes both finite toolbars and details event handlers
2026-09-15T14:42:19.4984490Z ok 210 - destruction ends once and removes both finite toolbars and details event handlers
2026-09-15T14:42:19.4985299Z   ---
2026-09-15T14:42:19.4985970Z   duration_ms: 0.742198
2026-09-15T14:42:19.4986755Z   ...
2026-09-15T14:42:19.4987692Z # Subtest: reading entry/exit preserves a legal Sentinel live cut and terminal outcome: immediate
2026-09-15T14:42:19.4989080Z ok 211 - reading entry/exit preserves a legal Sentinel live cut and terminal outcome: immediate
2026-09-15T14:42:19.4989859Z   ---
2026-09-15T14:42:19.4990426Z   duration_ms: 110.274749
2026-09-15T14:42:19.4990850Z   ...
2026-09-15T14:42:19.4991752Z # Subtest: reading entry/exit preserves a legal Sentinel live cut and terminal outcome: grid-center
2026-09-15T14:42:19.4993121Z ok 212 - reading entry/exit preserves a legal Sentinel live cut and terminal outcome: grid-center
2026-09-15T14:42:19.4993953Z   ---
2026-09-15T14:42:19.4994301Z   duration_ms: 115.025397
2026-09-15T14:42:19.4994691Z   ...
2026-09-15T14:42:19.4995589Z # Subtest: both explicit templates compile independent owned levels with distinct goals and layouts
2026-09-15T14:42:19.4997342Z ok 213 - both explicit templates compile independent owned levels with distinct goals and layouts
2026-09-15T14:42:19.4998169Z   ---
2026-09-15T14:42:19.4998499Z   duration_ms: 10.509119
2026-09-15T14:42:19.4998890Z   ...
2026-09-15T14:42:19.4999823Z # Subtest: First Connection revision 2 has one connected field, a rescue perimeter, and mirrored hazards
2026-09-15T14:42:19.5001313Z ok 214 - First Connection revision 2 has one connected field, a rescue perimeter, and mirrored hazards
2026-09-15T14:42:19.5002161Z   ---
2026-09-15T14:42:19.5002523Z   duration_ms: 12.112599
2026-09-15T14:42:19.5002912Z   ...
2026-09-15T14:42:19.5003810Z # Subtest: Relay Yard revision 2 has one connected field, a rescue perimeter, and mirrored hazards
2026-09-15T14:42:19.5005216Z ok 215 - Relay Yard revision 2 has one connected field, a rescue perimeter, and mirrored hazards
2026-09-15T14:42:19.5006016Z   ---
2026-09-15T14:42:19.5006625Z   duration_ms: 7.234523
2026-09-15T14:42:19.5007073Z   ...
2026-09-15T14:42:19.5008145Z # Subtest: the revised First Connection opening contests both halves instead of granting half the field
2026-09-15T14:42:19.5010116Z ok 216 - the revised First Connection opening contests both halves instead of granting half the field
2026-09-15T14:42:19.5011755Z   ---
2026-09-15T14:42:19.5012334Z   duration_ms: 88.676255
2026-09-15T14:42:19.5013255Z   ...
2026-09-15T14:42:19.5014063Z # Subtest: mixed source recipes reproduce the exact two shipped authored levels
2026-09-15T14:42:19.5015229Z ok 217 - mixed source recipes reproduce the exact two shipped authored levels
2026-09-15T14:42:19.5015935Z   ---
2026-09-15T14:42:19.5016581Z   duration_ms: 33.815027
2026-09-15T14:42:19.5017204Z   ...
2026-09-15T14:42:19.5018216Z # Subtest: authored geometry replacements and encounter overrides are explicit and preserve their input
2026-09-15T14:42:19.5019781Z ok 218 - authored geometry replacements and encounter overrides are explicit and preserve their input
2026-09-15T14:42:19.5020797Z   ---
2026-09-15T14:42:19.5021187Z   duration_ms: 7.002971
2026-09-15T14:42:19.5021608Z   ...
2026-09-15T14:42:19.5022918Z # Subtest: recipes reject implicit solo conversion, goal mismatches, unsupported controls, and unsafe geometry
2026-09-15T14:42:19.5024559Z ok 219 - recipes reject implicit solo conversion, goal mismatches, unsupported controls, and unsafe geometry
2026-09-15T14:42:19.5025476Z   ---
2026-09-15T14:42:19.5025819Z   duration_ms: 3.431419
2026-09-15T14:42:19.5026198Z   ...
2026-09-15T14:42:19.5027378Z # Subtest: anchor access is validated before shield removal, including compiled pack imports
2026-09-15T14:42:19.5028755Z ok 220 - anchor access is validated before shield removal, including compiled pack imports
2026-09-15T14:42:19.5029571Z   ---
2026-09-15T14:42:19.5029945Z   duration_ms: 20.082428
2026-09-15T14:42:19.5030360Z   ...
2026-09-15T14:42:19.5031346Z # Subtest: pack boundaries reject duplicate levels, unsupported engines, solo formats and surplus fields
2026-09-15T14:42:19.5033565Z ok 221 - pack boundaries reject duplicate levels, unsupported engines, solo formats and surplus fields
2026-09-15T14:42:19.5034894Z   ---
2026-09-15T14:42:19.5035282Z   duration_ms: 16.060013
2026-09-15T14:42:19.5035926Z   ...
2026-09-15T14:42:19.5037017Z # Subtest: validation does not invoke accessor properties in recipes or packs
2026-09-15T14:42:19.5038381Z ok 222 - validation does not invoke accessor properties in recipes or packs
2026-09-15T14:42:19.5039667Z   ---
2026-09-15T14:42:19.5040091Z   duration_ms: 6.388241
2026-09-15T14:42:19.5040684Z   ...
2026-09-15T14:42:19.5041976Z # Subtest: CLI creates playable level or pack JSON, validates it, and refuses overwriting an existing file
2026-09-15T14:42:19.5044014Z ok 223 - CLI creates playable level or pack JSON, validates it, and refuses overwriting an existing file
2026-09-15T14:42:19.5045198Z   ---
2026-09-15T14:42:19.5045585Z   duration_ms: 45.013846
2026-09-15T14:42:19.5046023Z   ...
2026-09-15T14:42:19.5047535Z # Subtest: CLI validates mixed recipes, rejects malformed flags and bounds file input before parsing
2026-09-15T14:42:19.5049737Z ok 224 - CLI validates mixed recipes, rejects malformed flags and bounds file input before parsing
2026-09-15T14:42:19.5050933Z   ---
2026-09-15T14:42:19.5051580Z   duration_ms: 20.108918
2026-09-15T14:42:19.5051997Z   ...
2026-09-15T14:42:19.5053509Z # Subtest: Historical First Connection v1 joint: a public-input route completes the authored arena
2026-09-15T14:42:19.5055488Z ok 225 - Historical First Connection v1 joint: a public-input route completes the authored arena
2026-09-15T14:42:19.5057106Z   ---
2026-09-15T14:42:19.5057506Z   duration_ms: 199.026722
2026-09-15T14:42:19.5058218Z   ...
2026-09-15T14:42:19.5059250Z # Subtest: Historical First Connection v1 independent: a public-input route completes the authored arena
2026-09-15T14:42:19.5061379Z ok 226 - Historical First Connection v1 independent: a public-input route completes the authored arena
2026-09-15T14:42:19.5062733Z   ---
2026-09-15T14:42:19.5063414Z   duration_ms: 218.855151
2026-09-15T14:42:19.5064083Z   ...
2026-09-15T14:42:19.5065416Z # Subtest: identical inward inputs expose the intended joint-bank difference on the same arena
2026-09-15T14:42:19.5067290Z ok 227 - identical inward inputs expose the intended joint-bank difference on the same arena
2026-09-15T14:42:19.5068112Z   ---
2026-09-15T14:42:19.5068463Z   duration_ms: 33.865396
2026-09-15T14:42:19.5068865Z   ...
2026-09-15T14:42:19.5069818Z # Subtest: both experiment routes secure the same region, while the joint first bank needs less exposure
2026-09-15T14:42:19.5097563Z ok 228 - both experiment routes secure the same region, while the joint first bank needs less exposure
2026-09-15T14:42:19.5098476Z   ---
2026-09-15T14:42:19.5098839Z   duration_ms: 107.125477
2026-09-15T14:42:19.5099291Z   ...
2026-09-15T14:42:19.5100158Z # Subtest: live Relay Yard: P1 can be rescued on earned ground without a reserve or charge
2026-09-15T14:42:19.5101440Z ok 229 - live Relay Yard: P1 can be rescued on earned ground without a reserve or charge
2026-09-15T14:42:19.5102224Z   ---
2026-09-15T14:42:19.5102636Z   duration_ms: 180.718653
2026-09-15T14:42:19.5103343Z   ...
2026-09-15T14:42:19.5104204Z # Subtest: live Relay Yard: P2 can be rescued on earned ground without a reserve or charge
2026-09-15T14:42:19.5105479Z ok 230 - live Relay Yard: P2 can be rescued on earned ground without a reserve or charge
2026-09-15T14:42:19.5106277Z   ---
2026-09-15T14:42:19.5106961Z   duration_ms: 82.164828
2026-09-15T14:42:19.5107402Z   ...
2026-09-15T14:42:19.5108407Z # Subtest: validation rejects malformed geometry, unsupported actors and unsafe spawn without mutation
2026-09-15T14:42:19.5109952Z ok 231 - validation rejects malformed geometry, unsupported actors and unsafe spawn without mutation
2026-09-15T14:42:19.5110891Z   ---
2026-09-15T14:42:19.5111272Z   duration_ms: 6.260581
2026-09-15T14:42:19.5111685Z   ...
2026-09-15T14:42:19.5112627Z # Subtest: run normalization owns nested rule data and rejects prototype-shaped unsupported keys
2026-09-15T14:42:19.5114102Z ok 232 - run normalization owns nested rule data and rejects prototype-shaped unsupported keys
2026-09-15T14:42:19.5114967Z   ---
2026-09-15T14:42:19.5115336Z   duration_ms: 4.040759
2026-09-15T14:42:19.5115755Z   ...
2026-09-15T14:42:19.5116951Z # Subtest: enemy-seeded fill claims the enemy-free side plus secured trail exactly once
2026-09-15T14:42:19.5118494Z ok 233 - enemy-seeded fill claims the enemy-free side plus secured trail exactly once
2026-09-15T14:42:19.5119318Z   ---
2026-09-15T14:42:19.5119710Z   duration_ms: 4.108576
2026-09-15T14:42:19.5120144Z   ...
2026-09-15T14:42:19.5120923Z # Subtest: both sides with anchors retain both regions and award only the trail
2026-09-15T14:42:19.5122087Z ok 234 - both sides with anchors retain both regions and award only the trail
2026-09-15T14:42:19.5122799Z   ---
2026-09-15T14:42:19.5123179Z   duration_ms: 5.312386
2026-09-15T14:42:19.5123580Z   ...
2026-09-15T14:42:19.5124420Z # Subtest: no field anchors claims all remaining interior, border patrol does not retain it
2026-09-15T14:42:19.5125659Z ok 235 - no field anchors claims all remaining interior, border patrol does not retain it
2026-09-15T14:42:19.5140732Z   ---
2026-09-15T14:42:19.5141165Z   duration_ms: 1.553215
2026-09-15T14:42:19.5141587Z   ...
2026-09-15T14:42:19.5142508Z # Subtest: walls and outer border excluded from numerator and denominator; objectives are once only
2026-09-15T14:42:19.5144100Z ok 236 - walls and outer border excluded from numerator and denominator; objectives are once only
2026-09-15T14:42:19.5144985Z   ---
2026-09-15T14:42:19.5145367Z   duration_ms: 4.953328
2026-09-15T14:42:19.5145778Z   ...
2026-09-15T14:42:19.5146899Z # Subtest: four-neighbor fill retains all seeded pockets rather than only the largest
2026-09-15T14:42:19.5148190Z ok 237 - four-neighbor fill retains all seeded pockets rather than only the largest
2026-09-15T14:42:19.5148962Z   ---
2026-09-15T14:42:19.5149333Z   duration_ms: 2.338044
2026-09-15T14:42:19.5149740Z   ...
2026-09-15T14:42:19.5150469Z # Subtest: a real continuous cut wins and terminal result cannot duplicate
2026-09-15T14:42:19.5151556Z ok 238 - a real continuous cut wins and terminal result cannot duplicate
2026-09-15T14:42:19.5152884Z   ---
2026-09-15T14:42:19.5153273Z   duration_ms: 43.5516
2026-09-15T14:42:19.5153683Z   ...
2026-09-15T14:42:19.5154612Z # Subtest: actual campaign first level completes its instructed straight cut in both policies
2026-09-15T14:42:19.5156001Z ok 239 - actual campaign first level completes its instructed straight cut in both policies
2026-09-15T14:42:19.5157224Z   ---
2026-09-15T14:42:19.5157594Z   duration_ms: 49.151316
2026-09-15T14:42:19.5158028Z   ...
2026-09-15T14:42:19.5158945Z # Subtest: straight cuts do not self-collide at floating point cell boundaries over varied speeds
2026-09-15T14:42:19.5160417Z ok 240 - straight cuts do not self-collide at floating point cell boundaries over varied speeds
2026-09-15T14:42:19.5161251Z   ---
2026-09-15T14:42:19.5161606Z   duration_ms: 653.364826
2026-09-15T14:42:19.5162010Z   ...
2026-09-15T14:42:19.5162915Z # Subtest: all cardinal cut directions and multiple ordinary exposed corners preserve the live trail
2026-09-15T14:42:19.5164691Z ok 241 - all cardinal cut directions and multiple ordinary exposed corners preserve the live trail
2026-09-15T14:42:19.5165624Z   ---
2026-09-15T14:42:19.5166001Z   duration_ms: 149.1573
2026-09-15T14:42:19.5166903Z   ...
2026-09-15T14:42:19.5167840Z # Subtest: coverage alone cannot win while a required objective remains in retained region
2026-09-15T14:42:19.5169161Z ok 242 - coverage alone cannot win while a required objective remains in retained region
2026-09-15T14:42:19.5169981Z   ---
2026-09-15T14:42:19.5170368Z   duration_ms: 16.486321
2026-09-15T14:42:19.5170793Z   ...
2026-09-15T14:42:19.5171617Z # Subtest: enemy swept contact tied exactly with closure cancels capture before reward
2026-09-15T14:42:19.5173145Z ok 243 - enemy swept contact tied exactly with closure cancels capture before reward
2026-09-15T14:42:19.5173922Z   ---
2026-09-15T14:42:19.5174274Z   duration_ms: 1.467526
2026-09-15T14:42:19.5174697Z   ...
2026-09-15T14:42:19.5175631Z # Subtest: closure just before contact commits first and enemy remains outside claimed topology
2026-09-15T14:42:19.5177429Z ok 244 - closure just before contact commits first and enemy remains outside claimed topology
2026-09-15T14:42:19.5178264Z   ---
2026-09-15T14:42:19.5178855Z   duration_ms: 2.670756
2026-09-15T14:42:19.5179314Z   ...
2026-09-15T14:42:19.5180484Z # Subtest: stopping does not make a live trail safe from swept enemy movement
2026-09-15T14:42:19.5181663Z ok 245 - stopping does not make a live trail safe from swept enemy movement
2026-09-15T14:42:19.5182415Z   ---
2026-09-15T14:42:19.5182786Z   duration_ms: 1.179918
2026-09-15T14:42:19.5183200Z   ...
2026-09-15T14:42:19.5184085Z # Subtest: self reversal loses life even with an active shield; three failures emit one loss
2026-09-15T14:42:19.5185409Z ok 246 - self reversal loses life even with an active shield; three failures emit one loss
2026-09-15T14:42:19.5186208Z   ---
2026-09-15T14:42:19.5186860Z   duration_ms: 1.48612
2026-09-15T14:42:19.5187262Z   ...
2026-09-15T14:42:19.5188073Z # Subtest: wall contact blocks movement without closing or destroying a valid live cut
2026-09-15T14:42:19.5189285Z ok 247 - wall contact blocks movement without closing or destroying a valid live cut
2026-09-15T14:42:19.5190064Z   ---
2026-09-15T14:42:19.5190462Z   duration_ms: 11.436484
2026-09-15T14:42:19.5190885Z   ...
2026-09-15T14:42:19.5192003Z # Subtest: fresh couch uses exact wide Pressure Lines originals, authored Arcade controls and independent continuations
2026-09-15T14:42:19.5193751Z ok 248 - fresh couch uses exact wide Pressure Lines originals, authored Arcade controls and independent continuations
2026-09-15T14:42:19.5194729Z   ---
2026-09-15T14:42:19.5195093Z   duration_ms: 2351.764456
2026-09-15T14:42:19.5195506Z   ...
2026-09-15T14:42:19.5196866Z # Subtest: an offline optional featured download leaves base Couch maps playable and solo storage untouched
2026-09-15T14:42:19.5198576Z ok 249 - an offline optional featured download leaves base Couch maps playable and solo storage untouched
2026-09-15T14:42:19.5199490Z   ---
2026-09-15T14:42:19.5199845Z   duration_ms: 188.22007
2026-09-15T14:42:19.5200249Z   ...
2026-09-15T14:42:19.5201344Z # Subtest: all three exact map pictures change together; explicit Tactical legacy choice clears the original binding
2026-09-15T14:42:19.5202990Z ok 250 - all three exact map pictures change together; explicit Tactical legacy choice clears the original binding
2026-09-15T14:42:19.5203974Z   ---
2026-09-15T14:42:19.5204368Z   duration_ms: 1849.402213
2026-09-15T14:42:19.5204809Z   ...
2026-09-15T14:42:19.5205754Z # Subtest: wrong decoded dimensions and complete decode failure release every allocated original
2026-09-15T14:42:19.5207490Z ok 251 - wrong decoded dimensions and complete decode failure release every allocated original
2026-09-15T14:42:19.5208348Z   ---
2026-09-15T14:42:19.5208712Z   duration_ms: 5444.795863
2026-09-15T14:42:19.5209126Z   ...
2026-09-15T14:42:19.5210314Z # Subtest: shipped artwork requires explicit contain fit and an original for each exact known level
2026-09-15T14:42:19.5211821Z ok 252 - shipped artwork requires explicit contain fit and an original for each exact known level
2026-09-15T14:42:19.5212715Z   ---
2026-09-15T14:42:19.5213076Z   duration_ms: 4216.02984
2026-09-15T14:42:19.5213508Z   ...
2026-09-15T14:42:19.5214626Z # Subtest: cancellation during complete decode rejects promptly, disposes earlier images and ignores a late result
2026-09-15T14:42:19.5216627Z ok 253 - cancellation during complete decode rejects promptly, disposes earlier images and ignores a late result
2026-09-15T14:42:19.5217650Z   ---
2026-09-15T14:42:19.5218043Z   duration_ms: 2457.5976
2026-09-15T14:42:19.5218469Z   ...
2026-09-15T14:42:19.5219407Z # Subtest: failed original preparation leaves the real lobby Start disabled with its explicit error
2026-09-15T14:42:19.5220812Z ok 254 - failed original preparation leaves the real lobby Start disabled with its explicit error
2026-09-15T14:42:19.5221695Z   ---
2026-09-15T14:42:19.5222056Z   duration_ms: 2698.091516
2026-09-15T14:42:19.5222467Z   ...
2026-09-15T14:42:19.5223541Z # Subtest: terminal pagehide during installed authority opening cannot publish released pictures or start a race
2026-09-15T14:42:19.5225427Z ok 255 - terminal pagehide during installed authority opening cannot publish released pictures or start a race
2026-09-15T14:42:19.5226735Z   ---
2026-09-15T14:42:19.5227116Z   duration_ms: 2891.227851
2026-09-15T14:42:19.5227515Z   ...
2026-09-15T14:42:19.5228061Z # Subtest: couch markup mounts controls with bare body
2026-09-15T14:42:19.5228800Z ok 256 - couch markup mounts controls with bare body
2026-09-15T14:42:19.5229328Z   ---
2026-09-15T14:42:19.5229669Z   duration_ms: 3.587811
2026-09-15T14:42:19.5230045Z   ...
2026-09-15T14:42:19.5230591Z # Subtest: couch markup mounts controls with body attributes
2026-09-15T14:42:19.5231365Z ok 257 - couch markup mounts controls with body attributes
2026-09-15T14:42:19.5231904Z   ---
2026-09-15T14:42:19.5232229Z   duration_ms: 0.523189
2026-09-15T14:42:19.5232577Z   ...
2026-09-15T14:42:19.5233234Z # Subtest: couch markup mounts controls with quoted delimiters and case
2026-09-15T14:42:19.5234294Z ok 258 - couch markup mounts controls with quoted delimiters and case
2026-09-15T14:42:19.5234977Z   ---
2026-09-15T14:42:19.5235355Z   duration_ms: 0.354724
2026-09-15T14:42:19.5235756Z   ...
2026-09-15T14:42:19.5236837Z # Subtest: couch markup rejects a missing or incomplete body with a controlled error
2026-09-15T14:42:19.5238086Z ok 259 - couch markup rejects a missing or incomplete body with a controlled error
2026-09-15T14:42:19.5238847Z   ---
2026-09-15T14:42:19.5239223Z   duration_ms: 1.580576
2026-09-15T14:42:19.5239626Z   ...
2026-09-15T14:42:19.5240411Z # Subtest: appending parsed text preserves nested boot and game controls
2026-09-15T14:42:19.5241486Z ok 260 - appending parsed text preserves nested boot and game controls
2026-09-15T14:42:19.5242168Z   ---
2026-09-15T14:42:19.5242549Z   duration_ms: 1.115367
2026-09-15T14:42:19.5242965Z   ...
2026-09-15T14:42:19.5243968Z # Subtest: ../couch/index.html has a visible static loading signal and a reachable exit before modules load
2026-09-15T14:42:19.5245937Z ok 261 - ../couch/index.html has a visible static loading signal and a reachable exit before modules load
2026-09-15T14:42:19.5247449Z   ---
2026-09-15T14:42:19.5247827Z   duration_ms: 13.05041
2026-09-15T14:42:19.5248239Z   ...
2026-09-15T14:42:19.5249306Z # Subtest: ../couch/relay-rescue.html has a visible static loading signal and a reachable exit before modules load
2026-09-15T14:42:19.5251027Z ok 262 - ../couch/relay-rescue.html has a visible static loading signal and a reachable exit before modules load
2026-09-15T14:42:19.5253096Z   ---
2026-09-15T14:42:19.5253492Z   duration_ms: 4.669414
2026-09-15T14:42:19.5253921Z   ...
2026-09-15T14:42:19.5255046Z # Subtest: ../replay-theater/index.html has a visible static loading signal and a reachable exit before modules load
2026-09-15T14:42:19.5269985Z ok 263 - ../replay-theater/index.html has a visible static loading signal and a reachable exit before modules load
2026-09-15T14:42:19.5271026Z   ---
2026-09-15T14:42:19.5271422Z   duration_ms: 2.257743
2026-09-15T14:42:19.5271850Z   ...
2026-09-15T14:58:41.8482557Z # Subtest: four Countercurrent owners explicitly download and Choose without replacing an unrelated cut; exact earned and saved data recover
2026-09-15T14:58:41.8588065Z     # Subtest: four Arcade downloads retain the paused base run and earn separate exact first pictures
2026-09-15T14:58:41.8718086Z     ok 1 - four Arcade downloads retain the paused base run and earn separate exact first pictures
2026-09-15T14:58:41.8757097Z       ---
2026-09-15T14:58:41.8847562Z       duration_ms: 957238.807201
2026-09-15T14:58:41.8848366Z       ...
2026-09-15T14:59:59.8897006Z     # Subtest: restart authenticates all owners and exports the exact next-mission unfinished cut
2026-09-15T14:59:59.8898358Z     ok 2 - restart authenticates all owners and exports the exact next-mission unfinished cut
2026-09-15T14:59:59.8899195Z       ---
2026-09-15T14:59:59.8899579Z       duration_ms: 78040.708609
2026-09-15T14:59:59.8900012Z       ...
2026-09-15T15:02:54.3248628Z     # Subtest: fresh profile refuses missing originals without writes, then exact downloads allow explicit backup recovery
2026-09-15T15:02:54.3277536Z     ok 3 - fresh profile refuses missing originals without writes, then exact downloads allow explicit backup recovery
2026-09-15T15:02:54.3300664Z       ---
2026-09-15T15:02:54.3307052Z       duration_ms: 174430.509255
2026-09-15T15:02:54.3317431Z       ...
2026-09-15T15:02:54.3317845Z     1..3
2026-09-15T15:02:54.3319236Z ok 264 - four Countercurrent owners explicitly download and Choose without replacing an unrelated cut; exact earned and saved data recover
2026-09-15T15:02:54.3320468Z   ---
2026-09-15T15:02:54.3320886Z   duration_ms: 1209714.382536
2026-09-15T15:02:54.3321453Z   ...
2026-09-15T15:02:54.3538367Z # Subtest: Dawn example deterministically retains the exact owned movie and fully decoded final PNG for the real base-game identity
2026-09-15T15:02:54.3562869Z ok 265 - Dawn example deterministically retains the exact owned movie and fully decoded final PNG for the real base-game identity
2026-09-15T15:02:54.3564090Z   ---
2026-09-15T15:02:54.3564571Z   duration_ms: 1792.834917
2026-09-15T15:02:54.3565088Z   ...
2026-09-15T15:02:54.3566310Z # Subtest: CLI pair restores to a fresh modeled v4 store only after poster review, then re-exports exact originals and immutable binding
2026-09-15T15:02:54.3568203Z ok 266 - CLI pair restores to a fresh modeled v4 store only after poster review, then re-exports exact originals and immutable binding
2026-09-15T15:02:54.3569206Z   ---
2026-09-15T15:02:54.3569517Z   duration_ms: 5787.669029
2026-09-15T15:02:54.3569895Z   ...
2026-09-15T15:02:54.3570747Z # Subtest: changed PNG/movie originals fail byte verification rather than gaining candidate authority
2026-09-15T15:02:54.3572219Z ok 267 - changed PNG/movie originals fail byte verification rather than gaining candidate authority
2026-09-15T15:02:54.3573097Z   ---
2026-09-15T15:02:54.3573441Z   duration_ms: 271.324429
2026-09-15T15:02:54.3573839Z   ...
2026-09-15T15:02:54.3574777Z # Subtest: candidate output is exclusive and rejects a symlink parent before any outside file creation
2026-09-15T15:02:54.3576242Z ok 268 - candidate output is exclusive and rejects a symlink parent before any outside file creation
2026-09-15T15:02:54.3577382Z   ---
2026-09-15T15:02:54.3577747Z   duration_ms: 5919.069737
2026-09-15T15:02:54.3578116Z   ...
2026-09-15T15:02:54.3578991Z # Subtest: immediate: active and paused live-cut preference changes preserve the actual run, recorder and raw saved slot
2026-09-15T15:02:54.3580399Z ok 269 - immediate: active and paused live-cut preference changes preserve the actual run, recorder and raw saved slot
2026-09-15T15:02:54.3580937Z   ---
2026-09-15T15:02:54.3581136Z   duration_ms: 6267.288599
2026-09-15T15:02:54.3581359Z   ...
2026-09-15T15:02:54.3582319Z # Subtest: immediate: recovery preference changes cannot replace the run or save, and Resume retains its recovery
2026-09-15T15:02:54.3583212Z ok 270 - immediate: recovery preference changes cannot replace the run or save, and Resume retains its recovery
2026-09-15T15:02:54.3583721Z   ---
2026-09-15T15:02:54.3583937Z   duration_ms: 21043.853542
2026-09-15T15:02:54.3584165Z   ...
2026-09-15T15:02:54.3584696Z # Subtest: immediate: saved Gentle loads paused with its exact key while Standard remains the next preference
2026-09-15T15:02:54.3585532Z ok 271 - immediate: saved Gentle loads paused with its exact key while Standard remains the next preference
2026-09-15T15:02:54.3586008Z   ---
2026-09-15T15:02:54.3586205Z   duration_ms: 3516.858643
2026-09-15T15:02:54.3588824Z   ...
2026-09-15T15:02:54.3591783Z # Subtest: grid-center: active and paused live-cut preference changes preserve the actual run, recorder and raw saved slot
2026-09-15T15:02:54.3593585Z ok 272 - grid-center: active and paused live-cut preference changes preserve the actual run, recorder and raw saved slot
2026-09-15T15:02:54.3594597Z   ---
2026-09-15T15:02:54.3594940Z   duration_ms: 6682.680775
2026-09-15T15:02:54.3595341Z   ...
2026-09-15T15:02:54.3596860Z # Subtest: grid-center: recovery preference changes cannot replace the run or save, and Resume retains its recovery
2026-09-15T15:02:54.3598565Z ok 273 - grid-center: recovery preference changes cannot replace the run or save, and Resume retains its recovery
2026-09-15T15:02:54.3599448Z   ---
2026-09-15T15:02:54.3599786Z   duration_ms: 20987.521412
2026-09-15T15:02:54.3600192Z   ...
2026-09-15T15:02:54.3601189Z # Subtest: grid-center: saved Gentle loads paused with its exact key while Standard remains the next preference
2026-09-15T15:02:54.3602781Z ok 274 - grid-center: saved Gentle loads paused with its exact key while Standard remains the next preference
2026-09-15T15:02:54.3603690Z   ---
2026-09-15T15:02:54.3604045Z   duration_ms: 3364.49979
2026-09-15T15:02:54.3604462Z   ...
2026-09-15T15:02:54.3605393Z # Subtest: actual preference handler adopts the three-way merged saved value before preparing Ready
2026-09-15T15:02:54.3607077Z ok 275 - actual preference handler adopts the three-way merged saved value before preparing Ready
2026-09-15T15:02:54.3607927Z   ---
2026-09-15T15:02:54.3608292Z   duration_ms: 1462.826687
2026-09-15T15:02:54.3608694Z   ...
2026-09-15T15:02:54.3609552Z # Subtest: a legally lost Standard attempt retries through the result button into fresh Gentle
2026-09-15T15:02:54.3610883Z ok 276 - a legally lost Standard attempt retries through the result button into fresh Gentle
2026-09-15T15:02:54.3611677Z   ---
2026-09-15T15:02:54.3612037Z   duration_ms: 51921.654003
2026-09-15T15:02:54.3612447Z   ...
2026-09-15T15:02:54.3613381Z # Subtest: replacing a two-chapter pack retains the active Gentle chapter and applies the next mode
2026-09-15T15:02:54.3614813Z ok 277 - replacing a two-chapter pack retains the active Gentle chapter and applies the next mode
2026-09-15T15:02:54.3615638Z   ---
2026-09-15T15:02:54.3616044Z   duration_ms: 5397.006973
2026-09-15T15:02:54.3620678Z   ...
2026-09-15T15:02:54.3624174Z # Subtest: ordinary practice selecting an authored campaign ignores saved Gentle and cannot award or save
2026-09-15T15:02:54.3625717Z ok 278 - ordinary practice selecting an authored campaign ignores saved Gentle and cannot award or save
2026-09-15T15:02:54.3626798Z   ---
2026-09-15T15:02:54.3627156Z   duration_ms: 32825.394782
2026-09-15T15:02:54.3627565Z   ...
2026-09-15T15:02:54.3628539Z # Subtest: an actual earned original remains viewable with exact Gentle context after its pack is removed
2026-09-15T15:02:54.3630031Z ok 279 - an actual earned original remains viewable with exact Gentle context after its pack is removed
2026-09-15T15:02:54.3630889Z   ---
2026-09-15T15:02:54.3631242Z   duration_ms: 327.288924
2026-09-15T15:02:54.3631646Z   ...
2026-09-15T15:02:54.3632527Z # Subtest: later assignment and better-score seed do not replace the first earned presentation
2026-09-15T15:02:54.3634187Z ok 280 - later assignment and better-score seed do not replace the first earned presentation
2026-09-15T15:02:54.3634976Z   ---
2026-09-15T15:02:54.3635312Z   duration_ms: 435.222446
2026-09-15T15:02:54.3635711Z   ...
2026-09-15T15:02:54.3636860Z # Subtest: foreign map/world/owner receipts reject instead of selecting current artwork
2026-09-15T15:02:54.3638150Z ok 281 - foreign map/world/owner receipts reject instead of selecting current artwork
2026-09-15T15:02:54.3638925Z   ---
2026-09-15T15:02:54.3639277Z   duration_ms: 197.479249
2026-09-15T15:02:54.3639678Z   ...
2026-09-15T15:02:54.3640578Z # Subtest: legacy rows use installed authored art and remain unavailable without their exact pack
2026-09-15T15:02:54.3641982Z ok 282 - legacy rows use installed authored art and remain unavailable without their exact pack
2026-09-15T15:02:54.3642773Z   ---
2026-09-15T15:02:54.3643108Z   duration_ms: 147.070055
2026-09-15T15:02:54.3643505Z   ...
2026-09-15T15:02:54.3644413Z # Subtest: v2 descriptor owns data and rejects malformed keys, references and other field anchors
2026-09-15T15:02:54.3645806Z ok 283 - v2 descriptor owns data and rejects malformed keys, references and other field anchors
2026-09-15T15:02:54.3646871Z   ---
2026-09-15T15:02:54.3647236Z   duration_ms: 16.420855
2026-09-15T15:02:54.3647865Z   ...
2026-09-15T15:02:54.3648786Z # Subtest: new branch rejects accessors, hidden fields and prototype payloads without invocation
2026-09-15T15:02:54.3650129Z ok 284 - new branch rejects accessors, hidden fields and prototype payloads without invocation
2026-09-15T15:02:54.3650964Z   ---
2026-09-15T15:02:54.3651326Z   duration_ms: 1.352078
2026-09-15T15:02:54.3651709Z   ...
2026-09-15T15:02:54.3652447Z # Subtest: minimum must fit claimable cells; finite timings accept endpoints
2026-09-15T15:02:54.3653535Z ok 285 - minimum must fit claimable cells; finite timings accept endpoints
2026-09-15T15:02:54.3654223Z   ---
2026-09-15T15:02:54.3654565Z   duration_ms: 1.796079
2026-09-15T15:02:54.3654959Z   ...
2026-09-15T15:02:54.3655836Z # Subtest: immediate: legal unboosted no-ability two-stage route orders capture, defeat and result
2026-09-15T15:02:54.3657602Z ok 286 - immediate: legal unboosted no-ability two-stage route orders capture, defeat and result
2026-09-15T15:02:54.3658454Z   ---
2026-09-15T15:02:54.3658830Z   duration_ms: 111.015667
2026-09-15T15:02:54.3659249Z   ...
2026-09-15T15:02:54.3660159Z # Subtest: immediate: two missed openings repeat, pause consumes no phases and third opening wins
2026-09-15T15:02:54.3661537Z ok 287 - immediate: two missed openings repeat, pause consumes no phases and third opening wins
2026-09-15T15:02:54.3662353Z   ---
2026-09-15T15:02:54.3662694Z   duration_ms: 176.931557
2026-09-15T15:02:54.3663086Z   ...
2026-09-15T15:02:54.3663897Z # Subtest: immediate: scheduling at 10/30/60/120 FPS retains full authority and phase events
2026-09-15T15:02:54.3665121Z ok 288 - immediate: scheduling at 10/30/60/120 FPS retains full authority and phase events
2026-09-15T15:02:54.3665946Z   ---
2026-09-15T15:02:54.3666559Z   duration_ms: 252.421289
2026-09-15T15:02:54.3667030Z   ...
2026-09-15T15:02:54.3667991Z # Subtest: grid-center: legal unboosted no-ability two-stage route orders capture, defeat and result
2026-09-15T15:02:54.3669436Z ok 289 - grid-center: legal unboosted no-ability two-stage route orders capture, defeat and result
2026-09-15T15:02:54.3670294Z   ---
2026-09-15T15:02:54.3670641Z   duration_ms: 47.922658
2026-09-15T15:02:54.3671028Z   ...
2026-09-15T15:02:54.3671951Z # Subtest: grid-center: two missed openings repeat, pause consumes no phases and third opening wins
2026-09-15T15:02:54.3673362Z ok 290 - grid-center: two missed openings repeat, pause consumes no phases and third opening wins
2026-09-15T15:02:54.3674267Z   ---
2026-09-15T15:02:54.3674600Z   duration_ms: 99.88277
2026-09-15T15:02:54.3674963Z   ...
2026-09-15T15:02:54.3675806Z # Subtest: grid-center: scheduling at 10/30/60/120 FPS retains full authority and phase events
2026-09-15T15:02:54.3677759Z ok 291 - grid-center: scheduling at 10/30/60/120 FPS retains full authority and phase events
2026-09-15T15:02:54.3678550Z   ---
2026-09-15T15:02:54.3678905Z   duration_ms: 112.207456
2026-09-15T15:02:54.3679300Z   ...
2026-09-15T15:02:54.3680216Z # Subtest: phase endpoints are half-open; warning locks one lane, relay cancels old lane mid-tick
2026-09-15T15:02:54.3681655Z ok 292 - phase endpoints are half-open; warning locks one lane, relay cancels old lane mid-tick
2026-09-15T15:02:54.3682429Z   ---
2026-09-15T15:02:54.3682784Z   duration_ms: 61.921419
2026-09-15T15:02:54.3683179Z   ...
2026-09-15T15:02:54.3684139Z # Subtest: only distinct new FIELD cells in this cut count; short cuts keep normal capture without banking
2026-09-15T15:02:54.3685610Z ok 293 - only distinct new FIELD cells in this cut count; short cuts keep normal capture without banking
2026-09-15T15:02:54.3686709Z   ---
2026-09-15T15:02:54.3687080Z   duration_ms: 90.756663
2026-09-15T15:02:54.3687500Z   ...
2026-09-15T15:02:54.3688330Z # Subtest: a stage-one capture that secures the relay cannot reuse its long cut for defeat
2026-09-15T15:02:54.3689537Z ok 294 - a stage-one capture that secures the relay cannot reuse its long cut for defeat
2026-09-15T15:02:54.3690312Z   ---
2026-09-15T15:02:54.3690665Z   duration_ms: 2.853236
2026-09-15T15:02:54.3691304Z   ...
2026-09-15T15:02:54.3692236Z # Subtest: immediate: closing transaction at tick 1587 uses that tick's phase and contact priority
2026-09-15T15:02:54.3693685Z ok 295 - immediate: closing transaction at tick 1587 uses that tick's phase and contact priority
2026-09-15T15:02:54.3694499Z   ---
2026-09-15T15:02:54.3694839Z   duration_ms: 51.697157
2026-09-15T15:02:54.3695233Z   ...
2026-09-15T15:02:54.3696095Z # Subtest: immediate: closing transaction at tick 1588 uses that tick's phase and contact priority
2026-09-15T15:02:54.3697758Z ok 296 - immediate: closing transaction at tick 1588 uses that tick's phase and contact priority
2026-09-15T15:02:54.3698604Z   ---
2026-09-15T15:02:54.3698973Z   duration_ms: 84.024918
2026-09-15T15:02:54.3699368Z   ...
2026-09-15T15:02:54.3700271Z # Subtest: immediate: closing transaction at tick 2067 uses that tick's phase and contact priority
2026-09-15T15:02:54.3701659Z ok 297 - immediate: closing transaction at tick 2067 uses that tick's phase and contact priority
2026-09-15T15:02:54.3702464Z   ---
2026-09-15T15:02:54.3702798Z   duration_ms: 106.451097
2026-09-15T15:02:54.3703182Z   ...
2026-09-15T15:02:54.3704051Z # Subtest: immediate: closing transaction at tick 2068 uses that tick's phase and contact priority
2026-09-15T15:02:54.3705456Z ok 298 - immediate: closing transaction at tick 2068 uses that tick's phase and contact priority
2026-09-15T15:02:54.3706298Z   ---
2026-09-15T15:02:54.3706920Z   duration_ms: 29.031336
2026-09-15T15:02:54.3707316Z   ...
2026-09-15T15:02:54.3708287Z # Subtest: grid-center: closing transaction at tick 1587 uses that tick's phase and contact priority
2026-09-15T15:02:54.3709692Z ok 299 - grid-center: closing transaction at tick 1587 uses that tick's phase and contact priority
2026-09-15T15:02:54.3710507Z   ---
2026-09-15T15:02:54.3710840Z   duration_ms: 17.255422
2026-09-15T15:02:54.3711234Z   ...
2026-09-15T15:02:54.3712149Z # Subtest: grid-center: closing transaction at tick 1588 uses that tick's phase and contact priority
2026-09-15T15:02:54.3713610Z ok 300 - grid-center: closing transaction at tick 1588 uses that tick's phase and contact priority
2026-09-15T15:02:54.3714440Z   ---
2026-09-15T15:02:54.3714786Z   duration_ms: 27.863672
2026-09-15T15:02:54.3715317Z   ...
2026-09-15T15:02:54.3716564Z # Subtest: grid-center: closing transaction at tick 2067 uses that tick's phase and contact priority
2026-09-15T15:02:54.3717996Z ok 301 - grid-center: closing transaction at tick 2067 uses that tick's phase and contact priority
2026-09-15T15:02:54.3718803Z   ---
2026-09-15T15:02:54.3719149Z   duration_ms: 51.626224
2026-09-15T15:02:54.3719543Z   ...
2026-09-15T15:02:54.3720461Z # Subtest: grid-center: closing transaction at tick 2068 uses that tick's phase and contact priority
2026-09-15T15:02:54.3722174Z ok 302 - grid-center: closing transaction at tick 2068 uses that tick's phase and contact priority
2026-09-15T15:02:54.3723005Z   ---
2026-09-15T15:02:54.3723354Z   duration_ms: 39.150402
2026-09-15T15:02:54.3723751Z   ...
2026-09-15T15:02:54.3724695Z # Subtest: stun suppresses only stripe; expiry restores it without delaying phases or body/trail contact
2026-09-15T15:02:54.3726161Z ok 303 - stun suppresses only stripe; expiry restores it without delaying phases or body/trail contact
2026-09-15T15:02:54.3727314Z   ---
2026-09-15T15:02:54.3727675Z   duration_ms: 22.94889
2026-09-15T15:02:54.3728061Z   ...
2026-09-15T15:02:54.3729024Z # Subtest: core raster grazing returns contact even at the exact closing horizon, including while stunned
2026-09-15T15:02:54.3730495Z ok 304 - core raster grazing returns contact even at the exact closing horizon, including while stunned
2026-09-15T15:02:54.3731342Z   ---
2026-09-15T15:02:54.3731702Z   duration_ms: 46.872769
2026-09-15T15:02:54.3732071Z   ...
2026-09-15T15:02:54.3733030Z # Subtest: slow fields do not change encounter scheduling; supported abilities preserve the same phase clock
2026-09-15T15:02:54.3734807Z ok 305 - slow fields do not change encounter scheduling; supported abilities preserve the same phase clock
2026-09-15T15:02:54.3735723Z   ---
2026-09-15T15:02:54.3736055Z   duration_ms: 145.09904
2026-09-15T15:02:54.3736695Z   ...
2026-09-15T15:02:54.3737595Z # Subtest: failure and shield absorption discard cut credit while preserving relay, stage and clock
2026-09-15T15:02:54.3738956Z ok 306 - failure and shield absorption discard cut credit while preserving relay, stage and clock
2026-09-15T15:02:54.3739757Z   ---
2026-09-15T15:02:54.3740092Z   duration_ms: 86.401142
2026-09-15T15:02:54.3740458Z   ...
2026-09-15T15:02:54.3741190Z # Subtest: impact abandons a qualifying open cut and redeploys without release
2026-09-15T15:02:54.3742292Z ok 307 - impact abandons a qualifying open cut and redeploys without release
2026-09-15T15:02:54.3742968Z   ---
2026-09-15T15:02:54.3743291Z   duration_ms: 38.735843
2026-09-15T15:02:54.3743671Z   ...
2026-09-15T15:02:54.3744365Z # Subtest: isolation fills the sole remaining core with no synthetic cut event
2026-09-15T15:02:54.3745489Z ok 308 - isolation fills the sole remaining core with no synthetic cut event
2026-09-15T15:02:54.3746188Z   ---
2026-09-15T15:02:54.3746798Z   duration_ms: 32.182049
2026-09-15T15:02:54.3747209Z   ...
2026-09-15T15:02:54.3747978Z # Subtest: isolation requires open, safe, no cut and a genuinely running world tick
2026-09-15T15:02:54.3749101Z ok 309 - isolation requires open, safe, no cut and a genuinely running world tick
2026-09-15T15:02:54.3749801Z   ---
2026-09-15T15:02:54.3750136Z   duration_ms: 340.534008
2026-09-15T15:02:54.3750527Z   ...
2026-09-15T15:02:54.3751359Z # Subtest: a border patrol remains a nonseed but contact defeats the isolation win on the same tick
2026-09-15T15:02:54.3752689Z ok 310 - a border patrol remains a nonseed but contact defeats the isolation win on the same tick
2026-09-15T15:02:54.3753456Z   ---
2026-09-15T15:02:54.3753771Z   duration_ms: 32.97594
2026-09-15T15:02:54.3754116Z   ...
2026-09-15T15:02:54.3754797Z # Subtest: terminal loss/timeout and same-tick impact cannot trigger isolated release
2026-09-15T15:02:54.3755858Z ok 311 - terminal loss/timeout and same-tick impact cannot trigger isolated release
2026-09-15T15:02:54.3756782Z   ---
2026-09-15T15:02:54.3757126Z   duration_ms: 149.732972
2026-09-15T15:02:54.3757365Z   ...
2026-09-15T15:02:54.3757891Z # Subtest: immediate: legal successive short captures isolate the core and complete without a release cut
2026-09-15T15:02:54.3758704Z ok 312 - immediate: legal successive short captures isolate the core and complete without a release cut
2026-09-15T15:02:54.3759176Z   ---
2026-09-15T15:02:54.3759367Z   duration_ms: 125.989913
2026-09-15T15:02:54.3759583Z   ...
2026-09-15T15:02:54.3760148Z # Subtest: immediate: a real relay capture leaving one FIELD cell still waits through the complete first stage2 attack
2026-09-15T15:02:54.3761219Z ok 313 - immediate: a real relay capture leaving one FIELD cell still waits through the complete first stage2 attack
2026-09-15T15:02:54.3761709Z   ---
2026-09-15T15:02:54.3761902Z   duration_ms: 7.632545
2026-09-15T15:02:54.3762118Z   ...
2026-09-15T15:02:54.3762644Z # Subtest: grid-center: legal successive short captures isolate the core and complete without a release cut
2026-09-15T15:02:54.3763455Z ok 314 - grid-center: legal successive short captures isolate the core and complete without a release cut
2026-09-15T15:02:54.3763916Z   ---
2026-09-15T15:02:54.3764103Z   duration_ms: 80.395079
2026-09-15T15:02:54.3764318Z   ...
2026-09-15T15:02:54.3764885Z # Subtest: grid-center: a real relay capture leaving one FIELD cell still waits through the complete first stage2 attack
2026-09-15T15:02:54.3765774Z ok 315 - grid-center: a real relay capture leaving one FIELD cell still waits through the complete first stage2 attack
2026-09-15T15:02:54.3766278Z   ---
2026-09-15T15:02:54.3766832Z   duration_ms: 7.640921
2026-09-15T15:02:54.3767205Z   ...
2026-09-15T15:02:54.3768058Z # Subtest: centered sentinel keeps the minimum-one fallback reachable and never silently snaps authored coordinates
2026-09-15T15:02:54.3769090Z ok 316 - centered sentinel keeps the minimum-one fallback reachable and never silently snaps authored coordinates
2026-09-15T15:02:54.3769606Z   ---
2026-09-15T15:02:54.3769800Z   duration_ms: 2.285695
2026-09-15T15:02:54.3770011Z   ...
2026-09-15T15:02:54.3770553Z # Subtest: immediate: branched 13-cell remnant with longest path7 is reducible by short cuts to isolated release
2026-09-15T15:02:54.3771381Z ok 317 - immediate: branched 13-cell remnant with longest path7 is reducible by short cuts to isolated release
2026-09-15T15:02:54.3771851Z   ---
2026-09-15T15:02:54.3772036Z   duration_ms: 27.450299
2026-09-15T15:02:54.3772246Z   ...
2026-09-15T15:02:54.3772779Z # Subtest: grid-center: branched 13-cell remnant with longest path7 is reducible by short cuts to isolated release
2026-09-15T15:02:54.3773617Z ok 318 - grid-center: branched 13-cell remnant with longest path7 is reducible by short cuts to isolated release
2026-09-15T15:02:54.3774093Z   ---
2026-09-15T15:02:54.3774280Z   duration_ms: 33.887067
2026-09-15T15:02:54.3774487Z   ...
2026-09-15T15:02:54.3774978Z # Subtest: staged relay cannot use the legacy border-objective boundary as an automatic shield capture
2026-09-15T15:02:54.3775743Z ok 319 - staged relay cannot use the legacy border-objective boundary as an automatic shield capture
2026-09-15T15:02:54.3776183Z   ---
2026-09-15T15:02:54.3776514Z   duration_ms: 0.943415
2026-09-15T15:02:54.3776775Z   ...
2026-09-15T15:02:54.3777683Z # Subtest: seven exact image objects paint before retained heading badges and physical contact rings
2026-09-15T15:02:54.3781644Z ok 320 - seven exact image objects paint before retained heading badges and physical contact rings
2026-09-15T15:02:54.3782331Z   ---
2026-09-15T15:02:54.3782613Z   duration_ms: 4.81718
2026-09-15T15:02:54.3782913Z   ...
2026-09-15T15:02:54.3783622Z # Subtest: surface marks remain contained at16/24/32 and use held frame clocks under pause/freeze
2026-09-15T15:02:54.3784775Z ok 321 - surface marks remain contained at16/24/32 and use held frame clocks under pause/freeze
2026-09-15T15:02:54.3785441Z   ---
2026-09-15T15:02:54.3785729Z   duration_ms: 1.65239
2026-09-15T15:02:54.3786054Z   ...
2026-09-15T15:02:54.3787156Z # Subtest: travel and idle treatments use separate clocks; baked rotors and relay have no false parts
2026-09-15T15:02:54.3788525Z ok 322 - travel and idle treatments use separate clocks; baked rotors and relay have no false parts
2026-09-15T15:02:54.3789323Z   ---
2026-09-15T15:02:54.3789646Z   duration_ms: 0.369911
2026-09-15T15:02:54.3790009Z   ...
2026-09-15T15:02:54.3790902Z # Subtest: guide has concise theme-aware copy and native controls reachable through shared navigation
2026-09-15T15:02:54.3792248Z ok 323 - guide has concise theme-aware copy and native controls reachable through shared navigation
2026-09-15T15:02:54.3793243Z   ---
2026-09-15T15:02:54.3793561Z   duration_ms: 92.864841
2026-09-15T15:02:54.3793933Z   ...
2026-09-15T15:02:54.3794749Z # Subtest: original role previews move but Pause and reduced effects hold their cosmetic frames
2026-09-15T15:02:54.3795987Z ok 324 - original role previews move but Pause and reduced effects hold their cosmetic frames
2026-09-15T15:02:54.3796883Z   ---
2026-09-15T15:02:54.3797201Z   duration_ms: 4.415849
2026-09-15T15:02:54.3797519Z   ...
2026-09-15T15:02:54.3798280Z # Subtest: the guide paints only the selected registered image and motion, with separate boss bodies
2026-09-15T15:02:54.3799457Z ok 325 - the guide paints only the selected registered image and motion, with separate boss bodies
2026-09-15T15:02:54.3800152Z   ---
2026-09-15T15:02:54.3800444Z   duration_ms: 15.309082
2026-09-15T15:02:54.3800775Z   ...
2026-09-15T15:02:54.3801568Z # Subtest: the FPV guide uses the release sprite geometry and retains other-theme and legacy fallbacks
2026-09-15T15:02:54.3804334Z ok 326 - the FPV guide uses the release sprite geometry and retains other-theme and legacy fallbacks
2026-09-15T15:02:54.3827277Z   ---
2026-09-15T15:02:54.3827656Z   duration_ms: 21.821913
2026-09-15T15:02:54.3828054Z   ...
2026-09-15T15:02:54.3829224Z # Subtest: artwork completion repaints the same manual-clock frame and preserves reduced effects
2026-09-15T15:02:54.3830645Z ok 327 - artwork completion repaints the same manual-clock frame and preserves reduced effects
2026-09-15T15:02:54.3831487Z   ---
2026-09-15T15:02:54.3831845Z   duration_ms: 3.669513
2026-09-15T15:02:54.3832219Z   ...
2026-09-15T15:02:54.3833114Z # Subtest: retired guide catalogs cannot request images after a topic change, hidden page or disposal
2026-09-15T15:02:54.3834624Z ok 328 - retired guide catalogs cannot request images after a topic change, hidden page or disposal
2026-09-15T15:02:54.3835503Z   ---
2026-09-15T15:02:54.3835865Z   duration_ms: 2.094307
2026-09-15T15:02:54.3836266Z   ...
2026-09-15T15:02:54.3837270Z # Subtest: returning to a visible or reopened guide reacquires only its selected body
2026-09-15T15:02:54.3838446Z ok 329 - returning to a visible or reopened guide reacquires only its selected body
2026-09-15T15:02:54.3839205Z   ---
2026-09-15T15:02:54.3839581Z   duration_ms: 3.75348
2026-09-15T15:02:54.3839981Z   ...
2026-09-15T15:02:54.3840959Z # Subtest: hidden, closed, page-hidden and disposed previews release pending decodes without late painting
2026-09-15T15:02:54.3842520Z ok 330 - hidden, closed, page-hidden and disposed previews release pending decodes without late painting
2026-09-15T15:02:54.3843408Z   ---
2026-09-15T15:02:54.3843750Z   duration_ms: 11.050397
2026-09-15T15:02:54.3844158Z   ...
2026-09-15T15:02:54.3845145Z # Subtest: practice releases artwork immediately and its return errors survive independent artwork failures
2026-09-15T15:02:54.3867400Z ok 331 - practice releases artwork immediately and its return errors survive independent artwork failures
2026-09-15T15:02:54.3868420Z   ---
2026-09-15T15:02:54.3868779Z   duration_ms: 17.353235
2026-09-15T15:02:54.3869155Z   ...
2026-09-15T15:02:54.3869981Z # Subtest: practice uses a version-relative same-origin URL and restores only its own temporary handoff
2026-09-15T15:02:54.3871409Z ok 332 - practice uses a version-relative same-origin URL and restores only its own temporary handoff
2026-09-15T15:02:54.3872147Z   ---
2026-09-15T15:02:54.3872487Z   duration_ms: 5.945249
2026-09-15T15:02:54.3872818Z   ...
2026-09-15T15:02:54.3873631Z # Subtest: Cancel or disposal during preparation cannot launch late or replace preview/save data
2026-09-15T15:02:54.3874950Z ok 333 - Cancel or disposal during preparation cannot launch late or replace preview/save data
2026-09-15T15:02:54.3875712Z   ---
2026-09-15T15:02:54.3876064Z   duration_ms: 4.649777
2026-09-15T15:02:54.3876614Z   ...
2026-09-15T15:02:54.3877471Z # Subtest: storage failure is visible and returns the suspended parent without launching a child
2026-09-15T15:02:54.3879343Z ok 334 - storage failure is visible and returns the suspended parent without launching a child
2026-09-15T15:02:54.3880134Z   ---
2026-09-15T15:02:54.3880500Z   duration_ms: 3.85507
2026-09-15T15:02:54.3880900Z   ...
2026-09-15T15:02:54.3881765Z # Subtest: a denied preview restoration stays visible after practice returns to the guide
2026-09-15T15:02:54.3883082Z ok 335 - a denied preview restoration stays visible after practice returns to the guide
2026-09-15T15:02:54.3883850Z   ---
2026-09-15T15:02:54.3884224Z   duration_ms: 4.754382
2026-09-15T15:02:54.3884631Z   ...
2026-09-15T15:02:54.3885391Z # Subtest: a cancelled asynchronous pause callback cannot close a newer lesson
2026-09-15T15:02:54.3887179Z ok 336 - a cancelled asynchronous pause callback cannot close a newer lesson
2026-09-15T15:02:54.3887980Z   ---
2026-09-15T15:02:54.3888381Z   duration_ms: 8.806821
2026-09-15T15:02:54.3888774Z   ...
2026-09-15T15:02:54.3889626Z # Subtest: bridge accepts only finite return destinations and never a foreign game URL
2026-09-15T15:02:54.3890916Z ok 337 - bridge accepts only finite return destinations and never a foreign game URL
2026-09-15T15:02:54.3891673Z   ---
2026-09-15T15:02:54.3892076Z   duration_ms: 1.986626
2026-09-15T15:02:54.3892474Z   ...
2026-09-15T15:02:54.3893850Z # Subtest: actual child practice can lose, Retry the same impact lesson and return to the unchanged guide without rewards
2026-09-15T15:02:54.3895664Z ok 338 - actual child practice can lose, Retry the same impact lesson and return to the unchanged guide without rewards
2026-09-15T15:02:54.3897024Z   ---
2026-09-15T15:02:54.3897426Z   duration_ms: 17625.278207
2026-09-15T15:02:54.3897861Z   ...
2026-09-15T15:02:54.3898931Z # Subtest: enlarged guide artwork keeps a 56px body within its canvas without enlarging contact or sampled poses
2026-09-15T15:02:54.3900573Z ok 339 - enlarged guide artwork keeps a 56px body within its canvas without enlarging contact or sampled poses
2026-09-15T15:02:54.3901508Z   ---
2026-09-15T15:02:54.3901876Z   duration_ms: 27.713717
2026-09-15T15:02:54.3902266Z   ...
2026-09-15T15:02:54.3903331Z # Subtest: enlargement preserves failed-art and theme vector fallbacks, while the impact diagram stays separate
2026-09-15T15:02:54.3904978Z ok 340 - enlargement preserves failed-art and theme vector fallbacks, while the impact diagram stays separate
2026-09-15T15:02:54.3905925Z   ---
2026-09-15T15:02:54.3906300Z   duration_ms: 2.746076
2026-09-15T15:02:54.3906889Z   ...
2026-09-15T15:02:54.3907804Z # Subtest: the guide uses the selected compiled enemy geometry without acquiring original images
2026-09-15T15:02:54.3909217Z ok 341 - the guide uses the selected compiled enemy geometry without acquiring original images
2026-09-15T15:02:54.3910048Z   ---
2026-09-15T15:02:54.3910448Z   duration_ms: 3.033544
2026-09-15T15:02:54.3910833Z   ...
2026-09-15T15:02:54.3912119Z # Subtest: current presentation readiness releases the old guide image and repaints its held pose without disturbing practice or hidden state
2026-09-15T15:02:54.3914241Z ok 342 - current presentation readiness releases the old guide image and repaints its held pose without disturbing practice or hidden state
2026-09-15T15:02:54.3915374Z   ---
2026-09-15T15:02:54.3915730Z   duration_ms: 6.157855
2026-09-15T15:02:54.3916131Z   ...
2026-09-15T15:02:54.3917493Z # Subtest: compiled Guide motion uses the runtime snapshot scale while impact and other themes retain their lesson timing
2026-09-15T15:02:54.3919252Z ok 343 - compiled Guide motion uses the runtime snapshot scale while impact and other themes retain their lesson timing
2026-09-15T15:02:54.3920259Z   ---
2026-09-15T15:02:54.3920606Z   duration_ms: 2.720338
2026-09-15T15:02:54.3921013Z   ...
2026-09-15T15:02:54.3921919Z # Subtest: return authority rejects outsiders, stale launches, malformed messages and repeats
2026-09-15T15:02:54.3923316Z ok 344 - return authority rejects outsiders, stale launches, malformed messages and repeats
2026-09-15T15:02:54.3924133Z   ---
2026-09-15T15:02:54.3924790Z   duration_ms: 4.873917
2026-09-15T15:02:54.3925239Z   ...
2026-09-15T15:02:54.3926286Z # Subtest: actual practice controller pause and Return reopens the unsaved parent draft with no flight progress
2026-09-15T15:02:54.3929595Z ok 345 - actual practice controller pause and Return reopens the unsaved parent draft with no flight progress
2026-09-15T15:02:54.3930930Z   ---
2026-09-15T15:02:54.3931564Z   duration_ms: 4309.472506
2026-09-15T15:02:54.3931993Z   ...
2026-09-15T15:02:54.3933302Z # Subtest: ordinary and unrelated embedded game pages never receive a workshop return action
2026-09-15T15:02:54.3935191Z ok 346 - ordinary and unrelated embedded game pages never receive a workshop return action
2026-09-15T15:02:54.3936289Z   ---
2026-09-15T15:02:54.3937014Z   duration_ms: 991.766425
2026-09-15T15:02:54.3937689Z   ...
2026-09-15T15:02:54.3939258Z # Subtest: paused external flight exports exact v2 descriptor/session; import and Undo adopt each complete native asset pair
2026-09-15T15:02:54.3940574Z     # Subtest: actual source install and current paused JSON export
2026-09-15T15:02:54.3941378Z     ok 1 - actual source install and current paused JSON export
2026-09-15T15:02:54.3941962Z       ---
2026-09-15T15:02:54.3942338Z       duration_ms: 50138.773813
2026-09-15T15:02:54.3942721Z       ...
2026-09-15T15:02:54.3944012Z     # Subtest: new target profile with retained originals restores and explicitly Undoes the index
2026-09-15T15:02:54.3945193Z     ok 2 - new target profile with retained originals restores and explicitly Undoes the index
2026-09-15T15:02:54.3945898Z       ---
2026-09-15T15:02:54.3946513Z       duration_ms: 16391.037705
2026-09-15T15:02:54.3946980Z       ...
2026-09-15T15:02:54.3947671Z     # Subtest: missing original metadata refuses before any target profile or asset write
2026-09-15T15:02:54.3948665Z     ok 3 - missing original metadata refuses before any target profile or asset write
2026-09-15T15:02:54.3949347Z       ---
2026-09-15T15:02:54.3949711Z       duration_ms: 1861.171461
2026-09-15T15:02:54.3950099Z       ...
2026-09-15T15:02:54.3950905Z     # Subtest: native asset transaction refusal keeps the old target and does not report a restore
2026-09-15T15:02:54.3952148Z     ok 4 - native asset transaction refusal keeps the old target and does not report a restore
2026-09-15T15:02:54.3952970Z       ---
2026-09-15T15:02:54.3953358Z       duration_ms: 4932.659637
2026-09-15T15:02:54.3953778Z       ...
2026-09-15T15:02:54.3954656Z     # Subtest: an original lost after durable commit reports committed-but-not-ready without inventing a rollback
2026-09-15T15:02:54.3956059Z     ok 5 - an original lost after durable commit reports committed-but-not-ready without inventing a rollback
2026-09-15T15:02:54.3957149Z       ---
2026-09-15T15:02:54.3957560Z       duration_ms: 10161.40344
2026-09-15T15:02:54.3957970Z       ...
2026-09-15T15:02:54.3958287Z     1..5
2026-09-15T15:02:54.3959379Z ok 347 - paused external flight exports exact v2 descriptor/session; import and Undo adopt each complete native asset pair
2026-09-15T15:02:54.3960331Z   ---
2026-09-15T15:02:54.3960651Z   duration_ms: 83489.144845
2026-09-15T15:02:54.3961007Z   ...
2026-09-15T15:02:54.3961960Z # Subtest: closing during descriptor hashing cancels export and a changed flight cannot publish its stale result
2026-09-15T15:02:54.3963905Z ok 348 - closing during descriptor hashing cancels export and a changed flight cannot publish its stale result
2026-09-15T15:02:54.3964862Z   ---
2026-09-15T15:02:54.3965226Z   duration_ms: 38176.826163
2026-09-15T15:02:54.3965660Z   ...
2026-09-15T15:02:54.3966689Z # Subtest: actual startup recovers own-v2 backup publication before catalog adoption
2026-09-15T15:02:54.3967936Z ok 349 - actual startup recovers own-v2 backup publication before catalog adoption
2026-09-15T15:02:54.3968696Z   ---
2026-09-15T15:02:54.3969049Z   duration_ms: 1173.800346
2026-09-15T15:02:54.3969430Z   ...
2026-09-15T15:02:54.3970342Z # Subtest: actual startup preserves and refuses mixed backup publication before catalog adoption
2026-09-15T15:02:54.3972028Z ok 350 - actual startup preserves and refuses mixed backup publication before catalog adoption
2026-09-15T15:02:54.3972851Z   ---
2026-09-15T15:02:54.3973202Z   duration_ms: 1108.406449
2026-09-15T15:02:54.3973617Z   ...
2026-09-15T15:02:54.3974625Z # Subtest: actual startup preserves and refuses legacy-v1-indexed backup publication before catalog adoption
2026-09-15T15:02:54.3976189Z ok 351 - actual startup preserves and refuses legacy-v1-indexed backup publication before catalog adoption
2026-09-15T15:02:54.3977284Z   ---
2026-09-15T15:02:54.3977628Z   duration_ms: 818.60674
2026-09-15T15:02:54.3977990Z   ...
2026-09-15T15:02:54.3979034Z # Subtest: catalog requires all sixteen exact code-owned descriptors; foreign metadata and accessor authority refuse
2026-09-15T15:02:54.3980714Z ok 352 - catalog requires all sixteen exact code-owned descriptors; foreign metadata and accessor authority refuse
2026-09-15T15:02:54.3981616Z   ---
2026-09-15T15:02:54.3981950Z   duration_ms: 14.317819
2026-09-15T15:02:54.3982343Z   ...
2026-09-15T15:02:54.3983386Z # Subtest: selected pair uses exact edition paths and actual descriptor/original validation: https://example.test/
2026-09-15T15:02:54.3985250Z ok 353 - selected pair uses exact edition paths and actual descriptor/original validation: https://example.test/
2026-09-15T15:02:54.3986178Z   ---
2026-09-15T15:02:54.3987255Z   duration_ms: 2800.170292
2026-09-15T15:02:54.3987657Z   ...
2026-09-15T15:02:54.3988772Z # Subtest: selected pair uses exact edition paths and actual descriptor/original validation: https://example.test/revealline/
2026-09-15T15:02:54.3990513Z ok 354 - selected pair uses exact edition paths and actual descriptor/original validation: https://example.test/revealline/
2026-09-15T15:02:54.3991151Z   ---
2026-09-15T15:02:54.3991367Z   duration_ms: 3464.242058
2026-09-15T15:02:54.3991593Z   ...
2026-09-15T15:02:54.3992269Z # Subtest: selected pair uses exact edition paths and actual descriptor/original validation: https://example.test/releases/v0.36.0/site/
2026-09-15T15:02:54.3993336Z ok 355 - selected pair uses exact edition paths and actual descriptor/original validation: https://example.test/releases/v0.36.0/site/
2026-09-15T15:02:54.3993905Z   ---
2026-09-15T15:02:54.3994098Z   duration_ms: 3060.501035
2026-09-15T15:02:54.3994322Z   ...
2026-09-15T15:02:54.3994867Z # Subtest: wrong hash, truncated second file, redirect and oversized stream never return an install preparation
2026-09-15T15:02:54.3995702Z ok 356 - wrong hash, truncated second file, redirect and oversized stream never return an install preparation
2026-09-15T15:02:54.3996182Z   ---
2026-09-15T15:02:54.3996660Z   duration_ms: 15.116572
2026-09-15T15:02:54.3997062Z   ...
2026-09-15T15:02:54.3997944Z # Subtest: abort interrupts a blocked stream and prevents requesting the second body; invalid bases never fetch
2026-09-15T15:02:54.3998781Z ok 357 - abort interrupts a blocked stream and prevents requesting the second body; invalid bases never fetch
2026-09-15T15:02:54.3999261Z   ---
2026-09-15T15:02:54.3999454Z   duration_ms: 2.557393
2026-09-15T15:02:54.3999675Z   ...
2026-09-15T15:02:54.4000077Z # Subtest: small catalog reads remain bounded and abort before any body request
2026-09-15T15:02:54.4000656Z ok 358 - small catalog reads remain bounded and abort before any body request
2026-09-15T15:02:54.4001075Z   ---
2026-09-15T15:02:54.4001261Z   duration_ms: 2.345868
2026-09-15T15:02:54.4001466Z   ...
2026-09-15T15:02:54.4001904Z # Subtest: abort during an active reader cancels the stream and requests no second payload
2026-09-15T15:02:54.4002563Z ok 359 - abort during an active reader cancels the stream and requests no second payload
2026-09-15T15:02:54.4002960Z   ---
2026-09-15T15:02:54.4003148Z   duration_ms: 4.584481
2026-09-15T15:02:54.4003353Z   ...
2026-09-15T15:02:54.4003763Z # Subtest: a caller URL mutation between downloads cannot change the selected edition
2026-09-15T15:02:54.4004392Z ok 360 - a caller URL mutation between downloads cannot change the selected edition
2026-09-15T15:02:54.4004983Z   ---
2026-09-15T15:02:54.4005172Z   duration_ms: 0.72678
2026-09-15T15:02:54.4005375Z   ...
2026-09-15T15:02:54.4005753Z # Subtest: default fetch capability is captured once for the selected pair
2026-09-15T15:02:54.4006313Z ok 361 - default fetch capability is captured once for the selected pair
2026-09-15T15:02:54.4007185Z   ---
2026-09-15T15:02:54.4007829Z   duration_ms: 1.2941
2026-09-15T15:02:54.4008378Z   ...
2026-09-15T15:02:54.4009839Z # Subtest: only the chosen card supplies native files and shared busy blocks every other card until explicit Choose
2026-09-15T15:02:54.4012246Z ok 362 - only the chosen card supplies native files and shared busy blocks every other card until explicit Choose
2026-09-15T15:02:54.4013673Z   ---
2026-09-15T15:02:54.4014190Z   duration_ms: 13.76579
2026-09-15T15:02:54.4014738Z   ...
2026-09-15T15:02:54.4016044Z # Subtest: Back cancels old download; reopening then completing another card never publishes stale first-card readiness
2026-09-15T15:02:54.4017910Z ok 363 - Back cancels old download; reopening then completing another card never publishes stale first-card readiness
2026-09-15T15:02:54.4034709Z   ---
2026-09-15T15:02:54.4035144Z   duration_ms: 4.096572
2026-09-15T15:02:54.4035541Z   ...
2026-09-15T15:02:54.4036913Z # Subtest: late inspection from an old multi-card open cannot clear the new card readiness or busy owner
2026-09-15T15:02:54.4038352Z ok 364 - late inspection from an old multi-card open cannot clear the new card readiness or busy owner
2026-09-15T15:02:54.4039161Z   ---
2026-09-15T15:02:54.4039494Z   duration_ms: 14.855634
2026-09-15T15:02:54.4039876Z   ...
2026-09-15T15:02:54.4040893Z # Subtest: sixteen real choices stay reachable offline and an active Countercurrent owner survives filtering and retry
2026-09-15T15:02:54.4042513Z ok 365 - sixteen real choices stay reachable offline and an active Countercurrent owner survives filtering and retry
2026-09-15T15:02:54.4043412Z   ---
2026-09-15T15:02:54.4043742Z   duration_ms: 56.509832
2026-09-15T15:02:54.4044112Z   ...
2026-09-15T15:02:54.4044975Z # Subtest: Mission setup keeps the original craft status in its modal and restores it after closing
2026-09-15T15:02:54.4046501Z ok 366 - Mission setup keeps the original craft status in its modal and restores it after closing
2026-09-15T15:02:54.4047387Z   ---
2026-09-15T15:02:54.4047727Z   duration_ms: 1378.067817
2026-09-15T15:02:54.4048117Z   ...
2026-09-15T15:02:54.4048949Z # Subtest: direct briefing and disposal retain one craft presenter outside hidden mission content
2026-09-15T15:02:54.4050254Z ok 367 - direct briefing and disposal retain one craft presenter outside hidden mission content
2026-09-15T15:02:54.4051039Z   ---
2026-09-15T15:02:54.4051365Z   duration_ms: 1249.134927
2026-09-15T15:02:54.4051743Z   ...
2026-09-15T15:02:54.4052817Z # Subtest: title has five game destinations and the release catalog; Workshop and mission Back preserve an unstarted flight
2026-09-15T15:02:54.4054515Z ok 368 - title has five game destinations and the release catalog; Workshop and mission Back preserve an unstarted flight
2026-09-15T15:02:54.4055450Z   ---
2026-09-15T15:02:54.4055784Z   duration_ms: 961.44634
2026-09-15T15:02:54.4056155Z   ...
2026-09-15T15:02:54.4057466Z # Subtest: mission gallery pages reuse locks; concealed pictures have no original and selection does not launch
2026-09-15T15:02:54.4058987Z ok 369 - mission gallery pages reuse locks; concealed pictures have no original and selection does not launch
2026-09-15T15:02:54.4059864Z   ---
2026-09-15T15:02:54.4060198Z   duration_ms: 1350.226525
2026-09-15T15:02:54.4060581Z   ...
2026-09-15T15:02:54.4061452Z # Subtest: Deploy uses the existing start guard and Continue replaces Deploy after a paused flight
2026-09-15T15:02:54.4062776Z ok 370 - Deploy uses the existing start guard and Continue replaces Deploy after a paused flight
2026-09-15T15:02:54.4063544Z   ---
2026-09-15T15:02:54.4063887Z   duration_ms: 1189.523296
2026-09-15T15:02:54.4064274Z   ...
2026-09-15T15:02:54.4065368Z # Subtest: an accepted world change rebuilds mission thumbnails without starting the existing flight
2026-09-15T15:02:54.4067106Z ok 371 - an accepted world change rebuilds mission thumbnails without starting the existing flight
2026-09-15T15:02:54.4067980Z   ---
2026-09-15T15:02:54.4068358Z   duration_ms: 1029.714362
2026-09-15T15:02:54.4068794Z   ...
2026-09-15T15:02:54.4069606Z # Subtest: Missions button returns to home without resuming or changing a saved cut
2026-09-15T15:02:54.4070810Z ok 372 - Missions button returns to home without resuming or changing a saved cut
2026-09-15T15:02:54.4071545Z   ---
2026-09-15T15:02:54.4071914Z   duration_ms: 3888.327635
2026-09-15T15:02:54.4072319Z   ...
2026-09-15T15:02:54.4073103Z # Subtest: Missions escape returns to home without resuming or changing a saved cut
2026-09-15T15:02:54.4074300Z ok 373 - Missions escape returns to home without resuming or changing a saved cut
2026-09-15T15:02:54.4075039Z   ---
2026-09-15T15:02:54.4075393Z   duration_ms: 3959.124689
2026-09-15T15:02:54.4075818Z   ...
2026-09-15T15:02:54.4076878Z # Subtest: Missions controller returns to home without resuming or changing a saved cut
2026-09-15T15:02:54.4078139Z ok 374 - Missions controller returns to home without resuming or changing a saved cut
2026-09-15T15:02:54.4078898Z   ---
2026-09-15T15:02:54.4079581Z   duration_ms: 5199.97061
2026-09-15T15:02:54.4080024Z   ...
2026-09-15T15:02:54.4080828Z # Subtest: Missions button returns to flight without resuming or changing a saved cut
2026-09-15T15:02:54.4082050Z ok 375 - Missions button returns to flight without resuming or changing a saved cut
2026-09-15T15:02:54.4082767Z   ---
2026-09-15T15:02:54.4083095Z   duration_ms: 3357.07785
2026-09-15T15:02:54.4083485Z   ...
2026-09-15T15:02:54.4084271Z # Subtest: Missions escape returns to flight without resuming or changing a saved cut
2026-09-15T15:02:54.4085467Z ok 376 - Missions escape returns to flight without resuming or changing a saved cut
2026-09-15T15:02:54.4086221Z   ---
2026-09-15T15:02:54.4087397Z   duration_ms: 3448.011726
2026-09-15T15:02:54.4088088Z   ...
2026-09-15T15:02:54.4089344Z # Subtest: Missions controller returns to flight without resuming or changing a saved cut
2026-09-15T15:02:54.4091309Z ok 377 - Missions controller returns to flight without resuming or changing a saved cut
2026-09-15T15:02:54.4092507Z   ---
2026-09-15T15:02:54.4093149Z   duration_ms: 3862.379573
2026-09-15T15:02:54.4093707Z   ...
2026-09-15T15:02:54.4094891Z # Subtest: Missions button returns to brief without resuming or changing a saved cut
2026-09-15T15:02:54.4096945Z ok 378 - Missions button returns to brief without resuming or changing a saved cut
2026-09-15T15:02:54.4098092Z   ---
2026-09-15T15:02:54.4098594Z   duration_ms: 4284.938861
2026-09-15T15:02:54.4099146Z   ...
2026-09-15T15:02:54.4100484Z # Subtest: Missions escape returns to brief without resuming or changing a saved cut
2026-09-15T15:02:54.4102212Z ok 379 - Missions escape returns to brief without resuming or changing a saved cut
2026-09-15T15:02:54.4103352Z   ---
2026-09-15T15:02:54.4104005Z   duration_ms: 4171.275049
2026-09-15T15:02:54.4104569Z   ...
2026-09-15T15:02:54.4105905Z # Subtest: Missions controller returns to brief without resuming or changing a saved cut
2026-09-15T15:02:54.4107700Z ok 380 - Missions controller returns to brief without resuming or changing a saved cut
2026-09-15T15:02:54.4108481Z   ---
2026-09-15T15:02:54.4109081Z   duration_ms: 3373.450881
2026-09-15T15:02:54.4109763Z   ...
2026-09-15T15:02:54.4110867Z # Subtest: Back to flight remains an intentional exit from title Missions
2026-09-15T15:02:54.4112407Z ok 381 - Back to flight remains an intentional exit from title Missions
2026-09-15T15:02:54.4113357Z   ---
2026-09-15T15:02:54.4113878Z   duration_ms: 1256.561843
2026-09-15T15:02:54.4114561Z   ...
2026-09-15T15:02:54.4115903Z # Subtest: controller Back retains a cancellation warning when a transaction keeps its dialog open
2026-09-15T15:02:54.4118094Z ok 382 - controller Back retains a cancellation warning when a transaction keeps its dialog open
2026-09-15T15:02:54.4119889Z   ---
2026-09-15T15:02:54.4120397Z   duration_ms: 1447.905635
2026-09-15T15:02:54.4121088Z   ...
2026-09-15T15:02:54.4122473Z # Subtest: scene preparation uses the declared center crop without blending pixels or editing the source
2026-09-15T15:02:54.4124771Z ok 383 - scene preparation uses the declared center crop without blending pixels or editing the source
2026-09-15T15:02:54.4126180Z   ---
2026-09-15T15:02:54.4127059Z   duration_ms: 5.652061
2026-09-15T15:02:54.4127473Z   ...
2026-09-15T15:02:54.4128804Z # Subtest: a board already wholly visible retains the existing document scroll and focus
2026-09-15T15:02:54.4130572Z ok 384 - a board already wholly visible retains the existing document scroll and focus
2026-09-15T15:02:54.4131316Z   ---
2026-09-15T15:02:54.4131652Z   duration_ms: 1.697936
2026-09-15T15:02:54.4132017Z   ...
2026-09-15T15:02:54.4133187Z # Subtest: explicit launch aligns a clipped board by the nearest edge without animated scrolling
2026-09-15T15:02:54.4134607Z ok 385 - explicit launch aligns a clipped board by the nearest edge without animated scrolling
2026-09-15T15:02:54.4135434Z   ---
2026-09-15T15:02:54.4135778Z   duration_ms: 0.323445
2026-09-15T15:02:54.4136130Z   ...
2026-09-15T15:02:54.4137357Z # Subtest: hidden, unmounted or unmeasurable layouts never trigger a page scroll
2026-09-15T15:02:54.4138574Z ok 386 - hidden, unmounted or unmeasurable layouts never trigger a page scroll
2026-09-15T15:02:54.4139297Z   ---
2026-09-15T15:02:54.4139654Z   duration_ms: 0.276938
2026-09-15T15:02:54.4140059Z   ...
2026-09-15T15:02:54.4141066Z # Subtest: finite course query allows exact lessons, default policy and the existing session-bound preview bridge
2026-09-15T15:02:54.4142602Z ok 387 - finite course query allows exact lessons, default policy and the existing session-bound preview bridge
2026-09-15T15:02:54.4143385Z   ---
2026-09-15T15:02:54.4143711Z   duration_ms: 3.131978
2026-09-15T15:02:54.4144086Z   ...
2026-09-15T15:02:54.4144869Z # Subtest: ambiguous or conflicting course queries cannot fall through to the ordinary game
2026-09-15T15:02:54.4146091Z ok 388 - ambiguous or conflicting course queries cannot fall through to the ordinary game
2026-09-15T15:02:54.4147284Z   ---
2026-09-15T15:02:54.4147625Z   duration_ms: 0.856562
2026-09-15T15:02:54.4147997Z   ...
2026-09-15T15:02:54.4148785Z # Subtest: registry metadata and finite markers are immutable, local and bounded
2026-09-15T15:02:54.4150086Z ok 389 - registry metadata and finite markers are immutable, local and bounded
2026-09-15T15:02:54.4150823Z   ---
2026-09-15T15:02:54.4151512Z   duration_ms: 0.294751
2026-09-15T15:02:54.4152189Z   ...
2026-09-15T15:02:54.4153702Z # Subtest: scenario factory validates owned FPV visuals while binding sole unchanged Scout and legacy rules
2026-09-15T15:02:54.4155803Z ok 390 - scenario factory validates owned FPV visuals while binding sole unchanged Scout and legacy rules
2026-09-15T15:02:54.4157422Z   ---
2026-09-15T15:02:54.4157943Z   duration_ms: 6.623808
2026-09-15T15:02:54.4158607Z   ...
2026-09-15T15:02:54.4159949Z # Subtest: theme injection rejects absent, non-FPV and accessor-bearing cosmetic data before adoption
2026-09-15T15:02:54.4162194Z ok 391 - theme injection rejects absent, non-FPV and accessor-bearing cosmetic data before adoption
2026-09-15T15:02:54.4163079Z   ---
2026-09-15T15:02:54.4163444Z   duration_ms: 0.532306
2026-09-15T15:02:54.4163833Z   ...
2026-09-15T15:02:54.4165362Z # Subtest: facts require the explicit host attempt and exact normalized lesson, roster, recipe, policy and seed
2026-09-15T15:02:54.4167795Z ok 392 - facts require the explicit host attempt and exact normalized lesson, roster, recipe, policy and seed
2026-09-15T15:02:54.4169203Z   ---
2026-09-15T15:02:54.4169826Z   duration_ms: 16.907099
2026-09-15T15:02:54.4170378Z   ...
2026-09-15T15:02:54.4171735Z # Subtest: captured facts and returned guidance have independent ownership and leave the core unchanged
2026-09-15T15:02:54.4173981Z ok 393 - captured facts and returned guidance have independent ownership and leave the core unchanged
2026-09-15T15:02:54.4175649Z   ---
2026-09-15T15:02:54.4176166Z   duration_ms: 34.197646
2026-09-15T15:02:54.4176917Z   ...
2026-09-15T15:02:54.4178535Z # Subtest: observer requires a fresh attempt and rejects imported initial getters without executing them
2026-09-15T15:02:54.4180745Z ok 394 - observer requires a fresh attempt and rejects imported initial getters without executing them
2026-09-15T15:02:54.4182117Z   ---
2026-09-15T15:02:54.4182617Z   duration_ms: 4.113603
2026-09-15T15:02:54.4183289Z   ...
2026-09-15T15:02:54.4184241Z # Subtest: bounded facts reject unknown fields, sparse cells, overflow, prototypes and unknown events
2026-09-15T15:02:54.4185679Z ok 395 - bounded facts reject unknown fields, sparse cells, overflow, prototypes and unknown events
2026-09-15T15:02:54.4186744Z   ---
2026-09-15T15:02:54.4187263Z   duration_ms: 28.133154
2026-09-15T15:02:54.4187938Z   ...
2026-09-15T15:02:54.4189182Z # Subtest: zero-time sampling and ordinary pause release cannot grant or erase lesson steps
2026-09-15T15:02:54.4191253Z ok 396 - zero-time sampling and ordinary pause release cannot grant or erase lesson steps
2026-09-15T15:02:54.4192418Z   ---
2026-09-15T15:02:54.4192907Z   duration_ms: 4.67343
2026-09-15T15:02:54.4193569Z   ...
2026-09-15T15:02:54.4195321Z # Subtest: a skipped tick, repeated older step or changed run identity disables guidance without awarding a step
2026-09-15T15:02:54.4197890Z ok 397 - a skipped tick, repeated older step or changed run identity disables guidance without awarding a step
2026-09-15T15:02:54.4199316Z   ---
2026-09-15T15:02:54.4199812Z   duration_ms: 25.297701
2026-09-15T15:02:54.4200358Z   ...
2026-09-15T15:02:54.4201749Z # Subtest: malformed closure cannot grant credit even when its terminal flags look successful
2026-09-15T15:02:54.4203689Z ok 398 - malformed closure cannot grant credit even when its terminal flags look successful
2026-09-15T15:02:54.4204869Z   ---
2026-09-15T15:02:54.4205508Z   duration_ms: 403.845153
2026-09-15T15:02:54.4206056Z   ...
2026-09-15T15:02:54.4207551Z # Subtest: set equality accepts reordered owned trail and claim arrays for the same actual closure
2026-09-15T15:02:54.4209713Z ok 399 - set equality accepts reordered owned trail and claim arrays for the same actual closure
2026-09-15T15:02:54.4210939Z   ---
2026-09-15T15:02:54.4211561Z   duration_ms: 391.6808
2026-09-15T15:02:54.4212100Z   ...
2026-09-15T15:02:54.4213540Z # Subtest: retained-territory guidance is tied to the actual nonterminal failed cut and resets on terminal loss
2026-09-15T15:02:54.4215885Z ok 400 - retained-territory guidance is tied to the actual nonterminal failed cut and resets on terminal loss
2026-09-15T15:02:54.4217141Z   ---
2026-09-15T15:02:54.4217500Z   duration_ms: 1368.257402
2026-09-15T15:02:54.4217901Z   ...
2026-09-15T15:02:54.4218910Z # Subtest: one attempt freezes managed and explicit legacy worlds; art failure keeps its exact original choice
2026-09-15T15:02:54.4220421Z ok 401 - one attempt freezes managed and explicit legacy worlds; art failure keeps its exact original choice
2026-09-15T15:02:54.4221470Z   ---
2026-09-15T15:02:54.4221791Z   duration_ms: 31.470921
2026-09-15T15:02:54.4222187Z   ...
2026-09-15T15:02:54.4223444Z # Subtest: cancelled pending display releases late candidate and never replaces the owned picture
2026-09-15T15:02:54.4225156Z ok 402 - cancelled pending display releases late candidate and never replaces the owned picture
2026-09-15T15:02:54.4226009Z   ---
2026-09-15T15:02:54.4226597Z   duration_ms: 23.924251
2026-09-15T15:02:54.4227029Z   ...
2026-09-15T15:02:54.4227731Z # Subtest: old sessions and training never read or mint managed choices
2026-09-15T15:02:54.4228735Z ok 403 - old sessions and training never read or mint managed choices
2026-09-15T15:02:54.4229381Z   ---
2026-09-15T15:02:54.4229737Z   duration_ms: 9.966791
2026-09-15T15:02:54.4230085Z   ...
2026-09-15T15:02:54.4231054Z # Subtest: explicit original-art fallback creates validated legacy choices without pretending storage succeeded
2026-09-15T15:02:54.4232869Z ok 404 - explicit original-art fallback creates validated legacy choices without pretending storage succeeded
2026-09-15T15:02:54.4233781Z   ---
2026-09-15T15:02:54.4234126Z   duration_ms: 9.741737
2026-09-15T15:02:54.4234504Z   ...
2026-09-15T15:02:54.4235602Z # Subtest: picture owner factory strips art, preserves exact Standard/Gentle world authority, and rejects invented themes
2026-09-15T15:02:54.4237761Z ok 405 - picture owner factory strips art, preserves exact Standard/Gentle world authority, and rejects invented themes
2026-09-15T15:02:54.4238658Z   ---
2026-09-15T15:02:54.4238971Z   duration_ms: 24.700271
2026-09-15T15:02:54.4239303Z   ...
2026-09-15T15:02:54.4240009Z # Subtest: backup factory never borrows a similarly named unrelated installed campaign
2026-09-15T15:02:54.4241074Z ok 406 - backup factory never borrows a similarly named unrelated installed campaign
2026-09-15T15:02:54.4241713Z   ---
2026-09-15T15:02:54.4242033Z   duration_ms: 27.551081
2026-09-15T15:02:54.4242381Z   ...
2026-09-15T15:02:54.4243017Z # Subtest: returning to ready A cancels pending B and releases its late image
2026-09-15T15:02:54.4243969Z ok 407 - returning to ready A cancels pending B and releases its late image
2026-09-15T15:02:54.4244557Z   ---
2026-09-15T15:02:54.4245074Z   duration_ms: 13.368199
2026-09-15T15:02:54.4245427Z   ...
2026-09-15T15:02:54.4246651Z # Subtest: picture status precedes real reads and decode, preserves cached readiness, and never revives a cancelled owner
2026-09-15T15:02:54.4248242Z ok 408 - picture status precedes real reads and decode, preserves cached readiness, and never revives a cancelled owner
2026-09-15T15:02:54.4249116Z   ---
2026-09-15T15:02:54.4249417Z   duration_ms: 8.595788
2026-09-15T15:02:54.4249760Z   ...
2026-09-15T15:02:54.4250784Z # Subtest: R3 preserves twelve real Scout wins and demonstrates capture cancellation and actual front arrival under both turns
2026-09-15T15:02:54.4252366Z ok 409 - R3 preserves twelve real Scout wins and demonstrates capture cancellation and actual front arrival under both turns
2026-09-15T15:02:54.4253251Z   ---
2026-09-15T15:02:54.4253544Z   duration_ms: 13568.634901
2026-09-15T15:02:54.4253905Z   ...
2026-09-15T15:02:54.4254822Z # Subtest: R3 pack/library and all mission scenarios retain their new authority and exact original picture bytes
2026-09-15T15:02:54.4256244Z ok 410 - R3 pack/library and all mission scenarios retain their new authority and exact original picture bytes
2026-09-15T15:02:54.4257238Z   ---
2026-09-15T15:02:54.4257560Z   duration_ms: 10885.935249
2026-09-15T15:02:54.4257916Z   ...
2026-09-15T15:02:54.4258737Z # Subtest: R3 rejects missing, duplicate or foreign route and demonstration authority before simulation
2026-09-15T15:02:54.4260039Z ok 411 - R3 rejects missing, duplicate or foreign route and demonstration authority before simulation
2026-09-15T15:02:54.4260787Z   ---
2026-09-15T15:02:54.4261091Z   duration_ms: 24343.384681
2026-09-15T15:02:54.4261460Z   ...
2026-09-15T15:02:54.4262308Z # Subtest: R3 rejects unreleased capture commands and fabricated summary, checkpoint or event evidence
2026-09-15T15:02:54.4263611Z ok 412 - R3 rejects unreleased capture commands and fabricated summary, checkpoint or event evidence
2026-09-15T15:02:54.4264366Z   ---
2026-09-15T15:02:54.4264690Z   duration_ms: 13550.899291
2026-09-15T15:02:54.4265049Z   ...
2026-09-15T15:02:54.4265894Z # Subtest: R3 verifier rejects changed source topology and accessor input without consuming the accessor
2026-09-15T15:02:54.4267469Z ok 413 - R3 verifier rejects changed source topology and accessor input without consuming the accessor
2026-09-15T15:02:54.4268256Z   ---
2026-09-15T15:02:54.4268566Z   duration_ms: 2665.082529
2026-09-15T15:02:54.4268927Z   ...
2026-09-15T15:02:54.4269906Z # Subtest: an actual R3 unfinished cut restores its exact queued Grid turn and future direction under the new campaign key
2026-09-15T15:02:54.4271462Z ok 414 - an actual R3 unfinished cut restores its exact queued Grid turn and future direction under the new campaign key
2026-09-15T15:02:54.4272516Z   ---
2026-09-15T15:02:54.4272819Z   duration_ms: 64.745963
2026-09-15T15:02:54.4273158Z   ...
2026-09-15T15:02:54.4274054Z # Subtest: seven independent current bodies preserve exact originals, authored rigs and finite build paths
2026-09-15T15:02:54.4275416Z ok 415 - seven independent current bodies preserve exact originals, authored rigs and finite build paths
2026-09-15T15:02:54.4276195Z   ---
2026-09-15T15:02:54.4276718Z   duration_ms: 22.881931
2026-09-15T15:02:54.4277086Z   ...
2026-09-15T15:02:54.4277940Z # Subtest: only the complete canonical FPV map receives current recommendations; caller data stays owned
2026-09-15T15:02:54.4279261Z ok 416 - only the complete canonical FPV map receives current recommendations; caller data stays owned
2026-09-15T15:02:54.4280043Z   ---
2026-09-15T15:02:54.4280334Z   duration_ms: 24.405526
2026-09-15T15:02:54.4280669Z   ...
2026-09-15T15:02:54.4281444Z # Subtest: current starter availability neither mutates nor grants historical progress rewards
2026-09-15T15:02:54.4282665Z ok 417 - current starter availability neither mutates nor grants historical progress rewards
2026-09-15T15:02:54.4283383Z   ---
2026-09-15T15:02:54.4283694Z   duration_ms: 28.08661
2026-09-15T15:02:54.4284029Z   ...
2026-09-15T15:02:54.4285050Z # Subtest: catalog refuses ambiguous, unregistered, unsupported and non-data presentation declarations
2026-09-15T15:02:54.4286599Z ok 418 - catalog refuses ambiguous, unregistered, unsupported and non-data presentation declarations
2026-09-15T15:02:54.4287401Z   ---
2026-09-15T15:02:54.4287715Z   duration_ms: 43.687839
2026-09-15T15:02:54.4288068Z   ...
2026-09-15T15:02:54.4288754Z # Subtest: manual old and new body identities survive the unchanged library format
2026-09-15T15:02:54.4289788Z ok 419 - manual old and new body identities survive the unchanged library format
2026-09-15T15:02:54.4290424Z   ---
2026-09-15T15:02:54.4290735Z   duration_ms: 9.392547
2026-09-15T15:02:54.4291083Z   ...
2026-09-15T15:02:54.4291986Z # Subtest: compact minimum changes only registered loaded bodies and keeps desktop, fallback and rotor clocks
2026-09-15T15:02:54.4293424Z ok 420 - compact minimum changes only registered loaded bodies and keeps desktop, fallback and rotor clocks
2026-09-15T15:02:54.4294216Z   ---
2026-09-15T15:02:54.4294503Z   duration_ms: 2.157605
2026-09-15T15:02:54.4294855Z   ...
2026-09-15T15:02:54.4295751Z # Subtest: actual painter keeps explicit originals, reports missing assets and retains neutral unknown fallback
2026-09-15T15:02:54.4297379Z ok 421 - actual painter keeps explicit originals, reports missing assets and retains neutral unknown fallback
2026-09-15T15:02:54.4298188Z   ---
2026-09-15T15:02:54.4298484Z   duration_ms: 2.690282
2026-09-15T15:02:54.4298817Z   ...
2026-09-15T15:02:54.4299709Z # Subtest: Fracture wall topologies validate with one connected play space and refuse reflected old geometry
2026-09-15T15:02:54.4301449Z ok 422 - Fracture wall topologies validate with one connected play space and refuse reflected old geometry
2026-09-15T15:02:54.4302556Z   ---
2026-09-15T15:02:54.4302867Z   duration_ms: 43.231573
2026-09-15T15:02:54.4303335Z   ...
2026-09-15T15:02:54.4304415Z # Subtest: explicit compiler output is exact, finite and refuses overwriting the prior candidate
2026-09-15T15:02:54.4305634Z ok 423 - explicit compiler output is exact, finite and refuses overwriting the prior candidate
2026-09-15T15:02:54.4306517Z   ---
2026-09-15T15:02:54.4306843Z   duration_ms: 425.347276
2026-09-15T15:02:54.4307195Z   ...
2026-09-15T15:02:54.4307919Z # Subtest: explicit invalid requests cannot fall back or write an unreviewed proof
2026-09-15T15:02:54.4309013Z ok 424 - explicit invalid requests cannot fall back or write an unreviewed proof
2026-09-15T15:02:54.4309645Z   ---
2026-09-15T15:02:54.4309951Z   duration_ms: 232.337418
2026-09-15T15:02:54.4310324Z   ...
2026-09-15T15:02:54.4311219Z # Subtest: 48 route contexts plus six separate game overs reproduce real outcomes and exact saved suffixes
2026-09-15T15:02:54.4312873Z ok 425 - 48 route contexts plus six separate game overs reproduce real outcomes and exact saved suffixes
2026-09-15T15:02:54.4313660Z   ---
2026-09-15T15:02:54.4313946Z   duration_ms: 99569.16505
2026-09-15T15:02:54.4314271Z   ...
2026-09-15T15:02:54.4315204Z # Subtest: enclosing the Ring speed pickup does not collect it and a capture stays stopped through neutral input
2026-09-15T15:02:54.4316784Z ok 426 - enclosing the Ring speed pickup does not collect it and a capture stays stopped through neutral input
2026-09-15T15:02:54.4317573Z   ---
2026-09-15T15:02:54.4317889Z   duration_ms: 307.555075
2026-09-15T15:02:54.4318249Z   ...
2026-09-15T15:02:54.4319063Z # Subtest: a direct freeze pickup remains active when lethal terrain causes the actual first loss
2026-09-15T15:02:54.4320383Z ok 427 - a direct freeze pickup remains active when lethal terrain causes the actual first loss
2026-09-15T15:02:54.4321153Z   ---
2026-09-15T15:02:54.4321489Z   duration_ms: 420.803791
2026-09-15T15:02:54.4321844Z   ...
2026-09-15T15:02:54.4322924Z # Subtest: an unfinished Fracture session requires its exact authored owner, even with identical foreign geometry
2026-09-15T15:02:54.4325406Z ok 428 - an unfinished Fracture session requires its exact authored owner, even with identical foreign geometry
2026-09-15T15:02:54.4326707Z   ---
2026-09-15T15:02:54.4327034Z   duration_ms: 206.758938
2026-09-15T15:02:54.4327577Z   ...
2026-09-15T15:02:54.4328529Z # Subtest: missing contexts and changed proof authority refuse before replay work
2026-09-15T15:02:54.4329982Z ok 429 - missing contexts and changed proof authority refuse before replay work
2026-09-15T15:02:54.4330982Z   ---
2026-09-15T15:02:54.4331484Z   duration_ms: 616.341439
2026-09-15T15:02:54.4332044Z   ...
2026-09-15T15:02:54.4333050Z # Subtest: Collection shows pagination only when 0 pictures need a second page
2026-09-15T15:02:54.4334137Z ok 430 - Collection shows pagination only when 0 pictures need a second page
2026-09-15T15:02:54.4335276Z   ---
2026-09-15T15:02:54.4335792Z   duration_ms: 6.376229
2026-09-15T15:02:54.4336655Z   ...
2026-09-15T15:02:54.4337389Z # Subtest: Collection shows pagination only when 12 pictures need a second page
2026-09-15T15:02:54.4338689Z ok 431 - Collection shows pagination only when 12 pictures need a second page
2026-09-15T15:02:54.4339454Z   ---
2026-09-15T15:02:54.4339903Z   duration_ms: 50.380194
2026-09-15T15:02:54.4340480Z   ...
2026-09-15T15:02:54.4341530Z # Subtest: Collection shows pagination only when 13 pictures need a second page
2026-09-15T15:02:54.4343070Z ok 432 - Collection shows pagination only when 13 pictures need a second page
2026-09-15T15:02:54.4343922Z   ---
2026-09-15T15:02:54.4344425Z   duration_ms: 22.363325
2026-09-15T15:02:54.4344962Z   ...
2026-09-15T15:02:54.4345964Z # Subtest: Filtering to one page preserves unrelated focus
2026-09-15T15:02:54.4347389Z ok 433 - Filtering to one page preserves unrelated focus
2026-09-15T15:02:54.4348112Z   ---
2026-09-15T15:02:54.4348626Z   duration_ms: 116.477149
2026-09-15T15:02:54.4349177Z   ...
2026-09-15T15:02:54.4349992Z # Subtest: Filtering to one page restores removed pager focus to search
2026-09-15T15:02:54.4351284Z ok 434 - Filtering to one page restores removed pager focus to search
2026-09-15T15:02:54.4352204Z   ---
2026-09-15T15:02:54.4352840Z   duration_ms: 97.54758
2026-09-15T15:02:54.4353249Z   ...
2026-09-15T15:02:54.4354683Z # Subtest: wide and legacy pictures adopt their own bitmap ratio for cards, full view and celebration without changing records
2026-09-15T15:02:54.4357194Z ok 435 - wide and legacy pictures adopt their own bitmap ratio for cards, full view and celebration without changing records
2026-09-15T15:02:54.4358601Z   ---
2026-09-15T15:02:54.4358975Z   duration_ms: 6.655968
2026-09-15T15:02:54.4359646Z   ...
2026-09-15T15:02:54.4360789Z # Subtest: Back restores the same stable picture on its page and preserves the original filter
2026-09-15T15:02:54.4362773Z ok 436 - Back restores the same stable picture on its page and preserves the original filter
2026-09-15T15:02:54.4363809Z   ---
2026-09-15T15:02:54.4364325Z   duration_ms: 104.541841
2026-09-15T15:02:54.4365008Z   ...
2026-09-15T15:02:54.4366189Z # Subtest: native cancel follows the same picture return path and does not clear collection context
2026-09-15T15:02:54.4368341Z ok 437 - native cancel follows the same picture return path and does not clear collection context
2026-09-15T15:02:54.4369298Z   ---
2026-09-15T15:02:54.4369629Z   duration_ms: 118.759532
2026-09-15T15:02:54.4370178Z   ...
2026-09-15T15:02:54.4371470Z # Subtest: a reordered collection resolves the stable picture key rather than the old card index
2026-09-15T15:02:54.4373387Z ok 438 - a reordered collection resolves the stable picture key rather than the old card index
2026-09-15T15:02:54.4374207Z   ---
2026-09-15T15:02:54.4374550Z   duration_ms: 86.526718
2026-09-15T15:02:54.4374930Z   ...
2026-09-15T15:02:54.4375825Z # Subtest: a removed picture clamps the page and focuses a remaining enabled card
2026-09-15T15:02:54.4377745Z ok 439 - a removed picture clamps the page and focuses a remaining enabled card
2026-09-15T15:02:54.4378733Z   ---
2026-09-15T15:02:54.4379344Z   duration_ms: 85.835836
2026-09-15T15:02:54.4379751Z   ...
2026-09-15T15:02:54.4381231Z # Subtest: a missing pack or empty filtered collection falls back to the enabled search field
2026-09-15T15:02:54.4382964Z ok 440 - a missing pack or empty filtered collection falls back to the enabled search field
2026-09-15T15:02:54.4384135Z   ---
2026-09-15T15:02:54.4384518Z   duration_ms: 80.802121
2026-09-15T15:02:54.4385059Z   ...
2026-09-15T15:02:54.4386178Z # Subtest: the underlying Collection cannot replace its open child picture
2026-09-15T15:02:54.4387737Z ok 441 - the underlying Collection cannot replace its open child picture
2026-09-15T15:02:54.4388544Z   ---
2026-09-15T15:02:54.4389054Z   duration_ms: 1.901577
2026-09-15T15:02:54.4389588Z   ...
2026-09-15T15:02:54.4390760Z # Subtest: Replay leaves the collection closed and preserves the host mission focus
2026-09-15T15:02:54.4392349Z ok 442 - Replay leaves the collection closed and preserves the host mission focus
2026-09-15T15:02:54.4393341Z   ---
2026-09-15T15:02:54.4393703Z   duration_ms: 122.321153
2026-09-15T15:02:54.4394102Z   ...
2026-09-15T15:02:54.4394884Z # Subtest: late decoding and a queued old close cannot steal focus from a new picture
2026-09-15T15:02:54.4396058Z ok 443 - late decoding and a queued old close cannot steal focus from a new picture
2026-09-15T15:02:54.4397054Z   ---
2026-09-15T15:02:54.4397398Z   duration_ms: 4.538588
2026-09-15T15:02:54.4397762Z   ...
2026-09-15T15:02:54.4398664Z # Subtest: a new picture hides the previous artwork and blocks actions until its own decode completes
2026-09-15T15:02:54.4400057Z ok 444 - a new picture hides the previous artwork and blocks actions until its own decode completes
2026-09-15T15:02:54.4400856Z   ---
2026-09-15T15:02:54.4401202Z   duration_ms: 3.30933
2026-09-15T15:02:54.4401569Z   ...
2026-09-15T15:02:54.4402586Z # Subtest: an older decode completing during rapid navigation cannot reveal or enable the newer pending picture
2026-09-15T15:02:54.4404176Z ok 445 - an older decode completing during rapid navigation cannot reveal or enable the newer pending picture
2026-09-15T15:02:54.4405062Z   ---
2026-09-15T15:02:54.4405404Z   duration_ms: 2.713685
2026-09-15T15:02:54.4405770Z   ...
2026-09-15T15:02:54.4406865Z # Subtest: an older rejected decode cannot replace the selected ready picture with an error
2026-09-15T15:02:54.4408170Z ok 446 - an older rejected decode cannot replace the selected ready picture with an error
2026-09-15T15:02:54.4408931Z   ---
2026-09-15T15:02:54.4409272Z   duration_ms: 2.725588
2026-09-15T15:02:54.4409639Z   ...
2026-09-15T15:02:54.4410443Z # Subtest: a failed selected decode keeps stale pixels hidden and can be closed and retried
2026-09-15T15:02:54.4411709Z ok 447 - a failed selected decode keeps stale pixels hidden and can be closed and retried
2026-09-15T15:02:54.4412704Z   ---
2026-09-15T15:02:54.4413037Z   duration_ms: 3.226144
2026-09-15T15:02:54.4413409Z   ...
2026-09-15T15:02:54.4414532Z # Subtest: a rejected celebration preparation preserves the ready picture and reports failure without an unhandled promise
2026-09-15T15:02:54.4416312Z ok 448 - a rejected celebration preparation preserves the ready picture and reports failure without an unhandled promise
2026-09-15T15:02:54.4417593Z   ---
2026-09-15T15:02:54.4417954Z   duration_ms: 3.089498
2026-09-15T15:02:54.4418358Z   ...
2026-09-15T15:02:54.4419374Z # Subtest: a failed illustration reload cannot start a procedural celebration over the ready authored picture
2026-09-15T15:02:54.4420946Z ok 449 - a failed illustration reload cannot start a procedural celebration over the ready authored picture
2026-09-15T15:02:54.4421818Z   ---
2026-09-15T15:02:54.4422165Z   duration_ms: 1.677467
2026-09-15T15:02:54.4422525Z   ...
2026-09-15T15:02:54.4423309Z # Subtest: busy library import still prevents cancel until its guarded task finishes
2026-09-15T15:02:54.4424533Z ok 450 - busy library import still prevents cancel until its guarded task finishes
2026-09-15T15:02:54.4425263Z   ---
2026-09-15T15:02:54.4425616Z   duration_ms: 4.863907
2026-09-15T15:02:54.4426005Z   ...
2026-09-15T15:02:54.4428203Z # Subtest: profile replacement cancels pending writes before its Undo snapshot and restores the prior profile
2026-09-15T15:02:54.4430109Z ok 451 - profile replacement cancels pending writes before its Undo snapshot and restores the prior profile
2026-09-15T15:02:54.4431500Z   ---
2026-09-15T15:02:54.4431994Z   duration_ms: 20.448247
2026-09-15T15:02:54.4432405Z   ...
2026-09-15T15:02:54.4433772Z # Subtest: a rejected replacement boundary preserves the active profile without taking an Undo snapshot
2026-09-15T15:02:54.4435941Z ok 452 - a rejected replacement boundary preserves the active profile without taking an Undo snapshot
2026-09-15T15:02:54.4437032Z   ---
2026-09-15T15:02:54.4437382Z   duration_ms: 9.858307
2026-09-15T15:02:54.4437785Z   ...
2026-09-15T15:02:54.4438666Z # Subtest: a late seal updates an existing focused collection card without repaint or replacement
2026-09-15T15:02:54.4440250Z ok 453 - a late seal updates an existing focused collection card without repaint or replacement
2026-09-15T15:02:54.4441456Z   ---
2026-09-15T15:02:54.4441799Z   duration_ms: 64.383234
2026-09-15T15:02:54.4442175Z   ...
2026-09-15T15:02:54.4443636Z # Subtest: an already open picture receives friendly seal details without disturbing its focus or artwork
2026-09-15T15:02:54.4445799Z ok 454 - an already open picture receives friendly seal details without disturbing its focus or artwork
2026-09-15T15:02:54.4447329Z   ---
2026-09-15T15:02:54.4447701Z   duration_ms: 5.770482
2026-09-15T15:02:54.4448377Z   ...
2026-09-15T15:02:54.4449677Z # Subtest: late detail refresh keeps foreign records out, labels changed definitions archived and clears removed seals
2026-09-15T15:02:54.4451725Z ok 455 - late detail refresh keeps foreign records out, labels changed definitions archived and clears removed seals
2026-09-15T15:02:54.4452610Z   ---
2026-09-15T15:02:54.4452940Z   duration_ms: 5.293791
2026-09-15T15:02:54.4453287Z   ...
2026-09-15T15:02:54.4454171Z # Subtest: both difficulty records share a card while mode changes preserve focus and Back returns to that card
2026-09-15T15:02:54.4455560Z ok 456 - both difficulty records share a card while mode changes preserve focus and Back returns to that card
2026-09-15T15:02:54.4456637Z   ---
2026-09-15T15:02:54.4456957Z   duration_ms: 116.481972
2026-09-15T15:02:54.4457341Z   ...
2026-09-15T15:02:54.4458249Z # Subtest: picture Replay explicitly selects stored standard despite the opposite next-attempt preference
2026-09-15T15:02:54.4459714Z ok 457 - picture Replay explicitly selects stored standard despite the opposite next-attempt preference
2026-09-15T15:02:54.4460564Z   ---
2026-09-15T15:02:54.4460950Z   duration_ms: 6.149761
2026-09-15T15:02:54.4461402Z   ...
2026-09-15T15:02:54.4462454Z # Subtest: picture Replay explicitly selects stored gentle despite the opposite next-attempt preference
2026-09-15T15:02:54.4464910Z ok 458 - picture Replay explicitly selects stored gentle despite the opposite next-attempt preference
2026-09-15T15:02:54.4466080Z   ---
2026-09-15T15:02:54.4466794Z   duration_ms: 6.60349
2026-09-15T15:02:54.4467463Z   ...
2026-09-15T15:02:54.4468638Z # Subtest: rapid difficulty switches retain the latest image generation and keep stale actions blocked
2026-09-15T15:02:54.4470774Z ok 459 - rapid difficulty switches retain the latest image generation and keep stale actions blocked
2026-09-15T15:02:54.4472024Z   ---
2026-09-15T15:02:54.4472510Z   duration_ms: 7.584606
2026-09-15T15:02:54.4473067Z   ...
2026-09-15T15:02:54.4474135Z # Subtest: score and saved-attempt mode labels use exact execution keys and searchable separate boards
2026-09-15T15:02:54.4476724Z ok 460 - score and saved-attempt mode labels use exact execution keys and searchable separate boards
2026-09-15T15:02:54.4477871Z   ---
2026-09-15T15:02:54.4478523Z   duration_ms: 67.411998
2026-09-15T15:02:54.4479064Z   ...
2026-09-15T15:02:54.4480462Z # Subtest: a late Standard seal decorates the shared card without appearing on its selected Gentle variant
2026-09-15T15:02:54.4482827Z ok 461 - a late Standard seal decorates the shared card without appearing on its selected Gentle variant
2026-09-15T15:02:54.4484145Z   ---
2026-09-15T15:02:54.4484795Z   duration_ms: 27.961806
2026-09-15T15:02:54.4485207Z   ...
2026-09-15T15:02:54.4486603Z # Subtest: an open picture cannot replay a pack removed after the picture was resolved
2026-09-15T15:02:54.4488110Z ok 462 - an open picture cannot replay a pack removed after the picture was resolved
2026-09-15T15:02:54.4489075Z   ---
2026-09-15T15:02:54.4489430Z   duration_ms: 1.65756
2026-09-15T15:02:54.4489579Z   ...
2026-09-15T15:02:54.4490915Z # Subtest: a trusted Challenge picture keeps its activity label and replay has no campaign difficulty override
2026-09-15T15:02:54.4492118Z ok 463 - a trusted Challenge picture keeps its activity label and replay has no campaign difficulty override
2026-09-15T15:02:54.4492303Z   ---
2026-09-15T15:02:54.4492620Z   duration_ms: 1.557824
2026-09-15T15:02:54.4492769Z   ...
2026-09-15T15:02:54.4493946Z # Subtest: Collection shows the first earned revision after reassignment, releases images and returns keyboard focus
2026-09-15T15:02:54.4495156Z ok 464 - Collection shows the first earned revision after reassignment, releases images and returns keyboard focus
2026-09-15T15:02:54.4495456Z   ---
2026-09-15T15:02:54.4495643Z   duration_ms: 750.40928
2026-09-15T15:02:54.4495796Z   ...
2026-09-15T15:02:54.4497349Z # Subtest: Collection retains an earned original after its pack is removed without offering replay or invented animation
2026-09-15T15:02:54.4498624Z ok 465 - Collection retains an earned original after its pack is removed without offering replay or invented animation
2026-09-15T15:02:54.4498791Z   ---
2026-09-15T15:02:54.4498968Z   duration_ms: 274.774017
2026-09-15T15:02:54.4499129Z   ...
2026-09-15T15:02:54.4499771Z # Subtest: an unavailable original never silently falls back to current authored artwork
2026-09-15T15:02:54.4500373Z ok 466 - an unavailable original never silently falls back to current authored artwork
2026-09-15T15:02:54.4500511Z   ---
2026-09-15T15:02:54.4500680Z   duration_ms: 162.975016
2026-09-15T15:02:54.4500828Z   ...
2026-09-15T15:02:54.4501917Z # Subtest: closing while an earned original decodes prevents stale canvas replacement and releases the late drawable
2026-09-15T15:02:54.4503170Z ok 467 - closing while an earned original decodes prevents stale canvas replacement and releases the late drawable
2026-09-15T15:02:54.4503332Z   ---
2026-09-15T15:02:54.4503520Z   duration_ms: 297.419487
2026-09-15T15:02:54.4503914Z   ...
2026-09-15T15:02:54.4504669Z # Subtest: Back keeps its scope but late metadata cannot steal focus after navigation
2026-09-15T15:02:54.4505539Z ok 468 - Back keeps its scope but late metadata cannot steal focus after navigation
2026-09-15T15:02:54.4506091Z   ---
2026-09-15T15:02:54.4506259Z   duration_ms: 342.168446
2026-09-15T15:02:54.4506601Z   ...
2026-09-15T15:02:54.4507575Z # Subtest: Back keeps its scope but late metadata cannot steal focus after a new Collection visit
2026-09-15T15:02:54.4508558Z ok 469 - Back keeps its scope but late metadata cannot steal focus after a new Collection visit
2026-09-15T15:02:54.4508859Z   ---
2026-09-15T15:02:54.4509174Z   duration_ms: 406.330241
2026-09-15T15:02:54.4509327Z   ...
2026-09-15T15:02:54.4510604Z # Subtest: Collection labels the retained score run separately from a later best medal without rewriting either record
2026-09-15T15:02:54.4511863Z ok 470 - Collection labels the retained score run separately from a later best medal without rewriting either record
2026-09-15T15:02:54.4512029Z   ---
2026-09-15T15:02:54.4512205Z   duration_ms: 2.102933
2026-09-15T15:02:54.4512474Z   ...
2026-09-15T15:02:54.4513217Z # Subtest: actual solo host passes 306px visible width into its detached legacy and Classic textures
2026-09-15T15:02:54.4514282Z ok 471 - actual solo host passes 306px visible width into its detached legacy and Classic textures
2026-09-15T15:02:54.4514441Z   ---
2026-09-15T15:02:54.4514866Z   duration_ms: 12846.340956
2026-09-15T15:02:54.4515020Z   ...
2026-09-15T15:02:54.4516559Z # Subtest: actual solo host passes 600px visible width into its detached legacy and Classic textures
2026-09-15T15:02:54.4517709Z ok 472 - actual solo host passes 600px visible width into its detached legacy and Classic textures
2026-09-15T15:02:54.4517880Z   ---
2026-09-15T15:02:54.4518200Z   duration_ms: 13632.614871
2026-09-15T15:02:54.4518477Z   ...
2026-09-15T15:02:54.4519214Z # Subtest: mount exposes ten labelled controls and no initial write or input reset
2026-09-15T15:02:54.4520063Z ok 473 - mount exposes ten labelled controls and no initial write or input reset
2026-09-15T15:02:54.4520209Z   ---
2026-09-15T15:02:54.4520375Z   duration_ms: 5.719016
2026-09-15T15:02:54.4520517Z   ...
2026-09-15T15:02:54.4521647Z # Subtest: a physical-key capture applies the whole validated map once and preserves other actions
2026-09-15T15:02:54.4522615Z ok 474 - a physical-key capture applies the whole validated map once and preserves other actions
2026-09-15T15:02:54.4522785Z   ---
2026-09-15T15:02:54.4523215Z   duration_ms: 3.527518
2026-09-15T15:02:54.4523382Z   ...
2026-09-15T15:02:54.4524129Z # Subtest: duplicate, reserved, composition and modifier keys never reach the host
2026-09-15T15:02:54.4524975Z ok 475 - duplicate, reserved, composition and modifier keys never reach the host
2026-09-15T15:02:54.4525258Z   ---
2026-09-15T15:02:54.4525437Z   duration_ms: 2.604811
2026-09-15T15:02:54.4525726Z   ...
2026-09-15T15:02:54.4526731Z # Subtest: pause alternate retains Escape; repeat capture cannot accidentally remap again
2026-09-15T15:02:54.4527371Z ok 476 - pause alternate retains Escape; repeat capture cannot accidentally remap again
2026-09-15T15:02:54.4527759Z   ---
2026-09-15T15:02:54.4528085Z   duration_ms: 2.695661
2026-09-15T15:02:54.4528380Z   ...
2026-09-15T15:02:54.4529147Z # Subtest: Escape cancels without closing, while Tab cancels without trapping focus
2026-09-15T15:02:54.4530000Z ok 477 - Escape cancels without closing, while Tab cancels without trapping focus
2026-09-15T15:02:54.4530280Z   ---
2026-09-15T15:02:54.4530475Z   duration_ms: 1.294822
2026-09-15T15:02:54.4530766Z   ...
2026-09-15T15:02:54.4531731Z # Subtest: modified Escape shortcuts and IME cancellation retain native handling during capture
2026-09-15T15:02:54.4532651Z ok 478 - modified Escape shortcuts and IME cancellation retain native handling during capture
2026-09-15T15:02:54.4532818Z   ---
2026-09-15T15:02:54.4532995Z   duration_ms: 1.017553
2026-09-15T15:02:54.4533284Z   ...
2026-09-15T15:02:54.4533947Z # Subtest: Cancel, native dialog cancellation, close and focus loss retain the previous map
2026-09-15T15:02:54.4534586Z ok 479 - Cancel, native dialog cancellation, close and focus loss retain the previous map
2026-09-15T15:02:54.4535264Z   ---
2026-09-15T15:02:54.4535598Z   duration_ms: 3.134833
2026-09-15T15:02:54.4535883Z   ...
2026-09-15T15:02:54.4536960Z # Subtest: moving focus to another settings control cancels capture and preserves its native keys
2026-09-15T15:02:54.4538055Z ok 480 - moving focus to another settings control cancels capture and preserves its native keys
2026-09-15T15:02:54.4538218Z   ---
2026-09-15T15:02:54.4538533Z   duration_ms: 1.969994
2026-09-15T15:02:54.4538689Z   ...
2026-09-15T15:02:54.4539598Z # Subtest: preset selection during capture and reset apply the requested map, with Custom auto-detected
2026-09-15T15:02:54.4540347Z ok 481 - preset selection during capture and reset apply the requested map, with Custom auto-detected
2026-09-15T15:02:54.4540487Z   ---
2026-09-15T15:02:54.4540646Z   duration_ms: 3.618367
2026-09-15T15:02:54.4540792Z   ...
2026-09-15T15:02:54.4542005Z # Subtest: session-only save retains applied map and warning; thrown validation preserves old map
2026-09-15T15:02:54.4543105Z ok 482 - session-only save retains applied map and warning; thrown validation preserves old map
2026-09-15T15:02:54.4543279Z   ---
2026-09-15T15:02:54.4543452Z   duration_ms: 2.820204
2026-09-15T15:02:54.4543715Z   ...
2026-09-15T15:02:54.4544651Z # Subtest: destroy cancels capture and removes event listeners without mutating preferences
2026-09-15T15:02:54.4545919Z ok 483 - destroy cancels capture and removes event listeners without mutating preferences
2026-09-15T15:02:54.4546108Z   ---
2026-09-15T15:02:54.4546593Z   duration_ms: 1.430736
2026-09-15T15:02:54.4546882Z   ...
2026-09-15T15:02:54.4547770Z # Subtest: spontaneous close reopens one shared v4 connection and preserves exact audio/still/story rows and originals
2026-09-15T15:02:54.4549149Z ok 484 - spontaneous close reopens one shared v4 connection and preserves exact audio/still/story rows and originals
2026-09-15T15:02:54.4549307Z   ---
2026-09-15T15:02:54.4549633Z   duration_ms: 1458.765904
2026-09-15T15:02:54.4549925Z   ...
2026-09-15T15:02:54.4551199Z # Subtest: full inventory: a closing-handle constructor failure is preserved; only the next deliberate read reopens
2026-09-15T15:02:54.4552072Z ok 485 - full inventory: a closing-handle constructor failure is preserved; only the next deliberate read reopens
2026-09-15T15:02:54.4552226Z   ---
2026-09-15T15:02:54.4552412Z   duration_ms: 1018.359275
2026-09-15T15:02:54.4552550Z   ...
2026-09-15T15:02:54.4553487Z # Subtest: selected presentation: a closing-handle constructor failure is preserved; only the next deliberate read reopens
2026-09-15T15:02:54.4554401Z ok 486 - selected presentation: a closing-handle constructor failure is preserved; only the next deliberate read reopens
2026-09-15T15:02:54.4554549Z   ---
2026-09-15T15:02:54.4554716Z   duration_ms: 1080.031606
2026-09-15T15:02:54.4554857Z   ...
2026-09-15T15:02:54.4556098Z # Subtest: late close and versionchange events from an obsolete handle cannot discard a newer opening
2026-09-15T15:02:54.4557321Z ok 487 - late close and versionchange events from an obsolete handle cannot discard a newer opening
2026-09-15T15:02:54.4557623Z   ---
2026-09-15T15:02:54.4557812Z   duration_ms: 1165.234021
2026-09-15T15:02:54.4557955Z   ...
2026-09-15T15:02:54.4558940Z # Subtest: explicit manager close remains terminal after a close event or a rejected transaction
2026-09-15T15:02:54.4559815Z ok 488 - explicit manager close remains terminal after a close event or a rejected transaction
2026-09-15T15:02:54.4559979Z   ---
2026-09-15T15:02:54.4560153Z   duration_ms: 817.251862
2026-09-15T15:02:54.4560432Z   ...
2026-09-15T15:02:54.4561195Z # Subtest: pre-aborted reads do not reopen an invalidated connection
2026-09-15T15:02:54.4561797Z ok 489 - pre-aborted reads do not reopen an invalidated connection
2026-09-15T15:02:54.4561968Z   ---
2026-09-15T15:02:54.4562286Z   duration_ms: 796.255682
2026-09-15T15:02:54.4562565Z   ...
2026-09-15T15:02:54.4563363Z # Subtest: abort during reopen rejects the pending operation and closes its late connection
2026-09-15T15:02:54.4564273Z ok 490 - abort during reopen rejects the pending operation and closes its late connection
2026-09-15T15:02:54.4564807Z   ---
2026-09-15T15:02:54.4565136Z   duration_ms: 837.507506
2026-09-15T15:02:54.4565423Z   ...
2026-09-15T15:02:54.4566065Z # Subtest: close during reopen rejects the pending operation and closes its late connection
2026-09-15T15:02:54.4566892Z ok 491 - close during reopen rejects the pending operation and closes its late connection
2026-09-15T15:02:54.4567030Z   ---
2026-09-15T15:02:54.4567189Z   duration_ms: 921.814273
2026-09-15T15:02:54.4567335Z   ...
2026-09-15T15:02:54.4567988Z # Subtest: versionchange invalidates the handle but never downgrades a newer database on retry
2026-09-15T15:02:54.4568580Z ok 492 - versionchange invalidates the handle but never downgrades a newer database on retry
2026-09-15T15:02:54.4568725Z   ---
2026-09-15T15:02:54.4568866Z   duration_ms: 913.109071
2026-09-15T15:02:54.4568981Z   ...
2026-09-15T15:02:54.4569734Z # Subtest: other transaction-construction errors propagate unchanged and retain the usable cached handle
2026-09-15T15:02:54.4570526Z ok 493 - other transaction-construction errors propagate unchanged and retain the usable cached handle
2026-09-15T15:02:54.4570673Z   ---
2026-09-15T15:02:54.4570833Z   duration_ms: 1060.359396
2026-09-15T15:02:54.4570961Z   ...
2026-09-15T15:02:54.4571781Z # Subtest: a rejected write constructor never runs its mutation or retries it automatically
2026-09-15T15:02:54.4572388Z ok 494 - a rejected write constructor never runs its mutation or retries it automatically
2026-09-15T15:02:54.4572529Z   ---
2026-09-15T15:02:54.4572690Z   duration_ms: 1048.439461
2026-09-15T15:02:54.4572818Z   ...
2026-09-15T15:02:54.4573590Z # Subtest: an already-created write failure is not retried and preserves rows, originals and its connection
2026-09-15T15:02:54.4574319Z ok 495 - an already-created write failure is not retried and preserves rows, originals and its connection
2026-09-15T15:02:54.4574457Z   ---
2026-09-15T15:02:54.4574631Z   duration_ms: 1280.826134
2026-09-15T15:02:54.4574838Z   ...
2026-09-15T15:02:54.4576152Z # Subtest: deliberate picture ensure retry uses the same saved pin and verified original after a selected-read close
2026-09-15T15:02:54.4577646Z ok 496 - deliberate picture ensure retry uses the same saved pin and verified original after a selected-read close
2026-09-15T15:02:54.4577820Z   ---
2026-09-15T15:02:54.4578139Z   duration_ms: 918.996513
2026-09-15T15:02:54.4578414Z   ...
2026-09-15T15:02:54.4579920Z # Subtest: v2 uses two exact canonical compositions without changing Steady definition or capture defaults
2026-09-15T15:02:54.4580989Z ok 497 - v2 uses two exact canonical compositions without changing Steady definition or capture defaults
2026-09-15T15:02:54.4581276Z   ---
2026-09-15T15:02:54.4581456Z   duration_ms: 14.050047
2026-09-15T15:02:54.4581604Z   ...
2026-09-15T15:02:54.4582690Z # Subtest: v2 rejects unknown versions, partial compositions, duplicate references and bounded-data violations
2026-09-15T15:02:54.4583806Z ok 498 - v2 rejects unknown versions, partial compositions, duplicate references and bounded-data violations
2026-09-15T15:02:54.4584109Z   ---
2026-09-15T15:02:54.4584303Z   duration_ms: 4.210685
2026-09-15T15:02:54.4584598Z   ...
2026-09-15T15:02:54.4585851Z # Subtest: definition version and nested throwing accessors never execute; null-prototype data remains supported
2026-09-15T15:02:54.4587194Z ok 499 - definition version and nested throwing accessors never execute; null-prototype data remains supported
2026-09-15T15:02:54.4587368Z   ---
2026-09-15T15:02:54.4587682Z   duration_ms: 6.716983
2026-09-15T15:02:54.4587972Z   ...
2026-09-15T15:02:54.4588894Z # Subtest: setup binds actual normalized references, all recipes and original run without touching state
2026-09-15T15:02:54.4589845Z ok 500 - setup binds actual normalized references, all recipes and original run without touching state
2026-09-15T15:02:54.4590004Z   ---
2026-09-15T15:02:54.4590178Z   duration_ms: 41.911933
2026-09-15T15:02:54.4590565Z   ...
2026-09-15T15:02:54.4591242Z # Subtest: unknown pad/region/hangar/class/actor and wrong campaign cannot start an observer
2026-09-15T15:02:54.4591873Z ok 501 - unknown pad/region/hangar/class/actor and wrong campaign cannot start an observer
2026-09-15T15:02:54.4592021Z   ---
2026-09-15T15:02:54.4592194Z   duration_ms: 16.044798
2026-09-15T15:02:54.4592342Z   ...
2026-09-15T15:02:54.4593033Z # Subtest: valid fractional signal rectangles and default enemy radius use core normalized values
2026-09-15T15:02:54.4593703Z ok 502 - valid fractional signal rectangles and default enemy radius use core normalized values
2026-09-15T15:02:54.4593842Z   ---
2026-09-15T15:02:54.4594006Z   duration_ms: 9.000513
2026-09-15T15:02:54.4594145Z   ...
2026-09-15T15:02:54.4594901Z # Subtest: suppressed crossings require live-cut endpoints, half-open geometry and core expiry tolerance
2026-09-15T15:02:54.4595624Z ok 503 - suppressed crossings require live-cut endpoints, half-open geometry and core expiry tolerance
2026-09-15T15:02:54.4595766Z   ---
2026-09-15T15:02:54.4595919Z   duration_ms: 23.641286
2026-09-15T15:02:54.4596041Z   ...
2026-09-15T15:02:54.4596801Z # Subtest: short closed cuts never sum; failure and shield discard open crossings
2026-09-15T15:02:54.4597366Z ok 504 - short closed cuts never sum; failure and shield discard open crossings
2026-09-15T15:02:54.4597706Z   ---
2026-09-15T15:02:54.4615759Z   duration_ms: 11.21784
2026-09-15T15:02:54.4615949Z   ...
2026-09-15T15:02:54.4616818Z # Subtest: closure before recovery banks only the completed cut in original event order
2026-09-15T15:02:54.4617430Z ok 505 - closure before recovery banks only the completed cut in original event order
2026-09-15T15:02:54.4617573Z   ---
2026-09-15T15:02:54.4617732Z   duration_ms: 5.181081
2026-09-15T15:02:54.4617867Z   ...
2026-09-15T15:02:54.4618597Z # Subtest: impact redeployment also discards a Supply cut while retaining an earlier closed crossing
2026-09-15T15:02:54.4619286Z ok 506 - impact redeployment also discards a Supply cut while retaining an earlier closed crossing
2026-09-15T15:02:54.4619432Z   ---
2026-09-15T15:02:54.4619595Z   duration_ms: 8.347793
2026-09-15T15:02:54.4619728Z   ...
2026-09-15T15:02:54.4620522Z # Subtest: Supply stores distinct successful pads and one real switch; a later life loss is not a clean-win gate
2026-09-15T15:02:54.4621302Z ok 507 - Supply stores distinct successful pads and one real switch; a later life loss is not a clean-win gate
2026-09-15T15:02:54.4621438Z   ---
2026-09-15T15:02:54.4621599Z   duration_ms: 12.03018
2026-09-15T15:02:54.4621728Z   ...
2026-09-15T15:02:54.4622379Z # Subtest: actual full-pad and unsafe switch rejections produce no invented completion facts
2026-09-15T15:02:54.4622992Z ok 508 - actual full-pad and unsafe switch rejections produce no invented completion facts
2026-09-15T15:02:54.4623121Z   ---
2026-09-15T15:02:54.4623284Z   duration_ms: 18.182637
2026-09-15T15:02:54.4623419Z   ...
2026-09-15T15:02:54.4623942Z # Subtest: starting as the target equipment is not a successful hangar switch
2026-09-15T15:02:54.4624451Z ok 509 - starting as the target equipment is not a successful hangar switch
2026-09-15T15:02:54.4624589Z   ---
2026-09-15T15:02:54.4624752Z   duration_ms: 4.281648
2026-09-15T15:02:54.4624882Z   ...
2026-09-15T15:02:54.4625603Z # Subtest: Safe Return requires the complete same-pulse return, followed by a clean winning closure
2026-09-15T15:02:54.4626279Z ok 510 - Safe Return requires the complete same-pulse return, followed by a clean winning closure
2026-09-15T15:02:54.4633449Z   ---
2026-09-15T15:02:54.4633630Z   duration_ms: 5.649386
2026-09-15T15:02:54.4633770Z   ...
2026-09-15T15:02:54.4634047Z # Subtest: Safe Return rejects short cut
2026-09-15T15:02:54.4634311Z ok 511 - Safe Return rejects short cut
2026-09-15T15:02:54.4634458Z   ---
2026-09-15T15:02:54.4634621Z   duration_ms: 4.949016
2026-09-15T15:02:54.4634754Z   ...
2026-09-15T15:02:54.4635258Z # Subtest: Safe Return rejects wrong actor overlap despite another stun
2026-09-15T15:02:54.4635958Z ok 512 - Safe Return rejects wrong actor overlap despite another stun
2026-09-15T15:02:54.4636099Z   ---
2026-09-15T15:02:54.4636269Z   duration_ms: 5.081344
2026-09-15T15:02:54.4636617Z   ...
2026-09-15T15:02:54.4637027Z # Subtest: Safe Return rejects overlap without actual stun
2026-09-15T15:02:54.4637397Z ok 513 - Safe Return rejects overlap without actual stun
2026-09-15T15:02:54.4637543Z   ---
2026-09-15T15:02:54.4637716Z   duration_ms: 4.910233
2026-09-15T15:02:54.4637844Z   ...
2026-09-15T15:02:54.4638505Z # Subtest: pulse on safe ground cannot count; an unrelated old stun cannot replace the new pulse
2026-09-15T15:02:54.4639115Z ok 514 - pulse on safe ground cannot count; an unrelated old stun cannot replace the new pulse
2026-09-15T15:02:54.4639241Z   ---
2026-09-15T15:02:54.4639396Z   duration_ms: 7.938307
2026-09-15T15:02:54.4639528Z   ...
2026-09-15T15:02:54.4640059Z # Subtest: a clean pulse and completed recovery never erase an earlier lost life
2026-09-15T15:02:54.4640576Z ok 515 - a clean pulse and completed recovery never erase an earlier lost life
2026-09-15T15:02:54.4640725Z   ---
2026-09-15T15:02:54.4640886Z   duration_ms: 6.337483
2026-09-15T15:02:54.4641015Z   ...
2026-09-15T15:02:54.4641641Z # Subtest: timeout during impact recovery discards the pending candidate and cannot award
2026-09-15T15:02:54.4642407Z ok 516 - timeout during impact recovery discards the pending candidate and cannot award
2026-09-15T15:02:54.4642550Z   ---
2026-09-15T15:02:54.4642702Z   duration_ms: 4.450133
2026-09-15T15:02:54.4642838Z   ...
2026-09-15T15:02:54.4643578Z # Subtest: an actual core timeout on the pulse tick remains an unqualified loss, without observer failure
2026-09-15T15:02:54.4644274Z ok 517 - an actual core timeout on the pulse tick remains an unqualified loss, without observer failure
2026-09-15T15:02:54.4644411Z   ---
2026-09-15T15:02:54.4644572Z   duration_ms: 54.522804
2026-09-15T15:02:54.4644701Z   ...
2026-09-15T15:02:54.4645286Z # Subtest: an omitted recovery event or reused pulse identity cannot certify a return
2026-09-15T15:02:54.4645851Z ok 518 - an omitted recovery event or reused pulse identity cannot certify a return
2026-09-15T15:02:54.4645988Z   ---
2026-09-15T15:02:54.4646204Z   duration_ms: 5.491892
2026-09-15T15:02:54.4646866Z   ...
2026-09-15T15:02:54.4647663Z # Subtest: invalid fact/recovery/class samples reject atomically without poisoning the valid next tick
2026-09-15T15:02:54.4648389Z ok 519 - invalid fact/recovery/class samples reject atomically without poisoning the valid next tick
2026-09-15T15:02:54.4648532Z   ---
2026-09-15T15:02:54.4648698Z   duration_ms: 12.310113
2026-09-15T15:02:54.4648839Z   ...
2026-09-15T15:02:54.4649550Z # Subtest: impact fields must belong to that successful use and events keep redeployment before ability
2026-09-15T15:02:54.4650240Z ok 520 - impact fields must belong to that successful use and events keep redeployment before ability
2026-09-15T15:02:54.4650378Z   ---
2026-09-15T15:02:54.4650537Z   duration_ms: 12.942046
2026-09-15T15:02:54.4650675Z   ...
2026-09-15T15:02:54.4651395Z # Subtest: setup and fact accessors never run; snapshots and captured facts remain independently owned
2026-09-15T15:02:54.4652084Z ok 521 - setup and fact accessors never run; snapshots and captured facts remain independently owned
2026-09-15T15:02:54.4652214Z   ---
2026-09-15T15:02:54.4652380Z   duration_ms: 4.939458
2026-09-15T15:02:54.4652515Z   ...
2026-09-15T15:02:54.4653215Z # Subtest: new-run fragments and changed definition/setup cannot reuse partial equipment progress
2026-09-15T15:02:54.4653889Z ok 522 - new-run fragments and changed definition/setup cannot reuse partial equipment progress
2026-09-15T15:02:54.4654035Z   ---
2026-09-15T15:02:54.4654200Z   duration_ms: 9.090725
2026-09-15T15:02:54.4654339Z   ...
2026-09-15T15:02:54.4655204Z # Subtest: legal homeward-02/immediate/specialty/bomber preserves its archived checkpoint and optional qualification
2026-09-15T15:02:54.4656050Z ok 523 - legal homeward-02/immediate/specialty/bomber preserves its archived checkpoint and optional qualification
2026-09-15T15:02:54.4656701Z   ---
2026-09-15T15:02:54.4656947Z   duration_ms: 427.197689
2026-09-15T15:02:54.4657127Z   ...
2026-09-15T15:02:54.4658089Z # Subtest: legal homeward-02/immediate/fallback/interceptor preserves its archived checkpoint and optional qualification
2026-09-15T15:02:54.4658978Z ok 524 - legal homeward-02/immediate/fallback/interceptor preserves its archived checkpoint and optional qualification
2026-09-15T15:02:54.4659121Z   ---
2026-09-15T15:02:54.4659269Z   duration_ms: 614.311921
2026-09-15T15:02:54.4659392Z   ...
2026-09-15T15:02:54.4660260Z # Subtest: legal homeward-02/grid-center/specialty/bomber preserves its archived checkpoint and optional qualification
2026-09-15T15:02:54.4661074Z ok 525 - legal homeward-02/grid-center/specialty/bomber preserves its archived checkpoint and optional qualification
2026-09-15T15:02:54.4661215Z   ---
2026-09-15T15:02:54.4661354Z   duration_ms: 345.748832
2026-09-15T15:02:54.4661476Z   ...
2026-09-15T15:02:54.4662268Z # Subtest: legal homeward-02/grid-center/fallback/interceptor preserves its archived checkpoint and optional qualification
2026-09-15T15:02:54.4663099Z ok 526 - legal homeward-02/grid-center/fallback/interceptor preserves its archived checkpoint and optional qualification
2026-09-15T15:02:54.4663240Z   ---
2026-09-15T15:02:54.4663671Z   duration_ms: 620.511306
2026-09-15T15:02:54.4663816Z   ...
2026-09-15T15:02:54.4664690Z # Subtest: legal homeward-03/immediate/specialty/impact preserves its archived checkpoint and optional qualification
2026-09-15T15:02:54.4665542Z ok 527 - legal homeward-03/immediate/specialty/impact preserves its archived checkpoint and optional qualification
2026-09-15T15:02:54.4665676Z   ---
2026-09-15T15:02:54.4665828Z   duration_ms: 394.003694
2026-09-15T15:02:54.4665962Z   ...
2026-09-15T15:02:54.4667090Z # Subtest: legal homeward-03/immediate/fallback/interceptor preserves its archived checkpoint and optional qualification
2026-09-15T15:02:54.4667848Z ok 528 - legal homeward-03/immediate/fallback/interceptor preserves its archived checkpoint and optional qualification
2026-09-15T15:02:54.4667973Z   ---
2026-09-15T15:02:54.4668111Z   duration_ms: 211.922925
2026-09-15T15:02:54.4668245Z   ...
2026-09-15T15:02:54.4669042Z # Subtest: legal homeward-03/grid-center/specialty/impact preserves its archived checkpoint and optional qualification
2026-09-15T15:02:54.4669844Z ok 529 - legal homeward-03/grid-center/specialty/impact preserves its archived checkpoint and optional qualification
2026-09-15T15:02:54.4669978Z   ---
2026-09-15T15:02:54.4670130Z   duration_ms: 236.78464
2026-09-15T15:02:54.4670258Z   ...
2026-09-15T15:02:54.4671228Z # Subtest: legal homeward-03/grid-center/fallback/interceptor preserves its archived checkpoint and optional qualification
2026-09-15T15:02:54.4672082Z ok 530 - legal homeward-03/grid-center/fallback/interceptor preserves its archived checkpoint and optional qualification
2026-09-15T15:02:54.4672218Z   ---
2026-09-15T15:02:54.4672372Z   duration_ms: 149.613679
2026-09-15T15:02:54.4672510Z   ...
2026-09-15T15:02:54.4673249Z # Subtest: legal action omission homeward-02/immediate preserves the actual bounded outcome without a seal
2026-09-15T15:02:54.4673969Z ok 531 - legal action omission homeward-02/immediate preserves the actual bounded outcome without a seal
2026-09-15T15:02:54.4674109Z   ---
2026-09-15T15:02:54.4674267Z   duration_ms: 431.017612
2026-09-15T15:02:54.4674391Z   ...
2026-09-15T15:02:54.4675152Z # Subtest: legal action omission homeward-02/grid-center preserves the actual bounded outcome without a seal
2026-09-15T15:02:54.4675890Z ok 532 - legal action omission homeward-02/grid-center preserves the actual bounded outcome without a seal
2026-09-15T15:02:54.4676023Z   ---
2026-09-15T15:02:54.4676172Z   duration_ms: 257.053313
2026-09-15T15:02:54.4676304Z   ...
2026-09-15T15:02:54.4677255Z # Subtest: legal action omission homeward-03/immediate preserves the actual bounded outcome without a seal
2026-09-15T15:02:54.4677985Z ok 533 - legal action omission homeward-03/immediate preserves the actual bounded outcome without a seal
2026-09-15T15:02:54.4678328Z   ---
2026-09-15T15:02:54.4678487Z   duration_ms: 237.103607
2026-09-15T15:02:54.4678613Z   ...
2026-09-15T15:02:54.4679394Z # Subtest: legal action omission homeward-03/grid-center preserves the actual bounded outcome without a seal
2026-09-15T15:02:54.4680135Z ok 534 - legal action omission homeward-03/grid-center preserves the actual bounded outcome without a seal
2026-09-15T15:02:54.4680269Z   ---
2026-09-15T15:02:54.4680422Z   duration_ms: 238.057348
2026-09-15T15:02:54.4680552Z   ...
2026-09-15T15:02:54.4681504Z # Subtest: homeward-skies/homeward-01/fiber/immediate: optional observer preserves the old checkpoint and verified badge outcome
2026-09-15T15:02:54.4682450Z ok 535 - homeward-skies/homeward-01/fiber/immediate: optional observer preserves the old checkpoint and verified badge outcome
2026-09-15T15:02:54.4682596Z   ---
2026-09-15T15:02:54.4682764Z   duration_ms: 919.249874
2026-09-15T15:02:54.4682915Z   ...
2026-09-15T15:02:54.4683855Z # Subtest: homeward-skies/homeward-01/fiber/grid-center: optional observer preserves the old checkpoint and verified badge outcome
2026-09-15T15:02:54.4684712Z ok 536 - homeward-skies/homeward-01/fiber/grid-center: optional observer preserves the old checkpoint and verified badge outcome
2026-09-15T15:02:54.4685015Z   ---
2026-09-15T15:02:54.4685167Z   duration_ms: 663.691595
2026-09-15T15:02:54.4685297Z   ...
2026-09-15T15:02:54.4686148Z # Subtest: homeward-skies/homeward-01/interceptor/immediate: optional observer preserves the old checkpoint and verified badge outcome
2026-09-15T15:02:54.4687570Z ok 537 - homeward-skies/homeward-01/interceptor/immediate: optional observer preserves the old checkpoint and verified badge outcome
2026-09-15T15:02:54.4687713Z   ---
2026-09-15T15:02:54.4687917Z   duration_ms: 1991.053754
2026-09-15T15:02:54.4688050Z   ...
2026-09-15T15:02:54.4689066Z # Subtest: homeward-skies/homeward-01/interceptor/grid-center: optional observer preserves the old checkpoint and verified badge outcome
2026-09-15T15:02:54.4690127Z ok 538 - homeward-skies/homeward-01/interceptor/grid-center: optional observer preserves the old checkpoint and verified badge outcome
2026-09-15T15:02:54.4690268Z   ---
2026-09-15T15:02:54.4690424Z   duration_ms: 1900.611318
2026-09-15T15:02:54.4690549Z   ...
2026-09-15T15:02:54.4691222Z # Subtest: the award wrapper snapshots the replay, campaign and definition before yielding
2026-09-15T15:02:54.4691852Z ok 539 - the award wrapper snapshots the replay, campaign and definition before yielding
2026-09-15T15:02:54.4691980Z   ---
2026-09-15T15:02:54.4692134Z   duration_ms: 311.09052
2026-09-15T15:02:54.4692298Z   ...
2026-09-15T15:02:54.4692901Z # Subtest: map, campaign, roster and definition mismatch cannot issue a verified record
2026-09-15T15:02:54.4693454Z ok 540 - map, campaign, roster and definition mismatch cannot issue a verified record
2026-09-15T15:02:54.4693591Z   ---
2026-09-15T15:02:54.4693748Z   duration_ms: 374.296449
2026-09-15T15:02:54.4693882Z   ...
2026-09-15T15:02:54.4694518Z # Subtest: cancellation before, during and on the final progress callback grants no result
2026-09-15T15:02:54.4694949Z ok 541 - cancellation before, during and on the final progress callback grants no result
2026-09-15T15:02:54.4695031Z   ---
2026-09-15T15:02:54.4695126Z   duration_ms: 317.129975
2026-09-15T15:02:54.4695205Z   ...
2026-09-15T15:02:54.4695632Z # Subtest: an unfinished old live cut reconstructs an observer that continues without changing its old result
2026-09-15T15:02:54.4696050Z ok 542 - an unfinished old live cut reconstructs an observer that continues without changing its old result
2026-09-15T15:02:54.4696133Z   ---
2026-09-15T15:02:54.4696230Z   duration_ms: 235.660759
2026-09-15T15:02:54.4696308Z   ...
2026-09-15T15:02:54.4696886Z # Subtest: mismatched verification never releases a continuation observer
2026-09-15T15:02:54.4697165Z ok 543 - mismatched verification never releases a continuation observer
2026-09-15T15:02:54.4697555Z   ---
2026-09-15T15:02:54.4697653Z   duration_ms: 305.223768
2026-09-15T15:02:54.4697742Z   ...
2026-09-15T15:02:54.4698078Z # Subtest: the shared verifier honors cancellation on its final observation callback
2026-09-15T15:02:54.4698398Z ok 544 - the shared verifier honors cancellation on its final observation callback
2026-09-15T15:02:54.4698484Z   ---
2026-09-15T15:02:54.4698583Z   duration_ms: 288.450571
2026-09-15T15:02:54.4698662Z   ...
2026-09-15T15:02:54.4698941Z # Subtest: new structural snapshot is owned and cannot authorize an award
2026-09-15T15:02:54.4699205Z ok 545 - new structural snapshot is owned and cannot authorize an award
2026-09-15T15:02:54.4699285Z   ---
2026-09-15T15:02:54.4699374Z   duration_ms: 2.767105
2026-09-15T15:02:54.4699455Z   ...
2026-09-15T15:02:54.4699846Z # Subtest: host eligibility rejects practice and replay viewing without any write or check status
2026-09-15T15:02:54.4700211Z ok 546 - host eligibility rejects practice and replay viewing without any write or check status
2026-09-15T15:02:54.4700291Z   ---
2026-09-15T15:02:54.4700385Z   duration_ms: 1.041158
2026-09-15T15:02:54.4700463Z   ...
2026-09-15T15:02:54.4700798Z # Subtest: a verified live result persists independently of the next selected mission
2026-09-15T15:02:54.4701241Z ok 547 - a verified live result persists independently of the next selected mission
2026-09-15T15:02:54.4701325Z   ---
2026-09-15T15:02:54.4701417Z   duration_ms: 296.59388
2026-09-15T15:02:54.4701497Z   ...
2026-09-15T15:02:54.4701897Z # Subtest: profile replacement and explicit import/Undo/page-exit cancellation prevent stale awards
2026-09-15T15:02:54.4702288Z ok 548 - profile replacement and explicit import/Undo/page-exit cancellation prevent stale awards
2026-09-15T15:02:54.4702362Z   ---
2026-09-15T15:02:54.4702458Z   duration_ms: 302.714015
2026-09-15T15:02:54.4702535Z   ...
2026-09-15T15:02:54.4702824Z # Subtest: a nonqualifying clear and malformed recording cannot add a seal
2026-09-15T15:02:54.4703102Z ok 549 - a nonqualifying clear and malformed recording cannot add a seal
2026-09-15T15:02:54.4703187Z   ---
2026-09-15T15:02:54.4703283Z   duration_ms: 1691.139741
2026-09-15T15:02:54.4703358Z   ...
2026-09-15T15:02:54.4703768Z # Subtest: in-flight duplicate IDs and queue capacity cannot duplicate writes or start unbounded checks
2026-09-15T15:02:54.4704161Z ok 550 - in-flight duplicate IDs and queue capacity cannot duplicate writes or start unbounded checks
2026-09-15T15:02:54.4704236Z   ---
2026-09-15T15:02:54.4704334Z   duration_ms: 27.044436
2026-09-15T15:02:54.4704412Z   ...
2026-09-15T15:02:54.4704833Z # Subtest: storage failure retains an earned session seal and failed metadata commit reports unavailability
2026-09-15T15:02:54.4705245Z ok 551 - storage failure retains an earned session seal and failed metadata commit reports unavailability
2026-09-15T15:02:54.4705324Z   ---
2026-09-15T15:02:54.4705422Z   duration_ms: 585.209443
2026-09-15T15:02:54.4705496Z   ...
2026-09-15T15:02:54.4705862Z # Subtest: an accidental asynchronous persistence callback cannot announce a successful save
2026-09-15T15:02:54.4706208Z ok 552 - an accidental asynchronous persistence callback cannot announce a successful save
2026-09-15T15:02:54.4706282Z   ---
2026-09-15T15:02:54.4706613Z   duration_ms: 293.111979
2026-09-15T15:02:54.4706699Z   ...
2026-09-15T15:02:54.4707135Z # Subtest: optional goal text distinguishes open progress, safe credit, practice and lost-life attempts
2026-09-15T15:02:54.4707533Z ok 553 - optional goal text distinguishes open progress, safe credit, practice and lost-life attempts
2026-09-15T15:02:54.4707616Z   ---
2026-09-15T15:02:54.4707711Z   duration_ms: 297.387385
2026-09-15T15:02:54.4707785Z   ...
2026-09-15T15:02:54.4708182Z # Subtest: binary bundle retains exact metadata, owners and raw originals; canonical export is stable
2026-09-15T15:02:54.4708570Z ok 554 - binary bundle retains exact metadata, owners and raw originals; canonical export is stable
2026-09-15T15:02:54.4708652Z   ---
2026-09-15T15:02:54.4708744Z   duration_ms: 50.627719
2026-09-15T15:02:54.4708957Z   ...
2026-09-15T15:02:54.4709283Z # Subtest: empty domain is a valid explicit inventory with no invented originals
2026-09-15T15:02:54.4709578Z ok 555 - empty domain is a valid explicit inventory with no invented originals
2026-09-15T15:02:54.4709652Z   ---
2026-09-15T15:02:54.4709754Z   duration_ms: 1.504875
2026-09-15T15:02:54.4709832Z   ...
2026-09-15T15:02:54.4710246Z # Subtest: fresh restore hydrates removed-pack owners without installing content; restart keeps hashes
2026-09-15T15:02:54.4710630Z ok 556 - fresh restore hydrates removed-pack owners without installing content; restart keeps hashes
2026-09-15T15:02:54.4710709Z   ---
2026-09-15T15:02:54.4710803Z   duration_ms: 345.812975
2026-09-15T15:02:54.4710876Z   ...
2026-09-15T15:02:54.4711197Z # Subtest: same-byte asset aliases deduplicate physical payload and retain both IDs
2026-09-15T15:02:54.4711506Z ok 557 - same-byte asset aliases deduplicate physical payload and retain both IDs
2026-09-15T15:02:54.4711591Z   ---
2026-09-15T15:02:54.4711678Z   duration_ms: 47.953227
2026-09-15T15:02:54.4711755Z   ...
2026-09-15T15:02:54.4712238Z # Subtest: preserve mode retains destination assignment; explicit restore changes only assignment with history retained
2026-09-15T15:02:54.4712815Z ok 558 - preserve mode retains destination assignment; explicit restore changes only assignment with history retained
2026-09-15T15:02:54.4712897Z   ---
2026-09-15T15:02:54.4712991Z   duration_ms: 695.338914
2026-09-15T15:02:54.4713065Z   ...
2026-09-15T15:02:54.4713460Z # Subtest: corrupt headers, lengths, UTF-8, table order and trailing bytes fail before a decoder
2026-09-15T15:02:54.4713806Z ok 559 - corrupt headers, lengths, UTF-8, table order and trailing bytes fail before a decoder
2026-09-15T15:02:54.4713884Z   ---
2026-09-15T15:02:54.4713976Z   duration_ms: 114.575437
2026-09-15T15:02:54.4714062Z   ...
2026-09-15T15:02:54.4714461Z # Subtest: every referenced original is mandatory; extras, corrupt bytes and false image facts fail
2026-09-15T15:02:54.4714831Z ok 560 - every referenced original is mandatory; extras, corrupt bytes and false image facts fail
2026-09-15T15:02:54.4714909Z   ---
2026-09-15T15:02:54.4715000Z   duration_ms: 110.329558
2026-09-15T15:02:54.4715081Z   ...
2026-09-15T15:02:54.4715392Z # Subtest: strict full map/class/theme owners reject forged history before decoding
2026-09-15T15:02:54.4715689Z ok 561 - strict full map/class/theme owners reject forged history before decoding
2026-09-15T15:02:54.4715768Z   ---
2026-09-15T15:02:54.4715855Z   duration_ms: 115.614908
2026-09-15T15:02:54.4715934Z   ...
2026-09-15T15:02:54.4716515Z # Subtest: source Blob properties and metadata mutation cannot change an in-flight export/import
2026-09-15T15:02:54.4716929Z ok 562 - source Blob properties and metadata mutation cannot change an in-flight export/import
2026-09-15T15:02:54.4717006Z   ---
2026-09-15T15:02:54.4717105Z   duration_ms: 40.292819
2026-09-15T15:02:54.4717192Z   ...
2026-09-15T15:02:54.4717536Z # Subtest: aborted import and delayed decode cancellation never publish a verified object
2026-09-15T15:02:54.4717880Z ok 563 - aborted import and delayed decode cancellation never publish a verified object
2026-09-15T15:02:54.4717961Z   ---
2026-09-15T15:02:54.4718050Z   duration_ms: 20.446952
2026-09-15T15:02:54.4718128Z   ...
2026-09-15T15:02:54.4718457Z # Subtest: review cancellation is read-only and forged reviews/imports cannot commit
2026-09-15T15:02:54.4718768Z ok 564 - review cancellation is read-only and forged reviews/imports cannot commit
2026-09-15T15:02:54.4718844Z   ---
2026-09-15T15:02:54.4718936Z   duration_ms: 145.858677
2026-09-15T15:02:54.4719013Z   ...
2026-09-15T15:02:54.4719379Z # Subtest: immutable asset/revision conflicts and missing earlier revisions refuse during review
2026-09-15T15:02:54.4719736Z ok 565 - immutable asset/revision conflicts and missing earlier revisions refuse during review
2026-09-15T15:02:54.4719815Z   ---
2026-09-15T15:02:54.4719906Z   duration_ms: 449.518316
2026-09-15T15:02:54.4720145Z   ...
2026-09-15T15:02:54.4720503Z # Subtest: a newer media writer invalidates the reviewed generation before any restore writes
2026-09-15T15:02:54.4720845Z ok 566 - a newer media writer invalidates the reviewed generation before any restore writes
2026-09-15T15:02:54.4720919Z   ---
2026-09-15T15:02:54.4721027Z   duration_ms: 181.165556
2026-09-15T15:02:54.4721107Z   ...
2026-09-15T15:02:54.4721418Z # Subtest: reported quota refusal leaves prior originals/audio and generation intact
2026-09-15T15:02:54.4721730Z ok 567 - reported quota refusal leaves prior originals/audio and generation intact
2026-09-15T15:02:54.4721813Z   ---
2026-09-15T15:02:54.4721908Z   duration_ms: 310.463454
2026-09-15T15:02:54.4721981Z   ...
2026-09-15T15:02:54.4722377Z # Subtest: transaction abort rolls back staged originals; cancellation after commit remains success
2026-09-15T15:02:54.4722747Z ok 568 - transaction abort rolls back staged originals; cancellation after commit remains success
2026-09-15T15:02:54.4722830Z   ---
2026-09-15T15:02:54.4722923Z   duration_ms: 497.354423
2026-09-15T15:02:54.4723000Z   ...
2026-09-15T15:02:54.4723354Z # Subtest: valid restore preserves the exact separate .rlsound export and original MP3 bytes
2026-09-15T15:02:54.4723805Z ok 569 - valid restore preserves the exact separate .rlsound export and original MP3 bytes
2026-09-15T15:02:54.4723889Z   ---
2026-09-15T15:02:54.4723983Z   duration_ms: 172.936149
2026-09-15T15:02:54.4724059Z   ...
2026-09-15T15:02:54.4724405Z # Subtest: retained generic originals round-trip into fresh and matching v2-history stores
2026-09-15T15:02:54.4724733Z ok 570 - retained generic originals round-trip into fresh and matching v2-history stores
2026-09-15T15:02:54.4724811Z   ---
2026-09-15T15:02:54.4724897Z   duration_ms: 469.521548
2026-09-15T15:02:54.4724975Z   ...
2026-09-15T15:02:54.4725333Z # Subtest: valid unused owner records are retained exactly without granting installed contexts
2026-09-15T15:02:54.4725672Z ok 571 - valid unused owner records are retained exactly without granting installed contexts
2026-09-15T15:02:54.4725757Z   ---
2026-09-15T15:02:54.4725857Z   duration_ms: 516.077069
2026-09-15T15:02:54.4725932Z   ...
2026-09-15T15:02:54.4726477Z # Subtest: PNG bytes, hash and metadata stay exact; filename/type do not determine the format
2026-09-15T15:02:54.4726867Z ok 572 - PNG bytes, hash and metadata stay exact; filename/type do not determine the format
2026-09-15T15:02:54.4726949Z   ---
2026-09-15T15:02:54.4727042Z   duration_ms: 14.35068
2026-09-15T15:02:54.4727120Z   ...
2026-09-15T15:02:54.4727506Z # Subtest: JPEG header uses the required decoder; a header-only fixture cannot certify playback
2026-09-15T15:02:54.4728095Z ok 573 - JPEG header uses the required decoder; a header-only fixture cannot certify playback
2026-09-15T15:02:54.4728180Z   ---
2026-09-15T15:02:54.4728274Z   duration_ms: 4.929619
2026-09-15T15:02:54.4728351Z   ...
2026-09-15T15:02:54.4728673Z # Subtest: size/header/animation/dimension bombs reject before allocating a decoder
2026-09-15T15:02:54.4728986Z ok 574 - size/header/animation/dimension bombs reject before allocating a decoder
2026-09-15T15:02:54.4729064Z   ---
2026-09-15T15:02:54.4729151Z   duration_ms: 6.130586
2026-09-15T15:02:54.4729231Z   ...
2026-09-15T15:02:54.4729632Z # Subtest: decoded mismatch, rejected decode and malicious dimensions never produce a prepared asset
2026-09-15T15:02:54.4730009Z ok 575 - decoded mismatch, rejected decode and malicious dimensions never produce a prepared asset
2026-09-15T15:02:54.4730084Z   ---
2026-09-15T15:02:54.4730176Z   duration_ms: 2.205594
2026-09-15T15:02:54.4730254Z   ...
2026-09-15T15:02:54.4730614Z # Subtest: caller metadata and Blob accessors cannot alter the in-flight bytes or invoke getters
2026-09-15T15:02:54.4730962Z ok 576 - caller metadata and Blob accessors cannot alter the in-flight bytes or invoke getters
2026-09-15T15:02:54.4731040Z   ---
2026-09-15T15:02:54.4731125Z   duration_ms: 4.839201
2026-09-15T15:02:54.4731202Z   ...
2026-09-15T15:02:54.4731562Z # Subtest: cancellation before read or after an asynchronous decoder prevents late adoption
2026-09-15T15:02:54.4732048Z ok 577 - cancellation before read or after an asynchronous decoder prevents late adoption
2026-09-15T15:02:54.4732123Z   ---
2026-09-15T15:02:54.4732216Z   duration_ms: 1.510034
2026-09-15T15:02:54.4732294Z   ...
2026-09-15T15:02:54.4732658Z # Subtest: default browser decoder cannot silently fall back to header-only validation in Node
2026-09-15T15:02:54.4733007Z ok 578 - default browser decoder cannot silently fall back to header-only validation in Node
2026-09-15T15:02:54.4733088Z   ---
2026-09-15T15:02:54.4733179Z   duration_ms: 0.896166
2026-09-15T15:02:54.4733255Z   ...
2026-09-15T15:02:54.4733641Z # Subtest: modeled browser adapter revokes its temporary URL on full decode, error and cancellation
2026-09-15T15:02:54.4734010Z ok 579 - modeled browser adapter revokes its temporary URL on full decode, error and cancellation
2026-09-15T15:02:54.4734084Z   ---
2026-09-15T15:02:54.4734174Z   duration_ms: 9.956852
2026-09-15T15:02:54.4734256Z   ...
2026-09-15T15:02:54.4734590Z # Subtest: abort during browser allocation is rechecked before any image source is loaded
2026-09-15T15:02:54.4734910Z ok 580 - abort during browser allocation is rechecked before any image source is loaded
2026-09-15T15:02:54.4734989Z   ---
2026-09-15T15:02:54.4735192Z   duration_ms: 1.655977
2026-09-15T15:02:54.4735268Z   ...
2026-09-15T15:02:54.4735777Z # Subtest: actual controls are moved once, native loadout edits and locked missions survive, and destroy restores original nodes
2026-09-15T15:02:54.4736269Z ok 581 - actual controls are moved once, native loadout edits and locked missions survive, and destroy restores original nodes
2026-09-15T15:02:54.4736624Z   ---
2026-09-15T15:02:54.4736756Z   duration_ms: 2432.362547
2026-09-15T15:02:54.4736839Z   ...
2026-09-15T15:02:54.4737300Z # Subtest: chapter activation dispatches one real change; a pending install cannot receive a second card command
2026-09-15T15:02:54.4737732Z ok 582 - chapter activation dispatches one real change; a pending install cannot receive a second card command
2026-09-15T15:02:54.4737813Z   ---
2026-09-15T15:02:54.4737907Z   duration_ms: 1833.945055
2026-09-15T15:02:54.4737980Z   ...
2026-09-15T15:02:54.4738425Z # Subtest: failed native install preserves the prior pack, mission and saved bytes and exposes the host error
2026-09-15T15:02:54.4738851Z ok 583 - failed native install preserves the prior pack, mission and saved bytes and exposes the host error
2026-09-15T15:02:54.4738929Z   ---
2026-09-15T15:02:54.4739020Z   duration_ms: 1410.095309
2026-09-15T15:02:54.4739098Z   ...
2026-09-15T15:02:54.4739590Z # Subtest: sync follows native selection/options/disabled state without dispatching or reviving removed chapter controls
2026-09-15T15:02:54.4740057Z ok 584 - sync follows native selection/options/disabled state without dispatching or reviving removed chapter controls
2026-09-15T15:02:54.4740137Z   ---
2026-09-15T15:02:54.4740232Z   duration_ms: 1319.25041
2026-09-15T15:02:54.4740315Z   ...
2026-09-15T15:02:54.4740836Z # Subtest: native summary and chapter cards use the existing controller adapter; current chapter selects missions without resetting
2026-09-15T15:02:54.4741346Z ok 585 - native summary and chapter cards use the existing controller adapter; current chapter selects missions without resetting
2026-09-15T15:02:54.4741425Z   ---
2026-09-15T15:02:54.4741513Z   duration_ms: 1250.828919
2026-09-15T15:02:54.4741593Z   ...
2026-09-15T15:02:54.4742030Z # Subtest: source-only observation synchronizes status and options and cannot recreate controls after destroy
2026-09-15T15:02:54.4742450Z ok 586 - source-only observation synchronizes status and options and cannot recreate controls after destroy
2026-09-15T15:02:54.4742524Z   ---
2026-09-15T15:02:54.4742621Z   duration_ms: 1049.597944
2026-09-15T15:02:54.4742701Z   ...
2026-09-15T15:02:54.4743065Z # Subtest: legacy duel keeps the exact previous object shape, ordering, defaults and run bytes
2026-09-15T15:02:54.4743572Z ok 587 - legacy duel keeps the exact previous object shape, ordering, defaults and run bytes
2026-09-15T15:02:54.4743655Z   ---
2026-09-15T15:02:54.4743751Z   duration_ms: 10.701154
2026-09-15T15:02:54.4743827Z   ...
2026-09-15T15:02:54.4744237Z # Subtest: immediate/ordinary: identical legal encounter routes draw at the exact proven core3 finish
2026-09-15T15:02:54.4744622Z ok 588 - immediate/ordinary: identical legal encounter routes draw at the exact proven core3 finish
2026-09-15T15:02:54.4744696Z   ---
2026-09-15T15:02:54.4744791Z   duration_ms: 208.171159
2026-09-15T15:02:54.4744871Z   ...
2026-09-15T15:02:54.4745266Z # Subtest: immediate/isolation: identical legal encounter routes draw at the exact proven core3 finish
2026-09-15T15:02:54.4745649Z ok 589 - immediate/isolation: identical legal encounter routes draw at the exact proven core3 finish
2026-09-15T15:02:54.4745730Z   ---
2026-09-15T15:02:54.4745824Z   duration_ms: 274.537973
2026-09-15T15:02:54.4745897Z   ...
2026-09-15T15:02:54.4746548Z # Subtest: immediate/recovered: identical legal encounter routes draw at the exact proven core3 finish
2026-09-15T15:02:54.4746940Z ok 590 - immediate/recovered: identical legal encounter routes draw at the exact proven core3 finish
2026-09-15T15:02:54.4747015Z   ---
2026-09-15T15:02:54.4747108Z   duration_ms: 261.425835
2026-09-15T15:02:54.4747316Z   ...
2026-09-15T15:02:54.4747770Z # Subtest: immediate: pauses across every encounter stage freeze both clocks and retain the winning continuation
2026-09-15T15:02:54.4748199Z ok 591 - immediate: pauses across every encounter stage freeze both clocks and retain the winning continuation
2026-09-15T15:02:54.4748280Z   ---
2026-09-15T15:02:54.4748374Z   duration_ms: 113.30544
2026-09-15T15:02:54.4748447Z   ...
2026-09-15T15:02:54.4748746Z # Subtest: immediate: player1's actual core release wins over an idle board
2026-09-15T15:02:54.4749025Z ok 592 - immediate: player1's actual core release wins over an idle board
2026-09-15T15:02:54.4749104Z   ---
2026-09-15T15:02:54.4749201Z   duration_ms: 76.181431
2026-09-15T15:02:54.4749287Z   ...
2026-09-15T15:02:54.4749580Z # Subtest: immediate: player2's actual core release wins over an idle board
2026-09-15T15:02:54.4749844Z ok 593 - immediate: player2's actual core release wins over an idle board
2026-09-15T15:02:54.4749926Z   ---
2026-09-15T15:02:54.4750022Z   duration_ms: 98.178201
2026-09-15T15:02:54.4750095Z   ...
2026-09-15T15:02:54.4750513Z # Subtest: grid-center/ordinary: identical legal encounter routes draw at the exact proven core3 finish
2026-09-15T15:02:54.4750908Z ok 594 - grid-center/ordinary: identical legal encounter routes draw at the exact proven core3 finish
2026-09-15T15:02:54.4750988Z   ---
2026-09-15T15:02:54.4751076Z   duration_ms: 140.591752
2026-09-15T15:02:54.4751155Z   ...
2026-09-15T15:02:54.4751561Z # Subtest: grid-center/isolation: identical legal encounter routes draw at the exact proven core3 finish
2026-09-15T15:02:54.4751945Z ok 595 - grid-center/isolation: identical legal encounter routes draw at the exact proven core3 finish
2026-09-15T15:02:54.4752030Z   ---
2026-09-15T15:02:54.4752123Z   duration_ms: 251.478726
2026-09-15T15:02:54.4752204Z   ...
2026-09-15T15:02:54.4752600Z # Subtest: grid-center/recovered: identical legal encounter routes draw at the exact proven core3 finish
2026-09-15T15:02:54.4752989Z ok 596 - grid-center/recovered: identical legal encounter routes draw at the exact proven core3 finish
2026-09-15T15:02:54.4753070Z   ---
2026-09-15T15:02:54.4753157Z   duration_ms: 150.512003
2026-09-15T15:02:54.4753237Z   ...
2026-09-15T15:02:54.4753688Z # Subtest: grid-center: pauses across every encounter stage freeze both clocks and retain the winning continuation
2026-09-15T15:02:54.4754121Z ok 597 - grid-center: pauses across every encounter stage freeze both clocks and retain the winning continuation
2026-09-15T15:02:54.4754195Z   ---
2026-09-15T15:02:54.4754291Z   duration_ms: 91.460929
2026-09-15T15:02:54.4754370Z   ...
2026-09-15T15:02:54.4754705Z # Subtest: grid-center: player1's actual core release wins over an idle board
2026-09-15T15:02:54.4755290Z ok 598 - grid-center: player1's actual core release wins over an idle board
2026-09-15T15:02:54.4755374Z   ---
2026-09-15T15:02:54.4755490Z   duration_ms: 58.03926
2026-09-15T15:02:54.4755623Z   ...
2026-09-15T15:02:54.4755931Z # Subtest: grid-center: player2's actual core release wins over an idle board
2026-09-15T15:02:54.4756216Z ok 599 - grid-center: player2's actual core release wins over an idle board
2026-09-15T15:02:54.4756291Z   ---
2026-09-15T15:02:54.4756589Z   duration_ms: 51.765976
2026-09-15T15:02:54.4756671Z   ...
2026-09-15T15:02:54.4757109Z # Subtest: future packet version gate uses the explicitly selected match and preserves omitted legacy context
2026-09-15T15:02:54.4757534Z ok 600 - future packet version gate uses the explicitly selected match and preserves omitted legacy context
2026-09-15T15:02:54.4757615Z   ---
2026-09-15T15:02:54.4757711Z   duration_ms: 3.157415
2026-09-15T15:02:54.4757786Z   ...
2026-09-15T15:02:54.4758196Z # Subtest: core3 packet mismatch never bypasses match identity, order, player or data-only command gate
2026-09-15T15:02:54.4758581Z ok 601 - core3 packet mismatch never bypasses match identity, order, player or data-only command gate
2026-09-15T15:02:54.4758655Z   ---
2026-09-15T15:02:54.4758886Z   duration_ms: 0.677898
2026-09-15T15:02:54.4758972Z   ...
2026-09-15T15:02:54.4759326Z # Subtest: invalid second encounter command is rejected before either core3 board advances
2026-09-15T15:02:54.4759650Z ok 602 - invalid second encounter command is rejected before either core3 board advances
2026-09-15T15:02:54.4759729Z   ---
2026-09-15T15:02:54.4759820Z   duration_ms: 3.551522
2026-09-15T15:02:54.4759895Z   ...
2026-09-15T15:02:54.4760365Z # Subtest: offline source pages have no registration side effect and reject explicit preparation without build marker
2026-09-15T15:02:54.4760813Z ok 603 - offline source pages have no registration side effect and reject explicit preparation without build marker
2026-09-15T15:02:54.4760897Z   ---
2026-09-15T15:02:54.4760984Z   duration_ms: 3.840954
2026-09-15T15:02:54.4761064Z   ...
2026-09-15T15:02:54.4761324Z # Subtest: scope metadata rejects a remote worker or a sibling app
2026-09-15T15:02:54.4761558Z ok 604 - scope metadata rejects a remote worker or a sibling app
2026-09-15T15:02:54.4761643Z   ---
2026-09-15T15:02:54.4761736Z   duration_ms: 0.41703
2026-09-15T15:02:54.4761811Z   ...
2026-09-15T15:02:54.4762227Z # Subtest: install verifies all shipped bytes and activate removes only this exact scope previous versions
2026-09-15T15:02:54.4762624Z ok 605 - install verifies all shipped bytes and activate removes only this exact scope previous versions
2026-09-15T15:02:54.4762782Z   ---
2026-09-15T15:02:54.4762944Z   duration_ms: 76.907829
2026-09-15T15:02:54.4763045Z   ...
2026-09-15T15:02:54.4763450Z # Subtest: failed network or integrity prevents installation and preserves the active previous cache
2026-09-15T15:02:54.4763829Z ok 606 - failed network or integrity prevents installation and preserves the active previous cache
2026-09-15T15:02:54.4763916Z   ---
2026-09-15T15:02:54.4764011Z   duration_ms: 8.273494
2026-09-15T15:02:54.4764089Z   ...
2026-09-15T15:02:54.4764464Z # Subtest: a cached version supports nested navigations and sibling shipped assets with no network
2026-09-15T15:02:54.4764834Z ok 607 - a cached version supports nested navigations and sibling shipped assets with no network
2026-09-15T15:02:54.4764914Z   ---
2026-09-15T15:02:54.4765003Z   duration_ms: 13.586699
2026-09-15T15:02:54.4765091Z   ...
2026-09-15T15:02:54.4765462Z # Subtest: worker never intercepts another release, remote URL, unknown route or mutating request
2026-09-15T15:02:54.4766085Z ok 608 - worker never intercepts another release, remote URL, unknown route or mutating request
2026-09-15T15:02:54.4766182Z   ---
2026-09-15T15:02:54.4766280Z   duration_ms: 10.681226
2026-09-15T15:02:54.4766491Z   ...
2026-09-15T15:02:54.4766922Z # Subtest: self-check detects corrupt and missing files without a network request
2026-09-15T15:02:54.4767399Z ok 609 - self-check detects corrupt and missing files without a network request
2026-09-15T15:02:54.4767480Z   ---
2026-09-15T15:02:54.4767572Z   duration_ms: 9.162306
2026-09-15T15:02:54.4767651Z   ...
2026-09-15T15:02:54.4768121Z # Subtest: a missing file may repair from its expected bytes but cannot mix another deployed version into active code
2026-09-15T15:02:54.4768561Z ok 610 - a missing file may repair from its expected bytes but cannot mix another deployed version into active code
2026-09-15T15:02:54.4768635Z   ---
2026-09-15T15:02:54.4768732Z   duration_ms: 13.439402
2026-09-15T15:02:54.4768814Z   ...
2026-09-15T15:02:54.4769131Z # Subtest: cached complete install is reused offline without redownloading resources
2026-09-15T15:02:54.4769441Z ok 611 - cached complete install is reused offline without redownloading resources
2026-09-15T15:02:54.4769520Z   ---
2026-09-15T15:02:54.4769611Z   duration_ms: 12.102535
2026-09-15T15:02:54.4769692Z   ...
2026-09-15T15:02:54.4770183Z # Subtest: explicit preparation and later verification expose a bounded worker report; waiting updates never skip waiting
2026-09-15T15:02:54.4770654Z ok 612 - explicit preparation and later verification expose a bounded worker report; waiting updates never skip waiting
2026-09-15T15:02:54.4770891Z   ---
2026-09-15T15:02:54.4770991Z   duration_ms: 4.967921
2026-09-15T15:02:54.4771070Z   ...
2026-09-15T15:02:54.4771463Z # Subtest: explicit prepare repairs an evicted file after reconnection without discarding other scopes
2026-09-15T15:02:54.4771845Z ok 613 - explicit prepare repairs an evicted file after reconnection without discarding other scopes
2026-09-15T15:02:54.4771923Z   ---
2026-09-15T15:02:54.4772017Z   duration_ms: 13.967895
2026-09-15T15:02:54.4772090Z   ...
2026-09-15T15:02:54.4772463Z # Subtest: network bodies are consumed once without cloning and reconstructed with decoded headers
2026-09-15T15:02:54.4772821Z ok 614 - network bodies are consumed once without cloning and reconstructed with decoded headers
2026-09-15T15:02:54.4772900Z   ---
2026-09-15T15:02:54.4773000Z   duration_ms: 7.713436
2026-09-15T15:02:54.4773080Z   ...
2026-09-15T15:02:54.4773449Z # Subtest: stream overruns are cancelled before copying and malformed bodies never create a cache
2026-09-15T15:02:54.4773805Z ok 615 - stream overruns are cancelled before copying and malformed bodies never create a cache
2026-09-15T15:02:54.4773886Z   ---
2026-09-15T15:02:54.4773979Z   duration_ms: 14.242107
2026-09-15T15:02:54.4774053Z   ...
2026-09-15T15:02:54.4774442Z # Subtest: generated byte and file budgets reject malformed inventory before body allocation or fetch
2026-09-15T15:02:54.4774815Z ok 616 - generated byte and file budgets reject malformed inventory before body allocation or fetch
2026-09-15T15:02:54.4774894Z   ---
2026-09-15T15:02:54.4774981Z   duration_ms: 20.775345
2026-09-15T15:02:54.4775060Z   ...
2026-09-15T15:02:54.4775385Z # Subtest: redirects, opaque/error and non-cacheable network responses remain rejected
2026-09-15T15:02:54.4775696Z ok 617 - redirects, opaque/error and non-cacheable network responses remain rejected
2026-09-15T15:02:54.4775776Z   ---
2026-09-15T15:02:54.4775869Z   duration_ms: 11.195218
2026-09-15T15:02:54.4775942Z   ...
2026-09-15T15:02:54.4776265Z # Subtest: valid empty 200, 204 and 205 bodies retain status and an accurate zero length
2026-09-15T15:02:54.4776873Z ok 618 - valid empty 200, 204 and 205 bodies retain status and an accurate zero length
2026-09-15T15:02:54.4776958Z   ---
2026-09-15T15:02:54.4777049Z   duration_ms: 24.267417
2026-09-15T15:02:54.4777126Z   ...
2026-09-15T15:02:54.4777479Z # Subtest: actual illustrated Workshop bytes survive both install and missing-file repair
2026-09-15T15:02:54.4777804Z ok 619 - actual illustrated Workshop bytes survive both install and missing-file repair
2026-09-15T15:02:54.4777885Z   ---
2026-09-15T15:02:54.4777980Z   duration_ms: 174.369859
2026-09-15T15:02:54.4778058Z   ...
2026-09-15T15:02:54.4778463Z # Subtest: native fetch gzip and brotli decoding produces cacheable owned payloads with preserved policy
2026-09-15T15:02:54.4778996Z ok 620 - native fetch gzip and brotli decoding produces cacheable owned payloads with preserved policy
2026-09-15T15:02:54.4779079Z   ---
2026-09-15T15:02:54.4779167Z   duration_ms: 54.626998
2026-09-15T15:02:54.4779250Z   ...
2026-09-15T15:02:54.4779661Z # Subtest: all downloads finish before a new cache exists and the older build stays exact until activation
2026-09-15T15:02:54.4780048Z ok 621 - all downloads finish before a new cache exists and the older build stays exact until activation
2026-09-15T15:02:54.4780123Z   ---
2026-09-15T15:02:54.4780215Z   duration_ms: 13.176874
2026-09-15T15:02:54.4780293Z   ...
2026-09-15T15:02:54.4780760Z # Subtest: installation overlaps at most four downloads and publishes in inventory order only after every body verifies
2026-09-15T15:02:54.4781215Z ok 622 - installation overlaps at most four downloads and publishes in inventory order only after every body verifies
2026-09-15T15:02:54.4781300Z   ---
2026-09-15T15:02:54.4781392Z   duration_ms: 15.598263
2026-09-15T15:02:54.4781467Z   ...
2026-09-15T15:02:54.4781898Z # Subtest: a failed parallel download aborts active requests, stops the queue and preserves the previous cache
2026-09-15T15:02:54.4782434Z ok 623 - a failed parallel download aborts active requests, stops the queue and preserves the previous cache
2026-09-15T15:02:54.4782517Z   ---
2026-09-15T15:02:54.4782611Z   duration_ms: 4.367619
2026-09-15T15:02:54.4782691Z   ...
2026-09-15T15:02:54.4783058Z # Subtest: simultaneous prepare requests share one install and can retry after a failed download
2026-09-15T15:02:54.4783417Z ok 624 - simultaneous prepare requests share one install and can retry after a failed download
2026-09-15T15:02:54.4783497Z   ---
2026-09-15T15:02:54.4783588Z   duration_ms: 11.962833
2026-09-15T15:02:54.4783661Z   ...
2026-09-15T15:02:54.4783968Z # Subtest: native streaming downloads abort after another file fails verification
2026-09-15T15:02:54.4784266Z ok 625 - native streaming downloads abort after another file fails verification
2026-09-15T15:02:54.4784341Z   ---
2026-09-15T15:02:54.4784432Z   duration_ms: 12.007918
2026-09-15T15:02:54.4784510Z   ...
2026-09-15T15:02:54.4784902Z # Subtest: asset and marker cache-write failures clean only the partial build and never claim clients
2026-09-15T15:02:54.4785271Z ok 626 - asset and marker cache-write failures clean only the partial build and never claim clients
2026-09-15T15:02:54.4785350Z   ---
2026-09-15T15:02:54.4785443Z   duration_ms: 8.728505
2026-09-15T15:02:54.4785517Z   ...
2026-09-15T15:02:54.4785838Z # Subtest: repair cache-write failure returns 503 and keeps unrelated verified entries
2026-09-15T15:02:54.4786149Z ok 627 - repair cache-write failure returns 503 and keeps unrelated verified entries
2026-09-15T15:02:54.4786222Z   ---
2026-09-15T15:02:54.4786527Z   duration_ms: 5.597158
2026-09-15T15:02:54.4786663Z   ...
2026-09-15T15:02:54.4787289Z # (node:3096) ExperimentalWarning: The MockTimers API is an experimental feature and might change at any time
2026-09-15T15:02:54.4787571Z # (Use `node --trace-warnings ...` to show where the warning was created)
2026-09-15T15:02:54.4788092Z # Subtest: optional pack preparation and verification explicitly distinguish core cache from already-installed device packs
2026-09-15T15:02:54.4788587Z ok 628 - optional pack preparation and verification explicitly distinguish core cache from already-installed device packs
2026-09-15T15:02:54.4788667Z   ---
2026-09-15T15:02:54.4788762Z   duration_ms: 3.819835
2026-09-15T15:02:54.4788841Z   ...
2026-09-15T15:02:54.4789382Z # Subtest: a measured installing-worker download survives more than sixty seconds and separates downloaded, verified and saved work
2026-09-15T15:02:54.4789896Z ok 629 - a measured installing-worker download survives more than sixty seconds and separates downloaded, verified and saved work
2026-09-15T15:02:54.4789976Z   ---
2026-09-15T15:02:54.4790069Z   duration_ms: 24.507125
2026-09-15T15:02:54.4790290Z   ...
2026-09-15T15:02:54.4790732Z # Subtest: an installation observation timeout is recoverable; reopening and two tabs rejoin the same download
2026-09-15T15:02:54.4791152Z ok 630 - an installation observation timeout is recoverable; reopening and two tabs rejoin the same download
2026-09-15T15:02:54.4791235Z   ---
2026-09-15T15:02:54.4791324Z   duration_ms: 17.806911
2026-09-15T15:02:54.4791403Z   ...
2026-09-15T15:02:54.4791904Z # Subtest: closing an observer aborts only that caller; background installation completes and cached reopening does not fetch
2026-09-15T15:02:54.4792395Z ok 631 - closing an observer aborts only that caller; background installation completes and cached reopening does not fetch
2026-09-15T15:02:54.4792469Z   ---
2026-09-15T15:02:54.4792564Z   duration_ms: 12.300535
2026-09-15T15:02:54.4792651Z   ...
2026-09-15T15:02:54.4793152Z # Subtest: separate report timeout and cancellation during cached verification preserve storage and do not start preparation
2026-09-15T15:02:54.4793653Z ok 632 - separate report timeout and cancellation during cached verification preserve storage and do not start preparation
2026-09-15T15:02:54.4793733Z   ---
2026-09-15T15:02:54.4793821Z   duration_ms: 18.477177
2026-09-15T15:02:54.4793902Z   ...
2026-09-15T15:02:54.4794453Z # Subtest: a historical terminal-only worker remains compatible while a silent old install times out truthfully
2026-09-15T15:02:54.4794883Z ok 633 - a historical terminal-only worker remains compatible while a silent old install times out truthfully
2026-09-15T15:02:54.4794957Z   ---
2026-09-15T15:02:54.4795048Z   duration_ms: 6.850954
2026-09-15T15:02:54.4795125Z   ...
2026-09-15T15:02:54.4795605Z # Subtest: versioned progress rejects mismatched build or scope before downloads and ignores a stale request completion
2026-09-15T15:02:54.4796069Z ok 634 - versioned progress rejects mismatched build or scope before downloads and ignores a stale request completion
2026-09-15T15:02:54.4796149Z   ---
2026-09-15T15:02:54.4796248Z   duration_ms: 10.396815
2026-09-15T15:02:54.4796548Z   ...
2026-09-15T15:02:54.4796896Z # Subtest: a changed or redundant worker cannot publish success to an old observation
2026-09-15T15:02:54.4797216Z ok 635 - a changed or redundant worker cannot publish success to an old observation
2026-09-15T15:02:54.4797293Z   ---
2026-09-15T15:02:54.4797399Z   duration_ms: 18.014071
2026-09-15T15:02:54.4797486Z   ...
2026-09-15T15:02:54.4797900Z # Subtest: streamed integrity, missing-file and quota failures remain real failures with no ready claim
2026-09-15T15:02:54.4798293Z ok 636 - streamed integrity, missing-file and quota failures remain real failures with no ready claim
2026-09-15T15:02:54.4798371Z   ---
2026-09-15T15:02:54.4798463Z   duration_ms: 15.334219
2026-09-15T15:02:54.4798537Z   ...
2026-09-15T15:02:54.4799012Z # Subtest: versioned subscribers release on detach, completion, expiry and capacity while shared install keeps running
2026-09-15T15:02:54.4799463Z ok 637 - versioned subscribers release on detach, completion, expiry and capacity while shared install keeps running
2026-09-15T15:02:54.4799547Z   ---
2026-09-15T15:02:54.4799635Z   duration_ms: 13.936395
2026-09-15T15:02:54.4799716Z   ...
2026-09-15T15:02:54.4800152Z # Subtest: aborting while registration is pending detaches promptly and never unregisters the eventual worker
2026-09-15T15:02:54.4800564Z ok 638 - aborting while registration is pending detaches promptly and never unregisters the eventual worker
2026-09-15T15:02:54.4800643Z   ---
2026-09-15T15:02:54.4800736Z   duration_ms: 1.982508
2026-09-15T15:02:54.4800809Z   ...
2026-09-15T15:02:54.4801257Z # Subtest: prepare joins a pending cached inspection before repair and final verification uses the repaired bytes
2026-09-15T15:02:54.4801689Z ok 639 - prepare joins a pending cached inspection before repair and final verification uses the repaired bytes
2026-09-15T15:02:54.4801769Z   ---
2026-09-15T15:02:54.4801854Z   duration_ms: 20.920316
2026-09-15T15:02:54.4801946Z   ...
2026-09-15T15:02:54.4802496Z # Subtest: strict optional metadata is owned; unsafe paths, oversized files, duplicates and accessors reject
2026-09-15T15:02:54.4802894Z ok 640 - strict optional metadata is owned; unsafe paths, oversized files, duplicates and accessors reject
2026-09-15T15:02:54.4802974Z   ---
2026-09-15T15:02:54.4803069Z   duration_ms: 2.799516
2026-09-15T15:02:54.4803148Z   ...
2026-09-15T15:02:54.4803571Z # Subtest: Route Choices uses its one explicit source path and rejects arbitrary authoring paths or foreign IDs
2026-09-15T15:02:54.4803984Z ok 641 - Route Choices uses its one explicit source path and rejects arbitrary authoring paths or foreign IDs
2026-09-15T15:02:54.4804063Z   ---
2026-09-15T15:02:54.4804150Z   duration_ms: 1.136986
2026-09-15T15:02:54.4804227Z   ...
2026-09-15T15:02:54.4804704Z # Subtest: actual Tactical download preserves its exact identity below both immutable release and local preview prefixes
2026-09-15T15:02:54.4805172Z ok 642 - actual Tactical download preserves its exact identity below both immutable release and local preview prefixes
2026-09-15T15:02:54.4805253Z   ---
2026-09-15T15:02:54.4805353Z   duration_ms: 5126.426634
2026-09-15T15:02:54.4805431Z   ...
2026-09-15T15:02:54.4805860Z # Subtest: exact original pack download passes streaming byte/hash, real pack preparation and installation
2026-09-15T15:02:54.4806592Z ok 643 - exact original pack download passes streaming byte/hash, real pack preparation and installation
2026-09-15T15:02:54.4806713Z   ---
2026-09-15T15:02:54.4806817Z   duration_ms: 2754.250098
2026-09-15T15:02:54.4806893Z   ...
2026-09-15T15:02:54.4807195Z # Subtest: corrupt and incomplete downloads reject before the image decoder
2026-09-15T15:02:54.4807470Z ok 644 - corrupt and incomplete downloads reject before the image decoder
2026-09-15T15:02:54.4807544Z   ---
2026-09-15T15:02:54.4807638Z   duration_ms: 19.468325
2026-09-15T15:02:54.4807717Z   ...
2026-09-15T15:02:54.4808035Z # Subtest: oversized streams cancel and cannot allocate beyond their published bound
2026-09-15T15:02:54.4808355Z ok 645 - oversized streams cancel and cannot allocate beyond their published bound
2026-09-15T15:02:54.4808435Z   ---
2026-09-15T15:02:54.4808527Z   duration_ms: 2.837046
2026-09-15T15:02:54.4808600Z   ...
2026-09-15T15:02:54.4808953Z # Subtest: abort cancels an in-progress body and does not decode or complete installation
2026-09-15T15:02:54.4809276Z ok 646 - abort cancels an in-progress body and does not decode or complete installation
2026-09-15T15:02:54.4809350Z   ---
2026-09-15T15:02:54.4809441Z   duration_ms: 0.944978
2026-09-15T15:02:54.4809521Z   ...
2026-09-15T15:02:54.4809961Z # Subtest: catalog download is bounded and same-origin; file protocols and HTTP errors do not fall back silently
2026-09-15T15:02:54.4810375Z ok 647 - catalog download is bounded and same-origin; file protocols and HTTP errors do not fall back silently
2026-09-15T15:02:54.4810454Z   ---
2026-09-15T15:02:54.4810548Z   duration_ms: 1.804284
2026-09-15T15:02:54.4810621Z   ...
2026-09-15T15:02:54.4811109Z # Subtest: installed artwork must match the complete normalized content, not just the campaign or a shallow frozen object
2026-09-15T15:02:54.4811575Z ok 648 - installed artwork must match the complete normalized content, not just the campaign or a shallow frozen object
2026-09-15T15:02:54.4811657Z   ---
2026-09-15T15:02:54.4811749Z   duration_ms: 4570.950425
2026-09-15T15:02:54.4811833Z   ...
2026-09-15T15:02:54.4812190Z # Subtest: Pages retains every runtime byte and license while moving only redundant root ZIPs
2026-09-15T15:02:54.4812528Z ok 649 - Pages retains every runtime byte and license while moving only redundant root ZIPs
2026-09-15T15:02:54.4812607Z   ---
2026-09-15T15:02:54.4812701Z   duration_ms: 34.907015
2026-09-15T15:02:54.4812779Z   ...
2026-09-15T15:02:54.4813139Z # Subtest: published version index keeps immutable play URLs and explicit GitHub ZIP downloads
2026-09-15T15:02:54.4813486Z ok 650 - published version index keeps immutable play URLs and explicit GitHub ZIP downloads
2026-09-15T15:02:54.4813686Z   ---
2026-09-15T15:02:54.4813772Z   duration_ms: 13.317207
2026-09-15T15:02:54.4813854Z   ...
2026-09-15T15:02:54.4814200Z # Subtest: Pages refuses untagged work and a stale archive before replacing a working site
2026-09-15T15:02:54.4814522Z ok 651 - Pages refuses untagged work and a stale archive before replacing a working site
2026-09-15T15:02:54.4814603Z   ---
2026-09-15T15:02:54.4814693Z   duration_ms: 64.815093
2026-09-15T15:02:54.4814771Z   ...
2026-09-15T15:02:54.4815176Z # Subtest: first real win commits artwork metadata with gallery; better score never replaces first picture
2026-09-15T15:02:54.4815575Z ok 652 - first real win commits artwork metadata with gallery; better score never replaces first picture
2026-09-15T15:02:54.4815654Z   ---
2026-09-15T15:02:54.4815744Z   duration_ms: 201.977856
2026-09-15T15:02:54.4815822Z   ...
2026-09-15T15:02:54.4817047Z # Subtest: legacy earned rows are not assigned today’s art retrospectively
2026-09-15T15:02:54.4817440Z ok 653 - legacy earned rows are not assigned today’s art retrospectively
2026-09-15T15:02:54.4817534Z   ---
2026-09-15T15:02:54.4817635Z   duration_ms: 137.311019
2026-09-15T15:02:54.4817718Z   ...
2026-09-15T15:02:54.4818030Z # Subtest: Standard/Gentle and worlds retain independent first-earned receipts
2026-09-15T15:02:54.4818468Z ok 654 - Standard/Gentle and worlds retain independent first-earned receipts
2026-09-15T15:02:54.4818557Z   ---
2026-09-15T15:02:54.4818650Z   duration_ms: 177.283149
2026-09-15T15:02:54.4818730Z   ...
2026-09-15T15:02:54.4819180Z # Subtest: ordinary merge retains committed first picture or implicit legacy; explicit import selects a document
2026-09-15T15:02:54.4819610Z ok 655 - ordinary merge retains committed first picture or implicit legacy; explicit import selects a document
2026-09-15T15:02:54.4819684Z   ---
2026-09-15T15:02:54.4819777Z   duration_ms: 221.489844
2026-09-15T15:02:54.4819854Z   ...
2026-09-15T15:02:54.4820224Z # Subtest: malformed receipts cannot enter old formats or detach from completed gallery identity
2026-09-15T15:02:54.4820591Z ok 656 - malformed receipts cannot enter old formats or detach from completed gallery identity
2026-09-15T15:02:54.4820671Z   ---
2026-09-15T15:02:54.4820766Z   duration_ms: 98.532323
2026-09-15T15:02:54.4820839Z   ...
2026-09-15T15:02:54.4821198Z # Subtest: one profile write stores receipts and completion; failure preserves existing data
2026-09-15T15:02:54.4821540Z ok 657 - one profile write stores receipts and completion; failure preserves existing data
2026-09-15T15:02:54.4821614Z   ---
2026-09-15T15:02:54.4821708Z   duration_ms: 81.654409
2026-09-15T15:02:54.4821791Z   ...
2026-09-15T15:02:54.4822169Z # Subtest: custom preview accepts exact integer boundaries, presets and short-window breakpoints
2026-09-15T15:02:54.4822524Z ok 658 - custom preview accepts exact integer boundaries, presets and short-window breakpoints
2026-09-15T15:02:54.4822605Z   ---
2026-09-15T15:02:54.4822698Z   duration_ms: 3.177613
2026-09-15T15:02:54.4822772Z   ...
2026-09-15T15:02:54.4823106Z # Subtest: invalid or partially valid custom dimensions never produce an adopted size
2026-09-15T15:02:54.4823422Z ok 659 - invalid or partially valid custom dimensions never produce an adopted size
2026-09-15T15:02:54.4823497Z   ---
2026-09-15T15:02:54.4823590Z   duration_ms: 1.125484
2026-09-15T15:02:54.4823673Z   ...
2026-09-15T15:02:54.4824027Z # Subtest: dimension validation never coerces objects and returns independent plain values
2026-09-15T15:02:54.4824357Z ok 660 - dimension validation never coerces objects and returns independent plain values
2026-09-15T15:02:54.4824437Z   ---
2026-09-15T15:02:54.4824527Z   duration_ms: 0.388115
2026-09-15T15:02:54.4824601Z   ...
2026-09-15T15:02:54.4824964Z # Subtest: a new attempt keeps replay export locked until the previous download request settles
2026-09-15T15:02:54.4825308Z ok 661 - a new attempt keeps replay export locked until the previous download request settles
2026-09-15T15:02:54.4825386Z   ---
2026-09-15T15:02:54.4825477Z   duration_ms: 2368.739358
2026-09-15T15:02:54.4825682Z   ...
2026-09-15T15:02:54.4826148Z # Subtest: immediate: native practice Retry retains the imported one-life impact scenario, rules and replay identity
2026-09-15T15:02:54.4826749Z ok 662 - immediate: native practice Retry retains the imported one-life impact scenario, rules and replay identity
2026-09-15T15:02:54.4826833Z   ---
2026-09-15T15:02:54.4826930Z   duration_ms: 18256.826909
2026-09-15T15:02:54.4827010Z   ...
2026-09-15T15:02:54.4827475Z # Subtest: grid-center: native practice Retry retains the imported one-life impact scenario, rules and replay identity
2026-09-15T15:02:54.4827925Z ok 663 - grid-center: native practice Retry retains the imported one-life impact scenario, rules and replay identity
2026-09-15T15:02:54.4828004Z   ---
2026-09-15T15:02:54.4828092Z   duration_ms: 21859.582007
2026-09-15T15:02:54.4828171Z   ...
2026-09-15T15:02:54.4828597Z # Subtest: the host accepts actual deterministic compiler output and no authoring history or arbitrary URLs
2026-09-15T15:02:54.4829012Z ok 664 - the host accepts actual deterministic compiler output and no authoring history or arbitrary URLs
2026-09-15T15:02:54.4829089Z   ---
2026-09-15T15:02:54.4829184Z   duration_ms: 1048.431906
2026-09-15T15:02:54.4829264Z   ...
2026-09-15T15:02:54.4829794Z # Subtest: loading is lazy, hash-pinned, and owns decoded assets until close without storage access
2026-09-15T15:02:54.4830169Z ok 665 - loading is lazy, hash-pinned, and owns decoded assets until close without storage access
2026-09-15T15:02:54.4830249Z   ---
2026-09-15T15:02:54.4830339Z   duration_ms: 98.881962
2026-09-15T15:02:54.4830417Z   ...
2026-09-15T15:02:54.4830749Z # Subtest: registered native origins retain the same closed hash-derived path boundary
2026-09-15T15:02:54.4831073Z ok 666 - registered native origins retain the same closed hash-derived path boundary
2026-09-15T15:02:54.4831147Z   ---
2026-09-15T15:02:54.4831243Z   duration_ms: 123.82362
2026-09-15T15:02:54.4831320Z   ...
2026-09-15T15:02:54.4831675Z # Subtest: CSS cleanup restores only owned values and preserves later user or screen changes
2026-09-15T15:02:54.4832009Z ok 667 - CSS cleanup restores only owned values and preserves later user or screen changes
2026-09-15T15:02:54.4832088Z   ---
2026-09-15T15:02:54.4832180Z   duration_ms: 59.69997
2026-09-15T15:02:54.4832258Z   ...
2026-09-15T15:02:54.4832656Z # Subtest: a failed replacement leaves the previous accepted snapshot and its assets alive atomically
2026-09-15T15:02:54.4833037Z ok 668 - a failed replacement leaves the previous accepted snapshot and its assets alive atomically
2026-09-15T15:02:54.4833111Z   ---
2026-09-15T15:02:54.4833204Z   duration_ms: 93.788958
2026-09-15T15:02:54.4833281Z   ...
2026-09-15T15:02:54.4833670Z # Subtest: bad hashes, oversized bodies, redirects, dimensions and unavailable files cannot be adopted
2026-09-15T15:02:54.4834048Z ok 669 - bad hashes, oversized bodies, redirects, dimensions and unavailable files cannot be adopted
2026-09-15T15:02:54.4834126Z   ---
2026-09-15T15:02:54.4834228Z   duration_ms: 170.048344
2026-09-15T15:02:54.4834301Z   ...
2026-09-15T15:02:54.4834621Z # Subtest: a small compressed manifest cannot allocate an unbounded decoded image set
2026-09-15T15:02:54.4834932Z ok 670 - a small compressed manifest cannot allocate an unbounded decoded image set
2026-09-15T15:02:54.4835010Z   ---
2026-09-15T15:02:54.4835105Z   duration_ms: 39.816381
2026-09-15T15:02:54.4835183Z   ...
2026-09-15T15:02:54.4835565Z # Subtest: superseded late image decoding is disposed and cannot release the newer accepted snapshot
2026-09-15T15:02:54.4835933Z ok 671 - superseded late image decoding is disposed and cannot release the newer accepted snapshot
2026-09-15T15:02:54.4836013Z   ---
2026-09-15T15:02:54.4836107Z   duration_ms: 67.363614
2026-09-15T15:02:54.4836180Z   ...
2026-09-15T15:02:54.4836683Z # Subtest: close cancels a stalled byte stream; a previous external signal cannot abort a later load
2026-09-15T15:02:54.4837045Z ok 672 - close cancels a stalled byte stream; a previous external signal cannot abort a later load
2026-09-15T15:02:54.4837246Z   ---
2026-09-15T15:02:54.4837333Z   duration_ms: 81.962247
2026-09-15T15:02:54.4837412Z   ...
2026-09-15T15:02:54.4837836Z # Subtest: atlas frames are cropped once and the original and cropped bitmap have independent owned lifetimes
2026-09-15T15:02:54.4838246Z ok 673 - atlas frames are cropped once and the original and cropped bitmap have independent owned lifetimes
2026-09-15T15:02:54.4838325Z   ---
2026-09-15T15:02:54.4838417Z   duration_ms: 36.946363
2026-09-15T15:02:54.4838490Z   ...
2026-09-15T15:02:54.4838913Z # Subtest: font bytes are pinned and decoded before atomic registration, with owned CSS family and disposal
2026-09-15T15:02:54.4839312Z ok 674 - font bytes are pinned and decoded before atomic registration, with owned CSS family and disposal
2026-09-15T15:02:54.4839393Z   ---
2026-09-15T15:02:54.4839480Z   duration_ms: 107.193139
2026-09-15T15:02:54.4839559Z   ...
2026-09-15T15:02:54.4839946Z # Subtest: picture originals remain lazy exact bytes and host close cancels a late original response
2026-09-15T15:02:54.4840318Z ok 675 - picture originals remain lazy exact bytes and host close cancels a late original response
2026-09-15T15:02:54.4840396Z   ---
2026-09-15T15:02:54.4840489Z   duration_ms: 71.376539
2026-09-15T15:02:54.4840568Z   ...
2026-09-15T15:02:54.4841202Z # Subtest: auxiliary loading is immediate beside its heading, leaves local work and focus alone, and clears after applying artwork
2026-09-15T15:02:54.4841706Z ok 676 - auxiliary loading is immediate beside its heading, leaves local work and focus alone, and clears after applying artwork
2026-09-15T15:02:54.4841785Z   ---
2026-09-15T15:02:54.4841872Z   duration_ms: 6.88662
2026-09-15T15:02:54.4841953Z   ...
2026-09-15T15:02:54.4842458Z # Subtest: repeated auxiliary mounts and ordinary page peers share one load and one stylesheet without taking over peer cleanup
2026-09-15T15:02:54.4842944Z ok 677 - repeated auxiliary mounts and ordinary page peers share one load and one stylesheet without taking over peer cleanup
2026-09-15T15:02:54.4843027Z   ---
2026-09-15T15:02:54.4843119Z   duration_ms: 1.219551
2026-09-15T15:02:54.4843197Z   ...
2026-09-15T15:02:54.4843567Z # Subtest: an existing presentation owner keeps its own notice and still shares the cosmetic host
2026-09-15T15:02:54.4843935Z ok 678 - an existing presentation owner keeps its own notice and still shares the cosmetic host
2026-09-15T15:02:54.4844014Z   ---
2026-09-15T15:02:54.4844110Z   duration_ms: 0.569285
2026-09-15T15:02:54.4844183Z   ...
2026-09-15T15:02:54.4844643Z # Subtest: failed cosmetic loading keeps the existing warning and local controls without replacing authored content
2026-09-15T15:02:54.4845083Z ok 679 - failed cosmetic loading keeps the existing warning and local controls without replacing authored content
2026-09-15T15:02:54.4845157Z   ---
2026-09-15T15:02:54.4845251Z   duration_ms: 1.1655
2026-09-15T15:02:54.4845333Z   ...
2026-09-15T15:02:54.4845755Z # Subtest: BFCache keeps cosmetic observation, while real page disposal fences late status and application
2026-09-15T15:02:54.4846196Z ok 680 - BFCache keeps cosmetic observation, while real page disposal fences late status and application
2026-09-15T15:02:54.4846276Z   ---
2026-09-15T15:02:54.4846486Z   duration_ms: 1.066786
2026-09-15T15:02:54.4846566Z   ...
2026-09-15T15:02:54.4846974Z # Subtest: readiness accepts declared required revisions and retains optional historical source slots
2026-09-15T15:02:54.4847361Z ok 681 - readiness accepts declared required revisions and retains optional historical source slots
2026-09-15T15:02:54.4847440Z   ---
2026-09-15T15:02:54.4847533Z   duration_ms: 997.109018
2026-09-15T15:02:54.4847611Z   ...
2026-09-15T15:02:54.4847931Z # Subtest: readiness lists every required source and produced slot by exact identity
2026-09-15T15:02:54.4848233Z ok 682 - readiness lists every required source and produced slot by exact identity
2026-09-15T15:02:54.4848312Z   ---
2026-09-15T15:02:54.4848404Z   duration_ms: 697.295595
2026-09-15T15:02:54.4848606Z   ...
2026-09-15T15:02:54.4848990Z # Subtest: readiness verifies bundle integrity and evidence validity before accepting declarations
2026-09-15T15:02:54.4849359Z ok 683 - readiness verifies bundle integrity and evidence validity before accepting declarations
2026-09-15T15:02:54.4849444Z   ---
2026-09-15T15:02:54.4849532Z   duration_ms: 417.036826
2026-09-15T15:02:54.4849611Z   ...
2026-09-15T15:02:54.4849952Z # Subtest: a reviewed historical revision cannot qualify a selected unreviewed successor
2026-09-15T15:02:54.4850269Z ok 684 - a reviewed historical revision cannot qualify a selected unreviewed successor
2026-09-15T15:02:54.4850350Z   ---
2026-09-15T15:02:54.4850443Z   duration_ms: 674.098946
2026-09-15T15:02:54.4850521Z   ...
2026-09-15T15:02:54.4850897Z # Subtest: committed readiness binds the source tree and ledger and rejects an unstaged declaration
2026-09-15T15:02:54.4851262Z ok 685 - committed readiness binds the source tree and ledger and rejects an unstaged declaration
2026-09-15T15:02:54.4851346Z   ---
2026-09-15T15:02:54.4851432Z   duration_ms: 557.362033
2026-09-15T15:02:54.4851516Z   ...
2026-09-15T15:02:54.4851989Z # Subtest: accepted UI artwork decorates native and later-created controls without changing handlers or checked state
2026-09-15T15:02:54.4852557Z ok 686 - accepted UI artwork decorates native and later-created controls without changing handlers or checked state
2026-09-15T15:02:54.4852634Z   ---
2026-09-15T15:02:54.4852728Z   duration_ms: 445.10528
2026-09-15T15:02:54.4852806Z   ...
2026-09-15T15:02:54.4853199Z # Subtest: selected PNG file and identity report preserve exact bytes, raw strings and read-only scope
2026-09-15T15:02:54.4853579Z ok 687 - selected PNG file and identity report preserve exact bytes, raw strings and read-only scope
2026-09-15T15:02:54.4853657Z   ---
2026-09-15T15:02:54.4853744Z   duration_ms: 260.17921
2026-09-15T15:02:54.4853822Z   ...
2026-09-15T15:02:54.4854211Z # Subtest: controlled JPEG header/decode boundary derives the component MIME and extension from bytes
2026-09-15T15:02:54.4854594Z ok 688 - controlled JPEG header/decode boundary derives the component MIME and extension from bytes
2026-09-15T15:02:54.4854668Z   ---
2026-09-15T15:02:54.4854759Z   duration_ms: 161.015275
2026-09-15T15:02:54.4854839Z   ...
2026-09-15T15:02:54.4855263Z # Subtest: an unavailable selected original refuses verification while exact raw diagnostics remain usable
2026-09-15T15:02:54.4855670Z ok 689 - an unavailable selected original refuses verification while exact raw diagnostics remain usable
2026-09-15T15:02:54.4855748Z   ---
2026-09-15T15:02:54.4855842Z   duration_ms: 267.358374
2026-09-15T15:02:54.4855914Z   ...
2026-09-15T15:02:54.4856269Z # Subtest: unrelated missing rich and legacy originals do not confer full-snapshot authority
2026-09-15T15:02:54.4856882Z ok 690 - unrelated missing rich and legacy originals do not confer full-snapshot authority
2026-09-15T15:02:54.4856960Z   ---
2026-09-15T15:02:54.4857053Z   duration_ms: 157.875492
2026-09-15T15:02:54.4857137Z   ...
2026-09-15T15:02:54.4857565Z # Subtest: selected metadata must match the actual hash, MIME and dimensions and require a successful decoder
2026-09-15T15:02:54.4857972Z ok 691 - selected metadata must match the actual hash, MIME and dimensions and require a successful decoder
2026-09-15T15:02:54.4858058Z   ---
2026-09-15T15:02:54.4858152Z   duration_ms: 506.949128
2026-09-15T15:02:54.4858227Z   ...
2026-09-15T15:02:54.4858578Z # Subtest: malformed provenance and unknown presentation ownership refuse before decoding
2026-09-15T15:02:54.4858908Z ok 692 - malformed provenance and unknown presentation ownership refuse before decoding
2026-09-15T15:02:54.4858987Z   ---
2026-09-15T15:02:54.4859074Z   duration_ms: 103.857573
2026-09-15T15:02:54.4859151Z   ...
2026-09-15T15:02:54.4859571Z # Subtest: archived stored owners validate a selected picture without adding executable or earned authority
2026-09-15T15:02:54.4859971Z ok 693 - archived stored owners validate a selected picture without adding executable or earned authority
2026-09-15T15:02:54.4860233Z   ---
2026-09-15T15:02:54.4860326Z   duration_ms: 168.854221
2026-09-15T15:02:54.4860401Z   ...
2026-09-15T15:02:54.4860844Z # Subtest: valid bounded presentation history can export its original while an oversized identity report refuses
2026-09-15T15:02:54.4861270Z ok 694 - valid bounded presentation history can export its original while an oversized identity report refuses
2026-09-15T15:02:54.4861350Z   ---
2026-09-15T15:02:54.4861437Z   duration_ms: 492.813684
2026-09-15T15:02:54.4861515Z   ...
2026-09-15T15:02:54.4861892Z # Subtest: exact aliases and pending journals refuse selected recovery before shared storage opens
2026-09-15T15:02:54.4862251Z ok 695 - exact aliases and pending journals refuse selected recovery before shared storage opens
2026-09-15T15:02:54.4862333Z   ---
2026-09-15T15:02:54.4862429Z   duration_ms: 57.646594
2026-09-15T15:02:54.4862507Z   ...
2026-09-15T15:02:54.4862848Z # Subtest: copied and foreign choices or verified handles cannot authorize component export
2026-09-15T15:02:54.4863184Z ok 696 - copied and foreign choices or verified handles cannot authorize component export
2026-09-15T15:02:54.4863263Z   ---
2026-09-15T15:02:54.4863349Z   duration_ms: 95.024592
2026-09-15T15:02:54.4863437Z   ...
2026-09-15T15:02:54.4864162Z # Subtest: unknown component names cannot silently become full backups or original downloads
2026-09-15T15:02:54.4864519Z ok 697 - unknown component names cannot silently become full backups or original downloads
2026-09-15T15:02:54.4864598Z   ---
2026-09-15T15:02:54.4864693Z   duration_ms: 125.014011
2026-09-15T15:02:54.4864772Z   ...
2026-09-15T15:02:54.4865190Z # Subtest: caller key/hash/filename/decoder overrides and accessor options cannot acquire trusted authority
2026-09-15T15:02:54.4865600Z ok 698 - caller key/hash/filename/decoder overrides and accessor options cannot acquire trusted authority
2026-09-15T15:02:54.4865680Z   ---
2026-09-15T15:02:54.4865772Z   duration_ms: 112.324419
2026-09-15T15:02:54.4865856Z   ...
2026-09-15T15:02:54.4866231Z # Subtest: a new originals review and a replacement verification invalidate older owned handles
2026-09-15T15:02:54.4866738Z ok 699 - a new originals review and a replacement verification invalidate older owned handles
2026-09-15T15:02:54.4866816Z   ---
2026-09-15T15:02:54.4866915Z   duration_ms: 239.835423
2026-09-15T15:02:54.4867000Z   ...
2026-09-15T15:02:54.4867399Z # Subtest: profile pointer drift after selection invalidates it without rewriting the changed string
2026-09-15T15:02:54.4867779Z ok 700 - profile pointer drift after selection invalidates it without rewriting the changed string
2026-09-15T15:02:54.4867860Z   ---
2026-09-15T15:02:54.4867952Z   duration_ms: 83.236714
2026-09-15T15:02:54.4868025Z   ...
2026-09-15T15:02:54.4868378Z # Subtest: a shared revision change with unchanged byte count invalidates the selected proof
2026-09-15T15:02:54.4868715Z ok 701 - a shared revision change with unchanged byte count invalidates the selected proof
2026-09-15T15:02:54.4868794Z   ---
2026-09-15T15:02:54.4868891Z   duration_ms: 98.122316
2026-09-15T15:02:54.4868978Z   ...
2026-09-15T15:02:54.4869375Z # Subtest: media generation drift during decoding refuses even when the asset and ledger are unchanged
2026-09-15T15:02:54.4869757Z ok 702 - media generation drift during decoding refuses even when the asset and ledger are unchanged
2026-09-15T15:02:54.4869835Z   ---
2026-09-15T15:02:54.4869928Z   duration_ms: 109.334056
2026-09-15T15:02:54.4870002Z   ...
2026-09-15T15:02:54.4870395Z # Subtest: same-key same-length body replacement after verification refuses the next explicit export
2026-09-15T15:02:54.4870771Z ok 703 - same-key same-length body replacement after verification refuses the next explicit export
2026-09-15T15:02:54.4870849Z   ---
2026-09-15T15:02:54.4870936Z   duration_ms: 141.787777
2026-09-15T15:02:54.4871015Z   ...
2026-09-15T15:02:54.4871357Z # Subtest: profile drift during selected decode prevents publication of a verified handle
2026-09-15T15:02:54.4871804Z ok 704 - profile drift during selected decode prevents publication of a verified handle
2026-09-15T15:02:54.4871883Z   ---
2026-09-15T15:02:54.4871974Z   duration_ms: 105.303612
2026-09-15T15:02:54.4872046Z   ...
2026-09-15T15:02:54.4872392Z # Subtest: cancel during selected decode settles promptly and cannot publish a late handle
2026-09-15T15:02:54.4872719Z ok 705 - cancel during selected decode settles promptly and cannot publish a late handle
2026-09-15T15:02:54.4872798Z   ---
2026-09-15T15:02:54.4872884Z   duration_ms: 104.940794
2026-09-15T15:02:54.4872965Z   ...
2026-09-15T15:02:54.4873299Z # Subtest: close during selected decode settles promptly and cannot publish a late handle
2026-09-15T15:02:54.4873612Z ok 706 - close during selected decode settles promptly and cannot publish a late handle
2026-09-15T15:02:54.4873690Z   ---
2026-09-15T15:02:54.4873782Z   duration_ms: 99.945822
2026-09-15T15:02:54.4873860Z   ...
2026-09-15T15:02:54.4874268Z # Subtest: cancelling fresh export decoding produces no component and preserves an earlier immutable file
2026-09-15T15:02:54.4874673Z ok 707 - cancelling fresh export decoding produces no component and preserves an earlier immutable file
2026-09-15T15:02:54.4874752Z   ---
2026-09-15T15:02:54.4874838Z   duration_ms: 151.408722
2026-09-15T15:02:54.4875029Z   ...
2026-09-15T15:02:54.4875393Z # Subtest: selected decode timeout refuses the operation and consumes a late decoder rejection
2026-09-15T15:02:54.4875732Z ok 708 - selected decode timeout refuses the operation and consumes a late decoder rejection
2026-09-15T15:02:54.4875811Z   ---
2026-09-15T15:02:54.4875905Z   duration_ms: 1086.898717
2026-09-15T15:02:54.4875982Z   ...
2026-09-15T15:02:54.4876491Z # Subtest: an exact registered campaign validates the same picture without changing its stored owner
2026-09-15T15:02:54.4876868Z ok 709 - an exact registered campaign validates the same picture without changing its stored owner
2026-09-15T15:02:54.4876947Z   ---
2026-09-15T15:02:54.4877041Z   duration_ms: 148.719271
2026-09-15T15:02:54.4877120Z   ...
2026-09-15T15:02:54.4877569Z # Subtest: capture holds exact channel leases, owns an unverified snapshot and keeps malformed-session raw export
2026-09-15T15:02:54.4878012Z ok 710 - capture holds exact channel leases, owns an unverified snapshot and keeps malformed-session raw export
2026-09-15T15:02:54.4878086Z   ---
2026-09-15T15:02:54.4878178Z   duration_ms: 44.275623
2026-09-15T15:02:54.4878256Z   ...
2026-09-15T15:02:54.4878717Z # Subtest: unknown exact alias and pending journals refuse before opening shared media; raw diagnostics remain usable
2026-09-15T15:02:54.4879167Z ok 711 - unknown exact alias and pending journals refuse before opening shared media; raw diagnostics remain usable
2026-09-15T15:02:54.4879246Z   ---
2026-09-15T15:02:54.4879338Z   duration_ms: 20.777902
2026-09-15T15:02:54.4879412Z   ...
2026-09-15T15:02:54.4879676Z # Subtest: absent shared storage refuses only the stronger capability
2026-09-15T15:02:54.4879927Z ok 712 - absent shared storage refuses only the stronger capability
2026-09-15T15:02:54.4880002Z   ---
2026-09-15T15:02:54.4880097Z   duration_ms: 8.524254
2026-09-15T15:02:54.4880176Z   ...
2026-09-15T15:02:54.4880545Z # Subtest: profile pointer drift during shared snapshot refuses without adopting or repairing it
2026-09-15T15:02:54.4880906Z ok 713 - profile pointer drift during shared snapshot refuses without adopting or repairing it
2026-09-15T15:02:54.4880985Z   ---
2026-09-15T15:02:54.4881080Z   duration_ms: 9.48468
2026-09-15T15:02:54.4881153Z   ...
2026-09-15T15:02:54.4881553Z # Subtest: shared ledger changes after capture and during the second snapshot invalidate the capability
2026-09-15T15:02:54.4881936Z ok 714 - shared ledger changes after capture and during the second snapshot invalidate the capability
2026-09-15T15:02:54.4882012Z   ---
2026-09-15T15:02:54.4882104Z   duration_ms: 25.640698
2026-09-15T15:02:54.4882187Z   ...
2026-09-15T15:02:54.4882551Z # Subtest: cancelling a held shared open releases channel locks and leaves raw export available
2026-09-15T15:02:54.4883019Z ok 715 - cancelling a held shared open releases channel locks and leaves raw export available
2026-09-15T15:02:54.4883100Z   ---
2026-09-15T15:02:54.4883194Z   duration_ms: 15.658688
2026-09-15T15:02:54.4883267Z   ...
2026-09-15T15:02:54.4883708Z # Subtest: discovery recognizes earlier canonical versions, sorts numerically and keeps exact channel aliases
2026-09-15T15:02:54.4884127Z ok 716 - discovery recognizes earlier canonical versions, sorts numerically and keeps exact channel aliases
2026-09-15T15:02:54.4884205Z   ---
2026-09-15T15:02:54.4884291Z   duration_ms: 19.006208
2026-09-15T15:02:54.4884371Z   ...
2026-09-15T15:02:54.4884726Z # Subtest: discovery is bounded and unavailable storage never becomes an empty successful list
2026-09-15T15:02:54.4885066Z ok 717 - discovery is bounded and unavailable storage never becomes an empty successful list
2026-09-15T15:02:54.4885144Z   ---
2026-09-15T15:02:54.4885236Z   duration_ms: 1.53988
2026-09-15T15:02:54.4885314Z   ...
2026-09-15T15:02:54.4885649Z # Subtest: verified profile, pack image and live cut transfer without any source mutation
2026-09-15T15:02:54.4885970Z ok 718 - verified profile, pack image and live cut transfer without any source mutation
2026-09-15T15:02:54.4886049Z   ---
2026-09-15T15:02:54.4886248Z   duration_ms: 191.578224
2026-09-15T15:02:54.4886586Z   ...
2026-09-15T15:02:54.4887002Z # Subtest: only explicit null optional slots mean absence, while removed pack metadata stays visible
2026-09-15T15:02:54.4887372Z ok 719 - only explicit null optional slots mean absence, while removed pack metadata stays visible
2026-09-15T15:02:54.4887454Z   ---
2026-09-15T15:02:54.4887548Z   duration_ms: 38.426392
2026-09-15T15:02:54.4887627Z   ...
2026-09-15T15:02:54.4888013Z # Subtest: legacy v0.2.0 uses its actual release keys and migrates only supported optional preferences
2026-09-15T15:02:54.4888388Z ok 720 - legacy v0.2.0 uses its actual release keys and migrates only supported optional preferences
2026-09-15T15:02:54.4888473Z   ---
2026-09-15T15:02:54.4888561Z   duration_ms: 5.253386
2026-09-15T15:02:54.4888640Z   ...
2026-09-15T15:02:54.4888985Z # Subtest: an actual existing source writer lease prevents transfer and does not get stolen
2026-09-15T15:02:54.4889315Z ok 721 - an actual existing source writer lease prevents transfer and does not get stolen
2026-09-15T15:02:54.4889390Z   ---
2026-09-15T15:02:54.4889481Z   duration_ms: 6.857135
2026-09-15T15:02:54.4889559Z   ...
2026-09-15T15:02:54.4889944Z # Subtest: busy coordinator or stale/corrupt recovery markers block copy without recovery or fallback
2026-09-15T15:02:54.4890321Z ok 722 - busy coordinator or stale/corrupt recovery markers block copy without recovery or fallback
2026-09-15T15:02:54.4890404Z   ---
2026-09-15T15:02:54.4890494Z   duration_ms: 4.216537
2026-09-15T15:02:54.4890568Z   ...
2026-09-15T15:02:54.4890946Z # Subtest: missing, corrupt or oversized profile/pack/session data never transfers as empty success
2026-09-15T15:02:54.4891317Z ok 723 - missing, corrupt or oversized profile/pack/session data never transfers as empty success
2026-09-15T15:02:54.4891391Z   ---
2026-09-15T15:02:54.4891484Z   duration_ms: 22.817527
2026-09-15T15:02:54.4891561Z   ...
2026-09-15T15:02:54.4891932Z # Subtest: storage exceptions and unavailable locks reject without reads from a substitute source
2026-09-15T15:02:54.4892294Z ok 724 - storage exceptions and unavailable locks reject without reads from a substitute source
2026-09-15T15:02:54.4892372Z   ---
2026-09-15T15:02:54.4892466Z   duration_ms: 14.208865
2026-09-15T15:02:54.4892538Z   ...
2026-09-15T15:02:54.4892863Z # Subtest: prototype pollution and accessors are rejected without invoking user data
2026-09-15T15:02:54.4893174Z ok 725 - prototype pollution and accessors are rejected without invoking user data
2026-09-15T15:02:54.4893248Z   ---
2026-09-15T15:02:54.4893341Z   duration_ms: 2.9621
2026-09-15T15:02:54.4893420Z   ...
2026-09-15T15:02:54.4893809Z # Subtest: a mismatching replay checkpoint or a missing required campaign rejects the whole snapshot
2026-09-15T15:02:54.4894305Z ok 726 - a mismatching replay checkpoint or a missing required campaign rejects the whole snapshot
2026-09-15T15:02:54.4894385Z   ---
2026-09-15T15:02:54.4894478Z   duration_ms: 24.599825
2026-09-15T15:02:54.4894551Z   ...
2026-09-15T15:02:54.4894901Z # Subtest: source locks remain held through image verification and release on cancellation
2026-09-15T15:02:54.4895231Z ok 727 - source locks remain held through image verification and release on cancellation
2026-09-15T15:02:54.4895304Z   ---
2026-09-15T15:02:54.4895397Z   duration_ms: 25.299987
2026-09-15T15:02:54.4895475Z   ...
2026-09-15T15:02:54.4895873Z # Subtest: a deadline releases source locks even when a read never settles, and late reads cannot adopt
2026-09-15T15:02:54.4896246Z ok 728 - a deadline releases source locks even when a read never settles, and late reads cannot adopt
2026-09-15T15:02:54.4896554Z   ---
2026-09-15T15:02:54.4896697Z   duration_ms: 12.816692
2026-09-15T15:02:54.4896774Z   ...
2026-09-15T15:02:54.4897086Z # Subtest: pre-cancellation and invalid deadlines never touch source storage
2026-09-15T15:02:54.4897386Z ok 729 - pre-cancellation and invalid deadlines never touch source storage
2026-09-15T15:02:54.4897469Z   ---
2026-09-15T15:02:54.4897693Z   duration_ms: 1.012664
2026-09-15T15:02:54.4897780Z   ...
2026-09-15T15:02:54.4898087Z # Subtest: fingerprints use canonical complete content and a real SHA-256 digest
2026-09-15T15:02:54.4898371Z ok 730 - fingerprints use canonical complete content and a real SHA-256 digest
2026-09-15T15:02:54.4898450Z   ---
2026-09-15T15:02:54.4898543Z   duration_ms: 32.628055
2026-09-15T15:02:54.4898618Z   ...
2026-09-15T15:02:54.4898958Z # Subtest: storage generation and JSON key ordering do not make an unchanged review stale
2026-09-15T15:02:54.4899279Z ok 731 - storage generation and JSON key ordering do not make an unchanged review stale
2026-09-15T15:02:54.4899358Z   ---
2026-09-15T15:02:54.4899450Z   duration_ms: 15.069197
2026-09-15T15:02:54.4899530Z   ...
2026-09-15T15:02:54.4899930Z # Subtest: changed preferences, progress, image payload and suspended metadata each invalidate review
2026-09-15T15:02:54.4900312Z ok 732 - changed preferences, progress, image payload and suspended metadata each invalidate review
2026-09-15T15:02:54.4900403Z   ---
2026-09-15T15:02:54.4900503Z   duration_ms: 145.532161
2026-09-15T15:02:54.4900584Z   ...
2026-09-15T15:02:54.4900860Z # Subtest: fingerprints require prepared data and exactly 32 digest bytes
2026-09-15T15:02:54.4901132Z ok 733 - fingerprints require prepared data and exactly 32 digest bytes
2026-09-15T15:02:54.4901212Z   ---
2026-09-15T15:02:54.4901318Z   duration_ms: 1.516807
2026-09-15T15:02:54.4901402Z   ...
2026-09-15T15:02:54.4901786Z # Subtest: fingerprinting stays under the source locks and cancellation releases a pending digest
2026-09-15T15:02:54.4902153Z ok 734 - fingerprinting stays under the source locks and cancellation releases a pending digest
2026-09-15T15:02:54.4902234Z   ---
2026-09-15T15:02:54.4902332Z   duration_ms: 3.022573
2026-09-15T15:02:54.4902415Z   ...
2026-09-15T15:02:54.4902764Z # Subtest: the authored Homeward pack fits transfer budgets and hashes its full image payload
2026-09-15T15:02:54.4903116Z ok 735 - the authored Homeward pack fits transfer budgets and hashes its full image payload
2026-09-15T15:02:54.4903203Z   ---
2026-09-15T15:02:54.4903297Z   duration_ms: 3632.603591
2026-09-15T15:02:54.4903381Z   ...
2026-09-15T15:02:54.4904295Z # {"packBytes":11371849,"canonicalBytes":11366347,"transferMs":3431,"hashMs":69,"fingerprint":"sha256-ddc3587729d7e293501ee748b568dadba67fd595798e69346ea9cef8a9892358","imageDecoder":"header-only test adapter"}
2026-09-15T15:02:54.4904676Z # Subtest: release studio adopts exact current assets and preserves export bytes without storage
2026-09-15T15:02:54.4905026Z ok 736 - release studio adopts exact current assets and preserves export bytes without storage
2026-09-15T15:02:54.4905238Z   ---
2026-09-15T15:02:54.4905341Z   duration_ms: 1263.866321
2026-09-15T15:02:54.4905419Z   ...
2026-09-15T15:02:54.4905838Z # Subtest: source absence is explicit; malformed metadata, redirects and corrupt bodies reject atomically
2026-09-15T15:02:54.4906238Z ok 737 - source absence is explicit; malformed metadata, redirects and corrupt bodies reject atomically
2026-09-15T15:02:54.4906452Z   ---
2026-09-15T15:02:54.4906548Z   duration_ms: 840.361422
2026-09-15T15:02:54.4906628Z   ...
2026-09-15T15:02:54.4906987Z # Subtest: cancellation interrupts a pending release reader and never returns partial assets
2026-09-15T15:02:54.4907331Z ok 738 - cancellation interrupts a pending release reader and never returns partial assets
2026-09-15T15:02:54.4907412Z   ---
2026-09-15T15:02:54.4907508Z   duration_ms: 788.45711
2026-09-15T15:02:54.4907589Z   ...
2026-09-15T15:02:54.4908002Z # Subtest: immediate: keyboard transport, focus and Back preserve the real recorded cut through completion
2026-09-15T15:02:54.4908403Z ok 739 - immediate: keyboard transport, focus and Back preserve the real recorded cut through completion
2026-09-15T15:02:54.4908492Z   ---
2026-09-15T15:02:54.4908582Z   duration_ms: 260.896948
2026-09-15T15:02:54.4908661Z   ...
2026-09-15T15:02:54.4909305Z # Subtest: grid-center: keyboard transport, focus and Back preserve the real recorded cut through completion
2026-09-15T15:02:54.4909793Z ok 740 - grid-center: keyboard transport, focus and Back preserve the real recorded cut through completion
2026-09-15T15:02:54.4909903Z   ---
2026-09-15T15:02:54.4910062Z   duration_ms: 157.676125
2026-09-15T15:02:54.4910216Z   ...
2026-09-15T15:02:54.4910914Z # Subtest: controller joins without activation, previews native speed, cancels once and pauses before leaving
2026-09-15T15:02:54.4911399Z ok 741 - controller joins without activation, previews native speed, cancels once and pauses before leaving
2026-09-15T15:02:54.4911543Z   ---
2026-09-15T15:02:54.4911665Z   duration_ms: 260.87217
2026-09-15T15:02:54.4911848Z   ...
2026-09-15T15:02:54.4912363Z # Subtest: Back cancels a deferred import without adoption; native text editing and file choice remain native
2026-09-15T15:02:54.4912799Z ok 742 - Back cancels a deferred import without adoption; native text editing and file choice remain native
2026-09-15T15:02:54.4912953Z   ---
2026-09-15T15:02:54.4923469Z   duration_ms: 96.884265
2026-09-15T15:02:54.4923593Z   ...
2026-09-15T15:02:54.4924022Z # Subtest: blur, controller loss and page disposal pause exact playback and reject a late import
2026-09-15T15:02:54.4924405Z ok 743 - blur, controller loss and page disposal pause exact playback and reject a late import
2026-09-15T15:02:54.4924485Z   ---
2026-09-15T15:02:54.4924589Z   duration_ms: 101.051289
2026-09-15T15:02:54.4924672Z   ...
2026-09-15T15:02:54.4925137Z # Subtest: real replay verification reports exact ticks and a cancelled artwork decode cannot adopt its candidate
2026-09-15T15:02:54.4925568Z ok 744 - real replay verification reports exact ticks and a cancelled artwork decode cannot adopt its candidate
2026-09-15T15:02:54.4925658Z   ---
2026-09-15T15:02:54.4925760Z   duration_ms: 139.830578
2026-09-15T15:02:54.4925835Z   ...
2026-09-15T15:02:54.4926242Z # Subtest: Classic replay import stays paused and controller completion checks the exact v6 checkpoint
2026-09-15T15:02:54.4926812Z ok 745 - Classic replay import stays paused and controller completion checks the exact v6 checkpoint
2026-09-15T15:02:54.4926899Z   ---
2026-09-15T15:02:54.4926997Z   duration_ms: 281.744033
2026-09-15T15:02:54.4927077Z   ...
2026-09-15T15:02:54.4927422Z # Subtest: immediate/self-contact: real terminal input, summary, replay and Retry agree
2026-09-15T15:02:54.4927742Z ok 746 - immediate/self-contact: real terminal input, summary, replay and Retry agree
2026-09-15T15:02:54.4927823Z   ---
2026-09-15T15:02:54.4927920Z   duration_ms: 85.616791
2026-09-15T15:02:54.4927996Z   ...
2026-09-15T15:02:54.4928330Z # Subtest: immediate/enemy-trail: real terminal input, summary, replay and Retry agree
2026-09-15T15:02:54.4928888Z ok 747 - immediate/enemy-trail: real terminal input, summary, replay and Retry agree
2026-09-15T15:02:54.4928969Z   ---
2026-09-15T15:02:54.4929059Z   duration_ms: 29.612024
2026-09-15T15:02:54.4929141Z   ...
2026-09-15T15:02:54.4929486Z # Subtest: immediate/enemy-player: real terminal input, summary, replay and Retry agree
2026-09-15T15:02:54.4929817Z ok 748 - immediate/enemy-player: real terminal input, summary, replay and Retry agree
2026-09-15T15:02:54.4929902Z   ---
2026-09-15T15:02:54.4930001Z   duration_ms: 31.011753
2026-09-15T15:02:54.4930076Z   ...
2026-09-15T15:02:54.4930405Z # Subtest: immediate/boss-lane: real terminal input, summary, replay and Retry agree
2026-09-15T15:02:54.4930716Z ok 749 - immediate/boss-lane: real terminal input, summary, replay and Retry agree
2026-09-15T15:02:54.4930797Z   ---
2026-09-15T15:02:54.4930887Z   duration_ms: 33.564927
2026-09-15T15:02:54.4930968Z   ...
2026-09-15T15:02:54.4931298Z # Subtest: immediate/cut-timeout: real terminal input, summary, replay and Retry agree
2026-09-15T15:02:54.4931609Z ok 750 - immediate/cut-timeout: real terminal input, summary, replay and Retry agree
2026-09-15T15:02:54.4931690Z   ---
2026-09-15T15:02:54.4931783Z   duration_ms: 26.231842
2026-09-15T15:02:54.4931862Z   ...
2026-09-15T15:02:54.4932297Z # Subtest: immediate/cable-limit: real terminal input, summary, replay and Retry agree
2026-09-15T15:02:54.4932611Z ok 751 - immediate/cable-limit: real terminal input, summary, replay and Retry agree
2026-09-15T15:02:54.4932694Z   ---
2026-09-15T15:02:54.4932781Z   duration_ms: 29.936591
2026-09-15T15:02:54.4932861Z   ...
2026-09-15T15:02:54.4933211Z # Subtest: immediate/mission-timeout: real terminal input, summary, replay and Retry agree
2026-09-15T15:02:54.4933541Z ok 752 - immediate/mission-timeout: real terminal input, summary, replay and Retry agree
2026-09-15T15:02:54.4933616Z   ---
2026-09-15T15:02:54.4933711Z   duration_ms: 20.388002
2026-09-15T15:02:54.4933793Z   ...
2026-09-15T15:02:54.4934222Z # Subtest: immediate: retained contact stays suppressed through recovery, restore and a later genuine win
2026-09-15T15:02:54.4934648Z ok 753 - immediate: retained contact stays suppressed through recovery, restore and a later genuine win
2026-09-15T15:02:54.4934730Z   ---
2026-09-15T15:02:54.4934821Z   duration_ms: 136.926756
2026-09-15T15:02:54.4934905Z   ...
2026-09-15T15:02:54.4935291Z # Subtest: immediate: a mission deadline during restored recovery supersedes the earlier contact
2026-09-15T15:02:54.4935657Z ok 754 - immediate: a mission deadline during restored recovery supersedes the earlier contact
2026-09-15T15:02:54.4935734Z   ---
2026-09-15T15:02:54.4935829Z   duration_ms: 26.61016
2026-09-15T15:02:54.4935908Z   ...
2026-09-15T15:02:54.4936565Z # Subtest: immediate: shield absorption is a recoverable prefix, never a terminal retry reason
2026-09-15T15:02:54.4936989Z ok 755 - immediate: shield absorption is a recoverable prefix, never a terminal retry reason
2026-09-15T15:02:54.4937087Z   ---
2026-09-15T15:02:54.4937195Z   duration_ms: 29.411819
2026-09-15T15:02:54.4937277Z   ...
2026-09-15T15:02:54.4937707Z # Subtest: immediate: restored Impact redeployment retains an earlier cause without relabeling it as loss
2026-09-15T15:02:54.4938128Z ok 756 - immediate: restored Impact redeployment retains an earlier cause without relabeling it as loss
2026-09-15T15:02:54.4938213Z   ---
2026-09-15T15:02:54.4938310Z   duration_ms: 64.786278
2026-09-15T15:02:54.4938389Z   ...
2026-09-15T15:02:54.4938849Z # Subtest: immediate: loss and explicit fresh-run recreation preserve earlier pictures, scores, seals and clears
2026-09-15T15:02:54.4939288Z ok 757 - immediate: loss and explicit fresh-run recreation preserve earlier pictures, scores, seals and clears
2026-09-15T15:02:54.4939369Z   ---
2026-09-15T15:02:54.4939468Z   duration_ms: 84.761589
2026-09-15T15:02:54.4939548Z   ...
2026-09-15T15:02:54.4939953Z # Subtest: immediate: reading the projection every tick preserves the original frozen v0.6 route oracle
2026-09-15T15:02:54.4940481Z ok 758 - immediate: reading the projection every tick preserves the original frozen v0.6 route oracle
2026-09-15T15:02:54.4940562Z   ---
2026-09-15T15:02:54.4940650Z   duration_ms: 80.866924
2026-09-15T15:02:54.4940731Z   ...
2026-09-15T15:02:54.4941083Z # Subtest: grid-center/self-contact: real terminal input, summary, replay and Retry agree
2026-09-15T15:02:54.4941409Z ok 759 - grid-center/self-contact: real terminal input, summary, replay and Retry agree
2026-09-15T15:02:54.4941489Z   ---
2026-09-15T15:02:54.4941583Z   duration_ms: 28.196246
2026-09-15T15:02:54.4941662Z   ...
2026-09-15T15:02:54.4941989Z # Subtest: grid-center/enemy-trail: real terminal input, summary, replay and Retry agree
2026-09-15T15:02:54.4942305Z ok 760 - grid-center/enemy-trail: real terminal input, summary, replay and Retry agree
2026-09-15T15:02:54.4942385Z   ---
2026-09-15T15:02:54.4942472Z   duration_ms: 18.959721
2026-09-15T15:02:54.4942553Z   ...
2026-09-15T15:02:54.4942892Z # Subtest: grid-center/enemy-player: real terminal input, summary, replay and Retry agree
2026-09-15T15:02:54.4943220Z ok 761 - grid-center/enemy-player: real terminal input, summary, replay and Retry agree
2026-09-15T15:02:54.4943296Z   ---
2026-09-15T15:02:54.4943389Z   duration_ms: 20.65425
2026-09-15T15:02:54.4943467Z   ...
2026-09-15T15:02:54.4943895Z # Subtest: grid-center/boss-lane: real terminal input, summary, replay and Retry agree
2026-09-15T15:02:54.4944209Z ok 762 - grid-center/boss-lane: real terminal input, summary, replay and Retry agree
2026-09-15T15:02:54.4944290Z   ---
2026-09-15T15:02:54.4944377Z   duration_ms: 36.179076
2026-09-15T15:02:54.4944456Z   ...
2026-09-15T15:02:54.4944785Z # Subtest: grid-center/cut-timeout: real terminal input, summary, replay and Retry agree
2026-09-15T15:02:54.4945099Z ok 763 - grid-center/cut-timeout: real terminal input, summary, replay and Retry agree
2026-09-15T15:02:54.4945175Z   ---
2026-09-15T15:02:54.4945265Z   duration_ms: 25.581586
2026-09-15T15:02:54.4945345Z   ...
2026-09-15T15:02:54.4945670Z # Subtest: grid-center/cable-limit: real terminal input, summary, replay and Retry agree
2026-09-15T15:02:54.4946024Z ok 764 - grid-center/cable-limit: real terminal input, summary, replay and Retry agree
2026-09-15T15:02:54.4946105Z   ---
2026-09-15T15:02:54.4946196Z   duration_ms: 19.355732
2026-09-15T15:02:54.4946271Z   ...
2026-09-15T15:02:54.4946918Z # Subtest: grid-center/mission-timeout: real terminal input, summary, replay and Retry agree
2026-09-15T15:02:54.4947274Z ok 765 - grid-center/mission-timeout: real terminal input, summary, replay and Retry agree
2026-09-15T15:02:54.4947351Z   ---
2026-09-15T15:02:54.4947446Z   duration_ms: 12.660208
2026-09-15T15:02:54.4947525Z   ...
2026-09-15T15:02:54.4947953Z # Subtest: grid-center: retained contact stays suppressed through recovery, restore and a later genuine win
2026-09-15T15:02:54.4948369Z ok 766 - grid-center: retained contact stays suppressed through recovery, restore and a later genuine win
2026-09-15T15:02:54.4948449Z   ---
2026-09-15T15:02:54.4948554Z   duration_ms: 163.966182
2026-09-15T15:02:54.4948631Z   ...
2026-09-15T15:02:54.4949012Z # Subtest: grid-center: a mission deadline during restored recovery supersedes the earlier contact
2026-09-15T15:02:54.4949372Z ok 767 - grid-center: a mission deadline during restored recovery supersedes the earlier contact
2026-09-15T15:02:54.4949451Z   ---
2026-09-15T15:02:54.4949545Z   duration_ms: 15.75145
2026-09-15T15:02:54.4949628Z   ...
2026-09-15T15:02:54.4950000Z # Subtest: grid-center: shield absorption is a recoverable prefix, never a terminal retry reason
2026-09-15T15:02:54.4950348Z ok 768 - grid-center: shield absorption is a recoverable prefix, never a terminal retry reason
2026-09-15T15:02:54.4950428Z   ---
2026-09-15T15:02:54.4950522Z   duration_ms: 18.510721
2026-09-15T15:02:54.4950596Z   ...
2026-09-15T15:02:54.4951025Z # Subtest: grid-center: restored Impact redeployment retains an earlier cause without relabeling it as loss
2026-09-15T15:02:54.4951429Z ok 769 - grid-center: restored Impact redeployment retains an earlier cause without relabeling it as loss
2026-09-15T15:02:54.4951641Z   ---
2026-09-15T15:02:54.4951730Z   duration_ms: 52.681707
2026-09-15T15:02:54.4951810Z   ...
2026-09-15T15:02:54.4952286Z # Subtest: grid-center: loss and explicit fresh-run recreation preserve earlier pictures, scores, seals and clears
2026-09-15T15:02:54.4952726Z ok 770 - grid-center: loss and explicit fresh-run recreation preserve earlier pictures, scores, seals and clears
2026-09-15T15:02:54.4952809Z   ---
2026-09-15T15:02:54.4952904Z   duration_ms: 53.773243
2026-09-15T15:02:54.4952984Z   ...
2026-09-15T15:02:54.4953398Z # Subtest: grid-center: reading the projection every tick preserves the original frozen v0.6 route oracle
2026-09-15T15:02:54.4953798Z ok 771 - grid-center: reading the projection every tick preserves the original frozen v0.6 route oracle
2026-09-15T15:02:54.4953880Z   ---
2026-09-15T15:02:54.4953971Z   duration_ms: 47.51031
2026-09-15T15:02:54.4954054Z   ...
2026-09-15T15:03:11.7925506Z # Subtest: five exact registered editions install together within unchanged budgets, preserve a paused cut, and separately Choose/earn Route Choices and Sentinel originals
2026-09-15T15:03:11.7927884Z     # Subtest: five native pairs, three Route Choices wins and one Sentinel win
2026-09-15T15:03:11.7929563Z     ok 1 - five native pairs, three Route Choices wins and one Sentinel win
2026-09-15T15:03:11.7930555Z       ---
2026-09-15T15:03:11.7931159Z       duration_ms: 725580.25286
2026-09-15T15:03:11.7931591Z       ...
2026-09-15T15:03:11.7932384Z     # Subtest: restart authenticates all five indexed editions and retains exact first-earned pictures
2026-09-15T15:03:11.7933707Z     ok 2 - restart authenticates all five indexed editions and retains exact first-earned pictures
2026-09-15T15:03:11.7934562Z       ---
2026-09-15T15:03:11.7934951Z       duration_ms: 71521.720474
2026-09-15T15:03:11.7935356Z       ...
2026-09-15T15:03:11.7935663Z     1..2
2026-09-15T15:03:11.7937374Z ok 772 - five exact registered editions install together within unchanged budgets, preserve a paused cut, and separately Choose/earn Route Choices and Sentinel originals
2026-09-15T15:03:11.7938639Z   ---
2026-09-15T15:03:11.7938850Z   duration_ms: 797104.683062
2026-09-15T15:03:11.7939087Z   ...
2026-09-15T15:03:11.7939584Z # Subtest: foreign theme pair refuses before writes and cannot make the selected chapter available
2026-09-15T15:03:11.7940345Z ok 773 - foreign theme pair refuses before writes and cannot make the selected chapter available
2026-09-15T15:03:11.7940782Z   ---
2026-09-15T15:03:11.7940973Z   duration_ms: 1037.155887
2026-09-15T15:03:11.7941196Z   ...
2026-09-15T15:03:11.7941848Z # Subtest: released host reads the exact small catalog then explicitly downloads only one pair; restart resolves that released registry
2026-09-15T15:03:11.7942575Z     # Subtest: explicit download retains current ready flight until Choose
2026-09-15T15:03:11.7943086Z     ok 1 - explicit download retains current ready flight until Choose
2026-09-15T15:03:11.7943445Z       ---
2026-09-15T15:03:11.7943667Z       duration_ms: 23782.292389
2026-09-15T15:03:11.7943912Z       ...
2026-09-15T15:03:30.5350917Z     # Subtest: fresh released app uses the same persistent authority
2026-09-15T15:03:30.5351938Z     ok 2 - fresh released app uses the same persistent authority
2026-09-15T15:03:30.5352355Z       ---
2026-09-15T15:03:30.5352607Z       duration_ms: 18742.685693
2026-09-15T15:03:30.5352874Z       ...
2026-09-15T15:03:30.5353064Z     1..2
2026-09-15T15:03:30.5353728Z ok 774 - released host reads the exact small catalog then explicitly downloads only one pair; restart resolves that released registry
2026-09-15T15:03:30.5354365Z   ---
2026-09-15T15:03:30.5354577Z   duration_ms: 42526.633419
2026-09-15T15:03:30.5354839Z   ...
2026-09-15T15:03:30.5409738Z # Subtest: inventory completion still refuses a fulfilled action without verified readiness
2026-09-15T15:03:30.5411053Z ok 775 - inventory completion still refuses a fulfilled action without verified readiness
2026-09-15T15:03:30.5411978Z   ---
2026-09-15T15:03:30.5412189Z   duration_ms: 6.486371
2026-09-15T15:03:30.5412411Z   ...
2026-09-15T15:03:30.5667846Z # Subtest: inventory deadline cancels through the panel and joins the pending action before failure
2026-09-15T15:03:30.5669976Z ok 776 - inventory deadline cancels through the panel and joins the pending action before failure
2026-09-15T15:03:30.5670878Z   ---
2026-09-15T15:03:30.5671251Z   duration_ms: 25.638811
2026-09-15T15:03:30.5671659Z   ...
2026-09-15T15:03:30.6028973Z # Subtest: inventory cleanup reports a still-pending action within its separate finite allowance
2026-09-15T15:03:30.6030817Z ok 777 - inventory cleanup reports a still-pending action within its separate finite allowance
2026-09-15T15:03:30.6031889Z   ---
2026-09-15T15:03:30.6032430Z   duration_ms: 35.950568
2026-09-15T15:03:30.6033012Z   ...
2026-09-15T15:03:30.6278757Z # Subtest: actual chapter selection survives reload while the other saved flight stays explicit and exact
2026-09-15T15:03:30.6280045Z     # Subtest: save one flight, then deliberately choose a different installed chapter
2026-09-15T15:03:30.6280869Z     ok 1 - save one flight, then deliberately choose a different installed chapter
2026-09-15T15:03:30.6281732Z       ---
2026-09-15T15:03:30.6282181Z       duration_ms: 10827.508471
2026-09-15T15:03:30.6283123Z       ...
2026-09-15T15:03:30.6284005Z     # Subtest: reload opens the selected chapter without automatically loading or flying
2026-09-15T15:03:30.6285278Z     ok 2 - reload opens the selected chapter without automatically loading or flying
2026-09-15T15:03:30.6286103Z       ---
2026-09-15T15:03:30.6286703Z       duration_ms: 7735.2731
2026-09-15T15:03:30.6287154Z       ...
2026-09-15T15:03:30.6287506Z     1..2
2026-09-15T15:03:30.6288604Z ok 778 - actual chapter selection survives reload while the other saved flight stays explicit and exact
2026-09-15T15:03:30.6289587Z   ---
2026-09-15T15:03:30.6289974Z   duration_ms: 18564.953875
2026-09-15T15:03:30.6290446Z   ...
2026-09-15T15:03:30.6291439Z # Subtest: Sentinel source, runtime and exact proof identity agree without generated expectations
2026-09-15T15:03:30.6292921Z ok 779 - Sentinel source, runtime and exact proof identity agree without generated expectations
2026-09-15T15:03:30.6293749Z   ---
2026-09-15T15:03:30.6294159Z   duration_ms: 7.788097
2026-09-15T15:03:30.6294608Z   ...
2026-09-15T15:03:30.6295733Z # Subtest: sentinel-relay-01/immediate/ordinary/scout: legal core inputs reproduce the complete encounter
2026-09-15T15:03:30.6297666Z ok 780 - sentinel-relay-01/immediate/ordinary/scout: legal core inputs reproduce the complete encounter
2026-09-15T15:03:30.6298612Z   ---
2026-09-15T15:03:30.6298811Z   duration_ms: 255.11138
2026-09-15T15:03:30.6299235Z   ...
2026-09-15T15:03:30.6300328Z # Subtest: sentinel-relay-01/immediate/ordinary/bomber: legal core inputs reproduce the complete encounter
2026-09-15T15:03:30.6301947Z ok 781 - sentinel-relay-01/immediate/ordinary/bomber: legal core inputs reproduce the complete encounter
2026-09-15T15:03:30.6302449Z   ---
2026-09-15T15:03:30.6302641Z   duration_ms: 195.695287
2026-09-15T15:03:30.6302854Z   ...
2026-09-15T15:03:30.6303385Z # Subtest: sentinel-relay-01/immediate/ordinary/carrier: legal core inputs reproduce the complete encounter
2026-09-15T15:03:30.6304619Z ok 782 - sentinel-relay-01/immediate/ordinary/carrier: legal core inputs reproduce the complete encounter
2026-09-15T15:03:30.6305404Z   ---
2026-09-15T15:03:30.6305707Z   duration_ms: 237.150058
2026-09-15T15:03:30.6306025Z   ...
2026-09-15T15:03:30.6307140Z # Subtest: sentinel-relay-01/immediate/ordinary/interceptor: legal core inputs reproduce the complete encounter
2026-09-15T15:03:30.6308698Z ok 783 - sentinel-relay-01/immediate/ordinary/interceptor: legal core inputs reproduce the complete encounter
2026-09-15T15:03:30.6309211Z   ---
2026-09-15T15:03:30.6309406Z   duration_ms: 164.825232
2026-09-15T15:03:30.6309627Z   ...
2026-09-15T15:03:30.6310159Z # Subtest: sentinel-relay-01/immediate/ordinary/fiber: legal core inputs reproduce the complete encounter
2026-09-15T15:03:30.6311526Z ok 784 - sentinel-relay-01/immediate/ordinary/fiber: legal core inputs reproduce the complete encounter
2026-09-15T15:03:30.6312084Z   ---
2026-09-15T15:03:30.6312280Z   duration_ms: 141.315627
2026-09-15T15:03:30.6312493Z   ...
2026-09-15T15:03:30.6313137Z # Subtest: sentinel-relay-01/immediate/ordinary/impact: legal core inputs reproduce the complete encounter
2026-09-15T15:03:30.6314879Z ok 785 - sentinel-relay-01/immediate/ordinary/impact: legal core inputs reproduce the complete encounter
2026-09-15T15:03:30.6315745Z   ---
2026-09-15T15:03:30.6316074Z   duration_ms: 138.704897
2026-09-15T15:03:30.6316702Z   ...
2026-09-15T15:03:30.6317669Z # Subtest: sentinel-relay-01/immediate/ordinary/trapper: legal core inputs reproduce the complete encounter
2026-09-15T15:03:30.6319255Z ok 786 - sentinel-relay-01/immediate/ordinary/trapper: legal core inputs reproduce the complete encounter
2026-09-15T15:03:30.6319833Z   ---
2026-09-15T15:03:30.6320274Z   duration_ms: 152.614789
2026-09-15T15:03:30.6320714Z   ...
2026-09-15T15:03:30.6321808Z # Subtest: sentinel-relay-01/immediate/missed-windows/scout: legal core inputs reproduce the complete encounter
2026-09-15T15:03:30.6323732Z ok 787 - sentinel-relay-01/immediate/missed-windows/scout: legal core inputs reproduce the complete encounter
2026-09-15T15:03:30.6324928Z   ---
2026-09-15T15:03:30.6325214Z   duration_ms: 265.441004
2026-09-15T15:03:30.6325443Z   ...
2026-09-15T15:03:30.6326621Z # Subtest: sentinel-relay-01/immediate/isolation/scout: legal core inputs reproduce the complete encounter
2026-09-15T15:03:30.6328216Z ok 788 - sentinel-relay-01/immediate/isolation/scout: legal core inputs reproduce the complete encounter
2026-09-15T15:03:30.6329150Z   ---
2026-09-15T15:03:30.6329504Z   duration_ms: 331.797958
2026-09-15T15:03:30.6329899Z   ...
2026-09-15T15:03:30.6330901Z # Subtest: sentinel-relay-01/immediate/recovered/scout: legal core inputs reproduce the complete encounter
2026-09-15T15:03:30.6332472Z ok 789 - sentinel-relay-01/immediate/recovered/scout: legal core inputs reproduce the complete encounter
2026-09-15T15:03:30.6333374Z   ---
2026-09-15T15:03:30.6333717Z   duration_ms: 294.812509
2026-09-15T15:03:30.6334098Z   ...
2026-09-15T15:03:30.6335099Z # Subtest: sentinel-relay-01/grid-center/ordinary/scout: legal core inputs reproduce the complete encounter
2026-09-15T15:03:30.6337043Z ok 790 - sentinel-relay-01/grid-center/ordinary/scout: legal core inputs reproduce the complete encounter
2026-09-15T15:03:30.6337973Z   ---
2026-09-15T15:03:30.6338305Z   duration_ms: 169.458473
2026-09-15T15:03:30.6338683Z   ...
2026-09-15T15:03:30.6339692Z # Subtest: sentinel-relay-01/grid-center/ordinary/bomber: legal core inputs reproduce the complete encounter
2026-09-15T15:03:30.6341296Z ok 791 - sentinel-relay-01/grid-center/ordinary/bomber: legal core inputs reproduce the complete encounter
2026-09-15T15:03:30.6342193Z   ---
2026-09-15T15:03:30.6342534Z   duration_ms: 98.11055
2026-09-15T15:03:30.6342915Z   ...
2026-09-15T15:03:30.6343940Z # Subtest: sentinel-relay-01/grid-center/ordinary/carrier: legal core inputs reproduce the complete encounter
2026-09-15T15:03:30.6345574Z ok 792 - sentinel-relay-01/grid-center/ordinary/carrier: legal core inputs reproduce the complete encounter
2026-09-15T15:03:30.6346747Z   ---
2026-09-15T15:03:30.6347103Z   duration_ms: 80.078672
2026-09-15T15:03:30.6347504Z   ...
2026-09-15T15:03:30.6348575Z # Subtest: sentinel-relay-01/grid-center/ordinary/interceptor: legal core inputs reproduce the complete encounter
2026-09-15T15:03:30.6350281Z ok 793 - sentinel-relay-01/grid-center/ordinary/interceptor: legal core inputs reproduce the complete encounter
2026-09-15T15:03:30.6351238Z   ---
2026-09-15T15:03:30.6351576Z   duration_ms: 87.990759
2026-09-15T15:03:30.6351961Z   ...
2026-09-15T15:03:30.6353047Z # Subtest: sentinel-relay-01/grid-center/ordinary/fiber: legal core inputs reproduce the complete encounter
2026-09-15T15:03:30.6354468Z ok 794 - sentinel-relay-01/grid-center/ordinary/fiber: legal core inputs reproduce the complete encounter
2026-09-15T15:03:30.6355214Z   ---
2026-09-15T15:03:30.6355411Z   duration_ms: 150.566626
2026-09-15T15:03:30.6355635Z   ...
2026-09-15T15:03:30.6356178Z # Subtest: sentinel-relay-01/grid-center/ordinary/impact: legal core inputs reproduce the complete encounter
2026-09-15T15:03:30.6357367Z ok 795 - sentinel-relay-01/grid-center/ordinary/impact: legal core inputs reproduce the complete encounter
2026-09-15T15:03:30.6357858Z   ---
2026-09-15T15:03:30.6358050Z   duration_ms: 114.204552
2026-09-15T15:03:30.6358264Z   ...
2026-09-15T15:03:30.6358810Z # Subtest: sentinel-relay-01/grid-center/ordinary/trapper: legal core inputs reproduce the complete encounter
2026-09-15T15:03:30.6359657Z ok 796 - sentinel-relay-01/grid-center/ordinary/trapper: legal core inputs reproduce the complete encounter
2026-09-15T15:03:30.6360136Z   ---
2026-09-15T15:03:30.6360324Z   duration_ms: 120.296975
2026-09-15T15:03:30.6360531Z   ...
2026-09-15T15:03:30.6361100Z # Subtest: sentinel-relay-01/grid-center/missed-windows/scout: legal core inputs reproduce the complete encounter
2026-09-15T15:03:30.6362049Z ok 797 - sentinel-relay-01/grid-center/missed-windows/scout: legal core inputs reproduce the complete encounter
2026-09-15T15:03:30.6362542Z   ---
2026-09-15T15:03:30.6362881Z   duration_ms: 147.195149
2026-09-15T15:03:30.6363106Z   ...
2026-09-15T15:03:30.6363629Z # Subtest: sentinel-relay-01/grid-center/isolation/scout: legal core inputs reproduce the complete encounter
2026-09-15T15:03:30.6364446Z ok 798 - sentinel-relay-01/grid-center/isolation/scout: legal core inputs reproduce the complete encounter
2026-09-15T15:03:30.6364924Z   ---
2026-09-15T15:03:30.6365104Z   duration_ms: 180.026238
2026-09-15T15:03:30.6365310Z   ...
2026-09-15T15:03:30.6365822Z # Subtest: sentinel-relay-01/grid-center/recovered/scout: legal core inputs reproduce the complete encounter
2026-09-15T15:03:30.6367282Z ok 799 - sentinel-relay-01/grid-center/recovered/scout: legal core inputs reproduce the complete encounter
2026-09-15T15:03:30.6368246Z   ---
2026-09-15T15:03:30.6368619Z   duration_ms: 179.420407
2026-09-15T15:03:30.6369033Z   ...
2026-09-15T15:03:30.6369805Z # Subtest: immediate: portable saved flights resume the actual phase and live cut
2026-09-15T15:03:30.6370980Z ok 800 - immediate: portable saved flights resume the actual phase and live cut
2026-09-15T15:03:30.6371685Z   ---
2026-09-15T15:03:30.6372028Z   duration_ms: 775.929739
2026-09-15T15:03:30.6372415Z   ...
2026-09-15T15:03:30.6373189Z # Subtest: grid-center: portable saved flights resume the actual phase and live cut
2026-09-15T15:03:30.6374373Z ok 801 - grid-center: portable saved flights resume the actual phase and live cut
2026-09-15T15:03:30.6375107Z   ---
2026-09-15T15:03:30.6375449Z   duration_ms: 777.220637
2026-09-15T15:03:30.6375832Z   ...
2026-09-15T15:03:30.6376890Z # Subtest: v2 saves and restores the exact off-center buffered turn without release mutations
2026-09-15T15:03:30.6378157Z ok 802 - v2 saves and restores the exact off-center buffered turn without release mutations
2026-09-15T15:03:30.6378938Z   ---
2026-09-15T15:03:30.6379273Z   duration_ms: 89.288782
2026-09-15T15:03:30.6379667Z   ...
2026-09-15T15:03:30.6380591Z # Subtest: new direction selected immediately before pause is future intent, not rewritten history
2026-09-15T15:03:30.6382029Z ok 803 - new direction selected immediately before pause is future intent, not rewritten history
2026-09-15T15:03:30.6382869Z   ---
2026-09-15T15:03:30.6383206Z   duration_ms: 28.389671
2026-09-15T15:03:30.6383572Z   ...
2026-09-15T15:03:30.6384340Z # Subtest: v1 remains released; v2 requires strict owned cardinal-or-null continuation
2026-09-15T15:03:30.6385550Z ok 804 - v1 remains released; v2 requires strict owned cardinal-or-null continuation
2026-09-15T15:03:30.6386284Z   ---
2026-09-15T15:03:30.6386873Z   duration_ms: 20.479979
2026-09-15T15:03:30.6387265Z   ...
2026-09-15T15:03:30.6388259Z # Subtest: Settings and arena assists synchronize, persist across app reload, and retain continuous direction
2026-09-15T15:03:30.6390129Z ok 805 - Settings and arena assists synchronize, persist across app reload, and retain continuous direction
2026-09-15T15:03:30.6391046Z   ---
2026-09-15T15:03:30.6391384Z   duration_ms: 6163.482072
2026-09-15T15:03:30.6391783Z   ...
2026-09-15T15:03:30.6392583Z # Subtest: first Studio read restores displaced Close focus after successful loading
2026-09-15T15:03:30.6393400Z ok 806 - first Studio read restores displaced Close focus after successful loading
2026-09-15T15:03:30.6393790Z   ---
2026-09-15T15:03:30.6393979Z   duration_ms: 14.496814
2026-09-15T15:03:30.6394201Z   ...
2026-09-15T15:03:30.6394648Z # Subtest: first Studio read restores displaced Close focus after a reported storage failure
2026-09-15T15:03:30.6395329Z ok 807 - first Studio read restores displaced Close focus after a reported storage failure
2026-09-15T15:03:30.6395744Z   ---
2026-09-15T15:03:30.6395930Z   duration_ms: 4.820326
2026-09-15T15:03:30.6396139Z   ...
2026-09-15T15:03:30.6397077Z # Subtest: first Studio read preserves a deliberate transport focus chosen while loading
2026-09-15T15:03:30.6398376Z ok 808 - first Studio read preserves a deliberate transport focus chosen while loading
2026-09-15T15:03:30.6399170Z   ---
2026-09-15T15:03:30.6399532Z   duration_ms: 3.12246
2026-09-15T15:03:30.6400173Z   ...
2026-09-15T15:03:30.6401127Z # Subtest: first Studio read relinquishes restoration after a later focus choice even if it blurs
2026-09-15T15:03:30.6402555Z ok 809 - first Studio read relinquishes restoration after a later focus choice even if it blurs
2026-09-15T15:03:30.6403395Z   ---
2026-09-15T15:03:30.6403739Z   duration_ms: 2.638876
2026-09-15T15:03:30.6404115Z   ...
2026-09-15T15:03:30.6404895Z # Subtest: first Studio read does not refocus a dialog closed externally during loading
2026-09-15T15:03:30.6406089Z ok 810 - first Studio read does not refocus a dialog closed externally during loading
2026-09-15T15:03:30.6407220Z   ---
2026-09-15T15:03:30.6407575Z   duration_ms: 4.699219
2026-09-15T15:03:30.6407957Z   ...
2026-09-15T15:03:30.6408786Z # Subtest: first Studio read does not refocus a disposed panel when its pending read settles
2026-09-15T15:03:30.6410061Z ok 811 - first Studio read does not refocus a disposed panel when its pending read settles
2026-09-15T15:03:30.6410817Z   ---
2026-09-15T15:03:30.6411144Z   duration_ms: 2.57203
2026-09-15T15:03:30.6411500Z   ...
2026-09-15T15:03:30.6412135Z # Subtest: first Studio read does not pull focus into a hidden document
2026-09-15T15:03:30.6413134Z ok 812 - first Studio read does not pull focus into a hidden document
2026-09-15T15:03:30.6413876Z   ---
2026-09-15T15:03:30.6414261Z   duration_ms: 3.102262
2026-09-15T15:03:30.6414662Z   ...
2026-09-15T15:03:30.6415377Z # Subtest: cached Studio reopening focuses Close without a second store read
2026-09-15T15:03:30.6416664Z ok 813 - cached Studio reopening focuses Close without a second store read
2026-09-15T15:03:30.6417348Z   ---
2026-09-15T15:03:30.6417689Z   duration_ms: 4.199033
2026-09-15T15:03:30.6418066Z   ...
2026-09-15T15:03:30.6418831Z # Subtest: first Studio read restores Close when disabling blurs later during success
2026-09-15T15:03:30.6420040Z ok 814 - first Studio read restores Close when disabling blurs later during success
2026-09-15T15:03:30.6420835Z   ---
2026-09-15T15:03:30.6421178Z   duration_ms: 6.707054
2026-09-15T15:03:30.6421549Z   ...
2026-09-15T15:03:30.6422288Z # Subtest: first Studio read restores Close when disabling blurs later during failure
2026-09-15T15:03:30.6423473Z ok 815 - first Studio read restores Close when disabling blurs later during failure
2026-09-15T15:03:30.6424214Z   ---
2026-09-15T15:03:30.6424550Z   duration_ms: 2.23465
2026-09-15T15:03:30.6424923Z   ...
2026-09-15T15:03:30.6425787Z # Subtest: late first-read blur does not override a later deliberate focus choice that also blurs
2026-09-15T15:03:30.6427370Z ok 816 - late first-read blur does not override a later deliberate focus choice that also blurs
2026-09-15T15:03:30.6428415Z   ---
2026-09-15T15:03:30.6428751Z   duration_ms: 2.88213
2026-09-15T15:03:30.6429112Z   ...
2026-09-15T15:03:30.6430146Z # Subtest: real MP3 batch import is a draft; one atomic save stores originals and metadata without restarting transport
2026-09-15T15:03:30.6431766Z ok 817 - real MP3 batch import is a draft; one atomic save stores originals and metadata without restarting transport
2026-09-15T15:03:30.6432688Z   ---
2026-09-15T15:03:30.6433029Z   duration_ms: 46.427565
2026-09-15T15:03:30.6433407Z   ...
2026-09-15T15:03:30.6434286Z # Subtest: a failing second file discards the whole batch while preserving an earlier unsaved draft
2026-09-15T15:03:30.6435668Z ok 818 - a failing second file discards the whole batch while preserving an earlier unsaved draft
2026-09-15T15:03:30.6436833Z   ---
2026-09-15T15:03:30.6437173Z   duration_ms: 14.726333
2026-09-15T15:03:30.6437551Z   ...
2026-09-15T15:03:30.6438427Z # Subtest: clone built-in playlist, mix MP3, move entries, configure shuffle and exact map assignment
2026-09-15T15:03:30.6439822Z ok 819 - clone built-in playlist, mix MP3, move entries, configure shuffle and exact map assignment
2026-09-15T15:03:30.6440630Z   ---
2026-09-15T15:03:30.6440999Z   duration_ms: 15.458252
2026-09-15T15:03:30.6441239Z   ...
2026-09-15T15:03:30.6442028Z # Subtest: removal checks playlist references and refuses deleting a playlist last entry
2026-09-15T15:03:30.6443364Z ok 820 - removal checks playlist references and refuses deleting a playlist last entry
2026-09-15T15:03:30.6444128Z   ---
2026-09-15T15:03:30.6444458Z   duration_ms: 15.85776
2026-09-15T15:03:30.6444849Z   ...
2026-09-15T15:03:30.6445780Z # Subtest: binary download and replacement draft preserve exact original audio; Undo cancels replacement
2026-09-15T15:03:30.6447040Z ok 821 - binary download and replacement draft preserve exact original audio; Undo cancels replacement
2026-09-15T15:03:30.6447628Z   ---
2026-09-15T15:03:30.6447992Z   duration_ms: 36.608402
2026-09-15T15:03:30.6448413Z   ...
2026-09-15T15:03:30.6449382Z # Subtest: concurrent writer conflict preserves a draft and never silently overwrites newer saved state
2026-09-15T15:03:30.6450830Z ok 822 - concurrent writer conflict preserves a draft and never silently overwrites newer saved state
2026-09-15T15:03:30.6451685Z   ---
2026-09-15T15:03:30.6452047Z   duration_ms: 5.995945
2026-09-15T15:03:30.6452416Z   ...
2026-09-15T15:03:30.6453199Z # Subtest: cancellation during the browser probe leaves saved bytes and draft untouched
2026-09-15T15:03:30.6454355Z ok 823 - cancellation during the browser probe leaves saved bytes and draft untouched
2026-09-15T15:03:30.6455072Z   ---
2026-09-15T15:03:30.6455440Z   duration_ms: 4.793857
2026-09-15T15:03:30.6455829Z   ...
2026-09-15T15:03:30.6456997Z # Subtest: MP3 audition pauses only music and restores previous intent; manual music playback ends the audition
2026-09-15T15:03:30.6458644Z ok 824 - MP3 audition pauses only music and restores previous intent; manual music playback ends the audition
2026-09-15T15:03:30.6459595Z   ---
2026-09-15T15:03:30.6459949Z   duration_ms: 7.42111
2026-09-15T15:03:30.6460341Z   ...
2026-09-15T15:03:30.6461218Z # Subtest: transport seeking and music volume use the public player API, while unavailable storage can retry
2026-09-15T15:03:30.6462608Z ok 825 - transport seeking and music volume use the public player API, while unavailable storage can retry
2026-09-15T15:03:30.6463454Z   ---
2026-09-15T15:03:30.6463800Z   duration_ms: 6.429966
2026-09-15T15:03:30.6464019Z   ...
2026-09-15T15:03:30.6464635Z # Subtest: cancel arriving after the native commit reports the completed save, never a false rollback
2026-09-15T15:03:30.6466109Z ok 826 - cancel arriving after the native commit reports the completed save, never a false rollback
2026-09-15T15:03:30.6467011Z   ---
2026-09-15T15:03:30.6467322Z   duration_ms: 7.572363
2026-09-15T15:03:30.6467669Z   ...
2026-09-15T15:03:30.6468548Z # Subtest: shared managed-media budget failure retains the old library and a recoverable unsaved draft
2026-09-15T15:03:30.6470202Z ok 827 - shared managed-media budget failure retains the old library and a recoverable unsaved draft
2026-09-15T15:03:30.6471074Z   ---
2026-09-15T15:03:30.6471421Z   duration_ms: 7.177855
2026-09-15T15:03:30.6471808Z   ...
2026-09-15T15:03:30.6472717Z # Subtest: a post-commit host refresh failure stays visible and does not falsely report an unsaved library
2026-09-15T15:03:30.6473542Z ok 828 - a post-commit host refresh failure stays visible and does not falsely report an unsaved library
2026-09-15T15:03:30.6474291Z   ---
2026-09-15T15:03:30.6474489Z   duration_ms: 4.403265
2026-09-15T15:03:30.6474912Z   ...
2026-09-15T15:03:30.6475951Z # Subtest: user transport, volume and successful audition notify host persistence; periodic updates do not
2026-09-15T15:03:30.6477862Z ok 829 - user transport, volume and successful audition notify host persistence; periodic updates do not
2026-09-15T15:03:30.6478872Z   ---
2026-09-15T15:03:30.6479218Z   duration_ms: 8.277642
2026-09-15T15:03:30.6479624Z   ...
2026-09-15T15:03:30.6480561Z # Subtest: hiding during audition restores remembered intent without starting hidden-page audio
2026-09-15T15:03:30.6481984Z ok 830 - hiding during audition restores remembered intent without starting hidden-page audio
2026-09-15T15:03:30.6482796Z   ---
2026-09-15T15:03:30.6483389Z   duration_ms: 4.762628
2026-09-15T15:03:30.6483790Z   ...
2026-09-15T15:03:30.6484718Z # Subtest: beforeAudio is an explicit activation hook, never called from ordinary studio rendering
2026-09-15T15:03:30.6486175Z ok 831 - beforeAudio is an explicit activation hook, never called from ordinary studio rendering
2026-09-15T15:03:30.6487276Z   ---
2026-09-15T15:03:30.6487631Z   duration_ms: 7.195143
2026-09-15T15:03:30.6488016Z   ...
2026-09-15T15:03:30.6489002Z # Subtest: New playlist uses the visibly selected library track rather than the separate append-track picker
2026-09-15T15:03:30.6490572Z ok 832 - New playlist uses the visibly selected library track rather than the separate append-track picker
2026-09-15T15:03:30.6491452Z   ---
2026-09-15T15:03:30.6491785Z   duration_ms: 9.830126
2026-09-15T15:03:30.6492161Z   ...
2026-09-15T15:03:30.6493333Z # Subtest: ordinary audition transport controls pause/resume, seek and change only audition volume without rewriting music intent
2026-09-15T15:03:30.6495208Z ok 833 - ordinary audition transport controls pause/resume, seek and change only audition volume without rewriting music intent
2026-09-15T15:03:30.6496224Z   ---
2026-09-15T15:03:30.6496799Z   duration_ms: 8.854318
2026-09-15T15:03:30.6497176Z   ...
2026-09-15T15:03:30.6498109Z # Subtest: preparing a visible native link is read-only and retains exact saved bytes for explicit retry
2026-09-15T15:03:30.6499537Z ok 834 - preparing a visible native link is read-only and retains exact saved bytes for explicit retry
2026-09-15T15:03:30.6500362Z   ---
2026-09-15T15:03:30.6500688Z   duration_ms: 14.260497
2026-09-15T15:03:30.6501058Z   ...
2026-09-15T15:03:30.6501984Z # Subtest: prepared download participates in local keyboard focus and discard never changes saved music
2026-09-15T15:03:30.6503470Z ok 835 - prepared download participates in local keyboard focus and discard never changes saved music
2026-09-15T15:03:30.6504332Z   ---
2026-09-15T15:03:30.6504664Z   duration_ms: 3.78531
2026-09-15T15:03:30.6505034Z   ...
2026-09-15T15:03:30.6506050Z # Subtest: adopted draft edits, Undo, import, save and reload invalidate a prepared copy without auto-downloading
2026-09-15T15:03:30.6507898Z ok 836 - adopted draft edits, Undo, import, save and reload invalidate a prepared copy without auto-downloading
2026-09-15T15:03:30.6508821Z   ---
2026-09-15T15:03:30.6509160Z   duration_ms: 26.59853
2026-09-15T15:03:30.6509533Z   ...
2026-09-15T15:03:30.6510412Z # Subtest: cancellation and disposal during real binary preparation cannot expose a late download
2026-09-15T15:03:30.6511813Z ok 837 - cancellation and disposal during real binary preparation cannot expose a late download
2026-09-15T15:03:30.6512626Z   ---
2026-09-15T15:03:30.6513199Z   duration_ms: 12.546116
2026-09-15T15:03:30.6513582Z   ...
2026-09-15T15:03:30.6514580Z # Subtest: native adapter receives prepared bytes synchronously on explicit activation and can retry a refusal
2026-09-15T15:03:30.6516164Z ok 838 - native adapter receives prepared bytes synchronously on explicit activation and can retry a refusal
2026-09-15T15:03:30.6517233Z   ---
2026-09-15T15:03:30.6517561Z   duration_ms: 14.650672
2026-09-15T15:03:30.6517925Z   ...
2026-09-15T15:03:30.6518682Z # Subtest: preparation announcements stay separate from the changing music clock
2026-09-15T15:03:30.6519834Z ok 839 - preparation announcements stay separate from the changing music clock
2026-09-15T15:03:30.6520539Z   ---
2026-09-15T15:03:30.6520940Z   duration_ms: 3.399789
2026-09-15T15:03:30.6521318Z   ...
2026-09-15T15:03:30.6522282Z # Subtest: pending audition visibly prepares and late playback cannot repopulate a closed/reopened panel
2026-09-15T15:03:30.6523792Z ok 840 - pending audition visibly prepares and late playback cannot repopulate a closed/reopened panel
2026-09-15T15:03:30.6524669Z   ---
2026-09-15T15:03:30.6525008Z   duration_ms: 4.919331
2026-09-15T15:03:30.6525388Z   ...
2026-09-15T15:03:30.6526871Z # Subtest: Fieldcraft verifies every loadout, both turn modes and positive role benefits against action-omission controls
2026-09-15T15:03:30.6528643Z ok 841 - Fieldcraft verifies every loadout, both turn modes and positive role benefits against action-omission controls
2026-09-15T15:03:30.6529625Z   ---
2026-09-15T15:03:30.6529961Z   duration_ms: 5989.943704
2026-09-15T15:03:30.6530355Z   ...
2026-09-15T15:03:30.6531330Z # Subtest: the actual Fieldcraft pack imports with every class selectable and bounded, visible instructions
2026-09-15T15:03:30.6532852Z ok 842 - the actual Fieldcraft pack imports with every class selectable and bounded, visible instructions
2026-09-15T15:03:30.6533741Z   ---
2026-09-15T15:03:30.6534078Z   duration_ms: 53.030752
2026-09-15T15:03:30.6534465Z   ...
2026-09-15T15:03:30.6535370Z # Subtest: immediate: pulse and net save an exposed cable that identical input without action loses
2026-09-15T15:03:30.6536931Z ok 843 - immediate: pulse and net save an exposed cable that identical input without action loses
2026-09-15T15:03:30.6537881Z   ---
2026-09-15T15:03:30.6538248Z   duration_ms: 119.948706
2026-09-15T15:03:30.6538634Z   ...
2026-09-15T15:03:30.6539485Z # Subtest: grid-center: pulse and net save an exposed cable that identical input without action loses
2026-09-15T15:03:30.6540889Z ok 844 - grid-center: pulse and net save an exposed cable that identical input without action loses
2026-09-15T15:03:30.6541717Z   ---
2026-09-15T15:03:30.6542041Z   duration_ms: 76.309863
2026-09-15T15:03:30.6542412Z   ...
2026-09-15T15:03:30.6543563Z # Subtest: specialty evidence rejects stale hazards and substituted inputs instead of accepting a merely successful picture reveal
2026-09-15T15:03:30.6545420Z ok 845 - specialty evidence rejects stale hazards and substituted inputs instead of accepting a merely successful picture reveal
2026-09-15T15:03:30.6546638Z   ---
2026-09-15T15:03:30.6546977Z   duration_ms: 23.857313
2026-09-15T15:03:30.6547362Z   ...
2026-09-15T15:03:30.6548739Z # Subtest: source default keys stay exact and release versions preserve the game’s leading-v channel spelling
2026-09-15T15:03:30.6550538Z ok 846 - source default keys stay exact and release versions preserve the game’s leading-v channel spelling
2026-09-15T15:03:30.6551415Z   ---
2026-09-15T15:03:30.6551741Z   duration_ms: 3.160311
2026-09-15T15:03:30.6552122Z   ...
2026-09-15T15:03:30.6553029Z # Subtest: workshop channel comes from module-relative build-info and only an actual 404 selects dev
2026-09-15T15:03:30.6554462Z ok 847 - workshop channel comes from module-relative build-info and only an actual 404 selects dev
2026-09-15T15:03:30.6555305Z   ---
2026-09-15T15:03:30.6555631Z   duration_ms: 1.580105
2026-09-15T15:03:30.6555993Z   ...
2026-09-15T15:03:30.6557020Z # Subtest: cancelled build-info fetch or delayed JSON cannot silently choose any channel
2026-09-15T15:03:30.6558599Z ok 848 - cancelled build-info fetch or delayed JSON cannot silently choose any channel
2026-09-15T15:03:30.6559348Z   ---
2026-09-15T15:03:30.6559675Z   duration_ms: 0.916855
2026-09-15T15:03:30.6560057Z   ...
2026-09-15T15:03:30.6560834Z # Subtest: actual host uses build-derived release channel for all catalog locks and rows
2026-09-15T15:03:30.6562046Z ok 849 - actual host uses build-derived release channel for all catalog locks and rows
2026-09-15T15:03:30.6562797Z   ---
2026-09-15T15:03:30.6563123Z   duration_ms: 363.942095
2026-09-15T15:03:30.6563505Z   ...
2026-09-15T15:03:30.6564268Z # Subtest: actual host uses configured release channel for all catalog locks and rows
2026-09-15T15:03:30.6565416Z ok 850 - actual host uses configured release channel for all catalog locks and rows
2026-09-15T15:03:30.6566110Z   ---
2026-09-15T15:03:30.6566617Z   duration_ms: 295.915692
2026-09-15T15:03:30.6567008Z   ...
2026-09-15T15:03:30.6567905Z # Subtest: failed build-info and unsupported source channel stop before creating a media manager
2026-09-15T15:03:30.6569303Z ok 851 - failed build-info and unsupported source channel stop before creating a media manager
2026-09-15T15:03:30.6570118Z   ---
2026-09-15T15:03:30.6570446Z   duration_ms: 21.733631
2026-09-15T15:03:30.6571020Z   ...
2026-09-15T15:03:30.6572182Z # Subtest: capture reports requested versus observed time, saves exact PNG through assignment and retains video for one story save
2026-09-15T15:03:30.6574021Z ok 852 - capture reports requested versus observed time, saves exact PNG through assignment and retains video for one story save
2026-09-15T15:03:30.6575016Z   ---
2026-09-15T15:03:30.6575352Z   duration_ms: 1309.374811
2026-09-15T15:03:30.6575725Z   ...
2026-09-15T15:03:30.6576904Z # Subtest: invalid seek and failed same-context preview retain the accepted frame without saving new originals
2026-09-15T15:03:30.6578513Z ok 853 - invalid seek and failed same-context preview retain the accepted frame without saving new originals
2026-09-15T15:03:30.6579424Z   ---
2026-09-15T15:03:30.6579758Z   duration_ms: 25.235786
2026-09-15T15:03:30.6580141Z   ...
2026-09-15T15:03:30.6581141Z # Subtest: allocation cancellation revokes the returned PNG URL, preserves the prior frame and requires reload
2026-09-15T15:03:30.6582760Z ok 854 - allocation cancellation revokes the returned PNG URL, preserves the prior frame and requires reload
2026-09-15T15:03:30.6583677Z   ---
2026-09-15T15:03:30.6584008Z   duration_ms: 21.707877
2026-09-15T15:03:30.6584390Z   ...
2026-09-15T15:03:30.6585419Z # Subtest: Back cancels pending metadata before closing; a late older source cannot replace a newly inspected source
2026-09-15T15:03:30.6587267Z ok 855 - Back cancels pending metadata before closing; a late older source cannot replace a newly inspected source
2026-09-15T15:03:30.6588217Z   ---
2026-09-15T15:03:30.6588543Z   duration_ms: 26.440298
2026-09-15T15:03:30.6588924Z   ...
2026-09-15T15:03:30.6589872Z # Subtest: pending capture cannot adopt a changed owner; cancelled native work cannot paint after reopening
2026-09-15T15:03:30.6591404Z ok 856 - pending capture cannot adopt a changed owner; cancelled native work cannot paint after reopening
2026-09-15T15:03:30.6592268Z   ---
2026-09-15T15:03:30.6592597Z   duration_ms: 30.217452
2026-09-15T15:03:30.6592976Z   ...
2026-09-15T15:03:30.6594017Z # Subtest: existing controller editor changes a segment slider only on Confirm and Back cancels editing before closing
2026-09-15T15:03:30.6595689Z ok 857 - existing controller editor changes a segment slider only on Confirm and Back cancels editing before closing
2026-09-15T15:03:30.6596857Z   ---
2026-09-15T15:03:30.6597197Z   duration_ms: 98.157896
2026-09-15T15:03:30.6597573Z   ...
2026-09-15T15:03:30.6598509Z # Subtest: opening checks persisted only; explicit action invokes persist synchronously with its receiver
2026-09-15T15:03:30.6599989Z ok 858 - opening checks persisted only; explicit action invokes persist synchronously with its receiver
2026-09-15T15:03:30.6601066Z   ---
2026-09-15T15:03:30.6601394Z   duration_ms: 8.711352
2026-09-15T15:03:30.6601769Z   ...
2026-09-15T15:03:30.6602530Z # Subtest: existing persistent mode is reported from persisted without requesting it
2026-09-15T15:03:30.6603751Z ok 859 - existing persistent mode is reported from persisted without requesting it
2026-09-15T15:03:30.6604510Z   ---
2026-09-15T15:03:30.6604857Z   duration_ms: 0.68933
2026-09-15T15:03:30.6605232Z   ...
2026-09-15T15:03:30.6606141Z # Subtest: denial is visible, does not retry automatically, and permits another deliberate action
2026-09-15T15:03:30.6607767Z ok 860 - denial is visible, does not retry automatically, and permits another deliberate action
2026-09-15T15:03:30.6608597Z   ---
2026-09-15T15:03:30.6608926Z   duration_ms: 2.279032
2026-09-15T15:03:30.6609297Z   ...
2026-09-15T15:03:30.6610112Z # Subtest: unsupported methods and unavailable status stay distinct from denial or grant
2026-09-15T15:03:30.6611363Z ok 861 - unsupported methods and unavailable status stay distinct from denial or grant
2026-09-15T15:03:30.6612131Z   ---
2026-09-15T15:03:30.6612461Z   duration_ms: 3.527257
2026-09-15T15:03:30.6612829Z   ...
2026-09-15T15:03:30.6613652Z # Subtest: rejected and synchronous API failures are caught without claiming denial or grant
2026-09-15T15:03:30.6615157Z ok 862 - rejected and synchronous API failures are caught without claiming denial or grant
2026-09-15T15:03:30.6615928Z   ---
2026-09-15T15:03:30.6616261Z   duration_ms: 2.83882
2026-09-15T15:03:30.6616862Z   ...
2026-09-15T15:03:30.6617536Z # Subtest: a slow status check cannot overwrite a newer granted request
2026-09-15T15:03:30.6618523Z ok 863 - a slow status check cannot overwrite a newer granted request
2026-09-15T15:03:30.6619144Z   ---
2026-09-15T15:03:30.6619470Z   duration_ms: 1.109576
2026-09-15T15:03:30.6619843Z   ...
2026-09-15T15:03:30.6620825Z # Subtest: pending browser request coalesces clicks and a reopened Settings checks its settled state
2026-09-15T15:03:30.6622284Z ok 864 - pending browser request coalesces clicks and a reopened Settings checks its settled state
2026-09-15T15:03:30.6623123Z   ---
2026-09-15T15:03:30.6623513Z   duration_ms: 0.826776
2026-09-15T15:03:30.6639343Z   ...
2026-09-15T15:03:30.6639927Z # Subtest: late rejection after close and late grant after destroy cannot publish or request again
2026-09-15T15:03:30.6640737Z ok 865 - late rejection after close and late grant after destroy cannot publish or request again
2026-09-15T15:03:30.6641180Z   ---
2026-09-15T15:03:30.6641393Z   duration_ms: 2.183313
2026-09-15T15:03:30.6641607Z   ...
2026-09-15T15:03:30.6642093Z # Subtest: binary originals roundtrip into a fresh v4 store only after exact paired still recovery
2026-09-15T15:03:30.6642840Z ok 866 - binary originals roundtrip into a fresh v4 store only after exact paired still recovery
2026-09-15T15:03:30.6643270Z   ---
2026-09-15T15:03:30.6643462Z   duration_ms: 2676.229195
2026-09-15T15:03:30.6643687Z   ...
2026-09-15T15:03:30.6644200Z # Subtest: export ordering is deterministic; complete byte inspector does not certify false codec facts
2026-09-15T15:03:30.6644985Z ok 867 - export ordering is deterministic; complete byte inspector does not certify false codec facts
2026-09-15T15:03:30.6645453Z   ---
2026-09-15T15:03:30.6645645Z   duration_ms: 1321.671136
2026-09-15T15:03:30.6645866Z   ...
2026-09-15T15:03:30.6646731Z # Subtest: truncated, trailing, duplicate/unordered, wrong-length/hash and unsupported versions reject without storage
2026-09-15T15:03:30.6647659Z ok 868 - truncated, trailing, duplicate/unordered, wrong-length/hash and unsupported versions reject without storage
2026-09-15T15:03:30.6648169Z   ---
2026-09-15T15:03:30.6648393Z   duration_ms: 1246.375803
2026-09-15T15:03:30.6648614Z   ...
2026-09-15T15:03:30.6649143Z # Subtest: native file/source budgets and export ownership reject aliases/getters/missing extras before transfer
2026-09-15T15:03:30.6649981Z ok 869 - native file/source budgets and export ownership reject aliases/getters/missing extras before transfer
2026-09-15T15:03:30.6650669Z   ---
2026-09-15T15:03:30.6650856Z   duration_ms: 1129.897929
2026-09-15T15:03:30.6651067Z   ...
2026-09-15T15:03:30.6651538Z # Subtest: unsupported legacy bundle magic and serialized imports cannot be restored as stories
2026-09-15T15:03:30.6652499Z ok 870 - unsupported legacy bundle magic and serialized imports cannot be restored as stories
2026-09-15T15:03:30.6653265Z   ---
2026-09-15T15:03:30.6653648Z   duration_ms: 1010.219227
2026-09-15T15:03:30.6653896Z   ...
2026-09-15T15:03:30.6654487Z # Subtest: restore unions local availability and history; missing incoming references never detach current originals
2026-09-15T15:03:30.6655439Z ok 871 - restore unions local availability and history; missing incoming references never detach current originals
2026-09-15T15:03:30.6655963Z   ---
2026-09-15T15:03:30.6656183Z   duration_ms: 3273.581845
2026-09-15T15:03:30.6656773Z   ...
2026-09-15T15:03:30.6657325Z # Subtest: same revision collision refuses complete restore without partial second-story install
2026-09-15T15:03:30.6658122Z ok 872 - same revision collision refuses complete restore without partial second-story install
2026-09-15T15:03:30.6658613Z   ---
2026-09-15T15:03:30.6658812Z   duration_ms: 2116.950457
2026-09-15T15:03:30.6659050Z   ...
2026-09-15T15:03:30.6659711Z # Subtest: cancellation, stale review and copied review do not commit or steal another lease
2026-09-15T15:03:30.6660458Z ok 873 - cancellation, stale review and copied review do not commit or steal another lease
2026-09-15T15:03:30.6660889Z   ---
2026-09-15T15:03:30.6661094Z   duration_ms: 3743.076252
2026-09-15T15:03:30.6661320Z   ...
2026-09-15T15:03:30.6661878Z # Subtest: bulk native decode failure/timeout or cancellation releases staging and keeps all prior domains
2026-09-15T15:03:30.6662720Z ok 874 - bulk native decode failure/timeout or cancellation releases staging and keeps all prior domains
2026-09-15T15:03:30.6663219Z   ---
2026-09-15T15:03:30.6663407Z   duration_ms: 2443.045259
2026-09-15T15:03:30.6663648Z   ...
2026-09-15T15:03:30.6664134Z # Subtest: shared quota refusal and write abort roll back all imported stories and original bytes
2026-09-15T15:03:30.6664895Z ok 875 - shared quota refusal and write abort roll back all imported stories and original bytes
2026-09-15T15:03:30.6665340Z   ---
2026-09-15T15:03:30.6665550Z   duration_ms: 3159.69959
2026-09-15T15:03:30.6665763Z   ...
2026-09-15T15:03:30.6666231Z # Subtest: caller changes after export awaits cannot replace snapshotted descriptor or original
2026-09-15T15:03:30.6667287Z ok 876 - caller changes after export awaits cannot replace snapshotted descriptor or original
2026-09-15T15:03:30.6667777Z   ---
2026-09-15T15:03:30.6667971Z   duration_ms: 848.79867
2026-09-15T15:03:30.6668202Z   ...
2026-09-15T15:03:30.6668748Z # Subtest: CLI inspects exact file bytes without codec or database claims and rejects malformed usage/files
2026-09-15T15:03:30.6669557Z ok 877 - CLI inspects exact file bytes without codec or database claims and rejects malformed usage/files
2026-09-15T15:03:30.6670034Z   ---
2026-09-15T15:03:30.6670224Z   duration_ms: 1454.882919
2026-09-15T15:03:30.6670435Z   ...
2026-09-15T15:03:30.6671136Z # Subtest: missing actual retained poster rejects before video inspection; complete video restore repairs missing/corrupt available bytes
2026-09-15T15:03:30.6672383Z ok 878 - missing actual retained poster rejects before video inspection; complete video restore repairs missing/corrupt available bytes
2026-09-15T15:03:30.6672950Z   ---
2026-09-15T15:03:30.6673138Z   duration_ms: 2577.152692
2026-09-15T15:03:30.6673356Z   ...
2026-09-15T15:03:30.6674332Z # Subtest: second-source codec failure and expired complete review leave no partial imported history
2026-09-15T15:03:30.6675348Z ok 879 - second-source codec failure and expired complete review leave no partial imported history
2026-09-15T15:03:30.6676158Z   ---
2026-09-15T15:03:30.6676711Z   duration_ms: 2377.173325
2026-09-15T15:03:30.6677147Z   ...
2026-09-15T15:03:30.6678004Z # Subtest: empty inventory stays explicit and unsupported retained owner or changed poster pins cannot become restore authority
2026-09-15T15:03:30.6678972Z ok 880 - empty inventory stays explicit and unsupported retained owner or changed poster pins cannot become restore authority
2026-09-15T15:03:30.6679510Z   ---
2026-09-15T15:03:30.6679706Z   duration_ms: 1013.566451
2026-09-15T15:03:30.6679923Z   ...
2026-09-15T15:03:30.6680380Z # Subtest: real first win records S once with its picture; a faster real later win keeps first S
2026-09-15T15:03:30.6681071Z ok 881 - real first win records S once with its picture; a faster real later win keeps first S
2026-09-15T15:03:30.6681487Z   ---
2026-09-15T15:03:30.6681678Z   duration_ms: 571.248409
2026-09-15T15:03:30.6681896Z   ...
2026-09-15T15:03:30.6682332Z # Subtest: explicit null, old picture receipts and old gallery never receive a later movie
2026-09-15T15:03:30.6682988Z ok 882 - explicit null, old picture receipts and old gallery never receive a later movie
2026-09-15T15:03:30.6683392Z   ---
2026-09-15T15:03:30.6683585Z   duration_ms: 763.787202
2026-09-15T15:03:30.6683796Z   ...
2026-09-15T15:03:30.6684200Z # Subtest: remote first earn wins merges, including old and explicit-null metadata
2026-09-15T15:03:30.6684936Z ok 883 - remote first earn wins merges, including old and explicit-null metadata
2026-09-15T15:03:30.6685316Z   ---
2026-09-15T15:03:30.6685501Z   duration_ms: 711.801969
2026-09-15T15:03:30.6685718Z   ...
2026-09-15T15:03:30.6686279Z # Subtest: Standard/Gentle and explicit legacy worlds retain separate first-earned choices
2026-09-15T15:03:30.6687347Z ok 884 - Standard/Gentle and explicit legacy worlds retain separate first-earned choices
2026-09-15T15:03:30.6687758Z   ---
2026-09-15T15:03:30.6687977Z   duration_ms: 631.96867
2026-09-15T15:03:30.6688188Z   ...
2026-09-15T15:03:30.6688656Z # Subtest: malformed story receipts reject before profile writes and preserve old strict formats
2026-09-15T15:03:30.6689373Z ok 885 - malformed story receipts reject before profile writes and preserve old strict formats
2026-09-15T15:03:30.6689803Z   ---
2026-09-15T15:03:30.6689987Z   duration_ms: 175.693706
2026-09-15T15:03:30.6690197Z   ...
2026-09-15T15:03:30.6690690Z # Subtest: one ordinary profile write persists both receipts; quota refusal preserves the prior bytes
2026-09-15T15:03:30.6691443Z ok 886 - one ordinary profile write persists both receipts; quota refusal preserves the prior bytes
2026-09-15T15:03:30.6691889Z   ---
2026-09-15T15:03:30.6692073Z   duration_ms: 173.302713
2026-09-15T15:03:30.6692337Z   ...
2026-09-15T15:03:30.6693203Z # Subtest: cinematic preference uses v4 only, merges independently and keeps music and old profile bytes
2026-09-15T15:03:30.6694515Z ok 887 - cinematic preference uses v4 only, merges independently and keeps music and old profile bytes
2026-09-15T15:03:30.6695290Z   ---
2026-09-15T15:03:30.6695614Z   duration_ms: 2.78173
2026-09-15T15:03:30.6695996Z   ...
2026-09-15T15:03:30.6697189Z # Subtest: immediate: changing font preserves a paused cut, independent text size and saved direction
2026-09-15T15:03:30.6698674Z ok 888 - immediate: changing font preserves a paused cut, independent text size and saved direction
2026-09-15T15:03:30.6699528Z   ---
2026-09-15T15:03:30.6699897Z   duration_ms: 3528.573546
2026-09-15T15:03:30.6700314Z   ...
2026-09-15T15:03:30.6701290Z # Subtest: grid-center: changing font preserves a paused cut, independent text size and saved direction
2026-09-15T15:03:30.6702695Z ok 889 - grid-center: changing font preserves a paused cut, independent text size and saved direction
2026-09-15T15:03:30.6703503Z   ---
2026-09-15T15:03:30.6703834Z   duration_ms: 3159.738109
2026-09-15T15:03:30.6704209Z   ...
2026-09-15T15:03:30.6705028Z # Subtest: persisted Plain is adopted without a startup write; a denied change is session-only
2026-09-15T15:03:30.6706584Z ok 890 - persisted Plain is adopted without a startup write; a denied change is session-only
2026-09-15T15:03:30.6707310Z   ---
2026-09-15T15:03:30.6707885Z   duration_ms: 1549.726392
2026-09-15T15:03:30.6708248Z   ...
2026-09-15T15:03:30.6709037Z # Subtest: completed Base flight does not retain its old selection message beside featured Deploy
2026-09-15T15:03:30.6710271Z ok 891 - completed Base flight does not retain its old selection message beside featured Deploy
2026-09-15T15:03:30.6710990Z   ---
2026-09-15T15:03:30.6711307Z   duration_ms: 38816.357681
2026-09-15T15:03:30.6711672Z   ...
2026-09-15T15:03:30.6712258Z # Subtest: a paused Base flight keeps its actual Continue destination
2026-09-15T15:03:30.6713127Z ok 892 - a paused Base flight keeps its actual Continue destination
2026-09-15T15:03:30.6713697Z   ---
2026-09-15T15:03:30.6714007Z   duration_ms: 2082.625829
2026-09-15T15:03:30.6714360Z   ...
2026-09-15T15:03:30.6715102Z # Subtest: failed featured selection remains visible after leaving and reopening the title
2026-09-15T15:03:30.6716234Z ok 893 - failed featured selection remains visible after leaving and reopening the title
2026-09-15T15:03:30.6717175Z   ---
2026-09-15T15:03:30.6717480Z   duration_ms: 857.19456
2026-09-15T15:03:30.6717842Z   ...
2026-09-15T15:03:30.6718484Z # Subtest: fresh keyboard direction survives synchronous clear when resuming
2026-09-15T15:03:30.6719427Z ok 894 - fresh keyboard direction survives synchronous clear when resuming
2026-09-15T15:03:30.6720216Z   ---
2026-09-15T15:03:30.6720512Z   duration_ms: 4.849894
2026-09-15T15:03:30.6720923Z   ...
2026-09-15T15:03:30.6721760Z # Subtest: focused mission details keep native scrolling keys and cannot resume or queue flight actions
2026-09-15T15:03:30.6723145Z ok 895 - focused mission details keep native scrolling keys and cannot resume or queue flight actions
2026-09-15T15:03:30.6723623Z   ---
2026-09-15T15:03:30.6723811Z   duration_ms: 1.560628
2026-09-15T15:03:30.6724032Z   ...
2026-09-15T15:03:30.6724727Z # Subtest: fresh hold and tap pointer directions survive resume clear
2026-09-15T15:03:30.6725651Z ok 896 - fresh hold and tap pointer directions survive resume clear
2026-09-15T15:03:30.6726252Z   ---
2026-09-15T15:03:30.6726807Z   duration_ms: 0.875858
2026-09-15T15:03:30.6727148Z   ...
2026-09-15T15:03:30.6727927Z # Subtest: latest held direction wins and releasing it falls back to previous direction
2026-09-15T15:03:30.6729144Z ok 897 - latest held direction wins and releasing it falls back to previous direction
2026-09-15T15:03:30.6729846Z   ---
2026-09-15T15:03:30.6730177Z   duration_ms: 0.681504
2026-09-15T15:03:30.6730537Z   ...
2026-09-15T15:03:30.6731141Z # Subtest: clear and focus loss reject stale direction and boost repeat
2026-09-15T15:03:30.6732028Z ok 898 - clear and focus loss reject stale direction and boost repeat
2026-09-15T15:03:30.6732649Z   ---
2026-09-15T15:03:30.6733026Z   duration_ms: 0.925582
2026-09-15T15:03:30.6733376Z   ...
2026-09-15T15:03:30.6733795Z # Subtest: browser shortcuts and editable descendants retain native key behavior
2026-09-15T15:03:30.6734925Z ok 899 - browser shortcuts and editable descendants retain native key behavior
2026-09-15T15:03:30.6735637Z   ---
2026-09-15T15:03:30.6736007Z   duration_ms: 0.851984
2026-09-15T15:03:30.6736635Z   ...
2026-09-15T15:03:30.6737437Z # Subtest: D-pad buttons support held Space/Enter and blur releases keyboard hold
2026-09-15T15:03:30.6738617Z ok 900 - D-pad buttons support held Space/Enter and blur releases keyboard hold
2026-09-15T15:03:30.6739346Z   ---
2026-09-15T15:03:30.6739727Z   duration_ms: 0.729354
2026-09-15T15:03:30.6740142Z   ...
2026-09-15T15:03:30.6740883Z # Subtest: tap steering keyboard activation toggles once per fresh press
2026-09-15T15:03:30.6741532Z ok 901 - tap steering keyboard activation toggles once per fresh press
2026-09-15T15:03:30.6741878Z   ---
2026-09-15T15:03:30.6742065Z   duration_ms: 0.651609
2026-09-15T15:03:30.6742290Z   ...
2026-09-15T15:03:30.6742749Z # Subtest: pointer cancel clears steering, and secondary mouse buttons do not steer
2026-09-15T15:03:30.6743423Z ok 902 - pointer cancel clears steering, and secondary mouse buttons do not steer
2026-09-15T15:03:30.6744077Z   ---
2026-09-15T15:03:30.6744265Z   duration_ms: 0.634246
2026-09-15T15:03:30.6744489Z   ...
2026-09-15T15:03:30.6744933Z # Subtest: action buttons and keyboard hotkeys produce one request per fresh press
2026-09-15T15:03:30.6745580Z ok 903 - action buttons and keyboard hotkeys produce one request per fresh press
2026-09-15T15:03:30.6745975Z   ---
2026-09-15T15:03:30.6746160Z   duration_ms: 0.871971
2026-09-15T15:03:30.6746667Z   ...
2026-09-15T15:03:30.6747184Z # Subtest: controller pause clears and suppresses the same sample until controller is neutral
2026-09-15T15:03:30.6747958Z ok 904 - controller pause clears and suppresses the same sample until controller is neutral
2026-09-15T15:03:30.6748457Z   ---
2026-09-15T15:03:30.6748657Z   duration_ms: 0.770812
2026-09-15T15:03:30.6748871Z   ...
2026-09-15T15:03:30.6749426Z # Subtest: inactive dialogs/results suppress controller input and require neutral before reuse
2026-09-15T15:03:30.6750228Z ok 905 - inactive dialogs/results suppress controller input and require neutral before reuse
2026-09-15T15:03:30.6750703Z   ---
2026-09-15T15:03:30.6750886Z   duration_ms: 0.579644
2026-09-15T15:03:30.6751108Z   ...
2026-09-15T15:03:30.6751515Z # Subtest: controller disconnect force-pauses and clears keyboard command too
2026-09-15T15:03:30.6752491Z ok 906 - controller disconnect force-pauses and clears keyboard command too
2026-09-15T15:03:30.6753253Z   ---
2026-09-15T15:03:30.6753471Z   duration_ms: 0.627253
2026-09-15T15:03:30.6753681Z   ...
2026-09-15T15:03:30.6753977Z # Subtest: destroy removes button and window listeners
2026-09-15T15:03:30.6754382Z ok 907 - destroy removes button and window listeners
2026-09-15T15:03:30.6754673Z   ---
2026-09-15T15:03:30.6754854Z   duration_ms: 0.492912
2026-09-15T15:03:30.6755052Z   ...
2026-09-15T15:03:30.6755499Z # Subtest: touch Boost and direction use independent held pointers and release independently
2026-09-15T15:03:30.6756186Z ok 908 - touch Boost and direction use independent held pointers and release independently
2026-09-15T15:03:30.6757001Z   ---
2026-09-15T15:03:30.6757188Z   duration_ms: 0.704829
2026-09-15T15:03:30.6757396Z   ...
2026-09-15T15:03:30.6757849Z # Subtest: touch Boost reaches the real movement multiplier and release restores ordinary speed
2026-09-15T15:03:30.6758561Z ok 909 - touch Boost reaches the real movement multiplier and release restores ordinary speed
2026-09-15T15:03:30.6758984Z   ---
2026-09-15T15:03:30.6759213Z   duration_ms: 10.654728
2026-09-15T15:03:30.6759597Z   ...
2026-09-15T15:03:30.6760407Z # Subtest: tap Boost toggles once, preserves tap steering, and Stop clears both latches
2026-09-15T15:03:30.6761410Z ok 910 - tap Boost toggles once, preserves tap steering, and Stop clears both latches
2026-09-15T15:03:30.6762120Z   ---
2026-09-15T15:03:30.6762448Z   duration_ms: 0.898671
2026-09-15T15:03:30.6762805Z   ...
2026-09-15T15:03:30.6763670Z # Subtest: Boost keyboard activation holds or toggles without key-repeat or native-click duplication
2026-09-15T15:03:30.6765027Z ok 911 - Boost keyboard activation holds or toggles without key-repeat or native-click duplication
2026-09-15T15:03:30.6765820Z   ---
2026-09-15T15:03:30.6766138Z   duration_ms: 2.002516
2026-09-15T15:03:30.6766689Z   ...
2026-09-15T15:03:30.6767564Z # Subtest: click-only assistive Boost activation toggles in both steering modes and honors Stop
2026-09-15T15:03:30.6768840Z ok 912 - click-only assistive Boost activation toggles in both steering modes and honors Stop
2026-09-15T15:03:30.6769541Z   ---
2026-09-15T15:03:30.6769859Z   duration_ms: 0.750674
2026-09-15T15:03:30.6770212Z   ...
2026-09-15T15:03:30.6771090Z # Subtest: Boost suppresses gesture duplicate clicks without swallowing a later assistive activation
2026-09-15T15:03:30.6771917Z ok 913 - Boost suppresses gesture duplicate clicks without swallowing a later assistive activation
2026-09-15T15:03:30.6772363Z   ---
2026-09-15T15:03:30.6772552Z   duration_ms: 23.260335
2026-09-15T15:03:30.6772766Z   ...
2026-09-15T15:03:30.6773264Z # Subtest: Boost survives a fresh resume but clears on pause, cancellation, lost capture and window blur
2026-09-15T15:03:30.6774984Z ok 914 - Boost survives a fresh resume but clears on pause, cancellation, lost capture and window blur
2026-09-15T15:03:30.6775776Z   ---
2026-09-15T15:03:30.6776102Z   duration_ms: 1.029004
2026-09-15T15:03:30.6776635Z   ...
2026-09-15T15:03:30.6777147Z # Subtest: Shift remains hold-only in tap mode and controller/keyboard sources update Boost feedback
2026-09-15T15:03:30.6777910Z ok 915 - Shift remains hold-only in tap mode and controller/keyboard sources update Boost feedback
2026-09-15T15:03:30.6778343Z   ---
2026-09-15T15:03:30.6778534Z   duration_ms: 0.733292
2026-09-15T15:03:30.6778747Z   ...
2026-09-15T15:03:30.6779132Z # Subtest: Boost button is optional and its absence preserves keyboard boost
2026-09-15T15:03:30.6779699Z ok 916 - Boost button is optional and its absence preserves keyboard boost
2026-09-15T15:03:30.6780063Z   ---
2026-09-15T15:03:30.6780246Z   duration_ms: 0.519261
2026-09-15T15:03:30.6780456Z   ...
2026-09-15T15:03:30.6780929Z # Subtest: inactive or secondary Boost gestures cannot latch and destroy releases Boost captures
2026-09-15T15:03:30.6781638Z ok 917 - inactive or secondary Boost gestures cannot latch and destroy releases Boost captures
2026-09-15T15:03:30.6782061Z   ---
2026-09-15T15:03:30.6782400Z   duration_ms: 0.522017
2026-09-15T15:03:30.6782613Z   ...
2026-09-15T15:03:30.6783064Z # Subtest: standard controller mapping has dead zone, D-pad priority and independent actions
2026-09-15T15:03:30.6783756Z ok 918 - standard controller mapping has dead zone, D-pad priority and independent actions
2026-09-15T15:03:30.6784175Z   ---
2026-09-15T15:03:30.6784360Z   duration_ms: 0.233286
2026-09-15T15:03:30.6784566Z   ...
2026-09-15T15:03:30.6784996Z # Subtest: custom physical keys move and release even when the release targets an editor
2026-09-15T15:03:30.6785636Z ok 919 - custom physical keys move and release even when the release targets an editor
2026-09-15T15:03:30.6786033Z   ---
2026-09-15T15:03:30.6786221Z   duration_ms: 1.642402
2026-09-15T15:03:30.6786754Z   ...
2026-09-15T15:03:30.6787184Z # Subtest: remapped equipment fires once and modifier or IME input remains native
2026-09-15T15:03:30.6787799Z ok 920 - remapped equipment fires once and modifier or IME input remains native
2026-09-15T15:03:30.6788186Z   ---
2026-09-15T15:03:30.6788374Z   duration_ms: 1.335177
2026-09-15T15:03:30.6788583Z   ...
2026-09-15T15:03:30.6788992Z # Subtest: custom stop clears held movement and boost; Escape remains a pause route
2026-09-15T15:03:30.6789596Z ok 921 - custom stop clears held movement and boost; Escape remains a pause route
2026-09-15T15:03:30.6789967Z   ---
2026-09-15T15:03:30.6790156Z   duration_ms: 1.267621
2026-09-15T15:03:30.6790361Z   ...
2026-09-15T15:03:30.6790769Z # Subtest: changing mappings with clear prevents a held old key surviving the change
2026-09-15T15:03:30.6791406Z ok 922 - changing mappings with clear prevents a held old key surviving the change
2026-09-15T15:03:30.6791788Z   ---
2026-09-15T15:03:30.6791969Z   duration_ms: 0.699619
2026-09-15T15:03:30.6792178Z   ...
2026-09-15T15:03:30.6792709Z # Subtest: external sampled commands bypass all hardware polling and status while keyboard/touch still arbitrate
2026-09-15T15:03:30.6793551Z ok 923 - external sampled commands bypass all hardware polling and status while keyboard/touch still arbitrate
2026-09-15T15:03:30.6794035Z   ---
2026-09-15T15:03:30.6794216Z   duration_ms: 0.556832
2026-09-15T15:03:30.6794419Z   ...
2026-09-15T15:03:30.6794921Z # Subtest: external clear and inactive phases need one neutral sample, never an internal controller read
2026-09-15T15:03:30.6795706Z ok 924 - external clear and inactive phases need one neutral sample, never an internal controller read
2026-09-15T15:03:30.6796155Z   ---
2026-09-15T15:03:30.6796551Z   duration_ms: 0.420336
2026-09-15T15:03:30.6796862Z   ...
2026-09-15T15:03:30.6797387Z # Subtest: external pause and stop clear every held source without duplicating pause or equipment actions
2026-09-15T15:03:30.6798344Z ok 925 - external pause and stop clear every held source without duplicating pause or equipment actions
2026-09-15T15:03:30.6798825Z   ---
2026-09-15T15:03:30.6799015Z   duration_ms: 0.839249
2026-09-15T15:03:30.6799224Z   ...
2026-09-15T15:03:30.6799766Z # Subtest: invalid external fields cannot manufacture movement/ability and destroyed input stops reading it
2026-09-15T15:03:30.6800583Z ok 926 - invalid external fields cannot manufacture movement/ability and destroyed input stops reading it
2026-09-15T15:03:30.6801045Z   ---
2026-09-15T15:03:30.6801235Z   duration_ms: 0.631792
2026-09-15T15:03:30.6801445Z   ...
2026-09-15T15:03:30.6801966Z # Subtest: default sampler preserves an assigned pad when another arrives, and pauses if that owner disappears
2026-09-15T15:03:30.6802788Z ok 927 - default sampler preserves an assigned pad when another arrives, and pauses if that owner disappears
2026-09-15T15:03:30.6803255Z   ---
2026-09-15T15:03:30.6803437Z   duration_ms: 1.003587
2026-09-15T15:03:30.6803644Z   ...
2026-09-15T15:03:30.6804160Z # Subtest: default sampler detects same-index descriptor changes and explicit same-device disconnect events
2026-09-15T15:03:30.6804965Z ok 928 - default sampler detects same-index descriptor changes and explicit same-device disconnect events
2026-09-15T15:03:30.6805544Z   ---
2026-09-15T15:03:30.6805737Z   duration_ms: 0.534199
2026-09-15T15:03:30.6805941Z   ...
2026-09-15T15:03:30.6806999Z # Subtest: router → injected input completes the real first mission identically to canonical input (immediate)
2026-09-15T15:03:30.6807944Z ok 929 - router → injected input completes the real first mission identically to canonical input (immediate)
2026-09-15T15:03:30.6808421Z   ---
2026-09-15T15:03:30.6808611Z   duration_ms: 64.171551
2026-09-15T15:03:30.6808831Z   ...
2026-09-15T15:03:30.6809447Z # Subtest: router → injected input completes the real first mission identically to canonical input (grid-center)
2026-09-15T15:03:30.6810367Z ok 930 - router → injected input completes the real first mission identically to canonical input (grid-center)
2026-09-15T15:03:30.6810846Z   ---
2026-09-15T15:03:30.6811030Z   duration_ms: 69.772667
2026-09-15T15:03:30.6811240Z   ...
2026-09-15T15:03:30.6811613Z # Subtest: onClear must be a function before any listeners are installed
2026-09-15T15:03:30.6812149Z ok 931 - onClear must be a function before any listeners are installed
2026-09-15T15:03:30.6812494Z   ---
2026-09-15T15:03:30.6812675Z   duration_ms: 0.778787
2026-09-15T15:03:30.6812885Z   ...
2026-09-15T15:03:30.6813332Z # Subtest: local Boost observation does not include the controller or poll/drain queued input
2026-09-15T15:03:30.6814025Z ok 932 - local Boost observation does not include the controller or poll/drain queued input
2026-09-15T15:03:30.6814444Z   ---
2026-09-15T15:03:30.6814628Z   duration_ms: 1.588321
2026-09-15T15:03:30.6814831Z   ...
2026-09-15T15:03:30.6815325Z # Subtest: switching controller Toggle off preserves a keyboard Boost hold and aggregate pressed state
2026-09-15T15:03:30.6816096Z ok 933 - switching controller Toggle off preserves a keyboard Boost hold and aggregate pressed state
2026-09-15T15:03:30.6816860Z   ---
2026-09-15T15:03:30.6817064Z   duration_ms: 2.71074
2026-09-15T15:03:30.6817279Z   ...
2026-09-15T15:03:30.6817722Z # Subtest: switching controller Toggle off preserves the independent touch Boost latch
2026-09-15T15:03:30.6818386Z ok 934 - switching controller Toggle off preserves the independent touch Boost latch
2026-09-15T15:03:30.6818790Z   ---
2026-09-15T15:03:30.6818975Z   duration_ms: 0.939667
2026-09-15T15:03:30.6819182Z   ...
2026-09-15T15:03:30.6819710Z # Subtest: keyboard-stop cancels both local and controller Toggle without stranding the adapter neutral gate
2026-09-15T15:03:30.6820526Z ok 935 - keyboard-stop cancels both local and controller Toggle without stranding the adapter neutral gate
2026-09-15T15:03:30.6821029Z   ---
2026-09-15T15:03:30.6821219Z   duration_ms: 1.11758
2026-09-15T15:03:30.6821574Z   ...
2026-09-15T15:03:30.6822076Z # Subtest: visible-stop cancels both local and controller Toggle without stranding the adapter neutral gate
2026-09-15T15:03:30.6822875Z ok 936 - visible-stop cancels both local and controller Toggle without stranding the adapter neutral gate
2026-09-15T15:03:30.6823334Z   ---
2026-09-15T15:03:30.6823518Z   duration_ms: 1.22388
2026-09-15T15:03:30.6823724Z   ...
2026-09-15T15:03:30.6824240Z # Subtest: pointer-cancel cancels both local and controller Toggle without stranding the adapter neutral gate
2026-09-15T15:03:30.6825052Z ok 937 - pointer-cancel cancels both local and controller Toggle without stranding the adapter neutral gate
2026-09-15T15:03:30.6825524Z   ---
2026-09-15T15:03:30.6825704Z   duration_ms: 0.761985
2026-09-15T15:03:30.6825910Z   ...
2026-09-15T15:03:30.6826708Z # Subtest: capture-loss cancels both local and controller Toggle without stranding the adapter neutral gate
2026-09-15T15:03:30.6827711Z ok 938 - capture-loss cancels both local and controller Toggle without stranding the adapter neutral gate
2026-09-15T15:03:30.6828182Z   ---
2026-09-15T15:03:30.6828368Z   duration_ms: 0.863495
2026-09-15T15:03:30.6828577Z   ...
2026-09-15T15:03:30.6829049Z # Subtest: blur cancels both local and controller Toggle without stranding the adapter neutral gate
2026-09-15T15:03:30.6829914Z ok 939 - blur cancels both local and controller Toggle without stranding the adapter neutral gate
2026-09-15T15:03:30.6830364Z   ---
2026-09-15T15:03:30.6830545Z   duration_ms: 0.784367
2026-09-15T15:03:30.6830749Z   ...
2026-09-15T15:03:30.6831246Z # Subtest: inactive cancels both local and controller Toggle without stranding the adapter neutral gate
2026-09-15T15:03:30.6832011Z ok 940 - inactive cancels both local and controller Toggle without stranding the adapter neutral gate
2026-09-15T15:03:30.6832457Z   ---
2026-09-15T15:03:30.6832643Z   duration_ms: 0.720648
2026-09-15T15:03:30.6832844Z   ...
2026-09-15T15:03:30.6833321Z # Subtest: clear cancels both local and controller Toggle without stranding the adapter neutral gate
2026-09-15T15:03:30.6834064Z ok 941 - clear cancels both local and controller Toggle without stranding the adapter neutral gate
2026-09-15T15:03:30.6834500Z   ---
2026-09-15T15:03:30.6834682Z   duration_ms: 0.692054
2026-09-15T15:03:30.6834886Z   ...
2026-09-15T15:03:30.6835429Z # Subtest: repeated inactive input clears preserve real router join, menu Confirm and later fresh flight Toggle
2026-09-15T15:03:30.6836264Z ok 942 - repeated inactive input clears preserve real router join, menu Confirm and later fresh flight Toggle
2026-09-15T15:03:30.6837100Z   ---
2026-09-15T15:03:30.6837296Z   duration_ms: 0.995952
2026-09-15T15:03:30.6837500Z   ...
2026-09-15T15:03:30.6838044Z # Subtest: input-local cancellation leaves Hold router output unchanged while its existing gate waits for release
2026-09-15T15:03:30.6838907Z ok 943 - input-local cancellation leaves Hold router output unchanged while its existing gate waits for release
2026-09-15T15:03:30.6839387Z   ---
2026-09-15T15:03:30.6839576Z   duration_ms: 0.898551
2026-09-15T15:03:30.6839782Z   ...
2026-09-15T15:03:30.6840186Z # Subtest: destroy cancels a router toggle and exposes no local Boost or new input
2026-09-15T15:03:30.6840801Z ok 944 - destroy cancels a router toggle and exposes no local Boost or new input
2026-09-15T15:03:30.6841185Z   ---
2026-09-15T15:03:30.6841370Z   duration_ms: 3.872874
2026-09-15T15:03:30.6841572Z   ...
2026-09-15T15:03:30.6842064Z # Subtest: story authenticates complete owned MP4 bytes while metadata decoding is explicitly modeled
2026-09-15T15:03:30.6842821Z ok 945 - story authenticates complete owned MP4 bytes while metadata decoding is explicitly modeled
2026-09-15T15:03:30.6843265Z   ---
2026-09-15T15:03:30.6843450Z   duration_ms: 34.866411
2026-09-15T15:03:30.6843669Z   ...
2026-09-15T15:03:30.6844066Z # Subtest: sidecar leaves strict still v1 and saved-picture v1 records unchanged
2026-09-15T15:03:30.6844654Z ok 946 - sidecar leaves strict still v1 and saved-picture v1 records unchanged
2026-09-15T15:03:30.6845169Z   ---
2026-09-15T15:03:30.6845354Z   duration_ms: 13.606809
2026-09-15T15:03:30.6845563Z   ...
2026-09-15T15:03:30.6846048Z # Subtest: historical poster A stays exact after current assignment B and never uses B for missing A
2026-09-15T15:03:30.6847069Z ok 947 - historical poster A stays exact after current assignment B and never uses B for missing A
2026-09-15T15:03:30.6847513Z   ---
2026-09-15T15:03:30.6847704Z   duration_ms: 15.928711
2026-09-15T15:03:30.6847914Z   ...
2026-09-15T15:03:30.6848342Z # Subtest: foreign authored owner, theme, revision and hash cannot borrow a valid poster
2026-09-15T15:03:30.6849001Z ok 948 - foreign authored owner, theme, revision and hash cannot borrow a valid poster
2026-09-15T15:03:30.6849399Z   ---
2026-09-15T15:03:30.6849584Z   duration_ms: 8.381266
2026-09-15T15:03:30.6849788Z   ...
2026-09-15T15:03:30.6850168Z # Subtest: serialized or shaped preparations cannot authenticate playback
2026-09-15T15:03:30.6850721Z ok 949 - serialized or shaped preparations cannot authenticate playback
2026-09-15T15:03:30.6851078Z   ---
2026-09-15T15:03:30.6851265Z   duration_ms: 9.032985
2026-09-15T15:03:30.6851469Z   ...
2026-09-15T15:03:30.6851929Z # Subtest: preparation snapshots caller descriptor and Blob before suspended metadata resolves
2026-09-15T15:03:30.6852777Z ok 950 - preparation snapshots caller descriptor and Blob before suspended metadata resolves
2026-09-15T15:03:30.6853206Z   ---
2026-09-15T15:03:30.6853389Z   duration_ms: 9.254649
2026-09-15T15:03:30.6853595Z   ...
2026-09-15T15:03:30.6854058Z # Subtest: native Blob ownership ignores overridden metadata and byte readers on Blob subclasses
2026-09-15T15:03:30.6854771Z ok 951 - native Blob ownership ignores overridden metadata and byte readers on Blob subclasses
2026-09-15T15:03:30.6855201Z   ---
2026-09-15T15:03:30.6855382Z   duration_ms: 9.596338
2026-09-15T15:03:30.6855582Z   ...
2026-09-15T15:03:30.6856064Z # Subtest: actual changed original and container MIME mismatches fail after real hashing with cleanup
2026-09-15T15:03:30.6857134Z ok 952 - actual changed original and container MIME mismatches fail after real hashing with cleanup
2026-09-15T15:03:30.6857587Z   ---
2026-09-15T15:03:30.6857773Z   duration_ms: 12.109001
2026-09-15T15:03:30.6857999Z   ...
2026-09-15T15:03:30.6858515Z # Subtest: descriptor bounds reject malformed source facts and unclamped segments before video allocation
2026-09-15T15:03:30.6859301Z ok 953 - descriptor bounds reject malformed source facts and unclamped segments before video allocation
2026-09-15T15:03:30.6859766Z   ---
2026-09-15T15:03:30.6859947Z   duration_ms: 13.993101
2026-09-15T15:03:30.6860153Z   ...
2026-09-15T15:03:30.6860584Z # Subtest: actual source byte and container limits reject before modeled codec allocation
2026-09-15T15:03:30.6861235Z ok 954 - actual source byte and container limits reject before modeled codec allocation
2026-09-15T15:03:30.6861636Z   ---
2026-09-15T15:03:30.6861823Z   duration_ms: 19.929675
2026-09-15T15:03:30.6862034Z   ...
2026-09-15T15:03:30.6862547Z # Subtest: decoded source dimensions and duration must match declared facts and existing acquisition bounds
2026-09-15T15:03:30.6863345Z ok 955 - decoded source dimensions and duration must match declared facts and existing acquisition bounds
2026-09-15T15:03:30.6863817Z   ---
2026-09-15T15:03:30.6864002Z   duration_ms: 30.66321
2026-09-15T15:03:30.6864207Z   ...
2026-09-15T15:03:30.6864759Z # Subtest: aborted preparation allocates nothing; abort during metadata releases resources and rejects late success
2026-09-15T15:03:30.6865623Z ok 956 - aborted preparation allocates nothing; abort during metadata releases resources and rejects late success
2026-09-15T15:03:30.6866114Z   ---
2026-09-15T15:03:30.6866494Z   duration_ms: 8.705893
2026-09-15T15:03:30.6866875Z   ...
2026-09-15T15:03:30.6867381Z # Subtest: metadata timeout is bounded and cleans the original URL without inventing a playable story
2026-09-15T15:03:30.6868142Z ok 957 - metadata timeout is bounded and cleans the original URL without inventing a playable story
2026-09-15T15:03:30.6868747Z   ---
2026-09-15T15:03:30.6868934Z   duration_ms: 6.781894
2026-09-15T15:03:30.6869144Z   ...
2026-09-15T15:03:30.6869625Z # Subtest: wide selectors and geometry are owned, immutable, and reject unsupported mixed dimensions
2026-09-15T15:03:30.6870367Z ok 958 - wide selectors and geometry are owned, immutable, and reject unsupported mixed dimensions
2026-09-15T15:03:30.6870808Z   ---
2026-09-15T15:03:30.6870991Z   duration_ms: 7.043364
2026-09-15T15:03:30.6871198Z   ...
2026-09-15T15:03:30.6871752Z # Subtest: wide schema rejects omitted/nullability/accessor/version errors and enforces east-side geometry budgets
2026-09-15T15:03:30.6872630Z ok 959 - wide schema rejects omitted/nullability/accessor/version errors and enforces east-side geometry budgets
2026-09-15T15:03:30.6873121Z   ---
2026-09-15T15:03:30.6873305Z   duration_ms: 11.098147
2026-09-15T15:03:30.6873526Z   ...
2026-09-15T15:03:30.6873993Z # Subtest: immediate: legal east-side cut claims exactly its empty region, objective and v5 replay
2026-09-15T15:03:30.6874715Z ok 960 - immediate: legal east-side cut claims exactly its empty region, objective and v5 replay
2026-09-15T15:03:30.6875166Z   ---
2026-09-15T15:03:30.6875355Z   duration_ms: 159.205498
2026-09-15T15:03:30.6875568Z   ...
2026-09-15T15:03:30.6876191Z # Subtest: immediate: wide staged route captures actual core after a qualifying opening, then verifies v5
2026-09-15T15:03:30.6877488Z ok 961 - immediate: wide staged route captures actual core after a qualifying opening, then verifies v5
2026-09-15T15:03:30.6877954Z   ---
2026-09-15T15:03:30.6878151Z   duration_ms: 171.996339
2026-09-15T15:03:30.6878364Z   ...
2026-09-15T15:03:30.6878849Z # Subtest: immediate: walls, right border, swept trail contacts and boss lanes work beyond column 47
2026-09-15T15:03:30.6879597Z ok 962 - immediate: walls, right border, swept trail contacts and boss lanes work beyond column 47
2026-09-15T15:03:30.6880031Z   ---
2026-09-15T15:03:30.6880226Z   duration_ms: 107.162461
2026-09-15T15:03:30.6880436Z   ...
2026-09-15T15:03:30.6880915Z # Subtest: grid-center: legal east-side cut claims exactly its empty region, objective and v5 replay
2026-09-15T15:03:30.6881649Z ok 963 - grid-center: legal east-side cut claims exactly its empty region, objective and v5 replay
2026-09-15T15:03:30.6882085Z   ---
2026-09-15T15:03:30.6882275Z   duration_ms: 154.430894
2026-09-15T15:03:30.6882483Z   ...
2026-09-15T15:03:30.6882996Z # Subtest: grid-center: wide staged route captures actual core after a qualifying opening, then verifies v5
2026-09-15T15:03:30.6883791Z ok 964 - grid-center: wide staged route captures actual core after a qualifying opening, then verifies v5
2026-09-15T15:03:30.6884247Z   ---
2026-09-15T15:03:30.6884430Z   duration_ms: 126.208315
2026-09-15T15:03:30.6884646Z   ...
2026-09-15T15:03:30.6885123Z # Subtest: grid-center: walls, right border, swept trail contacts and boss lanes work beyond column 47
2026-09-15T15:03:30.6885859Z ok 965 - grid-center: walls, right border, swept trail contacts and boss lanes work beyond column 47
2026-09-15T15:03:30.6886300Z   ---
2026-09-15T15:03:30.6886630Z   duration_ms: 83.808222
2026-09-15T15:03:30.6886847Z   ...
2026-09-15T15:03:30.6887294Z # Subtest: wide patrol corners and partial contact continuation use the 212-cell perimeter
2026-09-15T15:03:30.6887983Z ok 966 - wide patrol corners and partial contact continuation use the 212-cell perimeter
2026-09-15T15:03:30.6888389Z   ---
2026-09-15T15:03:30.6888572Z   duration_ms: 3.217587
2026-09-15T15:03:30.6888793Z   ...
2026-09-15T15:03:30.6889353Z # Subtest: all seven class abilities and switches serialize at the east rail without affecting an interleaved legacy run
2026-09-15T15:03:30.6890240Z ok 967 - all seven class abilities and switches serialize at the east rail without affecting an interleaved legacy run
2026-09-15T15:03:30.6890747Z   ---
2026-09-15T15:03:30.6890931Z   duration_ms: 77.248488
2026-09-15T15:03:30.6891140Z   ...
2026-09-15T15:03:30.6891672Z # Subtest: packaged fuses disable executable injection and file privileges while preserving directory loading
2026-09-15T15:03:30.6892651Z ok 968 - packaged fuses disable executable injection and file privileges while preserving directory loading
2026-09-15T15:03:30.6893130Z   ---
2026-09-15T15:03:30.6893320Z   duration_ms: 3.535863
2026-09-15T15:03:30.6893530Z   ...
2026-09-15T15:03:30.6893939Z # Subtest: fuse readback mismatch blocks packaging even if flipping reported success
2026-09-15T15:03:30.6894566Z ok 969 - fuse readback mismatch blocks packaging even if flipping reported success
2026-09-15T15:03:30.6894950Z   ---
2026-09-15T15:03:30.6895133Z   duration_ms: 0.861211
2026-09-15T15:03:30.6895338Z   ...
2026-09-15T15:03:30.6895682Z # Subtest: an unsupported fuse API fails before modifying a binary
2026-09-15T15:03:30.6896169Z ok 970 - an unsupported fuse API fails before modifying a binary
2026-09-15T15:03:30.6896772Z   ---
2026-09-15T15:03:30.6896981Z   duration_ms: 0.616273
2026-09-15T15:03:30.6897197Z   ...
2026-09-15T15:03:30.6897630Z # Subtest: packaged binary selection is host explicit and refuses unsupported platforms
2026-09-15T15:03:30.6898296Z ok 971 - packaged binary selection is host explicit and refuses unsupported platforms
2026-09-15T15:03:30.6898696Z   ---
2026-09-15T15:03:30.6898878Z   duration_ms: 0.483966
2026-09-15T15:03:30.6899217Z   ...
2026-09-15T15:03:30.6899672Z # Subtest: known icon source has bounded ICNS metadata and an owned immutable packaging buffer
2026-09-15T15:03:30.6900367Z ok 972 - known icon source has bounded ICNS metadata and an owned immutable packaging buffer
2026-09-15T15:03:30.6900786Z   ---
2026-09-15T15:03:30.6900977Z   duration_ms: 28.099244
2026-09-15T15:03:30.6901185Z   ...
2026-09-15T15:03:30.6901619Z # Subtest: missing, oversized and broken icon containers fail with a useful packaging error
2026-09-15T15:03:30.6902296Z ok 973 - missing, oversized and broken icon containers fail with a useful packaging error
2026-09-15T15:03:30.6902701Z   ---
2026-09-15T15:03:30.6902886Z   duration_ms: 19.630194
2026-09-15T15:03:30.6903102Z   ...
2026-09-15T15:03:30.6903508Z # Subtest: icon files and their containing assets directory cannot be symbolic links
2026-09-15T15:03:30.6904135Z ok 974 - icon files and their containing assets directory cannot be symbolic links
2026-09-15T15:03:30.6904521Z   ---
2026-09-15T15:03:30.6904706Z   duration_ms: 6.194375
2026-09-15T15:03:30.6904909Z   ...
2026-09-15T15:03:30.6905353Z # Subtest: native export writes exact UTF-8 JSON to cache, shares a local file, then cleans it
2026-09-15T15:03:30.6906039Z ok 975 - native export writes exact UTF-8 JSON to cache, shares a local file, then cleans it
2026-09-15T15:03:30.6906718Z   ---
2026-09-15T15:03:30.6906915Z   duration_ms: 3.766254
2026-09-15T15:03:30.6907132Z   ...
2026-09-15T15:03:30.6907561Z # Subtest: native sheet cancellation and an empty destination never report saved/shared
2026-09-15T15:03:30.6908209Z ok 976 - native sheet cancellation and an empty destination never report saved/shared
2026-09-15T15:03:30.6908610Z   ---
2026-09-15T15:03:30.6908792Z   duration_ms: 1.997386
2026-09-15T15:03:30.6908995Z   ...
2026-09-15T15:03:30.6909437Z # Subtest: write/share failures reject, release the busy state and clean any temporary file
2026-09-15T15:03:30.6910117Z ok 977 - write/share failures reject, release the busy state and clean any temporary file
2026-09-15T15:03:30.6910526Z   ---
2026-09-15T15:03:30.6910711Z   duration_ms: 1.630721
2026-09-15T15:03:30.6910916Z   ...
2026-09-15T15:03:30.6911383Z # Subtest: invalid JSON, unsafe destinations and oversized text reject before touching native APIs
2026-09-15T15:03:30.6912117Z ok 978 - invalid JSON, unsafe destinations and oversized text reject before touching native APIs
2026-09-15T15:03:30.6912546Z   ---
2026-09-15T15:03:30.6912727Z   duration_ms: 1.076684
2026-09-15T15:03:30.6912931Z   ...
2026-09-15T15:03:30.6913245Z # Subtest: one bridge cannot open overlapping share sheets
2026-09-15T15:03:30.6913678Z ok 979 - one bridge cannot open overlapping share sheets
2026-09-15T15:03:30.6914119Z   ---
2026-09-15T15:03:30.6914305Z   duration_ms: 0.678439
2026-09-15T15:03:30.6914380Z   ...
2026-09-15T15:03:30.6914751Z # Subtest: stale cleanup deletes at most 32 old owned files and leaves fresh/unrelated paths alone
2026-09-15T15:03:30.6915102Z ok 980 - stale cleanup deletes at most 32 old owned files and leaves fresh/unrelated paths alone
2026-09-15T15:03:30.6915177Z   ---
2026-09-15T15:03:30.6915271Z   duration_ms: 14.353114
2026-09-15T15:03:30.6915350Z   ...
2026-09-15T15:03:30.6915751Z # Subtest: cleanup failure reports the remaining cache copy without falsely reversing a completed share
2026-09-15T15:03:30.6916131Z ok 981 - cleanup failure reports the remaining cache copy without falsely reversing a completed share
2026-09-15T15:03:30.6916211Z   ---
2026-09-15T15:03:30.6916434Z   duration_ms: 0.632303
2026-09-15T15:03:30.6916515Z   ...
2026-09-15T15:03:30.6916849Z # Subtest: lifecycle bridge forwards inactivity only and releases its listener once
2026-09-15T15:03:30.6917162Z ok 982 - lifecycle bridge forwards inactivity only and releases its listener once
2026-09-15T15:03:30.6917242Z   ---
2026-09-15T15:03:30.6917330Z   duration_ms: 0.735355
2026-09-15T15:03:30.6917409Z   ...
2026-09-15T15:03:30.6917949Z # Subtest: desktop staging preserves verified asset/manifest bytes and never rewrites the released source
2026-09-15T15:03:30.6918353Z ok 983 - desktop staging preserves verified asset/manifest bytes and never rewrites the released source
2026-09-15T15:03:30.6918435Z   ---
2026-09-15T15:03:30.6918528Z   duration_ms: 84.955303
2026-09-15T15:03:30.6918602Z   ...
2026-09-15T15:03:30.6918983Z # Subtest: iOS adds the explicit bridge and records both source and resulting inventory identities
2026-09-15T15:03:30.6919339Z ok 984 - iOS adds the explicit bridge and records both source and resulting inventory identities
2026-09-15T15:03:30.6919418Z   ---
2026-09-15T15:03:30.6919505Z   duration_ms: 38.727042
2026-09-15T15:03:30.6919584Z   ...
2026-09-15T15:03:30.6920026Z # Subtest: iOS policy derives from public headers, excludes unsupported meta directives and precedes bootstrap
2026-09-15T15:03:30.6920446Z ok 985 - iOS policy derives from public headers, excludes unsupported meta directives and precedes bootstrap
2026-09-15T15:03:30.6920527Z   ---
2026-09-15T15:03:30.6920618Z   duration_ms: 0.487773
2026-09-15T15:03:30.6920704Z   ...
2026-09-15T15:03:30.6921212Z # Subtest: compatible existing policy is preserved and relocated once; conflicts, duplicates and malformed heads reject
2026-09-15T15:03:30.6921669Z ok 986 - compatible existing policy is preserved and relocated once; conflicts, duplicates and malformed heads reject
2026-09-15T15:03:30.6921748Z   ---
2026-09-15T15:03:30.6921834Z   duration_ms: 1.265567
2026-09-15T15:03:30.6921913Z   ...
2026-09-15T15:03:30.6922280Z # Subtest: a conflicting first-party HTML policy cannot replace an existing verified iOS stage
2026-09-15T15:03:30.6922632Z ok 987 - a conflicting first-party HTML policy cannot replace an existing verified iOS stage
2026-09-15T15:03:30.6922720Z   ---
2026-09-15T15:03:30.6922818Z   duration_ms: 40.568171
2026-09-15T15:03:30.6922897Z   ...
2026-09-15T15:03:30.6923313Z # Subtest: iOS diagnostics copy exactly four bounded files into the native inventory without altering source
2026-09-15T15:03:30.6923724Z ok 988 - iOS diagnostics copy exactly four bounded files into the native inventory without altering source
2026-09-15T15:03:30.6923806Z   ---
2026-09-15T15:03:30.6923901Z   duration_ms: 49.48657
2026-09-15T15:03:30.6923976Z   ...
2026-09-15T15:03:30.6924397Z # Subtest: diagnostics reject wrong platform, missing/oversized files and symlinks before replacing output
2026-09-15T15:03:30.6924806Z ok 989 - diagnostics reject wrong platform, missing/oversized files and symlinks before replacing output
2026-09-15T15:03:30.6924883Z   ---
2026-09-15T15:03:30.6924981Z   duration_ms: 82.122618
2026-09-15T15:03:30.6925065Z   ...
2026-09-15T15:03:30.6925483Z # Subtest: traversal, duplicate, reserved and invalid inventory records are rejected before creating output
2026-09-15T15:03:30.6926014Z ok 990 - traversal, duplicate, reserved and invalid inventory records are rejected before creating output
2026-09-15T15:03:30.6926096Z   ---
2026-09-15T15:03:30.6926194Z   duration_ms: 28.890474
2026-09-15T15:03:30.6926270Z   ...
2026-09-15T15:03:30.6926743Z # Subtest: missing and tampered assets cannot replace a previously verified native stage
2026-09-15T15:03:30.6927069Z ok 991 - missing and tampered assets cannot replace a previously verified native stage
2026-09-15T15:03:30.6927144Z   ---
2026-09-15T15:03:30.6927241Z   duration_ms: 29.366835
2026-09-15T15:03:30.6927321Z   ...
2026-09-15T15:03:30.6927746Z # Subtest: bounded stat guards reject oversized manifest, actual asset and bridge before reading their data
2026-09-15T15:03:30.6928146Z ok 992 - bounded stat guards reject oversized manifest, actual asset and bridge before reading their data
2026-09-15T15:03:30.6928227Z   ---
2026-09-15T15:03:30.6928320Z   duration_ms: 13.257546
2026-09-15T15:03:30.6928400Z   ...
2026-09-15T15:03:30.6928696Z # Subtest: source/output overlap and existing unowned output are preserved
2026-09-15T15:03:30.6928967Z ok 993 - source/output overlap and existing unowned output are preserved
2026-09-15T15:03:30.6929048Z   ---
2026-09-15T15:03:30.6929138Z   duration_ms: 38.129724
2026-09-15T15:03:30.6929335Z   ...
2026-09-15T15:03:30.6929732Z # Subtest: verified owned stages can be replaced explicitly, but tampered or augmented stages cannot
2026-09-15T15:03:30.6930101Z ok 994 - verified owned stages can be replaced explicitly, but tampered or augmented stages cannot
2026-09-15T15:03:30.6930186Z   ---
2026-09-15T15:03:30.6940795Z   duration_ms: 71.392517
2026-09-15T15:03:30.6940975Z   ...
2026-09-15T15:03:30.6941561Z # Subtest: missing/empty/conflicting iOS bridge and cross-platform replacement preserve existing output
2026-09-15T15:03:30.6941996Z ok 995 - missing/empty/conflicting iOS bridge and cross-platform replacement preserve existing output
2026-09-15T15:03:30.6942089Z   ---
2026-09-15T15:03:30.6942194Z   duration_ms: 44.010984
2026-09-15T15:03:30.6942277Z   ...
2026-09-15T15:03:30.6942711Z # Subtest: all source/bridge/output symbolic links are rejected without creating directories through them
2026-09-15T15:03:30.6943134Z ok 996 - all source/bridge/output symbolic links are rejected without creating directories through them
2026-09-15T15:03:30.6943219Z   ---
2026-09-15T15:03:30.6943318Z   duration_ms: 17.781707
2026-09-15T15:03:30.6943393Z   ...
2026-09-15T15:03:30.6943820Z # Subtest: native marker version/origin/source identity and untracked symlinks are checked on verification
2026-09-15T15:03:30.6944232Z ok 997 - native marker version/origin/source identity and untracked symlinks are checked on verification
2026-09-15T15:03:30.6944310Z   ---
2026-09-15T15:03:30.6944412Z   duration_ms: 60.327127
2026-09-15T15:03:30.6944493Z   ...
2026-09-15T15:03:30.6944871Z # Subtest: CLI reports errors without creating output and verifies a valid staged directory
2026-09-15T15:03:30.6945226Z ok 998 - CLI reports errors without creating output and verifies a valid staged directory
2026-09-15T15:03:30.6945310Z   ---
2026-09-15T15:03:30.6945410Z   duration_ms: 166.028649
2026-09-15T15:03:30.6945486Z   ...
2026-09-15T15:03:30.6946053Z # Subtest: bounded aggregate batches preserve 58 previous wins and add twelve pressure Standard wins with thirty separate Gentle outcomes
2026-09-15T15:03:30.6946872Z ok 999 - bounded aggregate batches preserve 58 previous wins and add twelve pressure Standard wins with thirty separate Gentle outcomes
2026-09-15T15:03:30.6946965Z   ---
2026-09-15T15:03:30.6947062Z   duration_ms: 68775.814311
2026-09-15T15:03:30.6947144Z   ...
2026-09-15T15:03:30.6947590Z # Subtest: exact indexed identities reject missing, duplicate, unknown and unsupported legacy policy entries
2026-09-15T15:03:30.6948013Z ok 1000 - exact indexed identities reject missing, duplicate, unknown and unsupported legacy policy entries
2026-09-15T15:03:30.6948094Z   ---
2026-09-15T15:03:30.6948432Z   duration_ms: 652.656025
2026-09-15T15:03:30.6948509Z   ...
2026-09-15T15:03:30.6948915Z # Subtest: legacy adapter rejects releases or unknown commands that replayProof cannot account for
2026-09-15T15:03:30.6949291Z ok 1001 - legacy adapter rejects releases or unknown commands that replayProof cannot account for
2026-09-15T15:03:30.6949374Z   ---
2026-09-15T15:03:30.6949467Z   duration_ms: 223.376535
2026-09-15T15:03:30.6949547Z   ...
2026-09-15T15:03:30.6950007Z # Subtest: Sentinel selection cannot substitute extra demonstrations for a missing ordinary Interceptor policy
2026-09-15T15:03:30.6950437Z ok 1002 - Sentinel selection cannot substitute extra demonstrations for a missing ordinary Interceptor policy
2026-09-15T15:03:30.6950518Z   ---
2026-09-15T15:03:30.6950616Z   duration_ms: 1490.035782
2026-09-15T15:03:30.6950696Z   ...
2026-09-15T15:03:30.6951042Z # Subtest: separate proof format, pack, campaign, level and roster identities are mandatory
2026-09-15T15:03:30.6951383Z ok 1003 - separate proof format, pack, campaign, level and roster identities are mandatory
2026-09-15T15:03:30.6951468Z   ---
2026-09-15T15:03:30.6951560Z   duration_ms: 2203.154528
2026-09-15T15:03:30.6951641Z   ...
2026-09-15T15:03:30.6952059Z # Subtest: selected version, commands, summary and checkpoint tampering cannot pass normal reconstruction
2026-09-15T15:03:30.6952576Z ok 1004 - selected version, commands, summary and checkpoint tampering cannot pass normal reconstruction
2026-09-15T15:03:30.6952655Z   ---
2026-09-15T15:03:30.6952750Z   duration_ms: 1398.831992
2026-09-15T15:03:30.6952830Z   ...
2026-09-15T15:03:30.6953207Z # Subtest: selected new proof processes explicit release markers instead of silently dropping them
2026-09-15T15:03:30.6953574Z ok 1005 - selected new proof processes explicit release markers instead of silently dropping them
2026-09-15T15:03:30.6953653Z   ---
2026-09-15T15:03:30.6953747Z   duration_ms: 594.794428
2026-09-15T15:03:30.6953823Z   ...
2026-09-15T15:03:30.6954194Z # Subtest: an additional indexed encounter cannot be silently skipped by a count-only assertion
2026-09-15T15:03:30.6954552Z ok 1006 - an additional indexed encounter cannot be silently skipped by a count-only assertion
2026-09-15T15:03:30.6954628Z   ---
2026-09-15T15:03:30.6954724Z   duration_ms: 307.161457
2026-09-15T15:03:30.6954803Z   ...
2026-09-15T15:03:30.6955211Z # Subtest: injected proof snapshots reject executable accessors, unknown fields and malformed structures
2026-09-15T15:03:30.6955609Z ok 1007 - injected proof snapshots reject executable accessors, unknown fields and malformed structures
2026-09-15T15:03:30.6955690Z   ---
2026-09-15T15:03:30.6955784Z   duration_ms: 251.346939
2026-09-15T15:03:30.6955858Z   ...
2026-09-15T15:03:30.6956241Z # Subtest: discovery guard refuses staged generation before its writer, without running --discover
2026-09-15T15:03:30.6956770Z ok 1008 - discovery guard refuses staged generation before its writer, without running --discover
2026-09-15T15:03:30.6956848Z   ---
2026-09-15T15:03:30.6956950Z   duration_ms: 6.87531
2026-09-15T15:03:30.6957032Z   ...
2026-09-15T15:03:30.6957425Z # Subtest: wide proof is optional for old contexts and required for every indexed wide outcome
2026-09-15T15:03:30.6957783Z ok 1009 - wide proof is optional for old contexts and required for every indexed wide outcome
2026-09-15T15:03:30.6957869Z   ---
2026-09-15T15:03:30.6957968Z   duration_ms: 9922.812807
2026-09-15T15:03:30.6958043Z   ...
2026-09-15T15:03:30.6958345Z # Subtest: wide proof binds its exact pack, campaign, map and effective roster
2026-09-15T15:03:30.6958630Z ok 1010 - wide proof binds its exact pack, campaign, map and effective roster
2026-09-15T15:03:30.6958713Z   ---
2026-09-15T15:03:30.6958809Z   duration_ms: 27240.971762
2026-09-15T15:03:30.6958894Z   ...
2026-09-15T15:03:30.6959308Z # Subtest: wide proof reconstructs commands, summary and every checkpoint rather than trusting won flags
2026-09-15T15:03:30.6959701Z ok 1011 - wide proof reconstructs commands, summary and every checkpoint rather than trusting won flags
2026-09-15T15:03:30.6959910Z   ---
2026-09-15T15:03:30.6960005Z   duration_ms: 21279.35299
2026-09-15T15:03:30.6960080Z   ...
2026-09-15T15:03:30.6960448Z # Subtest: wide Arcade proof cannot silently discard releases, malformed inputs or time segments
2026-09-15T15:03:30.6960807Z ok 1012 - wide Arcade proof cannot silently discard releases, malformed inputs or time segments
2026-09-15T15:03:30.6960887Z   ---
2026-09-15T15:03:30.6960977Z   duration_ms: 15866.479207
2026-09-15T15:03:30.6961056Z   ...
2026-09-15T15:03:30.6961456Z # Subtest: wide proof coverage cannot hide another indexed campaign or substitute legacy proof authority
2026-09-15T15:03:30.6961843Z ok 1013 - wide proof coverage cannot hide another indexed campaign or substitute legacy proof authority
2026-09-15T15:03:30.6961925Z   ---
2026-09-15T15:03:30.6962018Z   duration_ms: 7917.934056
2026-09-15T15:03:30.6962102Z   ...
2026-09-15T15:03:30.6962493Z # Subtest: wide proof snapshots own data without invoking nested accessors or changing any proof bytes
2026-09-15T15:03:30.6962880Z ok 1014 - wide proof snapshots own data without invoking nested accessors or changing any proof bytes
2026-09-15T15:03:30.6962960Z   ---
2026-09-15T15:03:30.6963049Z   duration_ms: 2856.521933
2026-09-15T15:03:30.6963128Z   ...
2026-09-15T15:03:30.6963618Z # Subtest: R2 is optional for historical contexts but requires all twelve exact outcomes when indexed
2026-09-15T15:03:30.6963997Z ok 1015 - R2 is optional for historical contexts but requires all twelve exact outcomes when indexed
2026-09-15T15:03:30.6964072Z   ---
2026-09-15T15:03:30.6964166Z   duration_ms: 39698.119654
2026-09-15T15:03:30.6964245Z   ...
2026-09-15T15:03:30.6964662Z # Subtest: R2 aggregate rechecks Gentle commands, stop barriers, summaries and complete checkpoint authority
2026-09-15T15:03:30.6965071Z ok 1016 - R2 aggregate rechecks Gentle commands, stop barriers, summaries and complete checkpoint authority
2026-09-15T15:03:30.6965153Z   ---
2026-09-15T15:03:30.6965248Z   duration_ms: 69218.775296
2026-09-15T15:03:30.6965329Z   ...
2026-09-15T15:03:30.6965778Z # Subtest: R2 coverage cannot hide another classic campaign or fall back to a proof from an absent original edition
2026-09-15T15:03:30.6966212Z ok 1017 - R2 coverage cannot hide another classic campaign or fall back to a proof from an absent original edition
2026-09-15T15:03:30.6966409Z   ---
2026-09-15T15:03:30.6966510Z   duration_ms: 19319.421223
2026-09-15T15:03:30.6966591Z   ...
2026-09-15T15:03:30.6966995Z # Subtest: R2 aggregate owns hostile input without invoking accessors or editing historical proof bytes
2026-09-15T15:03:30.6967384Z ok 1018 - R2 aggregate owns hostile input without invoking accessors or editing historical proof bytes
2026-09-15T15:03:30.6967467Z   ---
2026-09-15T15:03:30.6967561Z   duration_ms: 18653.831501
2026-09-15T15:03:30.6967636Z   ...
2026-09-15T15:03:30.6967895Z # Subtest: indexed R3 cannot omit or borrow proof and demo authority
2026-09-15T15:03:30.6968143Z ok 1019 - indexed R3 cannot omit or borrow proof and demo authority
2026-09-15T15:03:30.6968223Z   ---
2026-09-15T15:03:30.6968319Z   duration_ms: 136754.9484
2026-09-15T15:03:30.6968401Z   ...
2026-09-15T15:03:30.6968737Z # Subtest: unrecognized extra classic campaign cannot hide behind the R3 outcome count
2026-09-15T15:03:30.6969061Z ok 1020 - unrecognized extra classic campaign cannot hide behind the R3 outcome count
2026-09-15T15:03:30.6969143Z   ---
2026-09-15T15:03:30.6969236Z   duration_ms: 36023.572995
2026-09-15T15:03:30.6969310Z   ...
2026-09-15T15:03:30.6969708Z # Subtest: absent versioned opt-in preserves complete build bytes regardless of optional source bodies
2026-09-15T15:03:30.6970091Z ok 1021 - absent versioned opt-in preserves complete build bytes regardless of optional source bodies
2026-09-15T15:03:30.6970173Z   ---
2026-09-15T15:03:30.6970263Z   duration_ms: 289.201825
2026-09-15T15:03:30.6970343Z   ...
2026-09-15T15:03:30.6970756Z # Subtest: explicit optional publication is complete in manifest/ZIP and absent from automatic core cache
2026-09-15T15:03:30.6971271Z ok 1022 - explicit optional publication is complete in manifest/ZIP and absent from automatic core cache
2026-09-15T15:03:30.6971352Z   ---
2026-09-15T15:03:30.6971450Z   duration_ms: 5668.52649
2026-09-15T15:03:30.6971524Z   ...
2026-09-15T15:03:30.6971930Z # Subtest: bad optional hash, path, symbolic source and duplicate default inclusion preserve prior output
2026-09-15T15:03:30.6972329Z ok 1023 - bad optional hash, path, symbolic source and duplicate default inclusion preserve prior output
2026-09-15T15:03:30.6972409Z   ---
2026-09-15T15:03:30.6972499Z   duration_ms: 2206.117287
2026-09-15T15:03:30.6972579Z   ...
2026-09-15T15:03:30.6973058Z # Subtest: Route Choices publishes its exact original body once in loose/manifest/ZIP while core preparation stays small
2026-09-15T15:03:30.6973514Z ok 1024 - Route Choices publishes its exact original body once in loose/manifest/ZIP while core preparation stays small
2026-09-15T15:03:30.6973597Z   ---
2026-09-15T15:03:30.6973696Z   duration_ms: 2104.654752
2026-09-15T15:03:30.6973776Z   ...
2026-09-15T15:03:30.6974228Z # Subtest: Countercurrent appends twelve exact picture cells and three proposed families without approving quality
2026-09-15T15:03:30.6974782Z ok 1025 - Countercurrent appends twelve exact picture cells and three proposed families without approving quality
2026-09-15T15:03:30.6974868Z   ---
2026-09-15T15:03:30.6974958Z   duration_ms: 210.578947
2026-09-15T15:03:30.6975038Z   ...
2026-09-15T15:03:30.6975501Z # Subtest: finite data adapters authenticate twelve distinct Countercurrent originals and all retained source bodies
2026-09-15T15:03:30.6975950Z ok 1026 - finite data adapters authenticate twelve distinct Countercurrent originals and all retained source bodies
2026-09-15T15:03:30.6976025Z   ---
2026-09-15T15:03:30.6976119Z   duration_ms: 768.954101
2026-09-15T15:03:30.6976199Z   ...
2026-09-15T15:03:30.6976962Z # Subtest: the uniform adapter rejects borrowed source IDs, same-body wrong paths and invented dimensions
2026-09-15T15:03:30.6977388Z ok 1027 - the uniform adapter rejects borrowed source IDs, same-body wrong paths and invented dimensions
2026-09-15T15:03:30.6977473Z   ---
2026-09-15T15:03:30.6977571Z   duration_ms: 957.50608
2026-09-15T15:03:30.6977647Z   ...
2026-09-15T15:03:30.6978031Z # Subtest: crossed theme or mission bindings do not borrow an exact original from a different owner
2026-09-15T15:03:30.6978400Z ok 1028 - crossed theme or mission bindings do not borrow an exact original from a different owner
2026-09-15T15:03:30.6978476Z   ---
2026-09-15T15:03:30.6978572Z   duration_ms: 119.722155
2026-09-15T15:03:30.6978652Z   ...
2026-09-15T15:03:30.6979019Z # Subtest: coherently edited register owner and layout still must match the authored descriptor
2026-09-15T15:03:30.6979372Z ok 1029 - coherently edited register owner and layout still must match the authored descriptor
2026-09-15T15:03:30.6979454Z   ---
2026-09-15T15:03:30.6979548Z   duration_ms: 89.616513
2026-09-15T15:03:30.6979624Z   ...
2026-09-15T15:03:30.6979978Z # Subtest: freshly pinned authority cannot redirect an FPV original to another source path
2026-09-15T15:03:30.6980315Z ok 1030 - freshly pinned authority cannot redirect an FPV original to another source path
2026-09-15T15:03:30.6980405Z   ---
2026-09-15T15:03:30.6980511Z   duration_ms: 117.727698
2026-09-15T15:03:30.6980601Z   ...
2026-09-15T15:03:30.6980939Z # Subtest: freshly pinned theme descriptor cannot relabel an original as another mission
2026-09-15T15:03:30.6981257Z ok 1031 - freshly pinned theme descriptor cannot relabel an original as another mission
2026-09-15T15:03:30.6981337Z   ---
2026-09-15T15:03:30.6981429Z   duration_ms: 132.221789
2026-09-15T15:03:30.6981504Z   ...
2026-09-15T15:03:30.6981863Z # Subtest: old register history stays immutable and a Countercurrent family cannot count twice
2026-09-15T15:03:30.6982210Z ok 1032 - old register history stays immutable and a Countercurrent family cannot count twice
2026-09-15T15:03:30.6982292Z   ---
2026-09-15T15:03:30.6982519Z   duration_ms: 165.695144
2026-09-15T15:03:30.6982599Z   ...
2026-09-15T15:03:30.6982946Z # Subtest: freshly pinned art manifest cannot invent dimensions beside unchanged provenance
2026-09-15T15:03:30.6983278Z ok 1033 - freshly pinned art manifest cannot invent dimensions beside unchanged provenance
2026-09-15T15:03:30.6983359Z   ---
2026-09-15T15:03:30.6983454Z   duration_ms: 110.777403
2026-09-15T15:03:30.6983533Z   ...
2026-09-15T15:03:30.6983858Z # Subtest: freshly pinned cohort cannot duplicate a theme and hide another exact edition
2026-09-15T15:03:30.6984174Z ok 1034 - freshly pinned cohort cannot duplicate a theme and hide another exact edition
2026-09-15T15:03:30.6984255Z   ---
2026-09-15T15:03:30.6984343Z   duration_ms: 108.581542
2026-09-15T15:03:30.6984423Z   ...
2026-09-15T15:03:30.6984854Z # Subtest: real source cohort has 27 unique originals in nine proposed layout families, not 15 new external works
2026-09-15T15:03:30.6985270Z ok 1035 - real source cohort has 27 unique originals in nine proposed layout families, not 15 new external works
2026-09-15T15:03:30.6985357Z   ---
2026-09-15T15:03:30.6985451Z   duration_ms: 39.134824
2026-09-15T15:03:30.6985531Z   ...
2026-09-15T15:03:30.6985930Z # Subtest: finite adapters validate all real original identities without rerunning producers or decoding
2026-09-15T15:03:30.6986721Z ok 1036 - finite adapters validate all real original identities without rerunning producers or decoding
2026-09-15T15:03:30.6986825Z   ---
2026-09-15T15:03:30.6986924Z   duration_ms: 546.743117
2026-09-15T15:03:30.6987005Z   ...
2026-09-15T15:03:30.6987351Z # Subtest: pure browser module runs from a data URL without Node, DOM or source imports
2026-09-15T15:03:30.6987688Z ok 1037 - pure browser module runs from a data URL without Node, DOM or source imports
2026-09-15T15:03:30.6987765Z   ---
2026-09-15T15:03:30.6987863Z   duration_ms: 45.066985
2026-09-15T15:03:30.6987943Z   ...
2026-09-15T15:03:30.6988384Z # Subtest: strict metadata rejects unknown fields, unsafe paths, duplicate identities and invalid target basis
2026-09-15T15:03:30.6988816Z ok 1038 - strict metadata rejects unknown fields, unsafe paths, duplicate identities and invalid target basis
2026-09-15T15:03:30.6988900Z   ---
2026-09-15T15:03:30.6988995Z   duration_ms: 29.327945
2026-09-15T15:03:30.6989071Z   ...
2026-09-15T15:03:30.6989424Z # Subtest: a distinct edition or explicitly declared variant cannot fill a second map slot
2026-09-15T15:03:30.6989754Z ok 1039 - a distinct edition or explicitly declared variant cannot fill a second map slot
2026-09-15T15:03:30.6989831Z   ---
2026-09-15T15:03:30.6989924Z   duration_ms: 10.040801
2026-09-15T15:03:30.6990005Z   ...
2026-09-15T15:03:30.6990358Z # Subtest: picture owner is constrained to the actual planned layout and work, including theme
2026-09-15T15:03:30.6990704Z ok 1040 - picture owner is constrained to the actual planned layout and work, including theme
2026-09-15T15:03:30.6990785Z   ---
2026-09-15T15:03:30.6990886Z   duration_ms: 21.58367
2026-09-15T15:03:30.6990965Z   ...
2026-09-15T15:03:30.6991371Z # Subtest: replacement preserves A history and reviews but B cannot inherit them or skip its own stages
2026-09-15T15:03:30.6991764Z ok 1041 - replacement preserves A history and reviews but B cannot inherit them or skip its own stages
2026-09-15T15:03:30.6991839Z   ---
2026-09-15T15:03:30.6991938Z   duration_ms: 66.602954
2026-09-15T15:03:30.6992018Z   ...
2026-09-15T15:03:30.6992346Z # Subtest: append-only revision comparison refuses identity edits and removed history
2026-09-15T15:03:30.6992660Z ok 1042 - append-only revision comparison refuses identity edits and removed history
2026-09-15T15:03:30.6992741Z   ---
2026-09-15T15:03:30.6992840Z   duration_ms: 137.464514
2026-09-15T15:03:30.6992915Z   ...
2026-09-15T15:03:30.6993237Z # Subtest: an unresolved failure blocks stage promotion even when another pass exists
2026-09-15T15:03:30.6993560Z ok 1043 - an unresolved failure blocks stage promotion even when another pass exists
2026-09-15T15:03:30.6993641Z   ---
2026-09-15T15:03:30.6993851Z   duration_ms: 21.092972
2026-09-15T15:03:30.6993931Z   ...
2026-09-15T15:03:30.6994338Z # Subtest: shared original bytes and recompressed derivatives cannot inflate selected/reserve totals
2026-09-15T15:03:30.6994720Z ok 1044 - shared original bytes and recompressed derivatives cannot inflate selected/reserve totals
2026-09-15T15:03:30.6994802Z   ---
2026-09-15T15:03:30.6994898Z   duration_ms: 87.065948
2026-09-15T15:03:30.6994973Z   ...
2026-09-15T15:03:30.6995393Z # Subtest: metadata remains inspectable when originals are missing; byte verification reports unavailable
2026-09-15T15:03:30.6995800Z ok 1045 - metadata remains inspectable when originals are missing; byte verification reports unavailable
2026-09-15T15:03:30.6995882Z   ---
2026-09-15T15:03:30.6995972Z   duration_ms: 294.039114
2026-09-15T15:03:30.6996051Z   ...
2026-09-15T15:03:30.6996690Z # Subtest: changed metadata, forged ownership and symlinked sources refuse without executing a module
2026-09-15T15:03:30.6997081Z ok 1046 - changed metadata, forged ownership and symlinked sources refuse without executing a module
2026-09-15T15:03:30.6997168Z   ---
2026-09-15T15:03:30.6997273Z   duration_ms: 119.744911
2026-09-15T15:03:30.6997349Z   ...
2026-09-15T15:03:30.6997904Z # Subtest: CLI produces one exclusive proposal, preserves input, and refuses overwrites and stale revisions
2026-09-15T15:03:30.6998327Z ok 1047 - CLI produces one exclusive proposal, preserves input, and refuses overwrites and stale revisions
2026-09-15T15:03:30.6998402Z   ---
2026-09-15T15:03:30.6998496Z   duration_ms: 276.768139
2026-09-15T15:03:30.6998576Z   ...
2026-09-15T15:03:30.6998919Z # Subtest: CLI report reads metadata only; traversal and wrong options never create output
2026-09-15T15:03:30.6999257Z ok 1048 - CLI report reads metadata only; traversal and wrong options never create output
2026-09-15T15:03:30.6999337Z   ---
2026-09-15T15:03:30.6999432Z   duration_ms: 95.275426
2026-09-15T15:03:30.6999508Z   ...
2026-09-15T15:03:30.6999872Z # Subtest: renamed shared recipes and another segment of one movie do not inflate unique works
2026-09-15T15:03:30.7000225Z ok 1049 - renamed shared recipes and another segment of one movie do not inflate unique works
2026-09-15T15:03:30.7000304Z   ---
2026-09-15T15:03:30.7000393Z   duration_ms: 54.695006
2026-09-15T15:03:30.7000472Z   ...
2026-09-15T15:03:30.7000843Z # Subtest: movie facts and original dimensions cannot be changed under the same source identity
2026-09-15T15:03:30.7001188Z ok 1050 - movie facts and original dimensions cannot be changed under the same source identity
2026-09-15T15:03:30.7001268Z   ---
2026-09-15T15:03:30.7001361Z   duration_ms: 59.287556
2026-09-15T15:03:30.7001435Z   ...
2026-09-15T15:03:30.7001752Z # Subtest: CLI previous-register comparison preserves exact prior work identity
2026-09-15T15:03:30.7002052Z ok 1051 - CLI previous-register comparison preserves exact prior work identity
2026-09-15T15:03:30.7002133Z   ---
2026-09-15T15:03:30.7002222Z   duration_ms: 177.019748
2026-09-15T15:03:30.7002305Z   ...
2026-09-15T15:03:30.7002747Z # Subtest: existing produced raster manifest works without a second media store and preserves derivative parent
2026-09-15T15:03:30.7003174Z ok 1052 - existing produced raster manifest works without a second media store and preserves derivative parent
2026-09-15T15:03:30.7003255Z   ---
2026-09-15T15:03:30.7003350Z   duration_ms: 132.870892
2026-09-15T15:03:30.7003431Z   ...
2026-09-15T15:03:30.7003828Z # Subtest: historical originals with conflicting identities at one path reject before inventory dedupe
2026-09-15T15:03:30.7004219Z ok 1053 - historical originals with conflicting identities at one path reject before inventory dedupe
2026-09-15T15:03:30.7004299Z   ---
2026-09-15T15:03:30.7004388Z   duration_ms: 191.914587
2026-09-15T15:03:30.7004468Z   ...
2026-09-15T15:03:30.7004818Z # Subtest: an external runner partitions only the selected source across all five test roots
2026-09-15T15:03:30.7005154Z ok 1054 - an external runner partitions only the selected source across all five test roots
2026-09-15T15:03:30.7005354Z   ---
2026-09-15T15:03:30.7005451Z   duration_ms: 224.911715
2026-09-15T15:03:30.7005529Z   ...
2026-09-15T15:03:30.7005904Z # Subtest: an external runner executes imports and cwd from selected source and propagates failure
2026-09-15T15:03:30.7006274Z ok 1055 - an external runner executes imports and cwd from selected source and propagates failure
2026-09-15T15:03:30.7006477Z   ---
2026-09-15T15:03:30.7006569Z   duration_ms: 355.457415
2026-09-15T15:03:30.7006650Z   ...
2026-09-15T15:03:30.7006937Z # Subtest: invalid selected roots and arguments refuse before test execution
2026-09-15T15:03:30.7007217Z ok 1056 - invalid selected roots and arguments refuse before test execution
2026-09-15T15:03:30.7007292Z   ---
2026-09-15T15:03:30.7007385Z   duration_ms: 293.974934
2026-09-15T15:03:30.7007464Z   ...
2026-09-15T15:03:30.7007541Z 1..1056
2026-09-15T15:03:30.7007629Z # tests 1094
2026-09-15T15:03:30.7007714Z # suites 0
2026-09-15T15:03:30.7007798Z # pass 1094
2026-09-15T15:03:30.7007882Z # fail 0
2026-09-15T15:03:30.7007972Z # cancelled 0
2026-09-15T15:03:30.7008052Z # skipped 0
2026-09-15T15:03:30.7008134Z # todo 0
2026-09-15T15:03:30.7008248Z # duration_ms 1319341.048728
2026-09-15T15:03:30.7037772Z ##[group]Run test "$(git rev-parse HEAD)" = "$GITHUB_SHA"
2026-09-15T15:03:30.7037968Z [36;1mtest "$(git rev-parse HEAD)" = "$GITHUB_SHA"[0m
2026-09-15T15:03:30.7038068Z [36;1mgit diff --exit-code[0m
2026-09-15T15:03:30.7038171Z [36;1mgit diff --cached --exit-code[0m
2026-09-15T15:03:30.7073874Z shell: /usr/bin/bash -e {0}
2026-09-15T15:03:30.7073959Z ##[endgroup]
2026-09-15T15:03:31.2494888Z Node 20 is being deprecated. This workflow is running with Node 24 by default. If you need to temporarily use Node 20, you can set the ACTIONS_ALLOW_USE_UNSECURE_NODE_VERSION=true environment variable. For more information see: https://github.blog/changelog/2025-09-19-deprecation-of-node-20-on-github-actions-runners/
2026-09-15T15:03:31.2496230Z Post job cleanup.
2026-09-15T15:03:31.3834346Z (node:3980) [DEP0040] DeprecationWarning: The `punycode` module is deprecated. Please use a userland alternative instead.
2026-09-15T15:03:31.3836111Z (Use `node --trace-deprecation ...` to show where the warning was created)
2026-09-15T15:03:31.3840732Z Cache hit occurred on the primary key node-cache-Linux-x64-npm-1862b28f2e68083ac7ee8c6c9a4cd16ff6aaab0b76bf75940aedf75c9c15fc1c, not saving cache.
2026-09-15T15:03:31.4092955Z Node 20 is being deprecated. This workflow is running with Node 24 by default. If you need to temporarily use Node 20, you can set the ACTIONS_ALLOW_USE_UNSECURE_NODE_VERSION=true environment variable. For more information see: https://github.blog/changelog/2025-09-19-deprecation-of-node-20-on-github-actions-runners/
2026-09-15T15:03:31.4095260Z Post job cleanup.
2026-09-15T15:03:31.5006296Z [command]/usr/bin/git version
2026-09-15T15:03:31.5058796Z git version 2.55.0
2026-09-15T15:03:31.5103034Z Temporarily overriding HOME='/home/runner/work/_temp/c118a4d8-ff18-4326-8a40-e281b4feefd9' before making global git config changes
2026-09-15T15:03:31.5104012Z Adding repository directory to the temporary git global config as a safe directory
2026-09-15T15:03:31.5109174Z [command]/usr/bin/git config --global --add safe.directory /home/runner/work/revealline/revealline
2026-09-15T15:03:31.5152755Z [command]/usr/bin/git config --local --name-only --get-regexp core\.sshCommand
2026-09-15T15:03:31.5189391Z [command]/usr/bin/git submodule foreach --recursive sh -c "git config --local --name-only --get-regexp 'core\.sshCommand' && git config --local --unset-all 'core.sshCommand' || :"
2026-09-15T15:03:31.5454701Z [command]/usr/bin/git config --local --name-only --get-regexp http\.https\:\/\/github\.com\/\.extraheader
2026-09-15T15:03:31.5486533Z http.https://github.com/.extraheader
2026-09-15T15:03:31.5501166Z [command]/usr/bin/git config --local --unset-all http.https://github.com/.extraheader
2026-09-15T15:03:31.5544960Z [command]/usr/bin/git submodule foreach --recursive sh -c "git config --local --name-only --get-regexp 'http\.https\:\/\/github\.com\/\.extraheader' && git config --local --unset-all 'http.https://github.com/.extraheader' || :"
2026-09-15T15:03:31.5820874Z [command]/usr/bin/git config --local --name-only --get-regexp ^includeIf\.gitdir:
2026-09-15T15:03:31.5881503Z [command]/usr/bin/git submodule foreach --recursive git config --local --show-origin --name-only --get-regexp remote.origin.url
2026-09-15T15:03:31.6314946Z Cleaning up orphan processes
2026-09-15T15:03:31.6637248Z ##[warning]Node.js 20 is deprecated. The following actions target Node.js 20 but are being forced to run on Node.js 24: actions/checkout@v4, actions/setup-node@v4. For more information see: https://github.blog/changelog/2025-09-19-deprecation-of-node-20-on-github-actions-runners/
