build	Set up job	﻿2026-09-15T08:34:05.6531997Z Current runner version: '2.337.0'
build	Set up job	2026-09-15T08:34:05.6558890Z ##[group]Runner Image Provisioner
build	Set up job	2026-09-15T08:34:05.6559807Z Hosted Compute Agent
build	Set up job	2026-09-15T08:34:05.6560522Z Version: 20260828.587
build	Set up job	2026-09-15T08:34:05.6561176Z Commit: abac92662cab4cc7352de4f9f9d2e2419aad9c29
build	Set up job	2026-09-15T08:34:05.6562317Z Build Date: 2026-08-28T16:44:25Z
build	Set up job	2026-09-15T08:34:05.6563070Z Worker ID: {c5bde680-d777-4e62-a29e-0eac222ca13b}
build	Set up job	2026-09-15T08:34:05.6563797Z Azure Region: westus
build	Set up job	2026-09-15T08:34:05.6564456Z ##[endgroup]
build	Set up job	2026-09-15T08:34:05.6566355Z ##[group]Operating System
build	Set up job	2026-09-15T08:34:05.6566998Z Ubuntu
build	Set up job	2026-09-15T08:34:05.6567618Z 24.04.5
build	Set up job	2026-09-15T08:34:05.6568236Z LTS
build	Set up job	2026-09-15T08:34:05.6568838Z ##[endgroup]
build	Set up job	2026-09-15T08:34:05.6569414Z ##[group]Runner Image
build	Set up job	2026-09-15T08:34:05.6570043Z Image: ubuntu-24.04
build	Set up job	2026-09-15T08:34:05.6570669Z Version: 20260907.300.1
build	Set up job	2026-09-15T08:34:05.6571731Z Included Software: https://github.com/actions/runner-images/blob/ubuntu24/20260907.300/images/ubuntu/Ubuntu2404-Readme.md
build	Set up job	2026-09-15T08:34:05.6573559Z Image Release: https://github.com/actions/runner-images/releases/tag/ubuntu24%2F20260907.300
build	Set up job	2026-09-15T08:34:05.6574550Z ##[endgroup]
build	Set up job	2026-09-15T08:34:05.6575881Z ##[group]GITHUB_TOKEN Permissions
build	Set up job	2026-09-15T08:34:05.6578097Z Contents: read
build	Set up job	2026-09-15T08:34:05.6578822Z Metadata: read
build	Set up job	2026-09-15T08:34:05.6579394Z ##[endgroup]
build	Set up job	2026-09-15T08:34:05.6581571Z Secret source: Actions
build	Set up job	2026-09-15T08:34:05.6582609Z Cache mode: write
build	Set up job	2026-09-15T08:34:05.6583353Z Prepare workflow directory
build	Set up job	2026-09-15T08:34:05.6990356Z Prepare all required actions
build	Set up job	2026-09-15T08:34:05.7044639Z Getting action download info
build	Set up job	2026-09-15T08:34:06.0716143Z Download action repository 'actions/checkout@v4' (SHA:11d5960a326750d5838078e36cf38b85af677262)
build	Set up job	2026-09-15T08:34:06.2085172Z Download action repository 'actions/upload-artifact@ea165f8d65b6e75b540449e92b4886f43607fa02' (SHA:ea165f8d65b6e75b540449e92b4886f43607fa02)
build	Set up job	2026-09-15T08:34:06.3166375Z Download action repository 'actions/upload-pages-artifact@fc324d3547104276b827a68afc52ff2a11cc49c9' (SHA:fc324d3547104276b827a68afc52ff2a11cc49c9)
build	Set up job	2026-09-15T08:34:06.6579200Z Getting action download info
build	Set up job	2026-09-15T08:34:06.8074988Z Download action repository 'actions/upload-artifact@bbbca2ddaa5d8feaa63e36b76fdaad77386f024f' (SHA:bbbca2ddaa5d8feaa63e36b76fdaad77386f024f)
build	Set up job	2026-09-15T08:34:06.9712447Z Complete job name: build
build	Check out reviewed archive infrastructure	﻿2026-09-15T08:34:07.0832345Z Node 20 is being deprecated. This workflow is running with Node 24 by default. If you need to temporarily use Node 20, you can set the ACTIONS_ALLOW_USE_UNSECURE_NODE_VERSION=true environment variable. For more information see: https://github.blog/changelog/2025-09-19-deprecation-of-node-20-on-github-actions-runners/
build	Check out reviewed archive infrastructure	2026-09-15T08:34:07.0844028Z ##[group]Run actions/checkout@v4
build	Check out reviewed archive infrastructure	2026-09-15T08:34:07.0845288Z with:
build	Check out reviewed archive infrastructure	2026-09-15T08:34:07.0846530Z   path: archive
build	Check out reviewed archive infrastructure	2026-09-15T08:34:07.0847415Z   persist-credentials: false
build	Check out reviewed archive infrastructure	2026-09-15T08:34:07.0848478Z   repository: mekhovov/revealline-archive-13
build	Check out reviewed archive infrastructure	2026-09-15T08:34:07.0857575Z   token: ***
build	Check out reviewed archive infrastructure	2026-09-15T08:34:07.0858417Z   ssh-strict: true
build	Check out reviewed archive infrastructure	2026-09-15T08:34:07.0859228Z   ssh-user: git
build	Check out reviewed archive infrastructure	2026-09-15T08:34:07.0860014Z   clean: true
build	Check out reviewed archive infrastructure	2026-09-15T08:34:07.0860854Z   sparse-checkout-cone-mode: true
build	Check out reviewed archive infrastructure	2026-09-15T08:34:07.0861882Z   fetch-depth: 1
build	Check out reviewed archive infrastructure	2026-09-15T08:34:07.0862714Z   fetch-tags: false
build	Check out reviewed archive infrastructure	2026-09-15T08:34:07.0863557Z   show-progress: true
build	Check out reviewed archive infrastructure	2026-09-15T08:34:07.0864401Z   lfs: false
build	Check out reviewed archive infrastructure	2026-09-15T08:34:07.0865236Z   submodules: false
build	Check out reviewed archive infrastructure	2026-09-15T08:34:07.0866220Z   set-safe-directory: true
build	Check out reviewed archive infrastructure	2026-09-15T08:34:07.0867196Z   allow-unsafe-pr-checkout: false
build	Check out reviewed archive infrastructure	2026-09-15T08:34:07.0868535Z ##[endgroup]
build	Check out reviewed archive infrastructure	2026-09-15T08:34:07.1982790Z Syncing repository: mekhovov/revealline-archive-13
build	Check out reviewed archive infrastructure	2026-09-15T08:34:07.1987984Z ##[group]Getting Git version info
build	Check out reviewed archive infrastructure	2026-09-15T08:34:07.1990242Z Working directory is '/home/runner/work/revealline-archive-13/revealline-archive-13/archive'
build	Check out reviewed archive infrastructure	2026-09-15T08:34:07.1992655Z [command]/usr/bin/git version
build	Check out reviewed archive infrastructure	2026-09-15T08:34:07.2089375Z git version 2.55.0
build	Check out reviewed archive infrastructure	2026-09-15T08:34:07.2117437Z ##[endgroup]
build	Check out reviewed archive infrastructure	2026-09-15T08:34:07.2133337Z Temporarily overriding HOME='/home/runner/work/_temp/446b3fec-62bc-4446-8b64-47eb7e8d7aea' before making global git config changes
build	Check out reviewed archive infrastructure	2026-09-15T08:34:07.2139122Z Adding repository directory to the temporary git global config as a safe directory
build	Check out reviewed archive infrastructure	2026-09-15T08:34:07.2144140Z [command]/usr/bin/git config --global --add safe.directory /home/runner/work/revealline-archive-13/revealline-archive-13/archive
build	Check out reviewed archive infrastructure	2026-09-15T08:34:07.2201172Z ##[group]Initializing the repository
build	Check out reviewed archive infrastructure	2026-09-15T08:34:07.2206945Z [command]/usr/bin/git init /home/runner/work/revealline-archive-13/revealline-archive-13/archive
build	Check out reviewed archive infrastructure	2026-09-15T08:34:07.2374166Z hint: Using 'master' as the name for the initial branch. This default branch name
build	Check out reviewed archive infrastructure	2026-09-15T08:34:07.2377893Z hint: will change to "main" in Git 3.0. To configure the initial branch name
build	Check out reviewed archive infrastructure	2026-09-15T08:34:07.2380019Z hint: to use in all of your new repositories, which will suppress this warning,
build	Check out reviewed archive infrastructure	2026-09-15T08:34:07.2381924Z hint: call:
build	Check out reviewed archive infrastructure	2026-09-15T08:34:07.2382716Z hint:
build	Check out reviewed archive infrastructure	2026-09-15T08:34:07.2383802Z hint: 	git config --global init.defaultBranch <name>
build	Check out reviewed archive infrastructure	2026-09-15T08:34:07.2385070Z hint:
build	Check out reviewed archive infrastructure	2026-09-15T08:34:07.2386894Z hint: Names commonly chosen instead of 'master' are 'main', 'trunk' and
build	Check out reviewed archive infrastructure	2026-09-15T08:34:07.2390032Z hint: 'development'. The just-created branch can be renamed via this command:
build	Check out reviewed archive infrastructure	2026-09-15T08:34:07.2392481Z hint:
build	Check out reviewed archive infrastructure	2026-09-15T08:34:07.2393424Z hint: 	git branch -m <name>
build	Check out reviewed archive infrastructure	2026-09-15T08:34:07.2394945Z hint:
build	Check out reviewed archive infrastructure	2026-09-15T08:34:07.2397227Z hint: Disable this message with "git config set advice.defaultBranchName false"
build	Check out reviewed archive infrastructure	2026-09-15T08:34:07.2399817Z Initialized empty Git repository in /home/runner/work/revealline-archive-13/revealline-archive-13/archive/.git/
build	Check out reviewed archive infrastructure	2026-09-15T08:34:07.2417466Z [command]/usr/bin/git remote add origin https://github.com/mekhovov/revealline-archive-13
build	Check out reviewed archive infrastructure	2026-09-15T08:34:07.2478969Z ##[endgroup]
build	Check out reviewed archive infrastructure	2026-09-15T08:34:07.2481465Z ##[group]Disabling automatic garbage collection
build	Check out reviewed archive infrastructure	2026-09-15T08:34:07.2484219Z [command]/usr/bin/git config --local gc.auto 0
build	Check out reviewed archive infrastructure	2026-09-15T08:34:07.2539183Z ##[endgroup]
build	Check out reviewed archive infrastructure	2026-09-15T08:34:07.2541254Z ##[group]Setting up auth
build	Check out reviewed archive infrastructure	2026-09-15T08:34:07.2547103Z [command]/usr/bin/git config --local --name-only --get-regexp core\.sshCommand
build	Check out reviewed archive infrastructure	2026-09-15T08:34:07.2587972Z [command]/usr/bin/git submodule foreach --recursive sh -c "git config --local --name-only --get-regexp 'core\.sshCommand' && git config --local --unset-all 'core.sshCommand' || :"
build	Check out reviewed archive infrastructure	2026-09-15T08:34:07.3066816Z [command]/usr/bin/git config --local --name-only --get-regexp http\.https\:\/\/github\.com\/\.extraheader
build	Check out reviewed archive infrastructure	2026-09-15T08:34:07.3075374Z [command]/usr/bin/git submodule foreach --recursive sh -c "git config --local --name-only --get-regexp 'http\.https\:\/\/github\.com\/\.extraheader' && git config --local --unset-all 'http.https://github.com/.extraheader' || :"
build	Check out reviewed archive infrastructure	2026-09-15T08:34:07.3279214Z [command]/usr/bin/git config --local --name-only --get-regexp ^includeIf\.gitdir:
build	Check out reviewed archive infrastructure	2026-09-15T08:34:07.3322490Z [command]/usr/bin/git submodule foreach --recursive git config --local --show-origin --name-only --get-regexp remote.origin.url
build	Check out reviewed archive infrastructure	2026-09-15T08:34:07.3560211Z [command]/usr/bin/git config --local http.https://github.com/.extraheader AUTHORIZATION: basic ***
build	Check out reviewed archive infrastructure	2026-09-15T08:34:07.3602554Z ##[endgroup]
build	Check out reviewed archive infrastructure	2026-09-15T08:34:07.3604417Z ##[group]Fetching the repository
build	Check out reviewed archive infrastructure	2026-09-15T08:34:07.3614158Z [command]/usr/bin/git -c protocol.version=2 fetch --no-tags --prune --no-recurse-submodules --depth=1 origin +58b21ebeff3c2d8e8ca37d5b7764f8203b8824ed:refs/remotes/origin/main
build	Check out reviewed archive infrastructure	2026-09-15T08:34:08.0752172Z From https://github.com/mekhovov/revealline-archive-13
build	Check out reviewed archive infrastructure	2026-09-15T08:34:08.0757238Z  * [new ref]         58b21ebeff3c2d8e8ca37d5b7764f8203b8824ed -> origin/main
build	Check out reviewed archive infrastructure	2026-09-15T08:34:08.0764755Z ##[endgroup]
build	Check out reviewed archive infrastructure	2026-09-15T08:34:08.0768160Z ##[group]Determining the checkout info
build	Check out reviewed archive infrastructure	2026-09-15T08:34:08.0771284Z ##[endgroup]
build	Check out reviewed archive infrastructure	2026-09-15T08:34:08.0773305Z [command]/usr/bin/git sparse-checkout disable
build	Check out reviewed archive infrastructure	2026-09-15T08:34:08.0827793Z [command]/usr/bin/git config --local --unset-all extensions.worktreeConfig
build	Check out reviewed archive infrastructure	2026-09-15T08:34:08.0866159Z ##[group]Checking out the ref
build	Check out reviewed archive infrastructure	2026-09-15T08:34:08.0870800Z [command]/usr/bin/git checkout --progress --force -B main refs/remotes/origin/main
build	Check out reviewed archive infrastructure	2026-09-15T08:34:08.0968338Z Switched to a new branch 'main'
build	Check out reviewed archive infrastructure	2026-09-15T08:34:08.0973362Z branch 'main' set up to track 'origin/main'.
build	Check out reviewed archive infrastructure	2026-09-15T08:34:08.1014022Z ##[endgroup]
build	Check out reviewed archive infrastructure	2026-09-15T08:34:08.1062501Z [command]/usr/bin/git log -1 --format=%H
build	Check out reviewed archive infrastructure	2026-09-15T08:34:08.1091147Z 58b21ebeff3c2d8e8ca37d5b7764f8203b8824ed
build	Check out reviewed archive infrastructure	2026-09-15T08:34:08.1100982Z ##[group]Removing auth
build	Check out reviewed archive infrastructure	2026-09-15T08:34:08.1105264Z [command]/usr/bin/git config --local --name-only --get-regexp core\.sshCommand
build	Check out reviewed archive infrastructure	2026-09-15T08:34:08.1140454Z [command]/usr/bin/git submodule foreach --recursive sh -c "git config --local --name-only --get-regexp 'core\.sshCommand' && git config --local --unset-all 'core.sshCommand' || :"
build	Check out reviewed archive infrastructure	2026-09-15T08:34:08.1370414Z [command]/usr/bin/git config --local --name-only --get-regexp http\.https\:\/\/github\.com\/\.extraheader
build	Check out reviewed archive infrastructure	2026-09-15T08:34:08.1401414Z http.https://github.com/.extraheader
build	Check out reviewed archive infrastructure	2026-09-15T08:34:08.1411084Z [command]/usr/bin/git config --local --unset-all http.https://github.com/.extraheader
build	Check out reviewed archive infrastructure	2026-09-15T08:34:08.1448466Z [command]/usr/bin/git submodule foreach --recursive sh -c "git config --local --name-only --get-regexp 'http\.https\:\/\/github\.com\/\.extraheader' && git config --local --unset-all 'http.https://github.com/.extraheader' || :"
build	Check out reviewed archive infrastructure	2026-09-15T08:34:08.1684730Z [command]/usr/bin/git config --local --name-only --get-regexp ^includeIf\.gitdir:
build	Check out reviewed archive infrastructure	2026-09-15T08:34:08.1719059Z [command]/usr/bin/git submodule foreach --recursive git config --local --show-origin --name-only --get-regexp remote.origin.url
build	Check out reviewed archive infrastructure	2026-09-15T08:34:08.1946192Z ##[endgroup]
build	Check out the reviewed bounded original-ZIP extractor	﻿2026-09-15T08:34:08.2319390Z Node 20 is being deprecated. This workflow is running with Node 24 by default. If you need to temporarily use Node 20, you can set the ACTIONS_ALLOW_USE_UNSECURE_NODE_VERSION=true environment variable. For more information see: https://github.blog/changelog/2025-09-19-deprecation-of-node-20-on-github-actions-runners/
build	Check out the reviewed bounded original-ZIP extractor	2026-09-15T08:34:08.2324511Z ##[group]Run actions/checkout@v4
build	Check out the reviewed bounded original-ZIP extractor	2026-09-15T08:34:08.2325527Z with:
build	Check out the reviewed bounded original-ZIP extractor	2026-09-15T08:34:08.2326619Z   repository: mekhovov/revealline
build	Check out the reviewed bounded original-ZIP extractor	2026-09-15T08:34:08.2327733Z   ref: 0594b60136db000c9d6c87527c7885c2c51a2562
build	Check out the reviewed bounded original-ZIP extractor	2026-09-15T08:34:08.2328870Z   fetch-depth: 1
build	Check out the reviewed bounded original-ZIP extractor	2026-09-15T08:34:08.2329727Z   path: source
build	Check out the reviewed bounded original-ZIP extractor	2026-09-15T08:34:08.2330615Z   persist-credentials: false
build	Check out the reviewed bounded original-ZIP extractor	2026-09-15T08:34:08.2332615Z   sparse-checkout: publishing/pages-controller/extract-current.py
build	Check out the reviewed bounded original-ZIP extractor	publishing/pages-controller/test_extract_current.py
build	Check out the reviewed bounded original-ZIP extractor	
build	Check out the reviewed bounded original-ZIP extractor	2026-09-15T08:34:08.2334781Z   sparse-checkout-cone-mode: false
build	Check out the reviewed bounded original-ZIP extractor	2026-09-15T08:34:08.2343348Z   token: ***
build	Check out the reviewed bounded original-ZIP extractor	2026-09-15T08:34:08.2344202Z   ssh-strict: true
build	Check out the reviewed bounded original-ZIP extractor	2026-09-15T08:34:08.2345142Z   ssh-user: git
build	Check out the reviewed bounded original-ZIP extractor	2026-09-15T08:34:08.2346182Z   clean: true
build	Check out the reviewed bounded original-ZIP extractor	2026-09-15T08:34:08.2347028Z   fetch-tags: false
build	Check out the reviewed bounded original-ZIP extractor	2026-09-15T08:34:08.2347919Z   show-progress: true
build	Check out the reviewed bounded original-ZIP extractor	2026-09-15T08:34:08.2348810Z   lfs: false
build	Check out the reviewed bounded original-ZIP extractor	2026-09-15T08:34:08.2349628Z   submodules: false
build	Check out the reviewed bounded original-ZIP extractor	2026-09-15T08:34:08.2350529Z   set-safe-directory: true
build	Check out the reviewed bounded original-ZIP extractor	2026-09-15T08:34:08.2351569Z   allow-unsafe-pr-checkout: false
build	Check out the reviewed bounded original-ZIP extractor	2026-09-15T08:34:08.2352614Z ##[endgroup]
build	Check out the reviewed bounded original-ZIP extractor	2026-09-15T08:34:08.3249715Z Syncing repository: mekhovov/revealline
build	Check out the reviewed bounded original-ZIP extractor	2026-09-15T08:34:08.3252825Z ##[group]Getting Git version info
build	Check out the reviewed bounded original-ZIP extractor	2026-09-15T08:34:08.3268056Z Working directory is '/home/runner/work/revealline-archive-13/revealline-archive-13/source'
build	Check out the reviewed bounded original-ZIP extractor	2026-09-15T08:34:08.3311338Z [command]/usr/bin/git version
build	Check out the reviewed bounded original-ZIP extractor	2026-09-15T08:34:08.3356685Z git version 2.55.0
build	Check out the reviewed bounded original-ZIP extractor	2026-09-15T08:34:08.3383721Z ##[endgroup]
build	Check out the reviewed bounded original-ZIP extractor	2026-09-15T08:34:08.3399086Z Temporarily overriding HOME='/home/runner/work/_temp/326c8bcc-3cac-45b8-a55c-bee68f737282' before making global git config changes
build	Check out the reviewed bounded original-ZIP extractor	2026-09-15T08:34:08.3401893Z Adding repository directory to the temporary git global config as a safe directory
build	Check out the reviewed bounded original-ZIP extractor	2026-09-15T08:34:08.3406825Z [command]/usr/bin/git config --global --add safe.directory /home/runner/work/revealline-archive-13/revealline-archive-13/source
build	Check out the reviewed bounded original-ZIP extractor	2026-09-15T08:34:08.3457544Z ##[group]Initializing the repository
build	Check out the reviewed bounded original-ZIP extractor	2026-09-15T08:34:08.3467028Z [command]/usr/bin/git init /home/runner/work/revealline-archive-13/revealline-archive-13/source
build	Check out the reviewed bounded original-ZIP extractor	2026-09-15T08:34:08.3503245Z hint: Using 'master' as the name for the initial branch. This default branch name
build	Check out the reviewed bounded original-ZIP extractor	2026-09-15T08:34:08.3506609Z hint: will change to "main" in Git 3.0. To configure the initial branch name
build	Check out the reviewed bounded original-ZIP extractor	2026-09-15T08:34:08.3509618Z hint: to use in all of your new repositories, which will suppress this warning,
build	Check out the reviewed bounded original-ZIP extractor	2026-09-15T08:34:08.3511531Z hint: call:
build	Check out the reviewed bounded original-ZIP extractor	2026-09-15T08:34:08.3512574Z hint:
build	Check out the reviewed bounded original-ZIP extractor	2026-09-15T08:34:08.3513729Z hint: 	git config --global init.defaultBranch <name>
build	Check out the reviewed bounded original-ZIP extractor	2026-09-15T08:34:08.3515076Z hint:
build	Check out the reviewed bounded original-ZIP extractor	2026-09-15T08:34:08.3517144Z hint: Names commonly chosen instead of 'master' are 'main', 'trunk' and
build	Check out the reviewed bounded original-ZIP extractor	2026-09-15T08:34:08.3520422Z hint: 'development'. The just-created branch can be renamed via this command:
build	Check out the reviewed bounded original-ZIP extractor	2026-09-15T08:34:08.3522019Z hint:
build	Check out the reviewed bounded original-ZIP extractor	2026-09-15T08:34:08.3522842Z hint: 	git branch -m <name>
build	Check out the reviewed bounded original-ZIP extractor	2026-09-15T08:34:08.3523773Z hint:
build	Check out the reviewed bounded original-ZIP extractor	2026-09-15T08:34:08.3525031Z hint: Disable this message with "git config set advice.defaultBranchName false"
build	Check out the reviewed bounded original-ZIP extractor	2026-09-15T08:34:08.3529110Z Initialized empty Git repository in /home/runner/work/revealline-archive-13/revealline-archive-13/source/.git/
build	Check out the reviewed bounded original-ZIP extractor	2026-09-15T08:34:08.3535215Z [command]/usr/bin/git remote add origin https://github.com/mekhovov/revealline
build	Check out the reviewed bounded original-ZIP extractor	2026-09-15T08:34:08.3593886Z ##[endgroup]
build	Check out the reviewed bounded original-ZIP extractor	2026-09-15T08:34:08.3595457Z ##[group]Disabling automatic garbage collection
build	Check out the reviewed bounded original-ZIP extractor	2026-09-15T08:34:08.3599616Z [command]/usr/bin/git config --local gc.auto 0
build	Check out the reviewed bounded original-ZIP extractor	2026-09-15T08:34:08.3640725Z ##[endgroup]
build	Check out the reviewed bounded original-ZIP extractor	2026-09-15T08:34:08.3642226Z ##[group]Setting up auth
build	Check out the reviewed bounded original-ZIP extractor	2026-09-15T08:34:08.3647259Z [command]/usr/bin/git config --local --name-only --get-regexp core\.sshCommand
build	Check out the reviewed bounded original-ZIP extractor	2026-09-15T08:34:08.3686246Z [command]/usr/bin/git submodule foreach --recursive sh -c "git config --local --name-only --get-regexp 'core\.sshCommand' && git config --local --unset-all 'core.sshCommand' || :"
build	Check out the reviewed bounded original-ZIP extractor	2026-09-15T08:34:08.3957585Z [command]/usr/bin/git config --local --name-only --get-regexp http\.https\:\/\/github\.com\/\.extraheader
build	Check out the reviewed bounded original-ZIP extractor	2026-09-15T08:34:08.4013107Z [command]/usr/bin/git submodule foreach --recursive sh -c "git config --local --name-only --get-regexp 'http\.https\:\/\/github\.com\/\.extraheader' && git config --local --unset-all 'http.https://github.com/.extraheader' || :"
build	Check out the reviewed bounded original-ZIP extractor	2026-09-15T08:34:08.4289865Z [command]/usr/bin/git config --local --name-only --get-regexp ^includeIf\.gitdir:
build	Check out the reviewed bounded original-ZIP extractor	2026-09-15T08:34:08.4337085Z [command]/usr/bin/git submodule foreach --recursive git config --local --show-origin --name-only --get-regexp remote.origin.url
build	Check out the reviewed bounded original-ZIP extractor	2026-09-15T08:34:08.4608658Z [command]/usr/bin/git config --local http.https://github.com/.extraheader AUTHORIZATION: basic ***
build	Check out the reviewed bounded original-ZIP extractor	2026-09-15T08:34:08.4668276Z ##[endgroup]
build	Check out the reviewed bounded original-ZIP extractor	2026-09-15T08:34:08.4671886Z ##[group]Fetching the repository
build	Check out the reviewed bounded original-ZIP extractor	2026-09-15T08:34:08.4679527Z [command]/usr/bin/git -c protocol.version=2 fetch --no-tags --prune --no-recurse-submodules --filter=blob:none --depth=1 origin 0594b60136db000c9d6c87527c7885c2c51a2562
build	Check out the reviewed bounded original-ZIP extractor	2026-09-15T08:34:08.9127853Z From https://github.com/mekhovov/revealline
build	Check out the reviewed bounded original-ZIP extractor	2026-09-15T08:34:08.9129637Z  * branch            0594b60136db000c9d6c87527c7885c2c51a2562 -> FETCH_HEAD
build	Check out the reviewed bounded original-ZIP extractor	2026-09-15T08:34:08.9133342Z ##[endgroup]
build	Check out the reviewed bounded original-ZIP extractor	2026-09-15T08:34:08.9134905Z ##[group]Determining the checkout info
build	Check out the reviewed bounded original-ZIP extractor	2026-09-15T08:34:08.9137077Z ##[endgroup]
build	Check out the reviewed bounded original-ZIP extractor	2026-09-15T08:34:08.9138738Z ##[group]Setting up sparse checkout
build	Check out the reviewed bounded original-ZIP extractor	2026-09-15T08:34:08.9140593Z [command]/usr/bin/git config core.sparseCheckout true
build	Check out the reviewed bounded original-ZIP extractor	2026-09-15T08:34:08.9184089Z [command]/usr/bin/git rev-parse --git-path info/sparse-checkout
build	Check out the reviewed bounded original-ZIP extractor	2026-09-15T08:34:08.9213287Z .git/info/sparse-checkout
build	Check out the reviewed bounded original-ZIP extractor	2026-09-15T08:34:08.9225080Z ##[endgroup]
build	Check out the reviewed bounded original-ZIP extractor	2026-09-15T08:34:08.9226681Z ##[group]Checking out the ref
build	Check out the reviewed bounded original-ZIP extractor	2026-09-15T08:34:08.9242244Z [command]/usr/bin/git checkout --progress --force 0594b60136db000c9d6c87527c7885c2c51a2562
build	Check out the reviewed bounded original-ZIP extractor	2026-09-15T08:34:09.9570109Z Updating files:  50% (1/2)
build	Check out the reviewed bounded original-ZIP extractor	2026-09-15T08:34:09.9570725Z Updating files: 100% (2/2)
build	Check out the reviewed bounded original-ZIP extractor	2026-09-15T08:34:09.9571151Z Updating files: 100% (2/2), done.
build	Check out the reviewed bounded original-ZIP extractor	2026-09-15T08:34:09.9607164Z Note: switching to '0594b60136db000c9d6c87527c7885c2c51a2562'.
build	Check out the reviewed bounded original-ZIP extractor	2026-09-15T08:34:09.9608026Z 
build	Check out the reviewed bounded original-ZIP extractor	2026-09-15T08:34:09.9608560Z You are in 'detached HEAD' state. You can look around, make experimental
build	Check out the reviewed bounded original-ZIP extractor	2026-09-15T08:34:09.9609344Z changes and commit them, and you can discard any commits you make in this
build	Check out the reviewed bounded original-ZIP extractor	2026-09-15T08:34:09.9610187Z state without impacting any branches by switching back to a branch.
build	Check out the reviewed bounded original-ZIP extractor	2026-09-15T08:34:09.9610701Z 
build	Check out the reviewed bounded original-ZIP extractor	2026-09-15T08:34:09.9611027Z If you want to create a new branch to retain commits you create, you may
build	Check out the reviewed bounded original-ZIP extractor	2026-09-15T08:34:09.9611832Z do so (now or later) by using -c with the switch command. Example:
build	Check out the reviewed bounded original-ZIP extractor	2026-09-15T08:34:09.9612294Z 
build	Check out the reviewed bounded original-ZIP extractor	2026-09-15T08:34:09.9612537Z   git switch -c <new-branch-name>
build	Check out the reviewed bounded original-ZIP extractor	2026-09-15T08:34:09.9612872Z 
build	Check out the reviewed bounded original-ZIP extractor	2026-09-15T08:34:09.9613046Z Or undo this operation with:
build	Check out the reviewed bounded original-ZIP extractor	2026-09-15T08:34:09.9613378Z 
build	Check out the reviewed bounded original-ZIP extractor	2026-09-15T08:34:09.9613531Z   git switch -
build	Check out the reviewed bounded original-ZIP extractor	2026-09-15T08:34:09.9613767Z 
build	Check out the reviewed bounded original-ZIP extractor	2026-09-15T08:34:09.9614097Z Turn off this advice by setting config variable advice.detachedHead to false
build	Check out the reviewed bounded original-ZIP extractor	2026-09-15T08:34:09.9614465Z 
build	Check out the reviewed bounded original-ZIP extractor	2026-09-15T08:34:09.9614711Z HEAD is now at 0594b60 Merge pull request #47 from mekhovov/codex/v053-on-v052
build	Check out the reviewed bounded original-ZIP extractor	2026-09-15T08:34:09.9625931Z ##[endgroup]
build	Check out the reviewed bounded original-ZIP extractor	2026-09-15T08:34:09.9669333Z [command]/usr/bin/git log -1 --format=%H
build	Check out the reviewed bounded original-ZIP extractor	2026-09-15T08:34:09.9699924Z 0594b60136db000c9d6c87527c7885c2c51a2562
build	Check out the reviewed bounded original-ZIP extractor	2026-09-15T08:34:09.9711287Z ##[group]Removing auth
build	Check out the reviewed bounded original-ZIP extractor	2026-09-15T08:34:09.9715318Z [command]/usr/bin/git config --local --name-only --get-regexp core\.sshCommand
build	Check out the reviewed bounded original-ZIP extractor	2026-09-15T08:34:09.9754002Z [command]/usr/bin/git submodule foreach --recursive sh -c "git config --local --name-only --get-regexp 'core\.sshCommand' && git config --local --unset-all 'core.sshCommand' || :"
build	Check out the reviewed bounded original-ZIP extractor	2026-09-15T08:34:10.0005622Z [command]/usr/bin/git config --local --name-only --get-regexp http\.https\:\/\/github\.com\/\.extraheader
build	Check out the reviewed bounded original-ZIP extractor	2026-09-15T08:34:10.0038106Z http.https://github.com/.extraheader
build	Check out the reviewed bounded original-ZIP extractor	2026-09-15T08:34:10.0049140Z [command]/usr/bin/git config --local --unset-all http.https://github.com/.extraheader
build	Check out the reviewed bounded original-ZIP extractor	2026-09-15T08:34:10.0089230Z [command]/usr/bin/git submodule foreach --recursive sh -c "git config --local --name-only --get-regexp 'http\.https\:\/\/github\.com\/\.extraheader' && git config --local --unset-all 'http.https://github.com/.extraheader' || :"
build	Check out the reviewed bounded original-ZIP extractor	2026-09-15T08:34:10.0343158Z [command]/usr/bin/git config --local --name-only --get-regexp ^includeIf\.gitdir:
build	Check out the reviewed bounded original-ZIP extractor	2026-09-15T08:34:10.0378654Z [command]/usr/bin/git submodule foreach --recursive git config --local --show-origin --name-only --get-regexp remote.origin.url
build	Check out the reviewed bounded original-ZIP extractor	2026-09-15T08:34:10.0631418Z ##[endgroup]
build	Fetch both original immutable release tags for identity verification	﻿2026-09-15T08:34:10.0781392Z ##[group]Run git fetch --depth=1 origin refs/tags/v0.54.0:refs/tags/v0.54.0 refs/tags/v0.55.0:refs/tags/v0.55.0
build	Fetch both original immutable release tags for identity verification	2026-09-15T08:34:10.0782243Z ^[[36;1mgit fetch --depth=1 origin refs/tags/v0.54.0:refs/tags/v0.54.0 refs/tags/v0.55.0:refs/tags/v0.55.0^[[0m
build	Fetch both original immutable release tags for identity verification	2026-09-15T08:34:10.0823652Z shell: /usr/bin/bash -e {0}
build	Fetch both original immutable release tags for identity verification	2026-09-15T08:34:10.0823951Z ##[endgroup]
build	Fetch both original immutable release tags for identity verification	2026-09-15T08:34:10.6012903Z From https://github.com/mekhovov/revealline
build	Fetch both original immutable release tags for identity verification	2026-09-15T08:34:10.6013503Z  * [new tag]         v0.54.0    -> v0.54.0
build	Fetch both original immutable release tags for identity verification	2026-09-15T08:34:10.6013834Z  * [new tag]         v0.55.0    -> v0.55.0
build	Require artifact workspace capacity	﻿2026-09-15T08:34:10.6055018Z ##[group]Run python3 - <<'PY'
build	Require artifact workspace capacity	2026-09-15T08:34:10.6055366Z ^[[36;1mpython3 - <<'PY'^[[0m
build	Require artifact workspace capacity	2026-09-15T08:34:10.6055604Z ^[[36;1mimport shutil^[[0m
build	Require artifact workspace capacity	2026-09-15T08:34:10.6056216Z ^[[36;1mfree = shutil.disk_usage('.').free^[[0m
build	Require artifact workspace capacity	2026-09-15T08:34:10.6056616Z ^[[36;1massert free >= 3 * 1024**3, f'At least 3 GiB free required; found {free}'^[[0m
build	Require artifact workspace capacity	2026-09-15T08:34:10.6056993Z ^[[36;1mPY^[[0m
build	Require artifact workspace capacity	2026-09-15T08:34:10.6093236Z shell: /usr/bin/bash -e {0}
build	Require artifact workspace capacity	2026-09-15T08:34:10.6093497Z ##[endgroup]
build	Check extractor corruption guards and exact artifact inventory rules	﻿2026-09-15T08:34:10.6419052Z ##[group]Run python3 -m unittest discover -s source/publishing/pages-controller -p 'test_extract_current.py' -v
build	Check extractor corruption guards and exact artifact inventory rules	2026-09-15T08:34:10.6419907Z ^[[36;1mpython3 -m unittest discover -s source/publishing/pages-controller -p 'test_extract_current.py' -v^[[0m
build	Check extractor corruption guards and exact artifact inventory rules	2026-09-15T08:34:10.6420519Z ^[[36;1mpython3 -m unittest discover -s archive/tools -p 'test_*.py' -v^[[0m
build	Check extractor corruption guards and exact artifact inventory rules	2026-09-15T08:34:10.6457363Z shell: /usr/bin/bash -e {0}
build	Check extractor corruption guards and exact artifact inventory rules	2026-09-15T08:34:10.6457800Z ##[endgroup]
build	Check extractor corruption guards and exact artifact inventory rules	2026-09-15T08:34:10.7667687Z test_crc_or_body_corruption_rejected_even_with_new_outer_digest (test_extract_current.ExtractCurrentTests.test_crc_or_body_corruption_rejected_even_with_new_outer_digest) ... ok
build	Check extractor corruption guards and exact artifact inventory rules	2026-09-15T08:34:10.7685882Z test_exact_original_members_and_worker (test_extract_current.ExtractCurrentTests.test_exact_original_members_and_worker) ... ok
build	Check extractor corruption guards and exact artifact inventory rules	2026-09-15T08:34:10.7718762Z test_extra_traversal_missing_and_wrong_original_fail_atomically (test_extract_current.ExtractCurrentTests.test_extra_traversal_missing_and_wrong_original_fail_atomically) ... ok
build	Check extractor corruption guards and exact artifact inventory rules	2026-09-15T08:34:10.7730727Z test_symlink_members_rejected_before_writing (test_extract_current.ExtractCurrentTests.test_symlink_members_rejected_before_writing) ... ok
build	Check extractor corruption guards and exact artifact inventory rules	2026-09-15T08:34:10.7731610Z 
build	Check extractor corruption guards and exact artifact inventory rules	2026-09-15T08:34:10.7731790Z ----------------------------------------------------------------------
build	Check extractor corruption guards and exact artifact inventory rules	2026-09-15T08:34:10.7732190Z Ran 4 tests in 0.010s
build	Check extractor corruption guards and exact artifact inventory rules	2026-09-15T08:34:10.7732356Z 
build	Check extractor corruption guards and exact artifact inventory rules	2026-09-15T08:34:10.7732445Z OK
build	Check extractor corruption guards and exact artifact inventory rules	2026-09-15T08:34:10.9995535Z test_bad_second_metadata_refuses_before_first_extraction (test_prepare.CohortTests.test_bad_second_metadata_refuses_before_first_extraction) ... ok
build	Check extractor corruption guards and exact artifact inventory rules	2026-09-15T08:34:11.0004405Z test_capacity_refuses_before_output_or_source_access (test_prepare.CohortTests.test_capacity_refuses_before_output_or_source_access) ... ok
build	Check extractor corruption guards and exact artifact inventory rules	2026-09-15T08:34:11.1473456Z test_changed_extracted_body_fails_full_inventory (test_prepare.CohortTests.test_changed_extracted_body_fails_full_inventory) ... ok
build	Check extractor corruption guards and exact artifact inventory rules	2026-09-15T08:34:11.1907986Z test_duplicate_version_and_cohort_inventory_omission_refuse (test_prepare.CohortTests.test_duplicate_version_and_cohort_inventory_omission_refuse) ... ok
build	Check extractor corruption guards and exact artifact inventory rules	2026-09-15T08:34:11.2429202Z test_existing_output_is_never_overwritten (test_prepare.CohortTests.test_existing_output_is_never_overwritten) ... ok
build	Check extractor corruption guards and exact artifact inventory rules	2026-09-15T08:34:11.2905430Z test_inventory_cannot_omit_the_release_explorer_route (test_prepare.CohortTests.test_inventory_cannot_omit_the_release_explorer_route) ... ok
build	Check extractor corruption guards and exact artifact inventory rules	2026-09-15T08:34:11.3323807Z test_manifest_source_disagreement_refuses_even_with_rehashed_pin (test_prepare.CohortTests.test_manifest_source_disagreement_refuses_even_with_rehashed_pin) ... ok
build	Check extractor corruption guards and exact artifact inventory rules	2026-09-15T08:34:11.4231092Z test_mismatched_extraction_receipt_cannot_emit_combined_success (test_prepare.CohortTests.test_mismatched_extraction_receipt_cannot_emit_combined_success) ... ok
build	Check extractor corruption guards and exact artifact inventory rules	2026-09-15T08:34:11.4687259Z test_missing_release_explorer_bridge_refuses_before_extraction (test_prepare.CohortTests.test_missing_release_explorer_bridge_refuses_before_extraction) ... ok
build	Check extractor corruption guards and exact artifact inventory rules	2026-09-15T08:34:11.7094806Z test_second_extraction_failure_cannot_emit_combined_success (test_prepare.CohortTests.test_second_extraction_failure_cannot_emit_combined_success) ... Traceback (most recent call last):
build	Check extractor corruption guards and exact artifact inventory rules	2026-09-15T08:34:11.7097155Z   File "/tmp/tmprbie1928/source/extractor.py", line 6, in <module>
build	Check extractor corruption guards and exact artifact inventory rules	2026-09-15T08:34:11.7098107Z     if r['version']=='v0.2.0': raise ValueError('fixture second failure')
build	Check extractor corruption guards and exact artifact inventory rules	2026-09-15T08:34:11.7098839Z                                ^^^^^^^^^^^^^^^^^^^^^^^^^^^^^^^^^^^^^^^^^^
build	Check extractor corruption guards and exact artifact inventory rules	2026-09-15T08:34:11.7099356Z ValueError: fixture second failure
build	Check extractor corruption guards and exact artifact inventory rules	2026-09-15T08:34:11.7299350Z ok
build	Check extractor corruption guards and exact artifact inventory rules	2026-09-15T08:34:11.8623180Z test_tag_identity_changed_before_or_during_extraction_refuses (test_prepare.CohortTests.test_tag_identity_changed_before_or_during_extraction_refuses) ... fatal: ambiguous argument 'refs/tags/v0.1.0': unknown revision or path not in the working tree.
build	Check extractor corruption guards and exact artifact inventory rules	2026-09-15T08:34:11.8625190Z Use '--' to separate paths from revisions, like this:
build	Check extractor corruption guards and exact artifact inventory rules	2026-09-15T08:34:11.8626136Z 'git <command> [<revision>...] -- [<file>...]'
build	Check extractor corruption guards and exact artifact inventory rules	2026-09-15T08:34:11.8686152Z fatal: ambiguous argument 'refs/tags/v0.1.0': unknown revision or path not in the working tree.
build	Check extractor corruption guards and exact artifact inventory rules	2026-09-15T08:34:11.8687276Z Use '--' to separate paths from revisions, like this:
build	Check extractor corruption guards and exact artifact inventory rules	2026-09-15T08:34:11.8687788Z 'git <command> [<revision>...] -- [<file>...]'
build	Check extractor corruption guards and exact artifact inventory rules	2026-09-15T08:34:11.8732679Z ok
build	Check extractor corruption guards and exact artifact inventory rules	2026-09-15T08:34:12.0201286Z test_two_original_cohorts_and_independent_artifact_reread (test_prepare.CohortTests.test_two_original_cohorts_and_independent_artifact_reread) ... ok
build	Check extractor corruption guards and exact artifact inventory rules	2026-09-15T08:34:12.0537742Z test_exact_combined_metadata_and_preserved_original_v054_pins (test_prepare.CommittedMetadataTests.test_exact_combined_metadata_and_preserved_original_v054_pins) ... ok
build	Check extractor corruption guards and exact artifact inventory rules	2026-09-15T08:34:12.0539871Z test_release_explorer_has_an_accessible_fallback_and_main_destination (test_prepare.CommittedMetadataTests.test_release_explorer_has_an_accessible_fallback_and_main_destination) ... ok
build	Check extractor corruption guards and exact artifact inventory rules	2026-09-15T08:34:12.0541150Z test_directory_symlink_fails (test_verify.InventoryTests.test_directory_symlink_fails) ... ok
build	Check extractor corruption guards and exact artifact inventory rules	2026-09-15T08:34:12.0542255Z test_exact_hidden_and_nested_inventory (test_verify.InventoryTests.test_exact_hidden_and_nested_inventory) ... ok
build	Check extractor corruption guards and exact artifact inventory rules	2026-09-15T08:34:12.0570722Z test_missing_extra_changed_and_wrong_expected_files (test_verify.InventoryTests.test_missing_extra_changed_and_wrong_expected_files) ... ok
build	Check extractor corruption guards and exact artifact inventory rules	2026-09-15T08:34:12.0580782Z test_symbolic_and_hard_links_fail (test_verify.InventoryTests.test_symbolic_and_hard_links_fail) ... ok
build	Check extractor corruption guards and exact artifact inventory rules	2026-09-15T08:34:12.0581592Z 
build	Check extractor corruption guards and exact artifact inventory rules	2026-09-15T08:34:12.0581862Z ----------------------------------------------------------------------
build	Check extractor corruption guards and exact artifact inventory rules	2026-09-15T08:34:12.0582430Z Ran 18 tests in 1.110s
build	Check extractor corruption guards and exact artifact inventory rules	2026-09-15T08:34:12.0582675Z 
build	Check extractor corruption guards and exact artifact inventory rules	2026-09-15T08:34:12.0582802Z OK
build	Sequentially extract both original ZIPs and verify every member	﻿2026-09-15T08:34:12.0749770Z ##[group]Run python3 archive/tools/prepare.py --source source --out "$RUNNER_TEMP/archive13"
build	Sequentially extract both original ZIPs and verify every member	2026-09-15T08:34:12.0750482Z ^[[36;1mpython3 archive/tools/prepare.py --source source --out "$RUNNER_TEMP/archive13"^[[0m
build	Sequentially extract both original ZIPs and verify every member	2026-09-15T08:34:12.0786471Z shell: /usr/bin/bash -e {0}
build	Sequentially extract both original ZIPs and verify every member	2026-09-15T08:34:12.0786736Z ##[endgroup]
build	Sequentially extract both original ZIPs and verify every member	2026-09-15T08:34:31.0256467Z {"status": "PASS", "files": 1303, "bytes": 624422286, "archiveId": "archive-13", "releases": [{"version": "v0.54.0", "sourceRevision": "1af33851e93ee95110de20cc73622ed43d85a4da", "tagObject": "a52d56fea73ec1bb6c57b13bcb44f54dd5a93e46", "originalZipExtraction": {"distributionSha256": "16322358137c6324c3cc328671c4e4ebbce36681c89a6a46328971b50584146f", "manifestSha256": "e691af45b84bdf01025089939d3238e3b8971edb489003b7102c73ef03a835f5", "gameSourceRevision": "1af33851e93ee95110de20cc73622ed43d85a4da", "version": "v0.54.0", "membersVerified": 647, "manifestFilesVerified": 646, "uncompressedBytesVerified": 312208429, "crcAndHashesVerified": true}}, {"version": "v0.55.0", "sourceRevision": "acc9f265b651017fd268ffd8bbe6989bec614c41", "tagObject": "253ed21b6897a0784ba3d8d2b871c952fee90451", "originalZipExtraction": {"distributionSha256": "69807866db04cc22d6e4d5fdbd5e04b5bc8b57834548cc7a147da5bd0ec1eab7", "manifestSha256": "96085dafb2c7f8083564e9923647b914efe29a5704a35b23d7fe337f4be4ae56", "gameSourceRevision": "acc9f265b651017fd268ffd8bbe6989bec614c41", "version": "v0.55.0", "membersVerified": 647, "manifestFilesVerified": 646, "uncompressedBytesVerified": 312211498, "crcAndHashesVerified": true}}], "toolingCommit": "0594b60136db000c9d6c87527c7885c2c51a2562", "archiveCommit": "58b21ebeff3c2d8e8ca37d5b7764f8203b8824ed", "archiveTree": "8c1ef505de484c1175a7d8b2dff83fdd093ee699", "expectedInventorySha256": "d825b3ff2c7ae8a6f4a1212d86b28a9f8d6dcee117e1726b976fa25655c74ffa", "noHistoricalBuilds": true}
build	Independently reread every artifact byte including hidden files	﻿2026-09-15T08:34:31.0358143Z ##[group]Run python3 archive/tools/verify.py "$RUNNER_TEMP/archive13/artifact"
build	Independently reread every artifact byte including hidden files	2026-09-15T08:34:31.0359179Z ^[[36;1mpython3 archive/tools/verify.py "$RUNNER_TEMP/archive13/artifact"^[[0m
build	Independently reread every artifact byte including hidden files	2026-09-15T08:34:31.0398984Z shell: /usr/bin/bash -e {0}
build	Independently reread every artifact byte including hidden files	2026-09-15T08:34:31.0399247Z ##[endgroup]
build	Independently reread every artifact byte including hidden files	2026-09-15T08:34:31.7066940Z {"status": "PASS", "files": 1303, "bytes": 624422286}
build	Retain extraction and complete-inventory receipts	﻿2026-09-15T08:34:31.7204413Z Node 20 is being deprecated. This workflow is running with Node 24 by default. If you need to temporarily use Node 20, you can set the ACTIONS_ALLOW_USE_UNSECURE_NODE_VERSION=true environment variable. For more information see: https://github.blog/changelog/2025-09-19-deprecation-of-node-20-on-github-actions-runners/
build	Retain extraction and complete-inventory receipts	2026-09-15T08:34:31.7206137Z ##[group]Run actions/upload-artifact@ea165f8d65b6e75b540449e92b4886f43607fa02
build	Retain extraction and complete-inventory receipts	2026-09-15T08:34:31.7206526Z with:
build	Retain extraction and complete-inventory receipts	2026-09-15T08:34:31.7206739Z   name: archive13-verification-receipts
build	Retain extraction and complete-inventory receipts	2026-09-15T08:34:31.7207226Z   if-no-files-found: warn
build	Retain extraction and complete-inventory receipts	2026-09-15T08:34:31.7207891Z   path: /home/runner/work/_temp/archive13/zip-receipt-*.json
build	Retain extraction and complete-inventory receipts	/home/runner/work/_temp/archive13/receipt.json
build	Retain extraction and complete-inventory receipts	/home/runner/work/_temp/archive13/expected-inventory.json
build	Retain extraction and complete-inventory receipts	
build	Retain extraction and complete-inventory receipts	2026-09-15T08:34:31.7208595Z   compression-level: 6
build	Retain extraction and complete-inventory receipts	2026-09-15T08:34:31.7208823Z   overwrite: false
build	Retain extraction and complete-inventory receipts	2026-09-15T08:34:31.7209035Z   include-hidden-files: false
build	Retain extraction and complete-inventory receipts	2026-09-15T08:34:31.7209271Z ##[endgroup]
build	Retain extraction and complete-inventory receipts	2026-09-15T08:34:31.9100942Z (node:2859) [DEP0040] DeprecationWarning: The `punycode` module is deprecated. Please use a userland alternative instead.
build	Retain extraction and complete-inventory receipts	2026-09-15T08:34:31.9103072Z (Use `node --trace-deprecation ...` to show where the warning was created)
build	Retain extraction and complete-inventory receipts	2026-09-15T08:34:31.9180923Z With the provided path, there will be 4 files uploaded
build	Retain extraction and complete-inventory receipts	2026-09-15T08:34:31.9188251Z Artifact name is valid!
build	Retain extraction and complete-inventory receipts	2026-09-15T08:34:31.9189227Z Root directory input is valid!
build	Retain extraction and complete-inventory receipts	2026-09-15T08:34:32.3086464Z Beginning upload of artifact content to blob storage
build	Retain extraction and complete-inventory receipts	2026-09-15T08:34:32.3396882Z (node:2859) [DEP0169] DeprecationWarning: `url.parse()` behavior is not standardized and prone to errors that have security implications. Use the WHATWG URL API instead. CVEs are not issued for `url.parse()` vulnerabilities.
build	Retain extraction and complete-inventory receipts	2026-09-15T08:34:32.7949240Z Uploaded bytes 68717
build	Retain extraction and complete-inventory receipts	2026-09-15T08:34:32.8807331Z Finished uploading artifact content to blob storage!
build	Retain extraction and complete-inventory receipts	2026-09-15T08:34:32.8808653Z SHA256 digest of uploaded artifact zip is 9f9eda70ad6a0b7d20f5a4360e322e6db4b863a3c71b19841eea6199bfb9e1e7
build	Retain extraction and complete-inventory receipts	2026-09-15T08:34:32.8826672Z Finalizing artifact upload
build	Retain extraction and complete-inventory receipts	2026-09-15T08:34:33.1362290Z Artifact archive13-verification-receipts.zip successfully finalized. Artifact ID 10388026080
build	Retain extraction and complete-inventory receipts	2026-09-15T08:34:33.1363532Z Artifact archive13-verification-receipts has been successfully uploaded! Final size is 68717 bytes. Artifact ID is 10388026080
build	Retain extraction and complete-inventory receipts	2026-09-15T08:34:33.1369491Z Artifact download URL: https://github.com/mekhovov/revealline-archive-13/actions/runs/34947667008/artifacts/10388026080
build	Upload complete canonical site	﻿2026-09-15T08:34:33.1550297Z ##[group]Run actions/upload-pages-artifact@fc324d3547104276b827a68afc52ff2a11cc49c9
build	Upload complete canonical site	2026-09-15T08:34:33.1550783Z with:
build	Upload complete canonical site	2026-09-15T08:34:33.1551031Z   path: /home/runner/work/_temp/archive13/artifact
build	Upload complete canonical site	2026-09-15T08:34:33.1551358Z   include-hidden-files: true
build	Upload complete canonical site	2026-09-15T08:34:33.1551621Z   name: github-pages
build	Upload complete canonical site	2026-09-15T08:34:33.1551843Z   retention-days: 1
build	Upload complete canonical site	2026-09-15T08:34:33.1552049Z ##[endgroup]
build	Upload complete canonical site	2026-09-15T08:34:33.1614090Z ##[start-action display=Archive artifact;id=__actions_upload-pages-artifact.__run]
build	Upload complete canonical site	2026-09-15T08:34:33.1657349Z ##[group]Run echo ::group::Archive artifact
build	Upload complete canonical site	2026-09-15T08:34:33.1657714Z ^[[36;1mecho ::group::Archive artifact^[[0m
build	Upload complete canonical site	2026-09-15T08:34:33.1657992Z ^[[36;1mtar \^[[0m
build	Upload complete canonical site	2026-09-15T08:34:33.1658267Z ^[[36;1m  --dereference --hard-dereference \^[[0m
build	Upload complete canonical site	2026-09-15T08:34:33.1658598Z ^[[36;1m  --directory "$INPUT_PATH" \^[[0m
build	Upload complete canonical site	2026-09-15T08:34:33.1658915Z ^[[36;1m  -cvf "$RUNNER_TEMP/artifact.tar" \^[[0m
build	Upload complete canonical site	2026-09-15T08:34:33.1659225Z ^[[36;1m  --exclude=.git \^[[0m
build	Upload complete canonical site	2026-09-15T08:34:33.1659490Z ^[[36;1m  --exclude=.github \^[[0m
build	Upload complete canonical site	2026-09-15T08:34:33.1659784Z ^[[36;1m   \^[[0m
build	Upload complete canonical site	2026-09-15T08:34:33.1659974Z ^[[36;1m  .^[[0m
build	Upload complete canonical site	2026-09-15T08:34:33.1660180Z ^[[36;1mecho ::endgroup::^[[0m
build	Upload complete canonical site	2026-09-15T08:34:33.1708172Z shell: /usr/bin/sh -e {0}
build	Upload complete canonical site	2026-09-15T08:34:33.1708443Z env:
build	Upload complete canonical site	2026-09-15T08:34:33.1708716Z   INPUT_PATH: /home/runner/work/_temp/archive13/artifact
build	Upload complete canonical site	2026-09-15T08:34:33.1709056Z ##[endgroup]
build	Upload complete canonical site	2026-09-15T08:34:33.1766660Z ##[group]Archive artifact
build	Upload complete canonical site	2026-09-15T08:34:33.1783850Z ./
build	Upload complete canonical site	2026-09-15T08:34:33.1784312Z ./releases/
build	Upload complete canonical site	2026-09-15T08:34:33.1784668Z ./releases/v0.54.0/
build	Upload complete canonical site	2026-09-15T08:34:33.1785054Z ./releases/v0.54.0/site/
build	Upload complete canonical site	2026-09-15T08:34:33.1785472Z ./releases/v0.54.0/site/site/
build	Upload complete canonical site	2026-09-15T08:34:33.1786170Z ./releases/v0.54.0/site/site/about.html
build	Upload complete canonical site	2026-09-15T08:34:33.1786709Z ./releases/v0.54.0/site/site/release-catalog.css
build	Upload complete canonical site	2026-09-15T08:34:33.1787298Z ./releases/v0.54.0/site/site/release-links.mjs
build	Upload complete canonical site	2026-09-15T08:34:33.1787827Z ./releases/v0.54.0/site/site/launch.mjs
build	Upload complete canonical site	2026-09-15T08:34:33.1788318Z ./releases/v0.54.0/site/site/landing.css
build	Upload complete canonical site	2026-09-15T08:34:33.1789062Z ./releases/v0.54.0/site/site/landing.mjs
build	Upload complete canonical site	2026-09-15T08:34:33.1789567Z ./releases/v0.54.0/site/manifest.json
build	Upload complete canonical site	2026-09-15T08:34:33.1790053Z ./releases/v0.54.0/site/optional/
build	Upload complete canonical site	2026-09-15T08:34:33.1790575Z ./releases/v0.54.0/site/optional/external-chapters/
build	Upload complete canonical site	2026-09-15T08:34:33.1791314Z ./releases/v0.54.0/site/optional/external-chapters/fracture-lines-retro/
build	Upload complete canonical site	2026-09-15T08:34:33.1792254Z ./releases/v0.54.0/site/optional/external-chapters/fracture-lines-retro/pack.json
build	Upload complete canonical site	2026-09-15T08:34:33.1793268Z ./releases/v0.54.0/site/optional/external-chapters/fracture-lines-retro/media.rlmedia
build	Upload complete canonical site	2026-09-15T08:34:33.1856504Z ./releases/v0.54.0/site/optional/external-chapters/sentinel-circuit-coupa/
build	Upload complete canonical site	2026-09-15T08:34:33.1857503Z ./releases/v0.54.0/site/optional/external-chapters/sentinel-circuit-coupa/pack.json
build	Upload complete canonical site	2026-09-15T08:34:33.1858550Z ./releases/v0.54.0/site/optional/external-chapters/sentinel-circuit-coupa/media.rlmedia
build	Upload complete canonical site	2026-09-15T08:34:33.1916901Z ./releases/v0.54.0/site/optional/external-chapters/sentinel-circuit-retro/
build	Upload complete canonical site	2026-09-15T08:34:33.1917935Z ./releases/v0.54.0/site/optional/external-chapters/sentinel-circuit-retro/pack.json
build	Upload complete canonical site	2026-09-15T08:34:33.1918988Z ./releases/v0.54.0/site/optional/external-chapters/sentinel-circuit-retro/media.rlmedia
build	Upload complete canonical site	2026-09-15T08:34:33.1977036Z ./releases/v0.54.0/site/optional/external-chapters/countercurrent-fpv/
build	Upload complete canonical site	2026-09-15T08:34:33.1977966Z ./releases/v0.54.0/site/optional/external-chapters/countercurrent-fpv/pack.json
build	Upload complete canonical site	2026-09-15T08:34:33.1978942Z ./releases/v0.54.0/site/optional/external-chapters/countercurrent-fpv/media.rlmedia
build	Upload complete canonical site	2026-09-15T08:34:33.2034334Z ./releases/v0.54.0/site/optional/external-chapters/sentinel-circuit-ukraine/
build	Upload complete canonical site	2026-09-15T08:34:33.2035356Z ./releases/v0.54.0/site/optional/external-chapters/sentinel-circuit-ukraine/pack.json
build	Upload complete canonical site	2026-09-15T08:34:33.2036643Z ./releases/v0.54.0/site/optional/external-chapters/sentinel-circuit-ukraine/media.rlmedia
build	Upload complete canonical site	2026-09-15T08:34:33.2099507Z ./releases/v0.54.0/site/optional/external-chapters/route-worlds-ukraine/
build	Upload complete canonical site	2026-09-15T08:34:33.2100810Z ./releases/v0.54.0/site/optional/external-chapters/route-worlds-ukraine/pack.json
build	Upload complete canonical site	2026-09-15T08:34:33.2101823Z ./releases/v0.54.0/site/optional/external-chapters/route-worlds-ukraine/media.rlmedia
build	Upload complete canonical site	2026-09-15T08:34:33.2168331Z ./releases/v0.54.0/site/optional/external-chapters/original-fpv-pressure-external/
build	Upload complete canonical site	2026-09-15T08:34:33.2169474Z ./releases/v0.54.0/site/optional/external-chapters/original-fpv-pressure-external/pack.json
build	Upload complete canonical site	2026-09-15T08:34:33.2170633Z ./releases/v0.54.0/site/optional/external-chapters/original-fpv-pressure-external/media.rlmedia
build	Upload complete canonical site	2026-09-15T08:34:33.2245878Z ./releases/v0.54.0/site/optional/external-chapters/countercurrent-retro/
build	Upload complete canonical site	2026-09-15T08:34:33.2246907Z ./releases/v0.54.0/site/optional/external-chapters/countercurrent-retro/pack.json
build	Upload complete canonical site	2026-09-15T08:34:33.2247935Z ./releases/v0.54.0/site/optional/external-chapters/countercurrent-retro/media.rlmedia
build	Upload complete canonical site	2026-09-15T08:34:33.2311771Z ./releases/v0.54.0/site/optional/external-chapters/route-worlds-retro/
build	Upload complete canonical site	2026-09-15T08:34:33.2312857Z ./releases/v0.54.0/site/optional/external-chapters/route-worlds-retro/pack.json
build	Upload complete canonical site	2026-09-15T08:34:33.2313859Z ./releases/v0.54.0/site/optional/external-chapters/route-worlds-retro/media.rlmedia
build	Upload complete canonical site	2026-09-15T08:34:33.2373225Z ./releases/v0.54.0/site/optional/external-chapters/countercurrent-ukraine/
build	Upload complete canonical site	2026-09-15T08:34:33.2374209Z ./releases/v0.54.0/site/optional/external-chapters/countercurrent-ukraine/pack.json
build	Upload complete canonical site	2026-09-15T08:34:33.2375325Z ./releases/v0.54.0/site/optional/external-chapters/countercurrent-ukraine/media.rlmedia
build	Upload complete canonical site	2026-09-15T08:34:33.2441106Z ./releases/v0.54.0/site/optional/external-chapters/route-worlds-coupa/
build	Upload complete canonical site	2026-09-15T08:34:33.2442041Z ./releases/v0.54.0/site/optional/external-chapters/route-worlds-coupa/pack.json
build	Upload complete canonical site	2026-09-15T08:34:33.2443034Z ./releases/v0.54.0/site/optional/external-chapters/route-worlds-coupa/media.rlmedia
build	Upload complete canonical site	2026-09-15T08:34:33.2506055Z ./releases/v0.54.0/site/optional/external-chapters/fracture-lines-ukraine/
build	Upload complete canonical site	2026-09-15T08:34:33.2507313Z ./releases/v0.54.0/site/optional/external-chapters/fracture-lines-ukraine/pack.json
build	Upload complete canonical site	2026-09-15T08:34:33.2508659Z ./releases/v0.54.0/site/optional/external-chapters/fracture-lines-ukraine/media.rlmedia
build	Upload complete canonical site	2026-09-15T08:34:33.2575991Z ./releases/v0.54.0/site/optional/external-chapters/fracture-lines-fpv/
build	Upload complete canonical site	2026-09-15T08:34:33.2577163Z ./releases/v0.54.0/site/optional/external-chapters/fracture-lines-fpv/pack.json
build	Upload complete canonical site	2026-09-15T08:34:33.2578152Z ./releases/v0.54.0/site/optional/external-chapters/fracture-lines-fpv/media.rlmedia
build	Upload complete canonical site	2026-09-15T08:34:33.2644235Z ./releases/v0.54.0/site/optional/external-chapters/fracture-lines-coupa/
build	Upload complete canonical site	2026-09-15T08:34:33.2645211Z ./releases/v0.54.0/site/optional/external-chapters/fracture-lines-coupa/pack.json
build	Upload complete canonical site	2026-09-15T08:34:33.2646482Z ./releases/v0.54.0/site/optional/external-chapters/fracture-lines-coupa/media.rlmedia
build	Upload complete canonical site	2026-09-15T08:34:33.2712235Z ./releases/v0.54.0/site/optional/external-chapters/countercurrent-coupa/
build	Upload complete canonical site	2026-09-15T08:34:33.2713210Z ./releases/v0.54.0/site/optional/external-chapters/countercurrent-coupa/pack.json
build	Upload complete canonical site	2026-09-15T08:34:33.2714274Z ./releases/v0.54.0/site/optional/external-chapters/countercurrent-coupa/media.rlmedia
build	Upload complete canonical site	2026-09-15T08:34:33.2779503Z ./releases/v0.54.0/site/optional/external-chapters/sentinel-circuit-fpv/
build	Upload complete canonical site	2026-09-15T08:34:33.2780880Z ./releases/v0.54.0/site/optional/external-chapters/sentinel-circuit-fpv/pack.json
build	Upload complete canonical site	2026-09-15T08:34:33.2781907Z ./releases/v0.54.0/site/optional/external-chapters/sentinel-circuit-fpv/media.rlmedia
build	Upload complete canonical site	2026-09-15T08:34:33.2847557Z ./releases/v0.54.0/site/authoring/
build	Upload complete canonical site	2026-09-15T08:34:33.2848073Z ./releases/v0.54.0/site/authoring/library/
build	Upload complete canonical site	2026-09-15T08:34:33.2848661Z ./releases/v0.54.0/site/authoring/library/fpv-field-kit/
build	Upload complete canonical site	2026-09-15T08:34:33.2849388Z ./releases/v0.54.0/site/authoring/library/fpv-field-kit/prepared/
build	Upload complete canonical site	2026-09-15T08:34:33.2856592Z ./releases/v0.54.0/site/authoring/library/fpv-field-kit/prepared/reveals/
build	Upload complete canonical site	2026-09-15T08:34:33.2857171Z ./releases/v0.54.0/site/authoring/library/fpv-field-kit/prepared/reveals/review.html
build	Upload complete canonical site	2026-09-15T08:34:33.2858037Z ./releases/v0.54.0/site/authoring/library/fpv-field-kit/prepared/reveals/review.mjs
build	Upload complete canonical site	2026-09-15T08:34:33.2858623Z ./releases/v0.54.0/site/authoring/library/fpv-field-kit/prepared/reveals/reveals.json
build	Upload complete canonical site	2026-09-15T08:34:33.2859416Z ./releases/v0.54.0/site/authoring/library/fpv-role-presentations/
build	Upload complete canonical site	2026-09-15T08:34:33.2859914Z ./releases/v0.54.0/site/authoring/library/fpv-role-presentations/originals/
build	Upload complete canonical site	2026-09-15T08:34:33.2860459Z ./releases/v0.54.0/site/authoring/library/fpv-role-presentations/originals/scout.png
build	Upload complete canonical site	2026-09-15T08:34:33.2861017Z ./releases/v0.54.0/site/authoring/library/fpv-role-presentations/originals/fiber.png
build	Upload complete canonical site	2026-09-15T08:34:33.2867569Z ./releases/v0.54.0/site/authoring/library/fpv-role-presentations/originals/carrier.png
build	Upload complete canonical site	2026-09-15T08:34:33.2874326Z ./releases/v0.54.0/site/authoring/library/fpv-role-presentations/originals/impact.png
build	Upload complete canonical site	2026-09-15T08:34:33.2880360Z ./releases/v0.54.0/site/authoring/library/fpv-role-presentations/originals/bomber.png
build	Upload complete canonical site	2026-09-15T08:34:33.2888135Z ./releases/v0.54.0/site/authoring/library/fpv-role-presentations/originals/trapper.png
build	Upload complete canonical site	2026-09-15T08:34:33.2896936Z ./releases/v0.54.0/site/authoring/library/fpv-role-presentations/originals/interceptor.png
build	Upload complete canonical site	2026-09-15T08:34:33.2902832Z ./releases/v0.54.0/site/authoring/library/four-worlds-chapters/
build	Upload complete canonical site	2026-09-15T08:34:33.2903367Z ./releases/v0.54.0/site/authoring/library/four-worlds-chapters/packs/
build	Upload complete canonical site	2026-09-15T08:34:33.2903977Z ./releases/v0.54.0/site/authoring/library/four-worlds-chapters/packs/original-ukraine-atlas.json
build	Upload complete canonical site	2026-09-15T08:34:33.2998078Z ./releases/v0.54.0/site/authoring/library/four-worlds-chapters/packs/original-spend-network.json
build	Upload complete canonical site	2026-09-15T08:34:33.3083577Z ./releases/v0.54.0/site/authoring/library/four-worlds-chapters/packs/original-retro-1994.json
build	Upload complete canonical site	2026-09-15T08:34:33.3164333Z ./releases/v0.54.0/site/authoring/library/four-worlds-chapters/packs/original-fpv-pressure.json
build	Upload complete canonical site	2026-09-15T08:34:33.3246906Z ./releases/v0.54.0/site/authoring/library/runtime-sprite-candidates-v1/
build	Upload complete canonical site	2026-09-15T08:34:33.3247569Z ./releases/v0.54.0/site/authoring/library/runtime-sprite-candidates-v1/export/
build	Upload complete canonical site	2026-09-15T08:34:33.3249381Z ./releases/v0.54.0/site/authoring/library/runtime-sprite-candidates-v1/export/fpv-compact-eroder-v1-29502a902fadb1d6e1ddf8c4426e61fc5fff9613d3c8608ebfbd55848d5e3720.png
build	Upload complete canonical site	2026-09-15T08:34:33.3251208Z ./releases/v0.54.0/site/authoring/library/runtime-sprite-candidates-v1/export/fpv-compact-claimed-rover-v1-ddb9f5264822eceb35dcbfa80145c74a3e6d22a547d3171fdfa5095718e90106.png
build	Upload complete canonical site	2026-09-15T08:34:33.3252730Z ./releases/v0.54.0/site/authoring/library/runtime-sprite-candidates-v1/export/manifest.json
build	Upload complete canonical site	2026-09-15T08:34:33.3254050Z ./releases/v0.54.0/site/authoring/library/runtime-sprite-candidates-v1/export/fpv-compact-relay-sentinel-v1-9640e613855c6001aa5d2a23550237a6a3235a6637a8a248a7d7cdbc21d534db.png
build	Upload complete canonical site	2026-09-15T08:34:33.3256117Z ./releases/v0.54.0/site/authoring/library/runtime-sprite-candidates-v1/export/atlas-weaver-shuttle-v3-39c737ed85d1df0c61bb05fce6424d36ea93f452ca19c7542253f37442e914aa.png
build	Upload complete canonical site	2026-09-15T08:34:33.3257986Z ./releases/v0.54.0/site/authoring/library/runtime-sprite-candidates-v1/export/fpv-compact-lane-boss-v1-e44630c2356c86db2611116dde6d12ea121d22aefef263932fabb719fc8e5dfd.png
build	Upload complete canonical site	2026-09-15T08:34:33.3259538Z ./releases/v0.54.0/site/authoring/library/runtime-sprite-candidates-v1/export/atlas-pottery-courier-v1-86089f57441d33c4153d8da5246f5e5c3822c9304d8e7b9a761ae17e5a217ea2.png
build	Upload complete canonical site	2026-09-15T08:34:33.3261121Z ./releases/v0.54.0/site/authoring/library/runtime-sprite-candidates-v1/export/fpv-compact-border-patrol-v1-537de86076d2fa4141f1c37b23774015da66431657a8ff2db3193d66e0c7ade1.png
build	Upload complete canonical site	2026-09-15T08:34:33.3262589Z ./releases/v0.54.0/site/authoring/library/runtime-sprite-candidates-v1/export/atlas-carved-chest-v1-1e68e385ea2166b999e7b9041eabaf90d7b5b552a0034cdce576ddc123cbd91b.png
build	Upload complete canonical site	2026-09-15T08:34:33.3264633Z ./releases/v0.54.0/site/authoring/library/runtime-sprite-candidates-v1/export/atlas-woven-basket-v1-3604eeef2dfbdf02c26f8ae8d86984cb453c52574bfd9dd87d28df015f9c50ac.png
build	Upload complete canonical site	2026-09-15T08:34:33.3266138Z ./releases/v0.54.0/site/authoring/library/runtime-sprite-candidates-v1/export/fpv-compact-hunter-v1-e7445fff125f6827c5106853067d1ff099b16e30cfc0acdbb501dabe81f6a914.png
build	Upload complete canonical site	2026-09-15T08:34:33.3267621Z ./releases/v0.54.0/site/authoring/library/runtime-sprite-candidates-v1/export/atlas-falcon-crest-v3-f3ce0fa984bb43f3a3fa69734c60df3dfa6c8a148f0b1d32778407b92c93a648.png
build	Upload complete canonical site	2026-09-15T08:34:33.3268884Z ./releases/v0.54.0/site/authoring/library/runtime-sprite-candidates-v1/export/atlas-bell-warden-v1-aaa88f04dccaa141ffb121acbb6e1b4eb9b89c0ace3e8ebddc172ba4294eabce.png
build	Upload complete canonical site	2026-09-15T08:34:33.3270130Z ./releases/v0.54.0/site/authoring/library/runtime-sprite-candidates-v1/export/atlas-swallow-v3-e01a6c53d78acf164d04878b73f06de18cfed676b894bd7353a708fd1005aaf7.png
build	Upload complete canonical site	2026-09-15T08:34:33.3271392Z ./releases/v0.54.0/site/authoring/library/runtime-sprite-candidates-v1/export/fpv-compact-contour-patrol-v1-9df94fb4dcfee56fffc16d15eda5d75ff2fc06a52a7754949ca5fc9e0607a20f.png
build	Upload complete canonical site	2026-09-15T08:34:33.3272288Z ./releases/v0.54.0/site/authoring/library/tactical-teaching/
build	Upload complete canonical site	2026-09-15T08:34:33.3272746Z ./releases/v0.54.0/site/authoring/library/tactical-teaching/scenarios/
build	Upload complete canonical site	2026-09-15T08:34:33.3273324Z ./releases/v0.54.0/site/authoring/library/tactical-teaching/scenarios/tactical-borrowed-seconds.json
build	Upload complete canonical site	2026-09-15T08:34:33.3274001Z ./releases/v0.54.0/site/authoring/library/tactical-teaching/scenarios/tactical-quiet-crossing.json
build	Upload complete canonical site	2026-09-15T08:34:33.3274670Z ./releases/v0.54.0/site/authoring/library/tactical-teaching/scenarios/tactical-read-clearing.json
build	Upload complete canonical site	2026-09-15T08:34:33.3275201Z ./releases/v0.54.0/site/authoring/library/fpv-route-choices/
build	Upload complete canonical site	2026-09-15T08:34:33.3275624Z ./releases/v0.54.0/site/authoring/library/fpv-route-choices/packs/
build	Upload complete canonical site	2026-09-15T08:34:33.3276360Z ./releases/v0.54.0/site/authoring/library/fpv-route-choices/packs/fpv-route-choices.json
build	Upload complete canonical site	2026-09-15T08:34:33.3356739Z ./releases/v0.54.0/site/authoring/motion-lab/
build	Upload complete canonical site	2026-09-15T08:34:33.3357377Z ./releases/v0.54.0/site/authoring/motion-lab/collection.mjs
build	Upload complete canonical site	2026-09-15T08:34:33.3357966Z ./releases/v0.54.0/site/authoring/motion-lab/render-character.mjs
build	Upload complete canonical site	2026-09-15T08:34:33.3358905Z ./releases/v0.54.0/site/authoring/motion-lab/steering.mjs
build	Upload complete canonical site	2026-09-15T08:34:33.3359459Z ./releases/v0.54.0/site/authoring/motion-lab/collection-presets.json
build	Upload complete canonical site	2026-09-15T08:34:33.3360031Z ./releases/v0.54.0/site/authoring/motion-lab/ability-presets.json
build	Upload complete canonical site	2026-09-15T08:34:33.3360551Z ./releases/v0.54.0/site/authoring/motion-lab/animation.mjs
build	Upload complete canonical site	2026-09-15T08:34:33.3361088Z ./releases/v0.54.0/site/authoring/motion-lab/motion.mjs
build	Upload complete canonical site	2026-09-15T08:34:33.3361661Z ./releases/v0.54.0/site/authoring/motion-lab/render-ability.mjs
build	Upload complete canonical site	2026-09-15T08:34:33.3362115Z ./releases/v0.54.0/site/authoring/motion-lab/index.html
build	Upload complete canonical site	2026-09-15T08:34:33.3362479Z ./releases/v0.54.0/site/authoring/motion-lab/presets.json
build	Upload complete canonical site	2026-09-15T08:34:33.3362831Z ./releases/v0.54.0/site/authoring/motion-lab/app.js
build	Upload complete canonical site	2026-09-15T08:34:33.3363176Z ./releases/v0.54.0/site/authoring/motion-lab/styles.css
build	Upload complete canonical site	2026-09-15T08:34:33.3363526Z ./releases/v0.54.0/site/authoring/motion-lab/ability.mjs
build	Upload complete canonical site	2026-09-15T08:34:33.3363908Z ./releases/v0.54.0/site/authoring/motion-lab/grid-motion.mjs
build	Upload complete canonical site	2026-09-15T08:34:33.3364282Z ./releases/v0.54.0/site/authoring/motion-lab/assets/
build	Upload complete canonical site	2026-09-15T08:34:33.3364688Z ./releases/v0.54.0/site/authoring/motion-lab/assets/navi-avatar.png
build	Upload complete canonical site	2026-09-15T08:34:33.3365369Z ./releases/v0.54.0/site/authoring/motion-lab/assets/delta-interceptor.png
build	Upload complete canonical site	2026-09-15T08:34:33.3369999Z ./releases/v0.54.0/site/authoring/motion-lab/assets/ukrainian-bird.png
build	Upload complete canonical site	2026-09-15T08:34:33.3372735Z ./releases/v0.54.0/site/authoring/motion-lab/assets/fixedwing-body.png
build	Upload complete canonical site	2026-09-15T08:34:33.3376057Z ./releases/v0.54.0/site/authoring/motion-lab/assets/scout-quad.png
build	Upload complete canonical site	2026-09-15T08:34:33.3381569Z ./releases/v0.54.0/site/authoring/motion-lab/assets/fpv-body.png
build	Upload complete canonical site	2026-09-15T08:34:33.3387162Z ./releases/v0.54.0/site/authoring/motion-lab/assets/heavy-lift.png
build	Upload complete canonical site	2026-09-15T08:34:33.3393687Z ./releases/v0.54.0/site/authoring/motion-lab/assets/fpv-night.png
build	Upload complete canonical site	2026-09-15T08:34:33.3398728Z ./releases/v0.54.0/site/authoring/motion-lab/assets/retro-craft.png
build	Upload complete canonical site	2026-09-15T08:34:33.3403012Z ./releases/v0.54.0/site/authoring/motion-lab/assets/fpv-racer.png
build	Upload complete canonical site	2026-09-15T08:34:33.3410313Z ./releases/v0.54.0/site/authoring/video-poster/
build	Upload complete canonical site	2026-09-15T08:34:33.3411450Z ./releases/v0.54.0/site/authoring/video-poster/workshop.mjs
build	Upload complete canonical site	2026-09-15T08:34:33.3412221Z ./releases/v0.54.0/site/authoring/video-poster/launch.js
build	Upload complete canonical site	2026-09-15T08:34:33.3412823Z ./releases/v0.54.0/site/authoring/video-poster/workshop.css
build	Upload complete canonical site	2026-09-15T08:34:33.3413534Z ./releases/v0.54.0/site/authoring/video-poster/index.html
build	Upload complete canonical site	2026-09-15T08:34:33.3414109Z ./releases/v0.54.0/site/authoring/design-atlas/
build	Upload complete canonical site	2026-09-15T08:34:33.3426857Z ./releases/v0.54.0/site/authoring/design-atlas/atlas.css
build	Upload complete canonical site	2026-09-15T08:34:33.3427605Z ./releases/v0.54.0/site/authoring/design-atlas/reveal-audit.mjs
build	Upload complete canonical site	2026-09-15T08:34:33.3428194Z ./releases/v0.54.0/site/authoring/design-atlas/atlas.mjs
build	Upload complete canonical site	2026-09-15T08:34:33.3428709Z ./releases/v0.54.0/site/authoring/design-atlas/reveal-audit.json
build	Upload complete canonical site	2026-09-15T08:34:33.3429290Z ./releases/v0.54.0/site/authoring/design-atlas/index.html
build	Upload complete canonical site	2026-09-15T08:34:33.3429898Z ./releases/v0.54.0/site/authoring/design-atlas/reveal-production-plan.json
build	Upload complete canonical site	2026-09-15T08:34:33.3430390Z ./releases/v0.54.0/site/authoring/design-atlas/reveal-audit.html
build	Upload complete canonical site	2026-09-15T08:34:33.3430832Z ./releases/v0.54.0/site/authoring/still-media/
build	Upload complete canonical site	2026-09-15T08:34:33.3431417Z ./releases/v0.54.0/site/authoring/still-media/workshop.mjs
build	Upload complete canonical site	2026-09-15T08:34:33.3432074Z ./releases/v0.54.0/site/authoring/still-media/launch.js
build	Upload complete canonical site	2026-09-15T08:34:33.3432670Z ./releases/v0.54.0/site/authoring/still-media/examples/
build	Upload complete canonical site	2026-09-15T08:34:33.3433080Z ./releases/v0.54.0/site/authoring/still-media/examples/dawn-signal/
build	Upload complete canonical site	2026-09-15T08:34:33.3433563Z ./releases/v0.54.0/site/authoring/still-media/examples/dawn-signal/manifest.json
build	Upload complete canonical site	2026-09-15T08:34:33.3434512Z ./releases/v0.54.0/site/authoring/still-media/examples/dawn-signal/Dawn-Signal-stories.rlstory
build	Upload complete canonical site	2026-09-15T08:34:33.3435506Z ./releases/v0.54.0/site/authoring/still-media/examples/dawn-signal/Dawn-Signal-originals.rlmedia
build	Upload complete canonical site	2026-09-15T08:34:33.3440664Z ./releases/v0.54.0/site/authoring/still-media/index.html
build	Upload complete canonical site	2026-09-15T08:34:33.3441157Z ./releases/v0.54.0/site/authoring/enemy-catalog/
build	Upload complete canonical site	2026-09-15T08:34:33.3441650Z ./releases/v0.54.0/site/authoring/enemy-catalog/workshop.mjs
build	Upload complete canonical site	2026-09-15T08:34:33.3442051Z ./releases/v0.54.0/site/authoring/enemy-catalog/index.html
build	Upload complete canonical site	2026-09-15T08:34:33.3442399Z ./releases/v0.54.0/site/authoring/asset-studio/
build	Upload complete canonical site	2026-09-15T08:34:33.3442775Z ./releases/v0.54.0/site/authoring/asset-studio/scene-preview.mjs
build	Upload complete canonical site	2026-09-15T08:34:33.3443199Z ./releases/v0.54.0/site/authoring/asset-studio/preview-fixture.mjs
build	Upload complete canonical site	2026-09-15T08:34:33.3443600Z ./releases/v0.54.0/site/authoring/asset-studio/helpers.mjs
build	Upload complete canonical site	2026-09-15T08:34:33.3444027Z ./releases/v0.54.0/site/authoring/asset-studio/component-specimens.mjs
build	Upload complete canonical site	2026-09-15T08:34:33.3444481Z ./releases/v0.54.0/site/authoring/asset-studio/picture-context.mjs
build	Upload complete canonical site	2026-09-15T08:34:33.3444907Z ./releases/v0.54.0/site/authoring/asset-studio/sprite-panel.mjs
build	Upload complete canonical site	2026-09-15T08:34:33.3445325Z ./releases/v0.54.0/site/authoring/asset-studio/preview.mjs
build	Upload complete canonical site	2026-09-15T08:34:33.3446038Z ./releases/v0.54.0/site/authoring/asset-studio/studio.mjs
build	Upload complete canonical site	2026-09-15T08:34:33.3446766Z ./releases/v0.54.0/site/authoring/asset-studio/index.html
build	Upload complete canonical site	2026-09-15T08:34:33.3447546Z ./releases/v0.54.0/site/authoring/asset-studio/studio.css
build	Upload complete canonical site	2026-09-15T08:34:33.3447980Z ./releases/v0.54.0/site/credits.html
build	Upload complete canonical site	2026-09-15T08:34:33.3448415Z ./releases/v0.54.0/site/offline-cache.json
build	Upload complete canonical site	2026-09-15T08:34:33.3448739Z ./releases/v0.54.0/site/privacy.html
build	Upload complete canonical site	2026-09-15T08:34:33.3449002Z ./releases/v0.54.0/site/icons/
build	Upload complete canonical site	2026-09-15T08:34:33.3449281Z ./releases/v0.54.0/site/icons/icon-180.png
build	Upload complete canonical site	2026-09-15T08:34:33.3449584Z ./releases/v0.54.0/site/icons/icon-512.png
build	Upload complete canonical site	2026-09-15T08:34:33.3449866Z ./releases/v0.54.0/site/icons/icon.svg
build	Upload complete canonical site	2026-09-15T08:34:33.3450142Z ./releases/v0.54.0/site/icons/icon-192.png
build	Upload complete canonical site	2026-09-15T08:34:33.3450424Z ./releases/v0.54.0/site/.xonix-build.json
build	Upload complete canonical site	2026-09-15T08:34:33.3450699Z ./releases/v0.54.0/site/index.html
build	Upload complete canonical site	2026-09-15T08:34:33.3450954Z ./releases/v0.54.0/site/game/
build	Upload complete canonical site	2026-09-15T08:34:33.3451425Z ./releases/v0.54.0/site/game/chapter-download.mjs
build	Upload complete canonical site	2026-09-15T08:34:33.3451758Z ./releases/v0.54.0/site/game/presentation-pins.mjs
build	Upload complete canonical site	2026-09-15T08:34:33.3452064Z ./releases/v0.54.0/site/game/replay.mjs
build	Upload complete canonical site	2026-09-15T08:34:33.3452367Z ./releases/v0.54.0/site/game/story-media-store.mjs
build	Upload complete canonical site	2026-09-15T08:34:33.3452716Z ./releases/v0.54.0/site/game/campaign-difficulty.mjs
build	Upload complete canonical site	2026-09-15T08:34:33.3453046Z ./releases/v0.54.0/site/game/release-explorer.mjs
build	Upload complete canonical site	2026-09-15T08:34:33.3453349Z ./releases/v0.54.0/site/game/enemy-guide.mjs
build	Upload complete canonical site	2026-09-15T08:34:33.3453657Z ./releases/v0.54.0/site/game/touch-controls.mjs
build	Upload complete canonical site	2026-09-15T08:34:33.3453961Z ./releases/v0.54.0/site/game/build-config.json
build	Upload complete canonical site	2026-09-15T08:34:33.3454272Z ./releases/v0.54.0/site/game/optional-chapters.mjs
build	Upload complete canonical site	2026-09-15T08:34:33.3454643Z ./releases/v0.54.0/site/game/external-chapter-source.mjs
build	Upload complete canonical site	2026-09-15T08:34:33.3455016Z ./releases/v0.54.0/site/game/input-presentation.mjs
build	Upload complete canonical site	2026-09-15T08:34:33.3455350Z ./releases/v0.54.0/site/game/story-bindings.mjs
build	Upload complete canonical site	2026-09-15T08:34:33.3455956Z ./releases/v0.54.0/site/game/profile-recovery-catalogs.mjs
build	Upload complete canonical site	2026-09-15T08:34:33.3456498Z ./releases/v0.54.0/site/game/profile-writer.mjs
build	Upload complete canonical site	2026-09-15T08:34:33.3457006Z ./releases/v0.54.0/site/game/story-bundle.mjs
build	Upload complete canonical site	2026-09-15T08:34:33.3457302Z ./releases/v0.54.0/site/game/data-json.mjs
build	Upload complete canonical site	2026-09-15T08:34:33.3457620Z ./releases/v0.54.0/site/game/story-storage-record.mjs
build	Upload complete canonical site	2026-09-15T08:34:33.3457939Z ./releases/v0.54.0/site/game/generator.mjs
build	Upload complete canonical site	2026-09-15T08:34:33.3458227Z ./releases/v0.54.0/site/game/presentation/
build	Upload complete canonical site	2026-09-15T08:34:33.3458570Z ./releases/v0.54.0/site/game/presentation/release-pictures.mjs
build	Upload complete canonical site	2026-09-15T08:34:33.3458950Z ./releases/v0.54.0/site/game/presentation/host.mjs
build	Upload complete canonical site	2026-09-15T08:34:33.3459285Z ./releases/v0.54.0/site/game/presentation/runtime.mjs
build	Upload complete canonical site	2026-09-15T08:34:33.3459651Z ./releases/v0.54.0/site/game/presentation/page-entry.mjs
build	Upload complete canonical site	2026-09-15T08:34:33.3460017Z ./releases/v0.54.0/site/game/presentation/current-art.mjs
build	Upload complete canonical site	2026-09-15T08:34:33.3460378Z ./releases/v0.54.0/site/game/presentation/pixel-art.mjs
build	Upload complete canonical site	2026-09-15T08:34:33.3460931Z ./releases/v0.54.0/site/game/presentation/current-art-sources.mjs
build	Upload complete canonical site	2026-09-15T08:34:33.3461329Z ./releases/v0.54.0/site/game/presentation/catalog.mjs
build	Upload complete canonical site	2026-09-15T08:34:33.3461681Z ./releases/v0.54.0/site/game/presentation/studio-store.mjs
build	Upload complete canonical site	2026-09-15T08:34:33.3462107Z ./releases/v0.54.0/site/game/presentation/current-picture-baselines.mjs
build	Upload complete canonical site	2026-09-15T08:34:33.3462582Z ./releases/v0.54.0/site/game/presentation/published-studio.mjs
build	Upload complete canonical site	2026-09-15T08:34:33.3462999Z ./releases/v0.54.0/site/game/presentation/sprite-editor.mjs
build	Upload complete canonical site	2026-09-15T08:34:33.3463364Z ./releases/v0.54.0/site/game/presentation/compiled/
build	Upload complete canonical site	2026-09-15T08:34:33.3463759Z ./releases/v0.54.0/site/game/presentation/compiled/manifest.json
build	Upload complete canonical site	2026-09-15T08:34:33.3464176Z ./releases/v0.54.0/site/game/presentation/compiled/runtime.json
build	Upload complete canonical site	2026-09-15T08:34:33.3464591Z ./releases/v0.54.0/site/game/presentation/compiled/studio.json
build	Upload complete canonical site	2026-09-15T08:34:33.3481988Z ./releases/v0.54.0/site/game/presentation/compiled/assets/
build	Upload complete canonical site	2026-09-15T08:34:33.3483172Z ./releases/v0.54.0/site/game/presentation/compiled/assets/47033ec2cd3b56345394bc13bbb7b10579419559d1e41160d02f8f3eea368672.png
build	Upload complete canonical site	2026-09-15T08:34:33.3484605Z ./releases/v0.54.0/site/game/presentation/compiled/assets/aa2e8583a56b36b5357e5462aee6b010b5b894626929afbc553c683462ce42cf.png
build	Upload complete canonical site	2026-09-15T08:34:33.3486074Z ./releases/v0.54.0/site/game/presentation/compiled/assets/9b6313464e6e6f26dff9b98405fba899dcd0c6a614fde6df8ed1a2d835c73f34.png
build	Upload complete canonical site	2026-09-15T08:34:33.3487392Z ./releases/v0.54.0/site/game/presentation/compiled/assets/fedb83171e9c894c8cbc446d4fb2bf460359b587068a33d0e108b14e185a0adc.png
build	Upload complete canonical site	2026-09-15T08:34:33.3488476Z ./releases/v0.54.0/site/game/presentation/compiled/assets/d22b1070efad07ed1e6f9d8e42d3dc7e19922478e7abedad3f08d55e53cf065c.png
build	Upload complete canonical site	2026-09-15T08:34:33.3489384Z ./releases/v0.54.0/site/game/presentation/compiled/assets/8b557a3e23bcbf550c01b5fe77618bc6ab31cce51835e80ad807023f2fc8fa47.png
build	Upload complete canonical site	2026-09-15T08:34:33.3490252Z ./releases/v0.54.0/site/game/presentation/compiled/assets/ad53247e6be0c1c2a3080a8ebabd0ca24b1394be0caa109138926e821b08ae35.png
build	Upload complete canonical site	2026-09-15T08:34:33.3491309Z ./releases/v0.54.0/site/game/presentation/compiled/assets/2ff89ae01c04bfc698892ec3a35610b7975a6f36596ddd7ddeedbecef248d5d4.png
build	Upload complete canonical site	2026-09-15T08:34:33.3492166Z ./releases/v0.54.0/site/game/presentation/compiled/assets/2444795bb19516949a98519f0e23f9cdf64b454f01a0bb297521d17b5af376da.png
build	Upload complete canonical site	2026-09-15T08:34:33.3493025Z ./releases/v0.54.0/site/game/presentation/compiled/assets/05af7a73b7dadc8821cecccf0abb4f763dafae7ad21500a3293957fa88ed7d76.png
build	Upload complete canonical site	2026-09-15T08:34:33.3493908Z ./releases/v0.54.0/site/game/presentation/compiled/assets/0498bcb48294756b5ac9062290e1639e907b1ec69b5dc2e8cfdec3fab58e0bc8.woff2
build	Upload complete canonical site	2026-09-15T08:34:33.3495238Z ./releases/v0.54.0/site/game/presentation/compiled/assets/e325a3a5b3647614bffa5432779f4ade7e865158e384888888f83b073aff033c.png
build	Upload complete canonical site	2026-09-15T08:34:33.3496675Z ./releases/v0.54.0/site/game/presentation/compiled/assets/827da59e870daf2e8548168399449bd894b4cdf7953a1f8ca48a7ed6df8f8d91.png
build	Upload complete canonical site	2026-09-15T08:34:33.3497923Z ./releases/v0.54.0/site/game/presentation/compiled/assets/779f36cccce55fd90340acbad1a1cbe03639cd1f98f66d25eaac3c8b0036c31b.png
build	Upload complete canonical site	2026-09-15T08:34:33.3499109Z ./releases/v0.54.0/site/game/presentation/compiled/assets/4f56a78772cd7363a2992a8252e4dc629638dad705a9b981d4561830117f511e.png
build	Upload complete canonical site	2026-09-15T08:34:33.3500460Z ./releases/v0.54.0/site/game/presentation/compiled/assets/1bd3c9c57cc8790ccbf6f0fd33517d6d1a5520de93e38a99722ed4ee915758ab.png
build	Upload complete canonical site	2026-09-15T08:34:33.3501612Z ./releases/v0.54.0/site/game/presentation/compiled/assets/70dcff8faa588f074e529704a7d6024fe0a7590b18afa6059488fb505ce4a5f7.png
build	Upload complete canonical site	2026-09-15T08:34:33.3502607Z ./releases/v0.54.0/site/game/presentation/compiled/assets/53f1206a11a8791892f5c844c0641529acbc2c09c8d558676d0d801d72113850.png
build	Upload complete canonical site	2026-09-15T08:34:33.3503825Z ./releases/v0.54.0/site/game/presentation/compiled/assets/85bb90c58fb61a1fdd212316f223dad209d374386e1aad14f044df4c1ea2af7e.png
build	Upload complete canonical site	2026-09-15T08:34:33.3504939Z ./releases/v0.54.0/site/game/presentation/compiled/assets/bd423baa7b3b4f073251d5c8291aa78ee11c341926d27f9f211aa278bc7557f6.png
build	Upload complete canonical site	2026-09-15T08:34:33.3506836Z ./releases/v0.54.0/site/game/presentation/compiled/assets/f7495ea7b56215ba88c7d465fa6ad9ab22121695e4c674cf183b65ef6d400ae0.png
build	Upload complete canonical site	2026-09-15T08:34:33.3508114Z ./releases/v0.54.0/site/game/presentation/compiled/assets/cca9df45b2dde64684489deab8f8d2ab8d5a08dab0ec0efc8455786a231c2a04.png
build	Upload complete canonical site	2026-09-15T08:34:33.3509366Z ./releases/v0.54.0/site/game/presentation/compiled/assets/c3cd0a0f9997f28d1a295de1c8995ebe81bf782acb1c033036371c49fc40a08e.png
build	Upload complete canonical site	2026-09-15T08:34:33.3510497Z ./releases/v0.54.0/site/game/presentation/compiled/assets/8fe3df81db48bf682862a06c8f7434365ff49151a2a72a94c0a85ea85a3adf27.png
build	Upload complete canonical site	2026-09-15T08:34:33.3511562Z ./releases/v0.54.0/site/game/presentation/compiled/assets/8664f0283f54db86f6800fb2056045574ff79a5f490f415b3a8929112d8a7d26.png
build	Upload complete canonical site	2026-09-15T08:34:33.3512860Z ./releases/v0.54.0/site/game/presentation/compiled/assets/5cda580ceefd258918dcf6c49f0f8ad68966999c153a876fb01c2f171b659420.png
build	Upload complete canonical site	2026-09-15T08:34:33.3514315Z ./releases/v0.54.0/site/game/presentation/compiled/assets/8d445857cc63417a2b4a9468c854e4ffed3828b3cd1a90cdd8d4f8c951be88f4.png
build	Upload complete canonical site	2026-09-15T08:34:33.3515374Z ./releases/v0.54.0/site/game/presentation/compiled/assets/fce2dc8f15375b66d336c1defbca23dfb2310301b62c822206a0a013d19601ef.woff2
build	Upload complete canonical site	2026-09-15T08:34:33.3517162Z ./releases/v0.54.0/site/game/presentation/compiled/assets/56fadf4288069b7f12e3e33b94c950baab873a1b576d87ad82673b0c5329dd76.png
build	Upload complete canonical site	2026-09-15T08:34:33.3518373Z ./releases/v0.54.0/site/game/presentation/compiled/assets/30957860bb1edac99c230a91a34eab8249b43497fda680707276c859f3bd5f0c.png
build	Upload complete canonical site	2026-09-15T08:34:33.3519860Z ./releases/v0.54.0/site/game/presentation/compiled/assets/df6e1a2a114dce2da1643a39d608d87ca79d1eaba70cfd62ac02892d0fadec6e.png
build	Upload complete canonical site	2026-09-15T08:34:33.3521528Z ./releases/v0.54.0/site/game/presentation/compiled/assets/44ebf8c1d8a028a919012f75978d025d1698aeb3d295c8813edc1a7ebae71868.png
build	Upload complete canonical site	2026-09-15T08:34:33.3522806Z ./releases/v0.54.0/site/game/presentation/compiled/assets/dda5900559255b1bad906b80a1b9a3cee914ba732f6dcb4fdb8b3c9bce50633f.png
build	Upload complete canonical site	2026-09-15T08:34:33.3524163Z ./releases/v0.54.0/site/game/presentation/compiled/assets/ff2e2defa02d62198a0be240fb16c8328d8be7c6aa9e3ec4516c7589edd83b22.png
build	Upload complete canonical site	2026-09-15T08:34:33.3525455Z ./releases/v0.54.0/site/game/presentation/compiled/assets/1aa1245d987000c889a47cd242c9ca976d620e48323cdde2a60358006718cc51.png
build	Upload complete canonical site	2026-09-15T08:34:33.3527366Z ./releases/v0.54.0/site/game/presentation/compiled/assets/d74c2e8c5713201203f7decea8d57881b657a2aa7b24ea00d182cbe4efa51b8d.png
build	Upload complete canonical site	2026-09-15T08:34:33.3528497Z ./releases/v0.54.0/site/game/presentation/compiled/assets/4edc2d90b443fbc191cbd741c824732113a590cd758e32d8e098c63eba4e70a9.png
build	Upload complete canonical site	2026-09-15T08:34:33.3529839Z ./releases/v0.54.0/site/game/presentation/compiled/assets/8535d7dec70f8fb64d3c0aa8ac919daa7609a477dada753b67429c9c7ae2cadb.png
build	Upload complete canonical site	2026-09-15T08:34:33.3531440Z ./releases/v0.54.0/site/game/presentation/compiled/assets/c0f4e7ca9de3a9f06637dbc8d5972b69b7e804f1bbd9579f5724d99a02c5c86b.png
build	Upload complete canonical site	2026-09-15T08:34:33.3532501Z ./releases/v0.54.0/site/game/presentation/compiled/assets/9f649ed85a5ff7d88996729975dfcb3b4df001474b02cd34114dcf4fc5e2b49c.png
build	Upload complete canonical site	2026-09-15T08:34:33.3533815Z ./releases/v0.54.0/site/game/presentation/compiled/assets/0b4b6717b5a2e7c27ad765544730193d1f798f8ccbc08879947f1a8b10e71121.png
build	Upload complete canonical site	2026-09-15T08:34:33.3535204Z ./releases/v0.54.0/site/game/presentation/compiled/assets/8a652da0dfc053d85190a2a0a17a27c43144c90a1cce5ae7883cb70f73df7c50.png
build	Upload complete canonical site	2026-09-15T08:34:33.3536925Z ./releases/v0.54.0/site/game/presentation/compiled/assets/c1aedf89bc3433dc1cb60998fa1e2563480a590c38586332f444c4c12c772fce.png
build	Upload complete canonical site	2026-09-15T08:34:33.3538117Z ./releases/v0.54.0/site/game/presentation/compiled/assets/4797c11d5e17c3f5f9b5b3fa96efb4fd2aabb877fb4d625dfc8eb7465464e145.woff2
build	Upload complete canonical site	2026-09-15T08:34:33.3539386Z ./releases/v0.54.0/site/game/presentation/compiled/assets/2a50c451fdee7c54d8bccf7a098f12bcdbdc15905856dc100c8e0d9e99629c33.png
build	Upload complete canonical site	2026-09-15T08:34:33.3540499Z ./releases/v0.54.0/site/game/presentation/compiled/assets/f3f58d09752c8e635e06145abc2460909f90ce2df664a8034a799e0bbe59c3ee.png
build	Upload complete canonical site	2026-09-15T08:34:33.3541818Z ./releases/v0.54.0/site/game/presentation/compiled/assets/e85e9aa8f56ba214bcdc9184feb99f526f1a89f66627ac0bf278bffa123dc7c9.png
build	Upload complete canonical site	2026-09-15T08:34:33.3543106Z ./releases/v0.54.0/site/game/presentation/compiled/assets/210d3b2ab32eaef632751e0333321b7e3e2a8571de758e9a02d1f350c483cf61.png
build	Upload complete canonical site	2026-09-15T08:34:33.3544358Z ./releases/v0.54.0/site/game/presentation/compiled/assets/7258c2453b49a52aaa2ba003c4e076eb7aa2d87d21abb6df65f5f5178f9f6a59.png
build	Upload complete canonical site	2026-09-15T08:34:33.3545240Z ./releases/v0.54.0/site/game/presentation/compiled/assets/ee156b11b8102f73615260895e66be4e420bd3d7c70aec7150b556cdc9999a1c.png
build	Upload complete canonical site	2026-09-15T08:34:33.3546370Z ./releases/v0.54.0/site/game/presentation/compiled/assets/535cf4dc9b21c9ff7f9c26d4bc0657e8d6820626551b4d34d82e332748e4d9e3.png
build	Upload complete canonical site	2026-09-15T08:34:33.3547238Z ./releases/v0.54.0/site/game/presentation/compiled/assets/2033ce4e45c2b164edc31e8680244deaa475783dca1aebc6262bfffcd3980eb2.png
build	Upload complete canonical site	2026-09-15T08:34:33.3548114Z ./releases/v0.54.0/site/game/presentation/compiled/assets/c234ea41a080121e73eeea20e3e3db5cfedcd4d4793bc31cf7cdfb2dad2a96ca.png
build	Upload complete canonical site	2026-09-15T08:34:33.3548989Z ./releases/v0.54.0/site/game/presentation/compiled/assets/1e3b7ea46131dbee8ca4601fd75862b04fda8ca4aa4b088d9811f5845e05eb7d.png
build	Upload complete canonical site	2026-09-15T08:34:33.3549849Z ./releases/v0.54.0/site/game/presentation/compiled/assets/57ee2976cb09f29863a4b3a2d8951574a93bf376eda64dbe2a171dc426d8391a.png
build	Upload complete canonical site	2026-09-15T08:34:33.3550698Z ./releases/v0.54.0/site/game/presentation/compiled/assets/7e696d173490ae948cead01a22c5650bc6ffef16c70c514ba6d88413d460a192.png
build	Upload complete canonical site	2026-09-15T08:34:33.3551763Z ./releases/v0.54.0/site/game/presentation/compiled/assets/b65d23a488db2a276f1332680fbf394b1aee685fffc42f0b093c01506041f143.png
build	Upload complete canonical site	2026-09-15T08:34:33.3553051Z ./releases/v0.54.0/site/game/presentation/compiled/assets/08512d067c5f322eb059dc45733fd61534b8bc530a9ebd8b33208d941a603922.png
build	Upload complete canonical site	2026-09-15T08:34:33.3554118Z ./releases/v0.54.0/site/game/presentation/compiled/assets/cae1523d150bbe69f65028676129ba9c51958f4561671c5d6dee1eecfb48b3b5.png
build	Upload complete canonical site	2026-09-15T08:34:33.3555493Z ./releases/v0.54.0/site/game/presentation/compiled/assets/8b5ebd66c72bc3a9ccc07c5dedaba2a8c556ea4e78ef1f17650cc99bc1eca666.png
build	Upload complete canonical site	2026-09-15T08:34:33.3557143Z ./releases/v0.54.0/site/game/presentation/compiled/assets/d9ee53a1cc344517624e80785e764da99fa8bd9b90d7f2b9b5d2ac52ff236a4b.png
build	Upload complete canonical site	2026-09-15T08:34:33.3558035Z ./releases/v0.54.0/site/game/presentation/compiled/assets/53fff7055c1021c80f93590ed4e028c85d59ea4cb2f06ac71644d29989fa2bd7.png
build	Upload complete canonical site	2026-09-15T08:34:33.3558887Z ./releases/v0.54.0/site/game/presentation/compiled/assets/3104d1433851b889c70bbf8fe4d4fecd2b99a3d57d099b402286948283711fb4.png
build	Upload complete canonical site	2026-09-15T08:34:33.3559730Z ./releases/v0.54.0/site/game/presentation/compiled/assets/78033ee190de99663e4b936e480562d4cc93d9e90190b529ef46d07877c43826.png
build	Upload complete canonical site	2026-09-15T08:34:33.3560593Z ./releases/v0.54.0/site/game/presentation/compiled/assets/27fca2383ecb60fe0019232ed3f384103f602e36fe583fbad4b018b0c20d08fe.png
build	Upload complete canonical site	2026-09-15T08:34:33.3561443Z ./releases/v0.54.0/site/game/presentation/compiled/assets/a3ad1f5a90f71164d77039f7052ce3403e684f1e9acecb0d3c86a7d456e9d509.png
build	Upload complete canonical site	2026-09-15T08:34:33.3562306Z ./releases/v0.54.0/site/game/presentation/compiled/assets/77a93635bc7d39976bbf571f056a68f75ef43e1b655b6512fd293b2b568306e3.png
build	Upload complete canonical site	2026-09-15T08:34:33.3563153Z ./releases/v0.54.0/site/game/presentation/compiled/assets/78294d66d340a9cc4036814defa9a291b8573949d79318823722b6f51c71fc14.png
build	Upload complete canonical site	2026-09-15T08:34:33.3563999Z ./releases/v0.54.0/site/game/presentation/compiled/assets/466b729b69035d65e5a95d5ef9c8d1c337e64a6af3b5fbdcf91cf74d3096d33b.png
build	Upload complete canonical site	2026-09-15T08:34:33.3564856Z ./releases/v0.54.0/site/game/presentation/compiled/assets/00b0f847cd1f80495615e3ada13899df67c6df05bf1f6d846ffc46cb3cc3fc5f.png
build	Upload complete canonical site	2026-09-15T08:34:33.3566009Z ./releases/v0.54.0/site/game/presentation/compiled/assets/526656d6f29126aaec7bc7d1abf0769d247b311039c8d069c7e2afc17d112747.png
build	Upload complete canonical site	2026-09-15T08:34:33.3566899Z ./releases/v0.54.0/site/game/presentation/compiled/assets/ccdfe41a2adaf920c64d99f665d19d9ca6ddc2ea5251ea24bdd63beb2dfc68bd.png
build	Upload complete canonical site	2026-09-15T08:34:33.3567992Z ./releases/v0.54.0/site/game/presentation/compiled/assets/02b4ab6f9e8339b921ac83fa0f72e334ab98edc82a46ae5b70499d4ea5dfb872.png
build	Upload complete canonical site	2026-09-15T08:34:33.3569458Z ./releases/v0.54.0/site/game/presentation/compiled/assets/2617aa19f98e0a455046c229a9abcb678efeaa76c07ebe5ce07cb8b00d4d65bf.png
build	Upload complete canonical site	2026-09-15T08:34:33.3570721Z ./releases/v0.54.0/site/game/presentation/compiled/assets/97986545bbd0dd978d7c5cd2b3511b800cb082caf4a584416306b6c3f4283b54.png
build	Upload complete canonical site	2026-09-15T08:34:33.3571590Z ./releases/v0.54.0/site/game/presentation/compiled/assets/a07fe2df221cb042a05a7ef78716ae1809e9df5dd54d7dd550c91bd265f7f7fb.png
build	Upload complete canonical site	2026-09-15T08:34:33.3572449Z ./releases/v0.54.0/site/game/presentation/compiled/assets/5428ce32eb31d44ea4b04561d86cc65e31ce79fe50acce40beadfd1d2546b837.png
build	Upload complete canonical site	2026-09-15T08:34:33.3573315Z ./releases/v0.54.0/site/game/presentation/compiled/assets/2d0b8b6260f73e3fe008c5ac228021f681747183a586ed7ca9dde3906b22dcc3.png
build	Upload complete canonical site	2026-09-15T08:34:33.3574391Z ./releases/v0.54.0/site/game/presentation/compiled/assets/150ebf2c0817461fda33425c885488da7f4566b16a83947e94799d8da2df05e5.png
build	Upload complete canonical site	2026-09-15T08:34:33.3575458Z ./releases/v0.54.0/site/game/presentation/compiled/assets/de2406eaf230f4701c82249f0709f1238616cca532d2be1b02d3105503646c3c.png
build	Upload complete canonical site	2026-09-15T08:34:33.3576774Z ./releases/v0.54.0/site/game/presentation/compiled/assets/4c0ab153dd814ff806ff0d9a63bb1ef5ad9eac532f8f771d1288265d7327ec68.png
build	Upload complete canonical site	2026-09-15T08:34:33.3577663Z ./releases/v0.54.0/site/game/presentation/compiled/assets/d5227e40b6ef6c1d722bbfb09c828789facf18b0021d6e600a456fdd37ba7e11.png
build	Upload complete canonical site	2026-09-15T08:34:33.3578538Z ./releases/v0.54.0/site/game/presentation/compiled/assets/33955b0fafb24b5edab1d605d6b3a8453a0073438aa87785cc2376ec36953346.png
build	Upload complete canonical site	2026-09-15T08:34:33.3579612Z ./releases/v0.54.0/site/game/presentation/compiled/assets/5c51f6d7b29af2e8be90adc5d01257f1b5d34ac5aaf0bb533fd2088bd944b683.png
build	Upload complete canonical site	2026-09-15T08:34:33.3580660Z ./releases/v0.54.0/site/game/presentation/compiled/assets/43db178018db9727dc1d4f6f9231dbe2ad29fe6d75a6a84d5ed97b069e18e3a4.png
build	Upload complete canonical site	2026-09-15T08:34:33.3581521Z ./releases/v0.54.0/site/game/presentation/compiled/assets/9e865e30bb22014bc6cc20dd4038415f4b279164ab33c54d9682e7ffc9cf2c91.png
build	Upload complete canonical site	2026-09-15T08:34:33.3582636Z ./releases/v0.54.0/site/game/presentation/compiled/assets/713991ea5d2ba3bbc0f5115c6fdc98f337da90b657b0c43c7db1625073377f90.png
build	Upload complete canonical site	2026-09-15T08:34:33.3583675Z ./releases/v0.54.0/site/game/presentation/compiled/assets/53f17c3672c097ce79b63629e4dfbffe9d5a2ecacf4ac99ec67704538951d9fe.png
build	Upload complete canonical site	2026-09-15T08:34:33.3584540Z ./releases/v0.54.0/site/game/presentation/compiled/assets/e033d8a3118b42b870e2f6350f7ae960b6085b46beb32ae235881a53bfbdc066.png
build	Upload complete canonical site	2026-09-15T08:34:33.3585608Z ./releases/v0.54.0/site/game/presentation/compiled/assets/0839e0cac64adad321fb07518b14673091bbc1a61a836ff15ebf48510480bbbc.png
build	Upload complete canonical site	2026-09-15T08:34:33.3586736Z ./releases/v0.54.0/site/game/presentation/compiled/assets/326d159fab7ab655e40c493e5e3ae27713157b419788134f23363ef222ad27db.png
build	Upload complete canonical site	2026-09-15T08:34:33.3587594Z ./releases/v0.54.0/site/game/presentation/compiled/assets/6b5afa33051459550ead8fee06fb5e14c9eecf9648906dc1abb7fe7a2c69455c.png
build	Upload complete canonical site	2026-09-15T08:34:33.3588711Z ./releases/v0.54.0/site/game/presentation/compiled/assets/b0e9acf3605b9c5440328ef0bea6c0959efd03acdddbc4ac2cc5520e036457b6.png
build	Upload complete canonical site	2026-09-15T08:34:33.3589776Z ./releases/v0.54.0/site/game/presentation/compiled/assets/a25dc0c7e2f24a5451f3fbb0d24e90fdce796b274d8b54f238cbee0a26e8b857.png
build	Upload complete canonical site	2026-09-15T08:34:33.3591272Z ./releases/v0.54.0/site/game/presentation/compiled/assets/cea04fc27e33583748da59f8bc873505d15b8c37745f0b30b5a4415f4d7c87cb.png
build	Upload complete canonical site	2026-09-15T08:34:33.3592796Z ./releases/v0.54.0/site/game/presentation/compiled/assets/72b6c93f47090f3a3724223477e22cbc461132329768e70b82cdb87d85a72052.png
build	Upload complete canonical site	2026-09-15T08:34:33.3594202Z ./releases/v0.54.0/site/game/presentation/compiled/assets/9ad64ed82783ba763f61fe954e3cdc8c360df472c8d035ef74579670d2649bba.png
build	Upload complete canonical site	2026-09-15T08:34:33.3595922Z ./releases/v0.54.0/site/game/presentation/compiled/assets/efef00b62e24bc89315f26fe888d64658bb63cfcce3eeb047645c812903d3e3f.png
build	Upload complete canonical site	2026-09-15T08:34:33.3597487Z ./releases/v0.54.0/site/game/presentation/compiled/assets/9ef850d87a46eee28cbfa3df8f2d2945673b8bf5dc2fdcc4edf1840175e3f7a1.png
build	Upload complete canonical site	2026-09-15T08:34:33.3599377Z ./releases/v0.54.0/site/game/presentation/compiled/assets/0ae5d58c1169056d086892937112a4605d56ca11b6d11e701d1e7796b18a6af7.png
build	Upload complete canonical site	2026-09-15T08:34:33.3600547Z ./releases/v0.54.0/site/game/presentation/compiled/assets/d4690eb2839e8f90a4ac105502c5b22c1b1cceb643c5d2593ca3a4e61d6aa008.png
build	Upload complete canonical site	2026-09-15T08:34:33.3602215Z ./releases/v0.54.0/site/game/presentation/compiled/assets/f03dc7d839fef8d53cae7b29cc106dd094c976af6e3758d71110bf0d47140efa.png
build	Upload complete canonical site	2026-09-15T08:34:33.3603614Z ./releases/v0.54.0/site/game/presentation/compiled/assets/d76f309d8385cd5d20fc2fff72b7f3abc19299cccdde767d76dd9f4a4960929d.png
build	Upload complete canonical site	2026-09-15T08:34:33.3605271Z ./releases/v0.54.0/site/game/presentation/compiled/assets/044bfaa980686917e6715e3919617a516ee1585e38dd8a63154301eba23d4118.png
build	Upload complete canonical site	2026-09-15T08:34:33.3606536Z ./releases/v0.54.0/site/game/presentation/compiled/assets/cc1bc2077c62d4cea9aeba86c00d0185b3c93f7c7dfceaede414dc105859196f.png
build	Upload complete canonical site	2026-09-15T08:34:33.3608276Z ./releases/v0.54.0/site/game/presentation/compiled/assets/4213f1ac958d600b68f4aa1aa0171d8f5e7a10ca2422154f88cc9b58bda9c0c1.png
build	Upload complete canonical site	2026-09-15T08:34:33.3609831Z ./releases/v0.54.0/site/game/presentation/compiled/assets/9c181b9009de288e0ed3349ab0bda4908e67c92587946517115b9231d5ea65b8.png
build	Upload complete canonical site	2026-09-15T08:34:33.3611195Z ./releases/v0.54.0/site/game/presentation/compiled/assets/3fa6527474d2da84fed128052df7ee8ac2b34a25eaf5a162d21be849a12fd65c.png
build	Upload complete canonical site	2026-09-15T08:34:33.3612868Z ./releases/v0.54.0/site/game/presentation/compiled/assets/40172d186e595959d100dd0e7e52a78906e904300d93c8c0958d82b6f3b91ff0.png
build	Upload complete canonical site	2026-09-15T08:34:33.3614538Z ./releases/v0.54.0/site/game/presentation/compiled/assets/83b8dea4de4fad710942a60c18f03c34849df904a45edb0316b6287c3770fb3c.png
build	Upload complete canonical site	2026-09-15T08:34:33.3615579Z ./releases/v0.54.0/site/game/presentation/compiled/assets/e35ca174c360d5a572c72e6be448666cf3da1438cf0d91f8ea7ff8c221b8eb5e.png
build	Upload complete canonical site	2026-09-15T08:34:33.3617077Z ./releases/v0.54.0/site/game/presentation/compiled/assets/398eaf8dc2f88a2b1a3bc4d2ae5c603f54fd5daa96c9c9c02637bdd4c488e697.png
build	Upload complete canonical site	2026-09-15T08:34:33.3618482Z ./releases/v0.54.0/site/game/presentation/compiled/assets/963bdc61942194177b4d0dac32ba560c0200f55c83f21d939356b8680b6f644c.png
build	Upload complete canonical site	2026-09-15T08:34:33.3619586Z ./releases/v0.54.0/site/game/presentation/compiled/assets/228285616ceb1d60be182f971790ee75a67c44a40a787d7d7ed275668a3005e4.png
build	Upload complete canonical site	2026-09-15T08:34:33.3620720Z ./releases/v0.54.0/site/game/presentation/compiled/assets/95b99a09686ab417503cd8444f6b485d1021b6ae3f8e9525a545faafd6254c9c.png
build	Upload complete canonical site	2026-09-15T08:34:33.3622108Z ./releases/v0.54.0/site/game/presentation/compiled/assets/084e63a13178e1736ac2eaa12af621d63a786eea4dc21ab5cae8c6acf96c8153.png
build	Upload complete canonical site	2026-09-15T08:34:33.3623527Z ./releases/v0.54.0/site/game/presentation/compiled/assets/ee325025999edc73751f62ee92adc73c02fe06d29680da5816f4785e014ef730.png
build	Upload complete canonical site	2026-09-15T08:34:33.3625115Z ./releases/v0.54.0/site/game/presentation/compiled/assets/94353c17fbc74e21655a3c556075885a144900b6c620ba7b37ab79beb31f246f.png
build	Upload complete canonical site	2026-09-15T08:34:33.3626731Z ./releases/v0.54.0/site/game/presentation/compiled/assets/0b5106ea19db098b6cf6068142510fd373731532e5052983e58bb343038404e6.png
build	Upload complete canonical site	2026-09-15T08:34:33.3628161Z ./releases/v0.54.0/site/game/presentation/compiled/assets/40a08a5524dbe269f6eddb019c55beebde3129ba270d97a5fa4d22015a07e0cc.png
build	Upload complete canonical site	2026-09-15T08:34:33.3629357Z ./releases/v0.54.0/site/game/presentation/compiled/assets/84461bcb3aca9dc91ace6a836df87a153a6c58d75b6a46b8988d9d835f68ad9f.png
build	Upload complete canonical site	2026-09-15T08:34:33.3630298Z ./releases/v0.54.0/site/game/presentation/compiled/assets/2d4e0eafa015c8e434082b8be0552556e0abfe057248233a701cac4d1b3f4cd0.png
build	Upload complete canonical site	2026-09-15T08:34:33.3631159Z ./releases/v0.54.0/site/game/presentation/compiled/assets/0233c5f399b93700594af044a5f56687a0742333d32b7bc54ef7122173f1dc65.png
build	Upload complete canonical site	2026-09-15T08:34:33.3632004Z ./releases/v0.54.0/site/game/presentation/compiled/assets/7954823e793dd6140528d271c12653fca559eda862ca83c4be73c6bfbdf9c26c.png
build	Upload complete canonical site	2026-09-15T08:34:33.3632855Z ./releases/v0.54.0/site/game/presentation/compiled/assets/544551f875b2fd52c41dbbd384d6710a80fb23d744ae8a9bca3353cd23752a48.png
build	Upload complete canonical site	2026-09-15T08:34:33.3633911Z ./releases/v0.54.0/site/game/presentation/compiled/assets/57744cbfe744bd50d932b1dba963539c11dbb176dc1e3171de46c34ea74d48a0.png
build	Upload complete canonical site	2026-09-15T08:34:33.3634772Z ./releases/v0.54.0/site/game/presentation/compiled/assets/9bc684f5da99a255c09d7cd6aac452859d5ec370d344a092901576bdc9405911.png
build	Upload complete canonical site	2026-09-15T08:34:33.3635412Z ./releases/v0.54.0/site/game/presentation/compiled/theme.css
build	Upload complete canonical site	2026-09-15T08:34:33.3636218Z ./releases/v0.54.0/site/game/presentation/page.mjs
build	Upload complete canonical site	2026-09-15T08:34:33.3636706Z ./releases/v0.54.0/site/game/presentation/studio-session.mjs
build	Upload complete canonical site	2026-09-15T08:34:33.3637078Z ./releases/v0.54.0/site/game/presentation/model.mjs
build	Upload complete canonical site	2026-09-15T08:34:33.3637417Z ./releases/v0.54.0/site/game/presentation/icons.mjs
build	Upload complete canonical site	2026-09-15T08:34:33.3637801Z ./releases/v0.54.0/site/game/presentation/current-pictures.mjs
build	Upload complete canonical site	2026-09-15T08:34:33.3638186Z ./releases/v0.54.0/site/game/presentation/bundle.mjs
build	Upload complete canonical site	2026-09-15T08:34:33.3638498Z ./releases/v0.54.0/site/game/content.mjs
build	Upload complete canonical site	2026-09-15T08:34:33.3638831Z ./releases/v0.54.0/site/game/mastery-equipment.mjs
build	Upload complete canonical site	2026-09-15T08:34:33.3639197Z ./releases/v0.54.0/site/game/profile-channel-json.mjs
build	Upload complete canonical site	2026-09-15T08:34:33.3639547Z ./releases/v0.54.0/site/game/enemy-presentations.mjs
build	Upload complete canonical site	2026-09-15T08:34:33.3639859Z ./releases/v0.54.0/site/game/vendor/
build	Upload complete canonical site	2026-09-15T08:34:33.3640161Z ./releases/v0.54.0/site/game/vendor/PHASER-LICENSE.md
build	Upload complete canonical site	2026-09-15T08:34:33.3640529Z ./releases/v0.54.0/site/game/vendor/phaser-4.2.1.min.js
build	Upload complete canonical site	2026-09-15T08:34:33.3640875Z ./releases/v0.54.0/site/game/managed-media-store.mjs
build	Upload complete canonical site	2026-09-15T08:34:33.3641215Z ./releases/v0.54.0/site/game/mastery-verification.mjs
build	Upload complete canonical site	2026-09-15T08:34:33.3641525Z ./releases/v0.54.0/site/game/replays/
build	Upload complete canonical site	2026-09-15T08:34:33.3641858Z ./releases/v0.54.0/site/game/replays/expansion-routes.json
build	Upload complete canonical site	2026-09-15T08:34:33.3642251Z ./releases/v0.54.0/site/game/replays/first-light-routes.json
build	Upload complete canonical site	2026-09-15T08:34:33.3642715Z ./releases/v0.54.0/site/game/replays/fieldcraft-routes.json
build	Upload complete canonical site	2026-09-15T08:34:33.3643631Z ./releases/v0.54.0/site/game/replays/fpv-arcade-r2-routes.json
build	Upload complete canonical site	2026-09-15T08:34:33.3644472Z ./releases/v0.54.0/site/game/replays/first-light-gentle-routes.json
build	Upload complete canonical site	2026-09-15T08:34:33.3645198Z ./releases/v0.54.0/site/game/replays/campaign-routes.json
build	Upload complete canonical site	2026-09-15T08:34:33.3646048Z ./releases/v0.54.0/site/game/replays/gentle-routes.json
build	Upload complete canonical site	2026-09-15T08:34:33.3646728Z ./releases/v0.54.0/site/game/replays/fpv-arcade-r3-routes.json
build	Upload complete canonical site	2026-09-15T08:34:33.3647414Z ./releases/v0.54.0/site/game/replays/fpv-arcade-r5-routes.json
build	Upload complete canonical site	2026-09-15T08:34:33.3647920Z ./releases/v0.54.0/site/game/replays/sentinel-routes.json
build	Upload complete canonical site	2026-09-15T08:34:33.3648692Z ./releases/v0.54.0/site/game/replays/homeward-routes.json
build	Upload complete canonical site	2026-09-15T08:34:33.3649465Z ./releases/v0.54.0/site/game/replays/classic-lab-routes.json
build	Upload complete canonical site	2026-09-15T08:34:33.3650080Z ./releases/v0.54.0/site/game/replays/fpv-arcade-r4-routes.json
build	Upload complete canonical site	2026-09-15T08:34:33.3650847Z ./releases/v0.54.0/site/game/flight-media-pins.mjs
build	Upload complete canonical site	2026-09-15T08:34:33.3651357Z ./releases/v0.54.0/site/game/controller-lab/
build	Upload complete canonical site	2026-09-15T08:34:33.3652033Z ./releases/v0.54.0/site/game/controller-lab/reading-practice.json
build	Upload complete canonical site	2026-09-15T08:34:33.3652694Z ./releases/v0.54.0/site/game/controller-lab/index.html
build	Upload complete canonical site	2026-09-15T08:34:33.3653319Z ./releases/v0.54.0/site/game/controller-lab/lab.mjs
build	Upload complete canonical site	2026-09-15T08:34:33.3653790Z ./releases/v0.54.0/site/game/controller-lab/style.css
build	Upload complete canonical site	2026-09-15T08:34:33.3654400Z ./releases/v0.54.0/site/game/media-storage-record.mjs
build	Upload complete canonical site	2026-09-15T08:34:33.3655112Z ./releases/v0.54.0/site/game/enemy-catalog-scenarios.mjs
build	Upload complete canonical site	2026-09-15T08:34:33.3655864Z ./releases/v0.54.0/site/game/couch/
build	Upload complete canonical site	2026-09-15T08:34:33.3656295Z ./releases/v0.54.0/site/game/couch/couch-installed-chapters.mjs
build	Upload complete canonical site	2026-09-15T08:34:33.3656933Z ./releases/v0.54.0/site/game/couch/relay-rescue.mjs
build	Upload complete canonical site	2026-09-15T08:34:33.3657610Z ./releases/v0.54.0/site/game/couch/couch.mjs
build	Upload complete canonical site	2026-09-15T08:34:33.3658264Z ./releases/v0.54.0/site/game/couch/couch-input.mjs
build	Upload complete canonical site	2026-09-15T08:34:33.3658965Z ./releases/v0.54.0/site/game/couch/coop-view.mjs
build	Upload complete canonical site	2026-09-15T08:34:33.3659649Z ./releases/v0.54.0/site/game/couch/coop-feedback.mjs
build	Upload complete canonical site	2026-09-15T08:34:33.3660447Z ./releases/v0.54.0/site/game/couch/relay-rescue.html
build	Upload complete canonical site	2026-09-15T08:34:33.3660885Z ./releases/v0.54.0/site/game/couch/index.html
build	Upload complete canonical site	2026-09-15T08:34:33.3661436Z ./releases/v0.54.0/site/game/couch/couch-shell.mjs
build	Upload complete canonical site	2026-09-15T08:34:33.3662112Z ./releases/v0.54.0/site/game/couch/relay-rescue.css
build	Upload complete canonical site	2026-09-15T08:34:33.3662765Z ./releases/v0.54.0/site/game/couch/couch.css
build	Upload complete canonical site	2026-09-15T08:34:33.3663368Z ./releases/v0.54.0/site/game/couch/couch-chapter.mjs
build	Upload complete canonical site	2026-09-15T08:34:33.3664031Z ./releases/v0.54.0/site/game/challenges.mjs
build	Upload complete canonical site	2026-09-15T08:34:33.3664553Z ./releases/v0.54.0/site/game/soundtrack-store.mjs
build	Upload complete canonical site	2026-09-15T08:34:33.3664905Z ./releases/v0.54.0/site/game/media-presentation.mjs
build	Upload complete canonical site	2026-09-15T08:34:33.3665253Z ./releases/v0.54.0/site/game/selection-bookmark.mjs
build	Upload complete canonical site	2026-09-15T08:34:33.3665573Z ./releases/v0.54.0/site/game/boot.css
build	Upload complete canonical site	2026-09-15T08:34:33.3666301Z ./releases/v0.54.0/site/game/media-still.mjs
build	Upload complete canonical site	2026-09-15T08:34:33.3666632Z ./releases/v0.54.0/site/game/mastery-records.mjs
build	Upload complete canonical site	2026-09-15T08:34:33.3667010Z ./releases/v0.54.0/site/game/gallery-difficulty.mjs
build	Upload complete canonical site	2026-09-15T08:34:33.3667337Z ./releases/v0.54.0/site/game/video-poster.mjs
build	Upload complete canonical site	2026-09-15T08:34:33.3667846Z ./releases/v0.54.0/site/game/profile-shared-media.mjs
build	Upload complete canonical site	2026-09-15T08:34:33.3668458Z ./releases/v0.54.0/site/game/external-chapter-backup.mjs
build	Upload complete canonical site	2026-09-15T08:34:33.3669105Z ./releases/v0.54.0/site/game/content-launch.mjs
build	Upload complete canonical site	2026-09-15T08:34:33.3669612Z ./releases/v0.54.0/site/game/profile-transfer.mjs
build	Upload complete canonical site	2026-09-15T08:34:33.3669934Z ./releases/v0.54.0/site/game/ui/
build	Upload complete canonical site	2026-09-15T08:34:33.3670230Z ./releases/v0.54.0/site/game/ui/first-flight-view.mjs
build	Upload complete canonical site	2026-09-15T08:34:33.3670578Z ./releases/v0.54.0/site/game/ui/touch-steering.mjs
build	Upload complete canonical site	2026-09-15T08:34:33.3670926Z ./releases/v0.54.0/site/game/ui/controller-settings.css
build	Upload complete canonical site	2026-09-15T08:34:33.3671287Z ./releases/v0.54.0/site/game/ui/practice-navigation.mjs
build	Upload complete canonical site	2026-09-15T08:34:33.3671641Z ./releases/v0.54.0/site/game/ui/first-flight-entry.mjs
build	Upload complete canonical site	2026-09-15T08:34:33.3671992Z ./releases/v0.54.0/site/game/ui/story-dialog.css
build	Upload complete canonical site	2026-09-15T08:34:33.3672640Z ./releases/v0.54.0/site/game/ui/enemy-catalog-panel.css
build	Upload complete canonical site	2026-09-15T08:34:33.3672985Z ./releases/v0.54.0/site/game/ui/enemy-guide.mjs
build	Upload complete canonical site	2026-09-15T08:34:33.3673311Z ./releases/v0.54.0/site/game/ui/device-controls.css
build	Upload complete canonical site	2026-09-15T08:34:33.3673666Z ./releases/v0.54.0/site/game/ui/presentation-image.mjs
build	Upload complete canonical site	2026-09-15T08:34:33.3674007Z ./releases/v0.54.0/site/game/ui/library-panel.mjs
build	Upload complete canonical site	2026-09-15T08:34:33.3674332Z ./releases/v0.54.0/site/game/ui/field-kit-fonts.css
build	Upload complete canonical site	2026-09-15T08:34:33.3674648Z ./releases/v0.54.0/site/game/ui/game-shell.css
build	Upload complete canonical site	2026-09-15T08:34:33.3674976Z ./releases/v0.54.0/site/game/ui/field-kit-flow.css
build	Upload complete canonical site	2026-09-15T08:34:33.3675307Z ./releases/v0.54.0/site/game/ui/soundtrack-panel.css
build	Upload complete canonical site	2026-09-15T08:34:33.3675653Z ./releases/v0.54.0/site/game/ui/field-kit-surfaces.mjs
build	Upload complete canonical site	2026-09-15T08:34:33.3676528Z ./releases/v0.54.0/site/game/ui/picture-identity.mjs
build	Upload complete canonical site	2026-09-15T08:34:33.3676899Z ./releases/v0.54.0/site/game/ui/enemy-body-motion.mjs
build	Upload complete canonical site	2026-09-15T08:34:33.3677260Z ./releases/v0.54.0/site/game/ui/profile-recovery.css
build	Upload complete canonical site	2026-09-15T08:34:33.3677628Z ./releases/v0.54.0/site/game/ui/optional-chapters-panel.mjs
build	Upload complete canonical site	2026-09-15T08:34:33.3678013Z ./releases/v0.54.0/site/game/ui/field-kit-components.css
build	Upload complete canonical site	2026-09-15T08:34:33.3678393Z ./releases/v0.54.0/site/game/ui/profile-recovery-dialog.mjs
build	Upload complete canonical site	2026-09-15T08:34:33.3678774Z ./releases/v0.54.0/site/game/ui/still-media-host.mjs
build	Upload complete canonical site	2026-09-15T08:34:33.3679128Z ./releases/v0.54.0/site/game/ui/enemy-catalog-input.mjs
build	Upload complete canonical site	2026-09-15T08:34:33.3679478Z ./releases/v0.54.0/site/game/ui/field-kit-copy.mjs
build	Upload complete canonical site	2026-09-15T08:34:33.3679836Z ./releases/v0.54.0/site/game/ui/first-flight-preview.mjs
build	Upload complete canonical site	2026-09-15T08:34:33.3680163Z ./releases/v0.54.0/site/game/ui/input.mjs
build	Upload complete canonical site	2026-09-15T08:34:33.3680477Z ./releases/v0.54.0/site/game/ui/storage-retention.mjs
build	Upload complete canonical site	2026-09-15T08:34:33.3680827Z ./releases/v0.54.0/site/game/ui/still-media-panel.css
build	Upload complete canonical site	2026-09-15T08:34:33.3681183Z ./releases/v0.54.0/site/game/ui/controller-boost-host.mjs
build	Upload complete canonical site	2026-09-15T08:34:33.3681528Z ./releases/v0.54.0/site/game/ui/scene-art.mjs
build	Upload complete canonical site	2026-09-15T08:34:33.3682000Z ./releases/v0.54.0/site/game/ui/worlds-browser.mjs
build	Upload complete canonical site	2026-09-15T08:34:33.3682343Z ./releases/v0.54.0/site/game/ui/actor-presentation.mjs
build	Upload complete canonical site	2026-09-15T08:34:33.3682673Z ./releases/v0.54.0/site/game/ui/earned-picture.mjs
build	Upload complete canonical site	2026-09-15T08:34:33.3682989Z ./releases/v0.54.0/site/game/ui/pixel-theme.css
build	Upload complete canonical site	2026-09-15T08:34:33.3683294Z ./releases/v0.54.0/site/game/ui/retry-view.mjs
build	Upload complete canonical site	2026-09-15T08:34:33.3683600Z ./releases/v0.54.0/site/game/ui/game-shell.mjs
build	Upload complete canonical site	2026-09-15T08:34:33.3683929Z ./releases/v0.54.0/site/game/ui/video-poster-workshop.mjs
build	Upload complete canonical site	2026-09-15T08:34:33.3684279Z ./releases/v0.54.0/site/game/ui/mission-gallery.mjs
build	Upload complete canonical site	2026-09-15T08:34:33.3684598Z ./releases/v0.54.0/site/game/ui/key-settings.mjs
build	Upload complete canonical site	2026-09-15T08:34:33.3684920Z ./releases/v0.54.0/site/game/ui/event-feedback.mjs
build	Upload complete canonical site	2026-09-15T08:34:33.3685276Z ./releases/v0.54.0/site/game/ui/profile-recovery-dialog.css
build	Upload complete canonical site	2026-09-15T08:34:33.3685640Z ./releases/v0.54.0/site/game/ui/still-story-panel.mjs
build	Upload complete canonical site	2026-09-15T08:34:33.3686134Z ./releases/v0.54.0/site/game/ui/enemy-catalog-panel.mjs
build	Upload complete canonical site	2026-09-15T08:34:33.3686487Z ./releases/v0.54.0/site/game/ui/controller-router.mjs
build	Upload complete canonical site	2026-09-15T08:34:33.3686818Z ./releases/v0.54.0/site/game/ui/field-kit-tokens.css
build	Upload complete canonical site	2026-09-15T08:34:33.3687124Z ./releases/v0.54.0/site/game/ui/fonts/
build	Upload complete canonical site	2026-09-15T08:34:33.3687426Z ./releases/v0.54.0/site/game/ui/fonts/pixelify-sans/
build	Upload complete canonical site	2026-09-15T08:34:33.3687816Z ./releases/v0.54.0/site/game/ui/fonts/pixelify-sans/provenance.json
build	Upload complete canonical site	2026-09-15T08:34:33.3688254Z ./releases/v0.54.0/site/game/ui/fonts/pixelify-sans/METADATA.pb
build	Upload complete canonical site	2026-09-15T08:34:33.3688685Z ./releases/v0.54.0/site/game/ui/fonts/pixelify-sans/PixelifySans.ttf
build	Upload complete canonical site	2026-09-15T08:34:33.3689097Z ./releases/v0.54.0/site/game/ui/fonts/pixelify-sans/OFL.txt
build	Upload complete canonical site	2026-09-15T08:34:33.3689467Z ./releases/v0.54.0/site/game/ui/fonts/provenance.json
build	Upload complete canonical site	2026-09-15T08:34:33.3689794Z ./releases/v0.54.0/site/game/ui/fonts/METADATA.pb
build	Upload complete canonical site	2026-09-15T08:34:33.3690132Z ./releases/v0.54.0/site/game/ui/fonts/Tiny5-Regular.ttf
build	Upload complete canonical site	2026-09-15T08:34:33.3690596Z ./releases/v0.54.0/site/game/ui/fonts/field-kit/
build	Upload complete canonical site	2026-09-15T08:34:33.3690964Z ./releases/v0.54.0/site/game/ui/fonts/field-kit/provenance.json
build	Upload complete canonical site	2026-09-15T08:34:33.3691453Z ./releases/v0.54.0/site/game/ui/fonts/field-kit/handjet-display-600.woff2
build	Upload complete canonical site	2026-09-15T08:34:33.3691916Z ./releases/v0.54.0/site/game/ui/fonts/field-kit/exo2-ui-400-600.woff2
build	Upload complete canonical site	2026-09-15T08:34:33.3692345Z ./releases/v0.54.0/site/game/ui/fonts/field-kit/IBMPlexMono-OFL.txt
build	Upload complete canonical site	2026-09-15T08:34:33.3692767Z ./releases/v0.54.0/site/game/ui/fonts/field-kit/Handjet-OFL.txt
build	Upload complete canonical site	2026-09-15T08:34:33.3693198Z ./releases/v0.54.0/site/game/ui/fonts/field-kit/ibm-plex-mono-500.woff2
build	Upload complete canonical site	2026-09-15T08:34:33.3693624Z ./releases/v0.54.0/site/game/ui/fonts/field-kit/Exo2-OFL.txt
build	Upload complete canonical site	2026-09-15T08:34:33.3693974Z ./releases/v0.54.0/site/game/ui/fonts/OFL.txt
build	Upload complete canonical site	2026-09-15T08:34:33.3694293Z ./releases/v0.54.0/site/game/ui/enemy-guide.css
build	Upload complete canonical site	2026-09-15T08:34:33.3694631Z ./releases/v0.54.0/site/game/ui/first-flight-launch.mjs
build	Upload complete canonical site	2026-09-15T08:34:33.3694983Z ./releases/v0.54.0/site/game/ui/soundtrack-player.mjs
build	Upload complete canonical site	2026-09-15T08:34:33.3695328Z ./releases/v0.54.0/site/game/ui/mastery-view.mjs
build	Upload complete canonical site	2026-09-15T08:34:33.3695767Z ./releases/v0.54.0/site/game/ui/audio.mjs
build	Upload complete canonical site	2026-09-15T08:34:33.3696089Z ./releases/v0.54.0/site/game/ui/still-media-preview.mjs
build	Upload complete canonical site	2026-09-15T08:34:33.3696463Z ./releases/v0.54.0/site/game/ui/optional-chapters-panel.css
build	Upload complete canonical site	2026-09-15T08:34:33.3696824Z ./releases/v0.54.0/site/game/ui/modal-navigation.mjs
build	Upload complete canonical site	2026-09-15T08:34:33.3697152Z ./releases/v0.54.0/site/game/ui/story-dialog.mjs
build	Upload complete canonical site	2026-09-15T08:34:33.3697469Z ./releases/v0.54.0/site/game/ui/profile-recovery.mjs
build	Upload complete canonical site	2026-09-15T08:34:33.3697794Z ./releases/v0.54.0/site/game/ui/encounter-view.mjs
build	Upload complete canonical site	2026-09-15T08:34:33.3698133Z ./releases/v0.54.0/site/game/ui/still-media-catalog.mjs
build	Upload complete canonical site	2026-09-15T08:34:33.3698478Z ./releases/v0.54.0/site/game/ui/mission-picker.css
build	Upload complete canonical site	2026-09-15T08:34:33.3698798Z ./releases/v0.54.0/site/game/ui/victory-story.mjs
build	Upload complete canonical site	2026-09-15T08:34:33.3699130Z ./releases/v0.54.0/site/game/ui/mission-thumbnails.mjs
build	Upload complete canonical site	2026-09-15T08:34:33.3699607Z ./releases/v0.54.0/site/game/ui/controller-reading.mjs
build	Upload complete canonical site	2026-09-15T08:34:33.3699955Z ./releases/v0.54.0/site/game/ui/controller-preview.mjs
build	Upload complete canonical site	2026-09-15T08:34:33.3700290Z ./releases/v0.54.0/site/game/ui/mission-picker.mjs
build	Upload complete canonical site	2026-09-15T08:34:33.3700609Z ./releases/v0.54.0/site/game/ui/result-picture.mjs
build	Upload complete canonical site	2026-09-15T08:34:33.3700922Z ./releases/v0.54.0/site/game/ui/fullscreen.mjs
build	Upload complete canonical site	2026-09-15T08:34:33.3701246Z ./releases/v0.54.0/site/game/ui/soundtrack-panel.mjs
build	Upload complete canonical site	2026-09-15T08:34:33.3701580Z ./releases/v0.54.0/site/game/ui/enemy-body-assets.mjs
build	Upload complete canonical site	2026-09-15T08:34:33.3701888Z ./releases/v0.54.0/site/game/ui/art/
build	Upload complete canonical site	2026-09-15T08:34:33.3702164Z ./releases/v0.54.0/site/game/ui/art/field-kit/
build	Upload complete canonical site	2026-09-15T08:34:33.3702495Z ./releases/v0.54.0/site/game/ui/art/field-kit/prepared/
build	Upload complete canonical site	2026-09-15T08:34:33.3702914Z ./releases/v0.54.0/site/game/ui/art/field-kit/prepared/title-hangar-v1.png
build	Upload complete canonical site	2026-09-15T08:34:33.3703473Z ./releases/v0.54.0/site/game/ui/art/field-kit/prepared/title-hangar-portrait-v1.png
build	Upload complete canonical site	2026-09-15T08:34:33.3703958Z ./releases/v0.54.0/site/game/ui/controller-navigation.mjs
build	Upload complete canonical site	2026-09-15T08:34:33.3704327Z ./releases/v0.54.0/site/game/ui/still-media-panel.mjs
build	Upload complete canonical site	2026-09-15T08:34:33.3704695Z ./releases/v0.54.0/site/game/ui/profile-transfer-panel.mjs
build	Upload complete canonical site	2026-09-15T08:34:33.3705063Z ./releases/v0.54.0/site/game/ui/flight-pictures.mjs
build	Upload complete canonical site	2026-09-15T08:34:33.3705383Z ./releases/v0.54.0/site/game/ui/music.mjs
build	Upload complete canonical site	2026-09-15T08:34:33.3705835Z ./releases/v0.54.0/site/game/ui/enemy-workshop-return.mjs
build	Upload complete canonical site	2026-09-15T08:34:33.3706204Z ./releases/v0.54.0/site/game/ui/controller-settings.mjs
build	Upload complete canonical site	2026-09-15T08:34:33.3706557Z ./releases/v0.54.0/site/game/ui/field-kit-compiled.css
build	Upload complete canonical site	2026-09-15T08:34:33.3706906Z ./releases/v0.54.0/site/game/ui/field-kit-surfaces.css
build	Upload complete canonical site	2026-09-15T08:34:33.3707280Z ./releases/v0.54.0/site/game/ui/controller-boost-settings.mjs
build	Upload complete canonical site	2026-09-15T08:34:33.3707651Z ./releases/v0.54.0/site/game/ui/mission-brief.css
build	Upload complete canonical site	2026-09-15T08:34:33.3707972Z ./releases/v0.54.0/site/game/ui/celebration.mjs
build	Upload complete canonical site	2026-09-15T08:34:33.3708296Z ./releases/v0.54.0/site/game/ui/classic-view.mjs
build	Upload complete canonical site	2026-09-15T08:34:33.3708785Z ./releases/v0.54.0/site/game/ui/presentation-draw-image.mjs
build	Upload complete canonical site	2026-09-15T08:34:33.3709152Z ./releases/v0.54.0/site/game/ui/published-audio.mjs
build	Upload complete canonical site	2026-09-15T08:34:33.3709463Z ./releases/v0.54.0/site/game/ui/render.mjs
build	Upload complete canonical site	2026-09-15T08:34:33.3709798Z ./releases/v0.54.0/site/game/profile-original-recovery.mjs
build	Upload complete canonical site	2026-09-15T08:34:33.3710128Z ./releases/v0.54.0/site/game/mp3.mjs
build	Upload complete canonical site	2026-09-15T08:34:33.3710421Z ./releases/v0.54.0/site/game/controller-bindings.mjs
build	Upload complete canonical site	2026-09-15T08:34:33.3710743Z ./releases/v0.54.0/site/game/media-library.mjs
build	Upload complete canonical site	2026-09-15T08:34:33.3711051Z ./releases/v0.54.0/site/game/attempt-file.mjs
build	Upload complete canonical site	2026-09-15T08:34:33.3711338Z ./releases/v0.54.0/site/game/coop/
build	Upload complete canonical site	2026-09-15T08:34:33.3711636Z ./releases/v0.54.0/site/game/coop/threats.mjs
build	Upload complete canonical site	2026-09-15T08:34:33.3711938Z ./releases/v0.54.0/site/game/coop/geometry.mjs
build	Upload complete canonical site	2026-09-15T08:34:33.3712258Z ./releases/v0.54.0/site/game/coop/input-policy.mjs
build	Upload complete canonical site	2026-09-15T08:34:33.3712573Z ./releases/v0.54.0/site/game/coop/recipes.mjs
build	Upload complete canonical site	2026-09-15T08:34:33.3712887Z ./releases/v0.54.0/site/game/coop/relay-yard.mjs
build	Upload complete canonical site	2026-09-15T08:34:33.3713191Z ./releases/v0.54.0/site/game/coop/library.mjs
build	Upload complete canonical site	2026-09-15T08:34:33.3713490Z ./releases/v0.54.0/site/game/coop/core.mjs
build	Upload complete canonical site	2026-09-15T08:34:33.3713820Z ./releases/v0.54.0/site/game/coop/first-connection.mjs
build	Upload complete canonical site	2026-09-15T08:34:33.3714141Z ./releases/v0.54.0/site/game/playground/
build	Upload complete canonical site	2026-09-15T08:34:33.3714451Z ./releases/v0.54.0/site/game/playground/playground.css
build	Upload complete canonical site	2026-09-15T08:34:33.3714793Z ./releases/v0.54.0/site/game/playground/viewport.mjs
build	Upload complete canonical site	2026-09-15T08:34:33.3715145Z ./releases/v0.54.0/site/game/playground/board-view.mjs
build	Upload complete canonical site	2026-09-15T08:34:33.3715476Z ./releases/v0.54.0/site/game/playground/index.html
build	Upload complete canonical site	2026-09-15T08:34:33.3716097Z ./releases/v0.54.0/site/game/playground/control-geometry.mjs
build	Upload complete canonical site	2026-09-15T08:34:33.3716481Z ./releases/v0.54.0/site/game/playground/playground.mjs
build	Upload complete canonical site	2026-09-15T08:34:33.3716827Z ./releases/v0.54.0/site/game/playground/model.mjs
build	Upload complete canonical site	2026-09-15T08:34:33.3717170Z ./releases/v0.54.0/site/game/profile-channel-assets.mjs
build	Upload complete canonical site	2026-09-15T08:34:33.3717639Z ./releases/v0.54.0/site/game/backup.mjs
build	Upload complete canonical site	2026-09-15T08:34:33.3717914Z ./releases/v0.54.0/site/game/boot.mjs
build	Upload complete canonical site	2026-09-15T08:34:33.3718223Z ./releases/v0.54.0/site/game/difficulty-navigation.mjs
build	Upload complete canonical site	2026-09-15T08:34:33.3718557Z ./releases/v0.54.0/site/game/replay-player.mjs
build	Upload complete canonical site	2026-09-15T08:34:33.3718898Z ./releases/v0.54.0/site/game/soundtrack-store-legacy.mjs
build	Upload complete canonical site	2026-09-15T08:34:33.3719232Z ./releases/v0.54.0/site/game/mastery.mjs
build	Upload complete canonical site	2026-09-15T08:34:33.3719505Z ./releases/v0.54.0/site/game/core/
build	Upload complete canonical site	2026-09-15T08:34:33.3719798Z ./releases/v0.54.0/site/game/core/classic-state.mjs
build	Upload complete canonical site	2026-09-15T08:34:33.3720114Z ./releases/v0.54.0/site/game/core/capture.mjs
build	Upload complete canonical site	2026-09-15T08:34:33.3720414Z ./releases/v0.54.0/site/game/core/geometry.mjs
build	Upload complete canonical site	2026-09-15T08:34:33.3720716Z ./releases/v0.54.0/site/game/core/systems.mjs
build	Upload complete canonical site	2026-09-15T08:34:33.3721018Z ./releases/v0.54.0/site/game/core/encounter.mjs
build	Upload complete canonical site	2026-09-15T08:34:33.3721346Z ./releases/v0.54.0/site/game/core/classic-contour.mjs
build	Upload complete canonical site	2026-09-15T08:34:33.3721671Z ./releases/v0.54.0/site/game/core/level.mjs
build	Upload complete canonical site	2026-09-15T08:34:33.3721985Z ./releases/v0.54.0/site/game/core/registry.mjs
build	Upload complete canonical site	2026-09-15T08:34:33.3722305Z ./releases/v0.54.0/site/game/core/classic-topology.mjs
build	Upload complete canonical site	2026-09-15T08:34:33.3722649Z ./releases/v0.54.0/site/game/core/enemy-pressure.mjs
build	Upload complete canonical site	2026-09-15T08:34:33.3722980Z ./releases/v0.54.0/site/game/core/line-impact.mjs
build	Upload complete canonical site	2026-09-15T08:34:33.3723295Z ./releases/v0.54.0/site/game/core/contacts.mjs
build	Upload complete canonical site	2026-09-15T08:34:33.3723603Z ./releases/v0.54.0/site/game/core/classic-step.mjs
build	Upload complete canonical site	2026-09-15T08:34:33.3723929Z ./releases/v0.54.0/site/game/core/arcade-actions.mjs
build	Upload complete canonical site	2026-09-15T08:34:33.3724284Z ./releases/v0.54.0/site/game/core/abilities.mjs
build	Upload complete canonical site	2026-09-15T08:34:33.3724591Z ./releases/v0.54.0/site/game/core/versions.mjs
build	Upload complete canonical site	2026-09-15T08:34:33.3724879Z ./releases/v0.54.0/site/game/core/README.md
build	Upload complete canonical site	2026-09-15T08:34:33.3725155Z ./releases/v0.54.0/site/game/core/index.mjs
build	Upload complete canonical site	2026-09-15T08:34:33.3725439Z ./releases/v0.54.0/site/game/core/movement.mjs
build	Upload complete canonical site	2026-09-15T08:34:33.3726147Z ./releases/v0.54.0/site/game/core/classic-definition.mjs
build	Upload complete canonical site	2026-09-15T08:34:33.3726510Z ./releases/v0.54.0/site/game/core/classic-motion.mjs
build	Upload complete canonical site	2026-09-15T08:34:33.3726863Z ./releases/v0.54.0/site/game/character-presentations.mjs
build	Upload complete canonical site	2026-09-15T08:34:33.3727235Z ./releases/v0.54.0/site/game/external-chapter-pointer.mjs
build	Upload complete canonical site	2026-09-15T08:34:33.3727593Z ./releases/v0.54.0/site/game/external-chapter.mjs
build	Upload complete canonical site	2026-09-15T08:34:33.3727904Z ./releases/v0.54.0/site/game/build-info.json
build	Upload complete canonical site	2026-09-15T08:34:33.3728194Z ./releases/v0.54.0/site/game/text-size.mjs
build	Upload complete canonical site	2026-09-15T08:34:33.3728471Z ./releases/v0.54.0/site/game/content/
build	Upload complete canonical site	2026-09-15T08:34:33.3728784Z ./releases/v0.54.0/site/game/content/external-worlds.json
build	Upload complete canonical site	2026-09-15T08:34:33.3729151Z ./releases/v0.54.0/site/game/content/optional-worlds.json
build	Upload complete canonical site	2026-09-15T08:34:33.3729525Z ./releases/v0.54.0/site/game/content/recovery-catalogs.json
build	Upload complete canonical site	2026-09-15T08:34:33.3729877Z ./releases/v0.54.0/site/game/content/scenarios/
build	Upload complete canonical site	2026-09-15T08:34:33.3730259Z ./releases/v0.54.0/site/game/content/scenarios/line-impact-demo.json
build	Upload complete canonical site	2026-09-15T08:34:33.3730653Z ./releases/v0.54.0/site/game/content/themes.json
build	Upload complete canonical site	2026-09-15T08:34:33.3730957Z ./releases/v0.54.0/site/game/content/packs/
build	Upload complete canonical site	2026-09-15T08:34:33.3731290Z ./releases/v0.54.0/site/game/content/packs/night-shift.json
build	Upload complete canonical site	2026-09-15T08:34:33.3731711Z ./releases/v0.54.0/site/game/content/packs/fpv-pressure-frontier.json
build	Upload complete canonical site	2026-09-15T08:34:33.3759123Z ./releases/v0.54.0/site/game/content/packs/index.json
build	Upload complete canonical site	2026-09-15T08:34:33.3759647Z ./releases/v0.54.0/site/game/content/packs/fpv-arcade-r5.json
build	Upload complete canonical site	2026-09-15T08:34:33.3848924Z ./releases/v0.54.0/site/game/content/packs/archive-catalog.json
build	Upload complete canonical site	2026-09-15T08:34:33.3849517Z ./releases/v0.54.0/site/game/content/packs/fpv-arcade-r2.json
build	Upload complete canonical site	2026-09-15T08:34:33.3939184Z ./releases/v0.54.0/site/game/content/packs/classic-lab.json
build	Upload complete canonical site	2026-09-15T08:34:33.3939818Z ./releases/v0.54.0/site/game/content/packs/homeward-skies.json
build	Upload complete canonical site	2026-09-15T08:34:33.4026899Z ./releases/v0.54.0/site/game/content/packs/archive-index.json
build	Upload complete canonical site	2026-09-15T08:34:33.4027598Z ./releases/v0.54.0/site/game/content/packs/equipment-workshop.json
build	Upload complete canonical site	2026-09-15T08:34:33.4120422Z ./releases/v0.54.0/site/game/content/packs/fpv-arcade.json
build	Upload complete canonical site	2026-09-15T08:34:33.4216483Z ./releases/v0.54.0/site/game/content/packs/living-threads.json
build	Upload complete canonical site	2026-09-15T08:34:33.4217304Z ./releases/v0.54.0/site/game/content/packs/fpv-arcade-r4.json
build	Upload complete canonical site	2026-09-15T08:34:33.4314307Z ./releases/v0.54.0/site/game/content/packs/fieldcraft.json
build	Upload complete canonical site	2026-09-15T08:34:33.4315160Z ./releases/v0.54.0/site/game/content/packs/sentinel-relay.json
build	Upload complete canonical site	2026-09-15T08:34:33.4316210Z ./releases/v0.54.0/site/game/content/packs/fpv-arcade-r3.json
build	Upload complete canonical site	2026-09-15T08:34:33.4405312Z ./releases/v0.54.0/site/game/content/packs/catalog.json
build	Upload complete canonical site	2026-09-15T08:34:33.4406610Z ./releases/v0.54.0/site/game/content/enemy-presentations.json
build	Upload complete canonical site	2026-09-15T08:34:33.4407614Z ./releases/v0.54.0/site/game/content/campaign.json
build	Upload complete canonical site	2026-09-15T08:34:33.4408281Z ./releases/v0.54.0/site/game/content/classes.json
build	Upload complete canonical site	2026-09-15T08:34:33.4409173Z ./releases/v0.54.0/site/game/difficulty-access.mjs
build	Upload complete canonical site	2026-09-15T08:34:33.4410085Z ./releases/v0.54.0/site/game/story-receipts.mjs
build	Upload complete canonical site	2026-09-15T08:34:33.4410781Z ./releases/v0.54.0/site/game/index.html
build	Upload complete canonical site	2026-09-15T08:34:33.4411287Z ./releases/v0.54.0/site/game/offline.mjs
build	Upload complete canonical site	2026-09-15T08:34:33.4411794Z ./releases/v0.54.0/site/game/profile-recovery.mjs
build	Upload complete canonical site	2026-09-15T08:34:33.4412253Z ./releases/v0.54.0/site/game/continuation.mjs
build	Upload complete canonical site	2026-09-15T08:34:33.4412821Z ./releases/v0.54.0/site/game/first-flight.mjs
build	Upload complete canonical site	2026-09-15T08:34:33.4413365Z ./releases/v0.54.0/site/game/replay-theater/
build	Upload complete canonical site	2026-09-15T08:34:33.4414029Z ./releases/v0.54.0/site/game/replay-theater/data/
build	Upload complete canonical site	2026-09-15T08:34:33.4414759Z ./releases/v0.54.0/site/game/replay-theater/data/fieldcraft-02.replay.json
build	Upload complete canonical site	2026-09-15T08:34:33.4415577Z ./releases/v0.54.0/site/game/replay-theater/data/fieldcraft-04.replay.json
build	Upload complete canonical site	2026-09-15T08:34:33.4416757Z ./releases/v0.54.0/site/game/replay-theater/data/fieldcraft-03.replay.json
build	Upload complete canonical site	2026-09-15T08:34:33.4417377Z ./releases/v0.54.0/site/game/replay-theater/data/fieldcraft-01.replay.json
build	Upload complete canonical site	2026-09-15T08:34:33.4418123Z ./releases/v0.54.0/site/game/replay-theater/index.html
build	Upload complete canonical site	2026-09-15T08:34:33.4418535Z ./releases/v0.54.0/site/game/replay-theater/app.mjs
build	Upload complete canonical site	2026-09-15T08:34:33.4418993Z ./releases/v0.54.0/site/game/replay-theater/theater.css
build	Upload complete canonical site	2026-09-15T08:34:33.4419618Z ./releases/v0.54.0/site/game/replay-theater/navigation.mjs
build	Upload complete canonical site	2026-09-15T08:34:33.4420235Z ./releases/v0.54.0/site/game/backup-storage.mjs
build	Upload complete canonical site	2026-09-15T08:34:33.4420866Z ./releases/v0.54.0/site/game/profile-recovery.html
build	Upload complete canonical site	2026-09-15T08:34:33.4421403Z ./releases/v0.54.0/site/game/library.mjs
build	Upload complete canonical site	2026-09-15T08:34:33.4421897Z ./releases/v0.54.0/site/game/victory-story.mjs
build	Upload complete canonical site	2026-09-15T08:34:33.4422450Z ./releases/v0.54.0/site/game/enemy-catalog.mjs
build	Upload complete canonical site	2026-09-15T08:34:33.4422833Z ./releases/v0.54.0/site/game/mastery-catalog.mjs
build	Upload complete canonical site	2026-09-15T08:34:33.4423182Z ./releases/v0.54.0/site/game/profile-channel-reader.mjs
build	Upload complete canonical site	2026-09-15T08:34:33.4423828Z ./releases/v0.54.0/site/game/soundtrack-bundle.mjs
build	Upload complete canonical site	2026-09-15T08:34:33.4424299Z ./releases/v0.54.0/site/game/media-bundle.mjs
build	Upload complete canonical site	2026-09-15T08:34:33.4424912Z ./releases/v0.54.0/site/game/media-store.mjs
build	Upload complete canonical site	2026-09-15T08:34:33.4425482Z ./releases/v0.54.0/site/game/profile-channel.mjs
build	Upload complete canonical site	2026-09-15T08:34:33.4426105Z ./releases/v0.54.0/site/game/external-chapter-install.mjs
build	Upload complete canonical site	2026-09-15T08:34:33.4426461Z ./releases/v0.54.0/site/game/README.md
build	Upload complete canonical site	2026-09-15T08:34:33.4426959Z ./releases/v0.54.0/site/game/external-chapter-catalog.mjs
build	Upload complete canonical site	2026-09-15T08:34:33.4427316Z ./releases/v0.54.0/site/game/progress.mjs
build	Upload complete canonical site	2026-09-15T08:34:33.4427631Z ./releases/v0.54.0/site/game/collection-results.mjs
build	Upload complete canonical site	2026-09-15T08:34:33.4427963Z ./releases/v0.54.0/site/game/body-derivative.mjs
build	Upload complete canonical site	2026-09-15T08:34:33.4428616Z ./releases/v0.54.0/site/game/external-backup-assets.mjs
build	Upload complete canonical site	2026-09-15T08:34:33.4429264Z ./releases/v0.54.0/site/game/app.mjs
build	Upload complete canonical site	2026-09-15T08:34:33.4429799Z ./releases/v0.54.0/site/game/controller-boost.mjs
build	Upload complete canonical site	2026-09-15T08:34:33.4430295Z ./releases/v0.54.0/site/game/mastery-awards.mjs
build	Upload complete canonical site	2026-09-15T08:34:33.4430638Z ./releases/v0.54.0/site/game/external-chapter-host.mjs
build	Upload complete canonical site	2026-09-15T08:34:33.4430987Z ./releases/v0.54.0/site/game/campaign-contexts.mjs
build	Upload complete canonical site	2026-09-15T08:34:33.4431505Z ./releases/v0.54.0/site/game/attempt-export.mjs
build	Upload complete canonical site	2026-09-15T08:34:33.4432123Z ./releases/v0.54.0/site/game/picture-receipts.mjs
build	Upload complete canonical site	2026-09-15T08:34:33.4432716Z ./releases/v0.54.0/site/game/platform.mjs
build	Upload complete canonical site	2026-09-15T08:34:33.4433275Z ./releases/v0.54.0/site/game/mission-brief.mjs
build	Upload complete canonical site	2026-09-15T08:34:33.4433835Z ./releases/v0.54.0/site/game/packs.mjs
build	Upload complete canonical site	2026-09-15T08:34:33.4434403Z ./releases/v0.54.0/site/game/key-bindings.mjs
build	Upload complete canonical site	2026-09-15T08:34:33.4434968Z ./releases/v0.54.0/site/game/assets/
build	Upload complete canonical site	2026-09-15T08:34:33.4435375Z ./releases/v0.54.0/site/game/assets/field-kit/
build	Upload complete canonical site	2026-09-15T08:34:33.4435824Z ./releases/v0.54.0/site/game/assets/field-kit/icons/
build	Upload complete canonical site	2026-09-15T08:34:33.4436487Z ./releases/v0.54.0/site/game/assets/field-kit/icons/contact-sheet.png
build	Upload complete canonical site	2026-09-15T08:34:33.4437343Z ./releases/v0.54.0/site/game/assets/field-kit/icons/review.html
build	Upload complete canonical site	2026-09-15T08:34:33.4437947Z ./releases/v0.54.0/site/game/assets/field-kit/icons/review.mjs
build	Upload complete canonical site	2026-09-15T08:34:33.4438354Z ./releases/v0.54.0/site/game/assets/field-kit/sprites/
build	Upload complete canonical site	2026-09-15T08:34:33.4438805Z ./releases/v0.54.0/site/game/assets/field-kit/sprites/enemy-relay-sentinel.png
build	Upload complete canonical site	2026-09-15T08:34:33.4439729Z ./releases/v0.54.0/site/game/assets/field-kit/sprites/terrain-wall.png
build	Upload complete canonical site	2026-09-15T08:34:33.4440661Z ./releases/v0.54.0/site/game/assets/field-kit/sprites/enemy-eroder.png
build	Upload complete canonical site	2026-09-15T08:34:33.4441174Z ./releases/v0.54.0/site/game/assets/field-kit/sprites/enemy-border-patrol.png
build	Upload complete canonical site	2026-09-15T08:34:33.4441867Z ./releases/v0.54.0/site/game/assets/field-kit/sprites/player-bomber-detailed.png
build	Upload complete canonical site	2026-09-15T08:34:33.4442553Z ./releases/v0.54.0/site/game/assets/field-kit/sprites/pickup-objective.png
build	Upload complete canonical site	2026-09-15T08:34:33.4443199Z ./releases/v0.54.0/site/game/assets/field-kit/sprites/contact-sheet.png
build	Upload complete canonical site	2026-09-15T08:34:33.4443808Z ./releases/v0.54.0/site/game/assets/field-kit/sprites/sprites.json
build	Upload complete canonical site	2026-09-15T08:34:33.4444486Z ./releases/v0.54.0/site/game/assets/field-kit/sprites/pickup-supply.png
build	Upload complete canonical site	2026-09-15T08:34:33.4445225Z ./releases/v0.54.0/site/game/assets/field-kit/sprites/terrain-lethal.png
build	Upload complete canonical site	2026-09-15T08:34:33.4446038Z ./releases/v0.54.0/site/game/assets/field-kit/sprites/enemy-claimed-rover.png
build	Upload complete canonical site	2026-09-15T08:34:33.4446649Z ./releases/v0.54.0/site/game/assets/field-kit/sprites/enemy-contour-patrol.png
build	Upload complete canonical site	2026-09-15T08:34:33.4447511Z ./releases/v0.54.0/site/game/assets/field-kit/sprites/player-interceptor-compact.png
build	Upload complete canonical site	2026-09-15T08:34:33.4448465Z ./releases/v0.54.0/site/game/assets/field-kit/sprites/player-trapper-compact.png
build	Upload complete canonical site	2026-09-15T08:34:33.4449576Z ./releases/v0.54.0/site/game/assets/field-kit/sprites/player-fiber-compact.png
build	Upload complete canonical site	2026-09-15T08:34:33.4450688Z ./releases/v0.54.0/site/game/assets/field-kit/sprites/player-interceptor-detailed.png
build	Upload complete canonical site	2026-09-15T08:34:33.4451690Z ./releases/v0.54.0/site/game/assets/field-kit/sprites/pickup-freeze.png
build	Upload complete canonical site	2026-09-15T08:34:33.4452407Z ./releases/v0.54.0/site/game/assets/field-kit/sprites/review.html
build	Upload complete canonical site	2026-09-15T08:34:33.4452977Z ./releases/v0.54.0/site/game/assets/field-kit/sprites/player-impact-compact.png
build	Upload complete canonical site	2026-09-15T08:34:33.4453740Z ./releases/v0.54.0/site/game/assets/field-kit/sprites/player-bomber-compact.png
build	Upload complete canonical site	2026-09-15T08:34:33.4454282Z ./releases/v0.54.0/site/game/assets/field-kit/sprites/player-trapper-detailed.png
build	Upload complete canonical site	2026-09-15T08:34:33.4455022Z ./releases/v0.54.0/site/game/assets/field-kit/sprites/player-impact-detailed.png
build	Upload complete canonical site	2026-09-15T08:34:33.4456003Z ./releases/v0.54.0/site/game/assets/field-kit/sprites/pickup-life.png
build	Upload complete canonical site	2026-09-15T08:34:33.4456570Z ./releases/v0.54.0/site/game/assets/field-kit/sprites/enemy-bouncer.png
build	Upload complete canonical site	2026-09-15T08:34:33.4457031Z ./releases/v0.54.0/site/game/assets/field-kit/sprites/enemy-lane-boss.png
build	Upload complete canonical site	2026-09-15T08:34:33.4457492Z ./releases/v0.54.0/site/game/assets/field-kit/sprites/terrain-slow.png
build	Upload complete canonical site	2026-09-15T08:34:33.4457966Z ./releases/v0.54.0/site/game/assets/field-kit/sprites/player-fiber-detailed.png
build	Upload complete canonical site	2026-09-15T08:34:33.4458446Z ./releases/v0.54.0/site/game/assets/field-kit/sprites/pickup-speed.png
build	Upload complete canonical site	2026-09-15T08:34:33.4458924Z ./releases/v0.54.0/site/game/assets/field-kit/sprites/player-carrier-compact.png
build	Upload complete canonical site	2026-09-15T08:34:33.4459607Z ./releases/v0.54.0/site/game/assets/field-kit/sprites/player-scout-compact.png
build	Upload complete canonical site	2026-09-15T08:34:33.4460074Z ./releases/v0.54.0/site/game/assets/field-kit/sprites/pickup-slow.png
build	Upload complete canonical site	2026-09-15T08:34:33.4460546Z ./releases/v0.54.0/site/game/assets/field-kit/sprites/player-scout-detailed.png
build	Upload complete canonical site	2026-09-15T08:34:33.4461067Z ./releases/v0.54.0/site/game/assets/field-kit/sprites/player-carrier-detailed.png
build	Upload complete canonical site	2026-09-15T08:34:33.4461486Z ./releases/v0.54.0/site/game/multiplayer.mjs
build	Upload complete canonical site	2026-09-15T08:34:33.4461799Z ./releases/v0.54.0/site/game/storage.mjs
build	Upload complete canonical site	2026-09-15T08:34:33.4462083Z ./releases/v0.54.0/site/game/style.css
build	Upload complete canonical site	2026-09-15T08:34:33.4462349Z ./releases/v0.54.0/site/game/sessions.mjs
build	Upload complete canonical site	2026-09-15T08:34:33.4462633Z ./releases/v0.54.0/site/game/soundtrack.mjs
build	Upload complete canonical site	2026-09-15T08:34:33.4462913Z ./releases/v0.54.0/site/game/imports.mjs
build	Upload complete canonical site	2026-09-15T08:34:33.4463240Z ./releases/v0.54.0/site/game/external-recovery-catalog.mjs
build	Upload complete canonical site	2026-09-15T08:34:33.4463593Z ./releases/v0.54.0/site/game/text-face.mjs
build	Upload complete canonical site	2026-09-15T08:34:33.4463884Z ./releases/v0.54.0/site/service-worker.js
build	Upload complete canonical site	2026-09-15T08:34:33.4464155Z ./releases/v0.54.0/site/docs/
build	Upload complete canonical site	2026-09-15T08:34:33.4464441Z ./releases/v0.54.0/site/docs/field-kit-production.md
build	Upload complete canonical site	2026-09-15T08:34:33.4464789Z ./releases/v0.54.0/site/docs/field-kit-sprites.md
build	Upload complete canonical site	2026-09-15T08:34:33.4465115Z ./releases/v0.54.0/site/docs/field-kit-icons.md
build	Upload complete canonical site	2026-09-15T08:34:33.4465416Z ./releases/v0.54.0/site/docs/verification/
build	Upload complete canonical site	2026-09-15T08:34:33.4466049Z ./releases/v0.54.0/site/docs/verification/fpv-redesign/
build	Upload complete canonical site	2026-09-15T08:34:33.4466479Z ./releases/v0.54.0/site/docs/verification/fpv-redesign/baseline/
build	Upload complete canonical site	2026-09-15T08:34:33.4467005Z ./releases/v0.54.0/site/docs/verification/fpv-redesign/baseline/pause-desktop.jpg
build	Upload complete canonical site	2026-09-15T08:34:33.4467557Z ./releases/v0.54.0/site/docs/verification/fpv-redesign/baseline/briefing-phone.jpg
build	Upload complete canonical site	2026-09-15T08:34:33.4468093Z ./releases/v0.54.0/site/docs/verification/fpv-redesign/baseline/title-desktop.jpg
build	Upload complete canonical site	2026-09-15T08:34:33.4468812Z ./releases/v0.54.0/site/docs/verification/fpv-redesign/baseline/title-phone.jpg
build	Upload complete canonical site	2026-09-15T08:34:33.4469346Z ./releases/v0.54.0/site/docs/verification/fpv-redesign/baseline/missions-phone.jpg
build	Upload complete canonical site	2026-09-15T08:34:33.4469868Z ./releases/v0.54.0/site/docs/verification/fpv-redesign/baseline/inventory.json
build	Upload complete canonical site	2026-09-15T08:34:33.4470405Z ./releases/v0.54.0/site/docs/verification/fpv-redesign/baseline/settings-desktop.jpg
build	Upload complete canonical site	2026-09-15T08:34:33.4470952Z ./releases/v0.54.0/site/docs/verification/fpv-redesign/baseline/flight-desktop.jpg
build	Upload complete canonical site	2026-09-15T08:34:33.4471492Z ./releases/v0.54.0/site/docs/verification/fpv-redesign/baseline/missions-desktop.jpg
build	Upload complete canonical site	2026-09-15T08:34:33.4472002Z ./releases/v0.54.0/site/docs/verification/fpv-redesign/baseline/README.md
build	Upload complete canonical site	2026-09-15T08:34:33.4472418Z ./releases/v0.54.0/site/docs/field-kit-reveals.md
build	Upload complete canonical site	2026-09-15T08:34:33.4472756Z ./releases/v0.54.0/site/docs/fpv-redesign-design.md
build	Upload complete canonical site	2026-09-15T08:34:33.4473098Z ./releases/v0.54.0/site/docs/fpv-reveal-art-audit.md
build	Upload complete canonical site	2026-09-15T08:34:33.4473437Z ./releases/v0.54.0/site/docs/field-kit-surfaces.md
build	Upload complete canonical site	2026-09-15T08:34:33.4473788Z ./releases/v0.54.0/site/docs/presentation-system.md
build	Upload complete canonical site	2026-09-15T08:34:33.4474152Z ./releases/v0.54.0/site/docs/presentation-audio-and-ui.md
build	Upload complete canonical site	2026-09-15T08:34:33.4474504Z ./releases/v0.54.0/site/docs/asset-studio.md
build	Upload complete canonical site	2026-09-15T08:34:33.4474825Z ./releases/v0.54.0/site/docs/presentation-runtime.md
build	Upload complete canonical site	2026-09-15T08:34:33.4475161Z ./releases/v0.54.0/site/docs/fpv-typography.md
build	Upload complete canonical site	2026-09-15T08:34:33.4475479Z ./releases/v0.54.0/site/docs/field-kit-title-v2.md
build	Upload complete canonical site	2026-09-15T08:34:33.4475944Z ./releases/v0.54.0/site/manifest.webmanifest
build	Upload complete canonical site	2026-09-15T08:34:33.4476235Z ./releases/v0.54.0/site/_headers
build	Upload complete canonical site	2026-09-15T08:34:33.4476523Z ./releases/v0.54.0/site/distribution.zip.sha256
build	Upload complete canonical site	2026-09-15T08:34:33.4476819Z ./releases/v0.54.0/release.json
build	Upload complete canonical site	2026-09-15T08:34:33.4477057Z ./releases/v0.55.0/
build	Upload complete canonical site	2026-09-15T08:34:33.4477268Z ./releases/v0.55.0/site/
build	Upload complete canonical site	2026-09-15T08:34:33.4477495Z ./releases/v0.55.0/site/site/
build	Upload complete canonical site	2026-09-15T08:34:33.4477749Z ./releases/v0.55.0/site/site/about.html
build	Upload complete canonical site	2026-09-15T08:34:33.4478183Z ./releases/v0.55.0/site/site/release-catalog.css
build	Upload complete canonical site	2026-09-15T08:34:33.4478499Z ./releases/v0.55.0/site/site/release-links.mjs
build	Upload complete canonical site	2026-09-15T08:34:33.4478791Z ./releases/v0.55.0/site/site/launch.mjs
build	Upload complete canonical site	2026-09-15T08:34:33.4479069Z ./releases/v0.55.0/site/site/landing.css
build	Upload complete canonical site	2026-09-15T08:34:33.4479349Z ./releases/v0.55.0/site/site/landing.mjs
build	Upload complete canonical site	2026-09-15T08:34:33.4479622Z ./releases/v0.55.0/site/manifest.json
build	Upload complete canonical site	2026-09-15T08:34:33.4479889Z ./releases/v0.55.0/site/optional/
build	Upload complete canonical site	2026-09-15T08:34:33.4480185Z ./releases/v0.55.0/site/optional/external-chapters/
build	Upload complete canonical site	2026-09-15T08:34:33.4480608Z ./releases/v0.55.0/site/optional/external-chapters/fracture-lines-retro/
build	Upload complete canonical site	2026-09-15T08:34:33.4481128Z ./releases/v0.55.0/site/optional/external-chapters/fracture-lines-retro/pack.json
build	Upload complete canonical site	2026-09-15T08:34:33.4481681Z ./releases/v0.55.0/site/optional/external-chapters/fracture-lines-retro/media.rlmedia
build	Upload complete canonical site	2026-09-15T08:34:33.4533337Z ./releases/v0.55.0/site/optional/external-chapters/sentinel-circuit-coupa/
build	Upload complete canonical site	2026-09-15T08:34:33.4534573Z ./releases/v0.55.0/site/optional/external-chapters/sentinel-circuit-coupa/pack.json
build	Upload complete canonical site	2026-09-15T08:34:33.4535991Z ./releases/v0.55.0/site/optional/external-chapters/sentinel-circuit-coupa/media.rlmedia
build	Upload complete canonical site	2026-09-15T08:34:33.4609378Z ./releases/v0.55.0/site/optional/external-chapters/sentinel-circuit-retro/
build	Upload complete canonical site	2026-09-15T08:34:33.4610524Z ./releases/v0.55.0/site/optional/external-chapters/sentinel-circuit-retro/pack.json
build	Upload complete canonical site	2026-09-15T08:34:33.4611644Z ./releases/v0.55.0/site/optional/external-chapters/sentinel-circuit-retro/media.rlmedia
build	Upload complete canonical site	2026-09-15T08:34:33.4669861Z ./releases/v0.55.0/site/optional/external-chapters/countercurrent-fpv/
build	Upload complete canonical site	2026-09-15T08:34:33.4670874Z ./releases/v0.55.0/site/optional/external-chapters/countercurrent-fpv/pack.json
build	Upload complete canonical site	2026-09-15T08:34:33.4671987Z ./releases/v0.55.0/site/optional/external-chapters/countercurrent-fpv/media.rlmedia
build	Upload complete canonical site	2026-09-15T08:34:33.4726942Z ./releases/v0.55.0/site/optional/external-chapters/sentinel-circuit-ukraine/
build	Upload complete canonical site	2026-09-15T08:34:33.4728184Z ./releases/v0.55.0/site/optional/external-chapters/sentinel-circuit-ukraine/pack.json
build	Upload complete canonical site	2026-09-15T08:34:33.4730029Z ./releases/v0.55.0/site/optional/external-chapters/sentinel-circuit-ukraine/media.rlmedia
build	Upload complete canonical site	2026-09-15T08:34:33.4791021Z ./releases/v0.55.0/site/optional/external-chapters/route-worlds-ukraine/
build	Upload complete canonical site	2026-09-15T08:34:33.4792398Z ./releases/v0.55.0/site/optional/external-chapters/route-worlds-ukraine/pack.json
build	Upload complete canonical site	2026-09-15T08:34:33.4793740Z ./releases/v0.55.0/site/optional/external-chapters/route-worlds-ukraine/media.rlmedia
build	Upload complete canonical site	2026-09-15T08:34:33.4861362Z ./releases/v0.55.0/site/optional/external-chapters/original-fpv-pressure-external/
build	Upload complete canonical site	2026-09-15T08:34:33.4862568Z ./releases/v0.55.0/site/optional/external-chapters/original-fpv-pressure-external/pack.json
build	Upload complete canonical site	2026-09-15T08:34:33.4863757Z ./releases/v0.55.0/site/optional/external-chapters/original-fpv-pressure-external/media.rlmedia
build	Upload complete canonical site	2026-09-15T08:34:33.4924879Z ./releases/v0.55.0/site/optional/external-chapters/countercurrent-retro/
build	Upload complete canonical site	2026-09-15T08:34:33.4926238Z ./releases/v0.55.0/site/optional/external-chapters/countercurrent-retro/pack.json
build	Upload complete canonical site	2026-09-15T08:34:33.4927394Z ./releases/v0.55.0/site/optional/external-chapters/countercurrent-retro/media.rlmedia
build	Upload complete canonical site	2026-09-15T08:34:33.4984863Z ./releases/v0.55.0/site/optional/external-chapters/route-worlds-retro/
build	Upload complete canonical site	2026-09-15T08:34:33.4986164Z ./releases/v0.55.0/site/optional/external-chapters/route-worlds-retro/pack.json
build	Upload complete canonical site	2026-09-15T08:34:33.4987249Z ./releases/v0.55.0/site/optional/external-chapters/route-worlds-retro/media.rlmedia
build	Upload complete canonical site	2026-09-15T08:34:33.5044633Z ./releases/v0.55.0/site/optional/external-chapters/countercurrent-ukraine/
build	Upload complete canonical site	2026-09-15T08:34:33.5045938Z ./releases/v0.55.0/site/optional/external-chapters/countercurrent-ukraine/pack.json
build	Upload complete canonical site	2026-09-15T08:34:33.5047040Z ./releases/v0.55.0/site/optional/external-chapters/countercurrent-ukraine/media.rlmedia
build	Upload complete canonical site	2026-09-15T08:34:33.5111199Z ./releases/v0.55.0/site/optional/external-chapters/route-worlds-coupa/
build	Upload complete canonical site	2026-09-15T08:34:33.5112218Z ./releases/v0.55.0/site/optional/external-chapters/route-worlds-coupa/pack.json
build	Upload complete canonical site	2026-09-15T08:34:33.5113635Z ./releases/v0.55.0/site/optional/external-chapters/route-worlds-coupa/media.rlmedia
build	Upload complete canonical site	2026-09-15T08:34:33.5176911Z ./releases/v0.55.0/site/optional/external-chapters/fracture-lines-ukraine/
build	Upload complete canonical site	2026-09-15T08:34:33.5177995Z ./releases/v0.55.0/site/optional/external-chapters/fracture-lines-ukraine/pack.json
build	Upload complete canonical site	2026-09-15T08:34:33.5179098Z ./releases/v0.55.0/site/optional/external-chapters/fracture-lines-ukraine/media.rlmedia
build	Upload complete canonical site	2026-09-15T08:34:33.5245574Z ./releases/v0.55.0/site/optional/external-chapters/fracture-lines-fpv/
build	Upload complete canonical site	2026-09-15T08:34:33.5246891Z ./releases/v0.55.0/site/optional/external-chapters/fracture-lines-fpv/pack.json
build	Upload complete canonical site	2026-09-15T08:34:33.5247958Z ./releases/v0.55.0/site/optional/external-chapters/fracture-lines-fpv/media.rlmedia
build	Upload complete canonical site	2026-09-15T08:34:33.5314344Z ./releases/v0.55.0/site/optional/external-chapters/fracture-lines-coupa/
build	Upload complete canonical site	2026-09-15T08:34:33.5315362Z ./releases/v0.55.0/site/optional/external-chapters/fracture-lines-coupa/pack.json
build	Upload complete canonical site	2026-09-15T08:34:33.5316715Z ./releases/v0.55.0/site/optional/external-chapters/fracture-lines-coupa/media.rlmedia
build	Upload complete canonical site	2026-09-15T08:34:33.5384911Z ./releases/v0.55.0/site/optional/external-chapters/countercurrent-coupa/
build	Upload complete canonical site	2026-09-15T08:34:33.5386219Z ./releases/v0.55.0/site/optional/external-chapters/countercurrent-coupa/pack.json
build	Upload complete canonical site	2026-09-15T08:34:33.5387290Z ./releases/v0.55.0/site/optional/external-chapters/countercurrent-coupa/media.rlmedia
build	Upload complete canonical site	2026-09-15T08:34:33.5452162Z ./releases/v0.55.0/site/optional/external-chapters/sentinel-circuit-fpv/
build	Upload complete canonical site	2026-09-15T08:34:33.5453220Z ./releases/v0.55.0/site/optional/external-chapters/sentinel-circuit-fpv/pack.json
build	Upload complete canonical site	2026-09-15T08:34:33.5454295Z ./releases/v0.55.0/site/optional/external-chapters/sentinel-circuit-fpv/media.rlmedia
build	Upload complete canonical site	2026-09-15T08:34:33.5519409Z ./releases/v0.55.0/site/authoring/
build	Upload complete canonical site	2026-09-15T08:34:33.5519941Z ./releases/v0.55.0/site/authoring/library/
build	Upload complete canonical site	2026-09-15T08:34:33.5520521Z ./releases/v0.55.0/site/authoring/library/fpv-field-kit/
build	Upload complete canonical site	2026-09-15T08:34:33.5521208Z ./releases/v0.55.0/site/authoring/library/fpv-field-kit/prepared/
build	Upload complete canonical site	2026-09-15T08:34:33.5522284Z ./releases/v0.55.0/site/authoring/library/fpv-field-kit/prepared/reveals/
build	Upload complete canonical site	2026-09-15T08:34:33.5522827Z ./releases/v0.55.0/site/authoring/library/fpv-field-kit/prepared/reveals/review.html
build	Upload complete canonical site	2026-09-15T08:34:33.5523397Z ./releases/v0.55.0/site/authoring/library/fpv-field-kit/prepared/reveals/review.mjs
build	Upload complete canonical site	2026-09-15T08:34:33.5524391Z ./releases/v0.55.0/site/authoring/library/fpv-field-kit/prepared/reveals/reveals.json
build	Upload complete canonical site	2026-09-15T08:34:33.5525077Z ./releases/v0.55.0/site/authoring/library/fpv-role-presentations/
build	Upload complete canonical site	2026-09-15T08:34:33.5525561Z ./releases/v0.55.0/site/authoring/library/fpv-role-presentations/originals/
build	Upload complete canonical site	2026-09-15T08:34:33.5526382Z ./releases/v0.55.0/site/authoring/library/fpv-role-presentations/originals/scout.png
build	Upload complete canonical site	2026-09-15T08:34:33.5531135Z ./releases/v0.55.0/site/authoring/library/fpv-role-presentations/originals/fiber.png
build	Upload complete canonical site	2026-09-15T08:34:33.5538854Z ./releases/v0.55.0/site/authoring/library/fpv-role-presentations/originals/carrier.png
build	Upload complete canonical site	2026-09-15T08:34:33.5545346Z ./releases/v0.55.0/site/authoring/library/fpv-role-presentations/originals/impact.png
build	Upload complete canonical site	2026-09-15T08:34:33.5551113Z ./releases/v0.55.0/site/authoring/library/fpv-role-presentations/originals/bomber.png
build	Upload complete canonical site	2026-09-15T08:34:33.5558666Z ./releases/v0.55.0/site/authoring/library/fpv-role-presentations/originals/trapper.png
build	Upload complete canonical site	2026-09-15T08:34:33.5567543Z ./releases/v0.55.0/site/authoring/library/fpv-role-presentations/originals/interceptor.png
build	Upload complete canonical site	2026-09-15T08:34:33.5573049Z ./releases/v0.55.0/site/authoring/library/four-worlds-chapters/
build	Upload complete canonical site	2026-09-15T08:34:33.5573786Z ./releases/v0.55.0/site/authoring/library/four-worlds-chapters/packs/
build	Upload complete canonical site	2026-09-15T08:34:33.5574365Z ./releases/v0.55.0/site/authoring/library/four-worlds-chapters/packs/original-ukraine-atlas.json
build	Upload complete canonical site	2026-09-15T08:34:33.5670345Z ./releases/v0.55.0/site/authoring/library/four-worlds-chapters/packs/original-spend-network.json
build	Upload complete canonical site	2026-09-15T08:34:33.5755952Z ./releases/v0.55.0/site/authoring/library/four-worlds-chapters/packs/original-retro-1994.json
build	Upload complete canonical site	2026-09-15T08:34:33.5836861Z ./releases/v0.55.0/site/authoring/library/four-worlds-chapters/packs/original-fpv-pressure.json
build	Upload complete canonical site	2026-09-15T08:34:33.5919722Z ./releases/v0.55.0/site/authoring/library/runtime-sprite-candidates-v1/
build	Upload complete canonical site	2026-09-15T08:34:33.5920939Z ./releases/v0.55.0/site/authoring/library/runtime-sprite-candidates-v1/export/
build	Upload complete canonical site	2026-09-15T08:34:33.5923095Z ./releases/v0.55.0/site/authoring/library/runtime-sprite-candidates-v1/export/fpv-compact-eroder-v1-29502a902fadb1d6e1ddf8c4426e61fc5fff9613d3c8608ebfbd55848d5e3720.png
build	Upload complete canonical site	2026-09-15T08:34:33.5925952Z ./releases/v0.55.0/site/authoring/library/runtime-sprite-candidates-v1/export/fpv-compact-claimed-rover-v1-ddb9f5264822eceb35dcbfa80145c74a3e6d22a547d3171fdfa5095718e90106.png
build	Upload complete canonical site	2026-09-15T08:34:33.5927893Z ./releases/v0.55.0/site/authoring/library/runtime-sprite-candidates-v1/export/manifest.json
build	Upload complete canonical site	2026-09-15T08:34:33.5929813Z ./releases/v0.55.0/site/authoring/library/runtime-sprite-candidates-v1/export/fpv-compact-relay-sentinel-v1-9640e613855c6001aa5d2a23550237a6a3235a6637a8a248a7d7cdbc21d534db.png
build	Upload complete canonical site	2026-09-15T08:34:33.5932455Z ./releases/v0.55.0/site/authoring/library/runtime-sprite-candidates-v1/export/atlas-weaver-shuttle-v3-39c737ed85d1df0c61bb05fce6424d36ea93f452ca19c7542253f37442e914aa.png
build	Upload complete canonical site	2026-09-15T08:34:33.5934874Z ./releases/v0.55.0/site/authoring/library/runtime-sprite-candidates-v1/export/fpv-compact-lane-boss-v1-e44630c2356c86db2611116dde6d12ea121d22aefef263932fabb719fc8e5dfd.png
build	Upload complete canonical site	2026-09-15T08:34:33.5937287Z ./releases/v0.55.0/site/authoring/library/runtime-sprite-candidates-v1/export/atlas-pottery-courier-v1-86089f57441d33c4153d8da5246f5e5c3822c9304d8e7b9a761ae17e5a217ea2.png
build	Upload complete canonical site	2026-09-15T08:34:33.5938625Z ./releases/v0.55.0/site/authoring/library/runtime-sprite-candidates-v1/export/fpv-compact-border-patrol-v1-537de86076d2fa4141f1c37b23774015da66431657a8ff2db3193d66e0c7ade1.png
build	Upload complete canonical site	2026-09-15T08:34:33.5939913Z ./releases/v0.55.0/site/authoring/library/runtime-sprite-candidates-v1/export/atlas-carved-chest-v1-1e68e385ea2166b999e7b9041eabaf90d7b5b552a0034cdce576ddc123cbd91b.png
build	Upload complete canonical site	2026-09-15T08:34:33.5941408Z ./releases/v0.55.0/site/authoring/library/runtime-sprite-candidates-v1/export/atlas-woven-basket-v1-3604eeef2dfbdf02c26f8ae8d86984cb453c52574bfd9dd87d28df015f9c50ac.png
build	Upload complete canonical site	2026-09-15T08:34:33.5942631Z ./releases/v0.55.0/site/authoring/library/runtime-sprite-candidates-v1/export/fpv-compact-hunter-v1-e7445fff125f6827c5106853067d1ff099b16e30cfc0acdbb501dabe81f6a914.png
build	Upload complete canonical site	2026-09-15T08:34:33.5943859Z ./releases/v0.55.0/site/authoring/library/runtime-sprite-candidates-v1/export/atlas-falcon-crest-v3-f3ce0fa984bb43f3a3fa69734c60df3dfa6c8a148f0b1d32778407b92c93a648.png
build	Upload complete canonical site	2026-09-15T08:34:33.5945091Z ./releases/v0.55.0/site/authoring/library/runtime-sprite-candidates-v1/export/atlas-bell-warden-v1-aaa88f04dccaa141ffb121acbb6e1b4eb9b89c0ace3e8ebddc172ba4294eabce.png
build	Upload complete canonical site	2026-09-15T08:34:33.5946560Z ./releases/v0.55.0/site/authoring/library/runtime-sprite-candidates-v1/export/atlas-swallow-v3-e01a6c53d78acf164d04878b73f06de18cfed676b894bd7353a708fd1005aaf7.png
build	Upload complete canonical site	2026-09-15T08:34:33.5947845Z ./releases/v0.55.0/site/authoring/library/runtime-sprite-candidates-v1/export/fpv-compact-contour-patrol-v1-9df94fb4dcfee56fffc16d15eda5d75ff2fc06a52a7754949ca5fc9e0607a20f.png
build	Upload complete canonical site	2026-09-15T08:34:33.5948741Z ./releases/v0.55.0/site/authoring/library/tactical-teaching/
build	Upload complete canonical site	2026-09-15T08:34:33.5949202Z ./releases/v0.55.0/site/authoring/library/tactical-teaching/scenarios/
build	Upload complete canonical site	2026-09-15T08:34:33.5949777Z ./releases/v0.55.0/site/authoring/library/tactical-teaching/scenarios/tactical-borrowed-seconds.json
build	Upload complete canonical site	2026-09-15T08:34:33.5950450Z ./releases/v0.55.0/site/authoring/library/tactical-teaching/scenarios/tactical-quiet-crossing.json
build	Upload complete canonical site	2026-09-15T08:34:33.5951114Z ./releases/v0.55.0/site/authoring/library/tactical-teaching/scenarios/tactical-read-clearing.json
build	Upload complete canonical site	2026-09-15T08:34:33.5951647Z ./releases/v0.55.0/site/authoring/library/fpv-route-choices/
build	Upload complete canonical site	2026-09-15T08:34:33.5952064Z ./releases/v0.55.0/site/authoring/library/fpv-route-choices/packs/
build	Upload complete canonical site	2026-09-15T08:34:33.5952582Z ./releases/v0.55.0/site/authoring/library/fpv-route-choices/packs/fpv-route-choices.json
build	Upload complete canonical site	2026-09-15T08:34:33.6029415Z ./releases/v0.55.0/site/authoring/motion-lab/
build	Upload complete canonical site	2026-09-15T08:34:33.6030219Z ./releases/v0.55.0/site/authoring/motion-lab/collection.mjs
build	Upload complete canonical site	2026-09-15T08:34:33.6031095Z ./releases/v0.55.0/site/authoring/motion-lab/render-character.mjs
build	Upload complete canonical site	2026-09-15T08:34:33.6031951Z ./releases/v0.55.0/site/authoring/motion-lab/steering.mjs
build	Upload complete canonical site	2026-09-15T08:34:33.6032811Z ./releases/v0.55.0/site/authoring/motion-lab/collection-presets.json
build	Upload complete canonical site	2026-09-15T08:34:33.6033670Z ./releases/v0.55.0/site/authoring/motion-lab/ability-presets.json
build	Upload complete canonical site	2026-09-15T08:34:33.6034356Z ./releases/v0.55.0/site/authoring/motion-lab/animation.mjs
build	Upload complete canonical site	2026-09-15T08:34:33.6034985Z ./releases/v0.55.0/site/authoring/motion-lab/motion.mjs
build	Upload complete canonical site	2026-09-15T08:34:33.6035599Z ./releases/v0.55.0/site/authoring/motion-lab/render-ability.mjs
build	Upload complete canonical site	2026-09-15T08:34:33.6036194Z ./releases/v0.55.0/site/authoring/motion-lab/index.html
build	Upload complete canonical site	2026-09-15T08:34:33.6036558Z ./releases/v0.55.0/site/authoring/motion-lab/presets.json
build	Upload complete canonical site	2026-09-15T08:34:33.6036954Z ./releases/v0.55.0/site/authoring/motion-lab/app.js
build	Upload complete canonical site	2026-09-15T08:34:33.6037301Z ./releases/v0.55.0/site/authoring/motion-lab/styles.css
build	Upload complete canonical site	2026-09-15T08:34:33.6037655Z ./releases/v0.55.0/site/authoring/motion-lab/ability.mjs
build	Upload complete canonical site	2026-09-15T08:34:33.6038029Z ./releases/v0.55.0/site/authoring/motion-lab/grid-motion.mjs
build	Upload complete canonical site	2026-09-15T08:34:33.6038612Z ./releases/v0.55.0/site/authoring/motion-lab/assets/
build	Upload complete canonical site	2026-09-15T08:34:33.6039271Z ./releases/v0.55.0/site/authoring/motion-lab/assets/navi-avatar.png
build	Upload complete canonical site	2026-09-15T08:34:33.6039829Z ./releases/v0.55.0/site/authoring/motion-lab/assets/delta-interceptor.png
build	Upload complete canonical site	2026-09-15T08:34:33.6042780Z ./releases/v0.55.0/site/authoring/motion-lab/assets/ukrainian-bird.png
build	Upload complete canonical site	2026-09-15T08:34:33.6045444Z ./releases/v0.55.0/site/authoring/motion-lab/assets/fixedwing-body.png
build	Upload complete canonical site	2026-09-15T08:34:33.6048952Z ./releases/v0.55.0/site/authoring/motion-lab/assets/scout-quad.png
build	Upload complete canonical site	2026-09-15T08:34:33.6054159Z ./releases/v0.55.0/site/authoring/motion-lab/assets/fpv-body.png
build	Upload complete canonical site	2026-09-15T08:34:33.6059785Z ./releases/v0.55.0/site/authoring/motion-lab/assets/heavy-lift.png
build	Upload complete canonical site	2026-09-15T08:34:33.6066171Z ./releases/v0.55.0/site/authoring/motion-lab/assets/fpv-night.png
build	Upload complete canonical site	2026-09-15T08:34:33.6071149Z ./releases/v0.55.0/site/authoring/motion-lab/assets/retro-craft.png
build	Upload complete canonical site	2026-09-15T08:34:33.6075119Z ./releases/v0.55.0/site/authoring/motion-lab/assets/fpv-racer.png
build	Upload complete canonical site	2026-09-15T08:34:33.6082568Z ./releases/v0.55.0/site/authoring/video-poster/
build	Upload complete canonical site	2026-09-15T08:34:33.6083192Z ./releases/v0.55.0/site/authoring/video-poster/workshop.mjs
build	Upload complete canonical site	2026-09-15T08:34:33.6083847Z ./releases/v0.55.0/site/authoring/video-poster/launch.js
build	Upload complete canonical site	2026-09-15T08:34:33.6084492Z ./releases/v0.55.0/site/authoring/video-poster/workshop.css
build	Upload complete canonical site	2026-09-15T08:34:33.6085135Z ./releases/v0.55.0/site/authoring/video-poster/index.html
build	Upload complete canonical site	2026-09-15T08:34:33.6085905Z ./releases/v0.55.0/site/authoring/design-atlas/
build	Upload complete canonical site	2026-09-15T08:34:33.6086494Z ./releases/v0.55.0/site/authoring/design-atlas/atlas.css
build	Upload complete canonical site	2026-09-15T08:34:33.6087159Z ./releases/v0.55.0/site/authoring/design-atlas/reveal-audit.mjs
build	Upload complete canonical site	2026-09-15T08:34:33.6087851Z ./releases/v0.55.0/site/authoring/design-atlas/atlas.mjs
build	Upload complete canonical site	2026-09-15T08:34:33.6088504Z ./releases/v0.55.0/site/authoring/design-atlas/reveal-audit.json
build	Upload complete canonical site	2026-09-15T08:34:33.6089174Z ./releases/v0.55.0/site/authoring/design-atlas/index.html
build	Upload complete canonical site	2026-09-15T08:34:33.6089904Z ./releases/v0.55.0/site/authoring/design-atlas/reveal-production-plan.json
build	Upload complete canonical site	2026-09-15T08:34:33.6090542Z ./releases/v0.55.0/site/authoring/design-atlas/reveal-audit.html
build	Upload complete canonical site	2026-09-15T08:34:33.6090914Z ./releases/v0.55.0/site/authoring/still-media/
build	Upload complete canonical site	2026-09-15T08:34:33.6091260Z ./releases/v0.55.0/site/authoring/still-media/workshop.mjs
build	Upload complete canonical site	2026-09-15T08:34:33.6091627Z ./releases/v0.55.0/site/authoring/still-media/launch.js
build	Upload complete canonical site	2026-09-15T08:34:33.6091979Z ./releases/v0.55.0/site/authoring/still-media/examples/
build	Upload complete canonical site	2026-09-15T08:34:33.6092383Z ./releases/v0.55.0/site/authoring/still-media/examples/dawn-signal/
build	Upload complete canonical site	2026-09-15T08:34:33.6092867Z ./releases/v0.55.0/site/authoring/still-media/examples/dawn-signal/manifest.json
build	Upload complete canonical site	2026-09-15T08:34:33.6093674Z ./releases/v0.55.0/site/authoring/still-media/examples/dawn-signal/Dawn-Signal-stories.rlstory
build	Upload complete canonical site	2026-09-15T08:34:33.6096037Z ./releases/v0.55.0/site/authoring/still-media/examples/dawn-signal/Dawn-Signal-originals.rlmedia
build	Upload complete canonical site	2026-09-15T08:34:33.6100121Z ./releases/v0.55.0/site/authoring/still-media/index.html
build	Upload complete canonical site	2026-09-15T08:34:33.6100731Z ./releases/v0.55.0/site/authoring/enemy-catalog/
build	Upload complete canonical site	2026-09-15T08:34:33.6101342Z ./releases/v0.55.0/site/authoring/enemy-catalog/workshop.mjs
build	Upload complete canonical site	2026-09-15T08:34:33.6102006Z ./releases/v0.55.0/site/authoring/enemy-catalog/index.html
build	Upload complete canonical site	2026-09-15T08:34:33.6102598Z ./releases/v0.55.0/site/authoring/asset-studio/
build	Upload complete canonical site	2026-09-15T08:34:33.6103227Z ./releases/v0.55.0/site/authoring/asset-studio/scene-preview.mjs
build	Upload complete canonical site	2026-09-15T08:34:33.6103961Z ./releases/v0.55.0/site/authoring/asset-studio/preview-fixture.mjs
build	Upload complete canonical site	2026-09-15T08:34:33.6104648Z ./releases/v0.55.0/site/authoring/asset-studio/helpers.mjs
build	Upload complete canonical site	2026-09-15T08:34:33.6105362Z ./releases/v0.55.0/site/authoring/asset-studio/component-specimens.mjs
build	Upload complete canonical site	2026-09-15T08:34:33.6106376Z ./releases/v0.55.0/site/authoring/asset-studio/picture-context.mjs
build	Upload complete canonical site	2026-09-15T08:34:33.6106975Z ./releases/v0.55.0/site/authoring/asset-studio/sprite-panel.mjs
build	Upload complete canonical site	2026-09-15T08:34:33.6107721Z ./releases/v0.55.0/site/authoring/asset-studio/preview.mjs
build	Upload complete canonical site	2026-09-15T08:34:33.6108358Z ./releases/v0.55.0/site/authoring/asset-studio/studio.mjs
build	Upload complete canonical site	2026-09-15T08:34:33.6108984Z ./releases/v0.55.0/site/authoring/asset-studio/index.html
build	Upload complete canonical site	2026-09-15T08:34:33.6109609Z ./releases/v0.55.0/site/authoring/asset-studio/studio.css
build	Upload complete canonical site	2026-09-15T08:34:33.6110165Z ./releases/v0.55.0/site/credits.html
build	Upload complete canonical site	2026-09-15T08:34:33.6110630Z ./releases/v0.55.0/site/offline-cache.json
build	Upload complete canonical site	2026-09-15T08:34:33.6111113Z ./releases/v0.55.0/site/privacy.html
build	Upload complete canonical site	2026-09-15T08:34:33.6111559Z ./releases/v0.55.0/site/icons/
build	Upload complete canonical site	2026-09-15T08:34:33.6111983Z ./releases/v0.55.0/site/icons/icon-180.png
build	Upload complete canonical site	2026-09-15T08:34:33.6112457Z ./releases/v0.55.0/site/icons/icon-512.png
build	Upload complete canonical site	2026-09-15T08:34:33.6112938Z ./releases/v0.55.0/site/icons/icon.svg
build	Upload complete canonical site	2026-09-15T08:34:33.6113639Z ./releases/v0.55.0/site/icons/icon-192.png
build	Upload complete canonical site	2026-09-15T08:34:33.6114118Z ./releases/v0.55.0/site/.xonix-build.json
build	Upload complete canonical site	2026-09-15T08:34:33.6114578Z ./releases/v0.55.0/site/index.html
build	Upload complete canonical site	2026-09-15T08:34:33.6115009Z ./releases/v0.55.0/site/game/
build	Upload complete canonical site	2026-09-15T08:34:33.6115463Z ./releases/v0.55.0/site/game/chapter-download.mjs
build	Upload complete canonical site	2026-09-15T08:34:33.6116205Z ./releases/v0.55.0/site/game/presentation-pins.mjs
build	Upload complete canonical site	2026-09-15T08:34:33.6116734Z ./releases/v0.55.0/site/game/replay.mjs
build	Upload complete canonical site	2026-09-15T08:34:33.6117246Z ./releases/v0.55.0/site/game/story-media-store.mjs
build	Upload complete canonical site	2026-09-15T08:34:33.6117708Z ./releases/v0.55.0/site/game/campaign-difficulty.mjs
build	Upload complete canonical site	2026-09-15T08:34:33.6118081Z ./releases/v0.55.0/site/game/release-explorer.mjs
build	Upload complete canonical site	2026-09-15T08:34:33.6118408Z ./releases/v0.55.0/site/game/enemy-guide.mjs
build	Upload complete canonical site	2026-09-15T08:34:33.6118723Z ./releases/v0.55.0/site/game/touch-controls.mjs
build	Upload complete canonical site	2026-09-15T08:34:33.6119041Z ./releases/v0.55.0/site/game/build-config.json
build	Upload complete canonical site	2026-09-15T08:34:33.6119382Z ./releases/v0.55.0/site/game/optional-chapters.mjs
build	Upload complete canonical site	2026-09-15T08:34:33.6119759Z ./releases/v0.55.0/site/game/external-chapter-source.mjs
build	Upload complete canonical site	2026-09-15T08:34:33.6120132Z ./releases/v0.55.0/site/game/input-presentation.mjs
build	Upload complete canonical site	2026-09-15T08:34:33.6120465Z ./releases/v0.55.0/site/game/story-bindings.mjs
build	Upload complete canonical site	2026-09-15T08:34:33.6120818Z ./releases/v0.55.0/site/game/profile-recovery-catalogs.mjs
build	Upload complete canonical site	2026-09-15T08:34:33.6121171Z ./releases/v0.55.0/site/game/profile-writer.mjs
build	Upload complete canonical site	2026-09-15T08:34:33.6121486Z ./releases/v0.55.0/site/game/story-bundle.mjs
build	Upload complete canonical site	2026-09-15T08:34:33.6121780Z ./releases/v0.55.0/site/game/data-json.mjs
build	Upload complete canonical site	2026-09-15T08:34:33.6122099Z ./releases/v0.55.0/site/game/story-storage-record.mjs
build	Upload complete canonical site	2026-09-15T08:34:33.6122421Z ./releases/v0.55.0/site/game/generator.mjs
build	Upload complete canonical site	2026-09-15T08:34:33.6122716Z ./releases/v0.55.0/site/game/presentation/
build	Upload complete canonical site	2026-09-15T08:34:33.6123088Z ./releases/v0.55.0/site/game/presentation/release-pictures.mjs
build	Upload complete canonical site	2026-09-15T08:34:33.6126622Z ./releases/v0.55.0/site/game/presentation/host.mjs
build	Upload complete canonical site	2026-09-15T08:34:33.6127239Z ./releases/v0.55.0/site/game/presentation/runtime.mjs
build	Upload complete canonical site	2026-09-15T08:34:33.6127896Z ./releases/v0.55.0/site/game/presentation/page-entry.mjs
build	Upload complete canonical site	2026-09-15T08:34:33.6128277Z ./releases/v0.55.0/site/game/presentation/current-art.mjs
build	Upload complete canonical site	2026-09-15T08:34:33.6128646Z ./releases/v0.55.0/site/game/presentation/pixel-art.mjs
build	Upload complete canonical site	2026-09-15T08:34:33.6129040Z ./releases/v0.55.0/site/game/presentation/current-art-sources.mjs
build	Upload complete canonical site	2026-09-15T08:34:33.6129443Z ./releases/v0.55.0/site/game/presentation/catalog.mjs
build	Upload complete canonical site	2026-09-15T08:34:33.6129805Z ./releases/v0.55.0/site/game/presentation/studio-store.mjs
build	Upload complete canonical site	2026-09-15T08:34:33.6130235Z ./releases/v0.55.0/site/game/presentation/current-picture-baselines.mjs
build	Upload complete canonical site	2026-09-15T08:34:33.6130697Z ./releases/v0.55.0/site/game/presentation/published-studio.mjs
build	Upload complete canonical site	2026-09-15T08:34:33.6131114Z ./releases/v0.55.0/site/game/presentation/sprite-editor.mjs
build	Upload complete canonical site	2026-09-15T08:34:33.6131509Z ./releases/v0.55.0/site/game/presentation/compiled/
build	Upload complete canonical site	2026-09-15T08:34:33.6131906Z ./releases/v0.55.0/site/game/presentation/compiled/manifest.json
build	Upload complete canonical site	2026-09-15T08:34:33.6132340Z ./releases/v0.55.0/site/game/presentation/compiled/runtime.json
build	Upload complete canonical site	2026-09-15T08:34:33.6133041Z ./releases/v0.55.0/site/game/presentation/compiled/studio.json
build	Upload complete canonical site	2026-09-15T08:34:33.6157831Z ./releases/v0.55.0/site/game/presentation/compiled/assets/
build	Upload complete canonical site	2026-09-15T08:34:33.6159226Z ./releases/v0.55.0/site/game/presentation/compiled/assets/47033ec2cd3b56345394bc13bbb7b10579419559d1e41160d02f8f3eea368672.png
build	Upload complete canonical site	2026-09-15T08:34:33.6160447Z ./releases/v0.55.0/site/game/presentation/compiled/assets/aa2e8583a56b36b5357e5462aee6b010b5b894626929afbc553c683462ce42cf.png
build	Upload complete canonical site	2026-09-15T08:34:33.6167045Z ./releases/v0.55.0/site/game/presentation/compiled/assets/9b6313464e6e6f26dff9b98405fba899dcd0c6a614fde6df8ed1a2d835c73f34.png
build	Upload complete canonical site	2026-09-15T08:34:33.6168138Z ./releases/v0.55.0/site/game/presentation/compiled/assets/fedb83171e9c894c8cbc446d4fb2bf460359b587068a33d0e108b14e185a0adc.png
build	Upload complete canonical site	2026-09-15T08:34:33.6169026Z ./releases/v0.55.0/site/game/presentation/compiled/assets/d22b1070efad07ed1e6f9d8e42d3dc7e19922478e7abedad3f08d55e53cf065c.png
build	Upload complete canonical site	2026-09-15T08:34:33.6170929Z ./releases/v0.55.0/site/game/presentation/compiled/assets/8b557a3e23bcbf550c01b5fe77618bc6ab31cce51835e80ad807023f2fc8fa47.png
build	Upload complete canonical site	2026-09-15T08:34:33.6172497Z ./releases/v0.55.0/site/game/presentation/compiled/assets/ad53247e6be0c1c2a3080a8ebabd0ca24b1394be0caa109138926e821b08ae35.png
build	Upload complete canonical site	2026-09-15T08:34:33.6174114Z ./releases/v0.55.0/site/game/presentation/compiled/assets/2ff89ae01c04bfc698892ec3a35610b7975a6f36596ddd7ddeedbecef248d5d4.png
build	Upload complete canonical site	2026-09-15T08:34:33.6175809Z ./releases/v0.55.0/site/game/presentation/compiled/assets/2444795bb19516949a98519f0e23f9cdf64b454f01a0bb297521d17b5af376da.png
build	Upload complete canonical site	2026-09-15T08:34:33.6177337Z ./releases/v0.55.0/site/game/presentation/compiled/assets/05af7a73b7dadc8821cecccf0abb4f763dafae7ad21500a3293957fa88ed7d76.png
build	Upload complete canonical site	2026-09-15T08:34:33.6178939Z ./releases/v0.55.0/site/game/presentation/compiled/assets/0498bcb48294756b5ac9062290e1639e907b1ec69b5dc2e8cfdec3fab58e0bc8.woff2
build	Upload complete canonical site	2026-09-15T08:34:33.6180482Z ./releases/v0.55.0/site/game/presentation/compiled/assets/e325a3a5b3647614bffa5432779f4ade7e865158e384888888f83b073aff033c.png
build	Upload complete canonical site	2026-09-15T08:34:33.6182006Z ./releases/v0.55.0/site/game/presentation/compiled/assets/827da59e870daf2e8548168399449bd894b4cdf7953a1f8ca48a7ed6df8f8d91.png
build	Upload complete canonical site	2026-09-15T08:34:33.6183546Z ./releases/v0.55.0/site/game/presentation/compiled/assets/779f36cccce55fd90340acbad1a1cbe03639cd1f98f66d25eaac3c8b0036c31b.png
build	Upload complete canonical site	2026-09-15T08:34:33.6185148Z ./releases/v0.55.0/site/game/presentation/compiled/assets/4f56a78772cd7363a2992a8252e4dc629638dad705a9b981d4561830117f511e.png
build	Upload complete canonical site	2026-09-15T08:34:33.6186769Z ./releases/v0.55.0/site/game/presentation/compiled/assets/1bd3c9c57cc8790ccbf6f0fd33517d6d1a5520de93e38a99722ed4ee915758ab.png
build	Upload complete canonical site	2026-09-15T08:34:33.6188342Z ./releases/v0.55.0/site/game/presentation/compiled/assets/70dcff8faa588f074e529704a7d6024fe0a7590b18afa6059488fb505ce4a5f7.png
build	Upload complete canonical site	2026-09-15T08:34:33.6189861Z ./releases/v0.55.0/site/game/presentation/compiled/assets/53f1206a11a8791892f5c844c0641529acbc2c09c8d558676d0d801d72113850.png
build	Upload complete canonical site	2026-09-15T08:34:33.6191620Z ./releases/v0.55.0/site/game/presentation/compiled/assets/85bb90c58fb61a1fdd212316f223dad209d374386e1aad14f044df4c1ea2af7e.png
build	Upload complete canonical site	2026-09-15T08:34:33.6193159Z ./releases/v0.55.0/site/game/presentation/compiled/assets/bd423baa7b3b4f073251d5c8291aa78ee11c341926d27f9f211aa278bc7557f6.png
build	Upload complete canonical site	2026-09-15T08:34:33.6194697Z ./releases/v0.55.0/site/game/presentation/compiled/assets/f7495ea7b56215ba88c7d465fa6ad9ab22121695e4c674cf183b65ef6d400ae0.png
build	Upload complete canonical site	2026-09-15T08:34:33.6196390Z ./releases/v0.55.0/site/game/presentation/compiled/assets/cca9df45b2dde64684489deab8f8d2ab8d5a08dab0ec0efc8455786a231c2a04.png
build	Upload complete canonical site	2026-09-15T08:34:33.6197924Z ./releases/v0.55.0/site/game/presentation/compiled/assets/c3cd0a0f9997f28d1a295de1c8995ebe81bf782acb1c033036371c49fc40a08e.png
build	Upload complete canonical site	2026-09-15T08:34:33.6199452Z ./releases/v0.55.0/site/game/presentation/compiled/assets/8fe3df81db48bf682862a06c8f7434365ff49151a2a72a94c0a85ea85a3adf27.png
build	Upload complete canonical site	2026-09-15T08:34:33.6200952Z ./releases/v0.55.0/site/game/presentation/compiled/assets/8664f0283f54db86f6800fb2056045574ff79a5f490f415b3a8929112d8a7d26.png
build	Upload complete canonical site	2026-09-15T08:34:33.6202535Z ./releases/v0.55.0/site/game/presentation/compiled/assets/5cda580ceefd258918dcf6c49f0f8ad68966999c153a876fb01c2f171b659420.png
build	Upload complete canonical site	2026-09-15T08:34:33.6204084Z ./releases/v0.55.0/site/game/presentation/compiled/assets/8d445857cc63417a2b4a9468c854e4ffed3828b3cd1a90cdd8d4f8c951be88f4.png
build	Upload complete canonical site	2026-09-15T08:34:33.6205629Z ./releases/v0.55.0/site/game/presentation/compiled/assets/fce2dc8f15375b66d336c1defbca23dfb2310301b62c822206a0a013d19601ef.woff2
build	Upload complete canonical site	2026-09-15T08:34:33.6207360Z ./releases/v0.55.0/site/game/presentation/compiled/assets/56fadf4288069b7f12e3e33b94c950baab873a1b576d87ad82673b0c5329dd76.png
build	Upload complete canonical site	2026-09-15T08:34:33.6208879Z ./releases/v0.55.0/site/game/presentation/compiled/assets/30957860bb1edac99c230a91a34eab8249b43497fda680707276c859f3bd5f0c.png
build	Upload complete canonical site	2026-09-15T08:34:33.6210420Z ./releases/v0.55.0/site/game/presentation/compiled/assets/df6e1a2a114dce2da1643a39d608d87ca79d1eaba70cfd62ac02892d0fadec6e.png
build	Upload complete canonical site	2026-09-15T08:34:33.6212147Z ./releases/v0.55.0/site/game/presentation/compiled/assets/44ebf8c1d8a028a919012f75978d025d1698aeb3d295c8813edc1a7ebae71868.png
build	Upload complete canonical site	2026-09-15T08:34:33.6213672Z ./releases/v0.55.0/site/game/presentation/compiled/assets/dda5900559255b1bad906b80a1b9a3cee914ba732f6dcb4fdb8b3c9bce50633f.png
build	Upload complete canonical site	2026-09-15T08:34:33.6215228Z ./releases/v0.55.0/site/game/presentation/compiled/assets/ff2e2defa02d62198a0be240fb16c8328d8be7c6aa9e3ec4516c7589edd83b22.png
build	Upload complete canonical site	2026-09-15T08:34:33.6216955Z ./releases/v0.55.0/site/game/presentation/compiled/assets/1aa1245d987000c889a47cd242c9ca976d620e48323cdde2a60358006718cc51.png
build	Upload complete canonical site	2026-09-15T08:34:33.6218516Z ./releases/v0.55.0/site/game/presentation/compiled/assets/d74c2e8c5713201203f7decea8d57881b657a2aa7b24ea00d182cbe4efa51b8d.png
build	Upload complete canonical site	2026-09-15T08:34:33.6220060Z ./releases/v0.55.0/site/game/presentation/compiled/assets/4edc2d90b443fbc191cbd741c824732113a590cd758e32d8e098c63eba4e70a9.png
build	Upload complete canonical site	2026-09-15T08:34:33.6221634Z ./releases/v0.55.0/site/game/presentation/compiled/assets/8535d7dec70f8fb64d3c0aa8ac919daa7609a477dada753b67429c9c7ae2cadb.png
build	Upload complete canonical site	2026-09-15T08:34:33.6223194Z ./releases/v0.55.0/site/game/presentation/compiled/assets/c0f4e7ca9de3a9f06637dbc8d5972b69b7e804f1bbd9579f5724d99a02c5c86b.png
build	Upload complete canonical site	2026-09-15T08:34:33.6224735Z ./releases/v0.55.0/site/game/presentation/compiled/assets/9f649ed85a5ff7d88996729975dfcb3b4df001474b02cd34114dcf4fc5e2b49c.png
build	Upload complete canonical site	2026-09-15T08:34:33.6226149Z ./releases/v0.55.0/site/game/presentation/compiled/assets/0b4b6717b5a2e7c27ad765544730193d1f798f8ccbc08879947f1a8b10e71121.png
build	Upload complete canonical site	2026-09-15T08:34:33.6227003Z ./releases/v0.55.0/site/game/presentation/compiled/assets/8a652da0dfc053d85190a2a0a17a27c43144c90a1cce5ae7883cb70f73df7c50.png
build	Upload complete canonical site	2026-09-15T08:34:33.6227887Z ./releases/v0.55.0/site/game/presentation/compiled/assets/c1aedf89bc3433dc1cb60998fa1e2563480a590c38586332f444c4c12c772fce.png
build	Upload complete canonical site	2026-09-15T08:34:33.6228804Z ./releases/v0.55.0/site/game/presentation/compiled/assets/4797c11d5e17c3f5f9b5b3fa96efb4fd2aabb877fb4d625dfc8eb7465464e145.woff2
build	Upload complete canonical site	2026-09-15T08:34:33.6229871Z ./releases/v0.55.0/site/game/presentation/compiled/assets/2a50c451fdee7c54d8bccf7a098f12bcdbdc15905856dc100c8e0d9e99629c33.png
build	Upload complete canonical site	2026-09-15T08:34:33.6230731Z ./releases/v0.55.0/site/game/presentation/compiled/assets/f3f58d09752c8e635e06145abc2460909f90ce2df664a8034a799e0bbe59c3ee.png
build	Upload complete canonical site	2026-09-15T08:34:33.6231602Z ./releases/v0.55.0/site/game/presentation/compiled/assets/e85e9aa8f56ba214bcdc9184feb99f526f1a89f66627ac0bf278bffa123dc7c9.png
build	Upload complete canonical site	2026-09-15T08:34:33.6232877Z ./releases/v0.55.0/site/game/presentation/compiled/assets/210d3b2ab32eaef632751e0333321b7e3e2a8571de758e9a02d1f350c483cf61.png
build	Upload complete canonical site	2026-09-15T08:34:33.6234462Z ./releases/v0.55.0/site/game/presentation/compiled/assets/7258c2453b49a52aaa2ba003c4e076eb7aa2d87d21abb6df65f5f5178f9f6a59.png
build	Upload complete canonical site	2026-09-15T08:34:33.6236156Z ./releases/v0.55.0/site/game/presentation/compiled/assets/ee156b11b8102f73615260895e66be4e420bd3d7c70aec7150b556cdc9999a1c.png
build	Upload complete canonical site	2026-09-15T08:34:33.6237716Z ./releases/v0.55.0/site/game/presentation/compiled/assets/535cf4dc9b21c9ff7f9c26d4bc0657e8d6820626551b4d34d82e332748e4d9e3.png
build	Upload complete canonical site	2026-09-15T08:34:33.6239201Z ./releases/v0.55.0/site/game/presentation/compiled/assets/2033ce4e45c2b164edc31e8680244deaa475783dca1aebc6262bfffcd3980eb2.png
build	Upload complete canonical site	2026-09-15T08:34:33.6240085Z ./releases/v0.55.0/site/game/presentation/compiled/assets/c234ea41a080121e73eeea20e3e3db5cfedcd4d4793bc31cf7cdfb2dad2a96ca.png
build	Upload complete canonical site	2026-09-15T08:34:33.6240951Z ./releases/v0.55.0/site/game/presentation/compiled/assets/1e3b7ea46131dbee8ca4601fd75862b04fda8ca4aa4b088d9811f5845e05eb7d.png
build	Upload complete canonical site	2026-09-15T08:34:33.6241803Z ./releases/v0.55.0/site/game/presentation/compiled/assets/57ee2976cb09f29863a4b3a2d8951574a93bf376eda64dbe2a171dc426d8391a.png
build	Upload complete canonical site	2026-09-15T08:34:33.6242652Z ./releases/v0.55.0/site/game/presentation/compiled/assets/7e696d173490ae948cead01a22c5650bc6ffef16c70c514ba6d88413d460a192.png
build	Upload complete canonical site	2026-09-15T08:34:33.6243521Z ./releases/v0.55.0/site/game/presentation/compiled/assets/b65d23a488db2a276f1332680fbf394b1aee685fffc42f0b093c01506041f143.png
build	Upload complete canonical site	2026-09-15T08:34:33.6244531Z ./releases/v0.55.0/site/game/presentation/compiled/assets/08512d067c5f322eb059dc45733fd61534b8bc530a9ebd8b33208d941a603922.png
build	Upload complete canonical site	2026-09-15T08:34:33.6245387Z ./releases/v0.55.0/site/game/presentation/compiled/assets/cae1523d150bbe69f65028676129ba9c51958f4561671c5d6dee1eecfb48b3b5.png
build	Upload complete canonical site	2026-09-15T08:34:33.6247090Z ./releases/v0.55.0/site/game/presentation/compiled/assets/8b5ebd66c72bc3a9ccc07c5dedaba2a8c556ea4e78ef1f17650cc99bc1eca666.png
build	Upload complete canonical site	2026-09-15T08:34:33.6248727Z ./releases/v0.55.0/site/game/presentation/compiled/assets/d9ee53a1cc344517624e80785e764da99fa8bd9b90d7f2b9b5d2ac52ff236a4b.png
build	Upload complete canonical site	2026-09-15T08:34:33.6250273Z ./releases/v0.55.0/site/game/presentation/compiled/assets/53fff7055c1021c80f93590ed4e028c85d59ea4cb2f06ac71644d29989fa2bd7.png
build	Upload complete canonical site	2026-09-15T08:34:33.6251839Z ./releases/v0.55.0/site/game/presentation/compiled/assets/3104d1433851b889c70bbf8fe4d4fecd2b99a3d57d099b402286948283711fb4.png
build	Upload complete canonical site	2026-09-15T08:34:33.6253330Z ./releases/v0.55.0/site/game/presentation/compiled/assets/78033ee190de99663e4b936e480562d4cc93d9e90190b529ef46d07877c43826.png
build	Upload complete canonical site	2026-09-15T08:34:33.6254265Z ./releases/v0.55.0/site/game/presentation/compiled/assets/27fca2383ecb60fe0019232ed3f384103f602e36fe583fbad4b018b0c20d08fe.png
build	Upload complete canonical site	2026-09-15T08:34:33.6255134Z ./releases/v0.55.0/site/game/presentation/compiled/assets/a3ad1f5a90f71164d77039f7052ce3403e684f1e9acecb0d3c86a7d456e9d509.png
build	Upload complete canonical site	2026-09-15T08:34:33.6256488Z ./releases/v0.55.0/site/game/presentation/compiled/assets/77a93635bc7d39976bbf571f056a68f75ef43e1b655b6512fd293b2b568306e3.png
build	Upload complete canonical site	2026-09-15T08:34:33.6258047Z ./releases/v0.55.0/site/game/presentation/compiled/assets/78294d66d340a9cc4036814defa9a291b8573949d79318823722b6f51c71fc14.png
build	Upload complete canonical site	2026-09-15T08:34:33.6259528Z ./releases/v0.55.0/site/game/presentation/compiled/assets/466b729b69035d65e5a95d5ef9c8d1c337e64a6af3b5fbdcf91cf74d3096d33b.png
build	Upload complete canonical site	2026-09-15T08:34:33.6260406Z ./releases/v0.55.0/site/game/presentation/compiled/assets/00b0f847cd1f80495615e3ada13899df67c6df05bf1f6d846ffc46cb3cc3fc5f.png
build	Upload complete canonical site	2026-09-15T08:34:33.6261936Z ./releases/v0.55.0/site/game/presentation/compiled/assets/526656d6f29126aaec7bc7d1abf0769d247b311039c8d069c7e2afc17d112747.png
build	Upload complete canonical site	2026-09-15T08:34:33.6263230Z ./releases/v0.55.0/site/game/presentation/compiled/assets/ccdfe41a2adaf920c64d99f665d19d9ca6ddc2ea5251ea24bdd63beb2dfc68bd.png
build	Upload complete canonical site	2026-09-15T08:34:33.6264142Z ./releases/v0.55.0/site/game/presentation/compiled/assets/02b4ab6f9e8339b921ac83fa0f72e334ab98edc82a46ae5b70499d4ea5dfb872.png
build	Upload complete canonical site	2026-09-15T08:34:33.6265515Z ./releases/v0.55.0/site/game/presentation/compiled/assets/2617aa19f98e0a455046c229a9abcb678efeaa76c07ebe5ce07cb8b00d4d65bf.png
build	Upload complete canonical site	2026-09-15T08:34:33.6266629Z ./releases/v0.55.0/site/game/presentation/compiled/assets/97986545bbd0dd978d7c5cd2b3511b800cb082caf4a584416306b6c3f4283b54.png
build	Upload complete canonical site	2026-09-15T08:34:33.6267999Z ./releases/v0.55.0/site/game/presentation/compiled/assets/a07fe2df221cb042a05a7ef78716ae1809e9df5dd54d7dd550c91bd265f7f7fb.png
build	Upload complete canonical site	2026-09-15T08:34:33.6268871Z ./releases/v0.55.0/site/game/presentation/compiled/assets/5428ce32eb31d44ea4b04561d86cc65e31ce79fe50acce40beadfd1d2546b837.png
build	Upload complete canonical site	2026-09-15T08:34:33.6269979Z ./releases/v0.55.0/site/game/presentation/compiled/assets/2d0b8b6260f73e3fe008c5ac228021f681747183a586ed7ca9dde3906b22dcc3.png
build	Upload complete canonical site	2026-09-15T08:34:33.6271488Z ./releases/v0.55.0/site/game/presentation/compiled/assets/150ebf2c0817461fda33425c885488da7f4566b16a83947e94799d8da2df05e5.png
build	Upload complete canonical site	2026-09-15T08:34:33.6272997Z ./releases/v0.55.0/site/game/presentation/compiled/assets/de2406eaf230f4701c82249f0709f1238616cca532d2be1b02d3105503646c3c.png
build	Upload complete canonical site	2026-09-15T08:34:33.6274515Z ./releases/v0.55.0/site/game/presentation/compiled/assets/4c0ab153dd814ff806ff0d9a63bb1ef5ad9eac532f8f771d1288265d7327ec68.png
build	Upload complete canonical site	2026-09-15T08:34:33.6276235Z ./releases/v0.55.0/site/game/presentation/compiled/assets/d5227e40b6ef6c1d722bbfb09c828789facf18b0021d6e600a456fdd37ba7e11.png
build	Upload complete canonical site	2026-09-15T08:34:33.6277804Z ./releases/v0.55.0/site/game/presentation/compiled/assets/33955b0fafb24b5edab1d605d6b3a8453a0073438aa87785cc2376ec36953346.png
build	Upload complete canonical site	2026-09-15T08:34:33.6279343Z ./releases/v0.55.0/site/game/presentation/compiled/assets/5c51f6d7b29af2e8be90adc5d01257f1b5d34ac5aaf0bb533fd2088bd944b683.png
build	Upload complete canonical site	2026-09-15T08:34:33.6281180Z ./releases/v0.55.0/site/game/presentation/compiled/assets/43db178018db9727dc1d4f6f9231dbe2ad29fe6d75a6a84d5ed97b069e18e3a4.png
build	Upload complete canonical site	2026-09-15T08:34:33.6282711Z ./releases/v0.55.0/site/game/presentation/compiled/assets/9e865e30bb22014bc6cc20dd4038415f4b279164ab33c54d9682e7ffc9cf2c91.png
build	Upload complete canonical site	2026-09-15T08:34:33.6284258Z ./releases/v0.55.0/site/game/presentation/compiled/assets/713991ea5d2ba3bbc0f5115c6fdc98f337da90b657b0c43c7db1625073377f90.png
build	Upload complete canonical site	2026-09-15T08:34:33.6285969Z ./releases/v0.55.0/site/game/presentation/compiled/assets/53f17c3672c097ce79b63629e4dfbffe9d5a2ecacf4ac99ec67704538951d9fe.png
build	Upload complete canonical site	2026-09-15T08:34:33.6287506Z ./releases/v0.55.0/site/game/presentation/compiled/assets/e033d8a3118b42b870e2f6350f7ae960b6085b46beb32ae235881a53bfbdc066.png
build	Upload complete canonical site	2026-09-15T08:34:33.6289023Z ./releases/v0.55.0/site/game/presentation/compiled/assets/0839e0cac64adad321fb07518b14673091bbc1a61a836ff15ebf48510480bbbc.png
build	Upload complete canonical site	2026-09-15T08:34:33.6290562Z ./releases/v0.55.0/site/game/presentation/compiled/assets/326d159fab7ab655e40c493e5e3ae27713157b419788134f23363ef222ad27db.png
build	Upload complete canonical site	2026-09-15T08:34:33.6292093Z ./releases/v0.55.0/site/game/presentation/compiled/assets/6b5afa33051459550ead8fee06fb5e14c9eecf9648906dc1abb7fe7a2c69455c.png
build	Upload complete canonical site	2026-09-15T08:34:33.6293636Z ./releases/v0.55.0/site/game/presentation/compiled/assets/b0e9acf3605b9c5440328ef0bea6c0959efd03acdddbc4ac2cc5520e036457b6.png
build	Upload complete canonical site	2026-09-15T08:34:33.6295175Z ./releases/v0.55.0/site/game/presentation/compiled/assets/a25dc0c7e2f24a5451f3fbb0d24e90fdce796b274d8b54f238cbee0a26e8b857.png
build	Upload complete canonical site	2026-09-15T08:34:33.6296882Z ./releases/v0.55.0/site/game/presentation/compiled/assets/cea04fc27e33583748da59f8bc873505d15b8c37745f0b30b5a4415f4d7c87cb.png
build	Upload complete canonical site	2026-09-15T08:34:33.6298399Z ./releases/v0.55.0/site/game/presentation/compiled/assets/72b6c93f47090f3a3724223477e22cbc461132329768e70b82cdb87d85a72052.png
build	Upload complete canonical site	2026-09-15T08:34:33.6299906Z ./releases/v0.55.0/site/game/presentation/compiled/assets/9ad64ed82783ba763f61fe954e3cdc8c360df472c8d035ef74579670d2649bba.png
build	Upload complete canonical site	2026-09-15T08:34:33.6301641Z ./releases/v0.55.0/site/game/presentation/compiled/assets/efef00b62e24bc89315f26fe888d64658bb63cfcce3eeb047645c812903d3e3f.png
build	Upload complete canonical site	2026-09-15T08:34:33.6303266Z ./releases/v0.55.0/site/game/presentation/compiled/assets/9ef850d87a46eee28cbfa3df8f2d2945673b8bf5dc2fdcc4edf1840175e3f7a1.png
build	Upload complete canonical site	2026-09-15T08:34:33.6304335Z ./releases/v0.55.0/site/game/presentation/compiled/assets/0ae5d58c1169056d086892937112a4605d56ca11b6d11e701d1e7796b18a6af7.png
build	Upload complete canonical site	2026-09-15T08:34:33.6306026Z ./releases/v0.55.0/site/game/presentation/compiled/assets/d4690eb2839e8f90a4ac105502c5b22c1b1cceb643c5d2593ca3a4e61d6aa008.png
build	Upload complete canonical site	2026-09-15T08:34:33.6307523Z ./releases/v0.55.0/site/game/presentation/compiled/assets/f03dc7d839fef8d53cae7b29cc106dd094c976af6e3758d71110bf0d47140efa.png
build	Upload complete canonical site	2026-09-15T08:34:33.6309060Z ./releases/v0.55.0/site/game/presentation/compiled/assets/d76f309d8385cd5d20fc2fff72b7f3abc19299cccdde767d76dd9f4a4960929d.png
build	Upload complete canonical site	2026-09-15T08:34:33.6310596Z ./releases/v0.55.0/site/game/presentation/compiled/assets/044bfaa980686917e6715e3919617a516ee1585e38dd8a63154301eba23d4118.png
build	Upload complete canonical site	2026-09-15T08:34:33.6312127Z ./releases/v0.55.0/site/game/presentation/compiled/assets/cc1bc2077c62d4cea9aeba86c00d0185b3c93f7c7dfceaede414dc105859196f.png
build	Upload complete canonical site	2026-09-15T08:34:33.6313664Z ./releases/v0.55.0/site/game/presentation/compiled/assets/4213f1ac958d600b68f4aa1aa0171d8f5e7a10ca2422154f88cc9b58bda9c0c1.png
build	Upload complete canonical site	2026-09-15T08:34:33.6315176Z ./releases/v0.55.0/site/game/presentation/compiled/assets/9c181b9009de288e0ed3349ab0bda4908e67c92587946517115b9231d5ea65b8.png
build	Upload complete canonical site	2026-09-15T08:34:33.6316878Z ./releases/v0.55.0/site/game/presentation/compiled/assets/3fa6527474d2da84fed128052df7ee8ac2b34a25eaf5a162d21be849a12fd65c.png
build	Upload complete canonical site	2026-09-15T08:34:33.6318023Z ./releases/v0.55.0/site/game/presentation/compiled/assets/40172d186e595959d100dd0e7e52a78906e904300d93c8c0958d82b6f3b91ff0.png
build	Upload complete canonical site	2026-09-15T08:34:33.6318870Z ./releases/v0.55.0/site/game/presentation/compiled/assets/83b8dea4de4fad710942a60c18f03c34849df904a45edb0316b6287c3770fb3c.png
build	Upload complete canonical site	2026-09-15T08:34:33.6319898Z ./releases/v0.55.0/site/game/presentation/compiled/assets/e35ca174c360d5a572c72e6be448666cf3da1438cf0d91f8ea7ff8c221b8eb5e.png
build	Upload complete canonical site	2026-09-15T08:34:33.6320793Z ./releases/v0.55.0/site/game/presentation/compiled/assets/398eaf8dc2f88a2b1a3bc4d2ae5c603f54fd5daa96c9c9c02637bdd4c488e697.png
build	Upload complete canonical site	2026-09-15T08:34:33.6321656Z ./releases/v0.55.0/site/game/presentation/compiled/assets/963bdc61942194177b4d0dac32ba560c0200f55c83f21d939356b8680b6f644c.png
build	Upload complete canonical site	2026-09-15T08:34:33.6322500Z ./releases/v0.55.0/site/game/presentation/compiled/assets/228285616ceb1d60be182f971790ee75a67c44a40a787d7d7ed275668a3005e4.png
build	Upload complete canonical site	2026-09-15T08:34:33.6323357Z ./releases/v0.55.0/site/game/presentation/compiled/assets/95b99a09686ab417503cd8444f6b485d1021b6ae3f8e9525a545faafd6254c9c.png
build	Upload complete canonical site	2026-09-15T08:34:33.6324716Z ./releases/v0.55.0/site/game/presentation/compiled/assets/084e63a13178e1736ac2eaa12af621d63a786eea4dc21ab5cae8c6acf96c8153.png
build	Upload complete canonical site	2026-09-15T08:34:33.6325580Z ./releases/v0.55.0/site/game/presentation/compiled/assets/ee325025999edc73751f62ee92adc73c02fe06d29680da5816f4785e014ef730.png
build	Upload complete canonical site	2026-09-15T08:34:33.6326675Z ./releases/v0.55.0/site/game/presentation/compiled/assets/94353c17fbc74e21655a3c556075885a144900b6c620ba7b37ab79beb31f246f.png
build	Upload complete canonical site	2026-09-15T08:34:33.6327528Z ./releases/v0.55.0/site/game/presentation/compiled/assets/0b5106ea19db098b6cf6068142510fd373731532e5052983e58bb343038404e6.png
build	Upload complete canonical site	2026-09-15T08:34:33.6328372Z ./releases/v0.55.0/site/game/presentation/compiled/assets/40a08a5524dbe269f6eddb019c55beebde3129ba270d97a5fa4d22015a07e0cc.png
build	Upload complete canonical site	2026-09-15T08:34:33.6329233Z ./releases/v0.55.0/site/game/presentation/compiled/assets/84461bcb3aca9dc91ace6a836df87a153a6c58d75b6a46b8988d9d835f68ad9f.png
build	Upload complete canonical site	2026-09-15T08:34:33.6330141Z ./releases/v0.55.0/site/game/presentation/compiled/assets/2d4e0eafa015c8e434082b8be0552556e0abfe057248233a701cac4d1b3f4cd0.png
build	Upload complete canonical site	2026-09-15T08:34:33.6331651Z ./releases/v0.55.0/site/game/presentation/compiled/assets/0233c5f399b93700594af044a5f56687a0742333d32b7bc54ef7122173f1dc65.png
build	Upload complete canonical site	2026-09-15T08:34:33.6333401Z ./releases/v0.55.0/site/game/presentation/compiled/assets/7954823e793dd6140528d271c12653fca559eda862ca83c4be73c6bfbdf9c26c.png
build	Upload complete canonical site	2026-09-15T08:34:33.6334925Z ./releases/v0.55.0/site/game/presentation/compiled/assets/544551f875b2fd52c41dbbd384d6710a80fb23d744ae8a9bca3353cd23752a48.png
build	Upload complete canonical site	2026-09-15T08:34:33.6336639Z ./releases/v0.55.0/site/game/presentation/compiled/assets/57744cbfe744bd50d932b1dba963539c11dbb176dc1e3171de46c34ea74d48a0.png
build	Upload complete canonical site	2026-09-15T08:34:33.6338262Z ./releases/v0.55.0/site/game/presentation/compiled/assets/9bc684f5da99a255c09d7cd6aac452859d5ec370d344a092901576bdc9405911.png
build	Upload complete canonical site	2026-09-15T08:34:33.6339376Z ./releases/v0.55.0/site/game/presentation/compiled/theme.css
build	Upload complete canonical site	2026-09-15T08:34:33.6340009Z ./releases/v0.55.0/site/game/presentation/page.mjs
build	Upload complete canonical site	2026-09-15T08:34:33.6340646Z ./releases/v0.55.0/site/game/presentation/studio-session.mjs
build	Upload complete canonical site	2026-09-15T08:34:33.6341267Z ./releases/v0.55.0/site/game/presentation/model.mjs
build	Upload complete canonical site	2026-09-15T08:34:33.6341844Z ./releases/v0.55.0/site/game/presentation/icons.mjs
build	Upload complete canonical site	2026-09-15T08:34:33.6342485Z ./releases/v0.55.0/site/game/presentation/current-pictures.mjs
build	Upload complete canonical site	2026-09-15T08:34:33.6343126Z ./releases/v0.55.0/site/game/presentation/bundle.mjs
build	Upload complete canonical site	2026-09-15T08:34:33.6343654Z ./releases/v0.55.0/site/game/content.mjs
build	Upload complete canonical site	2026-09-15T08:34:33.6344173Z ./releases/v0.55.0/site/game/mastery-equipment.mjs
build	Upload complete canonical site	2026-09-15T08:34:33.6344752Z ./releases/v0.55.0/site/game/profile-channel-json.mjs
build	Upload complete canonical site	2026-09-15T08:34:33.6345350Z ./releases/v0.55.0/site/game/enemy-presentations.mjs
build	Upload complete canonical site	2026-09-15T08:34:33.6346054Z ./releases/v0.55.0/site/game/vendor/
build	Upload complete canonical site	2026-09-15T08:34:33.6346564Z ./releases/v0.55.0/site/game/vendor/PHASER-LICENSE.md
build	Upload complete canonical site	2026-09-15T08:34:33.6347154Z ./releases/v0.55.0/site/game/vendor/phaser-4.2.1.min.js
build	Upload complete canonical site	2026-09-15T08:34:33.6347742Z ./releases/v0.55.0/site/game/managed-media-store.mjs
build	Upload complete canonical site	2026-09-15T08:34:33.6348327Z ./releases/v0.55.0/site/game/mastery-verification.mjs
build	Upload complete canonical site	2026-09-15T08:34:33.6348851Z ./releases/v0.55.0/site/game/replays/
build	Upload complete canonical site	2026-09-15T08:34:33.6349579Z ./releases/v0.55.0/site/game/replays/expansion-routes.json
build	Upload complete canonical site	2026-09-15T08:34:33.6350243Z ./releases/v0.55.0/site/game/replays/first-light-routes.json
build	Upload complete canonical site	2026-09-15T08:34:33.6350921Z ./releases/v0.55.0/site/game/replays/fieldcraft-routes.json
build	Upload complete canonical site	2026-09-15T08:34:33.6351596Z ./releases/v0.55.0/site/game/replays/fpv-arcade-r2-routes.json
build	Upload complete canonical site	2026-09-15T08:34:33.6352319Z ./releases/v0.55.0/site/game/replays/first-light-gentle-routes.json
build	Upload complete canonical site	2026-09-15T08:34:33.6353015Z ./releases/v0.55.0/site/game/replays/campaign-routes.json
build	Upload complete canonical site	2026-09-15T08:34:33.6353641Z ./releases/v0.55.0/site/game/replays/gentle-routes.json
build	Upload complete canonical site	2026-09-15T08:34:33.6354398Z ./releases/v0.55.0/site/game/replays/fpv-arcade-r3-routes.json
build	Upload complete canonical site	2026-09-15T08:34:33.6355091Z ./releases/v0.55.0/site/game/replays/fpv-arcade-r5-routes.json
build	Upload complete canonical site	2026-09-15T08:34:33.6355941Z ./releases/v0.55.0/site/game/replays/sentinel-routes.json
build	Upload complete canonical site	2026-09-15T08:34:33.6356576Z ./releases/v0.55.0/site/game/replays/homeward-routes.json
build	Upload complete canonical site	2026-09-15T08:34:33.6357225Z ./releases/v0.55.0/site/game/replays/classic-lab-routes.json
build	Upload complete canonical site	2026-09-15T08:34:33.6357895Z ./releases/v0.55.0/site/game/replays/fpv-arcade-r4-routes.json
build	Upload complete canonical site	2026-09-15T08:34:33.6358281Z ./releases/v0.55.0/site/game/flight-media-pins.mjs
build	Upload complete canonical site	2026-09-15T08:34:33.6358609Z ./releases/v0.55.0/site/game/controller-lab/
build	Upload complete canonical site	2026-09-15T08:34:33.6358979Z ./releases/v0.55.0/site/game/controller-lab/reading-practice.json
build	Upload complete canonical site	2026-09-15T08:34:33.6359377Z ./releases/v0.55.0/site/game/controller-lab/index.html
build	Upload complete canonical site	2026-09-15T08:34:33.6359919Z ./releases/v0.55.0/site/game/controller-lab/lab.mjs
build	Upload complete canonical site	2026-09-15T08:34:33.6360495Z ./releases/v0.55.0/site/game/controller-lab/style.css
build	Upload complete canonical site	2026-09-15T08:34:33.6361086Z ./releases/v0.55.0/site/game/media-storage-record.mjs
build	Upload complete canonical site	2026-09-15T08:34:33.6361695Z ./releases/v0.55.0/site/game/enemy-catalog-scenarios.mjs
build	Upload complete canonical site	2026-09-15T08:34:33.6362120Z ./releases/v0.55.0/site/game/couch/
build	Upload complete canonical site	2026-09-15T08:34:33.6362465Z ./releases/v0.55.0/site/game/couch/couch-installed-chapters.mjs
build	Upload complete canonical site	2026-09-15T08:34:33.6362845Z ./releases/v0.55.0/site/game/couch/relay-rescue.mjs
build	Upload complete canonical site	2026-09-15T08:34:33.6363311Z ./releases/v0.55.0/site/game/couch/couch.mjs
build	Upload complete canonical site	2026-09-15T08:34:33.6363637Z ./releases/v0.55.0/site/game/couch/couch-input.mjs
build	Upload complete canonical site	2026-09-15T08:34:33.6363963Z ./releases/v0.55.0/site/game/couch/coop-view.mjs
build	Upload complete canonical site	2026-09-15T08:34:33.6364299Z ./releases/v0.55.0/site/game/couch/coop-feedback.mjs
build	Upload complete canonical site	2026-09-15T08:34:33.6364633Z ./releases/v0.55.0/site/game/couch/relay-rescue.html
build	Upload complete canonical site	2026-09-15T08:34:33.6364952Z ./releases/v0.55.0/site/game/couch/index.html
build	Upload complete canonical site	2026-09-15T08:34:33.6365271Z ./releases/v0.55.0/site/game/couch/couch-shell.mjs
build	Upload complete canonical site	2026-09-15T08:34:33.6365597Z ./releases/v0.55.0/site/game/couch/relay-rescue.css
build	Upload complete canonical site	2026-09-15T08:34:33.6366181Z ./releases/v0.55.0/site/game/couch/couch.css
build	Upload complete canonical site	2026-09-15T08:34:33.6366498Z ./releases/v0.55.0/site/game/couch/couch-chapter.mjs
build	Upload complete canonical site	2026-09-15T08:34:33.6366822Z ./releases/v0.55.0/site/game/challenges.mjs
build	Upload complete canonical site	2026-09-15T08:34:33.6367127Z ./releases/v0.55.0/site/game/soundtrack-store.mjs
build	Upload complete canonical site	2026-09-15T08:34:33.6367456Z ./releases/v0.55.0/site/game/media-presentation.mjs
build	Upload complete canonical site	2026-09-15T08:34:33.6367805Z ./releases/v0.55.0/site/game/selection-bookmark.mjs
build	Upload complete canonical site	2026-09-15T08:34:33.6368115Z ./releases/v0.55.0/site/game/boot.css
build	Upload complete canonical site	2026-09-15T08:34:33.6368397Z ./releases/v0.55.0/site/game/media-still.mjs
build	Upload complete canonical site	2026-09-15T08:34:33.6368699Z ./releases/v0.55.0/site/game/mastery-records.mjs
build	Upload complete canonical site	2026-09-15T08:34:33.6369022Z ./releases/v0.55.0/site/game/gallery-difficulty.mjs
build	Upload complete canonical site	2026-09-15T08:34:33.6369344Z ./releases/v0.55.0/site/game/video-poster.mjs
build	Upload complete canonical site	2026-09-15T08:34:33.6369671Z ./releases/v0.55.0/site/game/profile-shared-media.mjs
build	Upload complete canonical site	2026-09-15T08:34:33.6370058Z ./releases/v0.55.0/site/game/external-chapter-backup.mjs
build	Upload complete canonical site	2026-09-15T08:34:33.6370412Z ./releases/v0.55.0/site/game/content-launch.mjs
build	Upload complete canonical site	2026-09-15T08:34:33.6370743Z ./releases/v0.55.0/site/game/profile-transfer.mjs
build	Upload complete canonical site	2026-09-15T08:34:33.6371048Z ./releases/v0.55.0/site/game/ui/
build	Upload complete canonical site	2026-09-15T08:34:33.6371338Z ./releases/v0.55.0/site/game/ui/first-flight-view.mjs
build	Upload complete canonical site	2026-09-15T08:34:33.6371676Z ./releases/v0.55.0/site/game/ui/touch-steering.mjs
build	Upload complete canonical site	2026-09-15T08:34:33.6372177Z ./releases/v0.55.0/site/game/ui/controller-settings.css
build	Upload complete canonical site	2026-09-15T08:34:33.6372541Z ./releases/v0.55.0/site/game/ui/practice-navigation.mjs
build	Upload complete canonical site	2026-09-15T08:34:33.6372900Z ./releases/v0.55.0/site/game/ui/first-flight-entry.mjs
build	Upload complete canonical site	2026-09-15T08:34:33.6373234Z ./releases/v0.55.0/site/game/ui/story-dialog.css
build	Upload complete canonical site	2026-09-15T08:34:33.6373580Z ./releases/v0.55.0/site/game/ui/enemy-catalog-panel.css
build	Upload complete canonical site	2026-09-15T08:34:33.6373913Z ./releases/v0.55.0/site/game/ui/enemy-guide.mjs
build	Upload complete canonical site	2026-09-15T08:34:33.6374246Z ./releases/v0.55.0/site/game/ui/device-controls.css
build	Upload complete canonical site	2026-09-15T08:34:33.6374589Z ./releases/v0.55.0/site/game/ui/presentation-image.mjs
build	Upload complete canonical site	2026-09-15T08:34:33.6374936Z ./releases/v0.55.0/site/game/ui/library-panel.mjs
build	Upload complete canonical site	2026-09-15T08:34:33.6375263Z ./releases/v0.55.0/site/game/ui/field-kit-fonts.css
build	Upload complete canonical site	2026-09-15T08:34:33.6375582Z ./releases/v0.55.0/site/game/ui/game-shell.css
build	Upload complete canonical site	2026-09-15T08:34:33.6376168Z ./releases/v0.55.0/site/game/ui/field-kit-flow.css
build	Upload complete canonical site	2026-09-15T08:34:33.6376524Z ./releases/v0.55.0/site/game/ui/soundtrack-panel.css
build	Upload complete canonical site	2026-09-15T08:34:33.6376884Z ./releases/v0.55.0/site/game/ui/field-kit-surfaces.mjs
build	Upload complete canonical site	2026-09-15T08:34:33.6377228Z ./releases/v0.55.0/site/game/ui/picture-identity.mjs
build	Upload complete canonical site	2026-09-15T08:34:33.6377577Z ./releases/v0.55.0/site/game/ui/enemy-body-motion.mjs
build	Upload complete canonical site	2026-09-15T08:34:33.6377921Z ./releases/v0.55.0/site/game/ui/profile-recovery.css
build	Upload complete canonical site	2026-09-15T08:34:33.6378283Z ./releases/v0.55.0/site/game/ui/optional-chapters-panel.mjs
build	Upload complete canonical site	2026-09-15T08:34:33.6378671Z ./releases/v0.55.0/site/game/ui/field-kit-components.css
build	Upload complete canonical site	2026-09-15T08:34:33.6379046Z ./releases/v0.55.0/site/game/ui/profile-recovery-dialog.mjs
build	Upload complete canonical site	2026-09-15T08:34:33.6379412Z ./releases/v0.55.0/site/game/ui/still-media-host.mjs
build	Upload complete canonical site	2026-09-15T08:34:33.6379761Z ./releases/v0.55.0/site/game/ui/enemy-catalog-input.mjs
build	Upload complete canonical site	2026-09-15T08:34:33.6380105Z ./releases/v0.55.0/site/game/ui/field-kit-copy.mjs
build	Upload complete canonical site	2026-09-15T08:34:33.6380457Z ./releases/v0.55.0/site/game/ui/first-flight-preview.mjs
build	Upload complete canonical site	2026-09-15T08:34:33.6380793Z ./releases/v0.55.0/site/game/ui/input.mjs
build	Upload complete canonical site	2026-09-15T08:34:33.6381254Z ./releases/v0.55.0/site/game/ui/storage-retention.mjs
build	Upload complete canonical site	2026-09-15T08:34:33.6381599Z ./releases/v0.55.0/site/game/ui/still-media-panel.css
build	Upload complete canonical site	2026-09-15T08:34:33.6381956Z ./releases/v0.55.0/site/game/ui/controller-boost-host.mjs
build	Upload complete canonical site	2026-09-15T08:34:33.6382301Z ./releases/v0.55.0/site/game/ui/scene-art.mjs
build	Upload complete canonical site	2026-09-15T08:34:33.6382615Z ./releases/v0.55.0/site/game/ui/worlds-browser.mjs
build	Upload complete canonical site	2026-09-15T08:34:33.6382956Z ./releases/v0.55.0/site/game/ui/actor-presentation.mjs
build	Upload complete canonical site	2026-09-15T08:34:33.6383292Z ./releases/v0.55.0/site/game/ui/earned-picture.mjs
build	Upload complete canonical site	2026-09-15T08:34:33.6383619Z ./releases/v0.55.0/site/game/ui/pixel-theme.css
build	Upload complete canonical site	2026-09-15T08:34:33.6383932Z ./releases/v0.55.0/site/game/ui/retry-view.mjs
build	Upload complete canonical site	2026-09-15T08:34:33.6384243Z ./releases/v0.55.0/site/game/ui/game-shell.mjs
build	Upload complete canonical site	2026-09-15T08:34:33.6384586Z ./releases/v0.55.0/site/game/ui/video-poster-workshop.mjs
build	Upload complete canonical site	2026-09-15T08:34:33.6384949Z ./releases/v0.55.0/site/game/ui/mission-gallery.mjs
build	Upload complete canonical site	2026-09-15T08:34:33.6385276Z ./releases/v0.55.0/site/game/ui/key-settings.mjs
build	Upload complete canonical site	2026-09-15T08:34:33.6385616Z ./releases/v0.55.0/site/game/ui/event-feedback.mjs
build	Upload complete canonical site	2026-09-15T08:34:33.6386219Z ./releases/v0.55.0/site/game/ui/profile-recovery-dialog.css
build	Upload complete canonical site	2026-09-15T08:34:33.6386599Z ./releases/v0.55.0/site/game/ui/still-story-panel.mjs
build	Upload complete canonical site	2026-09-15T08:34:33.6386952Z ./releases/v0.55.0/site/game/ui/enemy-catalog-panel.mjs
build	Upload complete canonical site	2026-09-15T08:34:33.6387301Z ./releases/v0.55.0/site/game/ui/controller-router.mjs
build	Upload complete canonical site	2026-09-15T08:34:33.6387640Z ./releases/v0.55.0/site/game/ui/field-kit-tokens.css
build	Upload complete canonical site	2026-09-15T08:34:33.6387954Z ./releases/v0.55.0/site/game/ui/fonts/
build	Upload complete canonical site	2026-09-15T08:34:33.6388254Z ./releases/v0.55.0/site/game/ui/fonts/pixelify-sans/
build	Upload complete canonical site	2026-09-15T08:34:33.6388670Z ./releases/v0.55.0/site/game/ui/fonts/pixelify-sans/provenance.json
build	Upload complete canonical site	2026-09-15T08:34:33.6389107Z ./releases/v0.55.0/site/game/ui/fonts/pixelify-sans/METADATA.pb
build	Upload complete canonical site	2026-09-15T08:34:33.6389561Z ./releases/v0.55.0/site/game/ui/fonts/pixelify-sans/PixelifySans.ttf
build	Upload complete canonical site	2026-09-15T08:34:33.6389990Z ./releases/v0.55.0/site/game/ui/fonts/pixelify-sans/OFL.txt
build	Upload complete canonical site	2026-09-15T08:34:33.6390508Z ./releases/v0.55.0/site/game/ui/fonts/provenance.json
build	Upload complete canonical site	2026-09-15T08:34:33.6390848Z ./releases/v0.55.0/site/game/ui/fonts/METADATA.pb
build	Upload complete canonical site	2026-09-15T08:34:33.6391203Z ./releases/v0.55.0/site/game/ui/fonts/Tiny5-Regular.ttf
build	Upload complete canonical site	2026-09-15T08:34:33.6391545Z ./releases/v0.55.0/site/game/ui/fonts/field-kit/
build	Upload complete canonical site	2026-09-15T08:34:33.6391912Z ./releases/v0.55.0/site/game/ui/fonts/field-kit/provenance.json
build	Upload complete canonical site	2026-09-15T08:34:33.6392363Z ./releases/v0.55.0/site/game/ui/fonts/field-kit/handjet-display-600.woff2
build	Upload complete canonical site	2026-09-15T08:34:33.6392831Z ./releases/v0.55.0/site/game/ui/fonts/field-kit/exo2-ui-400-600.woff2
build	Upload complete canonical site	2026-09-15T08:34:33.6393264Z ./releases/v0.55.0/site/game/ui/fonts/field-kit/IBMPlexMono-OFL.txt
build	Upload complete canonical site	2026-09-15T08:34:33.6393681Z ./releases/v0.55.0/site/game/ui/fonts/field-kit/Handjet-OFL.txt
build	Upload complete canonical site	2026-09-15T08:34:33.6394108Z ./releases/v0.55.0/site/game/ui/fonts/field-kit/ibm-plex-mono-500.woff2
build	Upload complete canonical site	2026-09-15T08:34:33.6394544Z ./releases/v0.55.0/site/game/ui/fonts/field-kit/Exo2-OFL.txt
build	Upload complete canonical site	2026-09-15T08:34:33.6394901Z ./releases/v0.55.0/site/game/ui/fonts/OFL.txt
build	Upload complete canonical site	2026-09-15T08:34:33.6395211Z ./releases/v0.55.0/site/game/ui/enemy-guide.css
build	Upload complete canonical site	2026-09-15T08:34:33.6395555Z ./releases/v0.55.0/site/game/ui/first-flight-launch.mjs
build	Upload complete canonical site	2026-09-15T08:34:33.6396197Z ./releases/v0.55.0/site/game/ui/soundtrack-player.mjs
build	Upload complete canonical site	2026-09-15T08:34:33.6396532Z ./releases/v0.55.0/site/game/ui/mastery-view.mjs
build	Upload complete canonical site	2026-09-15T08:34:33.6396835Z ./releases/v0.55.0/site/game/ui/audio.mjs
build	Upload complete canonical site	2026-09-15T08:34:33.6397151Z ./releases/v0.55.0/site/game/ui/still-media-preview.mjs
build	Upload complete canonical site	2026-09-15T08:34:33.6397535Z ./releases/v0.55.0/site/game/ui/optional-chapters-panel.css
build	Upload complete canonical site	2026-09-15T08:34:33.6397906Z ./releases/v0.55.0/site/game/ui/modal-navigation.mjs
build	Upload complete canonical site	2026-09-15T08:34:33.6398236Z ./releases/v0.55.0/site/game/ui/story-dialog.mjs
build	Upload complete canonical site	2026-09-15T08:34:33.6398562Z ./releases/v0.55.0/site/game/ui/profile-recovery.mjs
build	Upload complete canonical site	2026-09-15T08:34:33.6398899Z ./releases/v0.55.0/site/game/ui/encounter-view.mjs
build	Upload complete canonical site	2026-09-15T08:34:33.6399246Z ./releases/v0.55.0/site/game/ui/still-media-catalog.mjs
build	Upload complete canonical site	2026-09-15T08:34:33.6399728Z ./releases/v0.55.0/site/game/ui/mission-picker.css
build	Upload complete canonical site	2026-09-15T08:34:33.6400052Z ./releases/v0.55.0/site/game/ui/victory-story.mjs
build	Upload complete canonical site	2026-09-15T08:34:33.6400393Z ./releases/v0.55.0/site/game/ui/mission-thumbnails.mjs
build	Upload complete canonical site	2026-09-15T08:34:33.6400745Z ./releases/v0.55.0/site/game/ui/controller-reading.mjs
build	Upload complete canonical site	2026-09-15T08:34:33.6401092Z ./releases/v0.55.0/site/game/ui/controller-preview.mjs
build	Upload complete canonical site	2026-09-15T08:34:33.6401428Z ./releases/v0.55.0/site/game/ui/mission-picker.mjs
build	Upload complete canonical site	2026-09-15T08:34:33.6401761Z ./releases/v0.55.0/site/game/ui/result-picture.mjs
build	Upload complete canonical site	2026-09-15T08:34:33.6402077Z ./releases/v0.55.0/site/game/ui/fullscreen.mjs
build	Upload complete canonical site	2026-09-15T08:34:33.6402407Z ./releases/v0.55.0/site/game/ui/soundtrack-panel.mjs
build	Upload complete canonical site	2026-09-15T08:34:33.6402748Z ./releases/v0.55.0/site/game/ui/enemy-body-assets.mjs
build	Upload complete canonical site	2026-09-15T08:34:33.6403067Z ./releases/v0.55.0/site/game/ui/art/
build	Upload complete canonical site	2026-09-15T08:34:33.6403349Z ./releases/v0.55.0/site/game/ui/art/field-kit/
build	Upload complete canonical site	2026-09-15T08:34:33.6403682Z ./releases/v0.55.0/site/game/ui/art/field-kit/prepared/
build	Upload complete canonical site	2026-09-15T08:34:33.6404118Z ./releases/v0.55.0/site/game/ui/art/field-kit/prepared/title-hangar-v1.png
build	Upload complete canonical site	2026-09-15T08:34:33.6404652Z ./releases/v0.55.0/site/game/ui/art/field-kit/prepared/title-hangar-portrait-v1.png
build	Upload complete canonical site	2026-09-15T08:34:33.6405136Z ./releases/v0.55.0/site/game/ui/controller-navigation.mjs
build	Upload complete canonical site	2026-09-15T08:34:33.6405505Z ./releases/v0.55.0/site/game/ui/still-media-panel.mjs
build	Upload complete canonical site	2026-09-15T08:34:33.6406107Z ./releases/v0.55.0/site/game/ui/profile-transfer-panel.mjs
build	Upload complete canonical site	2026-09-15T08:34:33.6406487Z ./releases/v0.55.0/site/game/ui/flight-pictures.mjs
build	Upload complete canonical site	2026-09-15T08:34:33.6406802Z ./releases/v0.55.0/site/game/ui/music.mjs
build	Upload complete canonical site	2026-09-15T08:34:33.6407127Z ./releases/v0.55.0/site/game/ui/enemy-workshop-return.mjs
build	Upload complete canonical site	2026-09-15T08:34:33.6407490Z ./releases/v0.55.0/site/game/ui/controller-settings.mjs
build	Upload complete canonical site	2026-09-15T08:34:33.6407845Z ./releases/v0.55.0/site/game/ui/field-kit-compiled.css
build	Upload complete canonical site	2026-09-15T08:34:33.6408190Z ./releases/v0.55.0/site/game/ui/field-kit-surfaces.css
build	Upload complete canonical site	2026-09-15T08:34:33.6408722Z ./releases/v0.55.0/site/game/ui/controller-boost-settings.mjs
build	Upload complete canonical site	2026-09-15T08:34:33.6409088Z ./releases/v0.55.0/site/game/ui/mission-brief.css
build	Upload complete canonical site	2026-09-15T08:34:33.6409411Z ./releases/v0.55.0/site/game/ui/celebration.mjs
build	Upload complete canonical site	2026-09-15T08:34:33.6409722Z ./releases/v0.55.0/site/game/ui/classic-view.mjs
build	Upload complete canonical site	2026-09-15T08:34:33.6410075Z ./releases/v0.55.0/site/game/ui/presentation-draw-image.mjs
build	Upload complete canonical site	2026-09-15T08:34:33.6410440Z ./releases/v0.55.0/site/game/ui/published-audio.mjs
build	Upload complete canonical site	2026-09-15T08:34:33.6410759Z ./releases/v0.55.0/site/game/ui/render.mjs
build	Upload complete canonical site	2026-09-15T08:34:33.6411092Z ./releases/v0.55.0/site/game/profile-original-recovery.mjs
build	Upload complete canonical site	2026-09-15T08:34:33.6411425Z ./releases/v0.55.0/site/game/mp3.mjs
build	Upload complete canonical site	2026-09-15T08:34:33.6411724Z ./releases/v0.55.0/site/game/controller-bindings.mjs
build	Upload complete canonical site	2026-09-15T08:34:33.6412050Z ./releases/v0.55.0/site/game/media-library.mjs
build	Upload complete canonical site	2026-09-15T08:34:33.6412367Z ./releases/v0.55.0/site/game/attempt-file.mjs
build	Upload complete canonical site	2026-09-15T08:34:33.6412695Z ./releases/v0.55.0/site/game/coop/
build	Upload complete canonical site	2026-09-15T08:34:33.6412973Z ./releases/v0.55.0/site/game/coop/threats.mjs
build	Upload complete canonical site	2026-09-15T08:34:33.6413291Z ./releases/v0.55.0/site/game/coop/geometry.mjs
build	Upload complete canonical site	2026-09-15T08:34:33.6413612Z ./releases/v0.55.0/site/game/coop/input-policy.mjs
build	Upload complete canonical site	2026-09-15T08:34:33.6413929Z ./releases/v0.55.0/site/game/coop/recipes.mjs
build	Upload complete canonical site	2026-09-15T08:34:33.6414233Z ./releases/v0.55.0/site/game/coop/relay-yard.mjs
build	Upload complete canonical site	2026-09-15T08:34:33.6414555Z ./releases/v0.55.0/site/game/coop/library.mjs
build	Upload complete canonical site	2026-09-15T08:34:33.6414845Z ./releases/v0.55.0/site/game/coop/core.mjs
build	Upload complete canonical site	2026-09-15T08:34:33.6415164Z ./releases/v0.55.0/site/game/coop/first-connection.mjs
build	Upload complete canonical site	2026-09-15T08:34:33.6415484Z ./releases/v0.55.0/site/game/playground/
build	Upload complete canonical site	2026-09-15T08:34:33.6416032Z ./releases/v0.55.0/site/game/playground/playground.css
build	Upload complete canonical site	2026-09-15T08:34:33.6416380Z ./releases/v0.55.0/site/game/playground/viewport.mjs
build	Upload complete canonical site	2026-09-15T08:34:33.6416723Z ./releases/v0.55.0/site/game/playground/board-view.mjs
build	Upload complete canonical site	2026-09-15T08:34:33.6417058Z ./releases/v0.55.0/site/game/playground/index.html
build	Upload complete canonical site	2026-09-15T08:34:33.6417433Z ./releases/v0.55.0/site/game/playground/control-geometry.mjs
build	Upload complete canonical site	2026-09-15T08:34:33.6417952Z ./releases/v0.55.0/site/game/playground/playground.mjs
build	Upload complete canonical site	2026-09-15T08:34:33.6418288Z ./releases/v0.55.0/site/game/playground/model.mjs
build	Upload complete canonical site	2026-09-15T08:34:33.6418636Z ./releases/v0.55.0/site/game/profile-channel-assets.mjs
build	Upload complete canonical site	2026-09-15T08:34:33.6418965Z ./releases/v0.55.0/site/game/backup.mjs
build	Upload complete canonical site	2026-09-15T08:34:33.6419242Z ./releases/v0.55.0/site/game/boot.mjs
build	Upload complete canonical site	2026-09-15T08:34:33.6419552Z ./releases/v0.55.0/site/game/difficulty-navigation.mjs
build	Upload complete canonical site	2026-09-15T08:34:33.6419886Z ./releases/v0.55.0/site/game/replay-player.mjs
build	Upload complete canonical site	2026-09-15T08:34:33.6420233Z ./releases/v0.55.0/site/game/soundtrack-store-legacy.mjs
build	Upload complete canonical site	2026-09-15T08:34:33.6420556Z ./releases/v0.55.0/site/game/mastery.mjs
build	Upload complete canonical site	2026-09-15T08:34:33.6420825Z ./releases/v0.55.0/site/game/core/
build	Upload complete canonical site	2026-09-15T08:34:33.6421109Z ./releases/v0.55.0/site/game/core/classic-state.mjs
build	Upload complete canonical site	2026-09-15T08:34:33.6421428Z ./releases/v0.55.0/site/game/core/capture.mjs
build	Upload complete canonical site	2026-09-15T08:34:33.6421731Z ./releases/v0.55.0/site/game/core/geometry.mjs
build	Upload complete canonical site	2026-09-15T08:34:33.6422040Z ./releases/v0.55.0/site/game/core/systems.mjs
build	Upload complete canonical site	2026-09-15T08:34:33.6422346Z ./releases/v0.55.0/site/game/core/encounter.mjs
build	Upload complete canonical site	2026-09-15T08:34:33.6422675Z ./releases/v0.55.0/site/game/core/classic-contour.mjs
build	Upload complete canonical site	2026-09-15T08:34:33.6422997Z ./releases/v0.55.0/site/game/core/level.mjs
build	Upload complete canonical site	2026-09-15T08:34:33.6423293Z ./releases/v0.55.0/site/game/core/registry.mjs
build	Upload complete canonical site	2026-09-15T08:34:33.6423615Z ./releases/v0.55.0/site/game/core/classic-topology.mjs
build	Upload complete canonical site	2026-09-15T08:34:33.6423963Z ./releases/v0.55.0/site/game/core/enemy-pressure.mjs
build	Upload complete canonical site	2026-09-15T08:34:33.6424298Z ./releases/v0.55.0/site/game/core/line-impact.mjs
build	Upload complete canonical site	2026-09-15T08:34:33.6424614Z ./releases/v0.55.0/site/game/core/contacts.mjs
build	Upload complete canonical site	2026-09-15T08:34:33.6424925Z ./releases/v0.55.0/site/game/core/classic-step.mjs
build	Upload complete canonical site	2026-09-15T08:34:33.6425254Z ./releases/v0.55.0/site/game/core/arcade-actions.mjs
build	Upload complete canonical site	2026-09-15T08:34:33.6425586Z ./releases/v0.55.0/site/game/core/abilities.mjs
build	Upload complete canonical site	2026-09-15T08:34:33.6426174Z ./releases/v0.55.0/site/game/core/versions.mjs
build	Upload complete canonical site	2026-09-15T08:34:33.6426613Z ./releases/v0.55.0/site/game/core/README.md
build	Upload complete canonical site	2026-09-15T08:34:33.6426898Z ./releases/v0.55.0/site/game/core/index.mjs
build	Upload complete canonical site	2026-09-15T08:34:33.6427200Z ./releases/v0.55.0/site/game/core/movement.mjs
build	Upload complete canonical site	2026-09-15T08:34:33.6427539Z ./releases/v0.55.0/site/game/core/classic-definition.mjs
build	Upload complete canonical site	2026-09-15T08:34:33.6427892Z ./releases/v0.55.0/site/game/core/classic-motion.mjs
build	Upload complete canonical site	2026-09-15T08:34:33.6428248Z ./releases/v0.55.0/site/game/character-presentations.mjs
build	Upload complete canonical site	2026-09-15T08:34:33.6428630Z ./releases/v0.55.0/site/game/external-chapter-pointer.mjs
build	Upload complete canonical site	2026-09-15T08:34:33.6428989Z ./releases/v0.55.0/site/game/external-chapter.mjs
build	Upload complete canonical site	2026-09-15T08:34:33.6429306Z ./releases/v0.55.0/site/game/build-info.json
build	Upload complete canonical site	2026-09-15T08:34:33.6429600Z ./releases/v0.55.0/site/game/text-size.mjs
build	Upload complete canonical site	2026-09-15T08:34:33.6429888Z ./releases/v0.55.0/site/game/content/
build	Upload complete canonical site	2026-09-15T08:34:33.6430203Z ./releases/v0.55.0/site/game/content/external-worlds.json
build	Upload complete canonical site	2026-09-15T08:34:33.6430568Z ./releases/v0.55.0/site/game/content/optional-worlds.json
build	Upload complete canonical site	2026-09-15T08:34:33.6430956Z ./releases/v0.55.0/site/game/content/recovery-catalogs.json
build	Upload complete canonical site	2026-09-15T08:34:33.6431321Z ./releases/v0.55.0/site/game/content/scenarios/
build	Upload complete canonical site	2026-09-15T08:34:33.6431739Z ./releases/v0.55.0/site/game/content/scenarios/line-impact-demo.json
build	Upload complete canonical site	2026-09-15T08:34:33.6432128Z ./releases/v0.55.0/site/game/content/themes.json
build	Upload complete canonical site	2026-09-15T08:34:33.6432436Z ./releases/v0.55.0/site/game/content/packs/
build	Upload complete canonical site	2026-09-15T08:34:33.6432781Z ./releases/v0.55.0/site/game/content/packs/night-shift.json
build	Upload complete canonical site	2026-09-15T08:34:33.6433197Z ./releases/v0.55.0/site/game/content/packs/fpv-pressure-frontier.json
build	Upload complete canonical site	2026-09-15T08:34:33.6450007Z ./releases/v0.55.0/site/game/content/packs/index.json
build	Upload complete canonical site	2026-09-15T08:34:33.6450681Z ./releases/v0.55.0/site/game/content/packs/fpv-arcade-r5.json
build	Upload complete canonical site	2026-09-15T08:34:33.6548658Z ./releases/v0.55.0/site/game/content/packs/archive-catalog.json
build	Upload complete canonical site	2026-09-15T08:34:33.6549688Z ./releases/v0.55.0/site/game/content/packs/fpv-arcade-r2.json
build	Upload complete canonical site	2026-09-15T08:34:33.6669742Z ./releases/v0.55.0/site/game/content/packs/classic-lab.json
build	Upload complete canonical site	2026-09-15T08:34:33.6671149Z ./releases/v0.55.0/site/game/content/packs/homeward-skies.json
build	Upload complete canonical site	2026-09-15T08:34:33.6758185Z ./releases/v0.55.0/site/game/content/packs/archive-index.json
build	Upload complete canonical site	2026-09-15T08:34:33.6758968Z ./releases/v0.55.0/site/game/content/packs/equipment-workshop.json
build	Upload complete canonical site	2026-09-15T08:34:33.6843745Z ./releases/v0.55.0/site/game/content/packs/fpv-arcade.json
build	Upload complete canonical site	2026-09-15T08:34:33.6934399Z ./releases/v0.55.0/site/game/content/packs/living-threads.json
build	Upload complete canonical site	2026-09-15T08:34:33.6935107Z ./releases/v0.55.0/site/game/content/packs/fpv-arcade-r4.json
build	Upload complete canonical site	2026-09-15T08:34:33.7029332Z ./releases/v0.55.0/site/game/content/packs/fieldcraft.json
build	Upload complete canonical site	2026-09-15T08:34:33.7030073Z ./releases/v0.55.0/site/game/content/packs/sentinel-relay.json
build	Upload complete canonical site	2026-09-15T08:34:33.7030655Z ./releases/v0.55.0/site/game/content/packs/fpv-arcade-r3.json
build	Upload complete canonical site	2026-09-15T08:34:33.7122568Z ./releases/v0.55.0/site/game/content/packs/catalog.json
build	Upload complete canonical site	2026-09-15T08:34:33.7123458Z ./releases/v0.55.0/site/game/content/enemy-presentations.json
build	Upload complete canonical site	2026-09-15T08:34:33.7124336Z ./releases/v0.55.0/site/game/content/campaign.json
build	Upload complete canonical site	2026-09-15T08:34:33.7125056Z ./releases/v0.55.0/site/game/content/classes.json
build	Upload complete canonical site	2026-09-15T08:34:33.7125994Z ./releases/v0.55.0/site/game/difficulty-access.mjs
build	Upload complete canonical site	2026-09-15T08:34:33.7126607Z ./releases/v0.55.0/site/game/story-receipts.mjs
build	Upload complete canonical site	2026-09-15T08:34:33.7127174Z ./releases/v0.55.0/site/game/index.html
build	Upload complete canonical site	2026-09-15T08:34:33.7127687Z ./releases/v0.55.0/site/game/offline.mjs
build	Upload complete canonical site	2026-09-15T08:34:33.7128239Z ./releases/v0.55.0/site/game/profile-recovery.mjs
build	Upload complete canonical site	2026-09-15T08:34:33.7128833Z ./releases/v0.55.0/site/game/continuation.mjs
build	Upload complete canonical site	2026-09-15T08:34:33.7129404Z ./releases/v0.55.0/site/game/first-flight.mjs
build	Upload complete canonical site	2026-09-15T08:34:33.7129981Z ./releases/v0.55.0/site/game/replay-theater/
build	Upload complete canonical site	2026-09-15T08:34:33.7130559Z ./releases/v0.55.0/site/game/replay-theater/data/
build	Upload complete canonical site	2026-09-15T08:34:33.7131307Z ./releases/v0.55.0/site/game/replay-theater/data/fieldcraft-02.replay.json
build	Upload complete canonical site	2026-09-15T08:34:33.7132229Z ./releases/v0.55.0/site/game/replay-theater/data/fieldcraft-04.replay.json
build	Upload complete canonical site	2026-09-15T08:34:33.7133466Z ./releases/v0.55.0/site/game/replay-theater/data/fieldcraft-03.replay.json
build	Upload complete canonical site	2026-09-15T08:34:33.7134359Z ./releases/v0.55.0/site/game/replay-theater/data/fieldcraft-01.replay.json
build	Upload complete canonical site	2026-09-15T08:34:33.7135172Z ./releases/v0.55.0/site/game/replay-theater/index.html
build	Upload complete canonical site	2026-09-15T08:34:33.7136012Z ./releases/v0.55.0/site/game/replay-theater/app.mjs
build	Upload complete canonical site	2026-09-15T08:34:33.7136607Z ./releases/v0.55.0/site/game/replay-theater/theater.css
build	Upload complete canonical site	2026-09-15T08:34:33.7137227Z ./releases/v0.55.0/site/game/replay-theater/navigation.mjs
build	Upload complete canonical site	2026-09-15T08:34:33.7137810Z ./releases/v0.55.0/site/game/backup-storage.mjs
build	Upload complete canonical site	2026-09-15T08:34:33.7138169Z ./releases/v0.55.0/site/game/profile-recovery.html
build	Upload complete canonical site	2026-09-15T08:34:33.7138516Z ./releases/v0.55.0/site/game/library.mjs
build	Upload complete canonical site	2026-09-15T08:34:33.7139047Z ./releases/v0.55.0/site/game/victory-story.mjs
build	Upload complete canonical site	2026-09-15T08:34:33.7139578Z ./releases/v0.55.0/site/game/enemy-catalog.mjs
build	Upload complete canonical site	2026-09-15T08:34:33.7140105Z ./releases/v0.55.0/site/game/mastery-catalog.mjs
build	Upload complete canonical site	2026-09-15T08:34:33.7140714Z ./releases/v0.55.0/site/game/profile-channel-reader.mjs
build	Upload complete canonical site	2026-09-15T08:34:33.7141310Z ./releases/v0.55.0/site/game/soundtrack-bundle.mjs
build	Upload complete canonical site	2026-09-15T08:34:33.7141848Z ./releases/v0.55.0/site/game/media-bundle.mjs
build	Upload complete canonical site	2026-09-15T08:34:33.7142350Z ./releases/v0.55.0/site/game/media-store.mjs
build	Upload complete canonical site	2026-09-15T08:34:33.7143081Z ./releases/v0.55.0/site/game/profile-channel.mjs
build	Upload complete canonical site	2026-09-15T08:34:33.7144085Z ./releases/v0.55.0/site/game/external-chapter-install.mjs
build	Upload complete canonical site	2026-09-15T08:34:33.7144778Z ./releases/v0.55.0/site/game/README.md
build	Upload complete canonical site	2026-09-15T08:34:33.7145493Z ./releases/v0.55.0/site/game/external-chapter-catalog.mjs
build	Upload complete canonical site	2026-09-15T08:34:33.7146521Z ./releases/v0.55.0/site/game/progress.mjs
build	Upload complete canonical site	2026-09-15T08:34:33.7162570Z ./releases/v0.55.0/site/game/collection-results.mjs
build	Upload complete canonical site	2026-09-15T08:34:33.7163275Z ./releases/v0.55.0/site/game/body-derivative.mjs
build	Upload complete canonical site	2026-09-15T08:34:33.7163865Z ./releases/v0.55.0/site/game/external-backup-assets.mjs
build	Upload complete canonical site	2026-09-15T08:34:33.7164445Z ./releases/v0.55.0/site/game/app.mjs
build	Upload complete canonical site	2026-09-15T08:34:33.7165310Z ./releases/v0.55.0/site/game/controller-boost.mjs
build	Upload complete canonical site	2026-09-15T08:34:33.7166130Z ./releases/v0.55.0/site/game/mastery-awards.mjs
build	Upload complete canonical site	2026-09-15T08:34:33.7166786Z ./releases/v0.55.0/site/game/external-chapter-host.mjs
build	Upload complete canonical site	2026-09-15T08:34:33.7167388Z ./releases/v0.55.0/site/game/campaign-contexts.mjs
build	Upload complete canonical site	2026-09-15T08:34:33.7167965Z ./releases/v0.55.0/site/game/attempt-export.mjs
build	Upload complete canonical site	2026-09-15T08:34:33.7169141Z ./releases/v0.55.0/site/game/picture-receipts.mjs
build	Upload complete canonical site	2026-09-15T08:34:33.7169742Z ./releases/v0.55.0/site/game/platform.mjs
build	Upload complete canonical site	2026-09-15T08:34:33.7170265Z ./releases/v0.55.0/site/game/mission-brief.mjs
build	Upload complete canonical site	2026-09-15T08:34:33.7170780Z ./releases/v0.55.0/site/game/packs.mjs
build	Upload complete canonical site	2026-09-15T08:34:33.7171255Z ./releases/v0.55.0/site/game/key-bindings.mjs
build	Upload complete canonical site	2026-09-15T08:34:33.7171771Z ./releases/v0.55.0/site/game/assets/
build	Upload complete canonical site	2026-09-15T08:34:33.7172257Z ./releases/v0.55.0/site/game/assets/field-kit/
build	Upload complete canonical site	2026-09-15T08:34:33.7172819Z ./releases/v0.55.0/site/game/assets/field-kit/icons/
build	Upload complete canonical site	2026-09-15T08:34:33.7173543Z ./releases/v0.55.0/site/game/assets/field-kit/icons/contact-sheet.png
build	Upload complete canonical site	2026-09-15T08:34:33.7174307Z ./releases/v0.55.0/site/game/assets/field-kit/icons/review.html
build	Upload complete canonical site	2026-09-15T08:34:33.7174991Z ./releases/v0.55.0/site/game/assets/field-kit/icons/review.mjs
build	Upload complete canonical site	2026-09-15T08:34:33.7175633Z ./releases/v0.55.0/site/game/assets/field-kit/sprites/
build	Upload complete canonical site	2026-09-15T08:34:33.7176621Z ./releases/v0.55.0/site/game/assets/field-kit/sprites/enemy-relay-sentinel.png
build	Upload complete canonical site	2026-09-15T08:34:33.7177137Z ./releases/v0.55.0/site/game/assets/field-kit/sprites/terrain-wall.png
build	Upload complete canonical site	2026-09-15T08:34:33.7177585Z ./releases/v0.55.0/site/game/assets/field-kit/sprites/enemy-eroder.png
build	Upload complete canonical site	2026-09-15T08:34:33.7178061Z ./releases/v0.55.0/site/game/assets/field-kit/sprites/enemy-border-patrol.png
build	Upload complete canonical site	2026-09-15T08:34:33.7178603Z ./releases/v0.55.0/site/game/assets/field-kit/sprites/player-bomber-detailed.png
build	Upload complete canonical site	2026-09-15T08:34:33.7179131Z ./releases/v0.55.0/site/game/assets/field-kit/sprites/pickup-objective.png
build	Upload complete canonical site	2026-09-15T08:34:33.7179610Z ./releases/v0.55.0/site/game/assets/field-kit/sprites/contact-sheet.png
build	Upload complete canonical site	2026-09-15T08:34:33.7180282Z ./releases/v0.55.0/site/game/assets/field-kit/sprites/sprites.json
build	Upload complete canonical site	2026-09-15T08:34:33.7180734Z ./releases/v0.55.0/site/game/assets/field-kit/sprites/pickup-supply.png
build	Upload complete canonical site	2026-09-15T08:34:33.7181206Z ./releases/v0.55.0/site/game/assets/field-kit/sprites/terrain-lethal.png
build	Upload complete canonical site	2026-09-15T08:34:33.7181688Z ./releases/v0.55.0/site/game/assets/field-kit/sprites/enemy-claimed-rover.png
build	Upload complete canonical site	2026-09-15T08:34:33.7182193Z ./releases/v0.55.0/site/game/assets/field-kit/sprites/enemy-contour-patrol.png
build	Upload complete canonical site	2026-09-15T08:34:33.7182725Z ./releases/v0.55.0/site/game/assets/field-kit/sprites/player-interceptor-compact.png
build	Upload complete canonical site	2026-09-15T08:34:33.7183271Z ./releases/v0.55.0/site/game/assets/field-kit/sprites/player-trapper-compact.png
build	Upload complete canonical site	2026-09-15T08:34:33.7183784Z ./releases/v0.55.0/site/game/assets/field-kit/sprites/player-fiber-compact.png
build	Upload complete canonical site	2026-09-15T08:34:33.7184333Z ./releases/v0.55.0/site/game/assets/field-kit/sprites/player-interceptor-detailed.png
build	Upload complete canonical site	2026-09-15T08:34:33.7184889Z ./releases/v0.55.0/site/game/assets/field-kit/sprites/pickup-freeze.png
build	Upload complete canonical site	2026-09-15T08:34:33.7185334Z ./releases/v0.55.0/site/game/assets/field-kit/sprites/review.html
build	Upload complete canonical site	2026-09-15T08:34:33.7186088Z ./releases/v0.55.0/site/game/assets/field-kit/sprites/player-impact-compact.png
build	Upload complete canonical site	2026-09-15T08:34:33.7186611Z ./releases/v0.55.0/site/game/assets/field-kit/sprites/player-bomber-compact.png
build	Upload complete canonical site	2026-09-15T08:34:33.7187153Z ./releases/v0.55.0/site/game/assets/field-kit/sprites/player-trapper-detailed.png
build	Upload complete canonical site	2026-09-15T08:34:33.7187703Z ./releases/v0.55.0/site/game/assets/field-kit/sprites/player-impact-detailed.png
build	Upload complete canonical site	2026-09-15T08:34:33.7188190Z ./releases/v0.55.0/site/game/assets/field-kit/sprites/pickup-life.png
build	Upload complete canonical site	2026-09-15T08:34:33.7188640Z ./releases/v0.55.0/site/game/assets/field-kit/sprites/enemy-bouncer.png
build	Upload complete canonical site	2026-09-15T08:34:33.7189094Z ./releases/v0.55.0/site/game/assets/field-kit/sprites/enemy-lane-boss.png
build	Upload complete canonical site	2026-09-15T08:34:33.7189555Z ./releases/v0.55.0/site/game/assets/field-kit/sprites/terrain-slow.png
build	Upload complete canonical site	2026-09-15T08:34:33.7190211Z ./releases/v0.55.0/site/game/assets/field-kit/sprites/player-fiber-detailed.png
build	Upload complete canonical site	2026-09-15T08:34:33.7190696Z ./releases/v0.55.0/site/game/assets/field-kit/sprites/pickup-speed.png
build	Upload complete canonical site	2026-09-15T08:34:33.7191201Z ./releases/v0.55.0/site/game/assets/field-kit/sprites/player-carrier-compact.png
build	Upload complete canonical site	2026-09-15T08:34:33.7191729Z ./releases/v0.55.0/site/game/assets/field-kit/sprites/player-scout-compact.png
build	Upload complete canonical site	2026-09-15T08:34:33.7192201Z ./releases/v0.55.0/site/game/assets/field-kit/sprites/pickup-slow.png
build	Upload complete canonical site	2026-09-15T08:34:33.7192672Z ./releases/v0.55.0/site/game/assets/field-kit/sprites/player-scout-detailed.png
build	Upload complete canonical site	2026-09-15T08:34:33.7193196Z ./releases/v0.55.0/site/game/assets/field-kit/sprites/player-carrier-detailed.png
build	Upload complete canonical site	2026-09-15T08:34:33.7193627Z ./releases/v0.55.0/site/game/multiplayer.mjs
build	Upload complete canonical site	2026-09-15T08:34:33.7193929Z ./releases/v0.55.0/site/game/storage.mjs
build	Upload complete canonical site	2026-09-15T08:34:33.7194225Z ./releases/v0.55.0/site/game/style.css
build	Upload complete canonical site	2026-09-15T08:34:33.7194507Z ./releases/v0.55.0/site/game/sessions.mjs
build	Upload complete canonical site	2026-09-15T08:34:33.7194806Z ./releases/v0.55.0/site/game/soundtrack.mjs
build	Upload complete canonical site	2026-09-15T08:34:33.7195094Z ./releases/v0.55.0/site/game/imports.mjs
build	Upload complete canonical site	2026-09-15T08:34:33.7195425Z ./releases/v0.55.0/site/game/external-recovery-catalog.mjs
build	Upload complete canonical site	2026-09-15T08:34:33.7196035Z ./releases/v0.55.0/site/game/text-face.mjs
build	Upload complete canonical site	2026-09-15T08:34:33.7196330Z ./releases/v0.55.0/site/service-worker.js
build	Upload complete canonical site	2026-09-15T08:34:33.7196607Z ./releases/v0.55.0/site/docs/
build	Upload complete canonical site	2026-09-15T08:34:33.7196897Z ./releases/v0.55.0/site/docs/field-kit-production.md
build	Upload complete canonical site	2026-09-15T08:34:33.7197246Z ./releases/v0.55.0/site/docs/field-kit-sprites.md
build	Upload complete canonical site	2026-09-15T08:34:33.7197572Z ./releases/v0.55.0/site/docs/field-kit-icons.md
build	Upload complete canonical site	2026-09-15T08:34:33.7197874Z ./releases/v0.55.0/site/docs/verification/
build	Upload complete canonical site	2026-09-15T08:34:33.7198201Z ./releases/v0.55.0/site/docs/verification/fpv-redesign/
build	Upload complete canonical site	2026-09-15T08:34:33.7198600Z ./releases/v0.55.0/site/docs/verification/fpv-redesign/baseline/
build	Upload complete canonical site	2026-09-15T08:34:33.7199082Z ./releases/v0.55.0/site/docs/verification/fpv-redesign/baseline/pause-desktop.jpg
build	Upload complete canonical site	2026-09-15T08:34:33.7199786Z ./releases/v0.55.0/site/docs/verification/fpv-redesign/baseline/briefing-phone.jpg
build	Upload complete canonical site	2026-09-15T08:34:33.7200328Z ./releases/v0.55.0/site/docs/verification/fpv-redesign/baseline/title-desktop.jpg
build	Upload complete canonical site	2026-09-15T08:34:33.7200850Z ./releases/v0.55.0/site/docs/verification/fpv-redesign/baseline/title-phone.jpg
build	Upload complete canonical site	2026-09-15T08:34:33.7201373Z ./releases/v0.55.0/site/docs/verification/fpv-redesign/baseline/missions-phone.jpg
build	Upload complete canonical site	2026-09-15T08:34:33.7201893Z ./releases/v0.55.0/site/docs/verification/fpv-redesign/baseline/inventory.json
build	Upload complete canonical site	2026-09-15T08:34:33.7202429Z ./releases/v0.55.0/site/docs/verification/fpv-redesign/baseline/settings-desktop.jpg
build	Upload complete canonical site	2026-09-15T08:34:33.7202976Z ./releases/v0.55.0/site/docs/verification/fpv-redesign/baseline/flight-desktop.jpg
build	Upload complete canonical site	2026-09-15T08:34:33.7203514Z ./releases/v0.55.0/site/docs/verification/fpv-redesign/baseline/missions-desktop.jpg
build	Upload complete canonical site	2026-09-15T08:34:33.7204024Z ./releases/v0.55.0/site/docs/verification/fpv-redesign/baseline/README.md
build	Upload complete canonical site	2026-09-15T08:34:33.7204446Z ./releases/v0.55.0/site/docs/field-kit-reveals.md
build	Upload complete canonical site	2026-09-15T08:34:33.7204780Z ./releases/v0.55.0/site/docs/fpv-redesign-design.md
build	Upload complete canonical site	2026-09-15T08:34:33.7205128Z ./releases/v0.55.0/site/docs/fpv-reveal-art-audit.md
build	Upload complete canonical site	2026-09-15T08:34:33.7205476Z ./releases/v0.55.0/site/docs/field-kit-surfaces.md
build	Upload complete canonical site	2026-09-15T08:34:33.7206122Z ./releases/v0.55.0/site/docs/presentation-system.md
build	Upload complete canonical site	2026-09-15T08:34:33.7206497Z ./releases/v0.55.0/site/docs/presentation-audio-and-ui.md
build	Upload complete canonical site	2026-09-15T08:34:33.7206846Z ./releases/v0.55.0/site/docs/asset-studio.md
build	Upload complete canonical site	2026-09-15T08:34:33.7207168Z ./releases/v0.55.0/site/docs/presentation-runtime.md
build	Upload complete canonical site	2026-09-15T08:34:33.7207509Z ./releases/v0.55.0/site/docs/fpv-typography.md
build	Upload complete canonical site	2026-09-15T08:34:33.7207840Z ./releases/v0.55.0/site/docs/field-kit-title-v2.md
build	Upload complete canonical site	2026-09-15T08:34:33.7208158Z ./releases/v0.55.0/site/manifest.webmanifest
build	Upload complete canonical site	2026-09-15T08:34:33.7208445Z ./releases/v0.55.0/site/_headers
build	Upload complete canonical site	2026-09-15T08:34:33.7208734Z ./releases/v0.55.0/site/distribution.zip.sha256
build	Upload complete canonical site	2026-09-15T08:34:33.7209193Z ./releases/v0.55.0/release.json
build	Upload complete canonical site	2026-09-15T08:34:33.7209440Z ./releases/index.html
build	Upload complete canonical site	2026-09-15T08:34:33.7209653Z ./index.html
build	Upload complete canonical site	2026-09-15T08:34:33.7209842Z ./.nojekyll
build	Upload complete canonical site	2026-09-15T08:34:33.7210310Z ##[endgroup]
build	Upload complete canonical site	2026-09-15T08:34:33.7221995Z ##[end-action id=__actions_upload-pages-artifact.__run;outcome=success;conclusion=success;duration_ms=560]
build	Upload complete canonical site	2026-09-15T08:34:33.7226676Z ##[start-action display=Archive artifact;id=__actions_upload-pages-artifact.__run_2]
build	Upload complete canonical site	2026-09-15T08:34:33.7232188Z ##[end-action id=__actions_upload-pages-artifact.__run_2;outcome=skipped;conclusion=skipped;duration_ms=0]
build	Upload complete canonical site	2026-09-15T08:34:33.7234778Z ##[start-action display=Archive artifact;id=__actions_upload-pages-artifact.__run_3]
build	Upload complete canonical site	2026-09-15T08:34:33.7239301Z ##[end-action id=__actions_upload-pages-artifact.__run_3;outcome=skipped;conclusion=skipped;duration_ms=0]
build	Upload complete canonical site	2026-09-15T08:34:33.7242672Z ##[start-action display=Upload artifact;id=__actions_upload-pages-artifact.upload-artifact]
build	Upload complete canonical site	2026-09-15T08:34:33.7279756Z ##[group]Run actions/upload-artifact@bbbca2ddaa5d8feaa63e36b76fdaad77386f024f
build	Upload complete canonical site	2026-09-15T08:34:33.7280208Z with:
build	Upload complete canonical site	2026-09-15T08:34:33.7280412Z   name: github-pages
build	Upload complete canonical site	2026-09-15T08:34:33.7280664Z   path: /home/runner/work/_temp/artifact.tar
build	Upload complete canonical site	2026-09-15T08:34:33.7280946Z   retention-days: 1
build	Upload complete canonical site	2026-09-15T08:34:33.7281167Z   if-no-files-found: error
build	Upload complete canonical site	2026-09-15T08:34:33.7281403Z   compression-level: 6
build	Upload complete canonical site	2026-09-15T08:34:33.7281618Z   overwrite: false
build	Upload complete canonical site	2026-09-15T08:34:33.7281835Z   include-hidden-files: false
build	Upload complete canonical site	2026-09-15T08:34:33.7282075Z   archive: true
build	Upload complete canonical site	2026-09-15T08:34:33.7282285Z ##[endgroup]
build	Upload complete canonical site	2026-09-15T08:34:33.8852812Z With the provided path, there will be 1 file uploaded
build	Upload complete canonical site	2026-09-15T08:34:33.8853874Z Artifact name is valid!
build	Upload complete canonical site	2026-09-15T08:34:33.8854308Z Root directory input is valid!
build	Upload complete canonical site	2026-09-15T08:34:34.2498566Z Uploading artifact: github-pages.zip
build	Upload complete canonical site	2026-09-15T08:34:34.2543091Z Beginning upload of artifact content to blob storage
build	Upload complete canonical site	2026-09-15T08:34:35.5935282Z Uploaded bytes 8388608
build	Upload complete canonical site	2026-09-15T08:34:35.7555034Z Uploaded bytes 16777216
build	Upload complete canonical site	2026-09-15T08:34:35.8806584Z Uploaded bytes 25165824
build	Upload complete canonical site	2026-09-15T08:34:36.0398374Z Uploaded bytes 33554432
build	Upload complete canonical site	2026-09-15T08:34:36.0960361Z Uploaded bytes 41943040
build	Upload complete canonical site	2026-09-15T08:34:36.2780049Z Uploaded bytes 50331648
build	Upload complete canonical site	2026-09-15T08:34:36.4234637Z Uploaded bytes 58720256
build	Upload complete canonical site	2026-09-15T08:34:36.5937586Z Uploaded bytes 67108864
build	Upload complete canonical site	2026-09-15T08:34:36.8572162Z Uploaded bytes 75497472
build	Upload complete canonical site	2026-09-15T08:34:37.0820366Z Uploaded bytes 83886080
build	Upload complete canonical site	2026-09-15T08:34:37.3288259Z Uploaded bytes 92274688
build	Upload complete canonical site	2026-09-15T08:34:37.5748025Z Uploaded bytes 100663296
build	Upload complete canonical site	2026-09-15T08:34:37.7934196Z Uploaded bytes 109051904
build	Upload complete canonical site	2026-09-15T08:34:38.0803534Z Uploaded bytes 117440512
build	Upload complete canonical site	2026-09-15T08:34:38.3266657Z Uploaded bytes 125829120
build	Upload complete canonical site	2026-09-15T08:34:38.5665579Z Uploaded bytes 134217728
build	Upload complete canonical site	2026-09-15T08:34:38.8853734Z Uploaded bytes 142606336
build	Upload complete canonical site	2026-09-15T08:34:39.2065151Z Uploaded bytes 150994944
build	Upload complete canonical site	2026-09-15T08:34:39.4977585Z Uploaded bytes 159383552
build	Upload complete canonical site	2026-09-15T08:34:39.8137306Z Uploaded bytes 167772160
build	Upload complete canonical site	2026-09-15T08:34:40.1925536Z Uploaded bytes 176160768
build	Upload complete canonical site	2026-09-15T08:34:40.7369453Z Uploaded bytes 184549376
build	Upload complete canonical site	2026-09-15T08:34:40.7774856Z Uploaded bytes 192937984
build	Upload complete canonical site	2026-09-15T08:34:41.1209661Z Uploaded bytes 201326592
build	Upload complete canonical site	2026-09-15T08:34:41.4142072Z Uploaded bytes 209715200
build	Upload complete canonical site	2026-09-15T08:34:41.7414881Z Uploaded bytes 218103808
build	Upload complete canonical site	2026-09-15T08:34:42.0856358Z Uploaded bytes 226492416
build	Upload complete canonical site	2026-09-15T08:34:42.5289360Z Uploaded bytes 234881024
build	Upload complete canonical site	2026-09-15T08:34:42.6678058Z Uploaded bytes 243269632
build	Upload complete canonical site	2026-09-15T08:34:43.0385084Z Uploaded bytes 251658240
build	Upload complete canonical site	2026-09-15T08:34:43.3775490Z Uploaded bytes 260046848
build	Upload complete canonical site	2026-09-15T08:34:43.6807236Z Uploaded bytes 268435456
build	Upload complete canonical site	2026-09-15T08:34:43.8920001Z Uploaded bytes 276824064
build	Upload complete canonical site	2026-09-15T08:34:44.1921055Z Uploaded bytes 285212672
build	Upload complete canonical site	2026-09-15T08:34:44.4158914Z Uploaded bytes 293601280
build	Upload complete canonical site	2026-09-15T08:34:44.6831588Z Uploaded bytes 301989888
build	Upload complete canonical site	2026-09-15T08:34:44.9554806Z Uploaded bytes 310378496
build	Upload complete canonical site	2026-09-15T08:34:45.1773046Z Uploaded bytes 318767104
build	Upload complete canonical site	2026-09-15T08:34:45.4609948Z Uploaded bytes 327155712
build	Upload complete canonical site	2026-09-15T08:34:45.7209390Z Uploaded bytes 335544320
build	Upload complete canonical site	2026-09-15T08:34:45.9987260Z Uploaded bytes 343932928
build	Upload complete canonical site	2026-09-15T08:34:46.2642129Z Uploaded bytes 352321536
build	Upload complete canonical site	2026-09-15T08:34:46.5381681Z Uploaded bytes 360710144
build	Upload complete canonical site	2026-09-15T08:34:46.7856464Z Uploaded bytes 369098752
build	Upload complete canonical site	2026-09-15T08:34:46.9643805Z Uploaded bytes 377487360
build	Upload complete canonical site	2026-09-15T08:34:47.2234396Z Uploaded bytes 385875968
build	Upload complete canonical site	2026-09-15T08:34:47.4789851Z Uploaded bytes 394264576
build	Upload complete canonical site	2026-09-15T08:34:47.8223136Z Uploaded bytes 402653184
build	Upload complete canonical site	2026-09-15T08:34:48.1137240Z Uploaded bytes 411041792
build	Upload complete canonical site	2026-09-15T08:34:48.4489492Z Uploaded bytes 419430400
build	Upload complete canonical site	2026-09-15T08:34:48.7713760Z Uploaded bytes 427819008
build	Upload complete canonical site	2026-09-15T08:34:49.0638426Z Uploaded bytes 436207616
build	Upload complete canonical site	2026-09-15T08:34:49.5414798Z Uploaded bytes 444596224
build	Upload complete canonical site	2026-09-15T08:34:49.7413220Z Uploaded bytes 452984832
build	Upload complete canonical site	2026-09-15T08:34:50.0383150Z Uploaded bytes 461373440
build	Upload complete canonical site	2026-09-15T08:34:50.3558052Z Uploaded bytes 469762048
build	Upload complete canonical site	2026-09-15T08:34:50.6753000Z Uploaded bytes 478150656
build	Upload complete canonical site	2026-09-15T08:34:50.9936159Z Uploaded bytes 486539264
build	Upload complete canonical site	2026-09-15T08:34:51.3060569Z Uploaded bytes 494927872
build	Upload complete canonical site	2026-09-15T08:34:51.6306039Z Uploaded bytes 503316480
build	Upload complete canonical site	2026-09-15T08:34:51.9627457Z Uploaded bytes 511705088
build	Upload complete canonical site	2026-09-15T08:34:52.2837983Z Uploaded bytes 520093696
build	Upload complete canonical site	2026-09-15T08:34:52.4284962Z Uploaded bytes 522848915
build	Upload complete canonical site	2026-09-15T08:34:52.5109390Z Finished uploading artifact content to blob storage!
build	Upload complete canonical site	2026-09-15T08:34:52.5112455Z SHA256 digest of uploaded artifact is 5c31091261edc96b8703d3d9a65b25a4e905dc6aba2c233b1fd723ea00b1ea98
build	Upload complete canonical site	2026-09-15T08:34:52.5114556Z Finalizing artifact upload
build	Upload complete canonical site	2026-09-15T08:34:52.9349608Z Artifact github-pages successfully finalized. Artifact ID 10387966387
build	Upload complete canonical site	2026-09-15T08:34:52.9350811Z Artifact github-pages has been successfully uploaded! Final size is 522848915 bytes. Artifact ID is 10387966387
build	Upload complete canonical site	2026-09-15T08:34:52.9357773Z Artifact download URL: https://github.com/mekhovov/revealline-archive-13/actions/runs/34947667008/artifacts/10387966387
build	Upload complete canonical site	2026-09-15T08:34:52.9492606Z ##[end-action id=__actions_upload-pages-artifact.upload-artifact;outcome=success;conclusion=success;duration_ms=19224]
build	Post Check out the reviewed bounded original-ZIP extractor	﻿2026-09-15T08:34:52.9605174Z Node 20 is being deprecated. This workflow is running with Node 24 by default. If you need to temporarily use Node 20, you can set the ACTIONS_ALLOW_USE_UNSECURE_NODE_VERSION=true environment variable. For more information see: https://github.blog/changelog/2025-09-19-deprecation-of-node-20-on-github-actions-runners/
build	Post Check out the reviewed bounded original-ZIP extractor	2026-09-15T08:34:52.9606652Z Post job cleanup.
build	Post Check out the reviewed bounded original-ZIP extractor	2026-09-15T08:34:53.0454253Z [command]/usr/bin/git version
build	Post Check out the reviewed bounded original-ZIP extractor	2026-09-15T08:34:53.0497966Z git version 2.55.0
build	Post Check out the reviewed bounded original-ZIP extractor	2026-09-15T08:34:53.0542122Z Temporarily overriding HOME='/home/runner/work/_temp/98a22347-215e-4f08-976f-1cbccd6aed0d' before making global git config changes
build	Post Check out the reviewed bounded original-ZIP extractor	2026-09-15T08:34:53.0543567Z Adding repository directory to the temporary git global config as a safe directory
build	Post Check out the reviewed bounded original-ZIP extractor	2026-09-15T08:34:53.0549061Z [command]/usr/bin/git config --global --add safe.directory /home/runner/work/revealline-archive-13/revealline-archive-13/source
build	Post Check out the reviewed bounded original-ZIP extractor	2026-09-15T08:34:53.0589897Z [command]/usr/bin/git config --local --name-only --get-regexp core\.sshCommand
build	Post Check out the reviewed bounded original-ZIP extractor	2026-09-15T08:34:53.0627928Z [command]/usr/bin/git submodule foreach --recursive sh -c "git config --local --name-only --get-regexp 'core\.sshCommand' && git config --local --unset-all 'core.sshCommand' || :"
build	Post Check out the reviewed bounded original-ZIP extractor	2026-09-15T08:34:53.0888645Z [command]/usr/bin/git config --local --name-only --get-regexp http\.https\:\/\/github\.com\/\.extraheader
build	Post Check out the reviewed bounded original-ZIP extractor	2026-09-15T08:34:53.0926709Z [command]/usr/bin/git submodule foreach --recursive sh -c "git config --local --name-only --get-regexp 'http\.https\:\/\/github\.com\/\.extraheader' && git config --local --unset-all 'http.https://github.com/.extraheader' || :"
build	Post Check out the reviewed bounded original-ZIP extractor	2026-09-15T08:34:53.1194962Z [command]/usr/bin/git config --local --name-only --get-regexp ^includeIf\.gitdir:
build	Post Check out the reviewed bounded original-ZIP extractor	2026-09-15T08:34:53.1232255Z [command]/usr/bin/git submodule foreach --recursive git config --local --show-origin --name-only --get-regexp remote.origin.url
build	Post Check out reviewed archive infrastructure	﻿2026-09-15T08:34:53.1733949Z Node 20 is being deprecated. This workflow is running with Node 24 by default. If you need to temporarily use Node 20, you can set the ACTIONS_ALLOW_USE_UNSECURE_NODE_VERSION=true environment variable. For more information see: https://github.blog/changelog/2025-09-19-deprecation-of-node-20-on-github-actions-runners/
build	Post Check out reviewed archive infrastructure	2026-09-15T08:34:53.1736642Z Post job cleanup.
build	Post Check out reviewed archive infrastructure	2026-09-15T08:34:53.2684238Z [command]/usr/bin/git version
build	Post Check out reviewed archive infrastructure	2026-09-15T08:34:53.2729800Z git version 2.55.0
build	Post Check out reviewed archive infrastructure	2026-09-15T08:34:53.2772759Z Temporarily overriding HOME='/home/runner/work/_temp/62c18620-0640-425e-af6f-baadc3055a1a' before making global git config changes
build	Post Check out reviewed archive infrastructure	2026-09-15T08:34:53.2774142Z Adding repository directory to the temporary git global config as a safe directory
build	Post Check out reviewed archive infrastructure	2026-09-15T08:34:53.2779856Z [command]/usr/bin/git config --global --add safe.directory /home/runner/work/revealline-archive-13/revealline-archive-13/archive
build	Post Check out reviewed archive infrastructure	2026-09-15T08:34:53.2819182Z [command]/usr/bin/git config --local --name-only --get-regexp core\.sshCommand
build	Post Check out reviewed archive infrastructure	2026-09-15T08:34:53.2856711Z [command]/usr/bin/git submodule foreach --recursive sh -c "git config --local --name-only --get-regexp 'core\.sshCommand' && git config --local --unset-all 'core.sshCommand' || :"
build	Post Check out reviewed archive infrastructure	2026-09-15T08:34:53.3118361Z [command]/usr/bin/git config --local --name-only --get-regexp http\.https\:\/\/github\.com\/\.extraheader
build	Post Check out reviewed archive infrastructure	2026-09-15T08:34:53.3149045Z [command]/usr/bin/git submodule foreach --recursive sh -c "git config --local --name-only --get-regexp 'http\.https\:\/\/github\.com\/\.extraheader' && git config --local --unset-all 'http.https://github.com/.extraheader' || :"
build	Post Check out reviewed archive infrastructure	2026-09-15T08:34:53.3444575Z [command]/usr/bin/git config --local --name-only --get-regexp ^includeIf\.gitdir:
build	Post Check out reviewed archive infrastructure	2026-09-15T08:34:53.3483547Z [command]/usr/bin/git submodule foreach --recursive git config --local --show-origin --name-only --get-regexp remote.origin.url
build	Complete job	﻿2026-09-15T08:34:53.3894170Z Cleaning up orphan processes
build	Complete job	2026-09-15T08:34:53.4216672Z ##[warning]Node.js 20 is deprecated. The following actions target Node.js 20 but are being forced to run on Node.js 24: actions/checkout@v4, actions/upload-artifact@ea165f8d65b6e75b540449e92b4886f43607fa02. For more information see: https://github.blog/changelog/2025-09-19-deprecation-of-node-20-on-github-actions-runners/
deploy	Set up job	﻿2026-09-15T08:35:01.5176474Z Current runner version: '2.337.0'
deploy	Set up job	2026-09-15T08:35:01.5212475Z ##[group]Runner Image Provisioner
deploy	Set up job	2026-09-15T08:35:01.5213924Z Hosted Compute Agent
deploy	Set up job	2026-09-15T08:35:01.5214900Z Version: 20260828.587
deploy	Set up job	2026-09-15T08:35:01.5216181Z Commit: abac92662cab4cc7352de4f9f9d2e2419aad9c29
deploy	Set up job	2026-09-15T08:35:01.5217558Z Build Date: 2026-08-28T16:44:25Z
deploy	Set up job	2026-09-15T08:35:01.5219119Z Worker ID: {7bb13795-4354-499e-9fca-3d5bf5dbb307}
deploy	Set up job	2026-09-15T08:35:01.5220515Z Azure Region: eastus
deploy	Set up job	2026-09-15T08:35:01.5221509Z ##[endgroup]
deploy	Set up job	2026-09-15T08:35:01.5224344Z ##[group]Operating System
deploy	Set up job	2026-09-15T08:35:01.5225483Z Ubuntu
deploy	Set up job	2026-09-15T08:35:01.5226521Z 24.04.5
deploy	Set up job	2026-09-15T08:35:01.5227462Z LTS
deploy	Set up job	2026-09-15T08:35:01.5228464Z ##[endgroup]
deploy	Set up job	2026-09-15T08:35:01.5229828Z ##[group]Runner Image
deploy	Set up job	2026-09-15T08:35:01.5230517Z Image: ubuntu-24.04
deploy	Set up job	2026-09-15T08:35:01.5231199Z Version: 20260907.300.1
deploy	Set up job	2026-09-15T08:35:01.5232306Z Included Software: https://github.com/actions/runner-images/blob/ubuntu24/20260907.300/images/ubuntu/Ubuntu2404-Readme.md
deploy	Set up job	2026-09-15T08:35:01.5234183Z Image Release: https://github.com/actions/runner-images/releases/tag/ubuntu24%2F20260907.300
deploy	Set up job	2026-09-15T08:35:01.5235175Z ##[endgroup]
deploy	Set up job	2026-09-15T08:35:01.5236354Z ##[group]GITHUB_TOKEN Permissions
deploy	Set up job	2026-09-15T08:35:01.5239284Z Metadata: read
deploy	Set up job	2026-09-15T08:35:01.5240409Z Pages: write
deploy	Set up job	2026-09-15T08:35:01.5241449Z ##[endgroup]
deploy	Set up job	2026-09-15T08:35:01.5244436Z Secret source: Actions
deploy	Set up job	2026-09-15T08:35:01.5246708Z Cache mode: write
deploy	Set up job	2026-09-15T08:35:01.5248462Z Prepare workflow directory
deploy	Set up job	2026-09-15T08:35:01.5632207Z Prepare all required actions
deploy	Set up job	2026-09-15T08:35:01.5682186Z Getting action download info
deploy	Set up job	2026-09-15T08:35:01.7814091Z Download action repository 'actions/deploy-pages@v4' (SHA:d6db90164ac5ed86f2b6aed7e0febac5b3c0c03e)
deploy	Set up job	2026-09-15T08:35:02.1824703Z Complete job name: deploy
deploy	Deploy archive 13 in its own repository	﻿2026-09-15T08:35:02.2651327Z Node 20 is being deprecated. This workflow is running with Node 24 by default. If you need to temporarily use Node 20, you can set the ACTIONS_ALLOW_USE_UNSECURE_NODE_VERSION=true environment variable. For more information see: https://github.blog/changelog/2025-09-19-deprecation-of-node-20-on-github-actions-runners/
deploy	Deploy archive 13 in its own repository	2026-09-15T08:35:02.2660464Z ##[group]Run actions/deploy-pages@v4
deploy	Deploy archive 13 in its own repository	2026-09-15T08:35:02.2661292Z with:
deploy	Deploy archive 13 in its own repository	2026-09-15T08:35:02.2665321Z   token: ***
deploy	Deploy archive 13 in its own repository	2026-09-15T08:35:02.2665788Z   timeout: 600000
deploy	Deploy archive 13 in its own repository	2026-09-15T08:35:02.2666243Z   error_count: 10
deploy	Deploy archive 13 in its own repository	2026-09-15T08:35:02.2666706Z   reporting_interval: 5000
deploy	Deploy archive 13 in its own repository	2026-09-15T08:35:02.2667235Z   artifact_name: github-pages
deploy	Deploy archive 13 in its own repository	2026-09-15T08:35:02.2667753Z   preview: false
deploy	Deploy archive 13 in its own repository	2026-09-15T08:35:02.2668396Z ##[endgroup]
deploy	Deploy archive 13 in its own repository	2026-09-15T08:35:02.4534665Z (node:2108) [DEP0040] DeprecationWarning: The `punycode` module is deprecated. Please use a userland alternative instead.
deploy	Deploy archive 13 in its own repository	2026-09-15T08:35:02.4536336Z (Use `node --trace-deprecation ...` to show where the warning was created)
deploy	Deploy archive 13 in its own repository	2026-09-15T08:35:02.5119424Z Fetching artifact metadata for "github-pages" in this workflow run
deploy	Deploy archive 13 in its own repository	2026-09-15T08:35:02.5892352Z Found 2 artifact(s)
deploy	Deploy archive 13 in its own repository	2026-09-15T08:35:02.5905805Z Creating Pages deployment with payload:
deploy	Deploy archive 13 in its own repository	2026-09-15T08:35:02.5906841Z {
deploy	Deploy archive 13 in its own repository	2026-09-15T08:35:02.5907442Z 	"artifact_id": 10387966387,
deploy	Deploy archive 13 in its own repository	2026-09-15T08:35:02.5908149Z 	"pages_build_version": "58b21ebeff3c2d8e8ca37d5b7764f8203b8824ed",
deploy	Deploy archive 13 in its own repository	2026-09-15T08:35:02.5958313Z 	"oidc_token": "***"
deploy	Deploy archive 13 in its own repository	2026-09-15T08:35:02.5959444Z }
deploy	Deploy archive 13 in its own repository	2026-09-15T08:35:02.8318784Z Created deployment for 58b21ebeff3c2d8e8ca37d5b7764f8203b8824ed, ID: 58b21ebeff3c2d8e8ca37d5b7764f8203b8824ed
deploy	Deploy archive 13 in its own repository	2026-09-15T08:35:07.8340577Z Getting Pages deployment status...
deploy	Deploy archive 13 in its own repository	2026-09-15T08:35:07.9931852Z Current status: deployment_in_progress
deploy	Deploy archive 13 in its own repository	2026-09-15T08:35:12.9943524Z Getting Pages deployment status...
deploy	Deploy archive 13 in its own repository	2026-09-15T08:35:13.1789121Z Current status: deployment_in_progress
deploy	Deploy archive 13 in its own repository	2026-09-15T08:35:18.1796077Z Getting Pages deployment status...
deploy	Deploy archive 13 in its own repository	2026-09-15T08:35:18.3205812Z Current status: syncing_files
deploy	Deploy archive 13 in its own repository	2026-09-15T08:35:23.3214283Z Getting Pages deployment status...
deploy	Deploy archive 13 in its own repository	2026-09-15T08:35:23.4057732Z Reported success!
deploy	Complete job	﻿2026-09-15T08:35:23.4320399Z Evaluate and set environment url
deploy	Complete job	2026-09-15T08:35:23.4325130Z Evaluated environment url: https://mekhovov.github.io/revealline-archive-13/
deploy	Complete job	2026-09-15T08:35:23.4326529Z Cleaning up orphan processes
deploy	Complete job	2026-09-15T08:35:23.4751626Z ##[warning]Node.js 20 is deprecated. The following actions target Node.js 20 but are being forced to run on Node.js 24: actions/deploy-pages@v4. For more information see: https://github.blog/changelog/2025-09-19-deprecation-of-node-20-on-github-actions-runners/
