build	Set up job	﻿2026-09-22T15:23:40.4323485Z Current runner version: '2.337.0'
build	Set up job	2026-09-22T15:23:40.4350545Z ##[group]Runner Image Provisioner
build	Set up job	2026-09-22T15:23:40.4351459Z Hosted Compute Agent
build	Set up job	2026-09-22T15:23:40.4352155Z Version: 20260828.587
build	Set up job	2026-09-22T15:23:40.4352850Z Commit: abac92662cab4cc7352de4f9f9d2e2419aad9c29
build	Set up job	2026-09-22T15:23:40.4354137Z Build Date: 2026-08-28T16:44:25Z
build	Set up job	2026-09-22T15:23:40.4354917Z Worker ID: {3f671038-794f-42de-951f-3bda51858a07}
build	Set up job	2026-09-22T15:23:40.4355639Z Azure Region: westus
build	Set up job	2026-09-22T15:23:40.4356291Z ##[endgroup]
build	Set up job	2026-09-22T15:23:40.4357967Z ##[group]Operating System
build	Set up job	2026-09-22T15:23:40.4358614Z Ubuntu
build	Set up job	2026-09-22T15:23:40.4359229Z 24.04.5
build	Set up job	2026-09-22T15:23:40.4359783Z LTS
build	Set up job	2026-09-22T15:23:40.4360378Z ##[endgroup]
build	Set up job	2026-09-22T15:23:40.4360932Z ##[group]Runner Image
build	Set up job	2026-09-22T15:23:40.4361527Z Image: ubuntu-24.04
build	Set up job	2026-09-22T15:23:40.4362148Z Version: 20260907.300.1
build	Set up job	2026-09-22T15:23:40.4363213Z Included Software: https://github.com/actions/runner-images/blob/ubuntu24/20260907.300/images/ubuntu/Ubuntu2404-Readme.md
build	Set up job	2026-09-22T15:23:40.4365606Z Image Release: https://github.com/actions/runner-images/releases/tag/ubuntu24%2F20260907.300
build	Set up job	2026-09-22T15:23:40.4366687Z ##[endgroup]
build	Set up job	2026-09-22T15:23:40.4367959Z ##[group]GITHUB_TOKEN Permissions
build	Set up job	2026-09-22T15:23:40.4370126Z Contents: read
build	Set up job	2026-09-22T15:23:40.4370901Z Metadata: read
build	Set up job	2026-09-22T15:23:40.4371469Z ##[endgroup]
build	Set up job	2026-09-22T15:23:40.4373629Z Secret source: Actions
build	Set up job	2026-09-22T15:23:40.4375064Z Cache mode: write
build	Set up job	2026-09-22T15:23:40.4375870Z Prepare workflow directory
build	Set up job	2026-09-22T15:23:40.4727994Z Prepare all required actions
build	Set up job	2026-09-22T15:23:40.4779826Z Getting action download info
build	Set up job	2026-09-22T15:23:40.9248796Z Download action repository 'actions/checkout@v4' (SHA:11d5960a326750d5838078e36cf38b85af677262)
build	Set up job	2026-09-22T15:23:41.0471787Z Download action repository 'actions/upload-artifact@ea165f8d65b6e75b540449e92b4886f43607fa02' (SHA:ea165f8d65b6e75b540449e92b4886f43607fa02)
build	Set up job	2026-09-22T15:23:41.1640338Z Download action repository 'actions/upload-pages-artifact@fc324d3547104276b827a68afc52ff2a11cc49c9' (SHA:fc324d3547104276b827a68afc52ff2a11cc49c9)
build	Set up job	2026-09-22T15:23:41.5406239Z Getting action download info
build	Set up job	2026-09-22T15:23:41.6862508Z Download action repository 'actions/upload-artifact@bbbca2ddaa5d8feaa63e36b76fdaad77386f024f' (SHA:bbbca2ddaa5d8feaa63e36b76fdaad77386f024f)
build	Set up job	2026-09-22T15:23:41.8583044Z Complete job name: build
build	Check out reviewed archive infrastructure	﻿2026-09-22T15:23:41.9552811Z Node 20 is being deprecated. This workflow is running with Node 24 by default. If you need to temporarily use Node 20, you can set the ACTIONS_ALLOW_USE_UNSECURE_NODE_VERSION=true environment variable. For more information see: https://github.blog/changelog/2025-09-19-deprecation-of-node-20-on-github-actions-runners/
build	Check out reviewed archive infrastructure	2026-09-22T15:23:41.9564520Z ##[group]Run actions/checkout@v4
build	Check out reviewed archive infrastructure	2026-09-22T15:23:41.9565849Z with:
build	Check out reviewed archive infrastructure	2026-09-22T15:23:41.9566644Z   path: archive
build	Check out reviewed archive infrastructure	2026-09-22T15:23:41.9567489Z   persist-credentials: false
build	Check out reviewed archive infrastructure	2026-09-22T15:23:41.9568542Z   repository: mekhovov/revealline-archive-51
build	Check out reviewed archive infrastructure	2026-09-22T15:23:41.9578534Z   token: ***
build	Check out reviewed archive infrastructure	2026-09-22T15:23:41.9579377Z   ssh-strict: true
build	Check out reviewed archive infrastructure	2026-09-22T15:23:41.9580190Z   ssh-user: git
build	Check out reviewed archive infrastructure	2026-09-22T15:23:41.9580978Z   clean: true
build	Check out reviewed archive infrastructure	2026-09-22T15:23:41.9581828Z   sparse-checkout-cone-mode: true
build	Check out reviewed archive infrastructure	2026-09-22T15:23:41.9582842Z   fetch-depth: 1
build	Check out reviewed archive infrastructure	2026-09-22T15:23:41.9583676Z   fetch-tags: false
build	Check out reviewed archive infrastructure	2026-09-22T15:23:41.9584670Z   show-progress: true
build	Check out reviewed archive infrastructure	2026-09-22T15:23:41.9585514Z   lfs: false
build	Check out reviewed archive infrastructure	2026-09-22T15:23:41.9586338Z   submodules: false
build	Check out reviewed archive infrastructure	2026-09-22T15:23:41.9587191Z   set-safe-directory: true
build	Check out reviewed archive infrastructure	2026-09-22T15:23:41.9588162Z   allow-unsafe-pr-checkout: false
build	Check out reviewed archive infrastructure	2026-09-22T15:23:41.9589447Z ##[endgroup]
build	Check out reviewed archive infrastructure	2026-09-22T15:23:42.0681049Z Syncing repository: mekhovov/revealline-archive-51
build	Check out reviewed archive infrastructure	2026-09-22T15:23:42.0685750Z ##[group]Getting Git version info
build	Check out reviewed archive infrastructure	2026-09-22T15:23:42.0688638Z Working directory is '/home/runner/work/revealline-archive-51/revealline-archive-51/archive'
build	Check out reviewed archive infrastructure	2026-09-22T15:23:42.0692635Z [command]/usr/bin/git version
build	Check out reviewed archive infrastructure	2026-09-22T15:23:42.0787189Z git version 2.55.0
build	Check out reviewed archive infrastructure	2026-09-22T15:23:42.0812778Z ##[endgroup]
build	Check out reviewed archive infrastructure	2026-09-22T15:23:42.0831471Z Temporarily overriding HOME='/home/runner/work/_temp/7776a7a4-cc05-4172-9a08-56140862fe65' before making global git config changes
build	Check out reviewed archive infrastructure	2026-09-22T15:23:42.0836604Z Adding repository directory to the temporary git global config as a safe directory
build	Check out reviewed archive infrastructure	2026-09-22T15:23:42.0841304Z [command]/usr/bin/git config --global --add safe.directory /home/runner/work/revealline-archive-51/revealline-archive-51/archive
build	Check out reviewed archive infrastructure	2026-09-22T15:23:42.0894161Z ##[group]Initializing the repository
build	Check out reviewed archive infrastructure	2026-09-22T15:23:42.0900161Z [command]/usr/bin/git init /home/runner/work/revealline-archive-51/revealline-archive-51/archive
build	Check out reviewed archive infrastructure	2026-09-22T15:23:42.1036301Z hint: Using 'master' as the name for the initial branch. This default branch name
build	Check out reviewed archive infrastructure	2026-09-22T15:23:42.1039804Z hint: will change to "main" in Git 3.0. To configure the initial branch name
build	Check out reviewed archive infrastructure	2026-09-22T15:23:42.1042993Z hint: to use in all of your new repositories, which will suppress this warning,
build	Check out reviewed archive infrastructure	2026-09-22T15:23:42.1045788Z hint: call:
build	Check out reviewed archive infrastructure	2026-09-22T15:23:42.1047050Z hint:
build	Check out reviewed archive infrastructure	2026-09-22T15:23:42.1048654Z hint: 	git config --global init.defaultBranch <name>
build	Check out reviewed archive infrastructure	2026-09-22T15:23:42.1050907Z hint:
build	Check out reviewed archive infrastructure	2026-09-22T15:23:42.1054418Z hint: Names commonly chosen instead of 'master' are 'main', 'trunk' and
build	Check out reviewed archive infrastructure	2026-09-22T15:23:42.1059793Z hint: 'development'. The just-created branch can be renamed via this command:
build	Check out reviewed archive infrastructure	2026-09-22T15:23:42.1062693Z hint:
build	Check out reviewed archive infrastructure	2026-09-22T15:23:42.1064442Z hint: 	git branch -m <name>
build	Check out reviewed archive infrastructure	2026-09-22T15:23:42.1066007Z hint:
build	Check out reviewed archive infrastructure	2026-09-22T15:23:42.1067991Z hint: Disable this message with "git config set advice.defaultBranchName false"
build	Check out reviewed archive infrastructure	2026-09-22T15:23:42.1072040Z Initialized empty Git repository in /home/runner/work/revealline-archive-51/revealline-archive-51/archive/.git/
build	Check out reviewed archive infrastructure	2026-09-22T15:23:42.1076654Z [command]/usr/bin/git remote add origin https://github.com/mekhovov/revealline-archive-51
build	Check out reviewed archive infrastructure	2026-09-22T15:23:42.1128003Z ##[endgroup]
build	Check out reviewed archive infrastructure	2026-09-22T15:23:42.1130498Z ##[group]Disabling automatic garbage collection
build	Check out reviewed archive infrastructure	2026-09-22T15:23:42.1132815Z [command]/usr/bin/git config --local gc.auto 0
build	Check out reviewed archive infrastructure	2026-09-22T15:23:42.1171400Z ##[endgroup]
build	Check out reviewed archive infrastructure	2026-09-22T15:23:42.1173801Z ##[group]Setting up auth
build	Check out reviewed archive infrastructure	2026-09-22T15:23:42.1179959Z [command]/usr/bin/git config --local --name-only --get-regexp core\.sshCommand
build	Check out reviewed archive infrastructure	2026-09-22T15:23:42.1226735Z [command]/usr/bin/git submodule foreach --recursive sh -c "git config --local --name-only --get-regexp 'core\.sshCommand' && git config --local --unset-all 'core.sshCommand' || :"
build	Check out reviewed archive infrastructure	2026-09-22T15:23:42.1644939Z [command]/usr/bin/git config --local --name-only --get-regexp http\.https\:\/\/github\.com\/\.extraheader
build	Check out reviewed archive infrastructure	2026-09-22T15:23:42.1685461Z [command]/usr/bin/git submodule foreach --recursive sh -c "git config --local --name-only --get-regexp 'http\.https\:\/\/github\.com\/\.extraheader' && git config --local --unset-all 'http.https://github.com/.extraheader' || :"
build	Check out reviewed archive infrastructure	2026-09-22T15:23:42.1923181Z [command]/usr/bin/git config --local --name-only --get-regexp ^includeIf\.gitdir:
build	Check out reviewed archive infrastructure	2026-09-22T15:23:42.1962517Z [command]/usr/bin/git submodule foreach --recursive git config --local --show-origin --name-only --get-regexp remote.origin.url
build	Check out reviewed archive infrastructure	2026-09-22T15:23:42.2196695Z [command]/usr/bin/git config --local http.https://github.com/.extraheader AUTHORIZATION: basic ***
build	Check out reviewed archive infrastructure	2026-09-22T15:23:42.2240269Z ##[endgroup]
build	Check out reviewed archive infrastructure	2026-09-22T15:23:42.2241803Z ##[group]Fetching the repository
build	Check out reviewed archive infrastructure	2026-09-22T15:23:42.2253761Z [command]/usr/bin/git -c protocol.version=2 fetch --no-tags --prune --no-recurse-submodules --depth=1 origin +8bf0ed6c3947ca8c47ad2d9246db3e57acd986cf:refs/remotes/origin/main
build	Check out reviewed archive infrastructure	2026-09-22T15:23:42.7086911Z From https://github.com/mekhovov/revealline-archive-51
build	Check out reviewed archive infrastructure	2026-09-22T15:23:42.7089977Z  * [new ref]         8bf0ed6c3947ca8c47ad2d9246db3e57acd986cf -> origin/main
build	Check out reviewed archive infrastructure	2026-09-22T15:23:42.7096701Z ##[endgroup]
build	Check out reviewed archive infrastructure	2026-09-22T15:23:42.7099903Z ##[group]Determining the checkout info
build	Check out reviewed archive infrastructure	2026-09-22T15:23:42.7103145Z ##[endgroup]
build	Check out reviewed archive infrastructure	2026-09-22T15:23:42.7105393Z [command]/usr/bin/git sparse-checkout disable
build	Check out reviewed archive infrastructure	2026-09-22T15:23:42.7166650Z [command]/usr/bin/git config --local --unset-all extensions.worktreeConfig
build	Check out reviewed archive infrastructure	2026-09-22T15:23:42.7201712Z ##[group]Checking out the ref
build	Check out reviewed archive infrastructure	2026-09-22T15:23:42.7207228Z [command]/usr/bin/git checkout --progress --force -B main refs/remotes/origin/main
build	Check out reviewed archive infrastructure	2026-09-22T15:23:42.7301767Z Switched to a new branch 'main'
build	Check out reviewed archive infrastructure	2026-09-22T15:23:42.7308488Z branch 'main' set up to track 'origin/main'.
build	Check out reviewed archive infrastructure	2026-09-22T15:23:42.7315291Z ##[endgroup]
build	Check out reviewed archive infrastructure	2026-09-22T15:23:42.7385404Z [command]/usr/bin/git log -1 --format=%H
build	Check out reviewed archive infrastructure	2026-09-22T15:23:42.7414558Z 8bf0ed6c3947ca8c47ad2d9246db3e57acd986cf
build	Check out reviewed archive infrastructure	2026-09-22T15:23:42.7424718Z ##[group]Removing auth
build	Check out reviewed archive infrastructure	2026-09-22T15:23:42.7428835Z [command]/usr/bin/git config --local --name-only --get-regexp core\.sshCommand
build	Check out reviewed archive infrastructure	2026-09-22T15:23:42.7466923Z [command]/usr/bin/git submodule foreach --recursive sh -c "git config --local --name-only --get-regexp 'core\.sshCommand' && git config --local --unset-all 'core.sshCommand' || :"
build	Check out reviewed archive infrastructure	2026-09-22T15:23:42.7722060Z [command]/usr/bin/git config --local --name-only --get-regexp http\.https\:\/\/github\.com\/\.extraheader
build	Check out reviewed archive infrastructure	2026-09-22T15:23:42.7754598Z http.https://github.com/.extraheader
build	Check out reviewed archive infrastructure	2026-09-22T15:23:42.7765108Z [command]/usr/bin/git config --local --unset-all http.https://github.com/.extraheader
build	Check out reviewed archive infrastructure	2026-09-22T15:23:42.7806921Z [command]/usr/bin/git submodule foreach --recursive sh -c "git config --local --name-only --get-regexp 'http\.https\:\/\/github\.com\/\.extraheader' && git config --local --unset-all 'http.https://github.com/.extraheader' || :"
build	Check out reviewed archive infrastructure	2026-09-22T15:23:42.8044957Z [command]/usr/bin/git config --local --name-only --get-regexp ^includeIf\.gitdir:
build	Check out reviewed archive infrastructure	2026-09-22T15:23:42.8080638Z [command]/usr/bin/git submodule foreach --recursive git config --local --show-origin --name-only --get-regexp remote.origin.url
build	Check out reviewed archive infrastructure	2026-09-22T15:23:42.8327479Z ##[endgroup]
build	Check out the reviewed bounded original-ZIP extractor	﻿2026-09-22T15:23:42.8704963Z Node 20 is being deprecated. This workflow is running with Node 24 by default. If you need to temporarily use Node 20, you can set the ACTIONS_ALLOW_USE_UNSECURE_NODE_VERSION=true environment variable. For more information see: https://github.blog/changelog/2025-09-19-deprecation-of-node-20-on-github-actions-runners/
build	Check out the reviewed bounded original-ZIP extractor	2026-09-22T15:23:42.8709721Z ##[group]Run actions/checkout@v4
build	Check out the reviewed bounded original-ZIP extractor	2026-09-22T15:23:42.8710727Z with:
build	Check out the reviewed bounded original-ZIP extractor	2026-09-22T15:23:42.8711572Z   repository: mekhovov/revealline
build	Check out the reviewed bounded original-ZIP extractor	2026-09-22T15:23:42.8712684Z   ref: 30530b3436a1a9737be93f67f308587f89b2f8bc
build	Check out the reviewed bounded original-ZIP extractor	2026-09-22T15:23:42.8713815Z   fetch-depth: 1
build	Check out the reviewed bounded original-ZIP extractor	2026-09-22T15:23:42.8715125Z   path: source
build	Check out the reviewed bounded original-ZIP extractor	2026-09-22T15:23:42.8716020Z   persist-credentials: false
build	Check out the reviewed bounded original-ZIP extractor	2026-09-22T15:23:42.8717998Z   sparse-checkout: publishing/pages-controller/extract-current.py
build	Check out the reviewed bounded original-ZIP extractor	publishing/pages-controller/test_extract_current.py
build	Check out the reviewed bounded original-ZIP extractor	
build	Check out the reviewed bounded original-ZIP extractor	2026-09-22T15:23:42.8720189Z   sparse-checkout-cone-mode: false
build	Check out the reviewed bounded original-ZIP extractor	2026-09-22T15:23:42.8729712Z   token: ***
build	Check out the reviewed bounded original-ZIP extractor	2026-09-22T15:23:42.8730580Z   ssh-strict: true
build	Check out the reviewed bounded original-ZIP extractor	2026-09-22T15:23:42.8731504Z   ssh-user: git
build	Check out the reviewed bounded original-ZIP extractor	2026-09-22T15:23:42.8732343Z   clean: true
build	Check out the reviewed bounded original-ZIP extractor	2026-09-22T15:23:42.8733172Z   fetch-tags: false
build	Check out the reviewed bounded original-ZIP extractor	2026-09-22T15:23:42.8734194Z   show-progress: true
build	Check out the reviewed bounded original-ZIP extractor	2026-09-22T15:23:42.8735104Z   lfs: false
build	Check out the reviewed bounded original-ZIP extractor	2026-09-22T15:23:42.8735935Z   submodules: false
build	Check out the reviewed bounded original-ZIP extractor	2026-09-22T15:23:42.8736831Z   set-safe-directory: true
build	Check out the reviewed bounded original-ZIP extractor	2026-09-22T15:23:42.8737865Z   allow-unsafe-pr-checkout: false
build	Check out the reviewed bounded original-ZIP extractor	2026-09-22T15:23:42.8738900Z ##[endgroup]
build	Check out the reviewed bounded original-ZIP extractor	2026-09-22T15:23:42.9646479Z Syncing repository: mekhovov/revealline
build	Check out the reviewed bounded original-ZIP extractor	2026-09-22T15:23:42.9659038Z ##[group]Getting Git version info
build	Check out the reviewed bounded original-ZIP extractor	2026-09-22T15:23:42.9661132Z Working directory is '/home/runner/work/revealline-archive-51/revealline-archive-51/source'
build	Check out the reviewed bounded original-ZIP extractor	2026-09-22T15:23:42.9702476Z [command]/usr/bin/git version
build	Check out the reviewed bounded original-ZIP extractor	2026-09-22T15:23:42.9748039Z git version 2.55.0
build	Check out the reviewed bounded original-ZIP extractor	2026-09-22T15:23:42.9774712Z ##[endgroup]
build	Check out the reviewed bounded original-ZIP extractor	2026-09-22T15:23:42.9790681Z Temporarily overriding HOME='/home/runner/work/_temp/01804716-c8bd-4130-8891-d24c8c42334a' before making global git config changes
build	Check out the reviewed bounded original-ZIP extractor	2026-09-22T15:23:42.9793597Z Adding repository directory to the temporary git global config as a safe directory
build	Check out the reviewed bounded original-ZIP extractor	2026-09-22T15:23:42.9797464Z [command]/usr/bin/git config --global --add safe.directory /home/runner/work/revealline-archive-51/revealline-archive-51/source
build	Check out the reviewed bounded original-ZIP extractor	2026-09-22T15:23:42.9838022Z ##[group]Initializing the repository
build	Check out the reviewed bounded original-ZIP extractor	2026-09-22T15:23:42.9845389Z [command]/usr/bin/git init /home/runner/work/revealline-archive-51/revealline-archive-51/source
build	Check out the reviewed bounded original-ZIP extractor	2026-09-22T15:23:42.9896040Z hint: Using 'master' as the name for the initial branch. This default branch name
build	Check out the reviewed bounded original-ZIP extractor	2026-09-22T15:23:42.9901232Z hint: will change to "main" in Git 3.0. To configure the initial branch name
build	Check out the reviewed bounded original-ZIP extractor	2026-09-22T15:23:42.9907482Z hint: to use in all of your new repositories, which will suppress this warning,
build	Check out the reviewed bounded original-ZIP extractor	2026-09-22T15:23:42.9910832Z hint: call:
build	Check out the reviewed bounded original-ZIP extractor	2026-09-22T15:23:42.9912720Z hint:
build	Check out the reviewed bounded original-ZIP extractor	2026-09-22T15:23:42.9915090Z hint: 	git config --global init.defaultBranch <name>
build	Check out the reviewed bounded original-ZIP extractor	2026-09-22T15:23:42.9917425Z hint:
build	Check out the reviewed bounded original-ZIP extractor	2026-09-22T15:23:42.9919694Z hint: Names commonly chosen instead of 'master' are 'main', 'trunk' and
build	Check out the reviewed bounded original-ZIP extractor	2026-09-22T15:23:42.9923056Z hint: 'development'. The just-created branch can be renamed via this command:
build	Check out the reviewed bounded original-ZIP extractor	2026-09-22T15:23:42.9925833Z hint:
build	Check out the reviewed bounded original-ZIP extractor	2026-09-22T15:23:42.9926989Z hint: 	git branch -m <name>
build	Check out the reviewed bounded original-ZIP extractor	2026-09-22T15:23:42.9927941Z hint:
build	Check out the reviewed bounded original-ZIP extractor	2026-09-22T15:23:42.9929184Z hint: Disable this message with "git config set advice.defaultBranchName false"
build	Check out the reviewed bounded original-ZIP extractor	2026-09-22T15:23:42.9932899Z Initialized empty Git repository in /home/runner/work/revealline-archive-51/revealline-archive-51/source/.git/
build	Check out the reviewed bounded original-ZIP extractor	2026-09-22T15:23:42.9937649Z [command]/usr/bin/git remote add origin https://github.com/mekhovov/revealline
build	Check out the reviewed bounded original-ZIP extractor	2026-09-22T15:23:42.9960884Z ##[endgroup]
build	Check out the reviewed bounded original-ZIP extractor	2026-09-22T15:23:42.9963322Z ##[group]Disabling automatic garbage collection
build	Check out the reviewed bounded original-ZIP extractor	2026-09-22T15:23:42.9966183Z [command]/usr/bin/git config --local gc.auto 0
build	Check out the reviewed bounded original-ZIP extractor	2026-09-22T15:23:42.9999764Z ##[endgroup]
build	Check out the reviewed bounded original-ZIP extractor	2026-09-22T15:23:43.0002024Z ##[group]Setting up auth
build	Check out the reviewed bounded original-ZIP extractor	2026-09-22T15:23:43.0006827Z [command]/usr/bin/git config --local --name-only --get-regexp core\.sshCommand
build	Check out the reviewed bounded original-ZIP extractor	2026-09-22T15:23:43.0044247Z [command]/usr/bin/git submodule foreach --recursive sh -c "git config --local --name-only --get-regexp 'core\.sshCommand' && git config --local --unset-all 'core.sshCommand' || :"
build	Check out the reviewed bounded original-ZIP extractor	2026-09-22T15:23:43.0306151Z [command]/usr/bin/git config --local --name-only --get-regexp http\.https\:\/\/github\.com\/\.extraheader
build	Check out the reviewed bounded original-ZIP extractor	2026-09-22T15:23:43.0352448Z [command]/usr/bin/git submodule foreach --recursive sh -c "git config --local --name-only --get-regexp 'http\.https\:\/\/github\.com\/\.extraheader' && git config --local --unset-all 'http.https://github.com/.extraheader' || :"
build	Check out the reviewed bounded original-ZIP extractor	2026-09-22T15:23:43.0669549Z [command]/usr/bin/git config --local --name-only --get-regexp ^includeIf\.gitdir:
build	Check out the reviewed bounded original-ZIP extractor	2026-09-22T15:23:43.0727275Z [command]/usr/bin/git submodule foreach --recursive git config --local --show-origin --name-only --get-regexp remote.origin.url
build	Check out the reviewed bounded original-ZIP extractor	2026-09-22T15:23:43.1012354Z [command]/usr/bin/git config --local http.https://github.com/.extraheader AUTHORIZATION: basic ***
build	Check out the reviewed bounded original-ZIP extractor	2026-09-22T15:23:43.1055137Z ##[endgroup]
build	Check out the reviewed bounded original-ZIP extractor	2026-09-22T15:23:43.1056715Z ##[group]Fetching the repository
build	Check out the reviewed bounded original-ZIP extractor	2026-09-22T15:23:43.1065751Z [command]/usr/bin/git -c protocol.version=2 fetch --no-tags --prune --no-recurse-submodules --filter=blob:none --depth=1 origin 30530b3436a1a9737be93f67f308587f89b2f8bc
build	Check out the reviewed bounded original-ZIP extractor	2026-09-22T15:23:43.6579037Z From https://github.com/mekhovov/revealline
build	Check out the reviewed bounded original-ZIP extractor	2026-09-22T15:23:43.6581777Z  * branch            30530b3436a1a9737be93f67f308587f89b2f8bc -> FETCH_HEAD
build	Check out the reviewed bounded original-ZIP extractor	2026-09-22T15:23:43.6587379Z ##[endgroup]
build	Check out the reviewed bounded original-ZIP extractor	2026-09-22T15:23:43.6588984Z ##[group]Determining the checkout info
build	Check out the reviewed bounded original-ZIP extractor	2026-09-22T15:23:43.6590736Z ##[endgroup]
build	Check out the reviewed bounded original-ZIP extractor	2026-09-22T15:23:43.6592402Z ##[group]Setting up sparse checkout
build	Check out the reviewed bounded original-ZIP extractor	2026-09-22T15:23:43.6594518Z [command]/usr/bin/git config core.sparseCheckout true
build	Check out the reviewed bounded original-ZIP extractor	2026-09-22T15:23:43.6632596Z [command]/usr/bin/git rev-parse --git-path info/sparse-checkout
build	Check out the reviewed bounded original-ZIP extractor	2026-09-22T15:23:43.6657998Z .git/info/sparse-checkout
build	Check out the reviewed bounded original-ZIP extractor	2026-09-22T15:23:43.6667834Z ##[endgroup]
build	Check out the reviewed bounded original-ZIP extractor	2026-09-22T15:23:43.6669399Z ##[group]Checking out the ref
build	Check out the reviewed bounded original-ZIP extractor	2026-09-22T15:23:43.6680105Z [command]/usr/bin/git checkout --progress --force 30530b3436a1a9737be93f67f308587f89b2f8bc
build	Check out the reviewed bounded original-ZIP extractor	2026-09-22T15:23:44.7360889Z Updating files:  50% (1/2)
build	Check out the reviewed bounded original-ZIP extractor	2026-09-22T15:23:44.7362224Z Updating files: 100% (2/2)
build	Check out the reviewed bounded original-ZIP extractor	2026-09-22T15:23:44.7363081Z Updating files: 100% (2/2), done.
build	Check out the reviewed bounded original-ZIP extractor	2026-09-22T15:23:44.7529280Z Note: switching to '30530b3436a1a9737be93f67f308587f89b2f8bc'.
build	Check out the reviewed bounded original-ZIP extractor	2026-09-22T15:23:44.7530477Z 
build	Check out the reviewed bounded original-ZIP extractor	2026-09-22T15:23:44.7530866Z You are in 'detached HEAD' state. You can look around, make experimental
build	Check out the reviewed bounded original-ZIP extractor	2026-09-22T15:23:44.7531755Z changes and commit them, and you can discard any commits you make in this
build	Check out the reviewed bounded original-ZIP extractor	2026-09-22T15:23:44.7532631Z state without impacting any branches by switching back to a branch.
build	Check out the reviewed bounded original-ZIP extractor	2026-09-22T15:23:44.7533191Z 
build	Check out the reviewed bounded original-ZIP extractor	2026-09-22T15:23:44.7533583Z If you want to create a new branch to retain commits you create, you may
build	Check out the reviewed bounded original-ZIP extractor	2026-09-22T15:23:44.7534685Z do so (now or later) by using -c with the switch command. Example:
build	Check out the reviewed bounded original-ZIP extractor	2026-09-22T15:23:44.7535201Z 
build	Check out the reviewed bounded original-ZIP extractor	2026-09-22T15:23:44.7535396Z   git switch -c <new-branch-name>
build	Check out the reviewed bounded original-ZIP extractor	2026-09-22T15:23:44.7535732Z 
build	Check out the reviewed bounded original-ZIP extractor	2026-09-22T15:23:44.7536074Z Or undo this operation with:
build	Check out the reviewed bounded original-ZIP extractor	2026-09-22T15:23:44.7536402Z 
build	Check out the reviewed bounded original-ZIP extractor	2026-09-22T15:23:44.7536558Z   git switch -
build	Check out the reviewed bounded original-ZIP extractor	2026-09-22T15:23:44.7536779Z 
build	Check out the reviewed bounded original-ZIP extractor	2026-09-22T15:23:44.7537164Z Turn off this advice by setting config variable advice.detachedHead to false
build	Check out the reviewed bounded original-ZIP extractor	2026-09-22T15:23:44.7537716Z 
build	Check out the reviewed bounded original-ZIP extractor	2026-09-22T15:23:44.7538147Z HEAD is now at 30530b3 Merge pull request #248 from mekhovov/codex/v082-artifact-envelope
build	Check out the reviewed bounded original-ZIP extractor	2026-09-22T15:23:44.7543547Z ##[endgroup]
build	Check out the reviewed bounded original-ZIP extractor	2026-09-22T15:23:44.7587995Z [command]/usr/bin/git log -1 --format=%H
build	Check out the reviewed bounded original-ZIP extractor	2026-09-22T15:23:44.7617240Z 30530b3436a1a9737be93f67f308587f89b2f8bc
build	Check out the reviewed bounded original-ZIP extractor	2026-09-22T15:23:44.7628151Z ##[group]Removing auth
build	Check out the reviewed bounded original-ZIP extractor	2026-09-22T15:23:44.7632006Z [command]/usr/bin/git config --local --name-only --get-regexp core\.sshCommand
build	Check out the reviewed bounded original-ZIP extractor	2026-09-22T15:23:44.7666686Z [command]/usr/bin/git submodule foreach --recursive sh -c "git config --local --name-only --get-regexp 'core\.sshCommand' && git config --local --unset-all 'core.sshCommand' || :"
build	Check out the reviewed bounded original-ZIP extractor	2026-09-22T15:23:44.7914556Z [command]/usr/bin/git config --local --name-only --get-regexp http\.https\:\/\/github\.com\/\.extraheader
build	Check out the reviewed bounded original-ZIP extractor	2026-09-22T15:23:44.7941728Z http.https://github.com/.extraheader
build	Check out the reviewed bounded original-ZIP extractor	2026-09-22T15:23:44.7951119Z [command]/usr/bin/git config --local --unset-all http.https://github.com/.extraheader
build	Check out the reviewed bounded original-ZIP extractor	2026-09-22T15:23:44.7985717Z [command]/usr/bin/git submodule foreach --recursive sh -c "git config --local --name-only --get-regexp 'http\.https\:\/\/github\.com\/\.extraheader' && git config --local --unset-all 'http.https://github.com/.extraheader' || :"
build	Check out the reviewed bounded original-ZIP extractor	2026-09-22T15:23:44.8242333Z [command]/usr/bin/git config --local --name-only --get-regexp ^includeIf\.gitdir:
build	Check out the reviewed bounded original-ZIP extractor	2026-09-22T15:23:44.8279480Z [command]/usr/bin/git submodule foreach --recursive git config --local --show-origin --name-only --get-regexp remote.origin.url
build	Check out the reviewed bounded original-ZIP extractor	2026-09-22T15:23:44.8529028Z ##[endgroup]
build	Fetch the original immutable release tags for identity verification	﻿2026-09-22T15:23:44.8673222Z ##[group]Run git fetch --depth=1 origin refs/tags/v0.82.1:refs/tags/v0.82.1
build	Fetch the original immutable release tags for identity verification	2026-09-22T15:23:44.8674300Z ^[[36;1mgit fetch --depth=1 origin refs/tags/v0.82.1:refs/tags/v0.82.1^[[0m
build	Fetch the original immutable release tags for identity verification	2026-09-22T15:23:44.8714882Z shell: /usr/bin/bash -e {0}
build	Fetch the original immutable release tags for identity verification	2026-09-22T15:23:44.8715233Z ##[endgroup]
build	Fetch the original immutable release tags for identity verification	2026-09-22T15:23:45.5138877Z From https://github.com/mekhovov/revealline
build	Fetch the original immutable release tags for identity verification	2026-09-22T15:23:45.5139972Z  * [new tag]         v0.82.1    -> v0.82.1
build	Require artifact workspace capacity	﻿2026-09-22T15:23:45.5186133Z ##[group]Run python3 - <<'PY'
build	Require artifact workspace capacity	2026-09-22T15:23:45.5186505Z ^[[36;1mpython3 - <<'PY'^[[0m
build	Require artifact workspace capacity	2026-09-22T15:23:45.5186750Z ^[[36;1mimport shutil^[[0m
build	Require artifact workspace capacity	2026-09-22T15:23:45.5186997Z ^[[36;1mfree = shutil.disk_usage('.').free^[[0m
build	Require artifact workspace capacity	2026-09-22T15:23:45.5187395Z ^[[36;1massert free >= 3 * 1024**3, f'At least 3 GiB free required; found {free}'^[[0m
build	Require artifact workspace capacity	2026-09-22T15:23:45.5187785Z ^[[36;1mPY^[[0m
build	Require artifact workspace capacity	2026-09-22T15:23:45.5224384Z shell: /usr/bin/bash -e {0}
build	Require artifact workspace capacity	2026-09-22T15:23:45.5224652Z ##[endgroup]
build	Check extractor corruption guards and exact artifact inventory rules	﻿2026-09-22T15:23:45.5557706Z ##[group]Run python3 -m unittest discover -s source/publishing/pages-controller -p 'test_extract_current.py' -v
build	Check extractor corruption guards and exact artifact inventory rules	2026-09-22T15:23:45.5558593Z ^[[36;1mpython3 -m unittest discover -s source/publishing/pages-controller -p 'test_extract_current.py' -v^[[0m
build	Check extractor corruption guards and exact artifact inventory rules	2026-09-22T15:23:45.5559240Z ^[[36;1mpython3 -m unittest discover -s archive/tools -p 'test_*.py' -v^[[0m
build	Check extractor corruption guards and exact artifact inventory rules	2026-09-22T15:23:45.5596815Z shell: /usr/bin/bash -e {0}
build	Check extractor corruption guards and exact artifact inventory rules	2026-09-22T15:23:45.5597082Z ##[endgroup]
build	Check extractor corruption guards and exact artifact inventory rules	2026-09-22T15:23:45.6430283Z test_crc_or_body_corruption_rejected_even_with_new_outer_digest (test_extract_current.ExtractCurrentTests.test_crc_or_body_corruption_rejected_even_with_new_outer_digest) ... ok
build	Check extractor corruption guards and exact artifact inventory rules	2026-09-22T15:23:45.6449077Z test_exact_original_members_and_worker (test_extract_current.ExtractCurrentTests.test_exact_original_members_and_worker) ... ok
build	Check extractor corruption guards and exact artifact inventory rules	2026-09-22T15:23:45.6483876Z test_extra_traversal_missing_and_wrong_original_fail_atomically (test_extract_current.ExtractCurrentTests.test_extra_traversal_missing_and_wrong_original_fail_atomically) ... ok
build	Check extractor corruption guards and exact artifact inventory rules	2026-09-22T15:23:45.6496831Z test_symlink_members_rejected_before_writing (test_extract_current.ExtractCurrentTests.test_symlink_members_rejected_before_writing) ... ok
build	Check extractor corruption guards and exact artifact inventory rules	2026-09-22T15:23:45.6497811Z 
build	Check extractor corruption guards and exact artifact inventory rules	2026-09-22T15:23:45.6498049Z ----------------------------------------------------------------------
build	Check extractor corruption guards and exact artifact inventory rules	2026-09-22T15:23:45.6498588Z Ran 4 tests in 0.011s
build	Check extractor corruption guards and exact artifact inventory rules	2026-09-22T15:23:45.6498810Z 
build	Check extractor corruption guards and exact artifact inventory rules	2026-09-22T15:23:45.6498947Z OK
build	Check extractor corruption guards and exact artifact inventory rules	2026-09-22T15:23:45.8775993Z test_bad_second_metadata_refuses_before_first_extraction (test_prepare.CohortTests.test_bad_second_metadata_refuses_before_first_extraction) ... ok
build	Check extractor corruption guards and exact artifact inventory rules	2026-09-22T15:23:45.8785297Z test_capacity_refuses_before_output_or_source_access (test_prepare.CohortTests.test_capacity_refuses_before_output_or_source_access) ... ok
build	Check extractor corruption guards and exact artifact inventory rules	2026-09-22T15:23:46.0350493Z test_changed_extracted_body_fails_full_inventory (test_prepare.CohortTests.test_changed_extracted_body_fails_full_inventory) ... ok
build	Check extractor corruption guards and exact artifact inventory rules	2026-09-22T15:23:46.0802215Z test_duplicate_version_and_cohort_inventory_omission_refuse (test_prepare.CohortTests.test_duplicate_version_and_cohort_inventory_omission_refuse) ... ok
build	Check extractor corruption guards and exact artifact inventory rules	2026-09-22T15:23:46.1331035Z test_existing_output_is_never_overwritten (test_prepare.CohortTests.test_existing_output_is_never_overwritten) ... ok
build	Check extractor corruption guards and exact artifact inventory rules	2026-09-22T15:23:46.1771562Z test_inventory_cannot_omit_the_release_explorer_route (test_prepare.CohortTests.test_inventory_cannot_omit_the_release_explorer_route) ... ok
build	Check extractor corruption guards and exact artifact inventory rules	2026-09-22T15:23:46.2198870Z test_manifest_source_disagreement_refuses_even_with_rehashed_pin (test_prepare.CohortTests.test_manifest_source_disagreement_refuses_even_with_rehashed_pin) ... ok
build	Check extractor corruption guards and exact artifact inventory rules	2026-09-22T15:23:46.3113120Z test_mismatched_extraction_receipt_cannot_emit_combined_success (test_prepare.CohortTests.test_mismatched_extraction_receipt_cannot_emit_combined_success) ... ok
build	Check extractor corruption guards and exact artifact inventory rules	2026-09-22T15:23:46.3561637Z test_missing_release_explorer_bridge_refuses_before_extraction (test_prepare.CohortTests.test_missing_release_explorer_bridge_refuses_before_extraction) ... ok
build	Check extractor corruption guards and exact artifact inventory rules	2026-09-22T15:23:46.5068562Z test_pinned_qualification_copied_without_changing_original_cohort (test_prepare.CohortTests.test_pinned_qualification_copied_without_changing_original_cohort) ... ok
build	Check extractor corruption guards and exact artifact inventory rules	2026-09-22T15:23:46.7681994Z test_second_extraction_failure_cannot_emit_combined_success (test_prepare.CohortTests.test_second_extraction_failure_cannot_emit_combined_success) ... Traceback (most recent call last):
build	Check extractor corruption guards and exact artifact inventory rules	2026-09-22T15:23:46.7683388Z   File "/tmp/tmpoz_844fa/source/extractor.py", line 6, in <module>
build	Check extractor corruption guards and exact artifact inventory rules	2026-09-22T15:23:46.7684280Z     if r['version']=='v0.2.0': raise ValueError('fixture second failure')
build	Check extractor corruption guards and exact artifact inventory rules	2026-09-22T15:23:46.7684883Z                                ^^^^^^^^^^^^^^^^^^^^^^^^^^^^^^^^^^^^^^^^^^
build	Check extractor corruption guards and exact artifact inventory rules	2026-09-22T15:23:46.7685331Z ValueError: fixture second failure
build	Check extractor corruption guards and exact artifact inventory rules	2026-09-22T15:23:46.7903777Z ok
build	Check extractor corruption guards and exact artifact inventory rules	2026-09-22T15:23:46.9264847Z test_tag_identity_changed_before_or_during_extraction_refuses (test_prepare.CohortTests.test_tag_identity_changed_before_or_during_extraction_refuses) ... fatal: ambiguous argument 'refs/tags/v0.1.0': unknown revision or path not in the working tree.
build	Check extractor corruption guards and exact artifact inventory rules	2026-09-22T15:23:46.9266615Z Use '--' to separate paths from revisions, like this:
build	Check extractor corruption guards and exact artifact inventory rules	2026-09-22T15:23:46.9267045Z 'git <command> [<revision>...] -- [<file>...]'
build	Check extractor corruption guards and exact artifact inventory rules	2026-09-22T15:23:46.9325956Z fatal: ambiguous argument 'refs/tags/v0.1.0': unknown revision or path not in the working tree.
build	Check extractor corruption guards and exact artifact inventory rules	2026-09-22T15:23:46.9326571Z Use '--' to separate paths from revisions, like this:
build	Check extractor corruption guards and exact artifact inventory rules	2026-09-22T15:23:46.9327015Z 'git <command> [<revision>...] -- [<file>...]'
build	Check extractor corruption guards and exact artifact inventory rules	2026-09-22T15:23:46.9379686Z ok
build	Check extractor corruption guards and exact artifact inventory rules	2026-09-22T15:23:47.0870635Z test_two_original_cohorts_and_independent_artifact_reread (test_prepare.CohortTests.test_two_original_cohorts_and_independent_artifact_reread) ... ok
build	Check extractor corruption guards and exact artifact inventory rules	2026-09-22T15:23:47.1223445Z test_changed_or_wrong_identity_qualification_refuses (test_prepare.CommittedMetadataTests.test_changed_or_wrong_identity_qualification_refuses) ... ok
build	Check extractor corruption guards and exact artifact inventory rules	2026-09-22T15:23:47.1422375Z test_exact_original_metadata_and_source_qualification (test_prepare.CommittedMetadataTests.test_exact_original_metadata_and_source_qualification) ... ok
build	Check extractor corruption guards and exact artifact inventory rules	2026-09-22T15:23:47.1428341Z test_release_explorer_has_an_accessible_fallback_and_main_destination (test_prepare.CommittedMetadataTests.test_release_explorer_has_an_accessible_fallback_and_main_destination) ... ok
build	Check extractor corruption guards and exact artifact inventory rules	2026-09-22T15:23:47.1436785Z test_directory_symlink_fails (test_verify.InventoryTests.test_directory_symlink_fails) ... ok
build	Check extractor corruption guards and exact artifact inventory rules	2026-09-22T15:23:47.1445049Z test_exact_hidden_and_nested_inventory (test_verify.InventoryTests.test_exact_hidden_and_nested_inventory) ... ok
build	Check extractor corruption guards and exact artifact inventory rules	2026-09-22T15:23:47.1479184Z test_missing_extra_changed_and_wrong_expected_files (test_verify.InventoryTests.test_missing_extra_changed_and_wrong_expected_files) ... ok
build	Check extractor corruption guards and exact artifact inventory rules	2026-09-22T15:23:47.1495202Z test_symbolic_and_hard_links_fail (test_verify.InventoryTests.test_symbolic_and_hard_links_fail) ... ok
build	Check extractor corruption guards and exact artifact inventory rules	2026-09-22T15:23:47.1495982Z 
build	Check extractor corruption guards and exact artifact inventory rules	2026-09-22T15:23:47.1496385Z ----------------------------------------------------------------------
build	Check extractor corruption guards and exact artifact inventory rules	2026-09-22T15:23:47.1517865Z Ran 20 tests in 1.318s
build	Check extractor corruption guards and exact artifact inventory rules	2026-09-22T15:23:47.1518145Z 
build	Check extractor corruption guards and exact artifact inventory rules	2026-09-22T15:23:47.1518287Z OK
build	Extract the original ZIP and verify every member	﻿2026-09-22T15:23:47.1663455Z ##[group]Run python3 archive/tools/prepare.py --source source --out "$RUNNER_TEMP/archive51"
build	Extract the original ZIP and verify every member	2026-09-22T15:23:47.1664478Z ^[[36;1mpython3 archive/tools/prepare.py --source source --out "$RUNNER_TEMP/archive51"^[[0m
build	Extract the original ZIP and verify every member	2026-09-22T15:23:47.1700171Z shell: /usr/bin/bash -e {0}
build	Extract the original ZIP and verify every member	2026-09-22T15:23:47.1700434Z ##[endgroup]
build	Extract the original ZIP and verify every member	2026-09-22T15:24:04.4410135Z {"status": "PASS", "files": 1059, "bytes": 590404002, "archiveId": "archive-51", "releases": [{"version": "v0.82.1", "sourceRevision": "64ec9fd2e5688f4248fe005ac6a47c0c1394ea9e", "tagObject": "22008a584b2b4c08d1cf37840d87b95e2888bca6", "originalZipExtraction": {"distributionSha256": "eb98abe00155176d77facbcedcd1510219031057afc56a5669f98c7330b2b3af", "manifestSha256": "f28ad08403db215de393ac562ca1d3fe7dfc6791f49194513af60bf5db1b7e3d", "gameSourceRevision": "64ec9fd2e5688f4248fe005ac6a47c0c1394ea9e", "version": "v0.82.1", "membersVerified": 1052, "manifestFilesVerified": 1051, "uncompressedBytesVerified": 590367906, "crcAndHashesVerified": true}}], "toolingCommit": "30530b3436a1a9737be93f67f308587f89b2f8bc", "archiveCommit": "8bf0ed6c3947ca8c47ad2d9246db3e57acd986cf", "archiveTree": "c057f683ae6f7afcf3696120d9d5d65fb9fb38d7", "expectedInventorySha256": "7687ea84796d955b63b6bc11b41465a7777be7e7f24ccd07b2becd2eeee246c0", "noHistoricalBuilds": true}
build	Independently reread every artifact byte including hidden files	﻿2026-09-22T15:24:04.4529289Z ##[group]Run python3 archive/tools/verify.py "$RUNNER_TEMP/archive51/artifact"
build	Independently reread every artifact byte including hidden files	2026-09-22T15:24:04.4530303Z ^[[36;1mpython3 archive/tools/verify.py "$RUNNER_TEMP/archive51/artifact"^[[0m
build	Independently reread every artifact byte including hidden files	2026-09-22T15:24:04.4583302Z shell: /usr/bin/bash -e {0}
build	Independently reread every artifact byte including hidden files	2026-09-22T15:24:04.4583786Z ##[endgroup]
build	Independently reread every artifact byte including hidden files	2026-09-22T15:24:05.0661404Z {"status": "PASS", "files": 1059, "bytes": 590404002}
build	Retain extraction and complete-inventory receipts	﻿2026-09-22T15:24:05.0812576Z Node 20 is being deprecated. This workflow is running with Node 24 by default. If you need to temporarily use Node 20, you can set the ACTIONS_ALLOW_USE_UNSECURE_NODE_VERSION=true environment variable. For more information see: https://github.blog/changelog/2025-09-19-deprecation-of-node-20-on-github-actions-runners/
build	Retain extraction and complete-inventory receipts	2026-09-22T15:24:05.0814914Z ##[group]Run actions/upload-artifact@ea165f8d65b6e75b540449e92b4886f43607fa02
build	Retain extraction and complete-inventory receipts	2026-09-22T15:24:05.0815362Z with:
build	Retain extraction and complete-inventory receipts	2026-09-22T15:24:05.0815622Z   name: archive51-verification-receipts
build	Retain extraction and complete-inventory receipts	2026-09-22T15:24:05.0815923Z   if-no-files-found: warn
build	Retain extraction and complete-inventory receipts	2026-09-22T15:24:05.0816601Z   path: /home/runner/work/_temp/archive51/zip-receipt-*.json
build	Retain extraction and complete-inventory receipts	/home/runner/work/_temp/archive51/receipt.json
build	Retain extraction and complete-inventory receipts	/home/runner/work/_temp/archive51/expected-inventory.json
build	Retain extraction and complete-inventory receipts	
build	Retain extraction and complete-inventory receipts	2026-09-22T15:24:05.0817321Z   compression-level: 6
build	Retain extraction and complete-inventory receipts	2026-09-22T15:24:05.0817791Z   overwrite: false
build	Retain extraction and complete-inventory receipts	2026-09-22T15:24:05.0818019Z   include-hidden-files: false
build	Retain extraction and complete-inventory receipts	2026-09-22T15:24:05.0818268Z ##[endgroup]
build	Retain extraction and complete-inventory receipts	2026-09-22T15:24:05.2495130Z (node:2864) [DEP0040] DeprecationWarning: The `punycode` module is deprecated. Please use a userland alternative instead.
build	Retain extraction and complete-inventory receipts	2026-09-22T15:24:05.2496121Z (Use `node --trace-deprecation ...` to show where the warning was created)
build	Retain extraction and complete-inventory receipts	2026-09-22T15:24:05.2570669Z With the provided path, there will be 3 files uploaded
build	Retain extraction and complete-inventory receipts	2026-09-22T15:24:05.2578090Z Artifact name is valid!
build	Retain extraction and complete-inventory receipts	2026-09-22T15:24:05.2593925Z Root directory input is valid!
build	Retain extraction and complete-inventory receipts	2026-09-22T15:24:05.6517991Z Beginning upload of artifact content to blob storage
build	Retain extraction and complete-inventory receipts	2026-09-22T15:24:05.6802022Z (node:2864) [DEP0169] DeprecationWarning: `url.parse()` behavior is not standardized and prone to errors that have security implications. Use the WHATWG URL API instead. CVEs are not issued for `url.parse()` vulnerabilities.
build	Retain extraction and complete-inventory receipts	2026-09-22T15:24:06.0924139Z Uploaded bytes 56129
build	Retain extraction and complete-inventory receipts	2026-09-22T15:24:06.1743263Z Finished uploading artifact content to blob storage!
build	Retain extraction and complete-inventory receipts	2026-09-22T15:24:06.1744858Z SHA256 digest of uploaded artifact zip is 2a21fdc23f35506f827a7c382422675dbaeddd9b368db4dcee3a52e774d030f0
build	Retain extraction and complete-inventory receipts	2026-09-22T15:24:06.1746027Z Finalizing artifact upload
build	Retain extraction and complete-inventory receipts	2026-09-22T15:24:06.4428524Z Artifact archive51-verification-receipts.zip successfully finalized. Artifact ID 10703815435
build	Retain extraction and complete-inventory receipts	2026-09-22T15:24:06.4430567Z Artifact archive51-verification-receipts has been successfully uploaded! Final size is 56129 bytes. Artifact ID is 10703815435
build	Retain extraction and complete-inventory receipts	2026-09-22T15:24:06.4437779Z Artifact download URL: https://github.com/mekhovov/revealline-archive-51/actions/runs/35747012670/artifacts/10703815435
build	Upload complete canonical site	﻿2026-09-22T15:24:06.4637138Z ##[group]Run actions/upload-pages-artifact@fc324d3547104276b827a68afc52ff2a11cc49c9
build	Upload complete canonical site	2026-09-22T15:24:06.4637615Z with:
build	Upload complete canonical site	2026-09-22T15:24:06.4637865Z   path: /home/runner/work/_temp/archive51/artifact
build	Upload complete canonical site	2026-09-22T15:24:06.4638194Z   include-hidden-files: true
build	Upload complete canonical site	2026-09-22T15:24:06.4638445Z   name: github-pages
build	Upload complete canonical site	2026-09-22T15:24:06.4638660Z   retention-days: 1
build	Upload complete canonical site	2026-09-22T15:24:06.4638884Z ##[endgroup]
build	Upload complete canonical site	2026-09-22T15:24:06.4702800Z ##[start-action display=Archive artifact;id=__actions_upload-pages-artifact.__run]
build	Upload complete canonical site	2026-09-22T15:24:06.4733299Z ##[group]Run echo ::group::Archive artifact
build	Upload complete canonical site	2026-09-22T15:24:06.4733656Z ^[[36;1mecho ::group::Archive artifact^[[0m
build	Upload complete canonical site	2026-09-22T15:24:06.4734313Z ^[[36;1mtar \^[[0m
build	Upload complete canonical site	2026-09-22T15:24:06.4734613Z ^[[36;1m  --dereference --hard-dereference \^[[0m
build	Upload complete canonical site	2026-09-22T15:24:06.4734929Z ^[[36;1m  --directory "$INPUT_PATH" \^[[0m
build	Upload complete canonical site	2026-09-22T15:24:06.4735230Z ^[[36;1m  -cvf "$RUNNER_TEMP/artifact.tar" \^[[0m
build	Upload complete canonical site	2026-09-22T15:24:06.4735518Z ^[[36;1m  --exclude=.git \^[[0m
build	Upload complete canonical site	2026-09-22T15:24:06.4735780Z ^[[36;1m  --exclude=.github \^[[0m
build	Upload complete canonical site	2026-09-22T15:24:06.4736070Z ^[[36;1m   \^[[0m
build	Upload complete canonical site	2026-09-22T15:24:06.4736260Z ^[[36;1m  .^[[0m
build	Upload complete canonical site	2026-09-22T15:24:06.4736472Z ^[[36;1mecho ::endgroup::^[[0m
build	Upload complete canonical site	2026-09-22T15:24:06.4784585Z shell: /usr/bin/sh -e {0}
build	Upload complete canonical site	2026-09-22T15:24:06.4784850Z env:
build	Upload complete canonical site	2026-09-22T15:24:06.4785122Z   INPUT_PATH: /home/runner/work/_temp/archive51/artifact
build	Upload complete canonical site	2026-09-22T15:24:06.4785466Z ##[endgroup]
build	Upload complete canonical site	2026-09-22T15:24:06.4846452Z ##[group]Archive artifact
build	Upload complete canonical site	2026-09-22T15:24:06.4859687Z ./
build	Upload complete canonical site	2026-09-22T15:24:06.4860039Z ./releases/
build	Upload complete canonical site	2026-09-22T15:24:06.4860410Z ./releases/v0.82.1/
build	Upload complete canonical site	2026-09-22T15:24:06.4860668Z ./releases/v0.82.1/site/
build	Upload complete canonical site	2026-09-22T15:24:06.4860914Z ./releases/v0.82.1/site/site/
build	Upload complete canonical site	2026-09-22T15:24:06.4861364Z ./releases/v0.82.1/site/site/about.html
build	Upload complete canonical site	2026-09-22T15:24:06.4861895Z ./releases/v0.82.1/site/site/release-catalog.css
build	Upload complete canonical site	2026-09-22T15:24:06.4862467Z ./releases/v0.82.1/site/site/release-links.mjs
build	Upload complete canonical site	2026-09-22T15:24:06.4862977Z ./releases/v0.82.1/site/site/launch.mjs
build	Upload complete canonical site	2026-09-22T15:24:06.4863455Z ./releases/v0.82.1/site/site/landing.css
build	Upload complete canonical site	2026-09-22T15:24:06.4864147Z ./releases/v0.82.1/site/site/landing.mjs
build	Upload complete canonical site	2026-09-22T15:24:06.4864666Z ./releases/v0.82.1/site/site/about-navigation.mjs
build	Upload complete canonical site	2026-09-22T15:24:06.4865001Z ./releases/v0.82.1/site/manifest.json
build	Upload complete canonical site	2026-09-22T15:24:06.4866195Z ./releases/v0.82.1/site/optional/
build	Upload complete canonical site	2026-09-22T15:24:06.4866759Z ./releases/v0.82.1/site/optional/external-chapters/
build	Upload complete canonical site	2026-09-22T15:24:06.4867648Z ./releases/v0.82.1/site/optional/external-chapters/fracture-lines-retro/
build	Upload complete canonical site	2026-09-22T15:24:06.4868213Z ./releases/v0.82.1/site/optional/external-chapters/fracture-lines-retro/pack.json
build	Upload complete canonical site	2026-09-22T15:24:06.4885110Z ./releases/v0.82.1/site/optional/external-chapters/fracture-lines-retro/media.rlmedia
build	Upload complete canonical site	2026-09-22T15:24:06.4934644Z ./releases/v0.82.1/site/optional/external-chapters/sentinel-circuit-coupa/
build	Upload complete canonical site	2026-09-22T15:24:06.4935572Z ./releases/v0.82.1/site/optional/external-chapters/sentinel-circuit-coupa/pack.json
build	Upload complete canonical site	2026-09-22T15:24:06.4936227Z ./releases/v0.82.1/site/optional/external-chapters/sentinel-circuit-coupa/media.rlmedia
build	Upload complete canonical site	2026-09-22T15:24:06.4994165Z ./releases/v0.82.1/site/optional/external-chapters/sentinel-circuit-retro/
build	Upload complete canonical site	2026-09-22T15:24:06.4994945Z ./releases/v0.82.1/site/optional/external-chapters/sentinel-circuit-retro/pack.json
build	Upload complete canonical site	2026-09-22T15:24:06.4995730Z ./releases/v0.82.1/site/optional/external-chapters/sentinel-circuit-retro/media.rlmedia
build	Upload complete canonical site	2026-09-22T15:24:06.5054178Z ./releases/v0.82.1/site/optional/external-chapters/countercurrent-fpv/
build	Upload complete canonical site	2026-09-22T15:24:06.5055069Z ./releases/v0.82.1/site/optional/external-chapters/countercurrent-fpv/pack.json
build	Upload complete canonical site	2026-09-22T15:24:06.5055831Z ./releases/v0.82.1/site/optional/external-chapters/countercurrent-fpv/media.rlmedia
build	Upload complete canonical site	2026-09-22T15:24:06.5109790Z ./releases/v0.82.1/site/optional/external-chapters/sentinel-circuit-ukraine/
build	Upload complete canonical site	2026-09-22T15:24:06.5110655Z ./releases/v0.82.1/site/optional/external-chapters/sentinel-circuit-ukraine/pack.json
build	Upload complete canonical site	2026-09-22T15:24:06.5111464Z ./releases/v0.82.1/site/optional/external-chapters/sentinel-circuit-ukraine/media.rlmedia
build	Upload complete canonical site	2026-09-22T15:24:06.5173255Z ./releases/v0.82.1/site/optional/external-chapters/route-worlds-ukraine/
build	Upload complete canonical site	2026-09-22T15:24:06.5174645Z ./releases/v0.82.1/site/optional/external-chapters/route-worlds-ukraine/pack.json
build	Upload complete canonical site	2026-09-22T15:24:06.5175722Z ./releases/v0.82.1/site/optional/external-chapters/route-worlds-ukraine/media.rlmedia
build	Upload complete canonical site	2026-09-22T15:24:06.5242294Z ./releases/v0.82.1/site/optional/external-chapters/original-fpv-pressure-external/
build	Upload complete canonical site	2026-09-22T15:24:06.5243751Z ./releases/v0.82.1/site/optional/external-chapters/original-fpv-pressure-external/pack.json
build	Upload complete canonical site	2026-09-22T15:24:06.5245218Z ./releases/v0.82.1/site/optional/external-chapters/original-fpv-pressure-external/media.rlmedia
build	Upload complete canonical site	2026-09-22T15:24:06.5304554Z ./releases/v0.82.1/site/optional/external-chapters/countercurrent-retro/
build	Upload complete canonical site	2026-09-22T15:24:06.5305802Z ./releases/v0.82.1/site/optional/external-chapters/countercurrent-retro/pack.json
build	Upload complete canonical site	2026-09-22T15:24:06.5306883Z ./releases/v0.82.1/site/optional/external-chapters/countercurrent-retro/media.rlmedia
build	Upload complete canonical site	2026-09-22T15:24:06.5364177Z ./releases/v0.82.1/site/optional/external-chapters/route-worlds-retro/
build	Upload complete canonical site	2026-09-22T15:24:06.5365585Z ./releases/v0.82.1/site/optional/external-chapters/route-worlds-retro/pack.json
build	Upload complete canonical site	2026-09-22T15:24:06.5366406Z ./releases/v0.82.1/site/optional/external-chapters/route-worlds-retro/media.rlmedia
build	Upload complete canonical site	2026-09-22T15:24:06.5444186Z ./releases/v0.82.1/site/optional/external-chapters/countercurrent-ukraine/
build	Upload complete canonical site	2026-09-22T15:24:06.5445621Z ./releases/v0.82.1/site/optional/external-chapters/countercurrent-ukraine/pack.json
build	Upload complete canonical site	2026-09-22T15:24:06.5446875Z ./releases/v0.82.1/site/optional/external-chapters/countercurrent-ukraine/media.rlmedia
build	Upload complete canonical site	2026-09-22T15:24:06.5539764Z ./releases/v0.82.1/site/optional/external-chapters/route-worlds-coupa/
build	Upload complete canonical site	2026-09-22T15:24:06.5540900Z ./releases/v0.82.1/site/optional/external-chapters/route-worlds-coupa/pack.json
build	Upload complete canonical site	2026-09-22T15:24:06.5541982Z ./releases/v0.82.1/site/optional/external-chapters/route-worlds-coupa/media.rlmedia
build	Upload complete canonical site	2026-09-22T15:24:06.5607251Z ./releases/v0.82.1/site/optional/external-chapters/fracture-lines-ukraine/
build	Upload complete canonical site	2026-09-22T15:24:06.5608541Z ./releases/v0.82.1/site/optional/external-chapters/fracture-lines-ukraine/pack.json
build	Upload complete canonical site	2026-09-22T15:24:06.5609829Z ./releases/v0.82.1/site/optional/external-chapters/fracture-lines-ukraine/media.rlmedia
build	Upload complete canonical site	2026-09-22T15:24:06.5675372Z ./releases/v0.82.1/site/optional/external-chapters/fracture-lines-fpv/
build	Upload complete canonical site	2026-09-22T15:24:06.5676910Z ./releases/v0.82.1/site/optional/external-chapters/fracture-lines-fpv/pack.json
build	Upload complete canonical site	2026-09-22T15:24:06.5678149Z ./releases/v0.82.1/site/optional/external-chapters/fracture-lines-fpv/media.rlmedia
build	Upload complete canonical site	2026-09-22T15:24:06.5742176Z ./releases/v0.82.1/site/optional/external-chapters/fracture-lines-coupa/
build	Upload complete canonical site	2026-09-22T15:24:06.5743324Z ./releases/v0.82.1/site/optional/external-chapters/fracture-lines-coupa/pack.json
build	Upload complete canonical site	2026-09-22T15:24:06.5744856Z ./releases/v0.82.1/site/optional/external-chapters/fracture-lines-coupa/media.rlmedia
build	Upload complete canonical site	2026-09-22T15:24:06.5810509Z ./releases/v0.82.1/site/optional/external-chapters/countercurrent-coupa/
build	Upload complete canonical site	2026-09-22T15:24:06.5811796Z ./releases/v0.82.1/site/optional/external-chapters/countercurrent-coupa/pack.json
build	Upload complete canonical site	2026-09-22T15:24:06.5813110Z ./releases/v0.82.1/site/optional/external-chapters/countercurrent-coupa/media.rlmedia
build	Upload complete canonical site	2026-09-22T15:24:06.5877651Z ./releases/v0.82.1/site/optional/external-chapters/sentinel-circuit-fpv/
build	Upload complete canonical site	2026-09-22T15:24:06.5878918Z ./releases/v0.82.1/site/optional/external-chapters/sentinel-circuit-fpv/pack.json
build	Upload complete canonical site	2026-09-22T15:24:06.5880288Z ./releases/v0.82.1/site/optional/external-chapters/sentinel-circuit-fpv/media.rlmedia
build	Upload complete canonical site	2026-09-22T15:24:06.5944491Z ./releases/v0.82.1/site/authoring/
build	Upload complete canonical site	2026-09-22T15:24:06.5945216Z ./releases/v0.82.1/site/authoring/library/
build	Upload complete canonical site	2026-09-22T15:24:06.5946077Z ./releases/v0.82.1/site/authoring/library/fpv-field-kit/
build	Upload complete canonical site	2026-09-22T15:24:06.5947132Z ./releases/v0.82.1/site/authoring/library/fpv-field-kit/prepared/
build	Upload complete canonical site	2026-09-22T15:24:06.5948320Z ./releases/v0.82.1/site/authoring/library/fpv-field-kit/prepared/reveals/
build	Upload complete canonical site	2026-09-22T15:24:06.5955313Z ./releases/v0.82.1/site/authoring/library/fpv-field-kit/prepared/reveals/review.html
build	Upload complete canonical site	2026-09-22T15:24:06.5957077Z ./releases/v0.82.1/site/authoring/library/fpv-field-kit/prepared/reveals/review.mjs
build	Upload complete canonical site	2026-09-22T15:24:06.5958249Z ./releases/v0.82.1/site/authoring/library/fpv-field-kit/prepared/reveals/reveals.json
build	Upload complete canonical site	2026-09-22T15:24:06.5959315Z ./releases/v0.82.1/site/authoring/library/fpv-role-presentations/
build	Upload complete canonical site	2026-09-22T15:24:06.5960124Z ./releases/v0.82.1/site/authoring/library/fpv-role-presentations/originals/
build	Upload complete canonical site	2026-09-22T15:24:06.5960876Z ./releases/v0.82.1/site/authoring/library/fpv-role-presentations/originals/scout.png
build	Upload complete canonical site	2026-09-22T15:24:06.5961641Z ./releases/v0.82.1/site/authoring/library/fpv-role-presentations/originals/fiber.png
build	Upload complete canonical site	2026-09-22T15:24:06.5963331Z ./releases/v0.82.1/site/authoring/library/fpv-role-presentations/originals/carrier.png
build	Upload complete canonical site	2026-09-22T15:24:06.5970479Z ./releases/v0.82.1/site/authoring/library/fpv-role-presentations/originals/impact.png
build	Upload complete canonical site	2026-09-22T15:24:06.5976372Z ./releases/v0.82.1/site/authoring/library/fpv-role-presentations/originals/bomber.png
build	Upload complete canonical site	2026-09-22T15:24:06.5983644Z ./releases/v0.82.1/site/authoring/library/fpv-role-presentations/originals/trapper.png
build	Upload complete canonical site	2026-09-22T15:24:06.5992474Z ./releases/v0.82.1/site/authoring/library/fpv-role-presentations/originals/interceptor.png
build	Upload complete canonical site	2026-09-22T15:24:06.5998202Z ./releases/v0.82.1/site/authoring/library/four-worlds-chapters/
build	Upload complete canonical site	2026-09-22T15:24:06.5999043Z ./releases/v0.82.1/site/authoring/library/four-worlds-chapters/packs/
build	Upload complete canonical site	2026-09-22T15:24:06.6000041Z ./releases/v0.82.1/site/authoring/library/four-worlds-chapters/packs/original-ukraine-atlas.json
build	Upload complete canonical site	2026-09-22T15:24:06.6095263Z ./releases/v0.82.1/site/authoring/library/four-worlds-chapters/packs/original-spend-network.json
build	Upload complete canonical site	2026-09-22T15:24:06.6179790Z ./releases/v0.82.1/site/authoring/library/four-worlds-chapters/packs/original-retro-1994.json
build	Upload complete canonical site	2026-09-22T15:24:06.6261496Z ./releases/v0.82.1/site/authoring/library/four-worlds-chapters/packs/original-fpv-pressure.json
build	Upload complete canonical site	2026-09-22T15:24:06.6342935Z ./releases/v0.82.1/site/authoring/library/runtime-sprite-candidates-v1/
build	Upload complete canonical site	2026-09-22T15:24:06.6344302Z ./releases/v0.82.1/site/authoring/library/runtime-sprite-candidates-v1/export/
build	Upload complete canonical site	2026-09-22T15:24:06.6346291Z ./releases/v0.82.1/site/authoring/library/runtime-sprite-candidates-v1/export/fpv-compact-eroder-v1-29502a902fadb1d6e1ddf8c4426e61fc5fff9613d3c8608ebfbd55848d5e3720.png
build	Upload complete canonical site	2026-09-22T15:24:06.6349505Z ./releases/v0.82.1/site/authoring/library/runtime-sprite-candidates-v1/export/fpv-compact-claimed-rover-v1-ddb9f5264822eceb35dcbfa80145c74a3e6d22a547d3171fdfa5095718e90106.png
build	Upload complete canonical site	2026-09-22T15:24:06.6351670Z ./releases/v0.82.1/site/authoring/library/runtime-sprite-candidates-v1/export/manifest.json
build	Upload complete canonical site	2026-09-22T15:24:06.6353789Z ./releases/v0.82.1/site/authoring/library/runtime-sprite-candidates-v1/export/fpv-compact-relay-sentinel-v1-9640e613855c6001aa5d2a23550237a6a3235a6637a8a248a7d7cdbc21d534db.png
build	Upload complete canonical site	2026-09-22T15:24:06.6356896Z ./releases/v0.82.1/site/authoring/library/runtime-sprite-candidates-v1/export/atlas-weaver-shuttle-v3-39c737ed85d1df0c61bb05fce6424d36ea93f452ca19c7542253f37442e914aa.png
build	Upload complete canonical site	2026-09-22T15:24:06.6359425Z ./releases/v0.82.1/site/authoring/library/runtime-sprite-candidates-v1/export/fpv-compact-lane-boss-v1-e44630c2356c86db2611116dde6d12ea121d22aefef263932fabb719fc8e5dfd.png
build	Upload complete canonical site	2026-09-22T15:24:06.6361262Z ./releases/v0.82.1/site/authoring/library/runtime-sprite-candidates-v1/export/atlas-pottery-courier-v1-86089f57441d33c4153d8da5246f5e5c3822c9304d8e7b9a761ae17e5a217ea2.png
build	Upload complete canonical site	2026-09-22T15:24:06.6362629Z ./releases/v0.82.1/site/authoring/library/runtime-sprite-candidates-v1/export/fpv-compact-border-patrol-v1-537de86076d2fa4141f1c37b23774015da66431657a8ff2db3193d66e0c7ade1.png
build	Upload complete canonical site	2026-09-22T15:24:06.6364206Z ./releases/v0.82.1/site/authoring/library/runtime-sprite-candidates-v1/export/atlas-carved-chest-v1-1e68e385ea2166b999e7b9041eabaf90d7b5b552a0034cdce576ddc123cbd91b.png
build	Upload complete canonical site	2026-09-22T15:24:06.6366062Z ./releases/v0.82.1/site/authoring/library/runtime-sprite-candidates-v1/export/atlas-woven-basket-v1-3604eeef2dfbdf02c26f8ae8d86984cb453c52574bfd9dd87d28df015f9c50ac.png
build	Upload complete canonical site	2026-09-22T15:24:06.6367558Z ./releases/v0.82.1/site/authoring/library/runtime-sprite-candidates-v1/export/fpv-compact-hunter-v1-e7445fff125f6827c5106853067d1ff099b16e30cfc0acdbb501dabe81f6a914.png
build	Upload complete canonical site	2026-09-22T15:24:06.6368815Z ./releases/v0.82.1/site/authoring/library/runtime-sprite-candidates-v1/export/atlas-falcon-crest-v3-f3ce0fa984bb43f3a3fa69734c60df3dfa6c8a148f0b1d32778407b92c93a648.png
build	Upload complete canonical site	2026-09-22T15:24:06.6370072Z ./releases/v0.82.1/site/authoring/library/runtime-sprite-candidates-v1/export/atlas-bell-warden-v1-aaa88f04dccaa141ffb121acbb6e1b4eb9b89c0ace3e8ebddc172ba4294eabce.png
build	Upload complete canonical site	2026-09-22T15:24:06.6371309Z ./releases/v0.82.1/site/authoring/library/runtime-sprite-candidates-v1/export/atlas-swallow-v3-e01a6c53d78acf164d04878b73f06de18cfed676b894bd7353a708fd1005aaf7.png
build	Upload complete canonical site	2026-09-22T15:24:06.6372588Z ./releases/v0.82.1/site/authoring/library/runtime-sprite-candidates-v1/export/fpv-compact-contour-patrol-v1-9df94fb4dcfee56fffc16d15eda5d75ff2fc06a52a7754949ca5fc9e0607a20f.png
build	Upload complete canonical site	2026-09-22T15:24:06.6373483Z ./releases/v0.82.1/site/authoring/library/tactical-teaching/
build	Upload complete canonical site	2026-09-22T15:24:06.6374202Z ./releases/v0.82.1/site/authoring/library/tactical-teaching/scenarios/
build	Upload complete canonical site	2026-09-22T15:24:06.6374819Z ./releases/v0.82.1/site/authoring/library/tactical-teaching/scenarios/tactical-borrowed-seconds.json
build	Upload complete canonical site	2026-09-22T15:24:06.6375505Z ./releases/v0.82.1/site/authoring/library/tactical-teaching/scenarios/tactical-quiet-crossing.json
build	Upload complete canonical site	2026-09-22T15:24:06.6376183Z ./releases/v0.82.1/site/authoring/library/tactical-teaching/scenarios/tactical-read-clearing.json
build	Upload complete canonical site	2026-09-22T15:24:06.6376718Z ./releases/v0.82.1/site/authoring/library/fpv-route-choices/
build	Upload complete canonical site	2026-09-22T15:24:06.6377142Z ./releases/v0.82.1/site/authoring/library/fpv-route-choices/packs/
build	Upload complete canonical site	2026-09-22T15:24:06.6377664Z ./releases/v0.82.1/site/authoring/library/fpv-route-choices/packs/fpv-route-choices.json
build	Upload complete canonical site	2026-09-22T15:24:06.6454277Z ./releases/v0.82.1/site/authoring/motion-lab/
build	Upload complete canonical site	2026-09-22T15:24:06.6455284Z ./releases/v0.82.1/site/authoring/motion-lab/collection.mjs
build	Upload complete canonical site	2026-09-22T15:24:06.6456045Z ./releases/v0.82.1/site/authoring/motion-lab/display.mjs
build	Upload complete canonical site	2026-09-22T15:24:06.6456548Z ./releases/v0.82.1/site/authoring/motion-lab/preview-loop.mjs
build	Upload complete canonical site	2026-09-22T15:24:06.6457091Z ./releases/v0.82.1/site/authoring/motion-lab/render-character.mjs
build	Upload complete canonical site	2026-09-22T15:24:06.6459029Z ./releases/v0.82.1/site/authoring/motion-lab/steering.mjs
build	Upload complete canonical site	2026-09-22T15:24:06.6460024Z ./releases/v0.82.1/site/authoring/motion-lab/collection-presets.json
build	Upload complete canonical site	2026-09-22T15:24:06.6460490Z ./releases/v0.82.1/site/authoring/motion-lab/ability-presets.json
build	Upload complete canonical site	2026-09-22T15:24:06.6460909Z ./releases/v0.82.1/site/authoring/motion-lab/animation.mjs
build	Upload complete canonical site	2026-09-22T15:24:06.6461285Z ./releases/v0.82.1/site/authoring/motion-lab/motion.mjs
build	Upload complete canonical site	2026-09-22T15:24:06.6461677Z ./releases/v0.82.1/site/authoring/motion-lab/render-ability.mjs
build	Upload complete canonical site	2026-09-22T15:24:06.6462075Z ./releases/v0.82.1/site/authoring/motion-lab/index.html
build	Upload complete canonical site	2026-09-22T15:24:06.6462439Z ./releases/v0.82.1/site/authoring/motion-lab/presets.json
build	Upload complete canonical site	2026-09-22T15:24:06.6462807Z ./releases/v0.82.1/site/authoring/motion-lab/app.js
build	Upload complete canonical site	2026-09-22T15:24:06.6463180Z ./releases/v0.82.1/site/authoring/motion-lab/styles.css
build	Upload complete canonical site	2026-09-22T15:24:06.6463742Z ./releases/v0.82.1/site/authoring/motion-lab/ability.mjs
build	Upload complete canonical site	2026-09-22T15:24:06.6464558Z ./releases/v0.82.1/site/authoring/motion-lab/ability-labels.mjs
build	Upload complete canonical site	2026-09-22T15:24:06.6465702Z ./releases/v0.82.1/site/authoring/motion-lab/display-entry.mjs
build	Upload complete canonical site	2026-09-22T15:24:06.6466274Z ./releases/v0.82.1/site/authoring/motion-lab/png-preview.mjs
build	Upload complete canonical site	2026-09-22T15:24:06.6466828Z ./releases/v0.82.1/site/authoring/motion-lab/grid-motion.mjs
build	Upload complete canonical site	2026-09-22T15:24:06.6467347Z ./releases/v0.82.1/site/authoring/motion-lab/assets/
build	Upload complete canonical site	2026-09-22T15:24:06.6467860Z ./releases/v0.82.1/site/authoring/motion-lab/assets/navi-avatar.png
build	Upload complete canonical site	2026-09-22T15:24:06.6468484Z ./releases/v0.82.1/site/authoring/motion-lab/assets/delta-interceptor.png
build	Upload complete canonical site	2026-09-22T15:24:06.6469512Z ./releases/v0.82.1/site/authoring/motion-lab/assets/ukrainian-bird.png
build	Upload complete canonical site	2026-09-22T15:24:06.6472441Z ./releases/v0.82.1/site/authoring/motion-lab/assets/fixedwing-body.png
build	Upload complete canonical site	2026-09-22T15:24:06.6476120Z ./releases/v0.82.1/site/authoring/motion-lab/assets/scout-quad.png
build	Upload complete canonical site	2026-09-22T15:24:06.6481385Z ./releases/v0.82.1/site/authoring/motion-lab/assets/fpv-body.png
build	Upload complete canonical site	2026-09-22T15:24:06.6487241Z ./releases/v0.82.1/site/authoring/motion-lab/assets/heavy-lift.png
build	Upload complete canonical site	2026-09-22T15:24:06.6493742Z ./releases/v0.82.1/site/authoring/motion-lab/assets/fpv-night.png
build	Upload complete canonical site	2026-09-22T15:24:06.6511285Z ./releases/v0.82.1/site/authoring/motion-lab/assets/retro-craft.png
build	Upload complete canonical site	2026-09-22T15:24:06.6512123Z ./releases/v0.82.1/site/authoring/motion-lab/assets/fpv-racer.png
build	Upload complete canonical site	2026-09-22T15:24:06.6515288Z ./releases/v0.82.1/site/authoring/video-poster/
build	Upload complete canonical site	2026-09-22T15:24:06.6516000Z ./releases/v0.82.1/site/authoring/video-poster/workshop.mjs
build	Upload complete canonical site	2026-09-22T15:24:06.6516724Z ./releases/v0.82.1/site/authoring/video-poster/launch.js
build	Upload complete canonical site	2026-09-22T15:24:06.6517424Z ./releases/v0.82.1/site/authoring/video-poster/workshop.css
build	Upload complete canonical site	2026-09-22T15:24:06.6518120Z ./releases/v0.82.1/site/authoring/video-poster/index.html
build	Upload complete canonical site	2026-09-22T15:24:06.6518771Z ./releases/v0.82.1/site/authoring/design-atlas/
build	Upload complete canonical site	2026-09-22T15:24:06.6519399Z ./releases/v0.82.1/site/authoring/design-atlas/atlas.css
build	Upload complete canonical site	2026-09-22T15:24:06.6520107Z ./releases/v0.82.1/site/authoring/design-atlas/reveal-audit.mjs
build	Upload complete canonical site	2026-09-22T15:24:06.6520816Z ./releases/v0.82.1/site/authoring/design-atlas/atlas.mjs
build	Upload complete canonical site	2026-09-22T15:24:06.6521531Z ./releases/v0.82.1/site/authoring/design-atlas/reveal-audit.json
build	Upload complete canonical site	2026-09-22T15:24:06.6522270Z ./releases/v0.82.1/site/authoring/design-atlas/index.html
build	Upload complete canonical site	2026-09-22T15:24:06.6523119Z ./releases/v0.82.1/site/authoring/design-atlas/reveal-production-plan.json
build	Upload complete canonical site	2026-09-22T15:24:06.6524166Z ./releases/v0.82.1/site/authoring/design-atlas/reveal-audit.html
build	Upload complete canonical site	2026-09-22T15:24:06.6524853Z ./releases/v0.82.1/site/authoring/still-media/
build	Upload complete canonical site	2026-09-22T15:24:06.6525490Z ./releases/v0.82.1/site/authoring/still-media/workshop.mjs
build	Upload complete canonical site	2026-09-22T15:24:06.6526125Z ./releases/v0.82.1/site/authoring/still-media/launch.js
build	Upload complete canonical site	2026-09-22T15:24:06.6526794Z ./releases/v0.82.1/site/authoring/still-media/examples/
build	Upload complete canonical site	2026-09-22T15:24:06.6527496Z ./releases/v0.82.1/site/authoring/still-media/examples/dawn-signal/
build	Upload complete canonical site	2026-09-22T15:24:06.6528365Z ./releases/v0.82.1/site/authoring/still-media/examples/dawn-signal/manifest.json
build	Upload complete canonical site	2026-09-22T15:24:06.6529411Z ./releases/v0.82.1/site/authoring/still-media/examples/dawn-signal/Dawn-Signal-stories.rlstory
build	Upload complete canonical site	2026-09-22T15:24:06.6531026Z ./releases/v0.82.1/site/authoring/still-media/examples/dawn-signal/Dawn-Signal-originals.rlmedia
build	Upload complete canonical site	2026-09-22T15:24:06.6532050Z ./releases/v0.82.1/site/authoring/still-media/index.html
build	Upload complete canonical site	2026-09-22T15:24:06.6532799Z ./releases/v0.82.1/site/authoring/enemy-catalog/
build	Upload complete canonical site	2026-09-22T15:24:06.6533551Z ./releases/v0.82.1/site/authoring/enemy-catalog/workshop.mjs
build	Upload complete canonical site	2026-09-22T15:24:06.6534589Z ./releases/v0.82.1/site/authoring/enemy-catalog/index.html
build	Upload complete canonical site	2026-09-22T15:24:06.6535329Z ./releases/v0.82.1/site/authoring/asset-studio/
build	Upload complete canonical site	2026-09-22T15:24:06.6536148Z ./releases/v0.82.1/site/authoring/asset-studio/audition-lifecycle.mjs
build	Upload complete canonical site	2026-09-22T15:24:06.6537063Z ./releases/v0.82.1/site/authoring/asset-studio/scene-preview.mjs
build	Upload complete canonical site	2026-09-22T15:24:06.6537964Z ./releases/v0.82.1/site/authoring/asset-studio/preview-fixture.mjs
build	Upload complete canonical site	2026-09-22T15:24:06.6538837Z ./releases/v0.82.1/site/authoring/asset-studio/helpers.mjs
build	Upload complete canonical site	2026-09-22T15:24:06.6539704Z ./releases/v0.82.1/site/authoring/asset-studio/component-specimens.mjs
build	Upload complete canonical site	2026-09-22T15:24:06.6540610Z ./releases/v0.82.1/site/authoring/asset-studio/preview-motion.mjs
build	Upload complete canonical site	2026-09-22T15:24:06.6541470Z ./releases/v0.82.1/site/authoring/asset-studio/operation.mjs
build	Upload complete canonical site	2026-09-22T15:24:06.6542320Z ./releases/v0.82.1/site/authoring/asset-studio/cross-mode-preview.mjs
build	Upload complete canonical site	2026-09-22T15:24:06.6543220Z ./releases/v0.82.1/site/authoring/asset-studio/team-preview-fixture.mjs
build	Upload complete canonical site	2026-09-22T15:24:06.6544792Z ./releases/v0.82.1/site/authoring/asset-studio/picture-context.mjs
build	Upload complete canonical site	2026-09-22T15:24:06.6545646Z ./releases/v0.82.1/site/authoring/asset-studio/sprite-panel.mjs
build	Upload complete canonical site	2026-09-22T15:24:06.6546392Z ./releases/v0.82.1/site/authoring/asset-studio/preview.mjs
build	Upload complete canonical site	2026-09-22T15:24:06.6547286Z ./releases/v0.82.1/site/authoring/asset-studio/guide.mjs
build	Upload complete canonical site	2026-09-22T15:24:06.6547974Z ./releases/v0.82.1/site/authoring/asset-studio/studio.mjs
build	Upload complete canonical site	2026-09-22T15:24:06.6548639Z ./releases/v0.82.1/site/authoring/asset-studio/index.html
build	Upload complete canonical site	2026-09-22T15:24:06.6549391Z ./releases/v0.82.1/site/authoring/asset-studio/interface-preferences.mjs
build	Upload complete canonical site	2026-09-22T15:24:06.6550157Z ./releases/v0.82.1/site/authoring/asset-studio/studio.css
build	Upload complete canonical site	2026-09-22T15:24:06.6550733Z ./releases/v0.82.1/site/credits.html
build	Upload complete canonical site	2026-09-22T15:24:06.6551215Z ./releases/v0.82.1/site/offline-cache.json
build	Upload complete canonical site	2026-09-22T15:24:06.6551712Z ./releases/v0.82.1/site/privacy.html
build	Upload complete canonical site	2026-09-22T15:24:06.6552169Z ./releases/v0.82.1/site/icons/
build	Upload complete canonical site	2026-09-22T15:24:06.6552676Z ./releases/v0.82.1/site/icons/icon-180.png
build	Upload complete canonical site	2026-09-22T15:24:06.6553190Z ./releases/v0.82.1/site/icons/icon-512.png
build	Upload complete canonical site	2026-09-22T15:24:06.6553682Z ./releases/v0.82.1/site/icons/icon.svg
build	Upload complete canonical site	2026-09-22T15:24:06.6554422Z ./releases/v0.82.1/site/icons/icon-192.png
build	Upload complete canonical site	2026-09-22T15:24:06.6554958Z ./releases/v0.82.1/site/.xonix-build.json
build	Upload complete canonical site	2026-09-22T15:24:06.6555446Z ./releases/v0.82.1/site/index.html
build	Upload complete canonical site	2026-09-22T15:24:06.6555910Z ./releases/v0.82.1/site/game/
build	Upload complete canonical site	2026-09-22T15:24:06.6556409Z ./releases/v0.82.1/site/game/chapter-download.mjs
build	Upload complete canonical site	2026-09-22T15:24:06.6557029Z ./releases/v0.82.1/site/game/presentation-pins.mjs
build	Upload complete canonical site	2026-09-22T15:24:06.6557724Z ./releases/v0.82.1/site/game/soundtrack-album-download.mjs
build	Upload complete canonical site	2026-09-22T15:24:06.6558357Z ./releases/v0.82.1/site/game/replay.mjs
build	Upload complete canonical site	2026-09-22T15:24:06.6558900Z ./releases/v0.82.1/site/game/story-media-store.mjs
build	Upload complete canonical site	2026-09-22T15:24:06.6559517Z ./releases/v0.82.1/site/game/campaign-difficulty.mjs
build	Upload complete canonical site	2026-09-22T15:24:06.6560119Z ./releases/v0.82.1/site/game/release-explorer.mjs
build	Upload complete canonical site	2026-09-22T15:24:06.6560695Z ./releases/v0.82.1/site/game/content-design/
build	Upload complete canonical site	2026-09-22T15:24:06.6561292Z ./releases/v0.82.1/site/game/content-design/team-art.mjs
build	Upload complete canonical site	2026-09-22T15:24:06.6562012Z ./releases/v0.82.1/site/game/content-design/whole-spatial-data.mjs
build	Upload complete canonical site	2026-09-22T15:24:06.6562804Z ./releases/v0.82.1/site/game/content-design/livewire-art.mjs
build	Upload complete canonical site	2026-09-22T15:24:06.6563509Z ./releases/v0.82.1/site/game/content-design/starter.mjs
build	Upload complete canonical site	2026-09-22T15:24:06.6564399Z ./releases/v0.82.1/site/game/content-design/session.mjs
build	Upload complete canonical site	2026-09-22T15:24:06.6565157Z ./releases/v0.82.1/site/game/content-design/phase-spatial-candidates.mjs
build	Upload complete canonical site	2026-09-22T15:24:06.6566166Z ./releases/v0.82.1/site/game/content-design/horizon-candidates.mjs
build	Upload complete canonical site	2026-09-22T15:24:06.6566964Z ./releases/v0.82.1/site/game/content-design/combat-candidates.mjs
build	Upload complete canonical site	2026-09-22T15:24:06.6567809Z ./releases/v0.82.1/site/game/content-design/pursuit-intercept-candidates.mjs
build	Upload complete canonical site	2026-09-22T15:24:06.6568621Z ./releases/v0.82.1/site/game/content-design/execution.mjs
build	Upload complete canonical site	2026-09-22T15:24:06.6569382Z ./releases/v0.82.1/site/game/content-design/timed-border-candidates.mjs
build	Upload complete canonical site	2026-09-22T15:24:06.6570155Z ./releases/v0.82.1/site/game/content-design/neon-art.mjs
build	Upload complete canonical site	2026-09-22T15:24:06.6570844Z ./releases/v0.82.1/site/game/content-design/actor-marker.mjs
build	Upload complete canonical site	2026-09-22T15:24:06.6571631Z ./releases/v0.82.1/site/game/content-design/campaign-music-direction.mjs
build	Upload complete canonical site	2026-09-22T15:24:06.6572501Z ./releases/v0.82.1/site/game/content-design/whole-spatial-candidates.mjs
build	Upload complete canonical site	2026-09-22T15:24:06.6573266Z ./releases/v0.82.1/site/game/content-design/project.mjs
build	Upload complete canonical site	2026-09-22T15:24:06.6574189Z ./releases/v0.82.1/site/game/content-design/team-qualification.mjs
build	Upload complete canonical site	2026-09-22T15:24:06.6574956Z ./releases/v0.82.1/site/game/content-design/solo-host.mjs
build	Upload complete canonical site	2026-09-22T15:24:06.6575692Z ./releases/v0.82.1/site/game/content-design/livewire-candidates.mjs
build	Upload complete canonical site	2026-09-22T15:24:06.6576472Z ./releases/v0.82.1/site/game/content-design/image-trace-session.mjs
build	Upload complete canonical site	2026-09-22T15:24:06.6577281Z ./releases/v0.82.1/site/game/content-design/team-pressure-originals.mjs
build	Upload complete canonical site	2026-09-22T15:24:06.6578079Z ./releases/v0.82.1/site/game/content-design/preview-loader.mjs
build	Upload complete canonical site	2026-09-22T15:24:06.6578788Z ./releases/v0.82.1/site/game/content-design/sequence.mjs
build	Upload complete canonical site	2026-09-22T15:24:06.6579442Z ./releases/v0.82.1/site/game/content-design/pacing.mjs
build	Upload complete canonical site	2026-09-22T15:24:06.6580349Z ./releases/v0.82.1/site/game/content-design/sentinel-candidates.mjs
build	Upload complete canonical site	2026-09-22T15:24:06.6581087Z ./releases/v0.82.1/site/game/content-design/journey-art.mjs
build	Upload complete canonical site	2026-09-22T15:24:06.6581800Z ./releases/v0.82.1/site/game/content-design/sentinel-art.mjs
build	Upload complete canonical site	2026-09-22T15:24:06.6582502Z ./releases/v0.82.1/site/game/content-design/objectives.mjs
build	Upload complete canonical site	2026-09-22T15:24:06.6583239Z ./releases/v0.82.1/site/game/content-design/border-candidates.mjs
build	Upload complete canonical site	2026-09-22T15:24:06.6584282Z ./releases/v0.82.1/site/game/content-design/horizon-spatial-candidates.mjs
build	Upload complete canonical site	2026-09-22T15:24:06.6585140Z ./releases/v0.82.1/site/game/content-design/team-candidates.mjs
build	Upload complete canonical site	2026-09-22T15:24:06.6585858Z ./releases/v0.82.1/site/game/content-design/map-view.mjs
build	Upload complete canonical site	2026-09-22T15:24:06.6586568Z ./releases/v0.82.1/site/game/content-design/phase-candidates.mjs
build	Upload complete canonical site	2026-09-22T15:24:06.6587304Z ./releases/v0.82.1/site/game/content-design/team-export.mjs
build	Upload complete canonical site	2026-09-22T15:24:06.6588045Z ./releases/v0.82.1/site/game/content-design/rover-candidates.mjs
build	Upload complete canonical site	2026-09-22T15:24:06.6588855Z ./releases/v0.82.1/site/game/content-design/team-spatial-originals.mjs
build	Upload complete canonical site	2026-09-22T15:24:06.6589665Z ./releases/v0.82.1/site/game/content-design/fracture-candidates.mjs
build	Upload complete canonical site	2026-09-22T15:24:06.6590453Z ./releases/v0.82.1/site/game/content-design/acceptance-evidence.mjs
build	Upload complete canonical site	2026-09-22T15:24:06.6591199Z ./releases/v0.82.1/site/game/content-design/image-trace.mjs
build	Upload complete canonical site	2026-09-22T15:24:06.6591897Z ./releases/v0.82.1/site/game/content-design/signal-art.mjs
build	Upload complete canonical site	2026-09-22T15:24:06.6592615Z ./releases/v0.82.1/site/game/content-design/team-mission-card.mjs
build	Upload complete canonical site	2026-09-22T15:24:06.6593359Z ./releases/v0.82.1/site/game/content-design/directional.mjs
build	Upload complete canonical site	2026-09-22T15:24:06.6594291Z ./releases/v0.82.1/site/game/content-design/mission-card.mjs
build	Upload complete canonical site	2026-09-22T15:24:06.6595050Z ./releases/v0.82.1/site/game/content-design/timed-bonuses.mjs
build	Upload complete canonical site	2026-09-22T15:24:06.6595875Z ./releases/v0.82.1/site/game/content-design/cultural-workshop-candidates.mjs
build	Upload complete canonical site	2026-09-22T15:24:06.6596738Z ./releases/v0.82.1/site/game/content-design/combat-authoring.mjs
build	Upload complete canonical site	2026-09-22T15:24:06.6597504Z ./releases/v0.82.1/site/game/content-design/geometry-edit.mjs
build	Upload complete canonical site	2026-09-22T15:24:06.6598277Z ./releases/v0.82.1/site/game/content-design/cultural-workshop-art.mjs
build	Upload complete canonical site	2026-09-22T15:24:06.6599066Z ./releases/v0.82.1/site/game/content-design/capture-overlay.mjs
build	Upload complete canonical site	2026-09-22T15:24:06.6599776Z ./releases/v0.82.1/site/game/content-design/themes.json
build	Upload complete canonical site	2026-09-22T15:24:06.6600701Z ./releases/v0.82.1/site/game/content-design/tuning.mjs
build	Upload complete canonical site	2026-09-22T15:24:06.6601354Z ./releases/v0.82.1/site/game/content-design/rover-art.mjs
build	Upload complete canonical site	2026-09-22T15:24:06.6602020Z ./releases/v0.82.1/site/game/content-design/team-host.mjs
build	Upload complete canonical site	2026-09-22T15:24:06.6602781Z ./releases/v0.82.1/site/game/content-design/team-material-candidates.mjs
build	Upload complete canonical site	2026-09-22T15:24:06.6603617Z ./releases/v0.82.1/site/game/content-design/team-actor-candidates.mjs
build	Upload complete canonical site	2026-09-22T15:24:06.6604570Z ./releases/v0.82.1/site/game/content-design/structure.mjs
build	Upload complete canonical site	2026-09-22T15:24:06.6605378Z ./releases/v0.82.1/site/game/content-design/team-roamer-spatial-candidates.mjs
build	Upload complete canonical site	2026-09-22T15:24:06.6606213Z ./releases/v0.82.1/site/game/content-design/picture.mjs
build	Upload complete canonical site	2026-09-22T15:24:06.6606868Z ./releases/v0.82.1/site/game/content-design/recovery.mjs
build	Upload complete canonical site	2026-09-22T15:24:06.6607560Z ./releases/v0.82.1/site/game/content-design/crosswind-art.mjs
build	Upload complete canonical site	2026-09-22T15:24:06.6608310Z ./releases/v0.82.1/site/game/content-design/material-markers.mjs
build	Upload complete canonical site	2026-09-22T15:24:06.6609073Z ./releases/v0.82.1/site/game/content-design/team-progress.mjs
build	Upload complete canonical site	2026-09-22T15:24:06.6609862Z ./releases/v0.82.1/site/game/content-design/rover-spatial-candidates.mjs
build	Upload complete canonical site	2026-09-22T15:24:06.6610674Z ./releases/v0.82.1/site/game/content-design/image-authoring.mjs
build	Upload complete canonical site	2026-09-22T15:24:06.6611383Z ./releases/v0.82.1/site/game/content-design/preview.mjs
build	Upload complete canonical site	2026-09-22T15:24:06.6612060Z ./releases/v0.82.1/site/game/content-design/color-trace.mjs
build	Upload complete canonical site	2026-09-22T15:24:06.6612849Z ./releases/v0.82.1/site/game/content-design/spatial-balance-candidates.mjs
build	Upload complete canonical site	2026-09-22T15:24:06.6613741Z ./releases/v0.82.1/site/game/content-design/rover-teaching-candidates.mjs
build	Upload complete canonical site	2026-09-22T15:24:06.6614962Z ./releases/v0.82.1/site/game/content-design/team-timed-originals.mjs
build	Upload complete canonical site	2026-09-22T15:24:06.6615796Z ./releases/v0.82.1/site/game/content-design/team-signal-candidates.mjs
build	Upload complete canonical site	2026-09-22T15:24:06.6616546Z ./releases/v0.82.1/site/game/content-design/attempt.mjs
build	Upload complete canonical site	2026-09-22T15:24:06.6617190Z ./releases/v0.82.1/site/game/content-design/route.mjs
build	Upload complete canonical site	2026-09-22T15:24:06.6617840Z ./releases/v0.82.1/site/game/content-design/drafts.mjs
build	Upload complete canonical site	2026-09-22T15:24:06.6618535Z ./releases/v0.82.1/site/game/content-design/signal-candidates.mjs
build	Upload complete canonical site	2026-09-22T15:24:06.6619328Z ./releases/v0.82.1/site/game/content-design/team-timed-candidates.mjs
build	Upload complete canonical site	2026-09-22T15:24:06.6620099Z ./releases/v0.82.1/site/game/content-design/route-loader.mjs
build	Upload complete canonical site	2026-09-22T15:24:06.6620826Z ./releases/v0.82.1/site/game/content-design/fracture-art.mjs
build	Upload complete canonical site	2026-09-22T15:24:06.6621502Z ./releases/v0.82.1/site/game/content-design/relays.mjs
build	Upload complete canonical site	2026-09-22T15:24:06.6622266Z ./releases/v0.82.1/site/game/content-design/campaign-actor-presentation.mjs
build	Upload complete canonical site	2026-09-22T15:24:06.6623146Z ./releases/v0.82.1/site/game/content-design/team-entry.mjs
build	Upload complete canonical site	2026-09-22T15:24:06.6623817Z ./releases/v0.82.1/site/game/content-design/limits.mjs
build	Upload complete canonical site	2026-09-22T15:24:06.6624686Z ./releases/v0.82.1/site/game/content-design/bonuses.mjs
build	Upload complete canonical site	2026-09-22T15:24:06.6625331Z ./releases/v0.82.1/site/game/content-design/journey.mjs
build	Upload complete canonical site	2026-09-22T15:24:06.6626017Z ./releases/v0.82.1/site/game/content-design/border-art.mjs
build	Upload complete canonical site	2026-09-22T15:24:06.6626744Z ./releases/v0.82.1/site/game/content-design/team-timed-art.mjs
build	Upload complete canonical site	2026-09-22T15:24:06.6627492Z ./releases/v0.82.1/site/game/content-design/apex-candidates.mjs
build	Upload complete canonical site	2026-09-22T15:24:06.6628316Z ./releases/v0.82.1/site/game/content-design/outpost-spatial-candidates.mjs
build	Upload complete canonical site	2026-09-22T15:24:06.6629127Z ./releases/v0.82.1/site/game/content-design/team-runtime.mjs
build	Upload complete canonical site	2026-09-22T15:24:06.6629909Z ./releases/v0.82.1/site/game/content-design/team-journey-candidates.mjs
build	Upload complete canonical site	2026-09-22T15:24:06.6630728Z ./releases/v0.82.1/site/game/content-design/pressure-candidates.mjs
build	Upload complete canonical site	2026-09-22T15:24:06.6631436Z ./releases/v0.82.1/site/game/content-design/map.mjs
build	Upload complete canonical site	2026-09-22T15:24:06.6632160Z ./releases/v0.82.1/site/game/content-design/team-roamer-candidates.mjs
build	Upload complete canonical site	2026-09-22T15:24:06.6632977Z ./releases/v0.82.1/site/game/content-design/campaign-presentation.mjs
build	Upload complete canonical site	2026-09-22T15:24:06.6633837Z ./releases/v0.82.1/site/game/content-design/fracture-spatial-candidates.mjs
build	Upload complete canonical site	2026-09-22T15:24:06.6635053Z ./releases/v0.82.1/site/game/content-design/encounters.mjs
build	Upload complete canonical site	2026-09-22T15:24:06.6635761Z ./releases/v0.82.1/site/game/content-design/versus-host.mjs
build	Upload complete canonical site	2026-09-22T15:24:06.6636562Z ./releases/v0.82.1/site/game/content-design/sentinel-spatial-candidates.mjs
build	Upload complete canonical site	2026-09-22T15:24:06.6637382Z ./releases/v0.82.1/site/game/content-design/horizon-art.mjs
build	Upload complete canonical site	2026-09-22T15:24:06.6638127Z ./releases/v0.82.1/site/game/content-design/crosswind-candidates.mjs
build	Upload complete canonical site	2026-09-22T15:24:06.6638879Z ./releases/v0.82.1/site/game/content-design/diagnostics.mjs
build	Upload complete canonical site	2026-09-22T15:24:06.6639592Z ./releases/v0.82.1/site/game/content-design/neon-candidates.mjs
build	Upload complete canonical site	2026-09-22T15:24:06.6640304Z ./releases/v0.82.1/site/game/content-design/actors.mjs
build	Upload complete canonical site	2026-09-22T15:24:06.6640952Z ./releases/v0.82.1/site/game/content-design/relay-art.mjs
build	Upload complete canonical site	2026-09-22T15:24:06.6641621Z ./releases/v0.82.1/site/game/content-design/catalogs.mjs
build	Upload complete canonical site	2026-09-22T15:24:06.6642424Z ./releases/v0.82.1/site/game/content-design/team-window-spatial-candidates.mjs
build	Upload complete canonical site	2026-09-22T15:24:06.6643369Z ./releases/v0.82.1/site/game/content-design/livewire-spatial-candidates.mjs
build	Upload complete canonical site	2026-09-22T15:24:06.6644371Z ./releases/v0.82.1/site/game/content-design/apex-art.mjs
build	Upload complete canonical site	2026-09-22T15:24:06.6645059Z ./releases/v0.82.1/site/game/content-design/mode-href.mjs
build	Upload complete canonical site	2026-09-22T15:24:06.6645879Z ./releases/v0.82.1/site/game/content-design/cultural-workshop-art-candidates.mjs
build	Upload complete canonical site	2026-09-22T15:24:06.6646855Z ./releases/v0.82.1/site/game/content-design/team-depot-spatial-candidates.mjs
build	Upload complete canonical site	2026-09-22T15:24:06.6647726Z ./releases/v0.82.1/site/game/content-design/image-trace-storage.mjs
build	Upload complete canonical site	2026-09-22T15:24:06.6648442Z ./releases/v0.82.1/site/game/content-design/assets/
build	Upload complete canonical site	2026-09-22T15:24:06.6649303Z ./releases/v0.82.1/site/game/content-design/assets/team-partners-r1/
build	Upload complete canonical site	2026-09-22T15:24:06.6650225Z ./releases/v0.82.1/site/game/content-design/assets/team-partners-r1/shared-lookout.png
build	Upload complete canonical site	2026-09-22T15:24:06.6651279Z ./releases/v0.82.1/site/game/content-design/assets/team-partners-r1/weaver-crossing.png
build	Upload complete canonical site	2026-09-22T15:24:06.6652320Z ./releases/v0.82.1/site/game/content-design/assets/team-partners-r1/twin-landings.png
build	Upload complete canonical site	2026-09-22T15:24:06.6667973Z ./releases/v0.82.1/site/game/content-design/assets/team-partners-r1/crossed-gardens.png
build	Upload complete canonical site	2026-09-22T15:24:06.6690329Z ./releases/v0.82.1/site/game/content-design/assets/team-partners-r1/divided-workshop.png
build	Upload complete canonical site	2026-09-22T15:24:06.6711589Z ./releases/v0.82.1/site/game/content-design/assets/team-partners-r1/last-rendezvous.png
build	Upload complete canonical site	2026-09-22T15:24:06.6731183Z ./releases/v0.82.1/site/game/content-design/assets/team-partners-r1/stepping-exchange.png
build	Upload complete canonical site	2026-09-22T15:24:06.6752618Z ./releases/v0.82.1/site/game/content-design/assets/team-partners-r1/split-orchards.png
build	Upload complete canonical site	2026-09-22T15:24:06.6777313Z ./releases/v0.82.1/site/game/content-design/assets/team-partners-r1/changing-courtyard.png
build	Upload complete canonical site	2026-09-22T15:24:06.6798742Z ./releases/v0.82.1/site/game/content-design/assets/team-partners-r1/twin-depots.png
build	Upload complete canonical site	2026-09-22T15:24:06.6821296Z ./releases/v0.82.1/site/game/content-design/assets/team-partners-r1/switchback-partners.png
build	Upload complete canonical site	2026-09-22T15:24:06.6843363Z ./releases/v0.82.1/site/game/content-design/assets/relay-archive-r1/
build	Upload complete canonical site	2026-09-22T15:24:06.6844574Z ./releases/v0.82.1/site/game/content-design/assets/relay-archive-r1/watchpost-exchange.png
build	Upload complete canonical site	2026-09-22T15:24:06.6862348Z ./releases/v0.82.1/site/game/content-design/assets/relay-archive-r1/spiral-stores.png
build	Upload complete canonical site	2026-09-22T15:24:06.6880082Z ./releases/v0.82.1/site/game/content-design/assets/relay-archive-r1/relay-remix.png
build	Upload complete canonical site	2026-09-22T15:24:06.6898262Z ./releases/v0.82.1/site/game/content-design/assets/relay-archive-r1/nested-relays.png
build	Upload complete canonical site	2026-09-22T15:24:06.6917462Z ./releases/v0.82.1/site/game/content-design/assets/relay-archive-r1/three-compounds.png
build	Upload complete canonical site	2026-09-22T15:24:06.6939650Z ./releases/v0.82.1/site/game/content-design/assets/relay-archive-r1/first-link.png
build	Upload complete canonical site	2026-09-22T15:24:06.6960327Z ./releases/v0.82.1/site/game/content-design/assets/relay-archive-r1/second-approach.png
build	Upload complete canonical site	2026-09-22T15:24:06.6981816Z ./releases/v0.82.1/site/game/content-design/assets/signal-pixel-r1/
build	Upload complete canonical site	2026-09-22T15:24:06.6983016Z ./releases/v0.82.1/site/game/content-design/assets/signal-pixel-r1/wide-approach.png
build	Upload complete canonical site	2026-09-22T15:24:06.7001369Z ./releases/v0.82.1/site/game/content-design/assets/signal-pixel-r1/soft-crossing.png
build	Upload complete canonical site	2026-09-22T15:24:06.7019849Z ./releases/v0.82.1/site/game/content-design/assets/signal-pixel-r1/signal-remix.png
build	Upload complete canonical site	2026-09-22T15:24:06.7039741Z ./releases/v0.82.1/site/game/content-design/assets/signal-pixel-r1/garden-refuges.png
build	Upload complete canonical site	2026-09-22T15:24:06.7062820Z ./releases/v0.82.1/site/game/content-design/assets/signal-pixel-r1/cool-the-crossing.png
build	Upload complete canonical site	2026-09-22T15:24:06.7082714Z ./releases/v0.82.1/site/game/content-design/assets/signal-pixel-r1/dry-spine.png
build	Upload complete canonical site	2026-09-22T15:24:06.7100557Z ./releases/v0.82.1/site/game/content-design/assets/signal-pixel-r1/shared-detour.png
build	Upload complete canonical site	2026-09-22T15:24:06.7123203Z ./releases/v0.82.1/site/game/content-design/assets/signal-pixel-r1/neutral-ground.png
build	Upload complete canonical site	2026-09-22T15:24:06.7142749Z ./releases/v0.82.1/site/game/content-design/assets/apex-polar-r1/
build	Upload complete canonical site	2026-09-22T15:24:06.7143735Z ./releases/v0.82.1/site/game/content-design/assets/apex-polar-r1/crossing-complete.png
build	Upload complete canonical site	2026-09-22T15:24:06.7162365Z ./releases/v0.82.1/site/game/content-design/assets/apex-polar-r1/home-signal.png
build	Upload complete canonical site	2026-09-22T15:24:06.7181838Z ./releases/v0.82.1/site/game/content-design/assets/apex-polar-r1/final-broadcast.png
build	Upload complete canonical site	2026-09-22T15:24:06.7199696Z ./releases/v0.82.1/site/game/content-design/assets/apex-polar-r1/returning-light.png
build	Upload complete canonical site	2026-09-22T15:24:06.7220025Z ./releases/v0.82.1/site/game/content-design/assets/apex-polar-r1/apex-remix.png
build	Upload complete canonical site	2026-09-22T15:24:06.7240736Z ./releases/v0.82.1/site/game/content-design/assets/rover-pixel-r1/
build	Upload complete canonical site	2026-09-22T15:24:06.7241651Z ./releases/v0.82.1/site/game/content-design/assets/rover-pixel-r1/rover-remix.png
build	Upload complete canonical site	2026-09-22T15:24:06.7260830Z ./releases/v0.82.1/site/game/content-design/assets/rover-pixel-r1/stepped-return.png
build	Upload complete canonical site	2026-09-22T15:24:06.7280706Z ./releases/v0.82.1/site/game/content-design/assets/rover-pixel-r1/broken-yard.png
build	Upload complete canonical site	2026-09-22T15:24:06.7299475Z ./releases/v0.82.1/site/game/content-design/assets/rover-pixel-r1/sorting-yard.png
build	Upload complete canonical site	2026-09-22T15:24:06.7318487Z ./releases/v0.82.1/site/game/content-design/assets/rover-pixel-r1/split-berths.png
build	Upload complete canonical site	2026-09-22T15:24:06.7335905Z ./releases/v0.82.1/site/game/content-design/assets/rover-pixel-r1/wake-the-yard.png
build	Upload complete canonical site	2026-09-22T15:24:06.7354273Z ./releases/v0.82.1/site/game/content-design/assets/rover-pixel-r1/between-the-rows.png
build	Upload complete canonical site	2026-09-22T15:24:06.7376510Z ./releases/v0.82.1/site/game/content-design/assets/phase-observatory-r1/
build	Upload complete canonical site	2026-09-22T15:24:06.7377527Z ./releases/v0.82.1/site/game/content-design/assets/phase-observatory-r1/phase-remix.png
build	Upload complete canonical site	2026-09-22T15:24:06.7394271Z ./releases/v0.82.1/site/game/content-design/assets/phase-observatory-r1/two-ways-home.png
build	Upload complete canonical site	2026-09-22T15:24:06.7412219Z ./releases/v0.82.1/site/game/content-design/assets/phase-observatory-r1/pressure-ladder.png
build	Upload complete canonical site	2026-09-22T15:24:06.7428555Z ./releases/v0.82.1/site/game/content-design/assets/phase-observatory-r1/dogleg-transfer.png
build	Upload complete canonical site	2026-09-22T15:24:06.7445629Z ./releases/v0.82.1/site/game/content-design/assets/phase-observatory-r1/signal-channels.png
build	Upload complete canonical site	2026-09-22T15:24:06.7464194Z ./releases/v0.82.1/site/game/content-design/assets/phase-observatory-r1/return-in-reserve.png
build	Upload complete canonical site	2026-09-22T15:24:06.7481753Z ./releases/v0.82.1/site/game/content-design/assets/phase-observatory-r1/crossed-bands.png
build	Upload complete canonical site	2026-09-22T15:24:06.7499591Z ./releases/v0.82.1/site/game/content-design/assets/horizon-r1/
build	Upload complete canonical site	2026-09-22T15:24:06.7500493Z ./releases/v0.82.1/site/game/content-design/assets/horizon-r1/island-outpost.png
build	Upload complete canonical site	2026-09-22T15:24:06.7520244Z ./releases/v0.82.1/site/game/content-design/assets/horizon-r1/long-way-home.png
build	Upload complete canonical site	2026-09-22T15:24:06.7541022Z ./releases/v0.82.1/site/game/content-design/assets/horizon-r1/nearby-shore.png
build	Upload complete canonical site	2026-09-22T15:24:06.7562306Z ./releases/v0.82.1/site/game/content-design/assets/horizon-r1/first-return.png
build	Upload complete canonical site	2026-09-22T15:24:06.7581313Z ./releases/v0.82.1/site/game/content-design/assets/horizon-r1/PROMPTS.md
build	Upload complete canonical site	2026-09-22T15:24:06.7582284Z ./releases/v0.82.1/site/game/content-design/assets/horizon-r1/courtyard-return.png
build	Upload complete canonical site	2026-09-22T15:24:06.7603824Z ./releases/v0.82.1/site/game/content-design/assets/horizon-r1/two-keepers.png
build	Upload complete canonical site	2026-09-22T15:24:06.7624583Z ./releases/v0.82.1/site/game/content-design/assets/horizon-r1/choose-your-share.png
build	Upload complete canonical site	2026-09-22T15:24:06.7646950Z ./releases/v0.82.1/site/game/content-design/assets/horizon-r1/two-bays.png
build	Upload complete canonical site	2026-09-22T15:24:06.7668104Z ./releases/v0.82.1/site/game/content-design/assets/horizon-r1/stepping-stones.png
build	Upload complete canonical site	2026-09-22T15:24:06.7688650Z ./releases/v0.82.1/site/game/content-design/assets/horizon-r1/horizon-remix.png
build	Upload complete canonical site	2026-09-22T15:24:06.7708686Z ./releases/v0.82.1/site/game/content-design/assets/fracture-coastal-r1/
build	Upload complete canonical site	2026-09-22T15:24:06.7709745Z ./releases/v0.82.1/site/game/content-design/assets/fracture-coastal-r1/staggered-reserve.png
build	Upload complete canonical site	2026-09-22T15:24:06.7731181Z ./releases/v0.82.1/site/game/content-design/assets/fracture-coastal-r1/five-anchors.png
build	Upload complete canonical site	2026-09-22T15:24:06.7752769Z ./releases/v0.82.1/site/game/content-design/assets/fracture-coastal-r1/island-reserve.png
build	Upload complete canonical site	2026-09-22T15:24:06.7771699Z ./releases/v0.82.1/site/game/content-design/assets/fracture-coastal-r1/fracture-remix.png
build	Upload complete canonical site	2026-09-22T15:24:06.7790848Z ./releases/v0.82.1/site/game/content-design/assets/fracture-coastal-r1/first-fracture.png
build	Upload complete canonical site	2026-09-22T15:24:06.7810389Z ./releases/v0.82.1/site/game/content-design/assets/fracture-coastal-r1/two-districts.png
build	Upload complete canonical site	2026-09-22T15:24:06.7832334Z ./releases/v0.82.1/site/game/content-design/assets/fracture-coastal-r1/bank-the-crossing.png
build	Upload complete canonical site	2026-09-22T15:24:06.7853691Z ./releases/v0.82.1/site/game/content-design/assets/workshop-study-r1/
build	Upload complete canonical site	2026-09-22T15:24:06.7854870Z ./releases/v0.82.1/site/game/content-design/assets/workshop-study-r1/four-motor-landings.png
build	Upload complete canonical site	2026-09-22T15:24:06.7869996Z ./releases/v0.82.1/site/game/content-design/assets/workshop-study-r1/toolbench-weave.png
build	Upload complete canonical site	2026-09-22T15:24:06.7884990Z ./releases/v0.82.1/site/game/content-design/assets/workshop-study-r1/circuit-lanes.png
build	Upload complete canonical site	2026-09-22T15:24:06.7900518Z ./releases/v0.82.1/site/game/content-design/assets/workshop-study-r1/twin-lens-chambers.png
build	Upload complete canonical site	2026-09-22T15:24:06.7916952Z ./releases/v0.82.1/site/game/content-design/assets/sentinel-citadel-r1/
build	Upload complete canonical site	2026-09-22T15:24:06.7917999Z ./releases/v0.82.1/site/game/content-design/assets/sentinel-citadel-r1/sentinel-remix.png
build	Upload complete canonical site	2026-09-22T15:24:06.7936171Z ./releases/v0.82.1/site/game/content-design/assets/sentinel-citadel-r1/first-relay.png
build	Upload complete canonical site	2026-09-22T15:24:06.7957313Z ./releases/v0.82.1/site/game/content-design/assets/sentinel-citadel-r1/twin-receivers.png
build	Upload complete canonical site	2026-09-22T15:24:06.7977401Z ./releases/v0.82.1/site/game/content-design/assets/sentinel-citadel-r1/crown-audience.png
build	Upload complete canonical site	2026-09-22T15:24:06.7999418Z ./releases/v0.82.1/site/game/content-design/assets/sentinel-citadel-r1/relay-perimeter.png
build	Upload complete canonical site	2026-09-22T15:24:06.8021575Z ./releases/v0.82.1/site/game/content-design/assets/border-r1/
build	Upload complete canonical site	2026-09-22T15:24:06.8022439Z ./releases/v0.82.1/site/game/content-design/assets/border-r1/return-pocket.png
build	Upload complete canonical site	2026-09-22T15:24:06.8046626Z ./releases/v0.82.1/site/game/content-design/assets/border-r1/turn-the-corner.png
build	Upload complete canonical site	2026-09-22T15:24:06.8070352Z ./releases/v0.82.1/site/game/content-design/assets/border-r1/border-remix.png
build	Upload complete canonical site	2026-09-22T15:24:06.8091890Z ./releases/v0.82.1/site/game/content-design/assets/border-r1/new-frontier.png
build	Upload complete canonical site	2026-09-22T15:24:06.8112773Z ./releases/v0.82.1/site/game/content-design/assets/border-r1/behind-the-patrol.png
build	Upload complete canonical site	2026-09-22T15:24:06.8134946Z ./releases/v0.82.1/site/game/content-design/assets/border-r1/PROMPTS.md
build	Upload complete canonical site	2026-09-22T15:24:06.8135837Z ./releases/v0.82.1/site/game/content-design/assets/border-r1/long-rail.png
build	Upload complete canonical site	2026-09-22T15:24:06.8159161Z ./releases/v0.82.1/site/game/content-design/assets/border-r1/second-landing.png
build	Upload complete canonical site	2026-09-22T15:24:06.8180454Z ./releases/v0.82.1/site/game/content-design/assets/neon-pixel-r1/
build	Upload complete canonical site	2026-09-22T15:24:06.8181780Z ./releases/v0.82.1/site/game/content-design/assets/neon-pixel-r1/inside-out.png
build	Upload complete canonical site	2026-09-22T15:24:06.8200472Z ./releases/v0.82.1/site/game/content-design/assets/neon-pixel-r1/neon-remix.png
build	Upload complete canonical site	2026-09-22T15:24:06.8219590Z ./releases/v0.82.1/site/game/content-design/assets/neon-pixel-r1/staggered-circuit.png
build	Upload complete canonical site	2026-09-22T15:24:06.8239503Z ./releases/v0.82.1/site/game/content-design/assets/neon-pixel-r1/four-quarters.png
build	Upload complete canonical site	2026-09-22T15:24:06.8261890Z ./releases/v0.82.1/site/game/content-design/assets/neon-pixel-r1/dogleg-return.png
build	Upload complete canonical site	2026-09-22T15:24:06.8282509Z ./releases/v0.82.1/site/game/content-design/assets/neon-pixel-r1/folded-corner.png
build	Upload complete canonical site	2026-09-22T15:24:06.8301808Z ./releases/v0.82.1/site/game/content-design/assets/neon-pixel-r1/side-door-bays.png
build	Upload complete canonical site	2026-09-22T15:24:06.8320449Z ./releases/v0.82.1/site/game/content-design/assets/signal-r1/
build	Upload complete canonical site	2026-09-22T15:24:06.8321364Z ./releases/v0.82.1/site/game/content-design/assets/signal-r1/wide-approach.png
build	Upload complete canonical site	2026-09-22T15:24:06.8348531Z ./releases/v0.82.1/site/game/content-design/assets/signal-r1/soft-crossing.png
build	Upload complete canonical site	2026-09-22T15:24:06.8370278Z ./releases/v0.82.1/site/game/content-design/assets/signal-r1/dry-spine.png
build	Upload complete canonical site	2026-09-22T15:24:06.8391222Z ./releases/v0.82.1/site/game/content-design/assets/ornament-study-r1/
build	Upload complete canonical site	2026-09-22T15:24:06.8392393Z ./releases/v0.82.1/site/game/content-design/assets/ornament-study-r1/pysanka-sections.png
build	Upload complete canonical site	2026-09-22T15:24:06.8406879Z ./releases/v0.82.1/site/game/content-design/assets/ornament-study-r1/cross-stitch-crossings.png
build	Upload complete canonical site	2026-09-22T15:24:06.8427390Z ./releases/v0.82.1/site/game/content-design/assets/ornament-study-r1/rushnyk-bands.png
build	Upload complete canonical site	2026-09-22T15:24:06.8444332Z ./releases/v0.82.1/site/game/content-design/assets/ornament-study-r1/dnipro-crossings.png
build	Upload complete canonical site	2026-09-22T15:24:06.8460725Z ./releases/v0.82.1/site/game/content-design/assets/crosswind-highlands-r1/
build	Upload complete canonical site	2026-09-22T15:24:06.8461813Z ./releases/v0.82.1/site/game/content-design/assets/crosswind-highlands-r1/long-wave.png
build	Upload complete canonical site	2026-09-22T15:24:06.8482348Z ./releases/v0.82.1/site/game/content-design/assets/crosswind-highlands-r1/crosswind-remix.png
build	Upload complete canonical site	2026-09-22T15:24:06.8504389Z ./releases/v0.82.1/site/game/content-design/assets/crosswind-highlands-r1/read-the-arrows.png
build	Upload complete canonical site	2026-09-22T15:24:06.8525414Z ./releases/v0.82.1/site/game/content-design/assets/crosswind-highlands-r1/survey-markers.png
build	Upload complete canonical site	2026-09-22T15:24:06.8546235Z ./releases/v0.82.1/site/game/content-design/assets/crosswind-highlands-r1/outer-loop.png
build	Upload complete canonical site	2026-09-22T15:24:06.8566750Z ./releases/v0.82.1/site/game/content-design/assets/crosswind-highlands-r1/windbreak-weave.png
build	Upload complete canonical site	2026-09-22T15:24:06.8589634Z ./releases/v0.82.1/site/game/content-design/assets/crosswind-highlands-r1/compass-array.png
build	Upload complete canonical site	2026-09-22T15:24:06.8610456Z ./releases/v0.82.1/site/game/content-design/assets/livewire-foundry-r1/
build	Upload complete canonical site	2026-09-22T15:24:06.8611336Z ./releases/v0.82.1/site/game/content-design/assets/livewire-foundry-r1/read-the-lock.png
build	Upload complete canonical site	2026-09-22T15:24:06.8629529Z ./releases/v0.82.1/site/game/content-design/assets/livewire-foundry-r1/switchyard.png
build	Upload complete canonical site	2026-09-22T15:24:06.8648737Z ./releases/v0.82.1/site/game/content-design/assets/livewire-foundry-r1/cooling-loop.png
build	Upload complete canonical site	2026-09-22T15:24:06.8669241Z ./releases/v0.82.1/site/game/content-design/assets/livewire-foundry-r1/cross-the-afterglow.png
build	Upload complete canonical site	2026-09-22T15:24:06.8687232Z ./releases/v0.82.1/site/game/content-design/assets/livewire-foundry-r1/split-junction.png
build	Upload complete canonical site	2026-09-22T15:24:06.8707038Z ./releases/v0.82.1/site/game/content-design/assets/livewire-foundry-r1/livewire-remix.png
build	Upload complete canonical site	2026-09-22T15:24:06.8726006Z ./releases/v0.82.1/site/game/content-design/assets/livewire-foundry-r1/crossbar-depot.png
build	Upload complete canonical site	2026-09-22T15:24:06.8746114Z ./releases/v0.82.1/site/game/content-design/assets/team-windows-r1/
build	Upload complete canonical site	2026-09-22T15:24:06.8747106Z ./releases/v0.82.1/site/game/content-design/assets/team-windows-r1/window-exchange.png
build	Upload complete canonical site	2026-09-22T15:24:06.8767327Z ./releases/v0.82.1/site/game/content-design/assets/team-windows-r1/coolant-crossing.png
build	Upload complete canonical site	2026-09-22T15:24:06.8786188Z ./releases/v0.82.1/site/game/content-design/assets/team-windows-r1/depot-dash.png
build	Upload complete canonical site	2026-09-22T15:24:06.8803553Z ./releases/v0.82.1/site/game/content-design/phase-art.mjs
build	Upload complete canonical site	2026-09-22T15:24:06.8804605Z ./releases/v0.82.1/site/game/content-design/team-capture-teaching.mjs
build	Upload complete canonical site	2026-09-22T15:24:06.8805469Z ./releases/v0.82.1/site/game/content-design/assets.mjs
build	Upload complete canonical site	2026-09-22T15:24:06.8806614Z ./releases/v0.82.1/site/game/content-design/relay-candidates.mjs
build	Upload complete canonical site	2026-09-22T15:24:06.8807535Z ./releases/v0.82.1/site/game/content-design/whole-journey-order.mjs
build	Upload complete canonical site	2026-09-22T15:24:06.8808315Z ./releases/v0.82.1/site/game/content-design/whole-journey-candidates.mjs
build	Upload complete canonical site	2026-09-22T15:24:06.8808915Z ./releases/v0.82.1/site/game/content-design/route-definition.mjs
build	Upload complete canonical site	2026-09-22T15:24:06.8809485Z ./releases/v0.82.1/site/game/content-design/apex-field-candidates.mjs
build	Upload complete canonical site	2026-09-22T15:24:06.8810057Z ./releases/v0.82.1/site/game/content-design/team-timed-entry.mjs
build	Upload complete canonical site	2026-09-22T15:24:06.8810637Z ./releases/v0.82.1/site/game/content-design/apex-spatial-candidates.mjs
build	Upload complete canonical site	2026-09-22T15:24:06.8811182Z ./releases/v0.82.1/site/game/enemy-guide.mjs
build	Upload complete canonical site	2026-09-22T15:24:06.8811590Z ./releases/v0.82.1/site/game/touch-controls.mjs
build	Upload complete canonical site	2026-09-22T15:24:06.8812013Z ./releases/v0.82.1/site/game/build-config.json
build	Upload complete canonical site	2026-09-22T15:24:06.8812411Z ./releases/v0.82.1/site/game/mode-return.mjs
build	Upload complete canonical site	2026-09-22T15:24:06.8814881Z ./releases/v0.82.1/site/game/soundtrack-portable.mjs
build	Upload complete canonical site	2026-09-22T15:24:06.8834999Z ./releases/v0.82.1/site/game/optional-chapters.mjs
build	Upload complete canonical site	2026-09-22T15:24:06.8835688Z ./releases/v0.82.1/site/game/external-chapter-source.mjs
build	Upload complete canonical site	2026-09-22T15:24:06.8836358Z ./releases/v0.82.1/site/game/input-presentation.mjs
build	Upload complete canonical site	2026-09-22T15:24:06.8836985Z ./releases/v0.82.1/site/game/story-bindings.mjs
build	Upload complete canonical site	2026-09-22T15:24:06.8837645Z ./releases/v0.82.1/site/game/profile-recovery-catalogs.mjs
build	Upload complete canonical site	2026-09-22T15:24:06.8838312Z ./releases/v0.82.1/site/game/profile-writer.mjs
build	Upload complete canonical site	2026-09-22T15:24:06.8838901Z ./releases/v0.82.1/site/game/story-bundle.mjs
build	Upload complete canonical site	2026-09-22T15:24:06.8839455Z ./releases/v0.82.1/site/game/data-json.mjs
build	Upload complete canonical site	2026-09-22T15:24:06.8840107Z ./releases/v0.82.1/site/game/story-storage-record.mjs
build	Upload complete canonical site	2026-09-22T15:24:06.8840500Z ./releases/v0.82.1/site/game/generator.mjs
build	Upload complete canonical site	2026-09-22T15:24:06.8840847Z ./releases/v0.82.1/site/game/presentation/
build	Upload complete canonical site	2026-09-22T15:24:06.8841268Z ./releases/v0.82.1/site/game/presentation/combat-review.html
build	Upload complete canonical site	2026-09-22T15:24:06.8841773Z ./releases/v0.82.1/site/game/presentation/release-pictures.mjs
build	Upload complete canonical site	2026-09-22T15:24:06.8842364Z ./releases/v0.82.1/site/game/presentation/journey-visual-theme-identities.mjs
build	Upload complete canonical site	2026-09-22T15:24:06.8842926Z ./releases/v0.82.1/site/game/presentation/combat-review.css
build	Upload complete canonical site	2026-09-22T15:24:06.8843369Z ./releases/v0.82.1/site/game/presentation/host.mjs
build	Upload complete canonical site	2026-09-22T15:24:06.8843783Z ./releases/v0.82.1/site/game/presentation/runtime.mjs
build	Upload complete canonical site	2026-09-22T15:24:06.8844495Z ./releases/v0.82.1/site/game/presentation/page-entry.mjs
build	Upload complete canonical site	2026-09-22T15:24:06.8844990Z ./releases/v0.82.1/site/game/presentation/session-picture-view.mjs
build	Upload complete canonical site	2026-09-22T15:24:06.8845494Z ./releases/v0.82.1/site/game/presentation/current-art.mjs
build	Upload complete canonical site	2026-09-22T15:24:06.8845951Z ./releases/v0.82.1/site/game/presentation/pixel-art.mjs
build	Upload complete canonical site	2026-09-22T15:24:06.8846405Z ./releases/v0.82.1/site/game/presentation/dom-ownership.mjs
build	Upload complete canonical site	2026-09-22T15:24:06.8846916Z ./releases/v0.82.1/site/game/presentation/journey-actor-materials.mjs
build	Upload complete canonical site	2026-09-22T15:24:06.8847460Z ./releases/v0.82.1/site/game/presentation/current-art-sources.mjs
build	Upload complete canonical site	2026-09-22T15:24:06.8847955Z ./releases/v0.82.1/site/game/presentation/menu-styles.mjs
build	Upload complete canonical site	2026-09-22T15:24:06.8848397Z ./releases/v0.82.1/site/game/presentation/catalog.mjs
build	Upload complete canonical site	2026-09-22T15:24:06.8848882Z ./releases/v0.82.1/site/game/presentation/visual-theme-identities.mjs
build	Upload complete canonical site	2026-09-22T15:24:06.8849396Z ./releases/v0.82.1/site/game/presentation/studio-store.mjs
build	Upload complete canonical site	2026-09-22T15:24:06.8849913Z ./releases/v0.82.1/site/game/presentation/current-picture-baselines.mjs
build	Upload complete canonical site	2026-09-22T15:24:06.8850457Z ./releases/v0.82.1/site/game/presentation/published-studio.mjs
build	Upload complete canonical site	2026-09-22T15:24:06.8850953Z ./releases/v0.82.1/site/game/presentation/sprite-editor.mjs
build	Upload complete canonical site	2026-09-22T15:24:06.8851402Z ./releases/v0.82.1/site/game/presentation/compiled/
build	Upload complete canonical site	2026-09-22T15:24:06.8851884Z ./releases/v0.82.1/site/game/presentation/compiled/manifest.json
build	Upload complete canonical site	2026-09-22T15:24:06.8852399Z ./releases/v0.82.1/site/game/presentation/compiled/runtime.json
build	Upload complete canonical site	2026-09-22T15:24:06.8852909Z ./releases/v0.82.1/site/game/presentation/compiled/studio.json
build	Upload complete canonical site	2026-09-22T15:24:06.8861695Z ./releases/v0.82.1/site/game/presentation/compiled/assets/
build	Upload complete canonical site	2026-09-22T15:24:06.8862832Z ./releases/v0.82.1/site/game/presentation/compiled/assets/47033ec2cd3b56345394bc13bbb7b10579419559d1e41160d02f8f3eea368672.png
build	Upload complete canonical site	2026-09-22T15:24:06.8864596Z ./releases/v0.82.1/site/game/presentation/compiled/assets/aa2e8583a56b36b5357e5462aee6b010b5b894626929afbc553c683462ce42cf.png
build	Upload complete canonical site	2026-09-22T15:24:06.8866188Z ./releases/v0.82.1/site/game/presentation/compiled/assets/9b6313464e6e6f26dff9b98405fba899dcd0c6a614fde6df8ed1a2d835c73f34.png
build	Upload complete canonical site	2026-09-22T15:24:06.8867771Z ./releases/v0.82.1/site/game/presentation/compiled/assets/fedb83171e9c894c8cbc446d4fb2bf460359b587068a33d0e108b14e185a0adc.png
build	Upload complete canonical site	2026-09-22T15:24:06.8869371Z ./releases/v0.82.1/site/game/presentation/compiled/assets/d22b1070efad07ed1e6f9d8e42d3dc7e19922478e7abedad3f08d55e53cf065c.png
build	Upload complete canonical site	2026-09-22T15:24:06.8870982Z ./releases/v0.82.1/site/game/presentation/compiled/assets/8b557a3e23bcbf550c01b5fe77618bc6ab31cce51835e80ad807023f2fc8fa47.png
build	Upload complete canonical site	2026-09-22T15:24:06.8872230Z ./releases/v0.82.1/site/game/presentation/compiled/assets/ad53247e6be0c1c2a3080a8ebabd0ca24b1394be0caa109138926e821b08ae35.png
build	Upload complete canonical site	2026-09-22T15:24:06.8873136Z ./releases/v0.82.1/site/game/presentation/compiled/assets/2ff89ae01c04bfc698892ec3a35610b7975a6f36596ddd7ddeedbecef248d5d4.png
build	Upload complete canonical site	2026-09-22T15:24:06.8874348Z ./releases/v0.82.1/site/game/presentation/compiled/assets/2444795bb19516949a98519f0e23f9cdf64b454f01a0bb297521d17b5af376da.png
build	Upload complete canonical site	2026-09-22T15:24:06.8875739Z ./releases/v0.82.1/site/game/presentation/compiled/assets/05af7a73b7dadc8821cecccf0abb4f763dafae7ad21500a3293957fa88ed7d76.png
build	Upload complete canonical site	2026-09-22T15:24:06.8877361Z ./releases/v0.82.1/site/game/presentation/compiled/assets/0498bcb48294756b5ac9062290e1639e907b1ec69b5dc2e8cfdec3fab58e0bc8.woff2
build	Upload complete canonical site	2026-09-22T15:24:06.8879244Z ./releases/v0.82.1/site/game/presentation/compiled/assets/e325a3a5b3647614bffa5432779f4ade7e865158e384888888f83b073aff033c.png
build	Upload complete canonical site	2026-09-22T15:24:06.8880809Z ./releases/v0.82.1/site/game/presentation/compiled/assets/827da59e870daf2e8548168399449bd894b4cdf7953a1f8ca48a7ed6df8f8d91.png
build	Upload complete canonical site	2026-09-22T15:24:06.8882407Z ./releases/v0.82.1/site/game/presentation/compiled/assets/779f36cccce55fd90340acbad1a1cbe03639cd1f98f66d25eaac3c8b0036c31b.png
build	Upload complete canonical site	2026-09-22T15:24:06.8884166Z ./releases/v0.82.1/site/game/presentation/compiled/assets/4f56a78772cd7363a2992a8252e4dc629638dad705a9b981d4561830117f511e.png
build	Upload complete canonical site	2026-09-22T15:24:06.8885761Z ./releases/v0.82.1/site/game/presentation/compiled/assets/1bd3c9c57cc8790ccbf6f0fd33517d6d1a5520de93e38a99722ed4ee915758ab.png
build	Upload complete canonical site	2026-09-22T15:24:06.8887334Z ./releases/v0.82.1/site/game/presentation/compiled/assets/70dcff8faa588f074e529704a7d6024fe0a7590b18afa6059488fb505ce4a5f7.png
build	Upload complete canonical site	2026-09-22T15:24:06.8888893Z ./releases/v0.82.1/site/game/presentation/compiled/assets/53f1206a11a8791892f5c844c0641529acbc2c09c8d558676d0d801d72113850.png
build	Upload complete canonical site	2026-09-22T15:24:06.8890451Z ./releases/v0.82.1/site/game/presentation/compiled/assets/85bb90c58fb61a1fdd212316f223dad209d374386e1aad14f044df4c1ea2af7e.png
build	Upload complete canonical site	2026-09-22T15:24:06.8892036Z ./releases/v0.82.1/site/game/presentation/compiled/assets/bd423baa7b3b4f073251d5c8291aa78ee11c341926d27f9f211aa278bc7557f6.png
build	Upload complete canonical site	2026-09-22T15:24:06.8893603Z ./releases/v0.82.1/site/game/presentation/compiled/assets/f7495ea7b56215ba88c7d465fa6ad9ab22121695e4c674cf183b65ef6d400ae0.png
build	Upload complete canonical site	2026-09-22T15:24:06.8895358Z ./releases/v0.82.1/site/game/presentation/compiled/assets/cca9df45b2dde64684489deab8f8d2ab8d5a08dab0ec0efc8455786a231c2a04.png
build	Upload complete canonical site	2026-09-22T15:24:06.8896948Z ./releases/v0.82.1/site/game/presentation/compiled/assets/c3cd0a0f9997f28d1a295de1c8995ebe81bf782acb1c033036371c49fc40a08e.png
build	Upload complete canonical site	2026-09-22T15:24:06.8898518Z ./releases/v0.82.1/site/game/presentation/compiled/assets/8fe3df81db48bf682862a06c8f7434365ff49151a2a72a94c0a85ea85a3adf27.png
build	Upload complete canonical site	2026-09-22T15:24:06.8900074Z ./releases/v0.82.1/site/game/presentation/compiled/assets/8664f0283f54db86f6800fb2056045574ff79a5f490f415b3a8929112d8a7d26.png
build	Upload complete canonical site	2026-09-22T15:24:06.8901624Z ./releases/v0.82.1/site/game/presentation/compiled/assets/5cda580ceefd258918dcf6c49f0f8ad68966999c153a876fb01c2f171b659420.png
build	Upload complete canonical site	2026-09-22T15:24:06.8903512Z ./releases/v0.82.1/site/game/presentation/compiled/assets/8d445857cc63417a2b4a9468c854e4ffed3828b3cd1a90cdd8d4f8c951be88f4.png
build	Upload complete canonical site	2026-09-22T15:24:06.8905259Z ./releases/v0.82.1/site/game/presentation/compiled/assets/fce2dc8f15375b66d336c1defbca23dfb2310301b62c822206a0a013d19601ef.woff2
build	Upload complete canonical site	2026-09-22T15:24:06.8906855Z ./releases/v0.82.1/site/game/presentation/compiled/assets/56fadf4288069b7f12e3e33b94c950baab873a1b576d87ad82673b0c5329dd76.png
build	Upload complete canonical site	2026-09-22T15:24:06.8908418Z ./releases/v0.82.1/site/game/presentation/compiled/assets/30957860bb1edac99c230a91a34eab8249b43497fda680707276c859f3bd5f0c.png
build	Upload complete canonical site	2026-09-22T15:24:06.8909992Z ./releases/v0.82.1/site/game/presentation/compiled/assets/df6e1a2a114dce2da1643a39d608d87ca79d1eaba70cfd62ac02892d0fadec6e.png
build	Upload complete canonical site	2026-09-22T15:24:06.8911581Z ./releases/v0.82.1/site/game/presentation/compiled/assets/44ebf8c1d8a028a919012f75978d025d1698aeb3d295c8813edc1a7ebae71868.png
build	Upload complete canonical site	2026-09-22T15:24:06.8913173Z ./releases/v0.82.1/site/game/presentation/compiled/assets/dda5900559255b1bad906b80a1b9a3cee914ba732f6dcb4fdb8b3c9bce50633f.png
build	Upload complete canonical site	2026-09-22T15:24:06.8914934Z ./releases/v0.82.1/site/game/presentation/compiled/assets/ff2e2defa02d62198a0be240fb16c8328d8be7c6aa9e3ec4516c7589edd83b22.png
build	Upload complete canonical site	2026-09-22T15:24:06.8916507Z ./releases/v0.82.1/site/game/presentation/compiled/assets/1aa1245d987000c889a47cd242c9ca976d620e48323cdde2a60358006718cc51.png
build	Upload complete canonical site	2026-09-22T15:24:06.8918070Z ./releases/v0.82.1/site/game/presentation/compiled/assets/d74c2e8c5713201203f7decea8d57881b657a2aa7b24ea00d182cbe4efa51b8d.png
build	Upload complete canonical site	2026-09-22T15:24:06.8919634Z ./releases/v0.82.1/site/game/presentation/compiled/assets/4edc2d90b443fbc191cbd741c824732113a590cd758e32d8e098c63eba4e70a9.png
build	Upload complete canonical site	2026-09-22T15:24:06.8921420Z ./releases/v0.82.1/site/game/presentation/compiled/assets/8535d7dec70f8fb64d3c0aa8ac919daa7609a477dada753b67429c9c7ae2cadb.png
build	Upload complete canonical site	2026-09-22T15:24:06.8923003Z ./releases/v0.82.1/site/game/presentation/compiled/assets/c0f4e7ca9de3a9f06637dbc8d5972b69b7e804f1bbd9579f5724d99a02c5c86b.png
build	Upload complete canonical site	2026-09-22T15:24:06.8924780Z ./releases/v0.82.1/site/game/presentation/compiled/assets/9f649ed85a5ff7d88996729975dfcb3b4df001474b02cd34114dcf4fc5e2b49c.png
build	Upload complete canonical site	2026-09-22T15:24:06.8926352Z ./releases/v0.82.1/site/game/presentation/compiled/assets/0b4b6717b5a2e7c27ad765544730193d1f798f8ccbc08879947f1a8b10e71121.png
build	Upload complete canonical site	2026-09-22T15:24:06.8927712Z ./releases/v0.82.1/site/game/presentation/compiled/assets/8a652da0dfc053d85190a2a0a17a27c43144c90a1cce5ae7883cb70f73df7c50.png
build	Upload complete canonical site	2026-09-22T15:24:06.8928623Z ./releases/v0.82.1/site/game/presentation/compiled/assets/c1aedf89bc3433dc1cb60998fa1e2563480a590c38586332f444c4c12c772fce.png
build	Upload complete canonical site	2026-09-22T15:24:06.8929512Z ./releases/v0.82.1/site/game/presentation/compiled/assets/4797c11d5e17c3f5f9b5b3fa96efb4fd2aabb877fb4d625dfc8eb7465464e145.woff2
build	Upload complete canonical site	2026-09-22T15:24:06.8930402Z ./releases/v0.82.1/site/game/presentation/compiled/assets/2a50c451fdee7c54d8bccf7a098f12bcdbdc15905856dc100c8e0d9e99629c33.png
build	Upload complete canonical site	2026-09-22T15:24:06.8931265Z ./releases/v0.82.1/site/game/presentation/compiled/assets/f3f58d09752c8e635e06145abc2460909f90ce2df664a8034a799e0bbe59c3ee.png
build	Upload complete canonical site	2026-09-22T15:24:06.8932152Z ./releases/v0.82.1/site/game/presentation/compiled/assets/e85e9aa8f56ba214bcdc9184feb99f526f1a89f66627ac0bf278bffa123dc7c9.png
build	Upload complete canonical site	2026-09-22T15:24:06.8933035Z ./releases/v0.82.1/site/game/presentation/compiled/assets/210d3b2ab32eaef632751e0333321b7e3e2a8571de758e9a02d1f350c483cf61.png
build	Upload complete canonical site	2026-09-22T15:24:06.8934108Z ./releases/v0.82.1/site/game/presentation/compiled/assets/7258c2453b49a52aaa2ba003c4e076eb7aa2d87d21abb6df65f5f5178f9f6a59.png
build	Upload complete canonical site	2026-09-22T15:24:06.8935553Z ./releases/v0.82.1/site/game/presentation/compiled/assets/ee156b11b8102f73615260895e66be4e420bd3d7c70aec7150b556cdc9999a1c.png
build	Upload complete canonical site	2026-09-22T15:24:06.8936668Z ./releases/v0.82.1/site/game/presentation/compiled/assets/535cf4dc9b21c9ff7f9c26d4bc0657e8d6820626551b4d34d82e332748e4d9e3.png
build	Upload complete canonical site	2026-09-22T15:24:06.8938264Z ./releases/v0.82.1/site/game/presentation/compiled/assets/2033ce4e45c2b164edc31e8680244deaa475783dca1aebc6262bfffcd3980eb2.png
build	Upload complete canonical site	2026-09-22T15:24:06.8940065Z ./releases/v0.82.1/site/game/presentation/compiled/assets/c234ea41a080121e73eeea20e3e3db5cfedcd4d4793bc31cf7cdfb2dad2a96ca.png
build	Upload complete canonical site	2026-09-22T15:24:06.8941394Z ./releases/v0.82.1/site/game/presentation/compiled/assets/1e3b7ea46131dbee8ca4601fd75862b04fda8ca4aa4b088d9811f5845e05eb7d.png
build	Upload complete canonical site	2026-09-22T15:24:06.8942275Z ./releases/v0.82.1/site/game/presentation/compiled/assets/57ee2976cb09f29863a4b3a2d8951574a93bf376eda64dbe2a171dc426d8391a.png
build	Upload complete canonical site	2026-09-22T15:24:06.8943133Z ./releases/v0.82.1/site/game/presentation/compiled/assets/7e696d173490ae948cead01a22c5650bc6ffef16c70c514ba6d88413d460a192.png
build	Upload complete canonical site	2026-09-22T15:24:06.8944216Z ./releases/v0.82.1/site/game/presentation/compiled/assets/b65d23a488db2a276f1332680fbf394b1aee685fffc42f0b093c01506041f143.png
build	Upload complete canonical site	2026-09-22T15:24:06.8945101Z ./releases/v0.82.1/site/game/presentation/compiled/assets/08512d067c5f322eb059dc45733fd61534b8bc530a9ebd8b33208d941a603922.png
build	Upload complete canonical site	2026-09-22T15:24:06.8945959Z ./releases/v0.82.1/site/game/presentation/compiled/assets/cae1523d150bbe69f65028676129ba9c51958f4561671c5d6dee1eecfb48b3b5.png
build	Upload complete canonical site	2026-09-22T15:24:06.8946855Z ./releases/v0.82.1/site/game/presentation/compiled/assets/8b5ebd66c72bc3a9ccc07c5dedaba2a8c556ea4e78ef1f17650cc99bc1eca666.png
build	Upload complete canonical site	2026-09-22T15:24:06.8947739Z ./releases/v0.82.1/site/game/presentation/compiled/assets/d9ee53a1cc344517624e80785e764da99fa8bd9b90d7f2b9b5d2ac52ff236a4b.png
build	Upload complete canonical site	2026-09-22T15:24:06.8948606Z ./releases/v0.82.1/site/game/presentation/compiled/assets/53fff7055c1021c80f93590ed4e028c85d59ea4cb2f06ac71644d29989fa2bd7.png
build	Upload complete canonical site	2026-09-22T15:24:06.8949461Z ./releases/v0.82.1/site/game/presentation/compiled/assets/3104d1433851b889c70bbf8fe4d4fecd2b99a3d57d099b402286948283711fb4.png
build	Upload complete canonical site	2026-09-22T15:24:06.8950505Z ./releases/v0.82.1/site/game/presentation/compiled/assets/78033ee190de99663e4b936e480562d4cc93d9e90190b529ef46d07877c43826.png
build	Upload complete canonical site	2026-09-22T15:24:06.8951388Z ./releases/v0.82.1/site/game/presentation/compiled/assets/27fca2383ecb60fe0019232ed3f384103f602e36fe583fbad4b018b0c20d08fe.png
build	Upload complete canonical site	2026-09-22T15:24:06.8952282Z ./releases/v0.82.1/site/game/presentation/compiled/assets/a3ad1f5a90f71164d77039f7052ce3403e684f1e9acecb0d3c86a7d456e9d509.png
build	Upload complete canonical site	2026-09-22T15:24:06.8953162Z ./releases/v0.82.1/site/game/presentation/compiled/assets/77a93635bc7d39976bbf571f056a68f75ef43e1b655b6512fd293b2b568306e3.png
build	Upload complete canonical site	2026-09-22T15:24:06.8954240Z ./releases/v0.82.1/site/game/presentation/compiled/assets/78294d66d340a9cc4036814defa9a291b8573949d79318823722b6f51c71fc14.png
build	Upload complete canonical site	2026-09-22T15:24:06.8955125Z ./releases/v0.82.1/site/game/presentation/compiled/assets/466b729b69035d65e5a95d5ef9c8d1c337e64a6af3b5fbdcf91cf74d3096d33b.png
build	Upload complete canonical site	2026-09-22T15:24:06.8955998Z ./releases/v0.82.1/site/game/presentation/compiled/assets/00b0f847cd1f80495615e3ada13899df67c6df05bf1f6d846ffc46cb3cc3fc5f.png
build	Upload complete canonical site	2026-09-22T15:24:06.8956888Z ./releases/v0.82.1/site/game/presentation/compiled/assets/526656d6f29126aaec7bc7d1abf0769d247b311039c8d069c7e2afc17d112747.png
build	Upload complete canonical site	2026-09-22T15:24:06.8957776Z ./releases/v0.82.1/site/game/presentation/compiled/assets/ccdfe41a2adaf920c64d99f665d19d9ca6ddc2ea5251ea24bdd63beb2dfc68bd.png
build	Upload complete canonical site	2026-09-22T15:24:06.8958667Z ./releases/v0.82.1/site/game/presentation/compiled/assets/02b4ab6f9e8339b921ac83fa0f72e334ab98edc82a46ae5b70499d4ea5dfb872.png
build	Upload complete canonical site	2026-09-22T15:24:06.8959552Z ./releases/v0.82.1/site/game/presentation/compiled/assets/2617aa19f98e0a455046c229a9abcb678efeaa76c07ebe5ce07cb8b00d4d65bf.png
build	Upload complete canonical site	2026-09-22T15:24:06.8960427Z ./releases/v0.82.1/site/game/presentation/compiled/assets/97986545bbd0dd978d7c5cd2b3511b800cb082caf4a584416306b6c3f4283b54.png
build	Upload complete canonical site	2026-09-22T15:24:06.8961294Z ./releases/v0.82.1/site/game/presentation/compiled/assets/a07fe2df221cb042a05a7ef78716ae1809e9df5dd54d7dd550c91bd265f7f7fb.png
build	Upload complete canonical site	2026-09-22T15:24:06.8962211Z ./releases/v0.82.1/site/game/presentation/compiled/assets/5428ce32eb31d44ea4b04561d86cc65e31ce79fe50acce40beadfd1d2546b837.png
build	Upload complete canonical site	2026-09-22T15:24:06.8963089Z ./releases/v0.82.1/site/game/presentation/compiled/assets/2d0b8b6260f73e3fe008c5ac228021f681747183a586ed7ca9dde3906b22dcc3.png
build	Upload complete canonical site	2026-09-22T15:24:06.8964430Z ./releases/v0.82.1/site/game/presentation/compiled/assets/150ebf2c0817461fda33425c885488da7f4566b16a83947e94799d8da2df05e5.png
build	Upload complete canonical site	2026-09-22T15:24:06.8965834Z ./releases/v0.82.1/site/game/presentation/compiled/assets/de2406eaf230f4701c82249f0709f1238616cca532d2be1b02d3105503646c3c.png
build	Upload complete canonical site	2026-09-22T15:24:06.8967305Z ./releases/v0.82.1/site/game/presentation/compiled/assets/4c0ab153dd814ff806ff0d9a63bb1ef5ad9eac532f8f771d1288265d7327ec68.png
build	Upload complete canonical site	2026-09-22T15:24:06.8968199Z ./releases/v0.82.1/site/game/presentation/compiled/assets/d5227e40b6ef6c1d722bbfb09c828789facf18b0021d6e600a456fdd37ba7e11.png
build	Upload complete canonical site	2026-09-22T15:24:06.8969255Z ./releases/v0.82.1/site/game/presentation/compiled/assets/33955b0fafb24b5edab1d605d6b3a8453a0073438aa87785cc2376ec36953346.png
build	Upload complete canonical site	2026-09-22T15:24:06.8970542Z ./releases/v0.82.1/site/game/presentation/compiled/assets/5c51f6d7b29af2e8be90adc5d01257f1b5d34ac5aaf0bb533fd2088bd944b683.png
build	Upload complete canonical site	2026-09-22T15:24:06.8971501Z ./releases/v0.82.1/site/game/presentation/compiled/assets/43db178018db9727dc1d4f6f9231dbe2ad29fe6d75a6a84d5ed97b069e18e3a4.png
build	Upload complete canonical site	2026-09-22T15:24:06.8972885Z ./releases/v0.82.1/site/game/presentation/compiled/assets/9e865e30bb22014bc6cc20dd4038415f4b279164ab33c54d9682e7ffc9cf2c91.png
build	Upload complete canonical site	2026-09-22T15:24:06.8973757Z ./releases/v0.82.1/site/game/presentation/compiled/assets/713991ea5d2ba3bbc0f5115c6fdc98f337da90b657b0c43c7db1625073377f90.png
build	Upload complete canonical site	2026-09-22T15:24:06.8975302Z ./releases/v0.82.1/site/game/presentation/compiled/assets/53f17c3672c097ce79b63629e4dfbffe9d5a2ecacf4ac99ec67704538951d9fe.png
build	Upload complete canonical site	2026-09-22T15:24:06.8976898Z ./releases/v0.82.1/site/game/presentation/compiled/assets/e033d8a3118b42b870e2f6350f7ae960b6085b46beb32ae235881a53bfbdc066.png
build	Upload complete canonical site	2026-09-22T15:24:06.8978428Z ./releases/v0.82.1/site/game/presentation/compiled/assets/0839e0cac64adad321fb07518b14673091bbc1a61a836ff15ebf48510480bbbc.png
build	Upload complete canonical site	2026-09-22T15:24:06.8979323Z ./releases/v0.82.1/site/game/presentation/compiled/assets/326d159fab7ab655e40c493e5e3ae27713157b419788134f23363ef222ad27db.png
build	Upload complete canonical site	2026-09-22T15:24:06.8980195Z ./releases/v0.82.1/site/game/presentation/compiled/assets/6b5afa33051459550ead8fee06fb5e14c9eecf9648906dc1abb7fe7a2c69455c.png
build	Upload complete canonical site	2026-09-22T15:24:06.8981095Z ./releases/v0.82.1/site/game/presentation/compiled/assets/b0e9acf3605b9c5440328ef0bea6c0959efd03acdddbc4ac2cc5520e036457b6.png
build	Upload complete canonical site	2026-09-22T15:24:06.8981976Z ./releases/v0.82.1/site/game/presentation/compiled/assets/a25dc0c7e2f24a5451f3fbb0d24e90fdce796b274d8b54f238cbee0a26e8b857.png
build	Upload complete canonical site	2026-09-22T15:24:06.8982869Z ./releases/v0.82.1/site/game/presentation/compiled/assets/cea04fc27e33583748da59f8bc873505d15b8c37745f0b30b5a4415f4d7c87cb.png
build	Upload complete canonical site	2026-09-22T15:24:06.8983733Z ./releases/v0.82.1/site/game/presentation/compiled/assets/72b6c93f47090f3a3724223477e22cbc461132329768e70b82cdb87d85a72052.png
build	Upload complete canonical site	2026-09-22T15:24:06.8985375Z ./releases/v0.82.1/site/game/presentation/compiled/assets/9ad64ed82783ba763f61fe954e3cdc8c360df472c8d035ef74579670d2649bba.png
build	Upload complete canonical site	2026-09-22T15:24:06.8986419Z ./releases/v0.82.1/site/game/presentation/compiled/assets/efef00b62e24bc89315f26fe888d64658bb63cfcce3eeb047645c812903d3e3f.png
build	Upload complete canonical site	2026-09-22T15:24:06.8987319Z ./releases/v0.82.1/site/game/presentation/compiled/assets/9ef850d87a46eee28cbfa3df8f2d2945673b8bf5dc2fdcc4edf1840175e3f7a1.png
build	Upload complete canonical site	2026-09-22T15:24:06.8988199Z ./releases/v0.82.1/site/game/presentation/compiled/assets/0ae5d58c1169056d086892937112a4605d56ca11b6d11e701d1e7796b18a6af7.png
build	Upload complete canonical site	2026-09-22T15:24:06.8989074Z ./releases/v0.82.1/site/game/presentation/compiled/assets/d4690eb2839e8f90a4ac105502c5b22c1b1cceb643c5d2593ca3a4e61d6aa008.png
build	Upload complete canonical site	2026-09-22T15:24:06.8990586Z ./releases/v0.82.1/site/game/presentation/compiled/assets/f03dc7d839fef8d53cae7b29cc106dd094c976af6e3758d71110bf0d47140efa.png
build	Upload complete canonical site	2026-09-22T15:24:06.8991567Z ./releases/v0.82.1/site/game/presentation/compiled/assets/d76f309d8385cd5d20fc2fff72b7f3abc19299cccdde767d76dd9f4a4960929d.png
build	Upload complete canonical site	2026-09-22T15:24:06.8992480Z ./releases/v0.82.1/site/game/presentation/compiled/assets/044bfaa980686917e6715e3919617a516ee1585e38dd8a63154301eba23d4118.png
build	Upload complete canonical site	2026-09-22T15:24:06.8993361Z ./releases/v0.82.1/site/game/presentation/compiled/assets/cc1bc2077c62d4cea9aeba86c00d0185b3c93f7c7dfceaede414dc105859196f.png
build	Upload complete canonical site	2026-09-22T15:24:06.8994651Z ./releases/v0.82.1/site/game/presentation/compiled/assets/4213f1ac958d600b68f4aa1aa0171d8f5e7a10ca2422154f88cc9b58bda9c0c1.png
build	Upload complete canonical site	2026-09-22T15:24:06.8996287Z ./releases/v0.82.1/site/game/presentation/compiled/assets/9c181b9009de288e0ed3349ab0bda4908e67c92587946517115b9231d5ea65b8.png
build	Upload complete canonical site	2026-09-22T15:24:06.8997892Z ./releases/v0.82.1/site/game/presentation/compiled/assets/3fa6527474d2da84fed128052df7ee8ac2b34a25eaf5a162d21be849a12fd65c.png
build	Upload complete canonical site	2026-09-22T15:24:06.8999462Z ./releases/v0.82.1/site/game/presentation/compiled/assets/40172d186e595959d100dd0e7e52a78906e904300d93c8c0958d82b6f3b91ff0.png
build	Upload complete canonical site	2026-09-22T15:24:06.9001027Z ./releases/v0.82.1/site/game/presentation/compiled/assets/83b8dea4de4fad710942a60c18f03c34849df904a45edb0316b6287c3770fb3c.png
build	Upload complete canonical site	2026-09-22T15:24:06.9002385Z ./releases/v0.82.1/site/game/presentation/compiled/assets/e35ca174c360d5a572c72e6be448666cf3da1438cf0d91f8ea7ff8c221b8eb5e.png
build	Upload complete canonical site	2026-09-22T15:24:06.9003317Z ./releases/v0.82.1/site/game/presentation/compiled/assets/398eaf8dc2f88a2b1a3bc4d2ae5c603f54fd5daa96c9c9c02637bdd4c488e697.png
build	Upload complete canonical site	2026-09-22T15:24:06.9004446Z ./releases/v0.82.1/site/game/presentation/compiled/assets/963bdc61942194177b4d0dac32ba560c0200f55c83f21d939356b8680b6f644c.png
build	Upload complete canonical site	2026-09-22T15:24:06.9005334Z ./releases/v0.82.1/site/game/presentation/compiled/assets/228285616ceb1d60be182f971790ee75a67c44a40a787d7d7ed275668a3005e4.png
build	Upload complete canonical site	2026-09-22T15:24:06.9006199Z ./releases/v0.82.1/site/game/presentation/compiled/assets/95b99a09686ab417503cd8444f6b485d1021b6ae3f8e9525a545faafd6254c9c.png
build	Upload complete canonical site	2026-09-22T15:24:06.9007066Z ./releases/v0.82.1/site/game/presentation/compiled/assets/084e63a13178e1736ac2eaa12af621d63a786eea4dc21ab5cae8c6acf96c8153.png
build	Upload complete canonical site	2026-09-22T15:24:06.9008111Z ./releases/v0.82.1/site/game/presentation/compiled/assets/ee325025999edc73751f62ee92adc73c02fe06d29680da5816f4785e014ef730.png
build	Upload complete canonical site	2026-09-22T15:24:06.9008975Z ./releases/v0.82.1/site/game/presentation/compiled/assets/94353c17fbc74e21655a3c556075885a144900b6c620ba7b37ab79beb31f246f.png
build	Upload complete canonical site	2026-09-22T15:24:06.9009834Z ./releases/v0.82.1/site/game/presentation/compiled/assets/0b5106ea19db098b6cf6068142510fd373731532e5052983e58bb343038404e6.png
build	Upload complete canonical site	2026-09-22T15:24:06.9010696Z ./releases/v0.82.1/site/game/presentation/compiled/assets/40a08a5524dbe269f6eddb019c55beebde3129ba270d97a5fa4d22015a07e0cc.png
build	Upload complete canonical site	2026-09-22T15:24:06.9011571Z ./releases/v0.82.1/site/game/presentation/compiled/assets/84461bcb3aca9dc91ace6a836df87a153a6c58d75b6a46b8988d9d835f68ad9f.png
build	Upload complete canonical site	2026-09-22T15:24:06.9012455Z ./releases/v0.82.1/site/game/presentation/compiled/assets/2d4e0eafa015c8e434082b8be0552556e0abfe057248233a701cac4d1b3f4cd0.png
build	Upload complete canonical site	2026-09-22T15:24:06.9013319Z ./releases/v0.82.1/site/game/presentation/compiled/assets/0233c5f399b93700594af044a5f56687a0742333d32b7bc54ef7122173f1dc65.png
build	Upload complete canonical site	2026-09-22T15:24:06.9014492Z ./releases/v0.82.1/site/game/presentation/compiled/assets/7954823e793dd6140528d271c12653fca559eda862ca83c4be73c6bfbdf9c26c.png
build	Upload complete canonical site	2026-09-22T15:24:06.9016131Z ./releases/v0.82.1/site/game/presentation/compiled/assets/544551f875b2fd52c41dbbd384d6710a80fb23d744ae8a9bca3353cd23752a48.png
build	Upload complete canonical site	2026-09-22T15:24:06.9017727Z ./releases/v0.82.1/site/game/presentation/compiled/assets/57744cbfe744bd50d932b1dba963539c11dbb176dc1e3171de46c34ea74d48a0.png
build	Upload complete canonical site	2026-09-22T15:24:06.9018975Z ./releases/v0.82.1/site/game/presentation/compiled/assets/9bc684f5da99a255c09d7cd6aac452859d5ec370d344a092901576bdc9405911.png
build	Upload complete canonical site	2026-09-22T15:24:06.9019630Z ./releases/v0.82.1/site/game/presentation/compiled/theme.css
build	Upload complete canonical site	2026-09-22T15:24:06.9020012Z ./releases/v0.82.1/site/game/presentation/page.mjs
build	Upload complete canonical site	2026-09-22T15:24:06.9020423Z ./releases/v0.82.1/site/game/presentation/visual-theme-catalogue.mjs
build	Upload complete canonical site	2026-09-22T15:24:06.9020891Z ./releases/v0.82.1/site/game/presentation/visual-theme-lease.mjs
build	Upload complete canonical site	2026-09-22T15:24:06.9021340Z ./releases/v0.82.1/site/game/presentation/journey-actor-review.html
build	Upload complete canonical site	2026-09-22T15:24:06.9021801Z ./releases/v0.82.1/site/game/presentation/session-release-pictures.mjs
build	Upload complete canonical site	2026-09-22T15:24:06.9022509Z ./releases/v0.82.1/site/game/presentation/studio-session.mjs
build	Upload complete canonical site	2026-09-22T15:24:06.9022920Z ./releases/v0.82.1/site/game/presentation/visual-theme-pin.mjs
build	Upload complete canonical site	2026-09-22T15:24:06.9023333Z ./releases/v0.82.1/site/game/presentation/combat-review.mjs
build	Upload complete canonical site	2026-09-22T15:24:06.9023730Z ./releases/v0.82.1/site/game/presentation/dependencies.mjs
build	Upload complete canonical site	2026-09-22T15:24:06.9024397Z ./releases/v0.82.1/site/game/presentation/model.mjs
build	Upload complete canonical site	2026-09-22T15:24:06.9024742Z ./releases/v0.82.1/site/game/presentation/icons.mjs
build	Upload complete canonical site	2026-09-22T15:24:06.9025131Z ./releases/v0.82.1/site/game/presentation/journey-actor-review.css
build	Upload complete canonical site	2026-09-22T15:24:06.9025553Z ./releases/v0.82.1/site/game/presentation/current-pictures.mjs
build	Upload complete canonical site	2026-09-22T15:24:06.9025942Z ./releases/v0.82.1/site/game/presentation/bundle.mjs
build	Upload complete canonical site	2026-09-22T15:24:06.9026321Z ./releases/v0.82.1/site/game/presentation/journey-actor-review.mjs
build	Upload complete canonical site	2026-09-22T15:24:06.9026711Z ./releases/v0.82.1/site/game/soundtrack-rights.mjs
build	Upload complete canonical site	2026-09-22T15:24:06.9027025Z ./releases/v0.82.1/site/game/content.mjs
build	Upload complete canonical site	2026-09-22T15:24:06.9027340Z ./releases/v0.82.1/site/game/mastery-equipment.mjs
build	Upload complete canonical site	2026-09-22T15:24:06.9027684Z ./releases/v0.82.1/site/game/profile-channel-json.mjs
build	Upload complete canonical site	2026-09-22T15:24:06.9028079Z ./releases/v0.82.1/site/game/enemy-presentations.mjs
build	Upload complete canonical site	2026-09-22T15:24:06.9028414Z ./releases/v0.82.1/site/game/vendor/
build	Upload complete canonical site	2026-09-22T15:24:06.9028733Z ./releases/v0.82.1/site/game/vendor/PHASER-LICENSE.md
build	Upload complete canonical site	2026-09-22T15:24:06.9029098Z ./releases/v0.82.1/site/game/vendor/phaser-4.2.1.min.js
build	Upload complete canonical site	2026-09-22T15:24:06.9029462Z ./releases/v0.82.1/site/game/managed-media-store.mjs
build	Upload complete canonical site	2026-09-22T15:24:06.9029815Z ./releases/v0.82.1/site/game/mastery-verification.mjs
build	Upload complete canonical site	2026-09-22T15:24:06.9030325Z ./releases/v0.82.1/site/game/replays/
build	Upload complete canonical site	2026-09-22T15:24:06.9030663Z ./releases/v0.82.1/site/game/replays/expansion-routes.json
build	Upload complete canonical site	2026-09-22T15:24:06.9031077Z ./releases/v0.82.1/site/game/replays/first-light-routes.json
build	Upload complete canonical site	2026-09-22T15:24:06.9031475Z ./releases/v0.82.1/site/game/replays/fieldcraft-routes.json
build	Upload complete canonical site	2026-09-22T15:24:06.9031880Z ./releases/v0.82.1/site/game/replays/fpv-arcade-r2-routes.json
build	Upload complete canonical site	2026-09-22T15:24:06.9032319Z ./releases/v0.82.1/site/game/replays/first-light-gentle-routes.json
build	Upload complete canonical site	2026-09-22T15:24:06.9032742Z ./releases/v0.82.1/site/game/replays/campaign-routes.json
build	Upload complete canonical site	2026-09-22T15:24:06.9033115Z ./releases/v0.82.1/site/game/replays/gentle-routes.json
build	Upload complete canonical site	2026-09-22T15:24:06.9033501Z ./releases/v0.82.1/site/game/replays/fpv-arcade-r3-routes.json
build	Upload complete canonical site	2026-09-22T15:24:06.9034153Z ./releases/v0.82.1/site/game/replays/fpv-arcade-r5-routes.json
build	Upload complete canonical site	2026-09-22T15:24:06.9034807Z ./releases/v0.82.1/site/game/replays/sentinel-routes.json
build	Upload complete canonical site	2026-09-22T15:24:06.9035454Z ./releases/v0.82.1/site/game/replays/homeward-routes.json
build	Upload complete canonical site	2026-09-22T15:24:06.9036054Z ./releases/v0.82.1/site/game/replays/classic-lab-routes.json
build	Upload complete canonical site	2026-09-22T15:24:06.9036458Z ./releases/v0.82.1/site/game/replays/fpv-arcade-r4-routes.json
build	Upload complete canonical site	2026-09-22T15:24:06.9036838Z ./releases/v0.82.1/site/game/flight-media-pins.mjs
build	Upload complete canonical site	2026-09-22T15:24:06.9037169Z ./releases/v0.82.1/site/game/controller-lab/
build	Upload complete canonical site	2026-09-22T15:24:06.9037577Z ./releases/v0.82.1/site/game/controller-lab/reading-practice.json
build	Upload complete canonical site	2026-09-22T15:24:06.9037978Z ./releases/v0.82.1/site/game/controller-lab/index.html
build	Upload complete canonical site	2026-09-22T15:24:06.9038319Z ./releases/v0.82.1/site/game/controller-lab/lab.mjs
build	Upload complete canonical site	2026-09-22T15:24:06.9038661Z ./releases/v0.82.1/site/game/controller-lab/style.css
build	Upload complete canonical site	2026-09-22T15:24:06.9039011Z ./releases/v0.82.1/site/game/media-storage-record.mjs
build	Upload complete canonical site	2026-09-22T15:24:06.9039479Z ./releases/v0.82.1/site/game/enemy-catalog-scenarios.mjs
build	Upload complete canonical site	2026-09-22T15:24:06.9040046Z ./releases/v0.82.1/site/game/couch/
build	Upload complete canonical site	2026-09-22T15:24:06.9040627Z ./releases/v0.82.1/site/game/couch/couch-installed-chapters.mjs
build	Upload complete canonical site	2026-09-22T15:24:06.9041303Z ./releases/v0.82.1/site/game/couch/relay-rescue.mjs
build	Upload complete canonical site	2026-09-22T15:24:06.9041882Z ./releases/v0.82.1/site/game/couch/coop-ground.mjs
build	Upload complete canonical site	2026-09-22T15:24:06.9042529Z ./releases/v0.82.1/site/game/couch/coop-bonus-view.mjs
build	Upload complete canonical site	2026-09-22T15:24:06.9043146Z ./releases/v0.82.1/site/game/couch/couch-music-host.mjs
build	Upload complete canonical site	2026-09-22T15:24:06.9043719Z ./releases/v0.82.1/site/game/couch/couch.mjs
build	Upload complete canonical site	2026-09-22T15:24:06.9044683Z ./releases/v0.82.1/site/game/couch/coop-picture-image.mjs
build	Upload complete canonical site	2026-09-22T15:24:06.9045294Z ./releases/v0.82.1/site/game/couch/mode-entry.js
build	Upload complete canonical site	2026-09-22T15:24:06.9045882Z ./releases/v0.82.1/site/game/couch/coop-actor-layout.mjs
build	Upload complete canonical site	2026-09-22T15:24:06.9046497Z ./releases/v0.82.1/site/game/couch/couch-input.mjs
build	Upload complete canonical site	2026-09-22T15:24:06.9047135Z ./releases/v0.82.1/site/game/couch/coop-actor-presentation.mjs
build	Upload complete canonical site	2026-09-22T15:24:06.9047771Z ./releases/v0.82.1/site/game/couch/coop-view.mjs
build	Upload complete canonical site	2026-09-22T15:24:06.9048345Z ./releases/v0.82.1/site/game/couch/coop-feedback.mjs
build	Upload complete canonical site	2026-09-22T15:24:06.9048939Z ./releases/v0.82.1/site/game/couch/relay-rescue.html
build	Upload complete canonical site	2026-09-22T15:24:06.9049587Z ./releases/v0.82.1/site/game/couch/coop-picture-bindings.mjs
build	Upload complete canonical site	2026-09-22T15:24:06.9050264Z ./releases/v0.82.1/site/game/couch/couch-music-context.mjs
build	Upload complete canonical site	2026-09-22T15:24:06.9050945Z ./releases/v0.82.1/site/game/couch/candidate-team-pictures.mjs
build	Upload complete canonical site	2026-09-22T15:24:06.9051652Z ./releases/v0.82.1/site/game/couch/couch-static-pictures.mjs
build	Upload complete canonical site	2026-09-22T15:24:06.9052336Z ./releases/v0.82.1/site/game/couch/couch-music-library.mjs
build	Upload complete canonical site	2026-09-22T15:24:06.9052927Z ./releases/v0.82.1/site/game/couch/index.html
build	Upload complete canonical site	2026-09-22T15:24:06.9053484Z ./releases/v0.82.1/site/game/couch/coop-briefing.mjs
build	Upload complete canonical site	2026-09-22T15:24:06.9054265Z ./releases/v0.82.1/site/game/couch/couch-catalogue.mjs
build	Upload complete canonical site	2026-09-22T15:24:06.9054861Z ./releases/v0.82.1/site/game/couch/couch-shell.mjs
build	Upload complete canonical site	2026-09-22T15:24:06.9055419Z ./releases/v0.82.1/site/game/couch/team-entry.js
build	Upload complete canonical site	2026-09-22T15:24:06.9056056Z ./releases/v0.82.1/site/game/couch/team-discovery-pictures.mjs
build	Upload complete canonical site	2026-09-22T15:24:06.9056813Z ./releases/v0.82.1/site/game/couch/team-journey-actor-material.mjs
build	Upload complete canonical site	2026-09-22T15:24:06.9057757Z ./releases/v0.82.1/site/game/couch/candidate-pictures.mjs
build	Upload complete canonical site	2026-09-22T15:24:06.9058391Z ./releases/v0.82.1/site/game/couch/board-footprint.mjs
build	Upload complete canonical site	2026-09-22T15:24:06.9059016Z ./releases/v0.82.1/site/game/couch/coop-terrain-trail.mjs
build	Upload complete canonical site	2026-09-22T15:24:06.9059637Z ./releases/v0.82.1/site/game/couch/relay-rescue.css
build	Upload complete canonical site	2026-09-22T15:24:06.9060268Z ./releases/v0.82.1/site/game/couch/couch-music-session.mjs
build	Upload complete canonical site	2026-09-22T15:24:06.9060924Z ./releases/v0.82.1/site/game/couch/coop-import-source.mjs
build	Upload complete canonical site	2026-09-22T15:24:06.9061605Z ./releases/v0.82.1/site/game/couch/team-arena-preference.mjs
build	Upload complete canonical site	2026-09-22T15:24:06.9062027Z ./releases/v0.82.1/site/game/couch/couch-chapter-install.mjs
build	Upload complete canonical site	2026-09-22T15:24:06.9062379Z ./releases/v0.82.1/site/game/couch/couch.css
build	Upload complete canonical site	2026-09-22T15:24:06.9062705Z ./releases/v0.82.1/site/game/couch/team-discovery.mjs
build	Upload complete canonical site	2026-09-22T15:24:06.9063073Z ./releases/v0.82.1/site/game/couch/couch-release-picture.mjs
build	Upload complete canonical site	2026-09-22T15:24:06.9063460Z ./releases/v0.82.1/site/game/couch/coop-presentation.mjs
build	Upload complete canonical site	2026-09-22T15:24:06.9063823Z ./releases/v0.82.1/site/game/couch/couch-chapter.mjs
build	Upload complete canonical site	2026-09-22T15:24:06.9064507Z ./releases/v0.82.1/site/game/challenges.mjs
build	Upload complete canonical site	2026-09-22T15:24:06.9065071Z ./releases/v0.82.1/site/game/soundtrack-store.mjs
build	Upload complete canonical site	2026-09-22T15:24:06.9065667Z ./releases/v0.82.1/site/game/media-presentation.mjs
build	Upload complete canonical site	2026-09-22T15:24:06.9066078Z ./releases/v0.82.1/site/game/selection-bookmark.mjs
build	Upload complete canonical site	2026-09-22T15:24:06.9066388Z ./releases/v0.82.1/site/game/boot.css
build	Upload complete canonical site	2026-09-22T15:24:06.9066685Z ./releases/v0.82.1/site/game/audio-preferences.mjs
build	Upload complete canonical site	2026-09-22T15:24:06.9067011Z ./releases/v0.82.1/site/game/media-still.mjs
build	Upload complete canonical site	2026-09-22T15:24:06.9067327Z ./releases/v0.82.1/site/game/mastery-records.mjs
build	Upload complete canonical site	2026-09-22T15:24:06.9067652Z ./releases/v0.82.1/site/game/gallery-difficulty.mjs
build	Upload complete canonical site	2026-09-22T15:24:06.9067972Z ./releases/v0.82.1/site/game/video-poster.mjs
build	Upload complete canonical site	2026-09-22T15:24:06.9068316Z ./releases/v0.82.1/site/game/profile-shared-media.mjs
build	Upload complete canonical site	2026-09-22T15:24:06.9068722Z ./releases/v0.82.1/site/game/external-chapter-backup.mjs
build	Upload complete canonical site	2026-09-22T15:24:06.9069089Z ./releases/v0.82.1/site/game/content-launch.mjs
build	Upload complete canonical site	2026-09-22T15:24:06.9069448Z ./releases/v0.82.1/site/game/menu-style-preferences.mjs
build	Upload complete canonical site	2026-09-22T15:24:06.9069799Z ./releases/v0.82.1/site/game/soundtrack-source.mjs
build	Upload complete canonical site	2026-09-22T15:24:06.9070137Z ./releases/v0.82.1/site/game/profile-transfer.mjs
build	Upload complete canonical site	2026-09-22T15:24:06.9070631Z ./releases/v0.82.1/site/game/ui/
build	Upload complete canonical site	2026-09-22T15:24:06.9070944Z ./releases/v0.82.1/site/game/ui/first-flight-view.mjs
build	Upload complete canonical site	2026-09-22T15:24:06.9071317Z ./releases/v0.82.1/site/game/ui/preference-restoration.mjs
build	Upload complete canonical site	2026-09-22T15:24:06.9071681Z ./releases/v0.82.1/site/game/ui/touch-steering.mjs
build	Upload complete canonical site	2026-09-22T15:24:06.9072013Z ./releases/v0.82.1/site/game/ui/menu-appearance.mjs
build	Upload complete canonical site	2026-09-22T15:24:06.9072398Z ./releases/v0.82.1/site/game/ui/controller-practice-exit.mjs
build	Upload complete canonical site	2026-09-22T15:24:06.9072803Z ./releases/v0.82.1/site/game/ui/playground-tab-boundary.mjs
build	Upload complete canonical site	2026-09-22T15:24:06.9073187Z ./releases/v0.82.1/site/game/ui/controller-settings.css
build	Upload complete canonical site	2026-09-22T15:24:06.9073560Z ./releases/v0.82.1/site/game/ui/practice-navigation.mjs
build	Upload complete canonical site	2026-09-22T15:24:06.9074111Z ./releases/v0.82.1/site/game/ui/workshop-return.mjs
build	Upload complete canonical site	2026-09-22T15:24:06.9074881Z ./releases/v0.82.1/site/game/ui/first-flight-entry.mjs
build	Upload complete canonical site	2026-09-22T15:24:06.9075609Z ./releases/v0.82.1/site/game/ui/story-dialog.css
build	Upload complete canonical site	2026-09-22T15:24:06.9076302Z ./releases/v0.82.1/site/game/ui/mode-choice.css
build	Upload complete canonical site	2026-09-22T15:24:06.9076743Z ./releases/v0.82.1/site/game/ui/enemy-catalog-panel.css
build	Upload complete canonical site	2026-09-22T15:24:06.9077234Z ./releases/v0.82.1/site/game/ui/enemy-guide.mjs
build	Upload complete canonical site	2026-09-22T15:24:06.9091168Z ./releases/v0.82.1/site/game/ui/operation-focus.mjs
build	Upload complete canonical site	2026-09-22T15:24:06.9091712Z ./releases/v0.82.1/site/game/ui/device-controls.css
build	Upload complete canonical site	2026-09-22T15:24:06.9092106Z ./releases/v0.82.1/site/game/ui/presentation-image.mjs
build	Upload complete canonical site	2026-09-22T15:24:06.9092489Z ./releases/v0.82.1/site/game/ui/handheld-play.css
build	Upload complete canonical site	2026-09-22T15:24:06.9092823Z ./releases/v0.82.1/site/game/ui/library-panel.mjs
build	Upload complete canonical site	2026-09-22T15:24:06.9093177Z ./releases/v0.82.1/site/game/ui/field-kit-fonts.css
build	Upload complete canonical site	2026-09-22T15:24:06.9093733Z ./releases/v0.82.1/site/game/ui/game-shell.css
build	Upload complete canonical site	2026-09-22T15:24:06.9094361Z ./releases/v0.82.1/site/game/ui/menu-appearance.css
build	Upload complete canonical site	2026-09-22T15:24:06.9094711Z ./releases/v0.82.1/site/game/ui/field-kit-flow.css
build	Upload complete canonical site	2026-09-22T15:24:06.9095063Z ./releases/v0.82.1/site/game/ui/soundtrack-panel.css
build	Upload complete canonical site	2026-09-22T15:24:06.9095426Z ./releases/v0.82.1/site/game/ui/field-kit-surfaces.mjs
build	Upload complete canonical site	2026-09-22T15:24:06.9095806Z ./releases/v0.82.1/site/game/ui/flight-information-host.mjs
build	Upload complete canonical site	2026-09-22T15:24:06.9096187Z ./releases/v0.82.1/site/game/ui/picture-identity.mjs
build	Upload complete canonical site	2026-09-22T15:24:06.9096543Z ./releases/v0.82.1/site/game/ui/enemy-body-motion.mjs
build	Upload complete canonical site	2026-09-22T15:24:06.9096898Z ./releases/v0.82.1/site/game/ui/profile-recovery.css
build	Upload complete canonical site	2026-09-22T15:24:06.9097256Z ./releases/v0.82.1/site/game/ui/asset-studio-return.mjs
build	Upload complete canonical site	2026-09-22T15:24:06.9097640Z ./releases/v0.82.1/site/game/ui/optional-chapters-panel.mjs
build	Upload complete canonical site	2026-09-22T15:24:06.9098044Z ./releases/v0.82.1/site/game/ui/lane-presentation.mjs
build	Upload complete canonical site	2026-09-22T15:24:06.9098422Z ./releases/v0.82.1/site/game/ui/field-kit-components.css
build	Upload complete canonical site	2026-09-22T15:24:06.9098805Z ./releases/v0.82.1/site/game/ui/profile-recovery-dialog.mjs
build	Upload complete canonical site	2026-09-22T15:24:06.9099179Z ./releases/v0.82.1/site/game/ui/still-media-host.mjs
build	Upload complete canonical site	2026-09-22T15:24:06.9099559Z ./releases/v0.82.1/site/game/ui/flight-information-source.mjs
build	Upload complete canonical site	2026-09-22T15:24:06.9099961Z ./releases/v0.82.1/site/game/ui/player-body-layout.mjs
build	Upload complete canonical site	2026-09-22T15:24:06.9100329Z ./releases/v0.82.1/site/game/ui/enemy-catalog-input.mjs
build	Upload complete canonical site	2026-09-22T15:24:06.9100702Z ./releases/v0.82.1/site/game/ui/workshop-return-entry.mjs
build	Upload complete canonical site	2026-09-22T15:24:06.9101065Z ./releases/v0.82.1/site/game/ui/direct-tool-launch.js
build	Upload complete canonical site	2026-09-22T15:24:06.9101410Z ./releases/v0.82.1/site/game/ui/field-kit-copy.mjs
build	Upload complete canonical site	2026-09-22T15:24:06.9101741Z ./releases/v0.82.1/site/game/ui/relay-view.mjs
build	Upload complete canonical site	2026-09-22T15:24:06.9102087Z ./releases/v0.82.1/site/game/ui/first-flight-preview.mjs
build	Upload complete canonical site	2026-09-22T15:24:06.9102429Z ./releases/v0.82.1/site/game/ui/settings.css
build	Upload complete canonical site	2026-09-22T15:24:06.9102730Z ./releases/v0.82.1/site/game/ui/input.mjs
build	Upload complete canonical site	2026-09-22T15:24:06.9103041Z ./releases/v0.82.1/site/game/ui/storage-retention.mjs
build	Upload complete canonical site	2026-09-22T15:24:06.9103410Z ./releases/v0.82.1/site/game/ui/chapter-focus-clearance.mjs
build	Upload complete canonical site	2026-09-22T15:24:06.9103775Z ./releases/v0.82.1/site/game/ui/combat-view.mjs
build	Upload complete canonical site	2026-09-22T15:24:06.9104361Z ./releases/v0.82.1/site/game/ui/still-media-panel.css
build	Upload complete canonical site	2026-09-22T15:24:06.9104894Z ./releases/v0.82.1/site/game/ui/controller-boost-host.mjs
build	Upload complete canonical site	2026-09-22T15:24:06.9105249Z ./releases/v0.82.1/site/game/ui/mode-choice.mjs
build	Upload complete canonical site	2026-09-22T15:24:06.9105560Z ./releases/v0.82.1/site/game/ui/scene-art.mjs
build	Upload complete canonical site	2026-09-22T15:24:06.9105885Z ./releases/v0.82.1/site/game/ui/worlds-browser.mjs
build	Upload complete canonical site	2026-09-22T15:24:06.9106232Z ./releases/v0.82.1/site/game/ui/actor-presentation.mjs
build	Upload complete canonical site	2026-09-22T15:24:06.9106577Z ./releases/v0.82.1/site/game/ui/earned-picture.mjs
build	Upload complete canonical site	2026-09-22T15:24:06.9106899Z ./releases/v0.82.1/site/game/ui/pixel-theme.css
build	Upload complete canonical site	2026-09-22T15:24:06.9107212Z ./releases/v0.82.1/site/game/ui/retry-view.mjs
build	Upload complete canonical site	2026-09-22T15:24:06.9107551Z ./releases/v0.82.1/site/game/ui/operation-status.css
build	Upload complete canonical site	2026-09-22T15:24:06.9107941Z ./releases/v0.82.1/site/game/ui/flight-information-details.mjs
build	Upload complete canonical site	2026-09-22T15:24:06.9108313Z ./releases/v0.82.1/site/game/ui/audio-master.mjs
build	Upload complete canonical site	2026-09-22T15:24:06.9108649Z ./releases/v0.82.1/site/game/ui/focus-clearance.mjs
build	Upload complete canonical site	2026-09-22T15:24:06.9108985Z ./releases/v0.82.1/site/game/ui/game-shell.mjs
build	Upload complete canonical site	2026-09-22T15:24:06.9109331Z ./releases/v0.82.1/site/game/ui/video-poster-workshop.mjs
build	Upload complete canonical site	2026-09-22T15:24:06.9109711Z ./releases/v0.82.1/site/game/ui/reading-input-prompt.mjs
build	Upload complete canonical site	2026-09-22T15:24:06.9110063Z ./releases/v0.82.1/site/game/ui/mission-gallery.mjs
build	Upload complete canonical site	2026-09-22T15:24:06.9110385Z ./releases/v0.82.1/site/game/ui/journey.css
build	Upload complete canonical site	2026-09-22T15:24:06.9110697Z ./releases/v0.82.1/site/game/ui/journey-backup.mjs
build	Upload complete canonical site	2026-09-22T15:24:06.9111039Z ./releases/v0.82.1/site/game/ui/key-settings.mjs
build	Upload complete canonical site	2026-09-22T15:24:06.9111413Z ./releases/v0.82.1/site/game/ui/content-studio-navigation.mjs
build	Upload complete canonical site	2026-09-22T15:24:06.9111796Z ./releases/v0.82.1/site/game/ui/event-feedback.mjs
build	Upload complete canonical site	2026-09-22T15:24:06.9112244Z ./releases/v0.82.1/site/game/ui/workshop-return.css
build	Upload complete canonical site	2026-09-22T15:24:06.9112582Z ./releases/v0.82.1/site/game/ui/directional-view.mjs
build	Upload complete canonical site	2026-09-22T15:24:06.9112953Z ./releases/v0.82.1/site/game/ui/profile-recovery-dialog.css
build	Upload complete canonical site	2026-09-22T15:24:06.9113321Z ./releases/v0.82.1/site/game/ui/offline-panel.mjs
build	Upload complete canonical site	2026-09-22T15:24:06.9113665Z ./releases/v0.82.1/site/game/ui/still-story-panel.mjs
build	Upload complete canonical site	2026-09-22T15:24:06.9114175Z ./releases/v0.82.1/site/game/ui/journey-chooser.mjs
build	Upload complete canonical site	2026-09-22T15:24:06.9114527Z ./releases/v0.82.1/site/game/ui/enemy-catalog-panel.mjs
build	Upload complete canonical site	2026-09-22T15:24:06.9114900Z ./releases/v0.82.1/site/game/ui/authored-mode-routes.mjs
build	Upload complete canonical site	2026-09-22T15:24:06.9115254Z ./releases/v0.82.1/site/game/ui/backup-set-panel.mjs
build	Upload complete canonical site	2026-09-22T15:24:06.9115600Z ./releases/v0.82.1/site/game/ui/controller-router.mjs
build	Upload complete canonical site	2026-09-22T15:24:06.9115936Z ./releases/v0.82.1/site/game/ui/foundation-view.mjs
build	Upload complete canonical site	2026-09-22T15:24:06.9116273Z ./releases/v0.82.1/site/game/ui/field-kit-tokens.css
build	Upload complete canonical site	2026-09-22T15:24:06.9116588Z ./releases/v0.82.1/site/game/ui/fonts/
build	Upload complete canonical site	2026-09-22T15:24:06.9116896Z ./releases/v0.82.1/site/game/ui/fonts/pixelify-sans/
build	Upload complete canonical site	2026-09-22T15:24:06.9117289Z ./releases/v0.82.1/site/game/ui/fonts/pixelify-sans/provenance.json
build	Upload complete canonical site	2026-09-22T15:24:06.9117742Z ./releases/v0.82.1/site/game/ui/fonts/pixelify-sans/METADATA.pb
build	Upload complete canonical site	2026-09-22T15:24:06.9118185Z ./releases/v0.82.1/site/game/ui/fonts/pixelify-sans/PixelifySans.ttf
build	Upload complete canonical site	2026-09-22T15:24:06.9118601Z ./releases/v0.82.1/site/game/ui/fonts/pixelify-sans/OFL.txt
build	Upload complete canonical site	2026-09-22T15:24:06.9118971Z ./releases/v0.82.1/site/game/ui/fonts/provenance.json
build	Upload complete canonical site	2026-09-22T15:24:06.9119312Z ./releases/v0.82.1/site/game/ui/fonts/METADATA.pb
build	Upload complete canonical site	2026-09-22T15:24:06.9119652Z ./releases/v0.82.1/site/game/ui/fonts/Tiny5-Regular.ttf
build	Upload complete canonical site	2026-09-22T15:24:06.9119990Z ./releases/v0.82.1/site/game/ui/fonts/field-kit/
build	Upload complete canonical site	2026-09-22T15:24:06.9120353Z ./releases/v0.82.1/site/game/ui/fonts/field-kit/provenance.json
build	Upload complete canonical site	2026-09-22T15:24:06.9120801Z ./releases/v0.82.1/site/game/ui/fonts/field-kit/handjet-display-600.woff2
build	Upload complete canonical site	2026-09-22T15:24:06.9121260Z ./releases/v0.82.1/site/game/ui/fonts/field-kit/exo2-ui-400-600.woff2
build	Upload complete canonical site	2026-09-22T15:24:06.9121693Z ./releases/v0.82.1/site/game/ui/fonts/field-kit/IBMPlexMono-OFL.txt
build	Upload complete canonical site	2026-09-22T15:24:06.9122109Z ./releases/v0.82.1/site/game/ui/fonts/field-kit/Handjet-OFL.txt
build	Upload complete canonical site	2026-09-22T15:24:06.9122550Z ./releases/v0.82.1/site/game/ui/fonts/field-kit/ibm-plex-mono-500.woff2
build	Upload complete canonical site	2026-09-22T15:24:06.9123108Z ./releases/v0.82.1/site/game/ui/fonts/field-kit/Exo2-OFL.txt
build	Upload complete canonical site	2026-09-22T15:24:06.9123460Z ./releases/v0.82.1/site/game/ui/fonts/OFL.txt
build	Upload complete canonical site	2026-09-22T15:24:06.9123773Z ./releases/v0.82.1/site/game/ui/enemy-guide.css
build	Upload complete canonical site	2026-09-22T15:24:06.9124508Z ./releases/v0.82.1/site/game/ui/first-flight-launch.mjs
build	Upload complete canonical site	2026-09-22T15:24:06.9124887Z ./releases/v0.82.1/site/game/ui/soundtrack-player.mjs
build	Upload complete canonical site	2026-09-22T15:24:06.9125231Z ./releases/v0.82.1/site/game/ui/mastery-view.mjs
build	Upload complete canonical site	2026-09-22T15:24:06.9125561Z ./releases/v0.82.1/site/game/ui/terrain-feedback.mjs
build	Upload complete canonical site	2026-09-22T15:24:06.9125887Z ./releases/v0.82.1/site/game/ui/audio.mjs
build	Upload complete canonical site	2026-09-22T15:24:06.9126217Z ./releases/v0.82.1/site/game/ui/still-media-preview.mjs
build	Upload complete canonical site	2026-09-22T15:24:06.9126600Z ./releases/v0.82.1/site/game/ui/optional-chapters-panel.css
build	Upload complete canonical site	2026-09-22T15:24:06.9126975Z ./releases/v0.82.1/site/game/ui/journey-reactions.mjs
build	Upload complete canonical site	2026-09-22T15:24:06.9127321Z ./releases/v0.82.1/site/game/ui/modal-navigation.mjs
build	Upload complete canonical site	2026-09-22T15:24:06.9127653Z ./releases/v0.82.1/site/game/ui/story-dialog.mjs
build	Upload complete canonical site	2026-09-22T15:24:06.9128056Z ./releases/v0.82.1/site/game/ui/flight-information-bridge.mjs
build	Upload complete canonical site	2026-09-22T15:24:06.9128435Z ./releases/v0.82.1/site/game/ui/profile-recovery.mjs
build	Upload complete canonical site	2026-09-22T15:24:06.9128776Z ./releases/v0.82.1/site/game/ui/encounter-view.mjs
build	Upload complete canonical site	2026-09-22T15:24:06.9129167Z ./releases/v0.82.1/site/game/ui/content-studio-navigation-entry.mjs
build	Upload complete canonical site	2026-09-22T15:24:06.9129578Z ./releases/v0.82.1/site/game/ui/still-media-catalog.mjs
build	Upload complete canonical site	2026-09-22T15:24:06.9129913Z ./releases/v0.82.1/site/game/ui/tool-display.mjs
build	Upload complete canonical site	2026-09-22T15:24:06.9130236Z ./releases/v0.82.1/site/game/ui/backup-set.css
build	Upload complete canonical site	2026-09-22T15:24:06.9130724Z ./releases/v0.82.1/site/game/ui/player-locator.mjs
build	Upload complete canonical site	2026-09-22T15:24:06.9131049Z ./releases/v0.82.1/site/game/ui/music-credit.mjs
build	Upload complete canonical site	2026-09-22T15:24:06.9131367Z ./releases/v0.82.1/site/game/ui/mission-picker.css
build	Upload complete canonical site	2026-09-22T15:24:06.9131693Z ./releases/v0.82.1/site/game/ui/victory-story.mjs
build	Upload complete canonical site	2026-09-22T15:24:06.9132047Z ./releases/v0.82.1/site/game/ui/mission-thumbnails.mjs
build	Upload complete canonical site	2026-09-22T15:24:06.9132411Z ./releases/v0.82.1/site/game/ui/controller-reading.mjs
build	Upload complete canonical site	2026-09-22T15:24:06.9132798Z ./releases/v0.82.1/site/game/ui/flight-information-details.css
build	Upload complete canonical site	2026-09-22T15:24:06.9133188Z ./releases/v0.82.1/site/game/ui/controller-preview.mjs
build	Upload complete canonical site	2026-09-22T15:24:06.9133537Z ./releases/v0.82.1/site/game/ui/combat-presentation.mjs
build	Upload complete canonical site	2026-09-22T15:24:06.9134099Z ./releases/v0.82.1/site/game/ui/operation-status.mjs
build	Upload complete canonical site	2026-09-22T15:24:06.9134490Z ./releases/v0.82.1/site/game/ui/mission-picker.mjs
build	Upload complete canonical site	2026-09-22T15:24:06.9134825Z ./releases/v0.82.1/site/game/ui/result-picture.mjs
build	Upload complete canonical site	2026-09-22T15:24:06.9135201Z ./releases/v0.82.1/site/game/ui/candidate-flight-pictures.mjs
build	Upload complete canonical site	2026-09-22T15:24:06.9135614Z ./releases/v0.82.1/site/game/ui/session-originals-export.mjs
build	Upload complete canonical site	2026-09-22T15:24:06.9135998Z ./releases/v0.82.1/site/game/ui/foundation-feedback.mjs
build	Upload complete canonical site	2026-09-22T15:24:06.9136339Z ./releases/v0.82.1/site/game/ui/fullscreen.mjs
build	Upload complete canonical site	2026-09-22T15:24:06.9136683Z ./releases/v0.82.1/site/game/ui/menu-style-controls.mjs
build	Upload complete canonical site	2026-09-22T15:24:06.9137029Z ./releases/v0.82.1/site/game/ui/soundtrack-panel.mjs
build	Upload complete canonical site	2026-09-22T15:24:06.9137371Z ./releases/v0.82.1/site/game/ui/tool-display-entry.mjs
build	Upload complete canonical site	2026-09-22T15:24:06.9137721Z ./releases/v0.82.1/site/game/ui/enemy-body-assets.mjs
build	Upload complete canonical site	2026-09-22T15:24:06.9138032Z ./releases/v0.82.1/site/game/ui/art/
build	Upload complete canonical site	2026-09-22T15:24:06.9138315Z ./releases/v0.82.1/site/game/ui/art/field-kit/
build	Upload complete canonical site	2026-09-22T15:24:06.9138655Z ./releases/v0.82.1/site/game/ui/art/field-kit/prepared/
build	Upload complete canonical site	2026-09-22T15:24:06.9139081Z ./releases/v0.82.1/site/game/ui/art/field-kit/prepared/title-hangar-v1.png
build	Upload complete canonical site	2026-09-22T15:24:06.9139607Z ./releases/v0.82.1/site/game/ui/art/field-kit/prepared/title-hangar-portrait-v1.png
build	Upload complete canonical site	2026-09-22T15:24:06.9140145Z ./releases/v0.82.1/site/game/ui/controller-navigation.mjs
build	Upload complete canonical site	2026-09-22T15:24:06.9140504Z ./releases/v0.82.1/site/game/ui/couch-touch.mjs
build	Upload complete canonical site	2026-09-22T15:24:06.9140839Z ./releases/v0.82.1/site/game/ui/still-media-panel.mjs
build	Upload complete canonical site	2026-09-22T15:24:06.9141353Z ./releases/v0.82.1/site/game/ui/profile-transfer-panel.mjs
build	Upload complete canonical site	2026-09-22T15:24:06.9141720Z ./releases/v0.82.1/site/game/ui/flight-pictures.mjs
build	Upload complete canonical site	2026-09-22T15:24:06.9142038Z ./releases/v0.82.1/site/game/ui/music.mjs
build	Upload complete canonical site	2026-09-22T15:24:06.9142366Z ./releases/v0.82.1/site/game/ui/enemy-workshop-return.mjs
build	Upload complete canonical site	2026-09-22T15:24:06.9142739Z ./releases/v0.82.1/site/game/ui/controller-settings.mjs
build	Upload complete canonical site	2026-09-22T15:24:06.9143093Z ./releases/v0.82.1/site/game/ui/field-kit-compiled.css
build	Upload complete canonical site	2026-09-22T15:24:06.9143451Z ./releases/v0.82.1/site/game/ui/field-kit-surfaces.css
build	Upload complete canonical site	2026-09-22T15:24:06.9143826Z ./releases/v0.82.1/site/game/ui/controller-boost-settings.mjs
build	Upload complete canonical site	2026-09-22T15:24:06.9144459Z ./releases/v0.82.1/site/game/ui/settings-panels.mjs
build	Upload complete canonical site	2026-09-22T15:24:06.9144799Z ./releases/v0.82.1/site/game/ui/mission-brief.css
build	Upload complete canonical site	2026-09-22T15:24:06.9145127Z ./releases/v0.82.1/site/game/ui/celebration.mjs
build	Upload complete canonical site	2026-09-22T15:24:06.9145441Z ./releases/v0.82.1/site/game/ui/classic-view.mjs
build	Upload complete canonical site	2026-09-22T15:24:06.9145796Z ./releases/v0.82.1/site/game/ui/presentation-draw-image.mjs
build	Upload complete canonical site	2026-09-22T15:24:06.9146186Z ./releases/v0.82.1/site/game/ui/published-audio.mjs
build	Upload complete canonical site	2026-09-22T15:24:06.9146517Z ./releases/v0.82.1/site/game/ui/render.mjs
build	Upload complete canonical site	2026-09-22T15:24:06.9146857Z ./releases/v0.82.1/site/game/profile-original-recovery.mjs
build	Upload complete canonical site	2026-09-22T15:24:06.9147200Z ./releases/v0.82.1/site/game/mp3.mjs
build	Upload complete canonical site	2026-09-22T15:24:06.9147504Z ./releases/v0.82.1/site/game/controller-bindings.mjs
build	Upload complete canonical site	2026-09-22T15:24:06.9147836Z ./releases/v0.82.1/site/game/media-library.mjs
build	Upload complete canonical site	2026-09-22T15:24:06.9148151Z ./releases/v0.82.1/site/game/attempt-file.mjs
build	Upload complete canonical site	2026-09-22T15:24:06.9148438Z ./releases/v0.82.1/site/game/coop/
build	Upload complete canonical site	2026-09-22T15:24:06.9148714Z ./releases/v0.82.1/site/game/coop/threats.mjs
build	Upload complete canonical site	2026-09-22T15:24:06.9149162Z ./releases/v0.82.1/site/game/coop/terrain.mjs
build	Upload complete canonical site	2026-09-22T15:24:06.9149494Z ./releases/v0.82.1/site/game/coop/bonus-opportunity.mjs
build	Upload complete canonical site	2026-09-22T15:24:06.9149823Z ./releases/v0.82.1/site/game/coop/geometry.mjs
build	Upload complete canonical site	2026-09-22T15:24:06.9150138Z ./releases/v0.82.1/site/game/coop/input-policy.mjs
build	Upload complete canonical site	2026-09-22T15:24:06.9150478Z ./releases/v0.82.1/site/game/coop/timed-bonuses.mjs
build	Upload complete canonical site	2026-09-22T15:24:06.9150801Z ./releases/v0.82.1/site/game/coop/roamers.mjs
build	Upload complete canonical site	2026-09-22T15:24:06.9151141Z ./releases/v0.82.1/site/game/coop/presentation-envelope.mjs
build	Upload complete canonical site	2026-09-22T15:24:06.9151488Z ./releases/v0.82.1/site/game/coop/recipes.mjs
build	Upload complete canonical site	2026-09-22T15:24:06.9151794Z ./releases/v0.82.1/site/game/coop/relay-yard.mjs
build	Upload complete canonical site	2026-09-22T15:24:06.9152105Z ./releases/v0.82.1/site/game/coop/library.mjs
build	Upload complete canonical site	2026-09-22T15:24:06.9152402Z ./releases/v0.82.1/site/game/coop/core.mjs
build	Upload complete canonical site	2026-09-22T15:24:06.9152720Z ./releases/v0.82.1/site/game/coop/first-connection.mjs
build	Upload complete canonical site	2026-09-22T15:24:06.9153057Z ./releases/v0.82.1/site/game/coop/foundations.mjs
build	Upload complete canonical site	2026-09-22T15:24:06.9153369Z ./releases/v0.82.1/site/game/playground/
build	Upload complete canonical site	2026-09-22T15:24:06.9153688Z ./releases/v0.82.1/site/game/playground/playground.css
build	Upload complete canonical site	2026-09-22T15:24:06.9154185Z ./releases/v0.82.1/site/game/playground/viewport.mjs
build	Upload complete canonical site	2026-09-22T15:24:06.9154526Z ./releases/v0.82.1/site/game/playground/board-view.mjs
build	Upload complete canonical site	2026-09-22T15:24:06.9154868Z ./releases/v0.82.1/site/game/playground/index.html
build	Upload complete canonical site	2026-09-22T15:24:06.9155241Z ./releases/v0.82.1/site/game/playground/control-geometry.mjs
build	Upload complete canonical site	2026-09-22T15:24:06.9155642Z ./releases/v0.82.1/site/game/playground/map-diagnostics.mjs
build	Upload complete canonical site	2026-09-22T15:24:06.9156015Z ./releases/v0.82.1/site/game/playground/playground.mjs
build	Upload complete canonical site	2026-09-22T15:24:06.9156353Z ./releases/v0.82.1/site/game/playground/model.mjs
build	Upload complete canonical site	2026-09-22T15:24:06.9156716Z ./releases/v0.82.1/site/game/profile-channel-assets.mjs
build	Upload complete canonical site	2026-09-22T15:24:06.9157045Z ./releases/v0.82.1/site/game/backup.mjs
build	Upload complete canonical site	2026-09-22T15:24:06.9157329Z ./releases/v0.82.1/site/game/journey/
build	Upload complete canonical site	2026-09-22T15:24:06.9157666Z ./releases/v0.82.1/site/game/journey/reaction-preferences.mjs
build	Upload complete canonical site	2026-09-22T15:24:06.9158055Z ./releases/v0.82.1/site/game/journey/reactions.mjs
build	Upload complete canonical site	2026-09-22T15:24:06.9158385Z ./releases/v0.82.1/site/game/journey/profile.mjs
build	Upload complete canonical site	2026-09-22T15:24:06.9158703Z ./releases/v0.82.1/site/game/journey/catalog.mjs
build	Upload complete canonical site	2026-09-22T15:24:06.9159032Z ./releases/v0.82.1/site/game/journey/preferences.mjs
build	Upload complete canonical site	2026-09-22T15:24:06.9159552Z ./releases/v0.82.1/site/game/journey/authority.mjs
build	Upload complete canonical site	2026-09-22T15:24:06.9159857Z ./releases/v0.82.1/site/game/boot.mjs
build	Upload complete canonical site	2026-09-22T15:24:06.9160325Z ./releases/v0.82.1/site/game/difficulty-navigation.mjs
build	Upload complete canonical site	2026-09-22T15:24:06.9160921Z ./releases/v0.82.1/site/game/replay-player.mjs
build	Upload complete canonical site	2026-09-22T15:24:06.9161541Z ./releases/v0.82.1/site/game/soundtrack-store-legacy.mjs
build	Upload complete canonical site	2026-09-22T15:24:06.9162124Z ./releases/v0.82.1/site/game/mastery.mjs
build	Upload complete canonical site	2026-09-22T15:24:06.9162611Z ./releases/v0.82.1/site/game/core/
build	Upload complete canonical site	2026-09-22T15:24:06.9163111Z ./releases/v0.82.1/site/game/core/combat-motion.mjs
build	Upload complete canonical site	2026-09-22T15:24:06.9163891Z ./releases/v0.82.1/site/game/core/bonus-opportunity.mjs
build	Upload complete canonical site	2026-09-22T15:24:06.9164698Z ./releases/v0.82.1/site/game/core/classic-state.mjs
build	Upload complete canonical site	2026-09-22T15:24:06.9165040Z ./releases/v0.82.1/site/game/core/capture.mjs
build	Upload complete canonical site	2026-09-22T15:24:06.9165372Z ./releases/v0.82.1/site/game/core/capture-regions.mjs
build	Upload complete canonical site	2026-09-22T15:24:06.9165710Z ./releases/v0.82.1/site/game/core/geometry.mjs
build	Upload complete canonical site	2026-09-22T15:24:06.9166019Z ./releases/v0.82.1/site/game/core/systems.mjs
build	Upload complete canonical site	2026-09-22T15:24:06.9166325Z ./releases/v0.82.1/site/game/core/encounter.mjs
build	Upload complete canonical site	2026-09-22T15:24:06.9166655Z ./releases/v0.82.1/site/game/core/classic-contour.mjs
build	Upload complete canonical site	2026-09-22T15:24:06.9166979Z ./releases/v0.82.1/site/game/core/level.mjs
build	Upload complete canonical site	2026-09-22T15:24:06.9167278Z ./releases/v0.82.1/site/game/core/registry.mjs
build	Upload complete canonical site	2026-09-22T15:24:06.9167607Z ./releases/v0.82.1/site/game/core/classic-topology.mjs
build	Upload complete canonical site	2026-09-22T15:24:06.9167950Z ./releases/v0.82.1/site/game/core/timed-bonuses.mjs
build	Upload complete canonical site	2026-09-22T15:24:06.9168293Z ./releases/v0.82.1/site/game/core/enemy-pressure.mjs
build	Upload complete canonical site	2026-09-22T15:24:06.9168628Z ./releases/v0.82.1/site/game/core/line-impact.mjs
build	Upload complete canonical site	2026-09-22T15:24:06.9169243Z ./releases/v0.82.1/site/game/core/contacts.mjs
build	Upload complete canonical site	2026-09-22T15:24:06.9169682Z ./releases/v0.82.1/site/game/core/classic-step.mjs
build	Upload complete canonical site	2026-09-22T15:24:06.9170028Z ./releases/v0.82.1/site/game/core/arcade-actions.mjs
build	Upload complete canonical site	2026-09-22T15:24:06.9170440Z ./releases/v0.82.1/site/game/core/combat-definition.mjs
build	Upload complete canonical site	2026-09-22T15:24:06.9170888Z ./releases/v0.82.1/site/game/core/abilities.mjs
build	Upload complete canonical site	2026-09-22T15:24:06.9171234Z ./releases/v0.82.1/site/game/core/directional-fields.mjs
build	Upload complete canonical site	2026-09-22T15:24:06.9171646Z ./releases/v0.82.1/site/game/core/versions.mjs
build	Upload complete canonical site	2026-09-22T15:24:06.9172035Z ./releases/v0.82.1/site/game/core/README.md
build	Upload complete canonical site	2026-09-22T15:24:06.9172330Z ./releases/v0.82.1/site/game/core/index.mjs
build	Upload complete canonical site	2026-09-22T15:24:06.9172620Z ./releases/v0.82.1/site/game/core/movement.mjs
build	Upload complete canonical site	2026-09-22T15:24:06.9173118Z ./releases/v0.82.1/site/game/core/classic-definition.mjs
build	Upload complete canonical site	2026-09-22T15:24:06.9173476Z ./releases/v0.82.1/site/game/core/classic-motion.mjs
build	Upload complete canonical site	2026-09-22T15:24:06.9173828Z ./releases/v0.82.1/site/game/core/combat-patrols.mjs
build	Upload complete canonical site	2026-09-22T15:24:06.9174486Z ./releases/v0.82.1/site/game/core/foundations.mjs
build	Upload complete canonical site	2026-09-22T15:24:06.9174963Z ./releases/v0.82.1/site/game/core/relay-gates.mjs
build	Upload complete canonical site	2026-09-22T15:24:06.9175490Z ./releases/v0.82.1/site/game/character-presentations.mjs
build	Upload complete canonical site	2026-09-22T15:24:06.9175898Z ./releases/v0.82.1/site/game/external-chapter-pointer.mjs
build	Upload complete canonical site	2026-09-22T15:24:06.9176271Z ./releases/v0.82.1/site/game/external-chapter.mjs
build	Upload complete canonical site	2026-09-22T15:24:06.9176799Z ./releases/v0.82.1/site/game/build-info.json
build	Upload complete canonical site	2026-09-22T15:24:06.9177319Z ./releases/v0.82.1/site/game/soundtrack-archive.mjs
build	Upload complete canonical site	2026-09-22T15:24:06.9177769Z ./releases/v0.82.1/site/game/text-size.mjs
build	Upload complete canonical site	2026-09-22T15:24:06.9178270Z ./releases/v0.82.1/site/game/content/
build	Upload complete canonical site	2026-09-22T15:24:06.9178744Z ./releases/v0.82.1/site/game/content/soundtrack-catalogue.json
build	Upload complete canonical site	2026-09-22T15:24:06.9179433Z ./releases/v0.82.1/site/game/content/external-worlds.json
build	Upload complete canonical site	2026-09-22T15:24:06.9179817Z ./releases/v0.82.1/site/game/content/optional-worlds.json
build	Upload complete canonical site	2026-09-22T15:24:06.9180206Z ./releases/v0.82.1/site/game/content/recovery-catalogs.json
build	Upload complete canonical site	2026-09-22T15:24:06.9180737Z ./releases/v0.82.1/site/game/content/scenarios/
build	Upload complete canonical site	2026-09-22T15:24:06.9181144Z ./releases/v0.82.1/site/game/content/scenarios/line-impact-demo.json
build	Upload complete canonical site	2026-09-22T15:24:06.9181545Z ./releases/v0.82.1/site/game/content/themes.json
build	Upload complete canonical site	2026-09-22T15:24:06.9182081Z ./releases/v0.82.1/site/game/content/optional-soundtracks.json
build	Upload complete canonical site	2026-09-22T15:24:06.9182501Z ./releases/v0.82.1/site/game/content/journey-campaign-pins.json
build	Upload complete canonical site	2026-09-22T15:24:06.9182869Z ./releases/v0.82.1/site/game/content/packs/
build	Upload complete canonical site	2026-09-22T15:24:06.9183213Z ./releases/v0.82.1/site/game/content/packs/night-shift.json
build	Upload complete canonical site	2026-09-22T15:24:06.9183641Z ./releases/v0.82.1/site/game/content/packs/fpv-pressure-frontier.json
build	Upload complete canonical site	2026-09-22T15:24:06.9184362Z ./releases/v0.82.1/site/game/content/packs/index.json
build	Upload complete canonical site	2026-09-22T15:24:06.9184741Z ./releases/v0.82.1/site/game/content/packs/fpv-arcade-r5.json
build	Upload complete canonical site	2026-09-22T15:24:06.9253175Z ./releases/v0.82.1/site/game/content/packs/archive-catalog.json
build	Upload complete canonical site	2026-09-22T15:24:06.9254140Z ./releases/v0.82.1/site/game/content/packs/fpv-arcade-r2.json
build	Upload complete canonical site	2026-09-22T15:24:06.9343064Z ./releases/v0.82.1/site/game/content/packs/classic-lab.json
build	Upload complete canonical site	2026-09-22T15:24:06.9344239Z ./releases/v0.82.1/site/game/content/packs/homeward-skies.json
build	Upload complete canonical site	2026-09-22T15:24:06.9430131Z ./releases/v0.82.1/site/game/content/packs/archive-index.json
build	Upload complete canonical site	2026-09-22T15:24:06.9431138Z ./releases/v0.82.1/site/game/content/packs/equipment-workshop.json
build	Upload complete canonical site	2026-09-22T15:24:06.9514729Z ./releases/v0.82.1/site/game/content/packs/fpv-arcade.json
build	Upload complete canonical site	2026-09-22T15:24:06.9605378Z ./releases/v0.82.1/site/game/content/packs/living-threads.json
build	Upload complete canonical site	2026-09-22T15:24:06.9606499Z ./releases/v0.82.1/site/game/content/packs/fpv-arcade-r4.json
build	Upload complete canonical site	2026-09-22T15:24:06.9694742Z ./releases/v0.82.1/site/game/content/packs/fieldcraft.json
build	Upload complete canonical site	2026-09-22T15:24:06.9696026Z ./releases/v0.82.1/site/game/content/packs/sentinel-relay.json
build	Upload complete canonical site	2026-09-22T15:24:06.9696734Z ./releases/v0.82.1/site/game/content/packs/fpv-arcade-r3.json
build	Upload complete canonical site	2026-09-22T15:24:06.9784687Z ./releases/v0.82.1/site/game/content/packs/catalog.json
build	Upload complete canonical site	2026-09-22T15:24:06.9785721Z ./releases/v0.82.1/site/game/content/enemy-presentations.json
build	Upload complete canonical site	2026-09-22T15:24:06.9786690Z ./releases/v0.82.1/site/game/content/campaign.json
build	Upload complete canonical site	2026-09-22T15:24:06.9787653Z ./releases/v0.82.1/site/game/content/soundtrack-catalogue.mjs
build	Upload complete canonical site	2026-09-22T15:24:06.9788643Z ./releases/v0.82.1/site/game/content/classes.json
build	Upload complete canonical site	2026-09-22T15:24:06.9789495Z ./releases/v0.82.1/site/game/difficulty-access.mjs
build	Upload complete canonical site	2026-09-22T15:24:06.9790349Z ./releases/v0.82.1/site/game/story-receipts.mjs
build	Upload complete canonical site	2026-09-22T15:24:06.9791126Z ./releases/v0.82.1/site/game/index.html
build	Upload complete canonical site	2026-09-22T15:24:06.9791838Z ./releases/v0.82.1/site/game/offline.mjs
build	Upload complete canonical site	2026-09-22T15:24:06.9792614Z ./releases/v0.82.1/site/game/soundtrack-share.mjs
build	Upload complete canonical site	2026-09-22T15:24:06.9793478Z ./releases/v0.82.1/site/game/profile-recovery.mjs
build	Upload complete canonical site	2026-09-22T15:24:06.9794233Z ./releases/v0.82.1/site/game/continuation.mjs
build	Upload complete canonical site	2026-09-22T15:24:06.9794771Z ./releases/v0.82.1/site/game/touch-preferences.mjs
build	Upload complete canonical site	2026-09-22T15:24:06.9795270Z ./releases/v0.82.1/site/game/studio/
build	Upload complete canonical site	2026-09-22T15:24:06.9795750Z ./releases/v0.82.1/site/game/studio/pacing-inspector.mjs
build	Upload complete canonical site	2026-09-22T15:24:06.9796334Z ./releases/v0.82.1/site/game/studio/difficulty-view.mjs
build	Upload complete canonical site	2026-09-22T15:24:06.9797119Z ./releases/v0.82.1/site/game/studio/board-state.mjs
build	Upload complete canonical site	2026-09-22T15:24:06.9798061Z ./releases/v0.82.1/site/game/studio/relay-editor.mjs
build	Upload complete canonical site	2026-09-22T15:24:06.9798817Z ./releases/v0.82.1/site/game/studio/actor-editor.mjs
build	Upload complete canonical site	2026-09-22T15:24:06.9799358Z ./releases/v0.82.1/site/game/studio/objective-editor.mjs
build	Upload complete canonical site	2026-09-22T15:24:06.9800045Z ./releases/v0.82.1/site/game/studio/combat-editor.mjs
build	Upload complete canonical site	2026-09-22T15:24:06.9800636Z ./releases/v0.82.1/site/game/studio/image-workbench.mjs
build	Upload complete canonical site	2026-09-22T15:24:06.9801279Z ./releases/v0.82.1/site/game/studio/timed-bonus-editor.mjs
build	Upload complete canonical site	2026-09-22T15:24:06.9801933Z ./releases/v0.82.1/site/game/studio/edit-context.mjs
build	Upload complete canonical site	2026-09-22T15:24:06.9802681Z ./releases/v0.82.1/site/game/studio/trace-recovery.mjs
build	Upload complete canonical site	2026-09-22T15:24:06.9803577Z ./releases/v0.82.1/site/game/studio/geometry-editor.mjs
build	Upload complete canonical site	2026-09-22T15:24:06.9804384Z ./releases/v0.82.1/site/game/studio/bonus-editor.mjs
build	Upload complete canonical site	2026-09-22T15:24:06.9805013Z ./releases/v0.82.1/site/game/studio/acceptance-inspector.mjs
build	Upload complete canonical site	2026-09-22T15:24:06.9805639Z ./releases/v0.82.1/site/game/studio/studio.mjs
build	Upload complete canonical site	2026-09-22T15:24:06.9806208Z ./releases/v0.82.1/site/game/studio/index.html
build	Upload complete canonical site	2026-09-22T15:24:06.9807156Z ./releases/v0.82.1/site/game/studio/directional-editor.mjs
build	Upload complete canonical site	2026-09-22T15:24:06.9807837Z ./releases/v0.82.1/site/game/studio/preview-readiness.mjs
build	Upload complete canonical site	2026-09-22T15:24:06.9808518Z ./releases/v0.82.1/site/game/studio/encounter-editor.mjs
build	Upload complete canonical site	2026-09-22T15:24:06.9809122Z ./releases/v0.82.1/site/game/studio/studio.css
build	Upload complete canonical site	2026-09-22T15:24:06.9809737Z ./releases/v0.82.1/site/game/studio/candidate-library.mjs
build	Upload complete canonical site	2026-09-22T15:24:06.9810343Z ./releases/v0.82.1/site/game/display-preferences.mjs
build	Upload complete canonical site	2026-09-22T15:24:06.9810884Z ./releases/v0.82.1/site/game/first-flight.mjs
build	Upload complete canonical site	2026-09-22T15:24:06.9811404Z ./releases/v0.82.1/site/game/replay-theater/
build	Upload complete canonical site	2026-09-22T15:24:06.9811961Z ./releases/v0.82.1/site/game/replay-theater/display.mjs
build	Upload complete canonical site	2026-09-22T15:24:06.9812510Z ./releases/v0.82.1/site/game/replay-theater/data/
build	Upload complete canonical site	2026-09-22T15:24:06.9813184Z ./releases/v0.82.1/site/game/replay-theater/data/fieldcraft-02.replay.json
build	Upload complete canonical site	2026-09-22T15:24:06.9814273Z ./releases/v0.82.1/site/game/replay-theater/data/fieldcraft-04.replay.json
build	Upload complete canonical site	2026-09-22T15:24:06.9815200Z ./releases/v0.82.1/site/game/replay-theater/data/fieldcraft-03.replay.json
build	Upload complete canonical site	2026-09-22T15:24:06.9816042Z ./releases/v0.82.1/site/game/replay-theater/data/fieldcraft-01.replay.json
build	Upload complete canonical site	2026-09-22T15:24:06.9816773Z ./releases/v0.82.1/site/game/replay-theater/index.html
build	Upload complete canonical site	2026-09-22T15:24:06.9817402Z ./releases/v0.82.1/site/game/replay-theater/app.mjs
build	Upload complete canonical site	2026-09-22T15:24:06.9818008Z ./releases/v0.82.1/site/game/replay-theater/theater.css
build	Upload complete canonical site	2026-09-22T15:24:06.9818661Z ./releases/v0.82.1/site/game/replay-theater/navigation.mjs
build	Upload complete canonical site	2026-09-22T15:24:06.9819276Z ./releases/v0.82.1/site/game/backup-storage.mjs
build	Upload complete canonical site	2026-09-22T15:24:06.9820093Z ./releases/v0.82.1/site/game/profile-recovery.html
build	Upload complete canonical site	2026-09-22T15:24:06.9820637Z ./releases/v0.82.1/site/game/library.mjs
build	Upload complete canonical site	2026-09-22T15:24:06.9821156Z ./releases/v0.82.1/site/game/victory-story.mjs
build	Upload complete canonical site	2026-09-22T15:24:06.9821697Z ./releases/v0.82.1/site/game/enemy-catalog.mjs
build	Upload complete canonical site	2026-09-22T15:24:06.9822240Z ./releases/v0.82.1/site/game/mastery-catalog.mjs
build	Upload complete canonical site	2026-09-22T15:24:06.9822842Z ./releases/v0.82.1/site/game/profile-channel-reader.mjs
build	Upload complete canonical site	2026-09-22T15:24:06.9823454Z ./releases/v0.82.1/site/game/soundtrack-bundle.mjs
build	Upload complete canonical site	2026-09-22T15:24:06.9824229Z ./releases/v0.82.1/site/game/media-bundle.mjs
build	Upload complete canonical site	2026-09-22T15:24:06.9824759Z ./releases/v0.82.1/site/game/media-store.mjs
build	Upload complete canonical site	2026-09-22T15:24:06.9825293Z ./releases/v0.82.1/site/game/profile-channel.mjs
build	Upload complete canonical site	2026-09-22T15:24:06.9825912Z ./releases/v0.82.1/site/game/external-chapter-install.mjs
build	Upload complete canonical site	2026-09-22T15:24:06.9826490Z ./releases/v0.82.1/site/game/README.md
build	Upload complete canonical site	2026-09-22T15:24:06.9827044Z ./releases/v0.82.1/site/game/external-chapter-catalog.mjs
build	Upload complete canonical site	2026-09-22T15:24:06.9827635Z ./releases/v0.82.1/site/game/progress.mjs
build	Upload complete canonical site	2026-09-22T15:24:06.9828168Z ./releases/v0.82.1/site/game/mode-return-v2.mjs
build	Upload complete canonical site	2026-09-22T15:24:06.9828702Z ./releases/v0.82.1/site/game/backup-set.mjs
build	Upload complete canonical site	2026-09-22T15:24:06.9829246Z ./releases/v0.82.1/site/game/collection-results.mjs
build	Upload complete canonical site	2026-09-22T15:24:06.9829828Z ./releases/v0.82.1/site/game/body-derivative.mjs
build	Upload complete canonical site	2026-09-22T15:24:06.9830434Z ./releases/v0.82.1/site/game/external-backup-assets.mjs
build	Upload complete canonical site	2026-09-22T15:24:06.9831037Z ./releases/v0.82.1/site/game/soundtrack-albums.mjs
build	Upload complete canonical site	2026-09-22T15:24:06.9831575Z ./releases/v0.82.1/site/game/app.mjs
build	Upload complete canonical site	2026-09-22T15:24:06.9832073Z ./releases/v0.82.1/site/game/controller-boost.mjs
build	Upload complete canonical site	2026-09-22T15:24:06.9832641Z ./releases/v0.82.1/site/game/mastery-awards.mjs
build	Upload complete canonical site	2026-09-22T15:24:06.9833222Z ./releases/v0.82.1/site/game/external-chapter-host.mjs
build	Upload complete canonical site	2026-09-22T15:24:06.9833832Z ./releases/v0.82.1/site/game/campaign-contexts.mjs
build	Upload complete canonical site	2026-09-22T15:24:06.9834579Z ./releases/v0.82.1/site/game/attempt-export.mjs
build	Upload complete canonical site	2026-09-22T15:24:06.9835157Z ./releases/v0.82.1/site/game/picture-receipts.mjs
build	Upload complete canonical site	2026-09-22T15:24:06.9835689Z ./releases/v0.82.1/site/game/platform.mjs
build	Upload complete canonical site	2026-09-22T15:24:06.9836199Z ./releases/v0.82.1/site/game/mission-brief.mjs
build	Upload complete canonical site	2026-09-22T15:24:06.9836711Z ./releases/v0.82.1/site/game/packs.mjs
build	Upload complete canonical site	2026-09-22T15:24:06.9837207Z ./releases/v0.82.1/site/game/key-bindings.mjs
build	Upload complete canonical site	2026-09-22T15:24:06.9837926Z ./releases/v0.82.1/site/game/assets/
build	Upload complete canonical site	2026-09-22T15:24:06.9838417Z ./releases/v0.82.1/site/game/assets/field-kit/
build	Upload complete canonical site	2026-09-22T15:24:06.9838973Z ./releases/v0.82.1/site/game/assets/field-kit/icons/
build	Upload complete canonical site	2026-09-22T15:24:06.9839654Z ./releases/v0.82.1/site/game/assets/field-kit/icons/contact-sheet.png
build	Upload complete canonical site	2026-09-22T15:24:06.9840419Z ./releases/v0.82.1/site/game/assets/field-kit/icons/review.html
build	Upload complete canonical site	2026-09-22T15:24:06.9841141Z ./releases/v0.82.1/site/game/assets/field-kit/icons/review.mjs
build	Upload complete canonical site	2026-09-22T15:24:06.9841801Z ./releases/v0.82.1/site/game/assets/field-kit/sprites/
build	Upload complete canonical site	2026-09-22T15:24:06.9842561Z ./releases/v0.82.1/site/game/assets/field-kit/sprites/enemy-relay-sentinel.png
build	Upload complete canonical site	2026-09-22T15:24:06.9843415Z ./releases/v0.82.1/site/game/assets/field-kit/sprites/terrain-wall.png
build	Upload complete canonical site	2026-09-22T15:24:06.9844423Z ./releases/v0.82.1/site/game/assets/field-kit/sprites/enemy-eroder.png
build	Upload complete canonical site	2026-09-22T15:24:06.9845266Z ./releases/v0.82.1/site/game/assets/field-kit/sprites/enemy-border-patrol.png
build	Upload complete canonical site	2026-09-22T15:24:06.9846224Z ./releases/v0.82.1/site/game/assets/field-kit/sprites/player-bomber-detailed.png
build	Upload complete canonical site	2026-09-22T15:24:06.9847162Z ./releases/v0.82.1/site/game/assets/field-kit/sprites/pickup-objective.png
build	Upload complete canonical site	2026-09-22T15:24:06.9847995Z ./releases/v0.82.1/site/game/assets/field-kit/sprites/contact-sheet.png
build	Upload complete canonical site	2026-09-22T15:24:06.9848791Z ./releases/v0.82.1/site/game/assets/field-kit/sprites/sprites.json
build	Upload complete canonical site	2026-09-22T15:24:06.9849643Z ./releases/v0.82.1/site/game/assets/field-kit/sprites/pickup-supply.png
build	Upload complete canonical site	2026-09-22T15:24:06.9850252Z ./releases/v0.82.1/site/game/assets/field-kit/sprites/terrain-lethal.png
build	Upload complete canonical site	2026-09-22T15:24:06.9850904Z ./releases/v0.82.1/site/game/assets/field-kit/sprites/enemy-claimed-rover.png
build	Upload complete canonical site	2026-09-22T15:24:06.9851612Z ./releases/v0.82.1/site/game/assets/field-kit/sprites/enemy-contour-patrol.png
build	Upload complete canonical site	2026-09-22T15:24:06.9852171Z ./releases/v0.82.1/site/game/assets/field-kit/sprites/player-interceptor-compact.png
build	Upload complete canonical site	2026-09-22T15:24:06.9852728Z ./releases/v0.82.1/site/game/assets/field-kit/sprites/player-trapper-compact.png
build	Upload complete canonical site	2026-09-22T15:24:06.9853289Z ./releases/v0.82.1/site/game/assets/field-kit/sprites/player-fiber-compact.png
build	Upload complete canonical site	2026-09-22T15:24:06.9853844Z ./releases/v0.82.1/site/game/assets/field-kit/sprites/player-interceptor-detailed.png
build	Upload complete canonical site	2026-09-22T15:24:06.9854655Z ./releases/v0.82.1/site/game/assets/field-kit/sprites/pickup-freeze.png
build	Upload complete canonical site	2026-09-22T15:24:06.9855112Z ./releases/v0.82.1/site/game/assets/field-kit/sprites/review.html
build	Upload complete canonical site	2026-09-22T15:24:06.9855590Z ./releases/v0.82.1/site/game/assets/field-kit/sprites/player-impact-compact.png
build	Upload complete canonical site	2026-09-22T15:24:06.9856107Z ./releases/v0.82.1/site/game/assets/field-kit/sprites/player-bomber-compact.png
build	Upload complete canonical site	2026-09-22T15:24:06.9856636Z ./releases/v0.82.1/site/game/assets/field-kit/sprites/player-trapper-detailed.png
build	Upload complete canonical site	2026-09-22T15:24:06.9857175Z ./releases/v0.82.1/site/game/assets/field-kit/sprites/player-impact-detailed.png
build	Upload complete canonical site	2026-09-22T15:24:06.9857674Z ./releases/v0.82.1/site/game/assets/field-kit/sprites/pickup-life.png
build	Upload complete canonical site	2026-09-22T15:24:06.9858129Z ./releases/v0.82.1/site/game/assets/field-kit/sprites/enemy-bouncer.png
build	Upload complete canonical site	2026-09-22T15:24:06.9858597Z ./releases/v0.82.1/site/game/assets/field-kit/sprites/enemy-lane-boss.png
build	Upload complete canonical site	2026-09-22T15:24:06.9859063Z ./releases/v0.82.1/site/game/assets/field-kit/sprites/terrain-slow.png
build	Upload complete canonical site	2026-09-22T15:24:06.9859544Z ./releases/v0.82.1/site/game/assets/field-kit/sprites/player-fiber-detailed.png
build	Upload complete canonical site	2026-09-22T15:24:06.9860030Z ./releases/v0.82.1/site/game/assets/field-kit/sprites/pickup-speed.png
build	Upload complete canonical site	2026-09-22T15:24:06.9860518Z ./releases/v0.82.1/site/game/assets/field-kit/sprites/player-carrier-compact.png
build	Upload complete canonical site	2026-09-22T15:24:06.9861043Z ./releases/v0.82.1/site/game/assets/field-kit/sprites/player-scout-compact.png
build	Upload complete canonical site	2026-09-22T15:24:06.9861523Z ./releases/v0.82.1/site/game/assets/field-kit/sprites/pickup-slow.png
build	Upload complete canonical site	2026-09-22T15:24:06.9862004Z ./releases/v0.82.1/site/game/assets/field-kit/sprites/player-scout-detailed.png
build	Upload complete canonical site	2026-09-22T15:24:06.9862529Z ./releases/v0.82.1/site/game/assets/field-kit/sprites/player-carrier-detailed.png
build	Upload complete canonical site	2026-09-22T15:24:06.9862962Z ./releases/v0.82.1/site/game/multiplayer.mjs
build	Upload complete canonical site	2026-09-22T15:24:06.9863396Z ./releases/v0.82.1/site/game/storage.mjs
build	Upload complete canonical site	2026-09-22T15:24:06.9863677Z ./releases/v0.82.1/site/game/style.css
build	Upload complete canonical site	2026-09-22T15:24:06.9864227Z ./releases/v0.82.1/site/game/sessions.mjs
build	Upload complete canonical site	2026-09-22T15:24:06.9864536Z ./releases/v0.82.1/site/game/soundtrack.mjs
build	Upload complete canonical site	2026-09-22T15:24:06.9864822Z ./releases/v0.82.1/site/game/imports.mjs
build	Upload complete canonical site	2026-09-22T15:24:06.9865154Z ./releases/v0.82.1/site/game/external-recovery-catalog.mjs
build	Upload complete canonical site	2026-09-22T15:24:06.9865501Z ./releases/v0.82.1/site/game/text-face.mjs
build	Upload complete canonical site	2026-09-22T15:24:06.9865791Z ./releases/v0.82.1/site/service-worker.js
build	Upload complete canonical site	2026-09-22T15:24:06.9866067Z ./releases/v0.82.1/site/docs/
build	Upload complete canonical site	2026-09-22T15:24:06.9866366Z ./releases/v0.82.1/site/docs/field-kit-production.md
build	Upload complete canonical site	2026-09-22T15:24:06.9866708Z ./releases/v0.82.1/site/docs/field-kit-sprites.md
build	Upload complete canonical site	2026-09-22T15:24:06.9867037Z ./releases/v0.82.1/site/docs/field-kit-icons.md
build	Upload complete canonical site	2026-09-22T15:24:06.9867343Z ./releases/v0.82.1/site/docs/verification/
build	Upload complete canonical site	2026-09-22T15:24:06.9867675Z ./releases/v0.82.1/site/docs/verification/fpv-redesign/
build	Upload complete canonical site	2026-09-22T15:24:06.9868082Z ./releases/v0.82.1/site/docs/verification/fpv-redesign/baseline/
build	Upload complete canonical site	2026-09-22T15:24:06.9868588Z ./releases/v0.82.1/site/docs/verification/fpv-redesign/baseline/pause-desktop.jpg
build	Upload complete canonical site	2026-09-22T15:24:06.9869152Z ./releases/v0.82.1/site/docs/verification/fpv-redesign/baseline/briefing-phone.jpg
build	Upload complete canonical site	2026-09-22T15:24:06.9869692Z ./releases/v0.82.1/site/docs/verification/fpv-redesign/baseline/title-desktop.jpg
build	Upload complete canonical site	2026-09-22T15:24:06.9870235Z ./releases/v0.82.1/site/docs/verification/fpv-redesign/baseline/title-phone.jpg
build	Upload complete canonical site	2026-09-22T15:24:06.9870785Z ./releases/v0.82.1/site/docs/verification/fpv-redesign/baseline/missions-phone.jpg
build	Upload complete canonical site	2026-09-22T15:24:06.9871446Z ./releases/v0.82.1/site/docs/verification/fpv-redesign/baseline/inventory.json
build	Upload complete canonical site	2026-09-22T15:24:06.9871982Z ./releases/v0.82.1/site/docs/verification/fpv-redesign/baseline/settings-desktop.jpg
build	Upload complete canonical site	2026-09-22T15:24:06.9872531Z ./releases/v0.82.1/site/docs/verification/fpv-redesign/baseline/flight-desktop.jpg
build	Upload complete canonical site	2026-09-22T15:24:06.9873086Z ./releases/v0.82.1/site/docs/verification/fpv-redesign/baseline/missions-desktop.jpg
build	Upload complete canonical site	2026-09-22T15:24:06.9873600Z ./releases/v0.82.1/site/docs/verification/fpv-redesign/baseline/README.md
build	Upload complete canonical site	2026-09-22T15:24:06.9874277Z ./releases/v0.82.1/site/docs/field-kit-reveals.md
build	Upload complete canonical site	2026-09-22T15:24:06.9874625Z ./releases/v0.82.1/site/docs/fpv-redesign-design.md
build	Upload complete canonical site	2026-09-22T15:24:06.9874984Z ./releases/v0.82.1/site/docs/fpv-reveal-art-audit.md
build	Upload complete canonical site	2026-09-22T15:24:06.9875327Z ./releases/v0.82.1/site/docs/field-kit-surfaces.md
build	Upload complete canonical site	2026-09-22T15:24:06.9875663Z ./releases/v0.82.1/site/docs/presentation-system.md
build	Upload complete canonical site	2026-09-22T15:24:06.9876028Z ./releases/v0.82.1/site/docs/presentation-audio-and-ui.md
build	Upload complete canonical site	2026-09-22T15:24:06.9876386Z ./releases/v0.82.1/site/docs/asset-studio.md
build	Upload complete canonical site	2026-09-22T15:24:06.9876708Z ./releases/v0.82.1/site/docs/presentation-runtime.md
build	Upload complete canonical site	2026-09-22T15:24:06.9877041Z ./releases/v0.82.1/site/docs/fpv-typography.md
build	Upload complete canonical site	2026-09-22T15:24:06.9877363Z ./releases/v0.82.1/site/docs/field-kit-title-v2.md
build	Upload complete canonical site	2026-09-22T15:24:06.9877688Z ./releases/v0.82.1/site/manifest.webmanifest
build	Upload complete canonical site	2026-09-22T15:24:06.9877974Z ./releases/v0.82.1/site/_headers
build	Upload complete canonical site	2026-09-22T15:24:06.9878255Z ./releases/v0.82.1/site/distribution.zip.sha256
build	Upload complete canonical site	2026-09-22T15:24:06.9878555Z ./releases/v0.82.1/release.json
build	Upload complete canonical site	2026-09-22T15:24:06.9878828Z ./releases/v0.82.1/source-qualification.json
build	Upload complete canonical site	2026-09-22T15:24:06.9879104Z ./releases/index.html
build	Upload complete canonical site	2026-09-22T15:24:06.9879318Z ./index.html
build	Upload complete canonical site	2026-09-22T15:24:06.9879504Z ./.nojekyll
build	Upload complete canonical site	2026-09-22T15:24:06.9879914Z ##[endgroup]
build	Upload complete canonical site	2026-09-22T15:24:06.9891746Z ##[end-action id=__actions_upload-pages-artifact.__run;outcome=success;conclusion=success;duration_ms=518]
build	Upload complete canonical site	2026-09-22T15:24:06.9896299Z ##[start-action display=Archive artifact;id=__actions_upload-pages-artifact.__run_2]
build	Upload complete canonical site	2026-09-22T15:24:06.9901893Z ##[end-action id=__actions_upload-pages-artifact.__run_2;outcome=skipped;conclusion=skipped;duration_ms=0]
build	Upload complete canonical site	2026-09-22T15:24:06.9904908Z ##[start-action display=Archive artifact;id=__actions_upload-pages-artifact.__run_3]
build	Upload complete canonical site	2026-09-22T15:24:06.9908600Z ##[end-action id=__actions_upload-pages-artifact.__run_3;outcome=skipped;conclusion=skipped;duration_ms=0]
build	Upload complete canonical site	2026-09-22T15:24:06.9910552Z ##[start-action display=Upload artifact;id=__actions_upload-pages-artifact.upload-artifact]
build	Upload complete canonical site	2026-09-22T15:24:06.9946871Z ##[group]Run actions/upload-artifact@bbbca2ddaa5d8feaa63e36b76fdaad77386f024f
build	Upload complete canonical site	2026-09-22T15:24:06.9947307Z with:
build	Upload complete canonical site	2026-09-22T15:24:06.9947507Z   name: github-pages
build	Upload complete canonical site	2026-09-22T15:24:06.9947766Z   path: /home/runner/work/_temp/artifact.tar
build	Upload complete canonical site	2026-09-22T15:24:06.9948067Z   retention-days: 1
build	Upload complete canonical site	2026-09-22T15:24:06.9948297Z   if-no-files-found: error
build	Upload complete canonical site	2026-09-22T15:24:06.9948535Z   compression-level: 6
build	Upload complete canonical site	2026-09-22T15:24:06.9948765Z   overwrite: false
build	Upload complete canonical site	2026-09-22T15:24:06.9948980Z   include-hidden-files: false
build	Upload complete canonical site	2026-09-22T15:24:06.9949222Z   archive: true
build	Upload complete canonical site	2026-09-22T15:24:06.9949429Z ##[endgroup]
build	Upload complete canonical site	2026-09-22T15:24:07.1425283Z With the provided path, there will be 1 file uploaded
build	Upload complete canonical site	2026-09-22T15:24:07.1427117Z Artifact name is valid!
build	Upload complete canonical site	2026-09-22T15:24:07.1427886Z Root directory input is valid!
build	Upload complete canonical site	2026-09-22T15:24:07.5388790Z Uploading artifact: github-pages.zip
build	Upload complete canonical site	2026-09-22T15:24:07.5464779Z Beginning upload of artifact content to blob storage
build	Upload complete canonical site	2026-09-22T15:24:08.7723590Z Uploaded bytes 8388608
build	Upload complete canonical site	2026-09-22T15:24:09.0224698Z Uploaded bytes 16777216
build	Upload complete canonical site	2026-09-22T15:24:09.1548108Z Uploaded bytes 25165824
build	Upload complete canonical site	2026-09-22T15:24:09.2808804Z Uploaded bytes 33554432
build	Upload complete canonical site	2026-09-22T15:24:09.4363151Z Uploaded bytes 41943040
build	Upload complete canonical site	2026-09-22T15:24:09.5276976Z Uploaded bytes 50331648
build	Upload complete canonical site	2026-09-22T15:24:09.7267665Z Uploaded bytes 58720256
build	Upload complete canonical site	2026-09-22T15:24:09.9230301Z Uploaded bytes 67108864
build	Upload complete canonical site	2026-09-22T15:24:10.1712241Z Uploaded bytes 75497472
build	Upload complete canonical site	2026-09-22T15:24:10.4247509Z Uploaded bytes 83886080
build	Upload complete canonical site	2026-09-22T15:24:10.6921827Z Uploaded bytes 92274688
build	Upload complete canonical site	2026-09-22T15:24:10.8979346Z Uploaded bytes 100663296
build	Upload complete canonical site	2026-09-22T15:24:11.1570163Z Uploaded bytes 109051904
build	Upload complete canonical site	2026-09-22T15:24:11.4094742Z Uploaded bytes 117440512
build	Upload complete canonical site	2026-09-22T15:24:11.6578560Z Uploaded bytes 125829120
build	Upload complete canonical site	2026-09-22T15:24:11.9695687Z Uploaded bytes 134217728
build	Upload complete canonical site	2026-09-22T15:24:12.2170625Z Uploaded bytes 142606336
build	Upload complete canonical site	2026-09-22T15:24:12.5704678Z Uploaded bytes 150994944
build	Upload complete canonical site	2026-09-22T15:24:12.8478468Z Uploaded bytes 159383552
build	Upload complete canonical site	2026-09-22T15:24:13.2063735Z Uploaded bytes 167772160
build	Upload complete canonical site	2026-09-22T15:24:13.5246989Z Uploaded bytes 176160768
build	Upload complete canonical site	2026-09-22T15:24:13.7922787Z Uploaded bytes 184549376
build	Upload complete canonical site	2026-09-22T15:24:14.0755020Z Uploaded bytes 192937984
build	Upload complete canonical site	2026-09-22T15:24:14.5719104Z Uploaded bytes 201326592
build	Upload complete canonical site	2026-09-22T15:24:14.6911683Z Uploaded bytes 209715200
build	Upload complete canonical site	2026-09-22T15:24:15.1148589Z Uploaded bytes 218103808
build	Upload complete canonical site	2026-09-22T15:24:15.3138567Z Uploaded bytes 226492416
build	Upload complete canonical site	2026-09-22T15:24:15.3623647Z Uploaded bytes 234881024
build	Upload complete canonical site	2026-09-22T15:24:15.5575103Z Uploaded bytes 243269632
build	Upload complete canonical site	2026-09-22T15:24:15.7938532Z Uploaded bytes 251658240
build	Upload complete canonical site	2026-09-22T15:24:16.0416003Z Uploaded bytes 260046848
build	Upload complete canonical site	2026-09-22T15:24:16.2887730Z Uploaded bytes 268435456
build	Upload complete canonical site	2026-09-22T15:24:16.5431965Z Uploaded bytes 276824064
build	Upload complete canonical site	2026-09-22T15:24:16.8579844Z Uploaded bytes 285212672
build	Upload complete canonical site	2026-09-22T15:24:17.1791867Z Uploaded bytes 293601280
build	Upload complete canonical site	2026-09-22T15:24:17.3661724Z Uploaded bytes 301989888
build	Upload complete canonical site	2026-09-22T15:24:17.6341342Z Uploaded bytes 310378496
build	Upload complete canonical site	2026-09-22T15:24:17.9379662Z Uploaded bytes 318767104
build	Upload complete canonical site	2026-09-22T15:24:18.2629778Z Uploaded bytes 327155712
build	Upload complete canonical site	2026-09-22T15:24:18.5497136Z Uploaded bytes 335544320
build	Upload complete canonical site	2026-09-22T15:24:18.7053956Z Uploaded bytes 343932928
build	Upload complete canonical site	2026-09-22T15:24:18.9789987Z Uploaded bytes 352321536
build	Upload complete canonical site	2026-09-22T15:24:19.2666574Z Uploaded bytes 360710144
build	Upload complete canonical site	2026-09-22T15:24:19.5875199Z Uploaded bytes 369098752
build	Upload complete canonical site	2026-09-22T15:24:19.7857412Z Uploaded bytes 377487360
build	Upload complete canonical site	2026-09-22T15:24:20.0921729Z Uploaded bytes 385875968
build	Upload complete canonical site	2026-09-22T15:24:20.3631568Z Uploaded bytes 394264576
build	Upload complete canonical site	2026-09-22T15:24:20.6531713Z Uploaded bytes 402653184
build	Upload complete canonical site	2026-09-22T15:24:21.0230619Z Uploaded bytes 411041792
build	Upload complete canonical site	2026-09-22T15:24:21.1891845Z Uploaded bytes 419430400
build	Upload complete canonical site	2026-09-22T15:24:21.4083914Z Uploaded bytes 427819008
build	Upload complete canonical site	2026-09-22T15:24:21.6531362Z Uploaded bytes 436207616
build	Upload complete canonical site	2026-09-22T15:24:21.9891924Z Uploaded bytes 444596224
build	Upload complete canonical site	2026-09-22T15:24:22.1581616Z Uploaded bytes 452984832
build	Upload complete canonical site	2026-09-22T15:24:22.5571765Z Uploaded bytes 461373440
build	Upload complete canonical site	2026-09-22T15:24:22.8622096Z Uploaded bytes 469762048
build	Upload complete canonical site	2026-09-22T15:24:23.1891930Z Uploaded bytes 478150656
build	Upload complete canonical site	2026-09-22T15:24:23.5321737Z Uploaded bytes 486539264
build	Upload complete canonical site	2026-09-22T15:24:23.8385274Z Uploaded bytes 494927872
build	Upload complete canonical site	2026-09-22T15:24:24.1385588Z Uploaded bytes 503316480
build	Upload complete canonical site	2026-09-22T15:24:24.4888941Z Uploaded bytes 511705088
build	Upload complete canonical site	2026-09-22T15:24:24.8490190Z Uploaded bytes 520093696
build	Upload complete canonical site	2026-09-22T15:24:25.1289891Z Uploaded bytes 528482304
build	Upload complete canonical site	2026-09-22T15:24:25.3369185Z Uploaded bytes 534143467
build	Upload complete canonical site	2026-09-22T15:24:25.4134191Z Finished uploading artifact content to blob storage!
build	Upload complete canonical site	2026-09-22T15:24:25.4137469Z SHA256 digest of uploaded artifact is 3bfdea5c7d5a42b1dbb2e3fdc5c93ee53361477fb7fb4de81cb2fc990842bb5d
build	Upload complete canonical site	2026-09-22T15:24:25.4139851Z Finalizing artifact upload
build	Upload complete canonical site	2026-09-22T15:24:25.8512438Z Artifact github-pages successfully finalized. Artifact ID 10702824809
build	Upload complete canonical site	2026-09-22T15:24:25.8513669Z Artifact github-pages has been successfully uploaded! Final size is 534143467 bytes. Artifact ID is 10702824809
build	Upload complete canonical site	2026-09-22T15:24:25.8520499Z Artifact download URL: https://github.com/mekhovov/revealline-archive-51/actions/runs/35747012670/artifacts/10702824809
build	Upload complete canonical site	2026-09-22T15:24:25.8655285Z ##[end-action id=__actions_upload-pages-artifact.upload-artifact;outcome=success;conclusion=success;duration_ms=18874]
build	Post Check out the reviewed bounded original-ZIP extractor	﻿2026-09-22T15:24:25.8771048Z Node 20 is being deprecated. This workflow is running with Node 24 by default. If you need to temporarily use Node 20, you can set the ACTIONS_ALLOW_USE_UNSECURE_NODE_VERSION=true environment variable. For more information see: https://github.blog/changelog/2025-09-19-deprecation-of-node-20-on-github-actions-runners/
build	Post Check out the reviewed bounded original-ZIP extractor	2026-09-22T15:24:25.8772339Z Post job cleanup.
build	Post Check out the reviewed bounded original-ZIP extractor	2026-09-22T15:24:25.9666245Z [command]/usr/bin/git version
build	Post Check out the reviewed bounded original-ZIP extractor	2026-09-22T15:24:25.9714535Z git version 2.55.0
build	Post Check out the reviewed bounded original-ZIP extractor	2026-09-22T15:24:25.9762240Z Temporarily overriding HOME='/home/runner/work/_temp/9d3bca8b-86bb-4132-951b-523464c79279' before making global git config changes
build	Post Check out the reviewed bounded original-ZIP extractor	2026-09-22T15:24:25.9763725Z Adding repository directory to the temporary git global config as a safe directory
build	Post Check out the reviewed bounded original-ZIP extractor	2026-09-22T15:24:25.9769352Z [command]/usr/bin/git config --global --add safe.directory /home/runner/work/revealline-archive-51/revealline-archive-51/source
build	Post Check out the reviewed bounded original-ZIP extractor	2026-09-22T15:24:25.9815116Z [command]/usr/bin/git config --local --name-only --get-regexp core\.sshCommand
build	Post Check out the reviewed bounded original-ZIP extractor	2026-09-22T15:24:25.9854483Z [command]/usr/bin/git submodule foreach --recursive sh -c "git config --local --name-only --get-regexp 'core\.sshCommand' && git config --local --unset-all 'core.sshCommand' || :"
build	Post Check out the reviewed bounded original-ZIP extractor	2026-09-22T15:24:26.0140725Z [command]/usr/bin/git config --local --name-only --get-regexp http\.https\:\/\/github\.com\/\.extraheader
build	Post Check out the reviewed bounded original-ZIP extractor	2026-09-22T15:24:26.0184157Z [command]/usr/bin/git submodule foreach --recursive sh -c "git config --local --name-only --get-regexp 'http\.https\:\/\/github\.com\/\.extraheader' && git config --local --unset-all 'http.https://github.com/.extraheader' || :"
build	Post Check out the reviewed bounded original-ZIP extractor	2026-09-22T15:24:26.0478833Z [command]/usr/bin/git config --local --name-only --get-regexp ^includeIf\.gitdir:
build	Post Check out the reviewed bounded original-ZIP extractor	2026-09-22T15:24:26.0523434Z [command]/usr/bin/git submodule foreach --recursive git config --local --show-origin --name-only --get-regexp remote.origin.url
build	Post Check out reviewed archive infrastructure	﻿2026-09-22T15:24:26.0992270Z Node 20 is being deprecated. This workflow is running with Node 24 by default. If you need to temporarily use Node 20, you can set the ACTIONS_ALLOW_USE_UNSECURE_NODE_VERSION=true environment variable. For more information see: https://github.blog/changelog/2025-09-19-deprecation-of-node-20-on-github-actions-runners/
build	Post Check out reviewed archive infrastructure	2026-09-22T15:24:26.0993546Z Post job cleanup.
build	Post Check out reviewed archive infrastructure	2026-09-22T15:24:26.1907997Z [command]/usr/bin/git version
build	Post Check out reviewed archive infrastructure	2026-09-22T15:24:26.1954201Z git version 2.55.0
build	Post Check out reviewed archive infrastructure	2026-09-22T15:24:26.1999410Z Temporarily overriding HOME='/home/runner/work/_temp/061724eb-1745-434f-ae09-9a2a8a41ba30' before making global git config changes
build	Post Check out reviewed archive infrastructure	2026-09-22T15:24:26.2001234Z Adding repository directory to the temporary git global config as a safe directory
build	Post Check out reviewed archive infrastructure	2026-09-22T15:24:26.2006547Z [command]/usr/bin/git config --global --add safe.directory /home/runner/work/revealline-archive-51/revealline-archive-51/archive
build	Post Check out reviewed archive infrastructure	2026-09-22T15:24:26.2056093Z [command]/usr/bin/git config --local --name-only --get-regexp core\.sshCommand
build	Post Check out reviewed archive infrastructure	2026-09-22T15:24:26.2108758Z [command]/usr/bin/git submodule foreach --recursive sh -c "git config --local --name-only --get-regexp 'core\.sshCommand' && git config --local --unset-all 'core.sshCommand' || :"
build	Post Check out reviewed archive infrastructure	2026-09-22T15:24:26.2383735Z [command]/usr/bin/git config --local --name-only --get-regexp http\.https\:\/\/github\.com\/\.extraheader
build	Post Check out reviewed archive infrastructure	2026-09-22T15:24:26.2431727Z [command]/usr/bin/git submodule foreach --recursive sh -c "git config --local --name-only --get-regexp 'http\.https\:\/\/github\.com\/\.extraheader' && git config --local --unset-all 'http.https://github.com/.extraheader' || :"
build	Post Check out reviewed archive infrastructure	2026-09-22T15:24:26.2710951Z [command]/usr/bin/git config --local --name-only --get-regexp ^includeIf\.gitdir:
build	Post Check out reviewed archive infrastructure	2026-09-22T15:24:26.2754907Z [command]/usr/bin/git submodule foreach --recursive git config --local --show-origin --name-only --get-regexp remote.origin.url
build	Complete job	﻿2026-09-22T15:24:26.3161682Z Cleaning up orphan processes
build	Complete job	2026-09-22T15:24:26.3557430Z ##[warning]Node.js 20 is deprecated. The following actions target Node.js 20 but are being forced to run on Node.js 24: actions/checkout@v4, actions/upload-artifact@ea165f8d65b6e75b540449e92b4886f43607fa02. For more information see: https://github.blog/changelog/2025-09-19-deprecation-of-node-20-on-github-actions-runners/
deploy	Set up job	﻿2026-09-22T15:24:35.6495855Z Current runner version: '2.337.0'
deploy	Set up job	2026-09-22T15:24:35.6521212Z ##[group]Runner Image Provisioner
deploy	Set up job	2026-09-22T15:24:35.6522122Z Hosted Compute Agent
deploy	Set up job	2026-09-22T15:24:35.6522886Z Version: 20260828.587
deploy	Set up job	2026-09-22T15:24:35.6523575Z Commit: abac92662cab4cc7352de4f9f9d2e2419aad9c29
deploy	Set up job	2026-09-22T15:24:35.6524422Z Build Date: 2026-08-28T16:44:25Z
deploy	Set up job	2026-09-22T15:24:35.6525162Z Worker ID: {d41f8c61-3b05-4aa8-8b4f-1153a9468889}
deploy	Set up job	2026-09-22T15:24:35.6525929Z Azure Region: westus
deploy	Set up job	2026-09-22T15:24:35.6526609Z ##[endgroup]
deploy	Set up job	2026-09-22T15:24:35.6528425Z ##[group]Operating System
deploy	Set up job	2026-09-22T15:24:35.6529122Z Ubuntu
deploy	Set up job	2026-09-22T15:24:35.6529785Z 24.04.5
deploy	Set up job	2026-09-22T15:24:35.6530334Z LTS
deploy	Set up job	2026-09-22T15:24:35.6530944Z ##[endgroup]
deploy	Set up job	2026-09-22T15:24:35.6531546Z ##[group]Runner Image
deploy	Set up job	2026-09-22T15:24:35.6532198Z Image: ubuntu-24.04
deploy	Set up job	2026-09-22T15:24:35.6532868Z Version: 20260907.300.1
deploy	Set up job	2026-09-22T15:24:35.6533973Z Included Software: https://github.com/actions/runner-images/blob/ubuntu24/20260907.300/images/ubuntu/Ubuntu2404-Readme.md
deploy	Set up job	2026-09-22T15:24:35.6535837Z Image Release: https://github.com/actions/runner-images/releases/tag/ubuntu24%2F20260907.300
deploy	Set up job	2026-09-22T15:24:35.6536833Z ##[endgroup]
deploy	Set up job	2026-09-22T15:24:35.6537998Z ##[group]GITHUB_TOKEN Permissions
deploy	Set up job	2026-09-22T15:24:35.6540269Z Metadata: read
deploy	Set up job	2026-09-22T15:24:35.6541040Z Pages: write
deploy	Set up job	2026-09-22T15:24:35.6541628Z ##[endgroup]
deploy	Set up job	2026-09-22T15:24:35.6543722Z Secret source: Actions
deploy	Set up job	2026-09-22T15:24:35.6544824Z Cache mode: write
deploy	Set up job	2026-09-22T15:24:35.6546138Z Prepare workflow directory
deploy	Set up job	2026-09-22T15:24:35.6915230Z Prepare all required actions
deploy	Set up job	2026-09-22T15:24:35.6989904Z Getting action download info
deploy	Set up job	2026-09-22T15:24:36.0671114Z Download action repository 'actions/deploy-pages@v4' (SHA:d6db90164ac5ed86f2b6aed7e0febac5b3c0c03e)
deploy	Set up job	2026-09-22T15:24:36.6903795Z Complete job name: deploy
deploy	Deploy archive 51 in its own repository	﻿2026-09-22T15:24:36.7685835Z Node 20 is being deprecated. This workflow is running with Node 24 by default. If you need to temporarily use Node 20, you can set the ACTIONS_ALLOW_USE_UNSECURE_NODE_VERSION=true environment variable. For more information see: https://github.blog/changelog/2025-09-19-deprecation-of-node-20-on-github-actions-runners/
deploy	Deploy archive 51 in its own repository	2026-09-22T15:24:36.7694857Z ##[group]Run actions/deploy-pages@v4
deploy	Deploy archive 51 in its own repository	2026-09-22T15:24:36.7695672Z with:
deploy	Deploy archive 51 in its own repository	2026-09-22T15:24:36.7699787Z   token: ***
deploy	Deploy archive 51 in its own repository	2026-09-22T15:24:36.7700246Z   timeout: 600000
deploy	Deploy archive 51 in its own repository	2026-09-22T15:24:36.7700723Z   error_count: 10
deploy	Deploy archive 51 in its own repository	2026-09-22T15:24:36.7701191Z   reporting_interval: 5000
deploy	Deploy archive 51 in its own repository	2026-09-22T15:24:36.7701729Z   artifact_name: github-pages
deploy	Deploy archive 51 in its own repository	2026-09-22T15:24:36.7702260Z   preview: false
deploy	Deploy archive 51 in its own repository	2026-09-22T15:24:36.7702964Z ##[endgroup]
deploy	Deploy archive 51 in its own repository	2026-09-22T15:24:36.9607039Z (node:2129) [DEP0040] DeprecationWarning: The `punycode` module is deprecated. Please use a userland alternative instead.
deploy	Deploy archive 51 in its own repository	2026-09-22T15:24:36.9608840Z (Use `node --trace-deprecation ...` to show where the warning was created)
deploy	Deploy archive 51 in its own repository	2026-09-22T15:24:37.2159983Z Fetching artifact metadata for "github-pages" in this workflow run
deploy	Deploy archive 51 in its own repository	2026-09-22T15:24:37.5025890Z Found 2 artifact(s)
deploy	Deploy archive 51 in its own repository	2026-09-22T15:24:37.5039050Z Creating Pages deployment with payload:
deploy	Deploy archive 51 in its own repository	2026-09-22T15:24:37.5040839Z {
deploy	Deploy archive 51 in its own repository	2026-09-22T15:24:37.5042037Z 	"artifact_id": 10702824809,
deploy	Deploy archive 51 in its own repository	2026-09-22T15:24:37.5043380Z 	"pages_build_version": "8bf0ed6c3947ca8c47ad2d9246db3e57acd986cf",
deploy	Deploy archive 51 in its own repository	2026-09-22T15:24:37.5178966Z 	"oidc_token": "***"
deploy	Deploy archive 51 in its own repository	2026-09-22T15:24:37.5180057Z }
deploy	Deploy archive 51 in its own repository	2026-09-22T15:24:38.3736829Z Created deployment for 8bf0ed6c3947ca8c47ad2d9246db3e57acd986cf, ID: 8bf0ed6c3947ca8c47ad2d9246db3e57acd986cf
deploy	Deploy archive 51 in its own repository	2026-09-22T15:24:43.3751832Z Getting Pages deployment status...
deploy	Deploy archive 51 in its own repository	2026-09-22T15:24:43.6804153Z Current status: deployment_in_progress
deploy	Deploy archive 51 in its own repository	2026-09-22T15:24:48.6815304Z Getting Pages deployment status...
deploy	Deploy archive 51 in its own repository	2026-09-22T15:24:48.9497439Z Current status: syncing_files
deploy	Deploy archive 51 in its own repository	2026-09-22T15:24:53.9502468Z Getting Pages deployment status...
deploy	Deploy archive 51 in its own repository	2026-09-22T15:24:54.3080616Z Current status: updating_pages
deploy	Deploy archive 51 in its own repository	2026-09-22T15:24:59.3094543Z Getting Pages deployment status...
deploy	Deploy archive 51 in its own repository	2026-09-22T15:24:59.5757797Z Current status: updating_pages
deploy	Deploy archive 51 in its own repository	2026-09-22T15:25:04.5759797Z Getting Pages deployment status...
deploy	Deploy archive 51 in its own repository	2026-09-22T15:25:04.8379346Z Current status: updating_pages
deploy	Deploy archive 51 in its own repository	2026-09-22T15:25:09.8384838Z Getting Pages deployment status...
deploy	Deploy archive 51 in its own repository	2026-09-22T15:25:10.0874452Z Current status: updating_pages
deploy	Deploy archive 51 in its own repository	2026-09-22T15:25:15.0886217Z Getting Pages deployment status...
deploy	Deploy archive 51 in its own repository	2026-09-22T15:25:15.3454091Z Current status: updating_pages
deploy	Deploy archive 51 in its own repository	2026-09-22T15:25:20.3462835Z Getting Pages deployment status...
deploy	Deploy archive 51 in its own repository	2026-09-22T15:25:20.6643701Z Current status: updating_pages
deploy	Deploy archive 51 in its own repository	2026-09-22T15:25:25.6653250Z Getting Pages deployment status...
deploy	Deploy archive 51 in its own repository	2026-09-22T15:25:25.9493671Z Current status: updating_pages
deploy	Deploy archive 51 in its own repository	2026-09-22T15:25:30.9502423Z Getting Pages deployment status...
deploy	Deploy archive 51 in its own repository	2026-09-22T15:25:31.2151198Z Current status: updating_pages
deploy	Deploy archive 51 in its own repository	2026-09-22T15:25:36.2157744Z Getting Pages deployment status...
deploy	Deploy archive 51 in its own repository	2026-09-22T15:25:36.4975995Z Current status: updating_pages
deploy	Deploy archive 51 in its own repository	2026-09-22T15:25:41.4983452Z Getting Pages deployment status...
deploy	Deploy archive 51 in its own repository	2026-09-22T15:25:41.7539072Z Current status: updating_pages
deploy	Deploy archive 51 in its own repository	2026-09-22T15:25:46.7536278Z Getting Pages deployment status...
deploy	Deploy archive 51 in its own repository	2026-09-22T15:25:47.0416753Z Current status: updating_pages
deploy	Deploy archive 51 in its own repository	2026-09-22T15:25:52.0424191Z Getting Pages deployment status...
deploy	Deploy archive 51 in its own repository	2026-09-22T15:25:52.2867566Z Current status: updating_pages
deploy	Deploy archive 51 in its own repository	2026-09-22T15:25:57.2872599Z Getting Pages deployment status...
deploy	Deploy archive 51 in its own repository	2026-09-22T15:25:57.5465037Z Current status: updating_pages
deploy	Deploy archive 51 in its own repository	2026-09-22T15:26:02.5472614Z Getting Pages deployment status...
deploy	Deploy archive 51 in its own repository	2026-09-22T15:26:02.7934743Z Current status: updating_pages
deploy	Deploy archive 51 in its own repository	2026-09-22T15:26:07.7942013Z Getting Pages deployment status...
deploy	Deploy archive 51 in its own repository	2026-09-22T15:26:08.0812366Z Current status: updating_pages
deploy	Deploy archive 51 in its own repository	2026-09-22T15:26:13.0820634Z Getting Pages deployment status...
deploy	Deploy archive 51 in its own repository	2026-09-22T15:26:13.3203268Z Current status: updating_pages
deploy	Deploy archive 51 in its own repository	2026-09-22T15:26:18.3209512Z Getting Pages deployment status...
deploy	Deploy archive 51 in its own repository	2026-09-22T15:26:18.5821892Z Current status: updating_pages
deploy	Deploy archive 51 in its own repository	2026-09-22T15:26:23.5827347Z Getting Pages deployment status...
deploy	Deploy archive 51 in its own repository	2026-09-22T15:26:23.8466469Z Current status: updating_pages
deploy	Deploy archive 51 in its own repository	2026-09-22T15:26:28.8472989Z Getting Pages deployment status...
deploy	Deploy archive 51 in its own repository	2026-09-22T15:26:29.1076282Z Current status: updating_pages
deploy	Deploy archive 51 in its own repository	2026-09-22T15:26:34.1086583Z Getting Pages deployment status...
deploy	Deploy archive 51 in its own repository	2026-09-22T15:26:34.4016731Z Current status: updating_pages
deploy	Deploy archive 51 in its own repository	2026-09-22T15:26:39.4025625Z Getting Pages deployment status...
deploy	Deploy archive 51 in its own repository	2026-09-22T15:26:39.6517259Z Current status: updating_pages
deploy	Deploy archive 51 in its own repository	2026-09-22T15:26:44.6524835Z Getting Pages deployment status...
deploy	Deploy archive 51 in its own repository	2026-09-22T15:26:44.9716836Z Current status: updating_pages
deploy	Deploy archive 51 in its own repository	2026-09-22T15:26:49.9722100Z Getting Pages deployment status...
deploy	Deploy archive 51 in its own repository	2026-09-22T15:26:50.2730993Z Current status: updating_pages
deploy	Deploy archive 51 in its own repository	2026-09-22T15:26:55.2740843Z Getting Pages deployment status...
deploy	Deploy archive 51 in its own repository	2026-09-22T15:26:55.5782200Z Current status: updating_pages
deploy	Deploy archive 51 in its own repository	2026-09-22T15:27:00.5788605Z Getting Pages deployment status...
deploy	Deploy archive 51 in its own repository	2026-09-22T15:27:00.8782886Z Current status: updating_pages
deploy	Deploy archive 51 in its own repository	2026-09-22T15:27:05.8788608Z Getting Pages deployment status...
deploy	Deploy archive 51 in its own repository	2026-09-22T15:27:06.1469532Z Current status: updating_pages
deploy	Deploy archive 51 in its own repository	2026-09-22T15:27:11.1475155Z Getting Pages deployment status...
deploy	Deploy archive 51 in its own repository	2026-09-22T15:27:11.4454346Z Current status: updating_pages
deploy	Deploy archive 51 in its own repository	2026-09-22T15:27:16.4460620Z Getting Pages deployment status...
deploy	Deploy archive 51 in its own repository	2026-09-22T15:27:16.7447890Z Current status: updating_pages
deploy	Deploy archive 51 in its own repository	2026-09-22T15:27:21.7444415Z Getting Pages deployment status...
deploy	Deploy archive 51 in its own repository	2026-09-22T15:27:22.0218548Z Reported success!
deploy	Complete job	﻿2026-09-22T15:27:22.0493124Z Evaluate and set environment url
deploy	Complete job	2026-09-22T15:27:22.0498476Z Evaluated environment url: https://mekhovov.github.io/revealline-archive-51/
deploy	Complete job	2026-09-22T15:27:22.0499769Z Cleaning up orphan processes
deploy	Complete job	2026-09-22T15:27:22.0796884Z ##[warning]Node.js 20 is deprecated. The following actions target Node.js 20 but are being forced to run on Node.js 24: actions/deploy-pages@v4. For more information see: https://github.blog/changelog/2025-09-19-deprecation-of-node-20-on-github-actions-runners/
