build	Set up job	﻿2026-09-22T14:14:17.2508985Z Current runner version: '2.337.0'
build	Set up job	2026-09-22T14:14:17.2526316Z ##[group]Runner Image Provisioner
build	Set up job	2026-09-22T14:14:17.2526936Z Hosted Compute Agent
build	Set up job	2026-09-22T14:14:17.2527496Z Version: 20260828.587
build	Set up job	2026-09-22T14:14:17.2527888Z Commit: abac92662cab4cc7352de4f9f9d2e2419aad9c29
build	Set up job	2026-09-22T14:14:17.2528560Z Build Date: 2026-08-28T16:44:25Z
build	Set up job	2026-09-22T14:14:17.2528993Z Worker ID: {a4f46d78-aa3c-4885-8e87-866155506f79}
build	Set up job	2026-09-22T14:14:17.2529402Z Azure Region: westus3
build	Set up job	2026-09-22T14:14:17.2529792Z ##[endgroup]
build	Set up job	2026-09-22T14:14:17.2530581Z ##[group]Operating System
build	Set up job	2026-09-22T14:14:17.2530960Z Ubuntu
build	Set up job	2026-09-22T14:14:17.2531305Z 24.04.5
build	Set up job	2026-09-22T14:14:17.2531601Z LTS
build	Set up job	2026-09-22T14:14:17.2531933Z ##[endgroup]
build	Set up job	2026-09-22T14:14:17.2532254Z ##[group]Runner Image
build	Set up job	2026-09-22T14:14:17.2532593Z Image: ubuntu-24.04
build	Set up job	2026-09-22T14:14:17.2532993Z Version: 20260907.300.1
build	Set up job	2026-09-22T14:14:17.2533596Z Included Software: https://github.com/actions/runner-images/blob/ubuntu24/20260907.300/images/ubuntu/Ubuntu2404-Readme.md
build	Set up job	2026-09-22T14:14:17.2534567Z Image Release: https://github.com/actions/runner-images/releases/tag/ubuntu24%2F20260907.300
build	Set up job	2026-09-22T14:14:17.2535100Z ##[endgroup]
build	Set up job	2026-09-22T14:14:17.2535805Z ##[group]GITHUB_TOKEN Permissions
build	Set up job	2026-09-22T14:14:17.2537062Z Contents: read
build	Set up job	2026-09-22T14:14:17.2537594Z Metadata: read
build	Set up job	2026-09-22T14:14:17.2537933Z ##[endgroup]
build	Set up job	2026-09-22T14:14:17.2539245Z Secret source: Actions
build	Set up job	2026-09-22T14:14:17.2539760Z Cache mode: write
build	Set up job	2026-09-22T14:14:17.2540202Z Prepare workflow directory
build	Set up job	2026-09-22T14:14:17.3396957Z Prepare all required actions
build	Set up job	2026-09-22T14:14:17.3426400Z Getting action download info
build	Set up job	2026-09-22T14:14:17.6747333Z Download action repository 'actions/checkout@v4' (SHA:11d5960a326750d5838078e36cf38b85af677262)
build	Set up job	2026-09-22T14:14:17.8895153Z Download action repository 'actions/upload-artifact@ea165f8d65b6e75b540449e92b4886f43607fa02' (SHA:ea165f8d65b6e75b540449e92b4886f43607fa02)
build	Set up job	2026-09-22T14:14:18.4175632Z Download action repository 'actions/upload-pages-artifact@fc324d3547104276b827a68afc52ff2a11cc49c9' (SHA:fc324d3547104276b827a68afc52ff2a11cc49c9)
build	Set up job	2026-09-22T14:14:18.8713741Z Getting action download info
build	Set up job	2026-09-22T14:14:18.9960369Z Download action repository 'actions/upload-artifact@bbbca2ddaa5d8feaa63e36b76fdaad77386f024f' (SHA:bbbca2ddaa5d8feaa63e36b76fdaad77386f024f)
build	Set up job	2026-09-22T14:14:19.3076363Z Complete job name: build
build	Check out reviewed archive infrastructure	﻿2026-09-22T14:14:19.3630855Z Node 20 is being deprecated. This workflow is running with Node 24 by default. If you need to temporarily use Node 20, you can set the ACTIONS_ALLOW_USE_UNSECURE_NODE_VERSION=true environment variable. For more information see: https://github.blog/changelog/2025-09-19-deprecation-of-node-20-on-github-actions-runners/
build	Check out reviewed archive infrastructure	2026-09-22T14:14:19.3637778Z ##[group]Run actions/checkout@v4
build	Check out reviewed archive infrastructure	2026-09-22T14:14:19.3638470Z with:
build	Check out reviewed archive infrastructure	2026-09-22T14:14:19.3638946Z   path: archive
build	Check out reviewed archive infrastructure	2026-09-22T14:14:19.3639469Z   persist-credentials: false
build	Check out reviewed archive infrastructure	2026-09-22T14:14:19.3640106Z   repository: mekhovov/revealline-archive-50
build	Check out reviewed archive infrastructure	2026-09-22T14:14:19.3645014Z   token: ***
build	Check out reviewed archive infrastructure	2026-09-22T14:14:19.3645535Z   ssh-strict: true
build	Check out reviewed archive infrastructure	2026-09-22T14:14:19.3646043Z   ssh-user: git
build	Check out reviewed archive infrastructure	2026-09-22T14:14:19.3646534Z   clean: true
build	Check out reviewed archive infrastructure	2026-09-22T14:14:19.3647061Z   sparse-checkout-cone-mode: true
build	Check out reviewed archive infrastructure	2026-09-22T14:14:19.3647762Z   fetch-depth: 1
build	Check out reviewed archive infrastructure	2026-09-22T14:14:19.3648269Z   fetch-tags: false
build	Check out reviewed archive infrastructure	2026-09-22T14:14:19.3648783Z   show-progress: true
build	Check out reviewed archive infrastructure	2026-09-22T14:14:19.3649303Z   lfs: false
build	Check out reviewed archive infrastructure	2026-09-22T14:14:19.3649802Z   submodules: false
build	Check out reviewed archive infrastructure	2026-09-22T14:14:19.3650331Z   set-safe-directory: true
build	Check out reviewed archive infrastructure	2026-09-22T14:14:19.3650930Z   allow-unsafe-pr-checkout: false
build	Check out reviewed archive infrastructure	2026-09-22T14:14:19.3651602Z ##[endgroup]
build	Check out reviewed archive infrastructure	2026-09-22T14:14:19.4292160Z Syncing repository: mekhovov/revealline-archive-50
build	Check out reviewed archive infrastructure	2026-09-22T14:14:19.4294492Z ##[group]Getting Git version info
build	Check out reviewed archive infrastructure	2026-09-22T14:14:19.4296027Z Working directory is '/home/runner/work/revealline-archive-50/revealline-archive-50/archive'
build	Check out reviewed archive infrastructure	2026-09-22T14:14:19.4298282Z [command]/usr/bin/git version
build	Check out reviewed archive infrastructure	2026-09-22T14:14:19.4367887Z git version 2.55.0
build	Check out reviewed archive infrastructure	2026-09-22T14:14:19.4381366Z ##[endgroup]
build	Check out reviewed archive infrastructure	2026-09-22T14:14:19.4390658Z Temporarily overriding HOME='/home/runner/work/_temp/bea71c8a-3c9a-4e89-ab52-18dbd9fbb27d' before making global git config changes
build	Check out reviewed archive infrastructure	2026-09-22T14:14:19.4393266Z Adding repository directory to the temporary git global config as a safe directory
build	Check out reviewed archive infrastructure	2026-09-22T14:14:19.4395717Z [command]/usr/bin/git config --global --add safe.directory /home/runner/work/revealline-archive-50/revealline-archive-50/archive
build	Check out reviewed archive infrastructure	2026-09-22T14:14:19.4480008Z ##[group]Initializing the repository
build	Check out reviewed archive infrastructure	2026-09-22T14:14:19.4482184Z [command]/usr/bin/git init /home/runner/work/revealline-archive-50/revealline-archive-50/archive
build	Check out reviewed archive infrastructure	2026-09-22T14:14:19.4789442Z hint: Using 'master' as the name for the initial branch. This default branch name
build	Check out reviewed archive infrastructure	2026-09-22T14:14:19.4791382Z hint: will change to "main" in Git 3.0. To configure the initial branch name
build	Check out reviewed archive infrastructure	2026-09-22T14:14:19.4793486Z hint: to use in all of your new repositories, which will suppress this warning,
build	Check out reviewed archive infrastructure	2026-09-22T14:14:19.4794808Z hint: call:
build	Check out reviewed archive infrastructure	2026-09-22T14:14:19.4795525Z hint:
build	Check out reviewed archive infrastructure	2026-09-22T14:14:19.4796533Z hint: 	git config --global init.defaultBranch <name>
build	Check out reviewed archive infrastructure	2026-09-22T14:14:19.4797733Z hint:
build	Check out reviewed archive infrastructure	2026-09-22T14:14:19.4798757Z hint: Names commonly chosen instead of 'master' are 'main', 'trunk' and
build	Check out reviewed archive infrastructure	2026-09-22T14:14:19.4800413Z hint: 'development'. The just-created branch can be renamed via this command:
build	Check out reviewed archive infrastructure	2026-09-22T14:14:19.4801727Z hint:
build	Check out reviewed archive infrastructure	2026-09-22T14:14:19.4802568Z hint: 	git branch -m <name>
build	Check out reviewed archive infrastructure	2026-09-22T14:14:19.4803487Z hint:
build	Check out reviewed archive infrastructure	2026-09-22T14:14:19.4804598Z hint: Disable this message with "git config set advice.defaultBranchName false"
build	Check out reviewed archive infrastructure	2026-09-22T14:14:19.4806918Z Initialized empty Git repository in /home/runner/work/revealline-archive-50/revealline-archive-50/archive/.git/
build	Check out reviewed archive infrastructure	2026-09-22T14:14:19.4810735Z [command]/usr/bin/git remote add origin https://github.com/mekhovov/revealline-archive-50
build	Check out reviewed archive infrastructure	2026-09-22T14:14:19.4978042Z ##[endgroup]
build	Check out reviewed archive infrastructure	2026-09-22T14:14:19.4979515Z ##[group]Disabling automatic garbage collection
build	Check out reviewed archive infrastructure	2026-09-22T14:14:19.4981641Z [command]/usr/bin/git config --local gc.auto 0
build	Check out reviewed archive infrastructure	2026-09-22T14:14:19.5095086Z ##[endgroup]
build	Check out reviewed archive infrastructure	2026-09-22T14:14:19.5096348Z ##[group]Setting up auth
build	Check out reviewed archive infrastructure	2026-09-22T14:14:19.5100175Z [command]/usr/bin/git config --local --name-only --get-regexp core\.sshCommand
build	Check out reviewed archive infrastructure	2026-09-22T14:14:19.5126567Z [command]/usr/bin/git submodule foreach --recursive sh -c "git config --local --name-only --get-regexp 'core\.sshCommand' && git config --local --unset-all 'core.sshCommand' || :"
build	Check out reviewed archive infrastructure	2026-09-22T14:14:19.5408586Z [command]/usr/bin/git config --local --name-only --get-regexp http\.https\:\/\/github\.com\/\.extraheader
build	Check out reviewed archive infrastructure	2026-09-22T14:14:19.5434093Z [command]/usr/bin/git submodule foreach --recursive sh -c "git config --local --name-only --get-regexp 'http\.https\:\/\/github\.com\/\.extraheader' && git config --local --unset-all 'http.https://github.com/.extraheader' || :"
build	Check out reviewed archive infrastructure	2026-09-22T14:14:19.5657930Z [command]/usr/bin/git config --local --name-only --get-regexp ^includeIf\.gitdir:
build	Check out reviewed archive infrastructure	2026-09-22T14:14:19.5798795Z [command]/usr/bin/git submodule foreach --recursive git config --local --show-origin --name-only --get-regexp remote.origin.url
build	Check out reviewed archive infrastructure	2026-09-22T14:14:19.5805142Z [command]/usr/bin/git config --local http.https://github.com/.extraheader AUTHORIZATION: basic ***
build	Check out reviewed archive infrastructure	2026-09-22T14:14:19.6077872Z ##[endgroup]
build	Check out reviewed archive infrastructure	2026-09-22T14:14:19.6084638Z ##[group]Fetching the repository
build	Check out reviewed archive infrastructure	2026-09-22T14:14:19.6086985Z [command]/usr/bin/git -c protocol.version=2 fetch --no-tags --prune --no-recurse-submodules --depth=1 origin +b1f11e438e112ea09c3bec77cb10e0b2d68e658d:refs/remotes/origin/main
build	Check out reviewed archive infrastructure	2026-09-22T14:14:20.1256819Z From https://github.com/mekhovov/revealline-archive-50
build	Check out reviewed archive infrastructure	2026-09-22T14:14:20.1257498Z  * [new ref]         b1f11e438e112ea09c3bec77cb10e0b2d68e658d -> origin/main
build	Check out reviewed archive infrastructure	2026-09-22T14:14:20.1260868Z ##[endgroup]
build	Check out reviewed archive infrastructure	2026-09-22T14:14:20.1261205Z ##[group]Determining the checkout info
build	Check out reviewed archive infrastructure	2026-09-22T14:14:20.1262710Z ##[endgroup]
build	Check out reviewed archive infrastructure	2026-09-22T14:14:20.1267324Z [command]/usr/bin/git sparse-checkout disable
build	Check out reviewed archive infrastructure	2026-09-22T14:14:20.1899752Z [command]/usr/bin/git config --local --unset-all extensions.worktreeConfig
build	Check out reviewed archive infrastructure	2026-09-22T14:14:20.2103698Z ##[group]Checking out the ref
build	Check out reviewed archive infrastructure	2026-09-22T14:14:20.2106796Z [command]/usr/bin/git checkout --progress --force -B main refs/remotes/origin/main
build	Check out reviewed archive infrastructure	2026-09-22T14:14:20.2716781Z Switched to a new branch 'main'
build	Check out reviewed archive infrastructure	2026-09-22T14:14:20.2721588Z branch 'main' set up to track 'origin/main'.
build	Check out reviewed archive infrastructure	2026-09-22T14:14:20.2724203Z ##[endgroup]
build	Check out reviewed archive infrastructure	2026-09-22T14:14:20.2755737Z [command]/usr/bin/git log -1 --format=%H
build	Check out reviewed archive infrastructure	2026-09-22T14:14:20.2776159Z b1f11e438e112ea09c3bec77cb10e0b2d68e658d
build	Check out reviewed archive infrastructure	2026-09-22T14:14:20.2782441Z ##[group]Removing auth
build	Check out reviewed archive infrastructure	2026-09-22T14:14:20.2784570Z [command]/usr/bin/git config --local --name-only --get-regexp core\.sshCommand
build	Check out reviewed archive infrastructure	2026-09-22T14:14:20.2810034Z [command]/usr/bin/git submodule foreach --recursive sh -c "git config --local --name-only --get-regexp 'core\.sshCommand' && git config --local --unset-all 'core.sshCommand' || :"
build	Check out reviewed archive infrastructure	2026-09-22T14:14:20.2974081Z [command]/usr/bin/git config --local --name-only --get-regexp http\.https\:\/\/github\.com\/\.extraheader
build	Check out reviewed archive infrastructure	2026-09-22T14:14:20.2997608Z http.https://github.com/.extraheader
build	Check out reviewed archive infrastructure	2026-09-22T14:14:20.3001686Z [command]/usr/bin/git config --local --unset-all http.https://github.com/.extraheader
build	Check out reviewed archive infrastructure	2026-09-22T14:14:20.3028428Z [command]/usr/bin/git submodule foreach --recursive sh -c "git config --local --name-only --get-regexp 'http\.https\:\/\/github\.com\/\.extraheader' && git config --local --unset-all 'http.https://github.com/.extraheader' || :"
build	Check out reviewed archive infrastructure	2026-09-22T14:14:20.3201828Z [command]/usr/bin/git config --local --name-only --get-regexp ^includeIf\.gitdir:
build	Check out reviewed archive infrastructure	2026-09-22T14:14:20.3226506Z [command]/usr/bin/git submodule foreach --recursive git config --local --show-origin --name-only --get-regexp remote.origin.url
build	Check out reviewed archive infrastructure	2026-09-22T14:14:20.3399340Z ##[endgroup]
build	Check out the reviewed bounded original-ZIP extractor	﻿2026-09-22T14:14:20.3576428Z Node 20 is being deprecated. This workflow is running with Node 24 by default. If you need to temporarily use Node 20, you can set the ACTIONS_ALLOW_USE_UNSECURE_NODE_VERSION=true environment variable. For more information see: https://github.blog/changelog/2025-09-19-deprecation-of-node-20-on-github-actions-runners/
build	Check out the reviewed bounded original-ZIP extractor	2026-09-22T14:14:20.3577316Z ##[group]Run actions/checkout@v4
build	Check out the reviewed bounded original-ZIP extractor	2026-09-22T14:14:20.3577589Z with:
build	Check out the reviewed bounded original-ZIP extractor	2026-09-22T14:14:20.3577716Z   repository: mekhovov/revealline
build	Check out the reviewed bounded original-ZIP extractor	2026-09-22T14:14:20.3577875Z   ref: 30530b3436a1a9737be93f67f308587f89b2f8bc
build	Check out the reviewed bounded original-ZIP extractor	2026-09-22T14:14:20.3578056Z   fetch-depth: 1
build	Check out the reviewed bounded original-ZIP extractor	2026-09-22T14:14:20.3578196Z   path: source
build	Check out the reviewed bounded original-ZIP extractor	2026-09-22T14:14:20.3578316Z   persist-credentials: false
build	Check out the reviewed bounded original-ZIP extractor	2026-09-22T14:14:20.3578605Z   sparse-checkout: publishing/pages-controller/extract-current.py
build	Check out the reviewed bounded original-ZIP extractor	publishing/pages-controller/test_extract_current.py
build	Check out the reviewed bounded original-ZIP extractor	
build	Check out the reviewed bounded original-ZIP extractor	2026-09-22T14:14:20.3578932Z   sparse-checkout-cone-mode: false
build	Check out the reviewed bounded original-ZIP extractor	2026-09-22T14:14:20.3580612Z   token: ***
build	Check out the reviewed bounded original-ZIP extractor	2026-09-22T14:14:20.3580727Z   ssh-strict: true
build	Check out the reviewed bounded original-ZIP extractor	2026-09-22T14:14:20.3580866Z   ssh-user: git
build	Check out the reviewed bounded original-ZIP extractor	2026-09-22T14:14:20.3580977Z   clean: true
build	Check out the reviewed bounded original-ZIP extractor	2026-09-22T14:14:20.3581086Z   fetch-tags: false
build	Check out the reviewed bounded original-ZIP extractor	2026-09-22T14:14:20.3581204Z   show-progress: true
build	Check out the reviewed bounded original-ZIP extractor	2026-09-22T14:14:20.3581321Z   lfs: false
build	Check out the reviewed bounded original-ZIP extractor	2026-09-22T14:14:20.3581427Z   submodules: false
build	Check out the reviewed bounded original-ZIP extractor	2026-09-22T14:14:20.3581550Z   set-safe-directory: true
build	Check out the reviewed bounded original-ZIP extractor	2026-09-22T14:14:20.3581694Z   allow-unsafe-pr-checkout: false
build	Check out the reviewed bounded original-ZIP extractor	2026-09-22T14:14:20.3581841Z ##[endgroup]
build	Check out the reviewed bounded original-ZIP extractor	2026-09-22T14:14:20.4123749Z Syncing repository: mekhovov/revealline
build	Check out the reviewed bounded original-ZIP extractor	2026-09-22T14:14:20.4124540Z ##[group]Getting Git version info
build	Check out the reviewed bounded original-ZIP extractor	2026-09-22T14:14:20.4124944Z Working directory is '/home/runner/work/revealline-archive-50/revealline-archive-50/source'
build	Check out the reviewed bounded original-ZIP extractor	2026-09-22T14:14:20.4140002Z [command]/usr/bin/git version
build	Check out the reviewed bounded original-ZIP extractor	2026-09-22T14:14:20.4169514Z git version 2.55.0
build	Check out the reviewed bounded original-ZIP extractor	2026-09-22T14:14:20.4180394Z ##[endgroup]
build	Check out the reviewed bounded original-ZIP extractor	2026-09-22T14:14:20.4188659Z Temporarily overriding HOME='/home/runner/work/_temp/40ce00ac-b1f8-492e-af7e-9489040a3b11' before making global git config changes
build	Check out the reviewed bounded original-ZIP extractor	2026-09-22T14:14:20.4189381Z Adding repository directory to the temporary git global config as a safe directory
build	Check out the reviewed bounded original-ZIP extractor	2026-09-22T14:14:20.4191642Z [command]/usr/bin/git config --global --add safe.directory /home/runner/work/revealline-archive-50/revealline-archive-50/source
build	Check out the reviewed bounded original-ZIP extractor	2026-09-22T14:14:20.4218061Z ##[group]Initializing the repository
build	Check out the reviewed bounded original-ZIP extractor	2026-09-22T14:14:20.4220730Z [command]/usr/bin/git init /home/runner/work/revealline-archive-50/revealline-archive-50/source
build	Check out the reviewed bounded original-ZIP extractor	2026-09-22T14:14:20.4252201Z hint: Using 'master' as the name for the initial branch. This default branch name
build	Check out the reviewed bounded original-ZIP extractor	2026-09-22T14:14:20.4252815Z hint: will change to "main" in Git 3.0. To configure the initial branch name
build	Check out the reviewed bounded original-ZIP extractor	2026-09-22T14:14:20.4253423Z hint: to use in all of your new repositories, which will suppress this warning,
build	Check out the reviewed bounded original-ZIP extractor	2026-09-22T14:14:20.4253909Z hint: call:
build	Check out the reviewed bounded original-ZIP extractor	2026-09-22T14:14:20.4254242Z hint:
build	Check out the reviewed bounded original-ZIP extractor	2026-09-22T14:14:20.4254614Z hint: 	git config --global init.defaultBranch <name>
build	Check out the reviewed bounded original-ZIP extractor	2026-09-22T14:14:20.4255007Z hint:
build	Check out the reviewed bounded original-ZIP extractor	2026-09-22T14:14:20.4255415Z hint: Names commonly chosen instead of 'master' are 'main', 'trunk' and
build	Check out the reviewed bounded original-ZIP extractor	2026-09-22T14:14:20.4256229Z hint: 'development'. The just-created branch can be renamed via this command:
build	Check out the reviewed bounded original-ZIP extractor	2026-09-22T14:14:20.4256695Z hint:
build	Check out the reviewed bounded original-ZIP extractor	2026-09-22T14:14:20.4257004Z hint: 	git branch -m <name>
build	Check out the reviewed bounded original-ZIP extractor	2026-09-22T14:14:20.4257332Z hint:
build	Check out the reviewed bounded original-ZIP extractor	2026-09-22T14:14:20.4257863Z hint: Disable this message with "git config set advice.defaultBranchName false"
build	Check out the reviewed bounded original-ZIP extractor	2026-09-22T14:14:20.4258650Z Initialized empty Git repository in /home/runner/work/revealline-archive-50/revealline-archive-50/source/.git/
build	Check out the reviewed bounded original-ZIP extractor	2026-09-22T14:14:20.4260014Z [command]/usr/bin/git remote add origin https://github.com/mekhovov/revealline
build	Check out the reviewed bounded original-ZIP extractor	2026-09-22T14:14:20.4286232Z ##[endgroup]
build	Check out the reviewed bounded original-ZIP extractor	2026-09-22T14:14:20.4286718Z ##[group]Disabling automatic garbage collection
build	Check out the reviewed bounded original-ZIP extractor	2026-09-22T14:14:20.4289191Z [command]/usr/bin/git config --local gc.auto 0
build	Check out the reviewed bounded original-ZIP extractor	2026-09-22T14:14:20.4311019Z ##[endgroup]
build	Check out the reviewed bounded original-ZIP extractor	2026-09-22T14:14:20.4311352Z ##[group]Setting up auth
build	Check out the reviewed bounded original-ZIP extractor	2026-09-22T14:14:20.4315612Z [command]/usr/bin/git config --local --name-only --get-regexp core\.sshCommand
build	Check out the reviewed bounded original-ZIP extractor	2026-09-22T14:14:20.4339367Z [command]/usr/bin/git submodule foreach --recursive sh -c "git config --local --name-only --get-regexp 'core\.sshCommand' && git config --local --unset-all 'core.sshCommand' || :"
build	Check out the reviewed bounded original-ZIP extractor	2026-09-22T14:14:20.4528140Z [command]/usr/bin/git config --local --name-only --get-regexp http\.https\:\/\/github\.com\/\.extraheader
build	Check out the reviewed bounded original-ZIP extractor	2026-09-22T14:14:20.4554878Z [command]/usr/bin/git submodule foreach --recursive sh -c "git config --local --name-only --get-regexp 'http\.https\:\/\/github\.com\/\.extraheader' && git config --local --unset-all 'http.https://github.com/.extraheader' || :"
build	Check out the reviewed bounded original-ZIP extractor	2026-09-22T14:14:20.4733027Z [command]/usr/bin/git config --local --name-only --get-regexp ^includeIf\.gitdir:
build	Check out the reviewed bounded original-ZIP extractor	2026-09-22T14:14:20.4762095Z [command]/usr/bin/git submodule foreach --recursive git config --local --show-origin --name-only --get-regexp remote.origin.url
build	Check out the reviewed bounded original-ZIP extractor	2026-09-22T14:14:20.4930739Z [command]/usr/bin/git config --local http.https://github.com/.extraheader AUTHORIZATION: basic ***
build	Check out the reviewed bounded original-ZIP extractor	2026-09-22T14:14:20.4959127Z ##[endgroup]
build	Check out the reviewed bounded original-ZIP extractor	2026-09-22T14:14:20.4959548Z ##[group]Fetching the repository
build	Check out the reviewed bounded original-ZIP extractor	2026-09-22T14:14:20.4964635Z [command]/usr/bin/git -c protocol.version=2 fetch --no-tags --prune --no-recurse-submodules --filter=blob:none --depth=1 origin 30530b3436a1a9737be93f67f308587f89b2f8bc
build	Check out the reviewed bounded original-ZIP extractor	2026-09-22T14:14:21.2939877Z From https://github.com/mekhovov/revealline
build	Check out the reviewed bounded original-ZIP extractor	2026-09-22T14:14:21.2940419Z  * branch            30530b3436a1a9737be93f67f308587f89b2f8bc -> FETCH_HEAD
build	Check out the reviewed bounded original-ZIP extractor	2026-09-22T14:14:21.2949538Z ##[endgroup]
build	Check out the reviewed bounded original-ZIP extractor	2026-09-22T14:14:21.2949811Z ##[group]Determining the checkout info
build	Check out the reviewed bounded original-ZIP extractor	2026-09-22T14:14:21.2950042Z ##[endgroup]
build	Check out the reviewed bounded original-ZIP extractor	2026-09-22T14:14:21.2950226Z ##[group]Setting up sparse checkout
build	Check out the reviewed bounded original-ZIP extractor	2026-09-22T14:14:21.2951377Z [command]/usr/bin/git config core.sparseCheckout true
build	Check out the reviewed bounded original-ZIP extractor	2026-09-22T14:14:21.2980581Z [command]/usr/bin/git rev-parse --git-path info/sparse-checkout
build	Check out the reviewed bounded original-ZIP extractor	2026-09-22T14:14:21.2999942Z .git/info/sparse-checkout
build	Check out the reviewed bounded original-ZIP extractor	2026-09-22T14:14:21.3005576Z ##[endgroup]
build	Check out the reviewed bounded original-ZIP extractor	2026-09-22T14:14:21.3005780Z ##[group]Checking out the ref
build	Check out the reviewed bounded original-ZIP extractor	2026-09-22T14:14:21.3042606Z [command]/usr/bin/git checkout --progress --force 30530b3436a1a9737be93f67f308587f89b2f8bc
build	Check out the reviewed bounded original-ZIP extractor	2026-09-22T14:14:22.3665142Z Updating files:  50% (1/2)
build	Check out the reviewed bounded original-ZIP extractor	2026-09-22T14:14:22.3665491Z Updating files: 100% (2/2)
build	Check out the reviewed bounded original-ZIP extractor	2026-09-22T14:14:22.3665699Z Updating files: 100% (2/2), done.
build	Check out the reviewed bounded original-ZIP extractor	2026-09-22T14:14:22.3759183Z Note: switching to '30530b3436a1a9737be93f67f308587f89b2f8bc'.
build	Check out the reviewed bounded original-ZIP extractor	2026-09-22T14:14:22.3759610Z 
build	Check out the reviewed bounded original-ZIP extractor	2026-09-22T14:14:22.3759830Z You are in 'detached HEAD' state. You can look around, make experimental
build	Check out the reviewed bounded original-ZIP extractor	2026-09-22T14:14:22.3760074Z changes and commit them, and you can discard any commits you make in this
build	Check out the reviewed bounded original-ZIP extractor	2026-09-22T14:14:22.3760345Z state without impacting any branches by switching back to a branch.
build	Check out the reviewed bounded original-ZIP extractor	2026-09-22T14:14:22.3760537Z 
build	Check out the reviewed bounded original-ZIP extractor	2026-09-22T14:14:22.3760791Z If you want to create a new branch to retain commits you create, you may
build	Check out the reviewed bounded original-ZIP extractor	2026-09-22T14:14:22.3761133Z do so (now or later) by using -c with the switch command. Example:
build	Check out the reviewed bounded original-ZIP extractor	2026-09-22T14:14:22.3761363Z 
build	Check out the reviewed bounded original-ZIP extractor	2026-09-22T14:14:22.3761476Z   git switch -c <new-branch-name>
build	Check out the reviewed bounded original-ZIP extractor	2026-09-22T14:14:22.3761627Z 
build	Check out the reviewed bounded original-ZIP extractor	2026-09-22T14:14:22.3761713Z Or undo this operation with:
build	Check out the reviewed bounded original-ZIP extractor	2026-09-22T14:14:22.3761836Z 
build	Check out the reviewed bounded original-ZIP extractor	2026-09-22T14:14:22.3761907Z   git switch -
build	Check out the reviewed bounded original-ZIP extractor	2026-09-22T14:14:22.3762001Z 
build	Check out the reviewed bounded original-ZIP extractor	2026-09-22T14:14:22.3762164Z Turn off this advice by setting config variable advice.detachedHead to false
build	Check out the reviewed bounded original-ZIP extractor	2026-09-22T14:14:22.3762401Z 
build	Check out the reviewed bounded original-ZIP extractor	2026-09-22T14:14:22.3762589Z HEAD is now at 30530b3 Merge pull request #248 from mekhovov/codex/v082-artifact-envelope
build	Check out the reviewed bounded original-ZIP extractor	2026-09-22T14:14:22.3768960Z ##[endgroup]
build	Check out the reviewed bounded original-ZIP extractor	2026-09-22T14:14:22.3803551Z [command]/usr/bin/git log -1 --format=%H
build	Check out the reviewed bounded original-ZIP extractor	2026-09-22T14:14:22.3825692Z 30530b3436a1a9737be93f67f308587f89b2f8bc
build	Check out the reviewed bounded original-ZIP extractor	2026-09-22T14:14:22.3836579Z ##[group]Removing auth
build	Check out the reviewed bounded original-ZIP extractor	2026-09-22T14:14:22.3836933Z [command]/usr/bin/git config --local --name-only --get-regexp core\.sshCommand
build	Check out the reviewed bounded original-ZIP extractor	2026-09-22T14:14:22.3860037Z [command]/usr/bin/git submodule foreach --recursive sh -c "git config --local --name-only --get-regexp 'core\.sshCommand' && git config --local --unset-all 'core.sshCommand' || :"
build	Check out the reviewed bounded original-ZIP extractor	2026-09-22T14:14:22.4038448Z [command]/usr/bin/git config --local --name-only --get-regexp http\.https\:\/\/github\.com\/\.extraheader
build	Check out the reviewed bounded original-ZIP extractor	2026-09-22T14:14:22.4057708Z http.https://github.com/.extraheader
build	Check out the reviewed bounded original-ZIP extractor	2026-09-22T14:14:22.4062823Z [command]/usr/bin/git config --local --unset-all http.https://github.com/.extraheader
build	Check out the reviewed bounded original-ZIP extractor	2026-09-22T14:14:22.4086925Z [command]/usr/bin/git submodule foreach --recursive sh -c "git config --local --name-only --get-regexp 'http\.https\:\/\/github\.com\/\.extraheader' && git config --local --unset-all 'http.https://github.com/.extraheader' || :"
build	Check out the reviewed bounded original-ZIP extractor	2026-09-22T14:14:22.4256895Z [command]/usr/bin/git config --local --name-only --get-regexp ^includeIf\.gitdir:
build	Check out the reviewed bounded original-ZIP extractor	2026-09-22T14:14:22.4279731Z [command]/usr/bin/git submodule foreach --recursive git config --local --show-origin --name-only --get-regexp remote.origin.url
build	Check out the reviewed bounded original-ZIP extractor	2026-09-22T14:14:22.4449459Z ##[endgroup]
build	Fetch the original immutable release tags for identity verification	﻿2026-09-22T14:14:22.4554183Z ##[group]Run git fetch --depth=1 origin refs/tags/v0.82.0:refs/tags/v0.82.0
build	Fetch the original immutable release tags for identity verification	2026-09-22T14:14:22.4554525Z ^[[36;1mgit fetch --depth=1 origin refs/tags/v0.82.0:refs/tags/v0.82.0^[[0m
build	Fetch the original immutable release tags for identity verification	2026-09-22T14:14:22.4585335Z shell: /usr/bin/bash -e {0}
build	Fetch the original immutable release tags for identity verification	2026-09-22T14:14:22.4585488Z ##[endgroup]
build	Fetch the original immutable release tags for identity verification	2026-09-22T14:14:23.8767042Z From https://github.com/mekhovov/revealline
build	Fetch the original immutable release tags for identity verification	2026-09-22T14:14:23.8767510Z  * [new tag]         v0.82.0    -> v0.82.0
build	Require artifact workspace capacity	﻿2026-09-22T14:14:23.8800526Z ##[group]Run python3 - <<'PY'
build	Require artifact workspace capacity	2026-09-22T14:14:23.8800725Z ^[[36;1mpython3 - <<'PY'^[[0m
build	Require artifact workspace capacity	2026-09-22T14:14:23.8800853Z ^[[36;1mimport shutil^[[0m
build	Require artifact workspace capacity	2026-09-22T14:14:23.8800986Z ^[[36;1mfree = shutil.disk_usage('.').free^[[0m
build	Require artifact workspace capacity	2026-09-22T14:14:23.8801192Z ^[[36;1massert free >= 3 * 1024**3, f'At least 3 GiB free required; found {free}'^[[0m
build	Require artifact workspace capacity	2026-09-22T14:14:23.8801389Z ^[[36;1mPY^[[0m
build	Require artifact workspace capacity	2026-09-22T14:14:23.8830356Z shell: /usr/bin/bash -e {0}
build	Require artifact workspace capacity	2026-09-22T14:14:23.8830489Z ##[endgroup]
build	Check extractor corruption guards and exact artifact inventory rules	﻿2026-09-22T14:14:23.9033938Z ##[group]Run python3 -m unittest discover -s source/publishing/pages-controller -p 'test_extract_current.py' -v
build	Check extractor corruption guards and exact artifact inventory rules	2026-09-22T14:14:23.9034348Z ^[[36;1mpython3 -m unittest discover -s source/publishing/pages-controller -p 'test_extract_current.py' -v^[[0m
build	Check extractor corruption guards and exact artifact inventory rules	2026-09-22T14:14:23.9034653Z ^[[36;1mpython3 -m unittest discover -s archive/tools -p 'test_*.py' -v^[[0m
build	Check extractor corruption guards and exact artifact inventory rules	2026-09-22T14:14:23.9058680Z shell: /usr/bin/bash -e {0}
build	Check extractor corruption guards and exact artifact inventory rules	2026-09-22T14:14:23.9058809Z ##[endgroup]
build	Check extractor corruption guards and exact artifact inventory rules	2026-09-22T14:14:23.9799203Z test_crc_or_body_corruption_rejected_even_with_new_outer_digest (test_extract_current.ExtractCurrentTests.test_crc_or_body_corruption_rejected_even_with_new_outer_digest) ... ok
build	Check extractor corruption guards and exact artifact inventory rules	2026-09-22T14:14:23.9809498Z test_exact_original_members_and_worker (test_extract_current.ExtractCurrentTests.test_exact_original_members_and_worker) ... ok
build	Check extractor corruption guards and exact artifact inventory rules	2026-09-22T14:14:23.9832673Z test_extra_traversal_missing_and_wrong_original_fail_atomically (test_extract_current.ExtractCurrentTests.test_extra_traversal_missing_and_wrong_original_fail_atomically) ... ok
build	Check extractor corruption guards and exact artifact inventory rules	2026-09-22T14:14:23.9839529Z test_symlink_members_rejected_before_writing (test_extract_current.ExtractCurrentTests.test_symlink_members_rejected_before_writing) ... ok
build	Check extractor corruption guards and exact artifact inventory rules	2026-09-22T14:14:23.9839918Z 
build	Check extractor corruption guards and exact artifact inventory rules	2026-09-22T14:14:23.9840007Z ----------------------------------------------------------------------
build	Check extractor corruption guards and exact artifact inventory rules	2026-09-22T14:14:23.9840197Z Ran 4 tests in 0.006s
build	Check extractor corruption guards and exact artifact inventory rules	2026-09-22T14:14:23.9840276Z 
build	Check extractor corruption guards and exact artifact inventory rules	2026-09-22T14:14:23.9840321Z OK
build	Check extractor corruption guards and exact artifact inventory rules	2026-09-22T14:14:24.1346007Z test_bad_second_metadata_refuses_before_first_extraction (test_prepare.CohortTests.test_bad_second_metadata_refuses_before_first_extraction) ... ok
build	Check extractor corruption guards and exact artifact inventory rules	2026-09-22T14:14:24.1349407Z test_capacity_refuses_before_output_or_source_access (test_prepare.CohortTests.test_capacity_refuses_before_output_or_source_access) ... ok
build	Check extractor corruption guards and exact artifact inventory rules	2026-09-22T14:14:24.2257901Z test_changed_extracted_body_fails_full_inventory (test_prepare.CohortTests.test_changed_extracted_body_fails_full_inventory) ... ok
build	Check extractor corruption guards and exact artifact inventory rules	2026-09-22T14:14:24.2553404Z test_duplicate_version_and_cohort_inventory_omission_refuse (test_prepare.CohortTests.test_duplicate_version_and_cohort_inventory_omission_refuse) ... ok
build	Check extractor corruption guards and exact artifact inventory rules	2026-09-22T14:14:24.2909398Z test_existing_output_is_never_overwritten (test_prepare.CohortTests.test_existing_output_is_never_overwritten) ... ok
build	Check extractor corruption guards and exact artifact inventory rules	2026-09-22T14:14:24.3213702Z test_inventory_cannot_omit_the_release_explorer_route (test_prepare.CohortTests.test_inventory_cannot_omit_the_release_explorer_route) ... ok
build	Check extractor corruption guards and exact artifact inventory rules	2026-09-22T14:14:24.3662015Z test_manifest_source_disagreement_refuses_even_with_rehashed_pin (test_prepare.CohortTests.test_manifest_source_disagreement_refuses_even_with_rehashed_pin) ... ok
build	Check extractor corruption guards and exact artifact inventory rules	2026-09-22T14:14:24.4240688Z test_mismatched_extraction_receipt_cannot_emit_combined_success (test_prepare.CohortTests.test_mismatched_extraction_receipt_cannot_emit_combined_success) ... ok
build	Check extractor corruption guards and exact artifact inventory rules	2026-09-22T14:14:24.4529272Z test_missing_release_explorer_bridge_refuses_before_extraction (test_prepare.CohortTests.test_missing_release_explorer_bridge_refuses_before_extraction) ... ok
build	Check extractor corruption guards and exact artifact inventory rules	2026-09-22T14:14:24.5457291Z test_pinned_qualification_copied_without_changing_original_cohort (test_prepare.CohortTests.test_pinned_qualification_copied_without_changing_original_cohort) ... ok
build	Check extractor corruption guards and exact artifact inventory rules	2026-09-22T14:14:24.7179706Z test_second_extraction_failure_cannot_emit_combined_success (test_prepare.CohortTests.test_second_extraction_failure_cannot_emit_combined_success) ... Traceback (most recent call last):
build	Check extractor corruption guards and exact artifact inventory rules	2026-09-22T14:14:24.7180299Z   File "/tmp/tmpbjce3p4l/source/extractor.py", line 6, in <module>
build	Check extractor corruption guards and exact artifact inventory rules	2026-09-22T14:14:24.7180546Z     if r['version']=='v0.2.0': raise ValueError('fixture second failure')
build	Check extractor corruption guards and exact artifact inventory rules	2026-09-22T14:14:24.7180778Z                                ^^^^^^^^^^^^^^^^^^^^^^^^^^^^^^^^^^^^^^^^^^
build	Check extractor corruption guards and exact artifact inventory rules	2026-09-22T14:14:24.7180951Z ValueError: fixture second failure
build	Check extractor corruption guards and exact artifact inventory rules	2026-09-22T14:14:24.7297957Z ok
build	Check extractor corruption guards and exact artifact inventory rules	2026-09-22T14:14:24.8141581Z test_tag_identity_changed_before_or_during_extraction_refuses (test_prepare.CohortTests.test_tag_identity_changed_before_or_during_extraction_refuses) ... fatal: ambiguous argument 'refs/tags/v0.1.0': unknown revision or path not in the working tree.
build	Check extractor corruption guards and exact artifact inventory rules	2026-09-22T14:14:24.8142340Z Use '--' to separate paths from revisions, like this:
build	Check extractor corruption guards and exact artifact inventory rules	2026-09-22T14:14:24.8142550Z 'git <command> [<revision>...] -- [<file>...]'
build	Check extractor corruption guards and exact artifact inventory rules	2026-09-22T14:14:24.8183177Z fatal: ambiguous argument 'refs/tags/v0.1.0': unknown revision or path not in the working tree.
build	Check extractor corruption guards and exact artifact inventory rules	2026-09-22T14:14:24.8187881Z Use '--' to separate paths from revisions, like this:
build	Check extractor corruption guards and exact artifact inventory rules	2026-09-22T14:14:24.8197795Z 'git <command> [<revision>...] -- [<file>...]'
build	Check extractor corruption guards and exact artifact inventory rules	2026-09-22T14:14:24.8220537Z ok
build	Check extractor corruption guards and exact artifact inventory rules	2026-09-22T14:14:24.9132664Z test_two_original_cohorts_and_independent_artifact_reread (test_prepare.CohortTests.test_two_original_cohorts_and_independent_artifact_reread) ... ok
build	Check extractor corruption guards and exact artifact inventory rules	2026-09-22T14:14:24.9311259Z test_changed_or_wrong_identity_qualification_refuses (test_prepare.CommittedMetadataTests.test_changed_or_wrong_identity_qualification_refuses) ... ok
build	Check extractor corruption guards and exact artifact inventory rules	2026-09-22T14:14:24.9413766Z test_exact_original_metadata_and_source_qualification (test_prepare.CommittedMetadataTests.test_exact_original_metadata_and_source_qualification) ... ok
build	Check extractor corruption guards and exact artifact inventory rules	2026-09-22T14:14:24.9417061Z test_release_explorer_has_an_accessible_fallback_and_main_destination (test_prepare.CommittedMetadataTests.test_release_explorer_has_an_accessible_fallback_and_main_destination) ... ok
build	Check extractor corruption guards and exact artifact inventory rules	2026-09-22T14:14:24.9421352Z test_directory_symlink_fails (test_verify.InventoryTests.test_directory_symlink_fails) ... ok
build	Check extractor corruption guards and exact artifact inventory rules	2026-09-22T14:14:24.9425855Z test_exact_hidden_and_nested_inventory (test_verify.InventoryTests.test_exact_hidden_and_nested_inventory) ... ok
build	Check extractor corruption guards and exact artifact inventory rules	2026-09-22T14:14:24.9446148Z test_missing_extra_changed_and_wrong_expected_files (test_verify.InventoryTests.test_missing_extra_changed_and_wrong_expected_files) ... ok
build	Check extractor corruption guards and exact artifact inventory rules	2026-09-22T14:14:24.9448542Z test_symbolic_and_hard_links_fail (test_verify.InventoryTests.test_symbolic_and_hard_links_fail) ... ok
build	Check extractor corruption guards and exact artifact inventory rules	2026-09-22T14:14:24.9448872Z 
build	Check extractor corruption guards and exact artifact inventory rules	2026-09-22T14:14:24.9449004Z ----------------------------------------------------------------------
build	Check extractor corruption guards and exact artifact inventory rules	2026-09-22T14:14:24.9449297Z Ran 20 tests in 0.851s
build	Check extractor corruption guards and exact artifact inventory rules	2026-09-22T14:14:24.9449414Z 
build	Check extractor corruption guards and exact artifact inventory rules	2026-09-22T14:14:24.9449491Z OK
build	Extract the original ZIP and verify every member	﻿2026-09-22T14:14:24.9570624Z ##[group]Run python3 archive/tools/prepare.py --source source --out "$RUNNER_TEMP/archive50"
build	Extract the original ZIP and verify every member	2026-09-22T14:14:24.9570981Z ^[[36;1mpython3 archive/tools/prepare.py --source source --out "$RUNNER_TEMP/archive50"^[[0m
build	Extract the original ZIP and verify every member	2026-09-22T14:14:24.9600260Z shell: /usr/bin/bash -e {0}
build	Extract the original ZIP and verify every member	2026-09-22T14:14:24.9600400Z ##[endgroup]
build	Extract the original ZIP and verify every member	2026-09-22T14:14:41.7359107Z {"status": "PASS", "files": 1056, "bytes": 590361506, "archiveId": "archive-50", "releases": [{"version": "v0.82.0", "sourceRevision": "9b26f2a02fb621a6f023422768e34605ae103739", "tagObject": "eb0f14fd584c8d9180e4bf3a28b1befc1f3bd7ee", "originalZipExtraction": {"distributionSha256": "188dde36079eed4657e1f9b29d7666547b99a94a88f43a9c7ef07a71f1818923", "manifestSha256": "a9269833abe8882267bce49629803b6e28f2715c6704855265e5533e0a972c8e", "gameSourceRevision": "9b26f2a02fb621a6f023422768e34605ae103739", "version": "v0.82.0", "membersVerified": 1049, "manifestFilesVerified": 1048, "uncompressedBytesVerified": 590339499, "crcAndHashesVerified": true}}], "toolingCommit": "30530b3436a1a9737be93f67f308587f89b2f8bc", "archiveCommit": "b1f11e438e112ea09c3bec77cb10e0b2d68e658d", "archiveTree": "ea35972c2f58c202f36e77030d0946451ea360de", "expectedInventorySha256": "0afa89ef51a67bb5fbdb3b7656da488e76eff0f8cd1005c07bf7a982d83b6a9f", "noHistoricalBuilds": true}
build	Independently reread every artifact byte including hidden files	﻿2026-09-22T14:14:41.7432113Z ##[group]Run python3 archive/tools/verify.py "$RUNNER_TEMP/archive50/artifact"
build	Independently reread every artifact byte including hidden files	2026-09-22T14:14:41.7432634Z ^[[36;1mpython3 archive/tools/verify.py "$RUNNER_TEMP/archive50/artifact"^[[0m
build	Independently reread every artifact byte including hidden files	2026-09-22T14:14:41.7468368Z shell: /usr/bin/bash -e {0}
build	Independently reread every artifact byte including hidden files	2026-09-22T14:14:41.7468533Z ##[endgroup]
build	Independently reread every artifact byte including hidden files	2026-09-22T14:14:42.1268652Z {"status": "PASS", "files": 1056, "bytes": 590361506}
build	Retain extraction and complete-inventory receipts	﻿2026-09-22T14:14:42.1359064Z Node 20 is being deprecated. This workflow is running with Node 24 by default. If you need to temporarily use Node 20, you can set the ACTIONS_ALLOW_USE_UNSECURE_NODE_VERSION=true environment variable. For more information see: https://github.blog/changelog/2025-09-19-deprecation-of-node-20-on-github-actions-runners/
build	Retain extraction and complete-inventory receipts	2026-09-22T14:14:42.1359755Z ##[group]Run actions/upload-artifact@ea165f8d65b6e75b540449e92b4886f43607fa02
build	Retain extraction and complete-inventory receipts	2026-09-22T14:14:42.1359955Z with:
build	Retain extraction and complete-inventory receipts	2026-09-22T14:14:42.1360073Z   name: archive50-verification-receipts
build	Retain extraction and complete-inventory receipts	2026-09-22T14:14:42.1360228Z   if-no-files-found: warn
build	Retain extraction and complete-inventory receipts	2026-09-22T14:14:42.1360563Z   path: /home/runner/work/_temp/archive50/zip-receipt-*.json
build	Retain extraction and complete-inventory receipts	/home/runner/work/_temp/archive50/receipt.json
build	Retain extraction and complete-inventory receipts	/home/runner/work/_temp/archive50/expected-inventory.json
build	Retain extraction and complete-inventory receipts	
build	Retain extraction and complete-inventory receipts	2026-09-22T14:14:42.1360910Z   compression-level: 6
build	Retain extraction and complete-inventory receipts	2026-09-22T14:14:42.1361168Z   overwrite: false
build	Retain extraction and complete-inventory receipts	2026-09-22T14:14:42.1361284Z   include-hidden-files: false
build	Retain extraction and complete-inventory receipts	2026-09-22T14:14:42.1361412Z ##[endgroup]
build	Retain extraction and complete-inventory receipts	2026-09-22T14:14:42.2377640Z (node:2717) [DEP0040] DeprecationWarning: The `punycode` module is deprecated. Please use a userland alternative instead.
build	Retain extraction and complete-inventory receipts	2026-09-22T14:14:42.2378296Z (Use `node --trace-deprecation ...` to show where the warning was created)
build	Retain extraction and complete-inventory receipts	2026-09-22T14:14:42.2413233Z With the provided path, there will be 3 files uploaded
build	Retain extraction and complete-inventory receipts	2026-09-22T14:14:42.2416748Z Artifact name is valid!
build	Retain extraction and complete-inventory receipts	2026-09-22T14:14:42.2416961Z Root directory input is valid!
build	Retain extraction and complete-inventory receipts	2026-09-22T14:14:42.5686867Z Beginning upload of artifact content to blob storage
build	Retain extraction and complete-inventory receipts	2026-09-22T14:14:42.5847930Z (node:2717) [DEP0169] DeprecationWarning: `url.parse()` behavior is not standardized and prone to errors that have security implications. Use the WHATWG URL API instead. CVEs are not issued for `url.parse()` vulnerabilities.
build	Retain extraction and complete-inventory receipts	2026-09-22T14:14:42.8965402Z Uploaded bytes 55965
build	Retain extraction and complete-inventory receipts	2026-09-22T14:14:42.9515571Z Finished uploading artifact content to blob storage!
build	Retain extraction and complete-inventory receipts	2026-09-22T14:14:42.9516133Z SHA256 digest of uploaded artifact zip is e60d436d9245fe73fa2c3e358d5abf147641d902298f15edfc66bc3e0ace9e94
build	Retain extraction and complete-inventory receipts	2026-09-22T14:14:42.9517907Z Finalizing artifact upload
build	Retain extraction and complete-inventory receipts	2026-09-22T14:14:43.1962631Z Artifact archive50-verification-receipts.zip successfully finalized. Artifact ID 10699410923
build	Retain extraction and complete-inventory receipts	2026-09-22T14:14:43.1963176Z Artifact archive50-verification-receipts has been successfully uploaded! Final size is 55965 bytes. Artifact ID is 10699410923
build	Retain extraction and complete-inventory receipts	2026-09-22T14:14:43.1967316Z Artifact download URL: https://github.com/mekhovov/revealline-archive-50/actions/runs/35738900186/artifacts/10699410923
build	Upload complete canonical site	﻿2026-09-22T14:14:43.2112220Z ##[group]Run actions/upload-pages-artifact@fc324d3547104276b827a68afc52ff2a11cc49c9
build	Upload complete canonical site	2026-09-22T14:14:43.2112466Z with:
build	Upload complete canonical site	2026-09-22T14:14:43.2112605Z   path: /home/runner/work/_temp/archive50/artifact
build	Upload complete canonical site	2026-09-22T14:14:43.2112786Z   include-hidden-files: true
build	Upload complete canonical site	2026-09-22T14:14:43.2112929Z   name: github-pages
build	Upload complete canonical site	2026-09-22T14:14:43.2113052Z   retention-days: 1
build	Upload complete canonical site	2026-09-22T14:14:43.2113187Z ##[endgroup]
build	Upload complete canonical site	2026-09-22T14:14:43.2153307Z ##[start-action display=Archive artifact;id=__actions_upload-pages-artifact.__run]
build	Upload complete canonical site	2026-09-22T14:14:43.2171870Z ##[group]Run echo ::group::Archive artifact
build	Upload complete canonical site	2026-09-22T14:14:43.2172067Z ^[[36;1mecho ::group::Archive artifact^[[0m
build	Upload complete canonical site	2026-09-22T14:14:43.2172218Z ^[[36;1mtar \^[[0m
build	Upload complete canonical site	2026-09-22T14:14:43.2172382Z ^[[36;1m  --dereference --hard-dereference \^[[0m
build	Upload complete canonical site	2026-09-22T14:14:43.2172556Z ^[[36;1m  --directory "$INPUT_PATH" \^[[0m
build	Upload complete canonical site	2026-09-22T14:14:43.2172728Z ^[[36;1m  -cvf "$RUNNER_TEMP/artifact.tar" \^[[0m
build	Upload complete canonical site	2026-09-22T14:14:43.2172891Z ^[[36;1m  --exclude=.git \^[[0m
build	Upload complete canonical site	2026-09-22T14:14:43.2173057Z ^[[36;1m  --exclude=.github \^[[0m
build	Upload complete canonical site	2026-09-22T14:14:43.2173215Z ^[[36;1m   \^[[0m
build	Upload complete canonical site	2026-09-22T14:14:43.2173327Z ^[[36;1m  .^[[0m
build	Upload complete canonical site	2026-09-22T14:14:43.2173444Z ^[[36;1mecho ::endgroup::^[[0m
build	Upload complete canonical site	2026-09-22T14:14:43.2213796Z shell: /usr/bin/sh -e {0}
build	Upload complete canonical site	2026-09-22T14:14:43.2213937Z env:
build	Upload complete canonical site	2026-09-22T14:14:43.2214082Z   INPUT_PATH: /home/runner/work/_temp/archive50/artifact
build	Upload complete canonical site	2026-09-22T14:14:43.2214272Z ##[endgroup]
build	Upload complete canonical site	2026-09-22T14:14:43.2701114Z ##[group]Archive artifact
build	Upload complete canonical site	2026-09-22T14:14:43.2713049Z ./
build	Upload complete canonical site	2026-09-22T14:14:43.2713241Z ./releases/
build	Upload complete canonical site	2026-09-22T14:14:43.2713487Z ./releases/index.html
build	Upload complete canonical site	2026-09-22T14:14:43.2713690Z ./releases/v0.82.0/
build	Upload complete canonical site	2026-09-22T14:14:43.2713913Z ./releases/v0.82.0/site/
build	Upload complete canonical site	2026-09-22T14:14:43.2714166Z ./releases/v0.82.0/site/site/
build	Upload complete canonical site	2026-09-22T14:14:43.2714391Z ./releases/v0.82.0/site/site/about.html
build	Upload complete canonical site	2026-09-22T14:14:43.2714723Z ./releases/v0.82.0/site/site/release-catalog.css
build	Upload complete canonical site	2026-09-22T14:14:43.2715094Z ./releases/v0.82.0/site/site/release-links.mjs
build	Upload complete canonical site	2026-09-22T14:14:43.2715439Z ./releases/v0.82.0/site/site/launch.mjs
build	Upload complete canonical site	2026-09-22T14:14:43.2715723Z ./releases/v0.82.0/site/site/landing.css
build	Upload complete canonical site	2026-09-22T14:14:43.2715994Z ./releases/v0.82.0/site/site/landing.mjs
build	Upload complete canonical site	2026-09-22T14:14:43.2716288Z ./releases/v0.82.0/site/site/about-navigation.mjs
build	Upload complete canonical site	2026-09-22T14:14:43.2716622Z ./releases/v0.82.0/site/manifest.json
build	Upload complete canonical site	2026-09-22T14:14:43.2716884Z ./releases/v0.82.0/site/optional/
build	Upload complete canonical site	2026-09-22T14:14:43.2717470Z ./releases/v0.82.0/site/optional/external-chapters/
build	Upload complete canonical site	2026-09-22T14:14:43.2717896Z ./releases/v0.82.0/site/optional/external-chapters/fracture-lines-retro/
build	Upload complete canonical site	2026-09-22T14:14:43.2718376Z ./releases/v0.82.0/site/optional/external-chapters/fracture-lines-retro/pack.json
build	Upload complete canonical site	2026-09-22T14:14:43.2718847Z ./releases/v0.82.0/site/optional/external-chapters/fracture-lines-retro/media.rlmedia
build	Upload complete canonical site	2026-09-22T14:14:43.2767791Z ./releases/v0.82.0/site/optional/external-chapters/sentinel-circuit-coupa/
build	Upload complete canonical site	2026-09-22T14:14:43.2768245Z ./releases/v0.82.0/site/optional/external-chapters/sentinel-circuit-coupa/pack.json
build	Upload complete canonical site	2026-09-22T14:14:43.2768718Z ./releases/v0.82.0/site/optional/external-chapters/sentinel-circuit-coupa/media.rlmedia
build	Upload complete canonical site	2026-09-22T14:14:43.2812251Z ./releases/v0.82.0/site/optional/external-chapters/sentinel-circuit-retro/
build	Upload complete canonical site	2026-09-22T14:14:43.2812629Z ./releases/v0.82.0/site/optional/external-chapters/sentinel-circuit-retro/pack.json
build	Upload complete canonical site	2026-09-22T14:14:43.2812932Z ./releases/v0.82.0/site/optional/external-chapters/sentinel-circuit-retro/media.rlmedia
build	Upload complete canonical site	2026-09-22T14:14:43.2857590Z ./releases/v0.82.0/site/optional/external-chapters/countercurrent-fpv/
build	Upload complete canonical site	2026-09-22T14:14:43.2857954Z ./releases/v0.82.0/site/optional/external-chapters/countercurrent-fpv/pack.json
build	Upload complete canonical site	2026-09-22T14:14:43.2858237Z ./releases/v0.82.0/site/optional/external-chapters/countercurrent-fpv/media.rlmedia
build	Upload complete canonical site	2026-09-22T14:14:43.2900037Z ./releases/v0.82.0/site/optional/external-chapters/sentinel-circuit-ukraine/
build	Upload complete canonical site	2026-09-22T14:14:43.2900485Z ./releases/v0.82.0/site/optional/external-chapters/sentinel-circuit-ukraine/pack.json
build	Upload complete canonical site	2026-09-22T14:14:43.2900956Z ./releases/v0.82.0/site/optional/external-chapters/sentinel-circuit-ukraine/media.rlmedia
build	Upload complete canonical site	2026-09-22T14:14:43.2949696Z ./releases/v0.82.0/site/optional/external-chapters/route-worlds-ukraine/
build	Upload complete canonical site	2026-09-22T14:14:43.2950053Z ./releases/v0.82.0/site/optional/external-chapters/route-worlds-ukraine/pack.json
build	Upload complete canonical site	2026-09-22T14:14:43.2950347Z ./releases/v0.82.0/site/optional/external-chapters/route-worlds-ukraine/media.rlmedia
build	Upload complete canonical site	2026-09-22T14:14:43.3002710Z ./releases/v0.82.0/site/optional/external-chapters/original-fpv-pressure-external/
build	Upload complete canonical site	2026-09-22T14:14:43.3003096Z ./releases/v0.82.0/site/optional/external-chapters/original-fpv-pressure-external/pack.json
build	Upload complete canonical site	2026-09-22T14:14:43.3003434Z ./releases/v0.82.0/site/optional/external-chapters/original-fpv-pressure-external/media.rlmedia
build	Upload complete canonical site	2026-09-22T14:14:43.3050256Z ./releases/v0.82.0/site/optional/external-chapters/countercurrent-retro/
build	Upload complete canonical site	2026-09-22T14:14:43.3050609Z ./releases/v0.82.0/site/optional/external-chapters/countercurrent-retro/pack.json
build	Upload complete canonical site	2026-09-22T14:14:43.3050895Z ./releases/v0.82.0/site/optional/external-chapters/countercurrent-retro/media.rlmedia
build	Upload complete canonical site	2026-09-22T14:14:43.3095166Z ./releases/v0.82.0/site/optional/external-chapters/route-worlds-retro/
build	Upload complete canonical site	2026-09-22T14:14:43.3095509Z ./releases/v0.82.0/site/optional/external-chapters/route-worlds-retro/pack.json
build	Upload complete canonical site	2026-09-22T14:14:43.3095788Z ./releases/v0.82.0/site/optional/external-chapters/route-worlds-retro/media.rlmedia
build	Upload complete canonical site	2026-09-22T14:14:43.3139405Z ./releases/v0.82.0/site/optional/external-chapters/countercurrent-ukraine/
build	Upload complete canonical site	2026-09-22T14:14:43.3139761Z ./releases/v0.82.0/site/optional/external-chapters/countercurrent-ukraine/pack.json
build	Upload complete canonical site	2026-09-22T14:14:43.3140054Z ./releases/v0.82.0/site/optional/external-chapters/countercurrent-ukraine/media.rlmedia
build	Upload complete canonical site	2026-09-22T14:14:43.3189242Z ./releases/v0.82.0/site/optional/external-chapters/route-worlds-coupa/
build	Upload complete canonical site	2026-09-22T14:14:43.3189702Z ./releases/v0.82.0/site/optional/external-chapters/route-worlds-coupa/pack.json
build	Upload complete canonical site	2026-09-22T14:14:43.3190158Z ./releases/v0.82.0/site/optional/external-chapters/route-worlds-coupa/media.rlmedia
build	Upload complete canonical site	2026-09-22T14:14:43.3237109Z ./releases/v0.82.0/site/optional/external-chapters/fracture-lines-ukraine/
build	Upload complete canonical site	2026-09-22T14:14:43.3237742Z ./releases/v0.82.0/site/optional/external-chapters/fracture-lines-ukraine/pack.json
build	Upload complete canonical site	2026-09-22T14:14:43.3238197Z ./releases/v0.82.0/site/optional/external-chapters/fracture-lines-ukraine/media.rlmedia
build	Upload complete canonical site	2026-09-22T14:14:43.3287953Z ./releases/v0.82.0/site/optional/external-chapters/fracture-lines-fpv/
build	Upload complete canonical site	2026-09-22T14:14:43.3288569Z ./releases/v0.82.0/site/optional/external-chapters/fracture-lines-fpv/pack.json
build	Upload complete canonical site	2026-09-22T14:14:43.3297847Z ./releases/v0.82.0/site/optional/external-chapters/fracture-lines-fpv/media.rlmedia
build	Upload complete canonical site	2026-09-22T14:14:43.3339796Z ./releases/v0.82.0/site/optional/external-chapters/fracture-lines-coupa/
build	Upload complete canonical site	2026-09-22T14:14:43.3340213Z ./releases/v0.82.0/site/optional/external-chapters/fracture-lines-coupa/pack.json
build	Upload complete canonical site	2026-09-22T14:14:43.3340563Z ./releases/v0.82.0/site/optional/external-chapters/fracture-lines-coupa/media.rlmedia
build	Upload complete canonical site	2026-09-22T14:14:43.3390726Z ./releases/v0.82.0/site/optional/external-chapters/countercurrent-coupa/
build	Upload complete canonical site	2026-09-22T14:14:43.3391134Z ./releases/v0.82.0/site/optional/external-chapters/countercurrent-coupa/pack.json
build	Upload complete canonical site	2026-09-22T14:14:43.3391539Z ./releases/v0.82.0/site/optional/external-chapters/countercurrent-coupa/media.rlmedia
build	Upload complete canonical site	2026-09-22T14:14:43.3440498Z ./releases/v0.82.0/site/optional/external-chapters/sentinel-circuit-fpv/
build	Upload complete canonical site	2026-09-22T14:14:43.3440945Z ./releases/v0.82.0/site/optional/external-chapters/sentinel-circuit-fpv/pack.json
build	Upload complete canonical site	2026-09-22T14:14:43.3441391Z ./releases/v0.82.0/site/optional/external-chapters/sentinel-circuit-fpv/media.rlmedia
build	Upload complete canonical site	2026-09-22T14:14:43.3490388Z ./releases/v0.82.0/site/authoring/
build	Upload complete canonical site	2026-09-22T14:14:43.3490649Z ./releases/v0.82.0/site/authoring/library/
build	Upload complete canonical site	2026-09-22T14:14:43.3490935Z ./releases/v0.82.0/site/authoring/library/fpv-field-kit/
build	Upload complete canonical site	2026-09-22T14:14:43.3491271Z ./releases/v0.82.0/site/authoring/library/fpv-field-kit/prepared/
build	Upload complete canonical site	2026-09-22T14:14:43.3492796Z ./releases/v0.82.0/site/authoring/library/fpv-field-kit/prepared/reveals/
build	Upload complete canonical site	2026-09-22T14:14:43.3493392Z ./releases/v0.82.0/site/authoring/library/fpv-field-kit/prepared/reveals/review.html
build	Upload complete canonical site	2026-09-22T14:14:43.3493825Z ./releases/v0.82.0/site/authoring/library/fpv-field-kit/prepared/reveals/review.mjs
build	Upload complete canonical site	2026-09-22T14:14:43.3494235Z ./releases/v0.82.0/site/authoring/library/fpv-field-kit/prepared/reveals/reveals.json
build	Upload complete canonical site	2026-09-22T14:14:43.3494498Z ./releases/v0.82.0/site/authoring/library/fpv-role-presentations/
build	Upload complete canonical site	2026-09-22T14:14:43.3494739Z ./releases/v0.82.0/site/authoring/library/fpv-role-presentations/originals/
build	Upload complete canonical site	2026-09-22T14:14:43.3495019Z ./releases/v0.82.0/site/authoring/library/fpv-role-presentations/originals/scout.png
build	Upload complete canonical site	2026-09-22T14:14:43.3498430Z ./releases/v0.82.0/site/authoring/library/fpv-role-presentations/originals/fiber.png
build	Upload complete canonical site	2026-09-22T14:14:43.3503826Z ./releases/v0.82.0/site/authoring/library/fpv-role-presentations/originals/carrier.png
build	Upload complete canonical site	2026-09-22T14:14:43.3508775Z ./releases/v0.82.0/site/authoring/library/fpv-role-presentations/originals/impact.png
build	Upload complete canonical site	2026-09-22T14:14:43.3512847Z ./releases/v0.82.0/site/authoring/library/fpv-role-presentations/originals/bomber.png
build	Upload complete canonical site	2026-09-22T14:14:43.3518361Z ./releases/v0.82.0/site/authoring/library/fpv-role-presentations/originals/trapper.png
build	Upload complete canonical site	2026-09-22T14:14:43.3524631Z ./releases/v0.82.0/site/authoring/library/fpv-role-presentations/originals/interceptor.png
build	Upload complete canonical site	2026-09-22T14:14:43.3528818Z ./releases/v0.82.0/site/authoring/library/four-worlds-chapters/
build	Upload complete canonical site	2026-09-22T14:14:43.3529174Z ./releases/v0.82.0/site/authoring/library/four-worlds-chapters/packs/
build	Upload complete canonical site	2026-09-22T14:14:43.3529612Z ./releases/v0.82.0/site/authoring/library/four-worlds-chapters/packs/original-ukraine-atlas.json
build	Upload complete canonical site	2026-09-22T14:14:43.3600694Z ./releases/v0.82.0/site/authoring/library/four-worlds-chapters/packs/original-spend-network.json
build	Upload complete canonical site	2026-09-22T14:14:43.3664163Z ./releases/v0.82.0/site/authoring/library/four-worlds-chapters/packs/original-retro-1994.json
build	Upload complete canonical site	2026-09-22T14:14:43.3724410Z ./releases/v0.82.0/site/authoring/library/four-worlds-chapters/packs/original-fpv-pressure.json
build	Upload complete canonical site	2026-09-22T14:14:43.3786332Z ./releases/v0.82.0/site/authoring/library/runtime-sprite-candidates-v1/
build	Upload complete canonical site	2026-09-22T14:14:43.3786760Z ./releases/v0.82.0/site/authoring/library/runtime-sprite-candidates-v1/export/
build	Upload complete canonical site	2026-09-22T14:14:43.3787602Z ./releases/v0.82.0/site/authoring/library/runtime-sprite-candidates-v1/export/fpv-compact-eroder-v1-29502a902fadb1d6e1ddf8c4426e61fc5fff9613d3c8608ebfbd55848d5e3720.png
build	Upload complete canonical site	2026-09-22T14:14:43.3788785Z ./releases/v0.82.0/site/authoring/library/runtime-sprite-candidates-v1/export/fpv-compact-claimed-rover-v1-ddb9f5264822eceb35dcbfa80145c74a3e6d22a547d3171fdfa5095718e90106.png
build	Upload complete canonical site	2026-09-22T14:14:43.3789540Z ./releases/v0.82.0/site/authoring/library/runtime-sprite-candidates-v1/export/manifest.json
build	Upload complete canonical site	2026-09-22T14:14:43.3790297Z ./releases/v0.82.0/site/authoring/library/runtime-sprite-candidates-v1/export/fpv-compact-relay-sentinel-v1-9640e613855c6001aa5d2a23550237a6a3235a6637a8a248a7d7cdbc21d534db.png
build	Upload complete canonical site	2026-09-22T14:14:43.3791284Z ./releases/v0.82.0/site/authoring/library/runtime-sprite-candidates-v1/export/atlas-weaver-shuttle-v3-39c737ed85d1df0c61bb05fce6424d36ea93f452ca19c7542253f37442e914aa.png
build	Upload complete canonical site	2026-09-22T14:14:43.3792263Z ./releases/v0.82.0/site/authoring/library/runtime-sprite-candidates-v1/export/fpv-compact-lane-boss-v1-e44630c2356c86db2611116dde6d12ea121d22aefef263932fabb719fc8e5dfd.png
build	Upload complete canonical site	2026-09-22T14:14:43.3793238Z ./releases/v0.82.0/site/authoring/library/runtime-sprite-candidates-v1/export/atlas-pottery-courier-v1-86089f57441d33c4153d8da5246f5e5c3822c9304d8e7b9a761ae17e5a217ea2.png
build	Upload complete canonical site	2026-09-22T14:14:43.3794233Z ./releases/v0.82.0/site/authoring/library/runtime-sprite-candidates-v1/export/fpv-compact-border-patrol-v1-537de86076d2fa4141f1c37b23774015da66431657a8ff2db3193d66e0c7ade1.png
build	Upload complete canonical site	2026-09-22T14:14:43.3795210Z ./releases/v0.82.0/site/authoring/library/runtime-sprite-candidates-v1/export/atlas-carved-chest-v1-1e68e385ea2166b999e7b9041eabaf90d7b5b552a0034cdce576ddc123cbd91b.png
build	Upload complete canonical site	2026-09-22T14:14:43.3796139Z ./releases/v0.82.0/site/authoring/library/runtime-sprite-candidates-v1/export/atlas-woven-basket-v1-3604eeef2dfbdf02c26f8ae8d86984cb453c52574bfd9dd87d28df015f9c50ac.png
build	Upload complete canonical site	2026-09-22T14:14:43.3797217Z ./releases/v0.82.0/site/authoring/library/runtime-sprite-candidates-v1/export/fpv-compact-hunter-v1-e7445fff125f6827c5106853067d1ff099b16e30cfc0acdbb501dabe81f6a914.png
build	Upload complete canonical site	2026-09-22T14:14:43.3798270Z ./releases/v0.82.0/site/authoring/library/runtime-sprite-candidates-v1/export/atlas-falcon-crest-v3-f3ce0fa984bb43f3a3fa69734c60df3dfa6c8a148f0b1d32778407b92c93a648.png
build	Upload complete canonical site	2026-09-22T14:14:43.3799241Z ./releases/v0.82.0/site/authoring/library/runtime-sprite-candidates-v1/export/atlas-bell-warden-v1-aaa88f04dccaa141ffb121acbb6e1b4eb9b89c0ace3e8ebddc172ba4294eabce.png
build	Upload complete canonical site	2026-09-22T14:14:43.3800195Z ./releases/v0.82.0/site/authoring/library/runtime-sprite-candidates-v1/export/atlas-swallow-v3-e01a6c53d78acf164d04878b73f06de18cfed676b894bd7353a708fd1005aaf7.png
build	Upload complete canonical site	2026-09-22T14:14:43.3800893Z ./releases/v0.82.0/site/authoring/library/runtime-sprite-candidates-v1/export/fpv-compact-contour-patrol-v1-9df94fb4dcfee56fffc16d15eda5d75ff2fc06a52a7754949ca5fc9e0607a20f.png
build	Upload complete canonical site	2026-09-22T14:14:43.3801343Z ./releases/v0.82.0/site/authoring/library/tactical-teaching/
build	Upload complete canonical site	2026-09-22T14:14:43.3801572Z ./releases/v0.82.0/site/authoring/library/tactical-teaching/scenarios/
build	Upload complete canonical site	2026-09-22T14:14:43.3801865Z ./releases/v0.82.0/site/authoring/library/tactical-teaching/scenarios/tactical-borrowed-seconds.json
build	Upload complete canonical site	2026-09-22T14:14:43.3802219Z ./releases/v0.82.0/site/authoring/library/tactical-teaching/scenarios/tactical-quiet-crossing.json
build	Upload complete canonical site	2026-09-22T14:14:43.3802552Z ./releases/v0.82.0/site/authoring/library/tactical-teaching/scenarios/tactical-read-clearing.json
build	Upload complete canonical site	2026-09-22T14:14:43.3802824Z ./releases/v0.82.0/site/authoring/library/fpv-route-choices/
build	Upload complete canonical site	2026-09-22T14:14:43.3803043Z ./releases/v0.82.0/site/authoring/library/fpv-route-choices/packs/
build	Upload complete canonical site	2026-09-22T14:14:43.3803305Z ./releases/v0.82.0/site/authoring/library/fpv-route-choices/packs/fpv-route-choices.json
build	Upload complete canonical site	2026-09-22T14:14:43.3864635Z ./releases/v0.82.0/site/authoring/motion-lab/
build	Upload complete canonical site	2026-09-22T14:14:43.3864957Z ./releases/v0.82.0/site/authoring/motion-lab/collection.mjs
build	Upload complete canonical site	2026-09-22T14:14:43.3865282Z ./releases/v0.82.0/site/authoring/motion-lab/display.mjs
build	Upload complete canonical site	2026-09-22T14:14:43.3865599Z ./releases/v0.82.0/site/authoring/motion-lab/preview-loop.mjs
build	Upload complete canonical site	2026-09-22T14:14:43.3865933Z ./releases/v0.82.0/site/authoring/motion-lab/render-character.mjs
build	Upload complete canonical site	2026-09-22T14:14:43.3866373Z ./releases/v0.82.0/site/authoring/motion-lab/steering.mjs
build	Upload complete canonical site	2026-09-22T14:14:43.3866705Z ./releases/v0.82.0/site/authoring/motion-lab/collection-presets.json
build	Upload complete canonical site	2026-09-22T14:14:43.3867060Z ./releases/v0.82.0/site/authoring/motion-lab/ability-presets.json
build	Upload complete canonical site	2026-09-22T14:14:43.3867476Z ./releases/v0.82.0/site/authoring/motion-lab/animation.mjs
build	Upload complete canonical site	2026-09-22T14:14:43.3867775Z ./releases/v0.82.0/site/authoring/motion-lab/motion.mjs
build	Upload complete canonical site	2026-09-22T14:14:43.3868087Z ./releases/v0.82.0/site/authoring/motion-lab/render-ability.mjs
build	Upload complete canonical site	2026-09-22T14:14:43.3868527Z ./releases/v0.82.0/site/authoring/motion-lab/index.html
build	Upload complete canonical site	2026-09-22T14:14:43.3868901Z ./releases/v0.82.0/site/authoring/motion-lab/presets.json
build	Upload complete canonical site	2026-09-22T14:14:43.3869512Z ./releases/v0.82.0/site/authoring/motion-lab/app.js
build	Upload complete canonical site	2026-09-22T14:14:43.3869941Z ./releases/v0.82.0/site/authoring/motion-lab/styles.css
build	Upload complete canonical site	2026-09-22T14:14:43.3870314Z ./releases/v0.82.0/site/authoring/motion-lab/ability.mjs
build	Upload complete canonical site	2026-09-22T14:14:43.3870786Z ./releases/v0.82.0/site/authoring/motion-lab/ability-labels.mjs
build	Upload complete canonical site	2026-09-22T14:14:43.3871208Z ./releases/v0.82.0/site/authoring/motion-lab/display-entry.mjs
build	Upload complete canonical site	2026-09-22T14:14:43.3871641Z ./releases/v0.82.0/site/authoring/motion-lab/png-preview.mjs
build	Upload complete canonical site	2026-09-22T14:14:43.3872090Z ./releases/v0.82.0/site/authoring/motion-lab/grid-motion.mjs
build	Upload complete canonical site	2026-09-22T14:14:43.3872492Z ./releases/v0.82.0/site/authoring/motion-lab/assets/
build	Upload complete canonical site	2026-09-22T14:14:43.3872966Z ./releases/v0.82.0/site/authoring/motion-lab/assets/navi-avatar.png
build	Upload complete canonical site	2026-09-22T14:14:43.3873417Z ./releases/v0.82.0/site/authoring/motion-lab/assets/delta-interceptor.png
build	Upload complete canonical site	2026-09-22T14:14:43.3874195Z ./releases/v0.82.0/site/authoring/motion-lab/assets/ukrainian-bird.png
build	Upload complete canonical site	2026-09-22T14:14:43.3876067Z ./releases/v0.82.0/site/authoring/motion-lab/assets/fixedwing-body.png
build	Upload complete canonical site	2026-09-22T14:14:43.3878577Z ./releases/v0.82.0/site/authoring/motion-lab/assets/scout-quad.png
build	Upload complete canonical site	2026-09-22T14:14:43.3882320Z ./releases/v0.82.0/site/authoring/motion-lab/assets/fpv-body.png
build	Upload complete canonical site	2026-09-22T14:14:43.3886559Z ./releases/v0.82.0/site/authoring/motion-lab/assets/heavy-lift.png
build	Upload complete canonical site	2026-09-22T14:14:43.3891990Z ./releases/v0.82.0/site/authoring/motion-lab/assets/fpv-night.png
build	Upload complete canonical site	2026-09-22T14:14:43.3906455Z ./releases/v0.82.0/site/authoring/motion-lab/assets/retro-craft.png
build	Upload complete canonical site	2026-09-22T14:14:43.3906992Z ./releases/v0.82.0/site/authoring/motion-lab/assets/fpv-racer.png
build	Upload complete canonical site	2026-09-22T14:14:43.3907788Z ./releases/v0.82.0/site/authoring/video-poster/
build	Upload complete canonical site	2026-09-22T14:14:43.3908232Z ./releases/v0.82.0/site/authoring/video-poster/workshop.mjs
build	Upload complete canonical site	2026-09-22T14:14:43.3908665Z ./releases/v0.82.0/site/authoring/video-poster/launch.js
build	Upload complete canonical site	2026-09-22T14:14:43.3909077Z ./releases/v0.82.0/site/authoring/video-poster/workshop.css
build	Upload complete canonical site	2026-09-22T14:14:43.3909502Z ./releases/v0.82.0/site/authoring/video-poster/index.html
build	Upload complete canonical site	2026-09-22T14:14:43.3909892Z ./releases/v0.82.0/site/authoring/design-atlas/
build	Upload complete canonical site	2026-09-22T14:14:43.3910295Z ./releases/v0.82.0/site/authoring/design-atlas/atlas.css
build	Upload complete canonical site	2026-09-22T14:14:43.3910727Z ./releases/v0.82.0/site/authoring/design-atlas/reveal-audit.mjs
build	Upload complete canonical site	2026-09-22T14:14:43.3911178Z ./releases/v0.82.0/site/authoring/design-atlas/atlas.mjs
build	Upload complete canonical site	2026-09-22T14:14:43.3911633Z ./releases/v0.82.0/site/authoring/design-atlas/reveal-audit.json
build	Upload complete canonical site	2026-09-22T14:14:43.3912105Z ./releases/v0.82.0/site/authoring/design-atlas/index.html
build	Upload complete canonical site	2026-09-22T14:14:43.3912602Z ./releases/v0.82.0/site/authoring/design-atlas/reveal-production-plan.json
build	Upload complete canonical site	2026-09-22T14:14:43.3913136Z ./releases/v0.82.0/site/authoring/design-atlas/reveal-audit.html
build	Upload complete canonical site	2026-09-22T14:14:43.3913597Z ./releases/v0.82.0/site/authoring/still-media/
build	Upload complete canonical site	2026-09-22T14:14:43.3914023Z ./releases/v0.82.0/site/authoring/still-media/workshop.mjs
build	Upload complete canonical site	2026-09-22T14:14:43.3914417Z ./releases/v0.82.0/site/authoring/still-media/launch.js
build	Upload complete canonical site	2026-09-22T14:14:43.3914736Z ./releases/v0.82.0/site/authoring/still-media/examples/
build	Upload complete canonical site	2026-09-22T14:14:43.3915063Z ./releases/v0.82.0/site/authoring/still-media/examples/dawn-signal/
build	Upload complete canonical site	2026-09-22T14:14:43.3915432Z ./releases/v0.82.0/site/authoring/still-media/examples/dawn-signal/manifest.json
build	Upload complete canonical site	2026-09-22T14:14:43.3916001Z ./releases/v0.82.0/site/authoring/still-media/examples/dawn-signal/Dawn-Signal-stories.rlstory
build	Upload complete canonical site	2026-09-22T14:14:43.3916453Z ./releases/v0.82.0/site/authoring/still-media/examples/dawn-signal/Dawn-Signal-originals.rlmedia
build	Upload complete canonical site	2026-09-22T14:14:43.3917174Z ./releases/v0.82.0/site/authoring/still-media/index.html
build	Upload complete canonical site	2026-09-22T14:14:43.3917593Z ./releases/v0.82.0/site/authoring/enemy-catalog/
build	Upload complete canonical site	2026-09-22T14:14:43.3917981Z ./releases/v0.82.0/site/authoring/enemy-catalog/workshop.mjs
build	Upload complete canonical site	2026-09-22T14:14:43.3918332Z ./releases/v0.82.0/site/authoring/enemy-catalog/index.html
build	Upload complete canonical site	2026-09-22T14:14:43.3918657Z ./releases/v0.82.0/site/authoring/asset-studio/
build	Upload complete canonical site	2026-09-22T14:14:43.3919017Z ./releases/v0.82.0/site/authoring/asset-studio/audition-lifecycle.mjs
build	Upload complete canonical site	2026-09-22T14:14:43.3919387Z ./releases/v0.82.0/site/authoring/asset-studio/scene-preview.mjs
build	Upload complete canonical site	2026-09-22T14:14:43.3919749Z ./releases/v0.82.0/site/authoring/asset-studio/preview-fixture.mjs
build	Upload complete canonical site	2026-09-22T14:14:43.3920100Z ./releases/v0.82.0/site/authoring/asset-studio/helpers.mjs
build	Upload complete canonical site	2026-09-22T14:14:43.3920473Z ./releases/v0.82.0/site/authoring/asset-studio/component-specimens.mjs
build	Upload complete canonical site	2026-09-22T14:14:43.3920838Z ./releases/v0.82.0/site/authoring/asset-studio/preview-motion.mjs
build	Upload complete canonical site	2026-09-22T14:14:43.3921195Z ./releases/v0.82.0/site/authoring/asset-studio/operation.mjs
build	Upload complete canonical site	2026-09-22T14:14:43.3921562Z ./releases/v0.82.0/site/authoring/asset-studio/cross-mode-preview.mjs
build	Upload complete canonical site	2026-09-22T14:14:43.3921942Z ./releases/v0.82.0/site/authoring/asset-studio/team-preview-fixture.mjs
build	Upload complete canonical site	2026-09-22T14:14:43.3922336Z ./releases/v0.82.0/site/authoring/asset-studio/picture-context.mjs
build	Upload complete canonical site	2026-09-22T14:14:43.3922697Z ./releases/v0.82.0/site/authoring/asset-studio/sprite-panel.mjs
build	Upload complete canonical site	2026-09-22T14:14:43.3923125Z ./releases/v0.82.0/site/authoring/asset-studio/preview.mjs
build	Upload complete canonical site	2026-09-22T14:14:43.3923463Z ./releases/v0.82.0/site/authoring/asset-studio/guide.mjs
build	Upload complete canonical site	2026-09-22T14:14:43.3923794Z ./releases/v0.82.0/site/authoring/asset-studio/studio.mjs
build	Upload complete canonical site	2026-09-22T14:14:43.3924126Z ./releases/v0.82.0/site/authoring/asset-studio/index.html
build	Upload complete canonical site	2026-09-22T14:14:43.3924621Z ./releases/v0.82.0/site/authoring/asset-studio/interface-preferences.mjs
build	Upload complete canonical site	2026-09-22T14:14:43.3924991Z ./releases/v0.82.0/site/authoring/asset-studio/studio.css
build	Upload complete canonical site	2026-09-22T14:14:43.3925297Z ./releases/v0.82.0/site/credits.html
build	Upload complete canonical site	2026-09-22T14:14:43.3925578Z ./releases/v0.82.0/site/offline-cache.json
build	Upload complete canonical site	2026-09-22T14:14:43.3925868Z ./releases/v0.82.0/site/privacy.html
build	Upload complete canonical site	2026-09-22T14:14:43.3926130Z ./releases/v0.82.0/site/icons/
build	Upload complete canonical site	2026-09-22T14:14:43.3926383Z ./releases/v0.82.0/site/icons/icon-180.png
build	Upload complete canonical site	2026-09-22T14:14:43.3926672Z ./releases/v0.82.0/site/icons/icon-512.png
build	Upload complete canonical site	2026-09-22T14:14:43.3926952Z ./releases/v0.82.0/site/icons/icon.svg
build	Upload complete canonical site	2026-09-22T14:14:43.3927239Z ./releases/v0.82.0/site/icons/icon-192.png
build	Upload complete canonical site	2026-09-22T14:14:43.3927604Z ./releases/v0.82.0/site/.xonix-build.json
build	Upload complete canonical site	2026-09-22T14:14:43.3927878Z ./releases/v0.82.0/site/index.html
build	Upload complete canonical site	2026-09-22T14:14:43.3928131Z ./releases/v0.82.0/site/game/
build	Upload complete canonical site	2026-09-22T14:14:43.3928388Z ./releases/v0.82.0/site/game/chapter-download.mjs
build	Upload complete canonical site	2026-09-22T14:14:43.3928708Z ./releases/v0.82.0/site/game/presentation-pins.mjs
build	Upload complete canonical site	2026-09-22T14:14:43.3929062Z ./releases/v0.82.0/site/game/soundtrack-album-download.mjs
build	Upload complete canonical site	2026-09-22T14:14:43.3929367Z ./releases/v0.82.0/site/game/replay.mjs
build	Upload complete canonical site	2026-09-22T14:14:43.3929663Z ./releases/v0.82.0/site/game/story-media-store.mjs
build	Upload complete canonical site	2026-09-22T14:14:43.3930020Z ./releases/v0.82.0/site/game/campaign-difficulty.mjs
build	Upload complete canonical site	2026-09-22T14:14:43.3930335Z ./releases/v0.82.0/site/game/release-explorer.mjs
build	Upload complete canonical site	2026-09-22T14:14:43.3930658Z ./releases/v0.82.0/site/game/content-design/
build	Upload complete canonical site	2026-09-22T14:14:43.3930984Z ./releases/v0.82.0/site/game/content-design/team-art.mjs
build	Upload complete canonical site	2026-09-22T14:14:43.3931338Z ./releases/v0.82.0/site/game/content-design/whole-spatial-data.mjs
build	Upload complete canonical site	2026-09-22T14:14:43.3931694Z ./releases/v0.82.0/site/game/content-design/livewire-art.mjs
build	Upload complete canonical site	2026-09-22T14:14:43.3932031Z ./releases/v0.82.0/site/game/content-design/starter.mjs
build	Upload complete canonical site	2026-09-22T14:14:43.3932355Z ./releases/v0.82.0/site/game/content-design/session.mjs
build	Upload complete canonical site	2026-09-22T14:14:43.3932723Z ./releases/v0.82.0/site/game/content-design/phase-spatial-candidates.mjs
build	Upload complete canonical site	2026-09-22T14:14:43.3933157Z ./releases/v0.82.0/site/game/content-design/horizon-candidates.mjs
build	Upload complete canonical site	2026-09-22T14:14:43.3933518Z ./releases/v0.82.0/site/game/content-design/combat-candidates.mjs
build	Upload complete canonical site	2026-09-22T14:14:43.3933924Z ./releases/v0.82.0/site/game/content-design/pursuit-intercept-candidates.mjs
build	Upload complete canonical site	2026-09-22T14:14:43.3934279Z ./releases/v0.82.0/site/game/content-design/execution.mjs
build	Upload complete canonical site	2026-09-22T14:14:43.3934643Z ./releases/v0.82.0/site/game/content-design/timed-border-candidates.mjs
build	Upload complete canonical site	2026-09-22T14:14:43.3934984Z ./releases/v0.82.0/site/game/content-design/neon-art.mjs
build	Upload complete canonical site	2026-09-22T14:14:43.3935329Z ./releases/v0.82.0/site/game/content-design/actor-marker.mjs
build	Upload complete canonical site	2026-09-22T14:14:43.3935702Z ./releases/v0.82.0/site/game/content-design/campaign-music-direction.mjs
build	Upload complete canonical site	2026-09-22T14:14:43.3936086Z ./releases/v0.82.0/site/game/content-design/whole-spatial-candidates.mjs
build	Upload complete canonical site	2026-09-22T14:14:43.3936439Z ./releases/v0.82.0/site/game/content-design/project.mjs
build	Upload complete canonical site	2026-09-22T14:14:43.3936794Z ./releases/v0.82.0/site/game/content-design/team-qualification.mjs
build	Upload complete canonical site	2026-09-22T14:14:43.3937133Z ./releases/v0.82.0/site/game/content-design/solo-host.mjs
build	Upload complete canonical site	2026-09-22T14:14:43.3937570Z ./releases/v0.82.0/site/game/content-design/livewire-candidates.mjs
build	Upload complete canonical site	2026-09-22T14:14:43.3937930Z ./releases/v0.82.0/site/game/content-design/image-trace-session.mjs
build	Upload complete canonical site	2026-09-22T14:14:43.3938306Z ./releases/v0.82.0/site/game/content-design/team-pressure-originals.mjs
build	Upload complete canonical site	2026-09-22T14:14:43.3938666Z ./releases/v0.82.0/site/game/content-design/preview-loader.mjs
build	Upload complete canonical site	2026-09-22T14:14:43.3939013Z ./releases/v0.82.0/site/game/content-design/sequence.mjs
build	Upload complete canonical site	2026-09-22T14:14:43.3939343Z ./releases/v0.82.0/site/game/content-design/pacing.mjs
build	Upload complete canonical site	2026-09-22T14:14:43.3939764Z ./releases/v0.82.0/site/game/content-design/sentinel-candidates.mjs
build	Upload complete canonical site	2026-09-22T14:14:43.3940117Z ./releases/v0.82.0/site/game/content-design/journey-art.mjs
build	Upload complete canonical site	2026-09-22T14:14:43.3940463Z ./releases/v0.82.0/site/game/content-design/sentinel-art.mjs
build	Upload complete canonical site	2026-09-22T14:14:43.3940806Z ./releases/v0.82.0/site/game/content-design/objectives.mjs
build	Upload complete canonical site	2026-09-22T14:14:43.3941166Z ./releases/v0.82.0/site/game/content-design/border-candidates.mjs
build	Upload complete canonical site	2026-09-22T14:14:43.3941546Z ./releases/v0.82.0/site/game/content-design/horizon-spatial-candidates.mjs
build	Upload complete canonical site	2026-09-22T14:14:43.3941917Z ./releases/v0.82.0/site/game/content-design/team-candidates.mjs
build	Upload complete canonical site	2026-09-22T14:14:43.3942255Z ./releases/v0.82.0/site/game/content-design/map-view.mjs
build	Upload complete canonical site	2026-09-22T14:14:43.3942607Z ./releases/v0.82.0/site/game/content-design/phase-candidates.mjs
build	Upload complete canonical site	2026-09-22T14:14:43.3942960Z ./releases/v0.82.0/site/game/content-design/team-export.mjs
build	Upload complete canonical site	2026-09-22T14:14:43.3943328Z ./releases/v0.82.0/site/game/content-design/rover-candidates.mjs
build	Upload complete canonical site	2026-09-22T14:14:43.3943704Z ./releases/v0.82.0/site/game/content-design/team-spatial-originals.mjs
build	Upload complete canonical site	2026-09-22T14:14:43.3944072Z ./releases/v0.82.0/site/game/content-design/fracture-candidates.mjs
build	Upload complete canonical site	2026-09-22T14:14:43.3944430Z ./releases/v0.82.0/site/game/content-design/acceptance-evidence.mjs
build	Upload complete canonical site	2026-09-22T14:14:43.3944783Z ./releases/v0.82.0/site/game/content-design/image-trace.mjs
build	Upload complete canonical site	2026-09-22T14:14:43.3945120Z ./releases/v0.82.0/site/game/content-design/signal-art.mjs
build	Upload complete canonical site	2026-09-22T14:14:43.3945473Z ./releases/v0.82.0/site/game/content-design/team-mission-card.mjs
build	Upload complete canonical site	2026-09-22T14:14:43.3945819Z ./releases/v0.82.0/site/game/content-design/directional.mjs
build	Upload complete canonical site	2026-09-22T14:14:43.3946164Z ./releases/v0.82.0/site/game/content-design/mission-card.mjs
build	Upload complete canonical site	2026-09-22T14:14:43.3946521Z ./releases/v0.82.0/site/game/content-design/timed-bonuses.mjs
build	Upload complete canonical site	2026-09-22T14:14:43.3946905Z ./releases/v0.82.0/site/game/content-design/cultural-workshop-candidates.mjs
build	Upload complete canonical site	2026-09-22T14:14:43.3947287Z ./releases/v0.82.0/site/game/content-design/combat-authoring.mjs
build	Upload complete canonical site	2026-09-22T14:14:43.3947840Z ./releases/v0.82.0/site/game/content-design/geometry-edit.mjs
build	Upload complete canonical site	2026-09-22T14:14:43.3948179Z ./releases/v0.82.0/site/game/content-design/cultural-workshop-art.mjs
build	Upload complete canonical site	2026-09-22T14:14:43.3948527Z ./releases/v0.82.0/site/game/content-design/capture-overlay.mjs
build	Upload complete canonical site	2026-09-22T14:14:43.3948852Z ./releases/v0.82.0/site/game/content-design/themes.json
build	Upload complete canonical site	2026-09-22T14:14:43.3949038Z ./releases/v0.82.0/site/game/content-design/tuning.mjs
build	Upload complete canonical site	2026-09-22T14:14:43.3949228Z ./releases/v0.82.0/site/game/content-design/rover-art.mjs
build	Upload complete canonical site	2026-09-22T14:14:43.3949418Z ./releases/v0.82.0/site/game/content-design/team-host.mjs
build	Upload complete canonical site	2026-09-22T14:14:43.3949632Z ./releases/v0.82.0/site/game/content-design/team-material-candidates.mjs
build	Upload complete canonical site	2026-09-22T14:14:43.3949867Z ./releases/v0.82.0/site/game/content-design/team-actor-candidates.mjs
build	Upload complete canonical site	2026-09-22T14:14:43.3950078Z ./releases/v0.82.0/site/game/content-design/structure.mjs
build	Upload complete canonical site	2026-09-22T14:14:43.3950306Z ./releases/v0.82.0/site/game/content-design/team-roamer-spatial-candidates.mjs
build	Upload complete canonical site	2026-09-22T14:14:43.3950540Z ./releases/v0.82.0/site/game/content-design/picture.mjs
build	Upload complete canonical site	2026-09-22T14:14:43.3950728Z ./releases/v0.82.0/site/game/content-design/recovery.mjs
build	Upload complete canonical site	2026-09-22T14:14:43.3950927Z ./releases/v0.82.0/site/game/content-design/crosswind-art.mjs
build	Upload complete canonical site	2026-09-22T14:14:43.3951139Z ./releases/v0.82.0/site/game/content-design/material-markers.mjs
build	Upload complete canonical site	2026-09-22T14:14:43.3951357Z ./releases/v0.82.0/site/game/content-design/team-progress.mjs
build	Upload complete canonical site	2026-09-22T14:14:43.3951579Z ./releases/v0.82.0/site/game/content-design/rover-spatial-candidates.mjs
build	Upload complete canonical site	2026-09-22T14:14:43.3951809Z ./releases/v0.82.0/site/game/content-design/image-authoring.mjs
build	Upload complete canonical site	2026-09-22T14:14:43.3952010Z ./releases/v0.82.0/site/game/content-design/preview.mjs
build	Upload complete canonical site	2026-09-22T14:14:43.3952200Z ./releases/v0.82.0/site/game/content-design/color-trace.mjs
build	Upload complete canonical site	2026-09-22T14:14:43.3952423Z ./releases/v0.82.0/site/game/content-design/spatial-balance-candidates.mjs
build	Upload complete canonical site	2026-09-22T14:14:43.3952672Z ./releases/v0.82.0/site/game/content-design/rover-teaching-candidates.mjs
build	Upload complete canonical site	2026-09-22T14:14:43.3952990Z ./releases/v0.82.0/site/game/content-design/team-timed-originals.mjs
build	Upload complete canonical site	2026-09-22T14:14:43.3953218Z ./releases/v0.82.0/site/game/content-design/team-signal-candidates.mjs
build	Upload complete canonical site	2026-09-22T14:14:43.3953428Z ./releases/v0.82.0/site/game/content-design/attempt.mjs
build	Upload complete canonical site	2026-09-22T14:14:43.3953619Z ./releases/v0.82.0/site/game/content-design/route.mjs
build	Upload complete canonical site	2026-09-22T14:14:43.3953803Z ./releases/v0.82.0/site/game/content-design/drafts.mjs
build	Upload complete canonical site	2026-09-22T14:14:43.3954003Z ./releases/v0.82.0/site/game/content-design/signal-candidates.mjs
build	Upload complete canonical site	2026-09-22T14:14:43.3954225Z ./releases/v0.82.0/site/game/content-design/team-timed-candidates.mjs
build	Upload complete canonical site	2026-09-22T14:14:43.3954443Z ./releases/v0.82.0/site/game/content-design/route-loader.mjs
build	Upload complete canonical site	2026-09-22T14:14:43.3954647Z ./releases/v0.82.0/site/game/content-design/fracture-art.mjs
build	Upload complete canonical site	2026-09-22T14:14:43.3954843Z ./releases/v0.82.0/site/game/content-design/relays.mjs
build	Upload complete canonical site	2026-09-22T14:14:43.3955059Z ./releases/v0.82.0/site/game/content-design/campaign-actor-presentation.mjs
build	Upload complete canonical site	2026-09-22T14:14:43.3955294Z ./releases/v0.82.0/site/game/content-design/team-entry.mjs
build	Upload complete canonical site	2026-09-22T14:14:43.3955483Z ./releases/v0.82.0/site/game/content-design/limits.mjs
build	Upload complete canonical site	2026-09-22T14:14:43.3955665Z ./releases/v0.82.0/site/game/content-design/bonuses.mjs
build	Upload complete canonical site	2026-09-22T14:14:43.3955850Z ./releases/v0.82.0/site/game/content-design/journey.mjs
build	Upload complete canonical site	2026-09-22T14:14:43.3956046Z ./releases/v0.82.0/site/game/content-design/border-art.mjs
build	Upload complete canonical site	2026-09-22T14:14:43.3956248Z ./releases/v0.82.0/site/game/content-design/team-timed-art.mjs
build	Upload complete canonical site	2026-09-22T14:14:43.3956462Z ./releases/v0.82.0/site/game/content-design/apex-candidates.mjs
build	Upload complete canonical site	2026-09-22T14:14:43.3956692Z ./releases/v0.82.0/site/game/content-design/outpost-spatial-candidates.mjs
build	Upload complete canonical site	2026-09-22T14:14:43.3956922Z ./releases/v0.82.0/site/game/content-design/team-runtime.mjs
build	Upload complete canonical site	2026-09-22T14:14:43.3957140Z ./releases/v0.82.0/site/game/content-design/team-journey-candidates.mjs
build	Upload complete canonical site	2026-09-22T14:14:43.3957507Z ./releases/v0.82.0/site/game/content-design/pressure-candidates.mjs
build	Upload complete canonical site	2026-09-22T14:14:43.3957822Z ./releases/v0.82.0/site/game/content-design/map.mjs
build	Upload complete canonical site	2026-09-22T14:14:43.3958140Z ./releases/v0.82.0/site/game/content-design/team-roamer-candidates.mjs
build	Upload complete canonical site	2026-09-22T14:14:43.3958432Z ./releases/v0.82.0/site/game/content-design/campaign-presentation.mjs
build	Upload complete canonical site	2026-09-22T14:14:43.3958674Z ./releases/v0.82.0/site/game/content-design/fracture-spatial-candidates.mjs
build	Upload complete canonical site	2026-09-22T14:14:43.3958995Z ./releases/v0.82.0/site/game/content-design/encounters.mjs
build	Upload complete canonical site	2026-09-22T14:14:43.3959192Z ./releases/v0.82.0/site/game/content-design/versus-host.mjs
build	Upload complete canonical site	2026-09-22T14:14:43.3959416Z ./releases/v0.82.0/site/game/content-design/sentinel-spatial-candidates.mjs
build	Upload complete canonical site	2026-09-22T14:14:43.3959641Z ./releases/v0.82.0/site/game/content-design/horizon-art.mjs
build	Upload complete canonical site	2026-09-22T14:14:43.3959856Z ./releases/v0.82.0/site/game/content-design/crosswind-candidates.mjs
build	Upload complete canonical site	2026-09-22T14:14:43.3960070Z ./releases/v0.82.0/site/game/content-design/diagnostics.mjs
build	Upload complete canonical site	2026-09-22T14:14:43.3960273Z ./releases/v0.82.0/site/game/content-design/neon-candidates.mjs
build	Upload complete canonical site	2026-09-22T14:14:43.3960473Z ./releases/v0.82.0/site/game/content-design/actors.mjs
build	Upload complete canonical site	2026-09-22T14:14:43.3960664Z ./releases/v0.82.0/site/game/content-design/relay-art.mjs
build	Upload complete canonical site	2026-09-22T14:14:43.3960854Z ./releases/v0.82.0/site/game/content-design/catalogs.mjs
build	Upload complete canonical site	2026-09-22T14:14:43.3961076Z ./releases/v0.82.0/site/game/content-design/team-window-spatial-candidates.mjs
build	Upload complete canonical site	2026-09-22T14:14:43.3961335Z ./releases/v0.82.0/site/game/content-design/livewire-spatial-candidates.mjs
build	Upload complete canonical site	2026-09-22T14:14:43.3961559Z ./releases/v0.82.0/site/game/content-design/apex-art.mjs
build	Upload complete canonical site	2026-09-22T14:14:43.3961749Z ./releases/v0.82.0/site/game/content-design/mode-href.mjs
build	Upload complete canonical site	2026-09-22T14:14:43.3961978Z ./releases/v0.82.0/site/game/content-design/cultural-workshop-art-candidates.mjs
build	Upload complete canonical site	2026-09-22T14:14:43.3962245Z ./releases/v0.82.0/site/game/content-design/team-depot-spatial-candidates.mjs
build	Upload complete canonical site	2026-09-22T14:14:43.3962493Z ./releases/v0.82.0/site/game/content-design/image-trace-storage.mjs
build	Upload complete canonical site	2026-09-22T14:14:43.3962693Z ./releases/v0.82.0/site/game/content-design/assets/
build	Upload complete canonical site	2026-09-22T14:14:43.3963014Z ./releases/v0.82.0/site/game/content-design/assets/team-partners-r1/
build	Upload complete canonical site	2026-09-22T14:14:43.3963270Z ./releases/v0.82.0/site/game/content-design/assets/team-partners-r1/shared-lookout.png
build	Upload complete canonical site	2026-09-22T14:14:43.3967812Z ./releases/v0.82.0/site/game/content-design/assets/team-partners-r1/weaver-crossing.png
build	Upload complete canonical site	2026-09-22T14:14:43.3975058Z ./releases/v0.82.0/site/game/content-design/assets/team-partners-r1/twin-landings.png
build	Upload complete canonical site	2026-09-22T14:14:43.3989767Z ./releases/v0.82.0/site/game/content-design/assets/team-partners-r1/crossed-gardens.png
build	Upload complete canonical site	2026-09-22T14:14:43.4006127Z ./releases/v0.82.0/site/game/content-design/assets/team-partners-r1/divided-workshop.png
build	Upload complete canonical site	2026-09-22T14:14:43.4021071Z ./releases/v0.82.0/site/game/content-design/assets/team-partners-r1/last-rendezvous.png
build	Upload complete canonical site	2026-09-22T14:14:43.4035133Z ./releases/v0.82.0/site/game/content-design/assets/team-partners-r1/stepping-exchange.png
build	Upload complete canonical site	2026-09-22T14:14:43.4050590Z ./releases/v0.82.0/site/game/content-design/assets/team-partners-r1/split-orchards.png
build	Upload complete canonical site	2026-09-22T14:14:43.4068230Z ./releases/v0.82.0/site/game/content-design/assets/team-partners-r1/changing-courtyard.png
build	Upload complete canonical site	2026-09-22T14:14:43.4084113Z ./releases/v0.82.0/site/game/content-design/assets/team-partners-r1/twin-depots.png
build	Upload complete canonical site	2026-09-22T14:14:43.4099839Z ./releases/v0.82.0/site/game/content-design/assets/team-partners-r1/switchback-partners.png
build	Upload complete canonical site	2026-09-22T14:14:43.4115583Z ./releases/v0.82.0/site/game/content-design/assets/relay-archive-r1/
build	Upload complete canonical site	2026-09-22T14:14:43.4115989Z ./releases/v0.82.0/site/game/content-design/assets/relay-archive-r1/watchpost-exchange.png
build	Upload complete canonical site	2026-09-22T14:14:43.4128992Z ./releases/v0.82.0/site/game/content-design/assets/relay-archive-r1/spiral-stores.png
build	Upload complete canonical site	2026-09-22T14:14:43.4141628Z ./releases/v0.82.0/site/game/content-design/assets/relay-archive-r1/relay-remix.png
build	Upload complete canonical site	2026-09-22T14:14:43.4154672Z ./releases/v0.82.0/site/game/content-design/assets/relay-archive-r1/nested-relays.png
build	Upload complete canonical site	2026-09-22T14:14:43.4168505Z ./releases/v0.82.0/site/game/content-design/assets/relay-archive-r1/three-compounds.png
build	Upload complete canonical site	2026-09-22T14:14:43.4184575Z ./releases/v0.82.0/site/game/content-design/assets/relay-archive-r1/first-link.png
build	Upload complete canonical site	2026-09-22T14:14:43.4199697Z ./releases/v0.82.0/site/game/content-design/assets/relay-archive-r1/second-approach.png
build	Upload complete canonical site	2026-09-22T14:14:43.4215250Z ./releases/v0.82.0/site/game/content-design/assets/signal-pixel-r1/
build	Upload complete canonical site	2026-09-22T14:14:43.4215791Z ./releases/v0.82.0/site/game/content-design/assets/signal-pixel-r1/wide-approach.png
build	Upload complete canonical site	2026-09-22T14:14:43.4229205Z ./releases/v0.82.0/site/game/content-design/assets/signal-pixel-r1/soft-crossing.png
build	Upload complete canonical site	2026-09-22T14:14:43.4242916Z ./releases/v0.82.0/site/game/content-design/assets/signal-pixel-r1/signal-remix.png
build	Upload complete canonical site	2026-09-22T14:14:43.4256980Z ./releases/v0.82.0/site/game/content-design/assets/signal-pixel-r1/garden-refuges.png
build	Upload complete canonical site	2026-09-22T14:14:43.4273625Z ./releases/v0.82.0/site/game/content-design/assets/signal-pixel-r1/cool-the-crossing.png
build	Upload complete canonical site	2026-09-22T14:14:43.4288174Z ./releases/v0.82.0/site/game/content-design/assets/signal-pixel-r1/dry-spine.png
build	Upload complete canonical site	2026-09-22T14:14:43.4300917Z ./releases/v0.82.0/site/game/content-design/assets/signal-pixel-r1/shared-detour.png
build	Upload complete canonical site	2026-09-22T14:14:43.4317087Z ./releases/v0.82.0/site/game/content-design/assets/signal-pixel-r1/neutral-ground.png
build	Upload complete canonical site	2026-09-22T14:14:43.4331191Z ./releases/v0.82.0/site/game/content-design/assets/apex-polar-r1/
build	Upload complete canonical site	2026-09-22T14:14:43.4331608Z ./releases/v0.82.0/site/game/content-design/assets/apex-polar-r1/crossing-complete.png
build	Upload complete canonical site	2026-09-22T14:14:43.4344947Z ./releases/v0.82.0/site/game/content-design/assets/apex-polar-r1/home-signal.png
build	Upload complete canonical site	2026-09-22T14:14:43.4358863Z ./releases/v0.82.0/site/game/content-design/assets/apex-polar-r1/final-broadcast.png
build	Upload complete canonical site	2026-09-22T14:14:43.4371723Z ./releases/v0.82.0/site/game/content-design/assets/apex-polar-r1/returning-light.png
build	Upload complete canonical site	2026-09-22T14:14:43.4386241Z ./releases/v0.82.0/site/game/content-design/assets/apex-polar-r1/apex-remix.png
build	Upload complete canonical site	2026-09-22T14:14:43.4401592Z ./releases/v0.82.0/site/game/content-design/assets/rover-pixel-r1/
build	Upload complete canonical site	2026-09-22T14:14:43.4401967Z ./releases/v0.82.0/site/game/content-design/assets/rover-pixel-r1/rover-remix.png
build	Upload complete canonical site	2026-09-22T14:14:43.4415940Z ./releases/v0.82.0/site/game/content-design/assets/rover-pixel-r1/stepped-return.png
build	Upload complete canonical site	2026-09-22T14:14:43.4430290Z ./releases/v0.82.0/site/game/content-design/assets/rover-pixel-r1/broken-yard.png
build	Upload complete canonical site	2026-09-22T14:14:43.4443747Z ./releases/v0.82.0/site/game/content-design/assets/rover-pixel-r1/sorting-yard.png
build	Upload complete canonical site	2026-09-22T14:14:43.4457653Z ./releases/v0.82.0/site/game/content-design/assets/rover-pixel-r1/split-berths.png
build	Upload complete canonical site	2026-09-22T14:14:43.4470224Z ./releases/v0.82.0/site/game/content-design/assets/rover-pixel-r1/wake-the-yard.png
build	Upload complete canonical site	2026-09-22T14:14:43.4483934Z ./releases/v0.82.0/site/game/content-design/assets/rover-pixel-r1/between-the-rows.png
build	Upload complete canonical site	2026-09-22T14:14:43.4499205Z ./releases/v0.82.0/site/game/content-design/assets/phase-observatory-r1/
build	Upload complete canonical site	2026-09-22T14:14:43.4499635Z ./releases/v0.82.0/site/game/content-design/assets/phase-observatory-r1/phase-remix.png
build	Upload complete canonical site	2026-09-22T14:14:43.4511860Z ./releases/v0.82.0/site/game/content-design/assets/phase-observatory-r1/two-ways-home.png
build	Upload complete canonical site	2026-09-22T14:14:43.4524694Z ./releases/v0.82.0/site/game/content-design/assets/phase-observatory-r1/pressure-ladder.png
build	Upload complete canonical site	2026-09-22T14:14:43.4536278Z ./releases/v0.82.0/site/game/content-design/assets/phase-observatory-r1/dogleg-transfer.png
build	Upload complete canonical site	2026-09-22T14:14:43.4548396Z ./releases/v0.82.0/site/game/content-design/assets/phase-observatory-r1/signal-channels.png
build	Upload complete canonical site	2026-09-22T14:14:43.4562044Z ./releases/v0.82.0/site/game/content-design/assets/phase-observatory-r1/return-in-reserve.png
build	Upload complete canonical site	2026-09-22T14:14:43.4574114Z ./releases/v0.82.0/site/game/content-design/assets/phase-observatory-r1/crossed-bands.png
build	Upload complete canonical site	2026-09-22T14:14:43.4586709Z ./releases/v0.82.0/site/game/content-design/assets/horizon-r1/
build	Upload complete canonical site	2026-09-22T14:14:43.4586960Z ./releases/v0.82.0/site/game/content-design/assets/horizon-r1/island-outpost.png
build	Upload complete canonical site	2026-09-22T14:14:43.4601079Z ./releases/v0.82.0/site/game/content-design/assets/horizon-r1/long-way-home.png
build	Upload complete canonical site	2026-09-22T14:14:43.4615845Z ./releases/v0.82.0/site/game/content-design/assets/horizon-r1/nearby-shore.png
build	Upload complete canonical site	2026-09-22T14:14:43.4630786Z ./releases/v0.82.0/site/game/content-design/assets/horizon-r1/first-return.png
build	Upload complete canonical site	2026-09-22T14:14:43.4644672Z ./releases/v0.82.0/site/game/content-design/assets/horizon-r1/PROMPTS.md
build	Upload complete canonical site	2026-09-22T14:14:43.4645030Z ./releases/v0.82.0/site/game/content-design/assets/horizon-r1/courtyard-return.png
build	Upload complete canonical site	2026-09-22T14:14:43.4660189Z ./releases/v0.82.0/site/game/content-design/assets/horizon-r1/two-keepers.png
build	Upload complete canonical site	2026-09-22T14:14:43.4674872Z ./releases/v0.82.0/site/game/content-design/assets/horizon-r1/choose-your-share.png
build	Upload complete canonical site	2026-09-22T14:14:43.4691071Z ./releases/v0.82.0/site/game/content-design/assets/horizon-r1/two-bays.png
build	Upload complete canonical site	2026-09-22T14:14:43.4706648Z ./releases/v0.82.0/site/game/content-design/assets/horizon-r1/stepping-stones.png
build	Upload complete canonical site	2026-09-22T14:14:43.4722324Z ./releases/v0.82.0/site/game/content-design/assets/horizon-r1/horizon-remix.png
build	Upload complete canonical site	2026-09-22T14:14:43.4736303Z ./releases/v0.82.0/site/game/content-design/assets/fracture-coastal-r1/
build	Upload complete canonical site	2026-09-22T14:14:43.4736595Z ./releases/v0.82.0/site/game/content-design/assets/fracture-coastal-r1/staggered-reserve.png
build	Upload complete canonical site	2026-09-22T14:14:43.4752210Z ./releases/v0.82.0/site/game/content-design/assets/fracture-coastal-r1/five-anchors.png
build	Upload complete canonical site	2026-09-22T14:14:43.4767756Z ./releases/v0.82.0/site/game/content-design/assets/fracture-coastal-r1/island-reserve.png
build	Upload complete canonical site	2026-09-22T14:14:43.4781182Z ./releases/v0.82.0/site/game/content-design/assets/fracture-coastal-r1/fracture-remix.png
build	Upload complete canonical site	2026-09-22T14:14:43.4795202Z ./releases/v0.82.0/site/game/content-design/assets/fracture-coastal-r1/first-fracture.png
build	Upload complete canonical site	2026-09-22T14:14:43.4808828Z ./releases/v0.82.0/site/game/content-design/assets/fracture-coastal-r1/two-districts.png
build	Upload complete canonical site	2026-09-22T14:14:43.4824285Z ./releases/v0.82.0/site/game/content-design/assets/fracture-coastal-r1/bank-the-crossing.png
build	Upload complete canonical site	2026-09-22T14:14:43.4839695Z ./releases/v0.82.0/site/game/content-design/assets/workshop-study-r1/
build	Upload complete canonical site	2026-09-22T14:14:43.4839973Z ./releases/v0.82.0/site/game/content-design/assets/workshop-study-r1/four-motor-landings.png
build	Upload complete canonical site	2026-09-22T14:14:43.4850641Z ./releases/v0.82.0/site/game/content-design/assets/workshop-study-r1/toolbench-weave.png
build	Upload complete canonical site	2026-09-22T14:14:43.4861178Z ./releases/v0.82.0/site/game/content-design/assets/workshop-study-r1/circuit-lanes.png
build	Upload complete canonical site	2026-09-22T14:14:43.4872053Z ./releases/v0.82.0/site/game/content-design/assets/workshop-study-r1/twin-lens-chambers.png
build	Upload complete canonical site	2026-09-22T14:14:43.4884688Z ./releases/v0.82.0/site/game/content-design/assets/sentinel-citadel-r1/
build	Upload complete canonical site	2026-09-22T14:14:43.4885145Z ./releases/v0.82.0/site/game/content-design/assets/sentinel-citadel-r1/sentinel-remix.png
build	Upload complete canonical site	2026-09-22T14:14:43.4898988Z ./releases/v0.82.0/site/game/content-design/assets/sentinel-citadel-r1/first-relay.png
build	Upload complete canonical site	2026-09-22T14:14:43.4914230Z ./releases/v0.82.0/site/game/content-design/assets/sentinel-citadel-r1/twin-receivers.png
build	Upload complete canonical site	2026-09-22T14:14:43.4928277Z ./releases/v0.82.0/site/game/content-design/assets/sentinel-citadel-r1/crown-audience.png
build	Upload complete canonical site	2026-09-22T14:14:43.4944181Z ./releases/v0.82.0/site/game/content-design/assets/sentinel-citadel-r1/relay-perimeter.png
build	Upload complete canonical site	2026-09-22T14:14:43.4960598Z ./releases/v0.82.0/site/game/content-design/assets/border-r1/
build	Upload complete canonical site	2026-09-22T14:14:43.4960980Z ./releases/v0.82.0/site/game/content-design/assets/border-r1/return-pocket.png
build	Upload complete canonical site	2026-09-22T14:14:43.4977901Z ./releases/v0.82.0/site/game/content-design/assets/border-r1/turn-the-corner.png
build	Upload complete canonical site	2026-09-22T14:14:43.4994781Z ./releases/v0.82.0/site/game/content-design/assets/border-r1/border-remix.png
build	Upload complete canonical site	2026-09-22T14:14:43.5010092Z ./releases/v0.82.0/site/game/content-design/assets/border-r1/new-frontier.png
build	Upload complete canonical site	2026-09-22T14:14:43.5025281Z ./releases/v0.82.0/site/game/content-design/assets/border-r1/behind-the-patrol.png
build	Upload complete canonical site	2026-09-22T14:14:43.5041402Z ./releases/v0.82.0/site/game/content-design/assets/border-r1/PROMPTS.md
build	Upload complete canonical site	2026-09-22T14:14:43.5041794Z ./releases/v0.82.0/site/game/content-design/assets/border-r1/long-rail.png
build	Upload complete canonical site	2026-09-22T14:14:43.5057768Z ./releases/v0.82.0/site/game/content-design/assets/border-r1/second-landing.png
build	Upload complete canonical site	2026-09-22T14:14:43.5073099Z ./releases/v0.82.0/site/game/content-design/assets/neon-pixel-r1/
build	Upload complete canonical site	2026-09-22T14:14:43.5073488Z ./releases/v0.82.0/site/game/content-design/assets/neon-pixel-r1/inside-out.png
build	Upload complete canonical site	2026-09-22T14:14:43.5093535Z ./releases/v0.82.0/site/game/content-design/assets/neon-pixel-r1/neon-remix.png
build	Upload complete canonical site	2026-09-22T14:14:43.5102597Z ./releases/v0.82.0/site/game/content-design/assets/neon-pixel-r1/staggered-circuit.png
build	Upload complete canonical site	2026-09-22T14:14:43.5116983Z ./releases/v0.82.0/site/game/content-design/assets/neon-pixel-r1/four-quarters.png
build	Upload complete canonical site	2026-09-22T14:14:43.5133062Z ./releases/v0.82.0/site/game/content-design/assets/neon-pixel-r1/dogleg-return.png
build	Upload complete canonical site	2026-09-22T14:14:43.5148068Z ./releases/v0.82.0/site/game/content-design/assets/neon-pixel-r1/folded-corner.png
build	Upload complete canonical site	2026-09-22T14:14:43.5162097Z ./releases/v0.82.0/site/game/content-design/assets/neon-pixel-r1/side-door-bays.png
build	Upload complete canonical site	2026-09-22T14:14:43.5175614Z ./releases/v0.82.0/site/game/content-design/assets/signal-r1/
build	Upload complete canonical site	2026-09-22T14:14:43.5176000Z ./releases/v0.82.0/site/game/content-design/assets/signal-r1/wide-approach.png
build	Upload complete canonical site	2026-09-22T14:14:43.5192371Z ./releases/v0.82.0/site/game/content-design/assets/signal-r1/soft-crossing.png
build	Upload complete canonical site	2026-09-22T14:14:43.5208137Z ./releases/v0.82.0/site/game/content-design/assets/signal-r1/dry-spine.png
build	Upload complete canonical site	2026-09-22T14:14:43.5223234Z ./releases/v0.82.0/site/game/content-design/assets/ornament-study-r1/
build	Upload complete canonical site	2026-09-22T14:14:43.5223675Z ./releases/v0.82.0/site/game/content-design/assets/ornament-study-r1/pysanka-sections.png
build	Upload complete canonical site	2026-09-22T14:14:43.5233502Z ./releases/v0.82.0/site/game/content-design/assets/ornament-study-r1/cross-stitch-crossings.png
build	Upload complete canonical site	2026-09-22T14:14:43.5248274Z ./releases/v0.82.0/site/game/content-design/assets/ornament-study-r1/rushnyk-bands.png
build	Upload complete canonical site	2026-09-22T14:14:43.5260364Z ./releases/v0.82.0/site/game/content-design/assets/ornament-study-r1/dnipro-crossings.png
build	Upload complete canonical site	2026-09-22T14:14:43.5272213Z ./releases/v0.82.0/site/game/content-design/assets/crosswind-highlands-r1/
build	Upload complete canonical site	2026-09-22T14:14:43.5272650Z ./releases/v0.82.0/site/game/content-design/assets/crosswind-highlands-r1/long-wave.png
build	Upload complete canonical site	2026-09-22T14:14:43.5287720Z ./releases/v0.82.0/site/game/content-design/assets/crosswind-highlands-r1/crosswind-remix.png
build	Upload complete canonical site	2026-09-22T14:14:43.5303231Z ./releases/v0.82.0/site/game/content-design/assets/crosswind-highlands-r1/read-the-arrows.png
build	Upload complete canonical site	2026-09-22T14:14:43.5318363Z ./releases/v0.82.0/site/game/content-design/assets/crosswind-highlands-r1/survey-markers.png
build	Upload complete canonical site	2026-09-22T14:14:43.5333731Z ./releases/v0.82.0/site/game/content-design/assets/crosswind-highlands-r1/outer-loop.png
build	Upload complete canonical site	2026-09-22T14:14:43.5348764Z ./releases/v0.82.0/site/game/content-design/assets/crosswind-highlands-r1/windbreak-weave.png
build	Upload complete canonical site	2026-09-22T14:14:43.5365523Z ./releases/v0.82.0/site/game/content-design/assets/crosswind-highlands-r1/compass-array.png
build	Upload complete canonical site	2026-09-22T14:14:43.5380885Z ./releases/v0.82.0/site/game/content-design/assets/livewire-foundry-r1/
build	Upload complete canonical site	2026-09-22T14:14:43.5381188Z ./releases/v0.82.0/site/game/content-design/assets/livewire-foundry-r1/read-the-lock.png
build	Upload complete canonical site	2026-09-22T14:14:43.5395120Z ./releases/v0.82.0/site/game/content-design/assets/livewire-foundry-r1/switchyard.png
build	Upload complete canonical site	2026-09-22T14:14:43.5409312Z ./releases/v0.82.0/site/game/content-design/assets/livewire-foundry-r1/cooling-loop.png
build	Upload complete canonical site	2026-09-22T14:14:43.5424370Z ./releases/v0.82.0/site/game/content-design/assets/livewire-foundry-r1/cross-the-afterglow.png
build	Upload complete canonical site	2026-09-22T14:14:43.5437933Z ./releases/v0.82.0/site/game/content-design/assets/livewire-foundry-r1/split-junction.png
build	Upload complete canonical site	2026-09-22T14:14:43.5452032Z ./releases/v0.82.0/site/game/content-design/assets/livewire-foundry-r1/livewire-remix.png
build	Upload complete canonical site	2026-09-22T14:14:43.5465990Z ./releases/v0.82.0/site/game/content-design/assets/livewire-foundry-r1/crossbar-depot.png
build	Upload complete canonical site	2026-09-22T14:14:43.5480934Z ./releases/v0.82.0/site/game/content-design/assets/team-windows-r1/
build	Upload complete canonical site	2026-09-22T14:14:43.5481350Z ./releases/v0.82.0/site/game/content-design/assets/team-windows-r1/window-exchange.png
build	Upload complete canonical site	2026-09-22T14:14:43.5496328Z ./releases/v0.82.0/site/game/content-design/assets/team-windows-r1/coolant-crossing.png
build	Upload complete canonical site	2026-09-22T14:14:43.5510361Z ./releases/v0.82.0/site/game/content-design/assets/team-windows-r1/depot-dash.png
build	Upload complete canonical site	2026-09-22T14:14:43.5523173Z ./releases/v0.82.0/site/game/content-design/phase-art.mjs
build	Upload complete canonical site	2026-09-22T14:14:43.5523487Z ./releases/v0.82.0/site/game/content-design/team-capture-teaching.mjs
build	Upload complete canonical site	2026-09-22T14:14:43.5523866Z ./releases/v0.82.0/site/game/content-design/assets.mjs
build	Upload complete canonical site	2026-09-22T14:14:43.5524354Z ./releases/v0.82.0/site/game/content-design/relay-candidates.mjs
build	Upload complete canonical site	2026-09-22T14:14:43.5524658Z ./releases/v0.82.0/site/game/content-design/whole-journey-order.mjs
build	Upload complete canonical site	2026-09-22T14:14:43.5525073Z ./releases/v0.82.0/site/game/content-design/whole-journey-candidates.mjs
build	Upload complete canonical site	2026-09-22T14:14:43.5525465Z ./releases/v0.82.0/site/game/content-design/route-definition.mjs
build	Upload complete canonical site	2026-09-22T14:14:43.5525715Z ./releases/v0.82.0/site/game/content-design/apex-field-candidates.mjs
build	Upload complete canonical site	2026-09-22T14:14:43.5526068Z ./releases/v0.82.0/site/game/content-design/team-timed-entry.mjs
build	Upload complete canonical site	2026-09-22T14:14:43.5526294Z ./releases/v0.82.0/site/game/content-design/apex-spatial-candidates.mjs
build	Upload complete canonical site	2026-09-22T14:14:43.5526502Z ./releases/v0.82.0/site/game/enemy-guide.mjs
build	Upload complete canonical site	2026-09-22T14:14:43.5526670Z ./releases/v0.82.0/site/game/touch-controls.mjs
build	Upload complete canonical site	2026-09-22T14:14:43.5526838Z ./releases/v0.82.0/site/game/build-config.json
build	Upload complete canonical site	2026-09-22T14:14:43.5527000Z ./releases/v0.82.0/site/game/mode-return.mjs
build	Upload complete canonical site	2026-09-22T14:14:43.5527175Z ./releases/v0.82.0/site/game/soundtrack-portable.mjs
build	Upload complete canonical site	2026-09-22T14:14:43.5527464Z ./releases/v0.82.0/site/game/optional-chapters.mjs
build	Upload complete canonical site	2026-09-22T14:14:43.5527759Z ./releases/v0.82.0/site/game/external-chapter-source.mjs
build	Upload complete canonical site	2026-09-22T14:14:43.5527973Z ./releases/v0.82.0/site/game/input-presentation.mjs
build	Upload complete canonical site	2026-09-22T14:14:43.5528265Z ./releases/v0.82.0/site/game/story-bindings.mjs
build	Upload complete canonical site	2026-09-22T14:14:43.5528476Z ./releases/v0.82.0/site/game/profile-recovery-catalogs.mjs
build	Upload complete canonical site	2026-09-22T14:14:43.5528794Z ./releases/v0.82.0/site/game/profile-writer.mjs
build	Upload complete canonical site	2026-09-22T14:14:43.5529025Z ./releases/v0.82.0/site/game/story-bundle.mjs
build	Upload complete canonical site	2026-09-22T14:14:43.5529370Z ./releases/v0.82.0/site/game/data-json.mjs
build	Upload complete canonical site	2026-09-22T14:14:43.5529651Z ./releases/v0.82.0/site/game/story-storage-record.mjs
build	Upload complete canonical site	2026-09-22T14:14:43.5529862Z ./releases/v0.82.0/site/game/generator.mjs
build	Upload complete canonical site	2026-09-22T14:14:43.5530015Z ./releases/v0.82.0/site/game/presentation/
build	Upload complete canonical site	2026-09-22T14:14:43.5530193Z ./releases/v0.82.0/site/game/presentation/combat-review.html
build	Upload complete canonical site	2026-09-22T14:14:43.5530414Z ./releases/v0.82.0/site/game/presentation/release-pictures.mjs
build	Upload complete canonical site	2026-09-22T14:14:43.5530654Z ./releases/v0.82.0/site/game/presentation/journey-visual-theme-identities.mjs
build	Upload complete canonical site	2026-09-22T14:14:43.5530895Z ./releases/v0.82.0/site/game/presentation/combat-review.css
build	Upload complete canonical site	2026-09-22T14:14:43.5531085Z ./releases/v0.82.0/site/game/presentation/host.mjs
build	Upload complete canonical site	2026-09-22T14:14:43.5531272Z ./releases/v0.82.0/site/game/presentation/runtime.mjs
build	Upload complete canonical site	2026-09-22T14:14:43.5531455Z ./releases/v0.82.0/site/game/presentation/page-entry.mjs
build	Upload complete canonical site	2026-09-22T14:14:43.5531645Z ./releases/v0.82.0/site/game/presentation/current-art.mjs
build	Upload complete canonical site	2026-09-22T14:14:43.5531834Z ./releases/v0.82.0/site/game/presentation/pixel-art.mjs
build	Upload complete canonical site	2026-09-22T14:14:43.5532035Z ./releases/v0.82.0/site/game/presentation/dom-ownership.mjs
build	Upload complete canonical site	2026-09-22T14:14:43.5532251Z ./releases/v0.82.0/site/game/presentation/journey-actor-materials.mjs
build	Upload complete canonical site	2026-09-22T14:14:43.5532476Z ./releases/v0.82.0/site/game/presentation/current-art-sources.mjs
build	Upload complete canonical site	2026-09-22T14:14:43.5533502Z ./releases/v0.82.0/site/game/presentation/menu-styles.mjs
build	Upload complete canonical site	2026-09-22T14:14:43.5533820Z ./releases/v0.82.0/site/game/presentation/catalog.mjs
build	Upload complete canonical site	2026-09-22T14:14:43.5534173Z ./releases/v0.82.0/site/game/presentation/visual-theme-identities.mjs
build	Upload complete canonical site	2026-09-22T14:14:43.5534491Z ./releases/v0.82.0/site/game/presentation/studio-store.mjs
build	Upload complete canonical site	2026-09-22T14:14:43.5534819Z ./releases/v0.82.0/site/game/presentation/current-picture-baselines.mjs
build	Upload complete canonical site	2026-09-22T14:14:43.5535091Z ./releases/v0.82.0/site/game/presentation/published-studio.mjs
build	Upload complete canonical site	2026-09-22T14:14:43.5535299Z ./releases/v0.82.0/site/game/presentation/sprite-editor.mjs
build	Upload complete canonical site	2026-09-22T14:14:43.5535492Z ./releases/v0.82.0/site/game/presentation/compiled/
build	Upload complete canonical site	2026-09-22T14:14:43.5535697Z ./releases/v0.82.0/site/game/presentation/compiled/manifest.json
build	Upload complete canonical site	2026-09-22T14:14:43.5535912Z ./releases/v0.82.0/site/game/presentation/compiled/runtime.json
build	Upload complete canonical site	2026-09-22T14:14:43.5541322Z ./releases/v0.82.0/site/game/presentation/compiled/studio.json
build	Upload complete canonical site	2026-09-22T14:14:43.5566080Z ./releases/v0.82.0/site/game/presentation/compiled/assets/
build	Upload complete canonical site	2026-09-22T14:14:43.5566709Z ./releases/v0.82.0/site/game/presentation/compiled/assets/47033ec2cd3b56345394bc13bbb7b10579419559d1e41160d02f8f3eea368672.png
build	Upload complete canonical site	2026-09-22T14:14:43.5567505Z ./releases/v0.82.0/site/game/presentation/compiled/assets/aa2e8583a56b36b5357e5462aee6b010b5b894626929afbc553c683462ce42cf.png
build	Upload complete canonical site	2026-09-22T14:14:43.5568216Z ./releases/v0.82.0/site/game/presentation/compiled/assets/9b6313464e6e6f26dff9b98405fba899dcd0c6a614fde6df8ed1a2d835c73f34.png
build	Upload complete canonical site	2026-09-22T14:14:43.5568922Z ./releases/v0.82.0/site/game/presentation/compiled/assets/fedb83171e9c894c8cbc446d4fb2bf460359b587068a33d0e108b14e185a0adc.png
build	Upload complete canonical site	2026-09-22T14:14:43.5569630Z ./releases/v0.82.0/site/game/presentation/compiled/assets/d22b1070efad07ed1e6f9d8e42d3dc7e19922478e7abedad3f08d55e53cf065c.png
build	Upload complete canonical site	2026-09-22T14:14:43.5570344Z ./releases/v0.82.0/site/game/presentation/compiled/assets/8b557a3e23bcbf550c01b5fe77618bc6ab31cce51835e80ad807023f2fc8fa47.png
build	Upload complete canonical site	2026-09-22T14:14:43.5571051Z ./releases/v0.82.0/site/game/presentation/compiled/assets/ad53247e6be0c1c2a3080a8ebabd0ca24b1394be0caa109138926e821b08ae35.png
build	Upload complete canonical site	2026-09-22T14:14:43.5571761Z ./releases/v0.82.0/site/game/presentation/compiled/assets/2ff89ae01c04bfc698892ec3a35610b7975a6f36596ddd7ddeedbecef248d5d4.png
build	Upload complete canonical site	2026-09-22T14:14:43.5572462Z ./releases/v0.82.0/site/game/presentation/compiled/assets/2444795bb19516949a98519f0e23f9cdf64b454f01a0bb297521d17b5af376da.png
build	Upload complete canonical site	2026-09-22T14:14:43.5573166Z ./releases/v0.82.0/site/game/presentation/compiled/assets/05af7a73b7dadc8821cecccf0abb4f763dafae7ad21500a3293957fa88ed7d76.png
build	Upload complete canonical site	2026-09-22T14:14:43.5573882Z ./releases/v0.82.0/site/game/presentation/compiled/assets/0498bcb48294756b5ac9062290e1639e907b1ec69b5dc2e8cfdec3fab58e0bc8.woff2
build	Upload complete canonical site	2026-09-22T14:14:43.5574677Z ./releases/v0.82.0/site/game/presentation/compiled/assets/e325a3a5b3647614bffa5432779f4ade7e865158e384888888f83b073aff033c.png
build	Upload complete canonical site	2026-09-22T14:14:43.5575365Z ./releases/v0.82.0/site/game/presentation/compiled/assets/827da59e870daf2e8548168399449bd894b4cdf7953a1f8ca48a7ed6df8f8d91.png
build	Upload complete canonical site	2026-09-22T14:14:43.5576077Z ./releases/v0.82.0/site/game/presentation/compiled/assets/779f36cccce55fd90340acbad1a1cbe03639cd1f98f66d25eaac3c8b0036c31b.png
build	Upload complete canonical site	2026-09-22T14:14:43.5576775Z ./releases/v0.82.0/site/game/presentation/compiled/assets/4f56a78772cd7363a2992a8252e4dc629638dad705a9b981d4561830117f511e.png
build	Upload complete canonical site	2026-09-22T14:14:43.5577553Z ./releases/v0.82.0/site/game/presentation/compiled/assets/1bd3c9c57cc8790ccbf6f0fd33517d6d1a5520de93e38a99722ed4ee915758ab.png
build	Upload complete canonical site	2026-09-22T14:14:43.5578247Z ./releases/v0.82.0/site/game/presentation/compiled/assets/70dcff8faa588f074e529704a7d6024fe0a7590b18afa6059488fb505ce4a5f7.png
build	Upload complete canonical site	2026-09-22T14:14:43.5578934Z ./releases/v0.82.0/site/game/presentation/compiled/assets/53f1206a11a8791892f5c844c0641529acbc2c09c8d558676d0d801d72113850.png
build	Upload complete canonical site	2026-09-22T14:14:43.5579610Z ./releases/v0.82.0/site/game/presentation/compiled/assets/85bb90c58fb61a1fdd212316f223dad209d374386e1aad14f044df4c1ea2af7e.png
build	Upload complete canonical site	2026-09-22T14:14:43.5580304Z ./releases/v0.82.0/site/game/presentation/compiled/assets/bd423baa7b3b4f073251d5c8291aa78ee11c341926d27f9f211aa278bc7557f6.png
build	Upload complete canonical site	2026-09-22T14:14:43.5587968Z ./releases/v0.82.0/site/game/presentation/compiled/assets/f7495ea7b56215ba88c7d465fa6ad9ab22121695e4c674cf183b65ef6d400ae0.png
build	Upload complete canonical site	2026-09-22T14:14:43.5598079Z ./releases/v0.82.0/site/game/presentation/compiled/assets/cca9df45b2dde64684489deab8f8d2ab8d5a08dab0ec0efc8455786a231c2a04.png
build	Upload complete canonical site	2026-09-22T14:14:43.5598816Z ./releases/v0.82.0/site/game/presentation/compiled/assets/c3cd0a0f9997f28d1a295de1c8995ebe81bf782acb1c033036371c49fc40a08e.png
build	Upload complete canonical site	2026-09-22T14:14:43.5599520Z ./releases/v0.82.0/site/game/presentation/compiled/assets/8fe3df81db48bf682862a06c8f7434365ff49151a2a72a94c0a85ea85a3adf27.png
build	Upload complete canonical site	2026-09-22T14:14:43.5600214Z ./releases/v0.82.0/site/game/presentation/compiled/assets/8664f0283f54db86f6800fb2056045574ff79a5f490f415b3a8929112d8a7d26.png
build	Upload complete canonical site	2026-09-22T14:14:43.5600912Z ./releases/v0.82.0/site/game/presentation/compiled/assets/5cda580ceefd258918dcf6c49f0f8ad68966999c153a876fb01c2f171b659420.png
build	Upload complete canonical site	2026-09-22T14:14:43.5601708Z ./releases/v0.82.0/site/game/presentation/compiled/assets/8d445857cc63417a2b4a9468c854e4ffed3828b3cd1a90cdd8d4f8c951be88f4.png
build	Upload complete canonical site	2026-09-22T14:14:43.5602409Z ./releases/v0.82.0/site/game/presentation/compiled/assets/fce2dc8f15375b66d336c1defbca23dfb2310301b62c822206a0a013d19601ef.woff2
build	Upload complete canonical site	2026-09-22T14:14:43.5603119Z ./releases/v0.82.0/site/game/presentation/compiled/assets/56fadf4288069b7f12e3e33b94c950baab873a1b576d87ad82673b0c5329dd76.png
build	Upload complete canonical site	2026-09-22T14:14:43.5603813Z ./releases/v0.82.0/site/game/presentation/compiled/assets/30957860bb1edac99c230a91a34eab8249b43497fda680707276c859f3bd5f0c.png
build	Upload complete canonical site	2026-09-22T14:14:43.5604523Z ./releases/v0.82.0/site/game/presentation/compiled/assets/df6e1a2a114dce2da1643a39d608d87ca79d1eaba70cfd62ac02892d0fadec6e.png
build	Upload complete canonical site	2026-09-22T14:14:43.5605236Z ./releases/v0.82.0/site/game/presentation/compiled/assets/44ebf8c1d8a028a919012f75978d025d1698aeb3d295c8813edc1a7ebae71868.png
build	Upload complete canonical site	2026-09-22T14:14:43.5605935Z ./releases/v0.82.0/site/game/presentation/compiled/assets/dda5900559255b1bad906b80a1b9a3cee914ba732f6dcb4fdb8b3c9bce50633f.png
build	Upload complete canonical site	2026-09-22T14:14:43.5606650Z ./releases/v0.82.0/site/game/presentation/compiled/assets/ff2e2defa02d62198a0be240fb16c8328d8be7c6aa9e3ec4516c7589edd83b22.png
build	Upload complete canonical site	2026-09-22T14:14:43.5607439Z ./releases/v0.82.0/site/game/presentation/compiled/assets/1aa1245d987000c889a47cd242c9ca976d620e48323cdde2a60358006718cc51.png
build	Upload complete canonical site	2026-09-22T14:14:43.5608135Z ./releases/v0.82.0/site/game/presentation/compiled/assets/d74c2e8c5713201203f7decea8d57881b657a2aa7b24ea00d182cbe4efa51b8d.png
build	Upload complete canonical site	2026-09-22T14:14:43.5608834Z ./releases/v0.82.0/site/game/presentation/compiled/assets/4edc2d90b443fbc191cbd741c824732113a590cd758e32d8e098c63eba4e70a9.png
build	Upload complete canonical site	2026-09-22T14:14:43.5609624Z ./releases/v0.82.0/site/game/presentation/compiled/assets/8535d7dec70f8fb64d3c0aa8ac919daa7609a477dada753b67429c9c7ae2cadb.png
build	Upload complete canonical site	2026-09-22T14:14:43.5610331Z ./releases/v0.82.0/site/game/presentation/compiled/assets/c0f4e7ca9de3a9f06637dbc8d5972b69b7e804f1bbd9579f5724d99a02c5c86b.png
build	Upload complete canonical site	2026-09-22T14:14:43.5611027Z ./releases/v0.82.0/site/game/presentation/compiled/assets/9f649ed85a5ff7d88996729975dfcb3b4df001474b02cd34114dcf4fc5e2b49c.png
build	Upload complete canonical site	2026-09-22T14:14:43.5611715Z ./releases/v0.82.0/site/game/presentation/compiled/assets/0b4b6717b5a2e7c27ad765544730193d1f798f8ccbc08879947f1a8b10e71121.png
build	Upload complete canonical site	2026-09-22T14:14:43.5612404Z ./releases/v0.82.0/site/game/presentation/compiled/assets/8a652da0dfc053d85190a2a0a17a27c43144c90a1cce5ae7883cb70f73df7c50.png
build	Upload complete canonical site	2026-09-22T14:14:43.5613102Z ./releases/v0.82.0/site/game/presentation/compiled/assets/c1aedf89bc3433dc1cb60998fa1e2563480a590c38586332f444c4c12c772fce.png
build	Upload complete canonical site	2026-09-22T14:14:43.5613802Z ./releases/v0.82.0/site/game/presentation/compiled/assets/4797c11d5e17c3f5f9b5b3fa96efb4fd2aabb877fb4d625dfc8eb7465464e145.woff2
build	Upload complete canonical site	2026-09-22T14:14:43.5614516Z ./releases/v0.82.0/site/game/presentation/compiled/assets/2a50c451fdee7c54d8bccf7a098f12bcdbdc15905856dc100c8e0d9e99629c33.png
build	Upload complete canonical site	2026-09-22T14:14:43.5615212Z ./releases/v0.82.0/site/game/presentation/compiled/assets/f3f58d09752c8e635e06145abc2460909f90ce2df664a8034a799e0bbe59c3ee.png
build	Upload complete canonical site	2026-09-22T14:14:43.5615948Z ./releases/v0.82.0/site/game/presentation/compiled/assets/e85e9aa8f56ba214bcdc9184feb99f526f1a89f66627ac0bf278bffa123dc7c9.png
build	Upload complete canonical site	2026-09-22T14:14:43.5616655Z ./releases/v0.82.0/site/game/presentation/compiled/assets/210d3b2ab32eaef632751e0333321b7e3e2a8571de758e9a02d1f350c483cf61.png
build	Upload complete canonical site	2026-09-22T14:14:43.5617443Z ./releases/v0.82.0/site/game/presentation/compiled/assets/7258c2453b49a52aaa2ba003c4e076eb7aa2d87d21abb6df65f5f5178f9f6a59.png
build	Upload complete canonical site	2026-09-22T14:14:43.5618143Z ./releases/v0.82.0/site/game/presentation/compiled/assets/ee156b11b8102f73615260895e66be4e420bd3d7c70aec7150b556cdc9999a1c.png
build	Upload complete canonical site	2026-09-22T14:14:43.5618839Z ./releases/v0.82.0/site/game/presentation/compiled/assets/535cf4dc9b21c9ff7f9c26d4bc0657e8d6820626551b4d34d82e332748e4d9e3.png
build	Upload complete canonical site	2026-09-22T14:14:43.5619539Z ./releases/v0.82.0/site/game/presentation/compiled/assets/2033ce4e45c2b164edc31e8680244deaa475783dca1aebc6262bfffcd3980eb2.png
build	Upload complete canonical site	2026-09-22T14:14:43.5620334Z ./releases/v0.82.0/site/game/presentation/compiled/assets/c234ea41a080121e73eeea20e3e3db5cfedcd4d4793bc31cf7cdfb2dad2a96ca.png
build	Upload complete canonical site	2026-09-22T14:14:43.5621045Z ./releases/v0.82.0/site/game/presentation/compiled/assets/1e3b7ea46131dbee8ca4601fd75862b04fda8ca4aa4b088d9811f5845e05eb7d.png
build	Upload complete canonical site	2026-09-22T14:14:43.5621749Z ./releases/v0.82.0/site/game/presentation/compiled/assets/57ee2976cb09f29863a4b3a2d8951574a93bf376eda64dbe2a171dc426d8391a.png
build	Upload complete canonical site	2026-09-22T14:14:43.5622444Z ./releases/v0.82.0/site/game/presentation/compiled/assets/7e696d173490ae948cead01a22c5650bc6ffef16c70c514ba6d88413d460a192.png
build	Upload complete canonical site	2026-09-22T14:14:43.5623140Z ./releases/v0.82.0/site/game/presentation/compiled/assets/b65d23a488db2a276f1332680fbf394b1aee685fffc42f0b093c01506041f143.png
build	Upload complete canonical site	2026-09-22T14:14:43.5623835Z ./releases/v0.82.0/site/game/presentation/compiled/assets/08512d067c5f322eb059dc45733fd61534b8bc530a9ebd8b33208d941a603922.png
build	Upload complete canonical site	2026-09-22T14:14:43.5624529Z ./releases/v0.82.0/site/game/presentation/compiled/assets/cae1523d150bbe69f65028676129ba9c51958f4561671c5d6dee1eecfb48b3b5.png
build	Upload complete canonical site	2026-09-22T14:14:43.5625245Z ./releases/v0.82.0/site/game/presentation/compiled/assets/8b5ebd66c72bc3a9ccc07c5dedaba2a8c556ea4e78ef1f17650cc99bc1eca666.png
build	Upload complete canonical site	2026-09-22T14:14:43.5625956Z ./releases/v0.82.0/site/game/presentation/compiled/assets/d9ee53a1cc344517624e80785e764da99fa8bd9b90d7f2b9b5d2ac52ff236a4b.png
build	Upload complete canonical site	2026-09-22T14:14:43.5626659Z ./releases/v0.82.0/site/game/presentation/compiled/assets/53fff7055c1021c80f93590ed4e028c85d59ea4cb2f06ac71644d29989fa2bd7.png
build	Upload complete canonical site	2026-09-22T14:14:43.5627439Z ./releases/v0.82.0/site/game/presentation/compiled/assets/3104d1433851b889c70bbf8fe4d4fecd2b99a3d57d099b402286948283711fb4.png
build	Upload complete canonical site	2026-09-22T14:14:43.5628217Z ./releases/v0.82.0/site/game/presentation/compiled/assets/78033ee190de99663e4b936e480562d4cc93d9e90190b529ef46d07877c43826.png
build	Upload complete canonical site	2026-09-22T14:14:43.5628911Z ./releases/v0.82.0/site/game/presentation/compiled/assets/27fca2383ecb60fe0019232ed3f384103f602e36fe583fbad4b018b0c20d08fe.png
build	Upload complete canonical site	2026-09-22T14:14:43.5629606Z ./releases/v0.82.0/site/game/presentation/compiled/assets/a3ad1f5a90f71164d77039f7052ce3403e684f1e9acecb0d3c86a7d456e9d509.png
build	Upload complete canonical site	2026-09-22T14:14:43.5630306Z ./releases/v0.82.0/site/game/presentation/compiled/assets/77a93635bc7d39976bbf571f056a68f75ef43e1b655b6512fd293b2b568306e3.png
build	Upload complete canonical site	2026-09-22T14:14:43.5630996Z ./releases/v0.82.0/site/game/presentation/compiled/assets/78294d66d340a9cc4036814defa9a291b8573949d79318823722b6f51c71fc14.png
build	Upload complete canonical site	2026-09-22T14:14:43.5631696Z ./releases/v0.82.0/site/game/presentation/compiled/assets/466b729b69035d65e5a95d5ef9c8d1c337e64a6af3b5fbdcf91cf74d3096d33b.png
build	Upload complete canonical site	2026-09-22T14:14:43.5632393Z ./releases/v0.82.0/site/game/presentation/compiled/assets/00b0f847cd1f80495615e3ada13899df67c6df05bf1f6d846ffc46cb3cc3fc5f.png
build	Upload complete canonical site	2026-09-22T14:14:43.5633099Z ./releases/v0.82.0/site/game/presentation/compiled/assets/526656d6f29126aaec7bc7d1abf0769d247b311039c8d069c7e2afc17d112747.png
build	Upload complete canonical site	2026-09-22T14:14:43.5633810Z ./releases/v0.82.0/site/game/presentation/compiled/assets/ccdfe41a2adaf920c64d99f665d19d9ca6ddc2ea5251ea24bdd63beb2dfc68bd.png
build	Upload complete canonical site	2026-09-22T14:14:43.5634526Z ./releases/v0.82.0/site/game/presentation/compiled/assets/02b4ab6f9e8339b921ac83fa0f72e334ab98edc82a46ae5b70499d4ea5dfb872.png
build	Upload complete canonical site	2026-09-22T14:14:43.5635231Z ./releases/v0.82.0/site/game/presentation/compiled/assets/2617aa19f98e0a455046c229a9abcb678efeaa76c07ebe5ce07cb8b00d4d65bf.png
build	Upload complete canonical site	2026-09-22T14:14:43.5635937Z ./releases/v0.82.0/site/game/presentation/compiled/assets/97986545bbd0dd978d7c5cd2b3511b800cb082caf4a584416306b6c3f4283b54.png
build	Upload complete canonical site	2026-09-22T14:14:43.5636633Z ./releases/v0.82.0/site/game/presentation/compiled/assets/a07fe2df221cb042a05a7ef78716ae1809e9df5dd54d7dd550c91bd265f7f7fb.png
build	Upload complete canonical site	2026-09-22T14:14:43.5637339Z ./releases/v0.82.0/site/game/presentation/compiled/assets/5428ce32eb31d44ea4b04561d86cc65e31ce79fe50acce40beadfd1d2546b837.png
build	Upload complete canonical site	2026-09-22T14:14:43.5638161Z ./releases/v0.82.0/site/game/presentation/compiled/assets/2d0b8b6260f73e3fe008c5ac228021f681747183a586ed7ca9dde3906b22dcc3.png
build	Upload complete canonical site	2026-09-22T14:14:43.5638851Z ./releases/v0.82.0/site/game/presentation/compiled/assets/150ebf2c0817461fda33425c885488da7f4566b16a83947e94799d8da2df05e5.png
build	Upload complete canonical site	2026-09-22T14:14:43.5639626Z ./releases/v0.82.0/site/game/presentation/compiled/assets/de2406eaf230f4701c82249f0709f1238616cca532d2be1b02d3105503646c3c.png
build	Upload complete canonical site	2026-09-22T14:14:43.5640320Z ./releases/v0.82.0/site/game/presentation/compiled/assets/4c0ab153dd814ff806ff0d9a63bb1ef5ad9eac532f8f771d1288265d7327ec68.png
build	Upload complete canonical site	2026-09-22T14:14:43.5641033Z ./releases/v0.82.0/site/game/presentation/compiled/assets/d5227e40b6ef6c1d722bbfb09c828789facf18b0021d6e600a456fdd37ba7e11.png
build	Upload complete canonical site	2026-09-22T14:14:43.5641734Z ./releases/v0.82.0/site/game/presentation/compiled/assets/33955b0fafb24b5edab1d605d6b3a8453a0073438aa87785cc2376ec36953346.png
build	Upload complete canonical site	2026-09-22T14:14:43.5642445Z ./releases/v0.82.0/site/game/presentation/compiled/assets/5c51f6d7b29af2e8be90adc5d01257f1b5d34ac5aaf0bb533fd2088bd944b683.png
build	Upload complete canonical site	2026-09-22T14:14:43.5643158Z ./releases/v0.82.0/site/game/presentation/compiled/assets/43db178018db9727dc1d4f6f9231dbe2ad29fe6d75a6a84d5ed97b069e18e3a4.png
build	Upload complete canonical site	2026-09-22T14:14:43.5643862Z ./releases/v0.82.0/site/game/presentation/compiled/assets/9e865e30bb22014bc6cc20dd4038415f4b279164ab33c54d9682e7ffc9cf2c91.png
build	Upload complete canonical site	2026-09-22T14:14:43.5644552Z ./releases/v0.82.0/site/game/presentation/compiled/assets/713991ea5d2ba3bbc0f5115c6fdc98f337da90b657b0c43c7db1625073377f90.png
build	Upload complete canonical site	2026-09-22T14:14:43.5645259Z ./releases/v0.82.0/site/game/presentation/compiled/assets/53f17c3672c097ce79b63629e4dfbffe9d5a2ecacf4ac99ec67704538951d9fe.png
build	Upload complete canonical site	2026-09-22T14:14:43.5645956Z ./releases/v0.82.0/site/game/presentation/compiled/assets/e033d8a3118b42b870e2f6350f7ae960b6085b46beb32ae235881a53bfbdc066.png
build	Upload complete canonical site	2026-09-22T14:14:43.5646653Z ./releases/v0.82.0/site/game/presentation/compiled/assets/0839e0cac64adad321fb07518b14673091bbc1a61a836ff15ebf48510480bbbc.png
build	Upload complete canonical site	2026-09-22T14:14:43.5647518Z ./releases/v0.82.0/site/game/presentation/compiled/assets/326d159fab7ab655e40c493e5e3ae27713157b419788134f23363ef222ad27db.png
build	Upload complete canonical site	2026-09-22T14:14:43.5648221Z ./releases/v0.82.0/site/game/presentation/compiled/assets/6b5afa33051459550ead8fee06fb5e14c9eecf9648906dc1abb7fe7a2c69455c.png
build	Upload complete canonical site	2026-09-22T14:14:43.5648935Z ./releases/v0.82.0/site/game/presentation/compiled/assets/b0e9acf3605b9c5440328ef0bea6c0959efd03acdddbc4ac2cc5520e036457b6.png
build	Upload complete canonical site	2026-09-22T14:14:43.5649643Z ./releases/v0.82.0/site/game/presentation/compiled/assets/a25dc0c7e2f24a5451f3fbb0d24e90fdce796b274d8b54f238cbee0a26e8b857.png
build	Upload complete canonical site	2026-09-22T14:14:43.5650349Z ./releases/v0.82.0/site/game/presentation/compiled/assets/cea04fc27e33583748da59f8bc873505d15b8c37745f0b30b5a4415f4d7c87cb.png
build	Upload complete canonical site	2026-09-22T14:14:43.5651046Z ./releases/v0.82.0/site/game/presentation/compiled/assets/72b6c93f47090f3a3724223477e22cbc461132329768e70b82cdb87d85a72052.png
build	Upload complete canonical site	2026-09-22T14:14:43.5651740Z ./releases/v0.82.0/site/game/presentation/compiled/assets/9ad64ed82783ba763f61fe954e3cdc8c360df472c8d035ef74579670d2649bba.png
build	Upload complete canonical site	2026-09-22T14:14:43.5652440Z ./releases/v0.82.0/site/game/presentation/compiled/assets/efef00b62e24bc89315f26fe888d64658bb63cfcce3eeb047645c812903d3e3f.png
build	Upload complete canonical site	2026-09-22T14:14:43.5653152Z ./releases/v0.82.0/site/game/presentation/compiled/assets/9ef850d87a46eee28cbfa3df8f2d2945673b8bf5dc2fdcc4edf1840175e3f7a1.png
build	Upload complete canonical site	2026-09-22T14:14:43.5653852Z ./releases/v0.82.0/site/game/presentation/compiled/assets/0ae5d58c1169056d086892937112a4605d56ca11b6d11e701d1e7796b18a6af7.png
build	Upload complete canonical site	2026-09-22T14:14:43.5654550Z ./releases/v0.82.0/site/game/presentation/compiled/assets/d4690eb2839e8f90a4ac105502c5b22c1b1cceb643c5d2593ca3a4e61d6aa008.png
build	Upload complete canonical site	2026-09-22T14:14:43.5655247Z ./releases/v0.82.0/site/game/presentation/compiled/assets/f03dc7d839fef8d53cae7b29cc106dd094c976af6e3758d71110bf0d47140efa.png
build	Upload complete canonical site	2026-09-22T14:14:43.5655952Z ./releases/v0.82.0/site/game/presentation/compiled/assets/d76f309d8385cd5d20fc2fff72b7f3abc19299cccdde767d76dd9f4a4960929d.png
build	Upload complete canonical site	2026-09-22T14:14:43.5656650Z ./releases/v0.82.0/site/game/presentation/compiled/assets/044bfaa980686917e6715e3919617a516ee1585e38dd8a63154301eba23d4118.png
build	Upload complete canonical site	2026-09-22T14:14:43.5657341Z ./releases/v0.82.0/site/game/presentation/compiled/assets/cc1bc2077c62d4cea9aeba86c00d0185b3c93f7c7dfceaede414dc105859196f.png
build	Upload complete canonical site	2026-09-22T14:14:43.5658239Z ./releases/v0.82.0/site/game/presentation/compiled/assets/4213f1ac958d600b68f4aa1aa0171d8f5e7a10ca2422154f88cc9b58bda9c0c1.png
build	Upload complete canonical site	2026-09-22T14:14:43.5658934Z ./releases/v0.82.0/site/game/presentation/compiled/assets/9c181b9009de288e0ed3349ab0bda4908e67c92587946517115b9231d5ea65b8.png
build	Upload complete canonical site	2026-09-22T14:14:43.5659634Z ./releases/v0.82.0/site/game/presentation/compiled/assets/3fa6527474d2da84fed128052df7ee8ac2b34a25eaf5a162d21be849a12fd65c.png
build	Upload complete canonical site	2026-09-22T14:14:43.5660329Z ./releases/v0.82.0/site/game/presentation/compiled/assets/40172d186e595959d100dd0e7e52a78906e904300d93c8c0958d82b6f3b91ff0.png
build	Upload complete canonical site	2026-09-22T14:14:43.5661046Z ./releases/v0.82.0/site/game/presentation/compiled/assets/83b8dea4de4fad710942a60c18f03c34849df904a45edb0316b6287c3770fb3c.png
build	Upload complete canonical site	2026-09-22T14:14:43.5661741Z ./releases/v0.82.0/site/game/presentation/compiled/assets/e35ca174c360d5a572c72e6be448666cf3da1438cf0d91f8ea7ff8c221b8eb5e.png
build	Upload complete canonical site	2026-09-22T14:14:43.5662449Z ./releases/v0.82.0/site/game/presentation/compiled/assets/398eaf8dc2f88a2b1a3bc4d2ae5c603f54fd5daa96c9c9c02637bdd4c488e697.png
build	Upload complete canonical site	2026-09-22T14:14:43.5663157Z ./releases/v0.82.0/site/game/presentation/compiled/assets/963bdc61942194177b4d0dac32ba560c0200f55c83f21d939356b8680b6f644c.png
build	Upload complete canonical site	2026-09-22T14:14:43.5663844Z ./releases/v0.82.0/site/game/presentation/compiled/assets/228285616ceb1d60be182f971790ee75a67c44a40a787d7d7ed275668a3005e4.png
build	Upload complete canonical site	2026-09-22T14:14:43.5664539Z ./releases/v0.82.0/site/game/presentation/compiled/assets/95b99a09686ab417503cd8444f6b485d1021b6ae3f8e9525a545faafd6254c9c.png
build	Upload complete canonical site	2026-09-22T14:14:43.5665238Z ./releases/v0.82.0/site/game/presentation/compiled/assets/084e63a13178e1736ac2eaa12af621d63a786eea4dc21ab5cae8c6acf96c8153.png
build	Upload complete canonical site	2026-09-22T14:14:43.5666027Z ./releases/v0.82.0/site/game/presentation/compiled/assets/ee325025999edc73751f62ee92adc73c02fe06d29680da5816f4785e014ef730.png
build	Upload complete canonical site	2026-09-22T14:14:43.5666716Z ./releases/v0.82.0/site/game/presentation/compiled/assets/94353c17fbc74e21655a3c556075885a144900b6c620ba7b37ab79beb31f246f.png
build	Upload complete canonical site	2026-09-22T14:14:43.5667497Z ./releases/v0.82.0/site/game/presentation/compiled/assets/0b5106ea19db098b6cf6068142510fd373731532e5052983e58bb343038404e6.png
build	Upload complete canonical site	2026-09-22T14:14:43.5668191Z ./releases/v0.82.0/site/game/presentation/compiled/assets/40a08a5524dbe269f6eddb019c55beebde3129ba270d97a5fa4d22015a07e0cc.png
build	Upload complete canonical site	2026-09-22T14:14:43.5668895Z ./releases/v0.82.0/site/game/presentation/compiled/assets/84461bcb3aca9dc91ace6a836df87a153a6c58d75b6a46b8988d9d835f68ad9f.png
build	Upload complete canonical site	2026-09-22T14:14:43.5669596Z ./releases/v0.82.0/site/game/presentation/compiled/assets/2d4e0eafa015c8e434082b8be0552556e0abfe057248233a701cac4d1b3f4cd0.png
build	Upload complete canonical site	2026-09-22T14:14:43.5670296Z ./releases/v0.82.0/site/game/presentation/compiled/assets/0233c5f399b93700594af044a5f56687a0742333d32b7bc54ef7122173f1dc65.png
build	Upload complete canonical site	2026-09-22T14:14:43.5670986Z ./releases/v0.82.0/site/game/presentation/compiled/assets/7954823e793dd6140528d271c12653fca559eda862ca83c4be73c6bfbdf9c26c.png
build	Upload complete canonical site	2026-09-22T14:14:43.5671678Z ./releases/v0.82.0/site/game/presentation/compiled/assets/544551f875b2fd52c41dbbd384d6710a80fb23d744ae8a9bca3353cd23752a48.png
build	Upload complete canonical site	2026-09-22T14:14:43.5672381Z ./releases/v0.82.0/site/game/presentation/compiled/assets/57744cbfe744bd50d932b1dba963539c11dbb176dc1e3171de46c34ea74d48a0.png
build	Upload complete canonical site	2026-09-22T14:14:43.5673084Z ./releases/v0.82.0/site/game/presentation/compiled/assets/9bc684f5da99a255c09d7cd6aac452859d5ec370d344a092901576bdc9405911.png
build	Upload complete canonical site	2026-09-22T14:14:43.5673603Z ./releases/v0.82.0/site/game/presentation/compiled/theme.css
build	Upload complete canonical site	2026-09-22T14:14:43.5673912Z ./releases/v0.82.0/site/game/presentation/page.mjs
build	Upload complete canonical site	2026-09-22T14:14:43.5674240Z ./releases/v0.82.0/site/game/presentation/visual-theme-catalogue.mjs
build	Upload complete canonical site	2026-09-22T14:14:43.5674611Z ./releases/v0.82.0/site/game/presentation/visual-theme-lease.mjs
build	Upload complete canonical site	2026-09-22T14:14:43.5674966Z ./releases/v0.82.0/site/game/presentation/journey-actor-review.html
build	Upload complete canonical site	2026-09-22T14:14:43.5675318Z ./releases/v0.82.0/site/game/presentation/studio-session.mjs
build	Upload complete canonical site	2026-09-22T14:14:43.5675655Z ./releases/v0.82.0/site/game/presentation/visual-theme-pin.mjs
build	Upload complete canonical site	2026-09-22T14:14:43.5676073Z ./releases/v0.82.0/site/game/presentation/combat-review.mjs
build	Upload complete canonical site	2026-09-22T14:14:43.5676391Z ./releases/v0.82.0/site/game/presentation/dependencies.mjs
build	Upload complete canonical site	2026-09-22T14:14:43.5676683Z ./releases/v0.82.0/site/game/presentation/model.mjs
build	Upload complete canonical site	2026-09-22T14:14:43.5676965Z ./releases/v0.82.0/site/game/presentation/icons.mjs
build	Upload complete canonical site	2026-09-22T14:14:43.5677277Z ./releases/v0.82.0/site/game/presentation/journey-actor-review.css
build	Upload complete canonical site	2026-09-22T14:14:43.5677703Z ./releases/v0.82.0/site/game/presentation/current-pictures.mjs
build	Upload complete canonical site	2026-09-22T14:14:43.5678018Z ./releases/v0.82.0/site/game/presentation/bundle.mjs
build	Upload complete canonical site	2026-09-22T14:14:43.5678341Z ./releases/v0.82.0/site/game/presentation/journey-actor-review.mjs
build	Upload complete canonical site	2026-09-22T14:14:43.5678664Z ./releases/v0.82.0/site/game/soundtrack-rights.mjs
build	Upload complete canonical site	2026-09-22T14:14:43.5678926Z ./releases/v0.82.0/site/game/content.mjs
build	Upload complete canonical site	2026-09-22T14:14:43.5679189Z ./releases/v0.82.0/site/game/mastery-equipment.mjs
build	Upload complete canonical site	2026-09-22T14:14:43.5679478Z ./releases/v0.82.0/site/game/profile-channel-json.mjs
build	Upload complete canonical site	2026-09-22T14:14:43.5679776Z ./releases/v0.82.0/site/game/enemy-presentations.mjs
build	Upload complete canonical site	2026-09-22T14:14:43.5680038Z ./releases/v0.82.0/site/game/vendor/
build	Upload complete canonical site	2026-09-22T14:14:43.5680296Z ./releases/v0.82.0/site/game/vendor/PHASER-LICENSE.md
build	Upload complete canonical site	2026-09-22T14:14:43.5680593Z ./releases/v0.82.0/site/game/vendor/phaser-4.2.1.min.js
build	Upload complete canonical site	2026-09-22T14:14:43.5680879Z ./releases/v0.82.0/site/game/managed-media-store.mjs
build	Upload complete canonical site	2026-09-22T14:14:43.5681163Z ./releases/v0.82.0/site/game/mastery-verification.mjs
build	Upload complete canonical site	2026-09-22T14:14:43.5681427Z ./releases/v0.82.0/site/game/replays/
build	Upload complete canonical site	2026-09-22T14:14:43.5681694Z ./releases/v0.82.0/site/game/replays/expansion-routes.json
build	Upload complete canonical site	2026-09-22T14:14:43.5682102Z ./releases/v0.82.0/site/game/replays/first-light-routes.json
build	Upload complete canonical site	2026-09-22T14:14:43.5682425Z ./releases/v0.82.0/site/game/replays/fieldcraft-routes.json
build	Upload complete canonical site	2026-09-22T14:14:43.5682753Z ./releases/v0.82.0/site/game/replays/fpv-arcade-r2-routes.json
build	Upload complete canonical site	2026-09-22T14:14:43.5683110Z ./releases/v0.82.0/site/game/replays/first-light-gentle-routes.json
build	Upload complete canonical site	2026-09-22T14:14:43.5683450Z ./releases/v0.82.0/site/game/replays/campaign-routes.json
build	Upload complete canonical site	2026-09-22T14:14:43.5683755Z ./releases/v0.82.0/site/game/replays/gentle-routes.json
build	Upload complete canonical site	2026-09-22T14:14:43.5684072Z ./releases/v0.82.0/site/game/replays/fpv-arcade-r3-routes.json
build	Upload complete canonical site	2026-09-22T14:14:43.5684410Z ./releases/v0.82.0/site/game/replays/fpv-arcade-r5-routes.json
build	Upload complete canonical site	2026-09-22T14:14:43.5684729Z ./releases/v0.82.0/site/game/replays/sentinel-routes.json
build	Upload complete canonical site	2026-09-22T14:14:43.5685033Z ./releases/v0.82.0/site/game/replays/homeward-routes.json
build	Upload complete canonical site	2026-09-22T14:14:43.5685351Z ./releases/v0.82.0/site/game/replays/classic-lab-routes.json
build	Upload complete canonical site	2026-09-22T14:14:43.5685684Z ./releases/v0.82.0/site/game/replays/fpv-arcade-r4-routes.json
build	Upload complete canonical site	2026-09-22T14:14:43.5685995Z ./releases/v0.82.0/site/game/flight-media-pins.mjs
build	Upload complete canonical site	2026-09-22T14:14:43.5686268Z ./releases/v0.82.0/site/game/controller-lab/
build	Upload complete canonical site	2026-09-22T14:14:43.5686574Z ./releases/v0.82.0/site/game/controller-lab/reading-practice.json
build	Upload complete canonical site	2026-09-22T14:14:43.5686902Z ./releases/v0.82.0/site/game/controller-lab/index.html
build	Upload complete canonical site	2026-09-22T14:14:43.5687191Z ./releases/v0.82.0/site/game/controller-lab/lab.mjs
build	Upload complete canonical site	2026-09-22T14:14:43.5687572Z ./releases/v0.82.0/site/game/controller-lab/style.css
build	Upload complete canonical site	2026-09-22T14:14:43.5687859Z ./releases/v0.82.0/site/game/media-storage-record.mjs
build	Upload complete canonical site	2026-09-22T14:14:43.5688159Z ./releases/v0.82.0/site/game/enemy-catalog-scenarios.mjs
build	Upload complete canonical site	2026-09-22T14:14:43.5688423Z ./releases/v0.82.0/site/game/couch/
build	Upload complete canonical site	2026-09-22T14:14:43.5688701Z ./releases/v0.82.0/site/game/couch/couch-installed-chapters.mjs
build	Upload complete canonical site	2026-09-22T14:14:43.5689018Z ./releases/v0.82.0/site/game/couch/relay-rescue.mjs
build	Upload complete canonical site	2026-09-22T14:14:43.5689298Z ./releases/v0.82.0/site/game/couch/coop-ground.mjs
build	Upload complete canonical site	2026-09-22T14:14:43.5689584Z ./releases/v0.82.0/site/game/couch/coop-bonus-view.mjs
build	Upload complete canonical site	2026-09-22T14:14:43.5689878Z ./releases/v0.82.0/site/game/couch/couch-music-host.mjs
build	Upload complete canonical site	2026-09-22T14:14:43.5690153Z ./releases/v0.82.0/site/game/couch/couch.mjs
build	Upload complete canonical site	2026-09-22T14:14:43.5690433Z ./releases/v0.82.0/site/game/couch/coop-picture-image.mjs
build	Upload complete canonical site	2026-09-22T14:14:43.5690842Z ./releases/v0.82.0/site/game/couch/mode-entry.js
build	Upload complete canonical site	2026-09-22T14:14:43.5691129Z ./releases/v0.82.0/site/game/couch/coop-actor-layout.mjs
build	Upload complete canonical site	2026-09-22T14:14:43.5691416Z ./releases/v0.82.0/site/game/couch/couch-input.mjs
build	Upload complete canonical site	2026-09-22T14:14:43.5691723Z ./releases/v0.82.0/site/game/couch/coop-actor-presentation.mjs
build	Upload complete canonical site	2026-09-22T14:14:43.5692027Z ./releases/v0.82.0/site/game/couch/coop-view.mjs
build	Upload complete canonical site	2026-09-22T14:14:43.5692298Z ./releases/v0.82.0/site/game/couch/coop-feedback.mjs
build	Upload complete canonical site	2026-09-22T14:14:43.5692577Z ./releases/v0.82.0/site/game/couch/relay-rescue.html
build	Upload complete canonical site	2026-09-22T14:14:43.5692887Z ./releases/v0.82.0/site/game/couch/coop-picture-bindings.mjs
build	Upload complete canonical site	2026-09-22T14:14:43.5693212Z ./releases/v0.82.0/site/game/couch/couch-music-context.mjs
build	Upload complete canonical site	2026-09-22T14:14:43.5693538Z ./releases/v0.82.0/site/game/couch/candidate-team-pictures.mjs
build	Upload complete canonical site	2026-09-22T14:14:43.5693870Z ./releases/v0.82.0/site/game/couch/couch-static-pictures.mjs
build	Upload complete canonical site	2026-09-22T14:14:43.5694188Z ./releases/v0.82.0/site/game/couch/couch-music-library.mjs
build	Upload complete canonical site	2026-09-22T14:14:43.5694476Z ./releases/v0.82.0/site/game/couch/index.html
build	Upload complete canonical site	2026-09-22T14:14:43.5694743Z ./releases/v0.82.0/site/game/couch/coop-briefing.mjs
build	Upload complete canonical site	2026-09-22T14:14:43.5695027Z ./releases/v0.82.0/site/game/couch/couch-catalogue.mjs
build	Upload complete canonical site	2026-09-22T14:14:43.5695311Z ./releases/v0.82.0/site/game/couch/couch-shell.mjs
build	Upload complete canonical site	2026-09-22T14:14:43.5695578Z ./releases/v0.82.0/site/game/couch/team-entry.js
build	Upload complete canonical site	2026-09-22T14:14:43.5695874Z ./releases/v0.82.0/site/game/couch/team-discovery-pictures.mjs
build	Upload complete canonical site	2026-09-22T14:14:43.5696217Z ./releases/v0.82.0/site/game/couch/team-journey-actor-material.mjs
build	Upload complete canonical site	2026-09-22T14:14:43.5696548Z ./releases/v0.82.0/site/game/couch/candidate-pictures.mjs
build	Upload complete canonical site	2026-09-22T14:14:43.5696942Z ./releases/v0.82.0/site/game/couch/board-footprint.mjs
build	Upload complete canonical site	2026-09-22T14:14:43.5697237Z ./releases/v0.82.0/site/game/couch/coop-terrain-trail.mjs
build	Upload complete canonical site	2026-09-22T14:14:43.5697628Z ./releases/v0.82.0/site/game/couch/relay-rescue.css
build	Upload complete canonical site	2026-09-22T14:14:43.5697926Z ./releases/v0.82.0/site/game/couch/couch-music-session.mjs
build	Upload complete canonical site	2026-09-22T14:14:43.5698237Z ./releases/v0.82.0/site/game/couch/coop-import-source.mjs
build	Upload complete canonical site	2026-09-22T14:14:43.5698556Z ./releases/v0.82.0/site/game/couch/team-arena-preference.mjs
build	Upload complete canonical site	2026-09-22T14:14:43.5698884Z ./releases/v0.82.0/site/game/couch/couch-chapter-install.mjs
build	Upload complete canonical site	2026-09-22T14:14:43.5699170Z ./releases/v0.82.0/site/game/couch/couch.css
build	Upload complete canonical site	2026-09-22T14:14:43.5699431Z ./releases/v0.82.0/site/game/couch/team-discovery.mjs
build	Upload complete canonical site	2026-09-22T14:14:43.5699730Z ./releases/v0.82.0/site/game/couch/couch-release-picture.mjs
build	Upload complete canonical site	2026-09-22T14:14:43.5700040Z ./releases/v0.82.0/site/game/couch/coop-presentation.mjs
build	Upload complete canonical site	2026-09-22T14:14:43.5700333Z ./releases/v0.82.0/site/game/couch/couch-chapter.mjs
build	Upload complete canonical site	2026-09-22T14:14:43.5700604Z ./releases/v0.82.0/site/game/challenges.mjs
build	Upload complete canonical site	2026-09-22T14:14:43.5700862Z ./releases/v0.82.0/site/game/soundtrack-store.mjs
build	Upload complete canonical site	2026-09-22T14:14:43.5701137Z ./releases/v0.82.0/site/game/media-presentation.mjs
build	Upload complete canonical site	2026-09-22T14:14:43.5701417Z ./releases/v0.82.0/site/game/selection-bookmark.mjs
build	Upload complete canonical site	2026-09-22T14:14:43.5701671Z ./releases/v0.82.0/site/game/boot.css
build	Upload complete canonical site	2026-09-22T14:14:43.5701920Z ./releases/v0.82.0/site/game/audio-preferences.mjs
build	Upload complete canonical site	2026-09-22T14:14:43.5702185Z ./releases/v0.82.0/site/game/media-still.mjs
build	Upload complete canonical site	2026-09-22T14:14:43.5702441Z ./releases/v0.82.0/site/game/mastery-records.mjs
build	Upload complete canonical site	2026-09-22T14:14:43.5702713Z ./releases/v0.82.0/site/game/gallery-difficulty.mjs
build	Upload complete canonical site	2026-09-22T14:14:43.5702978Z ./releases/v0.82.0/site/game/video-poster.mjs
build	Upload complete canonical site	2026-09-22T14:14:43.5703252Z ./releases/v0.82.0/site/game/profile-shared-media.mjs
build	Upload complete canonical site	2026-09-22T14:14:43.5703554Z ./releases/v0.82.0/site/game/external-chapter-backup.mjs
build	Upload complete canonical site	2026-09-22T14:14:43.5703835Z ./releases/v0.82.0/site/game/content-launch.mjs
build	Upload complete canonical site	2026-09-22T14:14:43.5704118Z ./releases/v0.82.0/site/game/menu-style-preferences.mjs
build	Upload complete canonical site	2026-09-22T14:14:43.5704401Z ./releases/v0.82.0/site/game/soundtrack-source.mjs
build	Upload complete canonical site	2026-09-22T14:14:43.5704675Z ./releases/v0.82.0/site/game/profile-transfer.mjs
build	Upload complete canonical site	2026-09-22T14:14:43.5704927Z ./releases/v0.82.0/site/game/ui/
build	Upload complete canonical site	2026-09-22T14:14:43.5705170Z ./releases/v0.82.0/site/game/ui/first-flight-view.mjs
build	Upload complete canonical site	2026-09-22T14:14:43.5705554Z ./releases/v0.82.0/site/game/ui/preference-restoration.mjs
build	Upload complete canonical site	2026-09-22T14:14:43.5705854Z ./releases/v0.82.0/site/game/ui/touch-steering.mjs
build	Upload complete canonical site	2026-09-22T14:14:43.5706127Z ./releases/v0.82.0/site/game/ui/menu-appearance.mjs
build	Upload complete canonical site	2026-09-22T14:14:43.5706433Z ./releases/v0.82.0/site/game/ui/controller-practice-exit.mjs
build	Upload complete canonical site	2026-09-22T14:14:43.5706756Z ./releases/v0.82.0/site/game/ui/playground-tab-boundary.mjs
build	Upload complete canonical site	2026-09-22T14:14:43.5707073Z ./releases/v0.82.0/site/game/ui/controller-settings.css
build	Upload complete canonical site	2026-09-22T14:14:43.5707457Z ./releases/v0.82.0/site/game/ui/practice-navigation.mjs
build	Upload complete canonical site	2026-09-22T14:14:43.5707740Z ./releases/v0.82.0/site/game/ui/workshop-return.mjs
build	Upload complete canonical site	2026-09-22T14:14:43.5708026Z ./releases/v0.82.0/site/game/ui/first-flight-entry.mjs
build	Upload complete canonical site	2026-09-22T14:14:43.5708306Z ./releases/v0.82.0/site/game/ui/story-dialog.css
build	Upload complete canonical site	2026-09-22T14:14:43.5708567Z ./releases/v0.82.0/site/game/ui/mode-choice.css
build	Upload complete canonical site	2026-09-22T14:14:43.5708846Z ./releases/v0.82.0/site/game/ui/enemy-catalog-panel.css
build	Upload complete canonical site	2026-09-22T14:14:43.5709128Z ./releases/v0.82.0/site/game/ui/enemy-guide.mjs
build	Upload complete canonical site	2026-09-22T14:14:43.5709399Z ./releases/v0.82.0/site/game/ui/operation-focus.mjs
build	Upload complete canonical site	2026-09-22T14:14:43.5709674Z ./releases/v0.82.0/site/game/ui/device-controls.css
build	Upload complete canonical site	2026-09-22T14:14:43.5709958Z ./releases/v0.82.0/site/game/ui/presentation-image.mjs
build	Upload complete canonical site	2026-09-22T14:14:43.5710238Z ./releases/v0.82.0/site/game/ui/handheld-play.css
build	Upload complete canonical site	2026-09-22T14:14:43.5710509Z ./releases/v0.82.0/site/game/ui/library-panel.mjs
build	Upload complete canonical site	2026-09-22T14:14:43.5710777Z ./releases/v0.82.0/site/game/ui/field-kit-fonts.css
build	Upload complete canonical site	2026-09-22T14:14:43.5711040Z ./releases/v0.82.0/site/game/ui/game-shell.css
build	Upload complete canonical site	2026-09-22T14:14:43.5711303Z ./releases/v0.82.0/site/game/ui/menu-appearance.css
build	Upload complete canonical site	2026-09-22T14:14:43.5711748Z ./releases/v0.82.0/site/game/ui/field-kit-flow.css
build	Upload complete canonical site	2026-09-22T14:14:43.5712115Z ./releases/v0.82.0/site/game/ui/soundtrack-panel.css
build	Upload complete canonical site	2026-09-22T14:14:43.5712715Z ./releases/v0.82.0/site/game/ui/field-kit-surfaces.mjs
build	Upload complete canonical site	2026-09-22T14:14:43.5713105Z ./releases/v0.82.0/site/game/ui/flight-information-host.mjs
build	Upload complete canonical site	2026-09-22T14:14:43.5713555Z ./releases/v0.82.0/site/game/ui/picture-identity.mjs
build	Upload complete canonical site	2026-09-22T14:14:43.5726277Z ./releases/v0.82.0/site/game/ui/enemy-body-motion.mjs
build	Upload complete canonical site	2026-09-22T14:14:43.5726639Z ./releases/v0.82.0/site/game/ui/profile-recovery.css
build	Upload complete canonical site	2026-09-22T14:14:43.5726945Z ./releases/v0.82.0/site/game/ui/asset-studio-return.mjs
build	Upload complete canonical site	2026-09-22T14:14:43.5727263Z ./releases/v0.82.0/site/game/ui/optional-chapters-panel.mjs
build	Upload complete canonical site	2026-09-22T14:14:43.5727693Z ./releases/v0.82.0/site/game/ui/lane-presentation.mjs
build	Upload complete canonical site	2026-09-22T14:14:43.5727992Z ./releases/v0.82.0/site/game/ui/field-kit-components.css
build	Upload complete canonical site	2026-09-22T14:14:43.5728312Z ./releases/v0.82.0/site/game/ui/profile-recovery-dialog.mjs
build	Upload complete canonical site	2026-09-22T14:14:43.5728625Z ./releases/v0.82.0/site/game/ui/still-media-host.mjs
build	Upload complete canonical site	2026-09-22T14:14:43.5728939Z ./releases/v0.82.0/site/game/ui/flight-information-source.mjs
build	Upload complete canonical site	2026-09-22T14:14:43.5729259Z ./releases/v0.82.0/site/game/ui/player-body-layout.mjs
build	Upload complete canonical site	2026-09-22T14:14:43.5729562Z ./releases/v0.82.0/site/game/ui/enemy-catalog-input.mjs
build	Upload complete canonical site	2026-09-22T14:14:43.5729875Z ./releases/v0.82.0/site/game/ui/workshop-return-entry.mjs
build	Upload complete canonical site	2026-09-22T14:14:43.5730176Z ./releases/v0.82.0/site/game/ui/direct-tool-launch.js
build	Upload complete canonical site	2026-09-22T14:14:43.5730457Z ./releases/v0.82.0/site/game/ui/field-kit-copy.mjs
build	Upload complete canonical site	2026-09-22T14:14:43.5730732Z ./releases/v0.82.0/site/game/ui/relay-view.mjs
build	Upload complete canonical site	2026-09-22T14:14:43.5731016Z ./releases/v0.82.0/site/game/ui/first-flight-preview.mjs
build	Upload complete canonical site	2026-09-22T14:14:43.5731297Z ./releases/v0.82.0/site/game/ui/settings.css
build	Upload complete canonical site	2026-09-22T14:14:43.5731544Z ./releases/v0.82.0/site/game/ui/input.mjs
build	Upload complete canonical site	2026-09-22T14:14:43.5731815Z ./releases/v0.82.0/site/game/ui/storage-retention.mjs
build	Upload complete canonical site	2026-09-22T14:14:43.5732126Z ./releases/v0.82.0/site/game/ui/chapter-focus-clearance.mjs
build	Upload complete canonical site	2026-09-22T14:14:43.5732423Z ./releases/v0.82.0/site/game/ui/combat-view.mjs
build	Upload complete canonical site	2026-09-22T14:14:43.5732702Z ./releases/v0.82.0/site/game/ui/still-media-panel.css
build	Upload complete canonical site	2026-09-22T14:14:43.5733005Z ./releases/v0.82.0/site/game/ui/controller-boost-host.mjs
build	Upload complete canonical site	2026-09-22T14:14:43.5733388Z ./releases/v0.82.0/site/game/ui/mode-choice.mjs
build	Upload complete canonical site	2026-09-22T14:14:43.5733646Z ./releases/v0.82.0/site/game/ui/scene-art.mjs
build	Upload complete canonical site	2026-09-22T14:14:43.5733912Z ./releases/v0.82.0/site/game/ui/worlds-browser.mjs
build	Upload complete canonical site	2026-09-22T14:14:43.5734197Z ./releases/v0.82.0/site/game/ui/actor-presentation.mjs
build	Upload complete canonical site	2026-09-22T14:14:43.5734482Z ./releases/v0.82.0/site/game/ui/earned-picture.mjs
build	Upload complete canonical site	2026-09-22T14:14:43.5734750Z ./releases/v0.82.0/site/game/ui/pixel-theme.css
build	Upload complete canonical site	2026-09-22T14:14:43.5735013Z ./releases/v0.82.0/site/game/ui/retry-view.mjs
build	Upload complete canonical site	2026-09-22T14:14:43.5735282Z ./releases/v0.82.0/site/game/ui/operation-status.css
build	Upload complete canonical site	2026-09-22T14:14:43.5735594Z ./releases/v0.82.0/site/game/ui/flight-information-details.mjs
build	Upload complete canonical site	2026-09-22T14:14:43.5735903Z ./releases/v0.82.0/site/game/ui/audio-master.mjs
build	Upload complete canonical site	2026-09-22T14:14:43.5736178Z ./releases/v0.82.0/site/game/ui/focus-clearance.mjs
build	Upload complete canonical site	2026-09-22T14:14:43.5736446Z ./releases/v0.82.0/site/game/ui/game-shell.mjs
build	Upload complete canonical site	2026-09-22T14:14:43.5736728Z ./releases/v0.82.0/site/game/ui/video-poster-workshop.mjs
build	Upload complete canonical site	2026-09-22T14:14:43.5737040Z ./releases/v0.82.0/site/game/ui/reading-input-prompt.mjs
build	Upload complete canonical site	2026-09-22T14:14:43.5737332Z ./releases/v0.82.0/site/game/ui/mission-gallery.mjs
build	Upload complete canonical site	2026-09-22T14:14:43.5737701Z ./releases/v0.82.0/site/game/ui/journey.css
build	Upload complete canonical site	2026-09-22T14:14:43.5737957Z ./releases/v0.82.0/site/game/ui/journey-backup.mjs
build	Upload complete canonical site	2026-09-22T14:14:43.5738225Z ./releases/v0.82.0/site/game/ui/key-settings.mjs
build	Upload complete canonical site	2026-09-22T14:14:43.5738527Z ./releases/v0.82.0/site/game/ui/content-studio-navigation.mjs
build	Upload complete canonical site	2026-09-22T14:14:43.5738830Z ./releases/v0.82.0/site/game/ui/event-feedback.mjs
build	Upload complete canonical site	2026-09-22T14:14:43.5739108Z ./releases/v0.82.0/site/game/ui/workshop-return.css
build	Upload complete canonical site	2026-09-22T14:14:43.5739387Z ./releases/v0.82.0/site/game/ui/directional-view.mjs
build	Upload complete canonical site	2026-09-22T14:14:43.5739779Z ./releases/v0.82.0/site/game/ui/profile-recovery-dialog.css
build	Upload complete canonical site	2026-09-22T14:14:43.5740077Z ./releases/v0.82.0/site/game/ui/offline-panel.mjs
build	Upload complete canonical site	2026-09-22T14:14:43.5740357Z ./releases/v0.82.0/site/game/ui/still-story-panel.mjs
build	Upload complete canonical site	2026-09-22T14:14:43.5740638Z ./releases/v0.82.0/site/game/ui/journey-chooser.mjs
build	Upload complete canonical site	2026-09-22T14:14:43.5740935Z ./releases/v0.82.0/site/game/ui/enemy-catalog-panel.mjs
build	Upload complete canonical site	2026-09-22T14:14:43.5741237Z ./releases/v0.82.0/site/game/ui/authored-mode-routes.mjs
build	Upload complete canonical site	2026-09-22T14:14:43.5741529Z ./releases/v0.82.0/site/game/ui/backup-set-panel.mjs
build	Upload complete canonical site	2026-09-22T14:14:43.5741814Z ./releases/v0.82.0/site/game/ui/controller-router.mjs
build	Upload complete canonical site	2026-09-22T14:14:43.5742096Z ./releases/v0.82.0/site/game/ui/foundation-view.mjs
build	Upload complete canonical site	2026-09-22T14:14:43.5742379Z ./releases/v0.82.0/site/game/ui/field-kit-tokens.css
build	Upload complete canonical site	2026-09-22T14:14:43.5742641Z ./releases/v0.82.0/site/game/ui/fonts/
build	Upload complete canonical site	2026-09-22T14:14:43.5742895Z ./releases/v0.82.0/site/game/ui/fonts/pixelify-sans/
build	Upload complete canonical site	2026-09-22T14:14:43.5743225Z ./releases/v0.82.0/site/game/ui/fonts/pixelify-sans/provenance.json
build	Upload complete canonical site	2026-09-22T14:14:43.5743583Z ./releases/v0.82.0/site/game/ui/fonts/pixelify-sans/METADATA.pb
build	Upload complete canonical site	2026-09-22T14:14:43.5743937Z ./releases/v0.82.0/site/game/ui/fonts/pixelify-sans/PixelifySans.ttf
build	Upload complete canonical site	2026-09-22T14:14:43.5744279Z ./releases/v0.82.0/site/game/ui/fonts/pixelify-sans/OFL.txt
build	Upload complete canonical site	2026-09-22T14:14:43.5744588Z ./releases/v0.82.0/site/game/ui/fonts/provenance.json
build	Upload complete canonical site	2026-09-22T14:14:43.5744869Z ./releases/v0.82.0/site/game/ui/fonts/METADATA.pb
build	Upload complete canonical site	2026-09-22T14:14:43.5745155Z ./releases/v0.82.0/site/game/ui/fonts/Tiny5-Regular.ttf
build	Upload complete canonical site	2026-09-22T14:14:43.5745434Z ./releases/v0.82.0/site/game/ui/fonts/field-kit/
build	Upload complete canonical site	2026-09-22T14:14:43.5745737Z ./releases/v0.82.0/site/game/ui/fonts/field-kit/provenance.json
build	Upload complete canonical site	2026-09-22T14:14:43.5746099Z ./releases/v0.82.0/site/game/ui/fonts/field-kit/handjet-display-600.woff2
build	Upload complete canonical site	2026-09-22T14:14:43.5746474Z ./releases/v0.82.0/site/game/ui/fonts/field-kit/exo2-ui-400-600.woff2
build	Upload complete canonical site	2026-09-22T14:14:43.5746835Z ./releases/v0.82.0/site/game/ui/fonts/field-kit/IBMPlexMono-OFL.txt
build	Upload complete canonical site	2026-09-22T14:14:43.5747181Z ./releases/v0.82.0/site/game/ui/fonts/field-kit/Handjet-OFL.txt
build	Upload complete canonical site	2026-09-22T14:14:43.5747631Z ./releases/v0.82.0/site/game/ui/fonts/field-kit/ibm-plex-mono-500.woff2
build	Upload complete canonical site	2026-09-22T14:14:43.5747983Z ./releases/v0.82.0/site/game/ui/fonts/field-kit/Exo2-OFL.txt
build	Upload complete canonical site	2026-09-22T14:14:43.5748360Z ./releases/v0.82.0/site/game/ui/fonts/OFL.txt
build	Upload complete canonical site	2026-09-22T14:14:43.5748623Z ./releases/v0.82.0/site/game/ui/enemy-guide.css
build	Upload complete canonical site	2026-09-22T14:14:43.5748905Z ./releases/v0.82.0/site/game/ui/first-flight-launch.mjs
build	Upload complete canonical site	2026-09-22T14:14:43.5749198Z ./releases/v0.82.0/site/game/ui/soundtrack-player.mjs
build	Upload complete canonical site	2026-09-22T14:14:43.5749474Z ./releases/v0.82.0/site/game/ui/mastery-view.mjs
build	Upload complete canonical site	2026-09-22T14:14:43.5749753Z ./releases/v0.82.0/site/game/ui/terrain-feedback.mjs
build	Upload complete canonical site	2026-09-22T14:14:43.5750016Z ./releases/v0.82.0/site/game/ui/audio.mjs
build	Upload complete canonical site	2026-09-22T14:14:43.5750281Z ./releases/v0.82.0/site/game/ui/still-media-preview.mjs
build	Upload complete canonical site	2026-09-22T14:14:43.5750595Z ./releases/v0.82.0/site/game/ui/optional-chapters-panel.css
build	Upload complete canonical site	2026-09-22T14:14:43.5750906Z ./releases/v0.82.0/site/game/ui/journey-reactions.mjs
build	Upload complete canonical site	2026-09-22T14:14:43.5751191Z ./releases/v0.82.0/site/game/ui/modal-navigation.mjs
build	Upload complete canonical site	2026-09-22T14:14:43.5751465Z ./releases/v0.82.0/site/game/ui/story-dialog.mjs
build	Upload complete canonical site	2026-09-22T14:14:43.5751766Z ./releases/v0.82.0/site/game/ui/flight-information-bridge.mjs
build	Upload complete canonical site	2026-09-22T14:14:43.5752087Z ./releases/v0.82.0/site/game/ui/profile-recovery.mjs
build	Upload complete canonical site	2026-09-22T14:14:43.5752364Z ./releases/v0.82.0/site/game/ui/encounter-view.mjs
build	Upload complete canonical site	2026-09-22T14:14:43.5752682Z ./releases/v0.82.0/site/game/ui/content-studio-navigation-entry.mjs
build	Upload complete canonical site	2026-09-22T14:14:43.5753014Z ./releases/v0.82.0/site/game/ui/still-media-catalog.mjs
build	Upload complete canonical site	2026-09-22T14:14:43.5753299Z ./releases/v0.82.0/site/game/ui/tool-display.mjs
build	Upload complete canonical site	2026-09-22T14:14:43.5753562Z ./releases/v0.82.0/site/game/ui/backup-set.css
build	Upload complete canonical site	2026-09-22T14:14:43.5753828Z ./releases/v0.82.0/site/game/ui/player-locator.mjs
build	Upload complete canonical site	2026-09-22T14:14:43.5754101Z ./releases/v0.82.0/site/game/ui/music-credit.mjs
build	Upload complete canonical site	2026-09-22T14:14:43.5754460Z ./releases/v0.82.0/site/game/ui/mission-picker.css
build	Upload complete canonical site	2026-09-22T14:14:43.5754733Z ./releases/v0.82.0/site/game/ui/victory-story.mjs
build	Upload complete canonical site	2026-09-22T14:14:43.5755017Z ./releases/v0.82.0/site/game/ui/mission-thumbnails.mjs
build	Upload complete canonical site	2026-09-22T14:14:43.5755310Z ./releases/v0.82.0/site/game/ui/controller-reading.mjs
build	Upload complete canonical site	2026-09-22T14:14:43.5755634Z ./releases/v0.82.0/site/game/ui/flight-information-details.css
build	Upload complete canonical site	2026-09-22T14:14:43.5755956Z ./releases/v0.82.0/site/game/ui/controller-preview.mjs
build	Upload complete canonical site	2026-09-22T14:14:43.5756252Z ./releases/v0.82.0/site/game/ui/combat-presentation.mjs
build	Upload complete canonical site	2026-09-22T14:14:43.5756544Z ./releases/v0.82.0/site/game/ui/operation-status.mjs
build	Upload complete canonical site	2026-09-22T14:14:43.5756826Z ./releases/v0.82.0/site/game/ui/mission-picker.mjs
build	Upload complete canonical site	2026-09-22T14:14:43.5757105Z ./releases/v0.82.0/site/game/ui/result-picture.mjs
build	Upload complete canonical site	2026-09-22T14:14:43.5757504Z ./releases/v0.82.0/site/game/ui/candidate-flight-pictures.mjs
build	Upload complete canonical site	2026-09-22T14:14:43.5757821Z ./releases/v0.82.0/site/game/ui/foundation-feedback.mjs
build	Upload complete canonical site	2026-09-22T14:14:43.5758105Z ./releases/v0.82.0/site/game/ui/fullscreen.mjs
build	Upload complete canonical site	2026-09-22T14:14:43.5758381Z ./releases/v0.82.0/site/game/ui/menu-style-controls.mjs
build	Upload complete canonical site	2026-09-22T14:14:43.5758671Z ./releases/v0.82.0/site/game/ui/soundtrack-panel.mjs
build	Upload complete canonical site	2026-09-22T14:14:43.5758958Z ./releases/v0.82.0/site/game/ui/tool-display-entry.mjs
build	Upload complete canonical site	2026-09-22T14:14:43.5759254Z ./releases/v0.82.0/site/game/ui/enemy-body-assets.mjs
build	Upload complete canonical site	2026-09-22T14:14:43.5759513Z ./releases/v0.82.0/site/game/ui/art/
build	Upload complete canonical site	2026-09-22T14:14:43.5759751Z ./releases/v0.82.0/site/game/ui/art/field-kit/
build	Upload complete canonical site	2026-09-22T14:14:43.5760025Z ./releases/v0.82.0/site/game/ui/art/field-kit/prepared/
build	Upload complete canonical site	2026-09-22T14:14:43.5760370Z ./releases/v0.82.0/site/game/ui/art/field-kit/prepared/title-hangar-v1.png
build	Upload complete canonical site	2026-09-22T14:14:43.5760797Z ./releases/v0.82.0/site/game/ui/art/field-kit/prepared/title-hangar-portrait-v1.png
build	Upload complete canonical site	2026-09-22T14:14:43.5761186Z ./releases/v0.82.0/site/game/ui/controller-navigation.mjs
build	Upload complete canonical site	2026-09-22T14:14:43.5761474Z ./releases/v0.82.0/site/game/ui/couch-touch.mjs
build	Upload complete canonical site	2026-09-22T14:14:43.5761757Z ./releases/v0.82.0/site/game/ui/still-media-panel.mjs
build	Upload complete canonical site	2026-09-22T14:14:43.5762060Z ./releases/v0.82.0/site/game/ui/profile-transfer-panel.mjs
build	Upload complete canonical site	2026-09-22T14:14:43.5762363Z ./releases/v0.82.0/site/game/ui/flight-pictures.mjs
build	Upload complete canonical site	2026-09-22T14:14:43.5762624Z ./releases/v0.82.0/site/game/ui/music.mjs
build	Upload complete canonical site	2026-09-22T14:14:43.5762989Z ./releases/v0.82.0/site/game/ui/enemy-workshop-return.mjs
build	Upload complete canonical site	2026-09-22T14:14:43.5763294Z ./releases/v0.82.0/site/game/ui/controller-settings.mjs
build	Upload complete canonical site	2026-09-22T14:14:43.5763591Z ./releases/v0.82.0/site/game/ui/field-kit-compiled.css
build	Upload complete canonical site	2026-09-22T14:14:43.5763884Z ./releases/v0.82.0/site/game/ui/field-kit-surfaces.css
build	Upload complete canonical site	2026-09-22T14:14:43.5764201Z ./releases/v0.82.0/site/game/ui/controller-boost-settings.mjs
build	Upload complete canonical site	2026-09-22T14:14:43.5764509Z ./releases/v0.82.0/site/game/ui/settings-panels.mjs
build	Upload complete canonical site	2026-09-22T14:14:43.5764785Z ./releases/v0.82.0/site/game/ui/mission-brief.css
build	Upload complete canonical site	2026-09-22T14:14:43.5765052Z ./releases/v0.82.0/site/game/ui/celebration.mjs
build	Upload complete canonical site	2026-09-22T14:14:43.5765315Z ./releases/v0.82.0/site/game/ui/classic-view.mjs
build	Upload complete canonical site	2026-09-22T14:14:43.5765616Z ./releases/v0.82.0/site/game/ui/presentation-draw-image.mjs
build	Upload complete canonical site	2026-09-22T14:14:43.5765920Z ./releases/v0.82.0/site/game/ui/published-audio.mjs
build	Upload complete canonical site	2026-09-22T14:14:43.5766182Z ./releases/v0.82.0/site/game/ui/render.mjs
build	Upload complete canonical site	2026-09-22T14:14:43.5766462Z ./releases/v0.82.0/site/game/profile-original-recovery.mjs
build	Upload complete canonical site	2026-09-22T14:14:43.5766751Z ./releases/v0.82.0/site/game/mp3.mjs
build	Upload complete canonical site	2026-09-22T14:14:43.5767002Z ./releases/v0.82.0/site/game/controller-bindings.mjs
build	Upload complete canonical site	2026-09-22T14:14:43.5767274Z ./releases/v0.82.0/site/game/media-library.mjs
build	Upload complete canonical site	2026-09-22T14:14:43.5767623Z ./releases/v0.82.0/site/game/attempt-file.mjs
build	Upload complete canonical site	2026-09-22T14:14:43.5767872Z ./releases/v0.82.0/site/game/coop/
build	Upload complete canonical site	2026-09-22T14:14:43.5768123Z ./releases/v0.82.0/site/game/coop/threats.mjs
build	Upload complete canonical site	2026-09-22T14:14:43.5768376Z ./releases/v0.82.0/site/game/coop/terrain.mjs
build	Upload complete canonical site	2026-09-22T14:14:43.5768657Z ./releases/v0.82.0/site/game/coop/bonus-opportunity.mjs
build	Upload complete canonical site	2026-09-22T14:14:43.5768937Z ./releases/v0.82.0/site/game/coop/geometry.mjs
build	Upload complete canonical site	2026-09-22T14:14:43.5769288Z ./releases/v0.82.0/site/game/coop/input-policy.mjs
build	Upload complete canonical site	2026-09-22T14:14:43.5769566Z ./releases/v0.82.0/site/game/coop/timed-bonuses.mjs
build	Upload complete canonical site	2026-09-22T14:14:43.5769837Z ./releases/v0.82.0/site/game/coop/roamers.mjs
build	Upload complete canonical site	2026-09-22T14:14:43.5770126Z ./releases/v0.82.0/site/game/coop/presentation-envelope.mjs
build	Upload complete canonical site	2026-09-22T14:14:43.5770422Z ./releases/v0.82.0/site/game/coop/recipes.mjs
build	Upload complete canonical site	2026-09-22T14:14:43.5770681Z ./releases/v0.82.0/site/game/coop/relay-yard.mjs
build	Upload complete canonical site	2026-09-22T14:14:43.5770940Z ./releases/v0.82.0/site/game/coop/library.mjs
build	Upload complete canonical site	2026-09-22T14:14:43.5771188Z ./releases/v0.82.0/site/game/coop/core.mjs
build	Upload complete canonical site	2026-09-22T14:14:43.5771458Z ./releases/v0.82.0/site/game/coop/first-connection.mjs
build	Upload complete canonical site	2026-09-22T14:14:43.5771740Z ./releases/v0.82.0/site/game/coop/foundations.mjs
build	Upload complete canonical site	2026-09-22T14:14:43.5771996Z ./releases/v0.82.0/site/game/playground/
build	Upload complete canonical site	2026-09-22T14:14:43.5772264Z ./releases/v0.82.0/site/game/playground/playground.css
build	Upload complete canonical site	2026-09-22T14:14:43.5772556Z ./releases/v0.82.0/site/game/playground/viewport.mjs
build	Upload complete canonical site	2026-09-22T14:14:43.5772848Z ./releases/v0.82.0/site/game/playground/board-view.mjs
build	Upload complete canonical site	2026-09-22T14:14:43.5773132Z ./releases/v0.82.0/site/game/playground/index.html
build	Upload complete canonical site	2026-09-22T14:14:43.5773440Z ./releases/v0.82.0/site/game/playground/control-geometry.mjs
build	Upload complete canonical site	2026-09-22T14:14:43.5773767Z ./releases/v0.82.0/site/game/playground/map-diagnostics.mjs
build	Upload complete canonical site	2026-09-22T14:14:43.5774079Z ./releases/v0.82.0/site/game/playground/playground.mjs
build	Upload complete canonical site	2026-09-22T14:14:43.5774362Z ./releases/v0.82.0/site/game/playground/model.mjs
build	Upload complete canonical site	2026-09-22T14:14:43.5774654Z ./releases/v0.82.0/site/game/profile-channel-assets.mjs
build	Upload complete canonical site	2026-09-22T14:14:43.5774923Z ./releases/v0.82.0/site/game/backup.mjs
build	Upload complete canonical site	2026-09-22T14:14:43.5775155Z ./releases/v0.82.0/site/game/journey/
build	Upload complete canonical site	2026-09-22T14:14:43.5775432Z ./releases/v0.82.0/site/game/journey/reaction-preferences.mjs
build	Upload complete canonical site	2026-09-22T14:14:43.5775743Z ./releases/v0.82.0/site/game/journey/reactions.mjs
build	Upload complete canonical site	2026-09-22T14:14:43.5776013Z ./releases/v0.82.0/site/game/journey/profile.mjs
build	Upload complete canonical site	2026-09-22T14:14:43.5776278Z ./releases/v0.82.0/site/game/journey/catalog.mjs
build	Upload complete canonical site	2026-09-22T14:14:43.5776551Z ./releases/v0.82.0/site/game/journey/preferences.mjs
build	Upload complete canonical site	2026-09-22T14:14:43.5776833Z ./releases/v0.82.0/site/game/journey/authority.mjs
build	Upload complete canonical site	2026-09-22T14:14:43.5777086Z ./releases/v0.82.0/site/game/boot.mjs
build	Upload complete canonical site	2026-09-22T14:14:43.5777343Z ./releases/v0.82.0/site/game/difficulty-navigation.mjs
build	Upload complete canonical site	2026-09-22T14:14:43.5777802Z ./releases/v0.82.0/site/game/replay-player.mjs
build	Upload complete canonical site	2026-09-22T14:14:43.5778090Z ./releases/v0.82.0/site/game/soundtrack-store-legacy.mjs
build	Upload complete canonical site	2026-09-22T14:14:43.5778364Z ./releases/v0.82.0/site/game/mastery.mjs
build	Upload complete canonical site	2026-09-22T14:14:43.5778596Z ./releases/v0.82.0/site/game/core/
build	Upload complete canonical site	2026-09-22T14:14:43.5778838Z ./releases/v0.82.0/site/game/core/combat-motion.mjs
build	Upload complete canonical site	2026-09-22T14:14:43.5779134Z ./releases/v0.82.0/site/game/core/bonus-opportunity.mjs
build	Upload complete canonical site	2026-09-22T14:14:43.5779424Z ./releases/v0.82.0/site/game/core/classic-state.mjs
build	Upload complete canonical site	2026-09-22T14:14:43.5779690Z ./releases/v0.82.0/site/game/core/capture.mjs
build	Upload complete canonical site	2026-09-22T14:14:43.5779961Z ./releases/v0.82.0/site/game/core/capture-regions.mjs
build	Upload complete canonical site	2026-09-22T14:14:43.5780240Z ./releases/v0.82.0/site/game/core/geometry.mjs
build	Upload complete canonical site	2026-09-22T14:14:43.5780493Z ./releases/v0.82.0/site/game/core/systems.mjs
build	Upload complete canonical site	2026-09-22T14:14:43.5780749Z ./releases/v0.82.0/site/game/core/encounter.mjs
build	Upload complete canonical site	2026-09-22T14:14:43.5781024Z ./releases/v0.82.0/site/game/core/classic-contour.mjs
build	Upload complete canonical site	2026-09-22T14:14:43.5781301Z ./releases/v0.82.0/site/game/core/level.mjs
build	Upload complete canonical site	2026-09-22T14:14:43.5781552Z ./releases/v0.82.0/site/game/core/registry.mjs
build	Upload complete canonical site	2026-09-22T14:14:43.5781827Z ./releases/v0.82.0/site/game/core/classic-topology.mjs
build	Upload complete canonical site	2026-09-22T14:14:43.5782111Z ./releases/v0.82.0/site/game/core/timed-bonuses.mjs
build	Upload complete canonical site	2026-09-22T14:14:43.5782392Z ./releases/v0.82.0/site/game/core/enemy-pressure.mjs
build	Upload complete canonical site	2026-09-22T14:14:43.5782673Z ./releases/v0.82.0/site/game/core/line-impact.mjs
build	Upload complete canonical site	2026-09-22T14:14:43.5782936Z ./releases/v0.82.0/site/game/core/contacts.mjs
build	Upload complete canonical site	2026-09-22T14:14:43.5783199Z ./releases/v0.82.0/site/game/core/classic-step.mjs
build	Upload complete canonical site	2026-09-22T14:14:43.5783476Z ./releases/v0.82.0/site/game/core/arcade-actions.mjs
build	Upload complete canonical site	2026-09-22T14:14:43.5783865Z ./releases/v0.82.0/site/game/core/combat-definition.mjs
build	Upload complete canonical site	2026-09-22T14:14:43.5784144Z ./releases/v0.82.0/site/game/core/abilities.mjs
build	Upload complete canonical site	2026-09-22T14:14:43.5784427Z ./releases/v0.82.0/site/game/core/directional-fields.mjs
build	Upload complete canonical site	2026-09-22T14:14:43.5784709Z ./releases/v0.82.0/site/game/core/versions.mjs
build	Upload complete canonical site	2026-09-22T14:14:43.5785039Z ./releases/v0.82.0/site/game/core/README.md
build	Upload complete canonical site	2026-09-22T14:14:43.5785283Z ./releases/v0.82.0/site/game/core/index.mjs
build	Upload complete canonical site	2026-09-22T14:14:43.5785531Z ./releases/v0.82.0/site/game/core/movement.mjs
build	Upload complete canonical site	2026-09-22T14:14:43.5785812Z ./releases/v0.82.0/site/game/core/classic-definition.mjs
build	Upload complete canonical site	2026-09-22T14:14:43.5786111Z ./releases/v0.82.0/site/game/core/classic-motion.mjs
build	Upload complete canonical site	2026-09-22T14:14:43.5786392Z ./releases/v0.82.0/site/game/core/combat-patrols.mjs
build	Upload complete canonical site	2026-09-22T14:14:43.5786668Z ./releases/v0.82.0/site/game/core/foundations.mjs
build	Upload complete canonical site	2026-09-22T14:14:43.5786935Z ./releases/v0.82.0/site/game/core/relay-gates.mjs
build	Upload complete canonical site	2026-09-22T14:14:43.5787233Z ./releases/v0.82.0/site/game/character-presentations.mjs
build	Upload complete canonical site	2026-09-22T14:14:43.5787641Z ./releases/v0.82.0/site/game/external-chapter-pointer.mjs
build	Upload complete canonical site	2026-09-22T14:14:43.5787935Z ./releases/v0.82.0/site/game/external-chapter.mjs
build	Upload complete canonical site	2026-09-22T14:14:43.5788196Z ./releases/v0.82.0/site/game/build-info.json
build	Upload complete canonical site	2026-09-22T14:14:43.5788464Z ./releases/v0.82.0/site/game/soundtrack-archive.mjs
build	Upload complete canonical site	2026-09-22T14:14:43.5788731Z ./releases/v0.82.0/site/game/text-size.mjs
build	Upload complete canonical site	2026-09-22T14:14:43.5788963Z ./releases/v0.82.0/site/game/content/
build	Upload complete canonical site	2026-09-22T14:14:43.5789241Z ./releases/v0.82.0/site/game/content/soundtrack-catalogue.json
build	Upload complete canonical site	2026-09-22T14:14:43.5789570Z ./releases/v0.82.0/site/game/content/external-worlds.json
build	Upload complete canonical site	2026-09-22T14:14:43.5789876Z ./releases/v0.82.0/site/game/content/optional-worlds.json
build	Upload complete canonical site	2026-09-22T14:14:43.5790192Z ./releases/v0.82.0/site/game/content/recovery-catalogs.json
build	Upload complete canonical site	2026-09-22T14:14:43.5790484Z ./releases/v0.82.0/site/game/content/scenarios/
build	Upload complete canonical site	2026-09-22T14:14:43.5790801Z ./releases/v0.82.0/site/game/content/scenarios/line-impact-demo.json
build	Upload complete canonical site	2026-09-22T14:14:43.5791124Z ./releases/v0.82.0/site/game/content/themes.json
build	Upload complete canonical site	2026-09-22T14:14:43.5791425Z ./releases/v0.82.0/site/game/content/optional-soundtracks.json
build	Upload complete canonical site	2026-09-22T14:14:43.5791771Z ./releases/v0.82.0/site/game/content/journey-campaign-pins.json
build	Upload complete canonical site	2026-09-22T14:14:43.5792074Z ./releases/v0.82.0/site/game/content/packs/
build	Upload complete canonical site	2026-09-22T14:14:43.5792443Z ./releases/v0.82.0/site/game/content/packs/night-shift.json
build	Upload complete canonical site	2026-09-22T14:14:43.5792790Z ./releases/v0.82.0/site/game/content/packs/fpv-pressure-frontier.json
build	Upload complete canonical site	2026-09-22T14:14:43.5795048Z ./releases/v0.82.0/site/game/content/packs/index.json
build	Upload complete canonical site	2026-09-22T14:14:43.5795364Z ./releases/v0.82.0/site/game/content/packs/fpv-arcade-r5.json
build	Upload complete canonical site	2026-09-22T14:14:43.5862439Z ./releases/v0.82.0/site/game/content/packs/archive-catalog.json
build	Upload complete canonical site	2026-09-22T14:14:43.5863004Z ./releases/v0.82.0/site/game/content/packs/fpv-arcade-r2.json
build	Upload complete canonical site	2026-09-22T14:14:43.5929032Z ./releases/v0.82.0/site/game/content/packs/classic-lab.json
build	Upload complete canonical site	2026-09-22T14:14:43.5929397Z ./releases/v0.82.0/site/game/content/packs/homeward-skies.json
build	Upload complete canonical site	2026-09-22T14:14:43.5994617Z ./releases/v0.82.0/site/game/content/packs/archive-index.json
build	Upload complete canonical site	2026-09-22T14:14:43.5995059Z ./releases/v0.82.0/site/game/content/packs/equipment-workshop.json
build	Upload complete canonical site	2026-09-22T14:14:43.6058923Z ./releases/v0.82.0/site/game/content/packs/fpv-arcade.json
build	Upload complete canonical site	2026-09-22T14:14:43.6126047Z ./releases/v0.82.0/site/game/content/packs/living-threads.json
build	Upload complete canonical site	2026-09-22T14:14:43.6126445Z ./releases/v0.82.0/site/game/content/packs/fpv-arcade-r4.json
build	Upload complete canonical site	2026-09-22T14:14:43.6192842Z ./releases/v0.82.0/site/game/content/packs/fieldcraft.json
build	Upload complete canonical site	2026-09-22T14:14:43.6193300Z ./releases/v0.82.0/site/game/content/packs/sentinel-relay.json
build	Upload complete canonical site	2026-09-22T14:14:43.6193640Z ./releases/v0.82.0/site/game/content/packs/fpv-arcade-r3.json
build	Upload complete canonical site	2026-09-22T14:14:43.6260008Z ./releases/v0.82.0/site/game/content/packs/catalog.json
build	Upload complete canonical site	2026-09-22T14:14:43.6260380Z ./releases/v0.82.0/site/game/content/enemy-presentations.json
build	Upload complete canonical site	2026-09-22T14:14:43.6260721Z ./releases/v0.82.0/site/game/content/campaign.json
build	Upload complete canonical site	2026-09-22T14:14:43.6261191Z ./releases/v0.82.0/site/game/content/soundtrack-catalogue.mjs
build	Upload complete canonical site	2026-09-22T14:14:43.6261524Z ./releases/v0.82.0/site/game/content/classes.json
build	Upload complete canonical site	2026-09-22T14:14:43.6261825Z ./releases/v0.82.0/site/game/difficulty-access.mjs
build	Upload complete canonical site	2026-09-22T14:14:43.6262131Z ./releases/v0.82.0/site/game/story-receipts.mjs
build	Upload complete canonical site	2026-09-22T14:14:43.6262422Z ./releases/v0.82.0/site/game/index.html
build	Upload complete canonical site	2026-09-22T14:14:43.6262695Z ./releases/v0.82.0/site/game/offline.mjs
build	Upload complete canonical site	2026-09-22T14:14:43.6262977Z ./releases/v0.82.0/site/game/soundtrack-share.mjs
build	Upload complete canonical site	2026-09-22T14:14:43.6263276Z ./releases/v0.82.0/site/game/profile-recovery.mjs
build	Upload complete canonical site	2026-09-22T14:14:43.6263559Z ./releases/v0.82.0/site/game/continuation.mjs
build	Upload complete canonical site	2026-09-22T14:14:43.6263853Z ./releases/v0.82.0/site/game/touch-preferences.mjs
build	Upload complete canonical site	2026-09-22T14:14:43.6264137Z ./releases/v0.82.0/site/game/studio/
build	Upload complete canonical site	2026-09-22T14:14:43.6264408Z ./releases/v0.82.0/site/game/studio/pacing-inspector.mjs
build	Upload complete canonical site	2026-09-22T14:14:43.6264740Z ./releases/v0.82.0/site/game/studio/difficulty-view.mjs
build	Upload complete canonical site	2026-09-22T14:14:43.6265059Z ./releases/v0.82.0/site/game/studio/board-state.mjs
build	Upload complete canonical site	2026-09-22T14:14:43.6265372Z ./releases/v0.82.0/site/game/studio/relay-editor.mjs
build	Upload complete canonical site	2026-09-22T14:14:43.6265686Z ./releases/v0.82.0/site/game/studio/actor-editor.mjs
build	Upload complete canonical site	2026-09-22T14:14:43.6266008Z ./releases/v0.82.0/site/game/studio/objective-editor.mjs
build	Upload complete canonical site	2026-09-22T14:14:43.6266336Z ./releases/v0.82.0/site/game/studio/combat-editor.mjs
build	Upload complete canonical site	2026-09-22T14:14:43.6266658Z ./releases/v0.82.0/site/game/studio/image-workbench.mjs
build	Upload complete canonical site	2026-09-22T14:14:43.6266991Z ./releases/v0.82.0/site/game/studio/timed-bonus-editor.mjs
build	Upload complete canonical site	2026-09-22T14:14:43.6267317Z ./releases/v0.82.0/site/game/studio/edit-context.mjs
build	Upload complete canonical site	2026-09-22T14:14:43.6267727Z ./releases/v0.82.0/site/game/studio/trace-recovery.mjs
build	Upload complete canonical site	2026-09-22T14:14:43.6268053Z ./releases/v0.82.0/site/game/studio/geometry-editor.mjs
build	Upload complete canonical site	2026-09-22T14:14:43.6268366Z ./releases/v0.82.0/site/game/studio/bonus-editor.mjs
build	Upload complete canonical site	2026-09-22T14:14:43.6268700Z ./releases/v0.82.0/site/game/studio/acceptance-inspector.mjs
build	Upload complete canonical site	2026-09-22T14:14:43.6269043Z ./releases/v0.82.0/site/game/studio/studio.mjs
build	Upload complete canonical site	2026-09-22T14:14:43.6269331Z ./releases/v0.82.0/site/game/studio/index.html
build	Upload complete canonical site	2026-09-22T14:14:43.6269647Z ./releases/v0.82.0/site/game/studio/directional-editor.mjs
build	Upload complete canonical site	2026-09-22T14:14:43.6269990Z ./releases/v0.82.0/site/game/studio/preview-readiness.mjs
build	Upload complete canonical site	2026-09-22T14:14:43.6270431Z ./releases/v0.82.0/site/game/studio/encounter-editor.mjs
build	Upload complete canonical site	2026-09-22T14:14:43.6270743Z ./releases/v0.82.0/site/game/studio/studio.css
build	Upload complete canonical site	2026-09-22T14:14:43.6271067Z ./releases/v0.82.0/site/game/studio/candidate-library.mjs
build	Upload complete canonical site	2026-09-22T14:14:43.6271391Z ./releases/v0.82.0/site/game/display-preferences.mjs
build	Upload complete canonical site	2026-09-22T14:14:43.6271682Z ./releases/v0.82.0/site/game/first-flight.mjs
build	Upload complete canonical site	2026-09-22T14:14:43.6271967Z ./releases/v0.82.0/site/game/replay-theater/
build	Upload complete canonical site	2026-09-22T14:14:43.6272273Z ./releases/v0.82.0/site/game/replay-theater/display.mjs
build	Upload complete canonical site	2026-09-22T14:14:43.6272586Z ./releases/v0.82.0/site/game/replay-theater/data/
build	Upload complete canonical site	2026-09-22T14:14:43.6272934Z ./releases/v0.82.0/site/game/replay-theater/data/fieldcraft-02.replay.json
build	Upload complete canonical site	2026-09-22T14:14:43.6273361Z ./releases/v0.82.0/site/game/replay-theater/data/fieldcraft-04.replay.json
build	Upload complete canonical site	2026-09-22T14:14:43.6273782Z ./releases/v0.82.0/site/game/replay-theater/data/fieldcraft-03.replay.json
build	Upload complete canonical site	2026-09-22T14:14:43.6274207Z ./releases/v0.82.0/site/game/replay-theater/data/fieldcraft-01.replay.json
build	Upload complete canonical site	2026-09-22T14:14:43.6274592Z ./releases/v0.82.0/site/game/replay-theater/index.html
build	Upload complete canonical site	2026-09-22T14:14:43.6274913Z ./releases/v0.82.0/site/game/replay-theater/app.mjs
build	Upload complete canonical site	2026-09-22T14:14:43.6275241Z ./releases/v0.82.0/site/game/replay-theater/theater.css
build	Upload complete canonical site	2026-09-22T14:14:43.6275563Z ./releases/v0.82.0/site/game/replay-theater/navigation.mjs
build	Upload complete canonical site	2026-09-22T14:14:43.6275885Z ./releases/v0.82.0/site/game/backup-storage.mjs
build	Upload complete canonical site	2026-09-22T14:14:43.6276177Z ./releases/v0.82.0/site/game/profile-recovery.html
build	Upload complete canonical site	2026-09-22T14:14:43.6276470Z ./releases/v0.82.0/site/game/library.mjs
build	Upload complete canonical site	2026-09-22T14:14:43.6276718Z ./releases/v0.82.0/site/game/victory-story.mjs
build	Upload complete canonical site	2026-09-22T14:14:43.6277135Z ./releases/v0.82.0/site/game/enemy-catalog.mjs
build	Upload complete canonical site	2026-09-22T14:14:43.6277523Z ./releases/v0.82.0/site/game/mastery-catalog.mjs
build	Upload complete canonical site	2026-09-22T14:14:43.6277840Z ./releases/v0.82.0/site/game/profile-channel-reader.mjs
build	Upload complete canonical site	2026-09-22T14:14:43.6278158Z ./releases/v0.82.0/site/game/soundtrack-bundle.mjs
build	Upload complete canonical site	2026-09-22T14:14:43.6278454Z ./releases/v0.82.0/site/game/media-bundle.mjs
build	Upload complete canonical site	2026-09-22T14:14:43.6278730Z ./releases/v0.82.0/site/game/media-store.mjs
build	Upload complete canonical site	2026-09-22T14:14:43.6279013Z ./releases/v0.82.0/site/game/profile-channel.mjs
build	Upload complete canonical site	2026-09-22T14:14:43.6279335Z ./releases/v0.82.0/site/game/external-chapter-install.mjs
build	Upload complete canonical site	2026-09-22T14:14:43.6279644Z ./releases/v0.82.0/site/game/README.md
build	Upload complete canonical site	2026-09-22T14:14:43.6279936Z ./releases/v0.82.0/site/game/external-chapter-catalog.mjs
build	Upload complete canonical site	2026-09-22T14:14:43.6280237Z ./releases/v0.82.0/site/game/progress.mjs
build	Upload complete canonical site	2026-09-22T14:14:43.6280522Z ./releases/v0.82.0/site/game/mode-return-v2.mjs
build	Upload complete canonical site	2026-09-22T14:14:43.6280811Z ./releases/v0.82.0/site/game/backup-set.mjs
build	Upload complete canonical site	2026-09-22T14:14:43.6281109Z ./releases/v0.82.0/site/game/collection-results.mjs
build	Upload complete canonical site	2026-09-22T14:14:43.6281415Z ./releases/v0.82.0/site/game/body-derivative.mjs
build	Upload complete canonical site	2026-09-22T14:14:43.6281735Z ./releases/v0.82.0/site/game/external-backup-assets.mjs
build	Upload complete canonical site	2026-09-22T14:14:43.6282050Z ./releases/v0.82.0/site/game/soundtrack-albums.mjs
build	Upload complete canonical site	2026-09-22T14:14:43.6282332Z ./releases/v0.82.0/site/game/app.mjs
build	Upload complete canonical site	2026-09-22T14:14:43.6282581Z ./releases/v0.82.0/site/game/controller-boost.mjs
build	Upload complete canonical site	2026-09-22T14:14:43.6282874Z ./releases/v0.82.0/site/game/mastery-awards.mjs
build	Upload complete canonical site	2026-09-22T14:14:43.6283189Z ./releases/v0.82.0/site/game/external-chapter-host.mjs
build	Upload complete canonical site	2026-09-22T14:14:43.6283509Z ./releases/v0.82.0/site/game/campaign-contexts.mjs
build	Upload complete canonical site	2026-09-22T14:14:43.6283821Z ./releases/v0.82.0/site/game/attempt-export.mjs
build	Upload complete canonical site	2026-09-22T14:14:43.6284118Z ./releases/v0.82.0/site/game/picture-receipts.mjs
build	Upload complete canonical site	2026-09-22T14:14:43.6284401Z ./releases/v0.82.0/site/game/platform.mjs
build	Upload complete canonical site	2026-09-22T14:14:43.6284653Z ./releases/v0.82.0/site/game/mission-brief.mjs
build	Upload complete canonical site	2026-09-22T14:14:43.6284925Z ./releases/v0.82.0/site/game/packs.mjs
build	Upload complete canonical site	2026-09-22T14:14:43.6285173Z ./releases/v0.82.0/site/game/key-bindings.mjs
build	Upload complete canonical site	2026-09-22T14:14:43.6285440Z ./releases/v0.82.0/site/game/assets/
build	Upload complete canonical site	2026-09-22T14:14:43.6285678Z ./releases/v0.82.0/site/game/assets/field-kit/
build	Upload complete canonical site	2026-09-22T14:14:43.6285975Z ./releases/v0.82.0/site/game/assets/field-kit/icons/
build	Upload complete canonical site	2026-09-22T14:14:43.6286438Z ./releases/v0.82.0/site/game/assets/field-kit/icons/contact-sheet.png
build	Upload complete canonical site	2026-09-22T14:14:43.6286827Z ./releases/v0.82.0/site/game/assets/field-kit/icons/review.html
build	Upload complete canonical site	2026-09-22T14:14:43.6287214Z ./releases/v0.82.0/site/game/assets/field-kit/icons/review.mjs
build	Upload complete canonical site	2026-09-22T14:14:43.6287779Z ./releases/v0.82.0/site/game/assets/field-kit/sprites/
build	Upload complete canonical site	2026-09-22T14:14:43.6288154Z ./releases/v0.82.0/site/game/assets/field-kit/sprites/enemy-relay-sentinel.png
build	Upload complete canonical site	2026-09-22T14:14:43.6288581Z ./releases/v0.82.0/site/game/assets/field-kit/sprites/terrain-wall.png
build	Upload complete canonical site	2026-09-22T14:14:43.6288981Z ./releases/v0.82.0/site/game/assets/field-kit/sprites/enemy-eroder.png
build	Upload complete canonical site	2026-09-22T14:14:43.6289409Z ./releases/v0.82.0/site/game/assets/field-kit/sprites/enemy-border-patrol.png
build	Upload complete canonical site	2026-09-22T14:14:43.6289861Z ./releases/v0.82.0/site/game/assets/field-kit/sprites/player-bomber-detailed.png
build	Upload complete canonical site	2026-09-22T14:14:43.6290295Z ./releases/v0.82.0/site/game/assets/field-kit/sprites/pickup-objective.png
build	Upload complete canonical site	2026-09-22T14:14:43.6290708Z ./releases/v0.82.0/site/game/assets/field-kit/sprites/contact-sheet.png
build	Upload complete canonical site	2026-09-22T14:14:43.6291113Z ./releases/v0.82.0/site/game/assets/field-kit/sprites/sprites.json
build	Upload complete canonical site	2026-09-22T14:14:43.6291506Z ./releases/v0.82.0/site/game/assets/field-kit/sprites/pickup-supply.png
build	Upload complete canonical site	2026-09-22T14:14:43.6291911Z ./releases/v0.82.0/site/game/assets/field-kit/sprites/terrain-lethal.png
build	Upload complete canonical site	2026-09-22T14:14:43.6292339Z ./releases/v0.82.0/site/game/assets/field-kit/sprites/enemy-claimed-rover.png
build	Upload complete canonical site	2026-09-22T14:14:43.6292790Z ./releases/v0.82.0/site/game/assets/field-kit/sprites/enemy-contour-patrol.png
build	Upload complete canonical site	2026-09-22T14:14:43.6293257Z ./releases/v0.82.0/site/game/assets/field-kit/sprites/player-interceptor-compact.png
build	Upload complete canonical site	2026-09-22T14:14:43.6293824Z ./releases/v0.82.0/site/game/assets/field-kit/sprites/player-trapper-compact.png
build	Upload complete canonical site	2026-09-22T14:14:43.6294279Z ./releases/v0.82.0/site/game/assets/field-kit/sprites/player-fiber-compact.png
build	Upload complete canonical site	2026-09-22T14:14:43.6294740Z ./releases/v0.82.0/site/game/assets/field-kit/sprites/player-interceptor-detailed.png
build	Upload complete canonical site	2026-09-22T14:14:43.6295193Z ./releases/v0.82.0/site/game/assets/field-kit/sprites/pickup-freeze.png
build	Upload complete canonical site	2026-09-22T14:14:43.6295583Z ./releases/v0.82.0/site/game/assets/field-kit/sprites/review.html
build	Upload complete canonical site	2026-09-22T14:14:43.6295996Z ./releases/v0.82.0/site/game/assets/field-kit/sprites/player-impact-compact.png
build	Upload complete canonical site	2026-09-22T14:14:43.6296444Z ./releases/v0.82.0/site/game/assets/field-kit/sprites/player-bomber-compact.png
build	Upload complete canonical site	2026-09-22T14:14:43.6296900Z ./releases/v0.82.0/site/game/assets/field-kit/sprites/player-trapper-detailed.png
build	Upload complete canonical site	2026-09-22T14:14:43.6297445Z ./releases/v0.82.0/site/game/assets/field-kit/sprites/player-impact-detailed.png
build	Upload complete canonical site	2026-09-22T14:14:43.6297849Z ./releases/v0.82.0/site/game/assets/field-kit/sprites/pickup-life.png
build	Upload complete canonical site	2026-09-22T14:14:43.6298243Z ./releases/v0.82.0/site/game/assets/field-kit/sprites/enemy-bouncer.png
build	Upload complete canonical site	2026-09-22T14:14:43.6298642Z ./releases/v0.82.0/site/game/assets/field-kit/sprites/enemy-lane-boss.png
build	Upload complete canonical site	2026-09-22T14:14:43.6299033Z ./releases/v0.82.0/site/game/assets/field-kit/sprites/terrain-slow.png
build	Upload complete canonical site	2026-09-22T14:14:43.6299473Z ./releases/v0.82.0/site/game/assets/field-kit/sprites/player-fiber-detailed.png
build	Upload complete canonical site	2026-09-22T14:14:43.6299895Z ./releases/v0.82.0/site/game/assets/field-kit/sprites/pickup-speed.png
build	Upload complete canonical site	2026-09-22T14:14:43.6300300Z ./releases/v0.82.0/site/game/assets/field-kit/sprites/player-carrier-compact.png
build	Upload complete canonical site	2026-09-22T14:14:43.6300715Z ./releases/v0.82.0/site/game/assets/field-kit/sprites/player-scout-compact.png
build	Upload complete canonical site	2026-09-22T14:14:43.6301124Z ./releases/v0.82.0/site/game/assets/field-kit/sprites/pickup-slow.png
build	Upload complete canonical site	2026-09-22T14:14:43.6301535Z ./releases/v0.82.0/site/game/assets/field-kit/sprites/player-scout-detailed.png
build	Upload complete canonical site	2026-09-22T14:14:43.6301997Z ./releases/v0.82.0/site/game/assets/field-kit/sprites/player-carrier-detailed.png
build	Upload complete canonical site	2026-09-22T14:14:43.6302338Z ./releases/v0.82.0/site/game/multiplayer.mjs
build	Upload complete canonical site	2026-09-22T14:14:43.6302576Z ./releases/v0.82.0/site/game/storage.mjs
build	Upload complete canonical site	2026-09-22T14:14:43.6302796Z ./releases/v0.82.0/site/game/style.css
build	Upload complete canonical site	2026-09-22T14:14:43.6303032Z ./releases/v0.82.0/site/game/sessions.mjs
build	Upload complete canonical site	2026-09-22T14:14:43.6303380Z ./releases/v0.82.0/site/game/soundtrack.mjs
build	Upload complete canonical site	2026-09-22T14:14:43.6303612Z ./releases/v0.82.0/site/game/imports.mjs
build	Upload complete canonical site	2026-09-22T14:14:43.6303854Z ./releases/v0.82.0/site/game/external-recovery-catalog.mjs
build	Upload complete canonical site	2026-09-22T14:14:43.6304038Z ./releases/v0.82.0/site/game/text-face.mjs
build	Upload complete canonical site	2026-09-22T14:14:43.6304191Z ./releases/v0.82.0/site/service-worker.js
build	Upload complete canonical site	2026-09-22T14:14:43.6304337Z ./releases/v0.82.0/site/docs/
build	Upload complete canonical site	2026-09-22T14:14:43.6304501Z ./releases/v0.82.0/site/docs/field-kit-production.md
build	Upload complete canonical site	2026-09-22T14:14:43.6304683Z ./releases/v0.82.0/site/docs/field-kit-sprites.md
build	Upload complete canonical site	2026-09-22T14:14:43.6304853Z ./releases/v0.82.0/site/docs/field-kit-icons.md
build	Upload complete canonical site	2026-09-22T14:14:43.6305018Z ./releases/v0.82.0/site/docs/verification/
build	Upload complete canonical site	2026-09-22T14:14:43.6305189Z ./releases/v0.82.0/site/docs/verification/fpv-redesign/
build	Upload complete canonical site	2026-09-22T14:14:43.6305396Z ./releases/v0.82.0/site/docs/verification/fpv-redesign/baseline/
build	Upload complete canonical site	2026-09-22T14:14:43.6305645Z ./releases/v0.82.0/site/docs/verification/fpv-redesign/baseline/pause-desktop.jpg
build	Upload complete canonical site	2026-09-22T14:14:43.6305925Z ./releases/v0.82.0/site/docs/verification/fpv-redesign/baseline/briefing-phone.jpg
build	Upload complete canonical site	2026-09-22T14:14:43.6306191Z ./releases/v0.82.0/site/docs/verification/fpv-redesign/baseline/title-desktop.jpg
build	Upload complete canonical site	2026-09-22T14:14:43.6306454Z ./releases/v0.82.0/site/docs/verification/fpv-redesign/baseline/title-phone.jpg
build	Upload complete canonical site	2026-09-22T14:14:43.6306716Z ./releases/v0.82.0/site/docs/verification/fpv-redesign/baseline/missions-phone.jpg
build	Upload complete canonical site	2026-09-22T14:14:43.6306978Z ./releases/v0.82.0/site/docs/verification/fpv-redesign/baseline/inventory.json
build	Upload complete canonical site	2026-09-22T14:14:43.6307243Z ./releases/v0.82.0/site/docs/verification/fpv-redesign/baseline/settings-desktop.jpg
build	Upload complete canonical site	2026-09-22T14:14:43.6307788Z ./releases/v0.82.0/site/docs/verification/fpv-redesign/baseline/flight-desktop.jpg
build	Upload complete canonical site	2026-09-22T14:14:43.6308063Z ./releases/v0.82.0/site/docs/verification/fpv-redesign/baseline/missions-desktop.jpg
build	Upload complete canonical site	2026-09-22T14:14:43.6308319Z ./releases/v0.82.0/site/docs/verification/fpv-redesign/baseline/README.md
build	Upload complete canonical site	2026-09-22T14:14:43.6308533Z ./releases/v0.82.0/site/docs/field-kit-reveals.md
build	Upload complete canonical site	2026-09-22T14:14:43.6308706Z ./releases/v0.82.0/site/docs/fpv-redesign-design.md
build	Upload complete canonical site	2026-09-22T14:14:43.6308890Z ./releases/v0.82.0/site/docs/fpv-reveal-art-audit.md
build	Upload complete canonical site	2026-09-22T14:14:43.6309068Z ./releases/v0.82.0/site/docs/field-kit-surfaces.md
build	Upload complete canonical site	2026-09-22T14:14:43.6309245Z ./releases/v0.82.0/site/docs/presentation-system.md
build	Upload complete canonical site	2026-09-22T14:14:43.6309437Z ./releases/v0.82.0/site/docs/presentation-audio-and-ui.md
build	Upload complete canonical site	2026-09-22T14:14:43.6309617Z ./releases/v0.82.0/site/docs/asset-studio.md
build	Upload complete canonical site	2026-09-22T14:14:43.6309788Z ./releases/v0.82.0/site/docs/presentation-runtime.md
build	Upload complete canonical site	2026-09-22T14:14:43.6309965Z ./releases/v0.82.0/site/docs/fpv-typography.md
build	Upload complete canonical site	2026-09-22T14:14:43.6310139Z ./releases/v0.82.0/site/docs/field-kit-title-v2.md
build	Upload complete canonical site	2026-09-22T14:14:43.6310307Z ./releases/v0.82.0/site/manifest.webmanifest
build	Upload complete canonical site	2026-09-22T14:14:43.6310457Z ./releases/v0.82.0/site/_headers
build	Upload complete canonical site	2026-09-22T14:14:43.6310611Z ./releases/v0.82.0/site/distribution.zip.sha256
build	Upload complete canonical site	2026-09-22T14:14:43.6310770Z ./releases/v0.82.0/release.json
build	Upload complete canonical site	2026-09-22T14:14:43.6310916Z ./releases/v0.82.0/source-qualification.json
build	Upload complete canonical site	2026-09-22T14:14:43.6311060Z ./index.html
build	Upload complete canonical site	2026-09-22T14:14:43.6311163Z ./.nojekyll
build	Upload complete canonical site	2026-09-22T14:14:43.6311439Z ##[endgroup]
build	Upload complete canonical site	2026-09-22T14:14:43.6318409Z ##[end-action id=__actions_upload-pages-artifact.__run;outcome=success;conclusion=success;duration_ms=416]
build	Upload complete canonical site	2026-09-22T14:14:43.6321453Z ##[start-action display=Archive artifact;id=__actions_upload-pages-artifact.__run_2]
build	Upload complete canonical site	2026-09-22T14:14:43.6324353Z ##[end-action id=__actions_upload-pages-artifact.__run_2;outcome=skipped;conclusion=skipped;duration_ms=0]
build	Upload complete canonical site	2026-09-22T14:14:43.6325577Z ##[start-action display=Archive artifact;id=__actions_upload-pages-artifact.__run_3]
build	Upload complete canonical site	2026-09-22T14:14:43.6327262Z ##[end-action id=__actions_upload-pages-artifact.__run_3;outcome=skipped;conclusion=skipped;duration_ms=0]
build	Upload complete canonical site	2026-09-22T14:14:43.6328444Z ##[start-action display=Upload artifact;id=__actions_upload-pages-artifact.upload-artifact]
build	Upload complete canonical site	2026-09-22T14:14:43.6349534Z ##[group]Run actions/upload-artifact@bbbca2ddaa5d8feaa63e36b76fdaad77386f024f
build	Upload complete canonical site	2026-09-22T14:14:43.6349763Z with:
build	Upload complete canonical site	2026-09-22T14:14:43.6349877Z   name: github-pages
build	Upload complete canonical site	2026-09-22T14:14:43.6350017Z   path: /home/runner/work/_temp/artifact.tar
build	Upload complete canonical site	2026-09-22T14:14:43.6350168Z   retention-days: 1
build	Upload complete canonical site	2026-09-22T14:14:43.6350291Z   if-no-files-found: error
build	Upload complete canonical site	2026-09-22T14:14:43.6350420Z   compression-level: 6
build	Upload complete canonical site	2026-09-22T14:14:43.6350543Z   overwrite: false
build	Upload complete canonical site	2026-09-22T14:14:43.6350664Z   include-hidden-files: false
build	Upload complete canonical site	2026-09-22T14:14:43.6350794Z   archive: true
build	Upload complete canonical site	2026-09-22T14:14:43.6350909Z ##[endgroup]
build	Upload complete canonical site	2026-09-22T14:14:43.7184656Z With the provided path, there will be 1 file uploaded
build	Upload complete canonical site	2026-09-22T14:14:43.7197871Z Artifact name is valid!
build	Upload complete canonical site	2026-09-22T14:14:43.7208019Z Root directory input is valid!
build	Upload complete canonical site	2026-09-22T14:14:44.0943785Z Uploading artifact: github-pages.zip
build	Upload complete canonical site	2026-09-22T14:14:44.0968351Z Beginning upload of artifact content to blob storage
build	Upload complete canonical site	2026-09-22T14:14:44.9383934Z Uploaded bytes 8388608
build	Upload complete canonical site	2026-09-22T14:14:45.1235539Z Uploaded bytes 16777216
build	Upload complete canonical site	2026-09-22T14:14:45.1433995Z Uploaded bytes 25165824
build	Upload complete canonical site	2026-09-22T14:14:45.2716415Z Uploaded bytes 33554432
build	Upload complete canonical site	2026-09-22T14:14:45.3176074Z Uploaded bytes 41943040
build	Upload complete canonical site	2026-09-22T14:14:45.4523004Z Uploaded bytes 50331648
build	Upload complete canonical site	2026-09-22T14:14:45.4982620Z Uploaded bytes 58720256
build	Upload complete canonical site	2026-09-22T14:14:45.6176180Z Uploaded bytes 67108864
build	Upload complete canonical site	2026-09-22T14:14:45.8084948Z Uploaded bytes 75497472
build	Upload complete canonical site	2026-09-22T14:14:45.8993323Z Uploaded bytes 83886080
build	Upload complete canonical site	2026-09-22T14:14:46.0989112Z Uploaded bytes 92274688
build	Upload complete canonical site	2026-09-22T14:14:46.2199467Z Uploaded bytes 100663296
build	Upload complete canonical site	2026-09-22T14:14:46.3899496Z Uploaded bytes 109051904
build	Upload complete canonical site	2026-09-22T14:14:46.5297018Z Uploaded bytes 117440512
build	Upload complete canonical site	2026-09-22T14:14:46.6835742Z Uploaded bytes 125829120
build	Upload complete canonical site	2026-09-22T14:14:46.9287522Z Uploaded bytes 134217728
build	Upload complete canonical site	2026-09-22T14:14:47.0381997Z Uploaded bytes 142606336
build	Upload complete canonical site	2026-09-22T14:14:47.2446100Z Uploaded bytes 150994944
build	Upload complete canonical site	2026-09-22T14:14:47.4623409Z Uploaded bytes 159383552
build	Upload complete canonical site	2026-09-22T14:14:47.6342628Z Uploaded bytes 167772160
build	Upload complete canonical site	2026-09-22T14:14:47.8607488Z Uploaded bytes 176160768
build	Upload complete canonical site	2026-09-22T14:14:48.0279190Z Uploaded bytes 184549376
build	Upload complete canonical site	2026-09-22T14:14:48.2325384Z Uploaded bytes 192937984
build	Upload complete canonical site	2026-09-22T14:14:48.3659202Z Uploaded bytes 201326592
build	Upload complete canonical site	2026-09-22T14:14:48.6109669Z Uploaded bytes 209715200
build	Upload complete canonical site	2026-09-22T14:14:48.6811854Z Uploaded bytes 218103808
build	Upload complete canonical site	2026-09-22T14:14:48.9113974Z Uploaded bytes 226492416
build	Upload complete canonical site	2026-09-22T14:14:49.1132373Z Uploaded bytes 234881024
build	Upload complete canonical site	2026-09-22T14:14:49.1689979Z Uploaded bytes 243269632
build	Upload complete canonical site	2026-09-22T14:14:49.4556469Z Uploaded bytes 251658240
build	Upload complete canonical site	2026-09-22T14:14:49.6114613Z Uploaded bytes 260046848
build	Upload complete canonical site	2026-09-22T14:14:49.6360889Z Uploaded bytes 268435456
build	Upload complete canonical site	2026-09-22T14:14:49.7648567Z Uploaded bytes 276824064
build	Upload complete canonical site	2026-09-22T14:14:49.9189743Z Uploaded bytes 285212672
build	Upload complete canonical site	2026-09-22T14:14:50.1071134Z Uploaded bytes 293601280
build	Upload complete canonical site	2026-09-22T14:14:50.2292694Z Uploaded bytes 301989888
build	Upload complete canonical site	2026-09-22T14:14:50.3860800Z Uploaded bytes 310378496
build	Upload complete canonical site	2026-09-22T14:14:50.5360728Z Uploaded bytes 318767104
build	Upload complete canonical site	2026-09-22T14:14:50.7172108Z Uploaded bytes 327155712
build	Upload complete canonical site	2026-09-22T14:14:50.8920149Z Uploaded bytes 335544320
build	Upload complete canonical site	2026-09-22T14:14:51.0490661Z Uploaded bytes 343932928
build	Upload complete canonical site	2026-09-22T14:14:51.2131123Z Uploaded bytes 352321536
build	Upload complete canonical site	2026-09-22T14:14:51.4010626Z Uploaded bytes 360710144
build	Upload complete canonical site	2026-09-22T14:14:51.5203497Z Uploaded bytes 369098752
build	Upload complete canonical site	2026-09-22T14:14:51.6879376Z Uploaded bytes 377487360
build	Upload complete canonical site	2026-09-22T14:14:51.9564276Z Uploaded bytes 385875968
build	Upload complete canonical site	2026-09-22T14:14:52.0529744Z Uploaded bytes 394264576
build	Upload complete canonical site	2026-09-22T14:14:52.3587035Z Uploaded bytes 402653184
build	Upload complete canonical site	2026-09-22T14:14:52.4635035Z Uploaded bytes 411041792
build	Upload complete canonical site	2026-09-22T14:14:52.4837680Z Uploaded bytes 419430400
build	Upload complete canonical site	2026-09-22T14:14:52.6229684Z Uploaded bytes 427819008
build	Upload complete canonical site	2026-09-22T14:14:52.7905464Z Uploaded bytes 436207616
build	Upload complete canonical site	2026-09-22T14:14:53.0873521Z Uploaded bytes 444596224
build	Upload complete canonical site	2026-09-22T14:14:53.1125709Z Uploaded bytes 452984832
build	Upload complete canonical site	2026-09-22T14:14:53.3629621Z Uploaded bytes 461373440
build	Upload complete canonical site	2026-09-22T14:14:53.6877509Z Uploaded bytes 469762048
build	Upload complete canonical site	2026-09-22T14:14:53.7336866Z Uploaded bytes 478150656
build	Upload complete canonical site	2026-09-22T14:14:54.0645674Z Uploaded bytes 486539264
build	Upload complete canonical site	2026-09-22T14:14:54.1107627Z Uploaded bytes 494927872
build	Upload complete canonical site	2026-09-22T14:14:54.3629492Z Uploaded bytes 503316480
build	Upload complete canonical site	2026-09-22T14:14:54.6543795Z Uploaded bytes 511705088
build	Upload complete canonical site	2026-09-22T14:14:54.7546184Z Uploaded bytes 520093696
build	Upload complete canonical site	2026-09-22T14:14:55.0369418Z Uploaded bytes 528482304
build	Upload complete canonical site	2026-09-22T14:14:55.2636803Z Uploaded bytes 534132908
build	Upload complete canonical site	2026-09-22T14:14:55.3199495Z Finished uploading artifact content to blob storage!
build	Upload complete canonical site	2026-09-22T14:14:55.3201657Z SHA256 digest of uploaded artifact is 5d4249420a14ab38f1a6bb3b437fff4fa74a01f46495fa1ec4d37825b94378dd
build	Upload complete canonical site	2026-09-22T14:14:55.3203149Z Finalizing artifact upload
build	Upload complete canonical site	2026-09-22T14:14:55.7142137Z Artifact github-pages successfully finalized. Artifact ID 10698359261
build	Upload complete canonical site	2026-09-22T14:14:55.7142667Z Artifact github-pages has been successfully uploaded! Final size is 534132908 bytes. Artifact ID is 10698359261
build	Upload complete canonical site	2026-09-22T14:14:55.7146663Z Artifact download URL: https://github.com/mekhovov/revealline-archive-50/actions/runs/35738900186/artifacts/10698359261
build	Upload complete canonical site	2026-09-22T14:14:55.7265240Z ##[end-action id=__actions_upload-pages-artifact.upload-artifact;outcome=success;conclusion=success;duration_ms=12093]
build	Post Check out the reviewed bounded original-ZIP extractor	﻿2026-09-22T14:14:55.7334031Z Node 20 is being deprecated. This workflow is running with Node 24 by default. If you need to temporarily use Node 20, you can set the ACTIONS_ALLOW_USE_UNSECURE_NODE_VERSION=true environment variable. For more information see: https://github.blog/changelog/2025-09-19-deprecation-of-node-20-on-github-actions-runners/
build	Post Check out the reviewed bounded original-ZIP extractor	2026-09-22T14:14:55.7334654Z Post job cleanup.
build	Post Check out the reviewed bounded original-ZIP extractor	2026-09-22T14:14:55.7868859Z [command]/usr/bin/git version
build	Post Check out the reviewed bounded original-ZIP extractor	2026-09-22T14:14:55.7890663Z git version 2.55.0
build	Post Check out the reviewed bounded original-ZIP extractor	2026-09-22T14:14:55.7924278Z Temporarily overriding HOME='/home/runner/work/_temp/7383a970-adda-4ea6-a602-7c3b6cbd0d0e' before making global git config changes
build	Post Check out the reviewed bounded original-ZIP extractor	2026-09-22T14:14:55.7925063Z Adding repository directory to the temporary git global config as a safe directory
build	Post Check out the reviewed bounded original-ZIP extractor	2026-09-22T14:14:55.7929997Z [command]/usr/bin/git config --global --add safe.directory /home/runner/work/revealline-archive-50/revealline-archive-50/source
build	Post Check out the reviewed bounded original-ZIP extractor	2026-09-22T14:14:55.7978325Z [command]/usr/bin/git config --local --name-only --get-regexp core\.sshCommand
build	Post Check out the reviewed bounded original-ZIP extractor	2026-09-22T14:14:55.8009760Z [command]/usr/bin/git submodule foreach --recursive sh -c "git config --local --name-only --get-regexp 'core\.sshCommand' && git config --local --unset-all 'core.sshCommand' || :"
build	Post Check out the reviewed bounded original-ZIP extractor	2026-09-22T14:14:55.8245321Z [command]/usr/bin/git config --local --name-only --get-regexp http\.https\:\/\/github\.com\/\.extraheader
build	Post Check out the reviewed bounded original-ZIP extractor	2026-09-22T14:14:55.8276630Z [command]/usr/bin/git submodule foreach --recursive sh -c "git config --local --name-only --get-regexp 'http\.https\:\/\/github\.com\/\.extraheader' && git config --local --unset-all 'http.https://github.com/.extraheader' || :"
build	Post Check out the reviewed bounded original-ZIP extractor	2026-09-22T14:14:55.8498234Z [command]/usr/bin/git config --local --name-only --get-regexp ^includeIf\.gitdir:
build	Post Check out the reviewed bounded original-ZIP extractor	2026-09-22T14:14:55.8530237Z [command]/usr/bin/git submodule foreach --recursive git config --local --show-origin --name-only --get-regexp remote.origin.url
build	Post Check out reviewed archive infrastructure	﻿2026-09-22T14:14:55.8884033Z Node 20 is being deprecated. This workflow is running with Node 24 by default. If you need to temporarily use Node 20, you can set the ACTIONS_ALLOW_USE_UNSECURE_NODE_VERSION=true environment variable. For more information see: https://github.blog/changelog/2025-09-19-deprecation-of-node-20-on-github-actions-runners/
build	Post Check out reviewed archive infrastructure	2026-09-22T14:14:55.8885109Z Post job cleanup.
build	Post Check out reviewed archive infrastructure	2026-09-22T14:14:55.9438156Z [command]/usr/bin/git version
build	Post Check out reviewed archive infrastructure	2026-09-22T14:14:55.9472292Z git version 2.55.0
build	Post Check out reviewed archive infrastructure	2026-09-22T14:14:55.9495933Z Temporarily overriding HOME='/home/runner/work/_temp/c5979a1c-1937-4de2-bd4c-fc9e0ec8befb' before making global git config changes
build	Post Check out reviewed archive infrastructure	2026-09-22T14:14:55.9496721Z Adding repository directory to the temporary git global config as a safe directory
build	Post Check out reviewed archive infrastructure	2026-09-22T14:14:55.9508124Z [command]/usr/bin/git config --global --add safe.directory /home/runner/work/revealline-archive-50/revealline-archive-50/archive
build	Post Check out reviewed archive infrastructure	2026-09-22T14:14:55.9533840Z [command]/usr/bin/git config --local --name-only --get-regexp core\.sshCommand
build	Post Check out reviewed archive infrastructure	2026-09-22T14:14:55.9564387Z [command]/usr/bin/git submodule foreach --recursive sh -c "git config --local --name-only --get-regexp 'core\.sshCommand' && git config --local --unset-all 'core.sshCommand' || :"
build	Post Check out reviewed archive infrastructure	2026-09-22T14:14:55.9805824Z [command]/usr/bin/git config --local --name-only --get-regexp http\.https\:\/\/github\.com\/\.extraheader
build	Post Check out reviewed archive infrastructure	2026-09-22T14:14:55.9837320Z [command]/usr/bin/git submodule foreach --recursive sh -c "git config --local --name-only --get-regexp 'http\.https\:\/\/github\.com\/\.extraheader' && git config --local --unset-all 'http.https://github.com/.extraheader' || :"
build	Post Check out reviewed archive infrastructure	2026-09-22T14:14:56.0067574Z [command]/usr/bin/git config --local --name-only --get-regexp ^includeIf\.gitdir:
build	Post Check out reviewed archive infrastructure	2026-09-22T14:14:56.0108206Z [command]/usr/bin/git submodule foreach --recursive git config --local --show-origin --name-only --get-regexp remote.origin.url
build	Complete job	﻿2026-09-22T14:14:56.0392899Z Cleaning up orphan processes
build	Complete job	2026-09-22T14:14:56.0579934Z ##[warning]Node.js 20 is deprecated. The following actions target Node.js 20 but are being forced to run on Node.js 24: actions/checkout@v4, actions/upload-artifact@ea165f8d65b6e75b540449e92b4886f43607fa02. For more information see: https://github.blog/changelog/2025-09-19-deprecation-of-node-20-on-github-actions-runners/
deploy	Set up job	﻿2026-09-22T14:15:02.2902687Z Current runner version: '2.337.0'
deploy	Set up job	2026-09-22T14:15:02.2930427Z ##[group]Runner Image Provisioner
deploy	Set up job	2026-09-22T14:15:02.2931318Z Hosted Compute Agent
deploy	Set up job	2026-09-22T14:15:02.2932034Z Version: 20260828.587
deploy	Set up job	2026-09-22T14:15:02.2932730Z Commit: abac92662cab4cc7352de4f9f9d2e2419aad9c29
deploy	Set up job	2026-09-22T14:15:02.2933995Z Build Date: 2026-08-28T16:44:25Z
deploy	Set up job	2026-09-22T14:15:02.2934731Z Worker ID: {6e1653bb-fb43-49bf-bf28-ad6fef5e5f16}
deploy	Set up job	2026-09-22T14:15:02.2935485Z Azure Region: centralus
deploy	Set up job	2026-09-22T14:15:02.2936185Z ##[endgroup]
deploy	Set up job	2026-09-22T14:15:02.2937678Z ##[group]Operating System
deploy	Set up job	2026-09-22T14:15:02.2938387Z Ubuntu
deploy	Set up job	2026-09-22T14:15:02.2938959Z 24.04.5
deploy	Set up job	2026-09-22T14:15:02.2939502Z LTS
deploy	Set up job	2026-09-22T14:15:02.2940112Z ##[endgroup]
deploy	Set up job	2026-09-22T14:15:02.2940710Z ##[group]Runner Image
deploy	Set up job	2026-09-22T14:15:02.2941452Z Image: ubuntu-24.04
deploy	Set up job	2026-09-22T14:15:02.2942101Z Version: 20260907.300.1
deploy	Set up job	2026-09-22T14:15:02.2943215Z Included Software: https://github.com/actions/runner-images/blob/ubuntu24/20260907.300/images/ubuntu/Ubuntu2404-Readme.md
deploy	Set up job	2026-09-22T14:15:02.2945422Z Image Release: https://github.com/actions/runner-images/releases/tag/ubuntu24%2F20260907.300
deploy	Set up job	2026-09-22T14:15:02.2946470Z ##[endgroup]
deploy	Set up job	2026-09-22T14:15:02.2947608Z ##[group]GITHUB_TOKEN Permissions
deploy	Set up job	2026-09-22T14:15:02.2949990Z Metadata: read
deploy	Set up job	2026-09-22T14:15:02.2950705Z Pages: write
deploy	Set up job	2026-09-22T14:15:02.2951297Z ##[endgroup]
deploy	Set up job	2026-09-22T14:15:02.2953698Z Secret source: Actions
deploy	Set up job	2026-09-22T14:15:02.2954709Z Cache mode: write
deploy	Set up job	2026-09-22T14:15:02.2956095Z Prepare workflow directory
deploy	Set up job	2026-09-22T14:15:02.3296040Z Prepare all required actions
deploy	Set up job	2026-09-22T14:15:02.3344786Z Getting action download info
deploy	Set up job	2026-09-22T14:15:02.6226763Z Download action repository 'actions/deploy-pages@v4' (SHA:d6db90164ac5ed86f2b6aed7e0febac5b3c0c03e)
deploy	Set up job	2026-09-22T14:15:03.4489934Z Complete job name: deploy
deploy	Deploy archive 50 in its own repository	﻿2026-09-22T14:15:03.5280025Z Node 20 is being deprecated. This workflow is running with Node 24 by default. If you need to temporarily use Node 20, you can set the ACTIONS_ALLOW_USE_UNSECURE_NODE_VERSION=true environment variable. For more information see: https://github.blog/changelog/2025-09-19-deprecation-of-node-20-on-github-actions-runners/
deploy	Deploy archive 50 in its own repository	2026-09-22T14:15:03.5289024Z ##[group]Run actions/deploy-pages@v4
deploy	Deploy archive 50 in its own repository	2026-09-22T14:15:03.5289861Z with:
deploy	Deploy archive 50 in its own repository	2026-09-22T14:15:03.5294449Z   token: ***
deploy	Deploy archive 50 in its own repository	2026-09-22T14:15:03.5294945Z   timeout: 600000
deploy	Deploy archive 50 in its own repository	2026-09-22T14:15:03.5295428Z   error_count: 10
deploy	Deploy archive 50 in its own repository	2026-09-22T14:15:03.5295924Z   reporting_interval: 5000
deploy	Deploy archive 50 in its own repository	2026-09-22T14:15:03.5296473Z   artifact_name: github-pages
deploy	Deploy archive 50 in its own repository	2026-09-22T14:15:03.5297025Z   preview: false
deploy	Deploy archive 50 in its own repository	2026-09-22T14:15:03.5297690Z ##[endgroup]
deploy	Deploy archive 50 in its own repository	2026-09-22T14:15:03.7173151Z (node:2255) [DEP0040] DeprecationWarning: The `punycode` module is deprecated. Please use a userland alternative instead.
deploy	Deploy archive 50 in its own repository	2026-09-22T14:15:03.7174935Z (Use `node --trace-deprecation ...` to show where the warning was created)
deploy	Deploy archive 50 in its own repository	2026-09-22T14:15:03.8931712Z Fetching artifact metadata for "github-pages" in this workflow run
deploy	Deploy archive 50 in its own repository	2026-09-22T14:15:04.0834404Z Found 2 artifact(s)
deploy	Deploy archive 50 in its own repository	2026-09-22T14:15:04.0847139Z Creating Pages deployment with payload:
deploy	Deploy archive 50 in its own repository	2026-09-22T14:15:04.0848108Z {
deploy	Deploy archive 50 in its own repository	2026-09-22T14:15:04.0848588Z 	"artifact_id": 10698359261,
deploy	Deploy archive 50 in its own repository	2026-09-22T14:15:04.0849260Z 	"pages_build_version": "b1f11e438e112ea09c3bec77cb10e0b2d68e658d",
deploy	Deploy archive 50 in its own repository	2026-09-22T14:15:04.0896736Z 	"oidc_token": "***"
deploy	Deploy archive 50 in its own repository	2026-09-22T14:15:04.0897346Z }
deploy	Deploy archive 50 in its own repository	2026-09-22T14:15:04.8141418Z Created deployment for b1f11e438e112ea09c3bec77cb10e0b2d68e658d, ID: b1f11e438e112ea09c3bec77cb10e0b2d68e658d
deploy	Deploy archive 50 in its own repository	2026-09-22T14:15:09.8152752Z Getting Pages deployment status...
deploy	Deploy archive 50 in its own repository	2026-09-22T14:15:10.0648097Z Current status: deployment_in_progress
deploy	Deploy archive 50 in its own repository	2026-09-22T14:15:15.0661754Z Getting Pages deployment status...
deploy	Deploy archive 50 in its own repository	2026-09-22T14:15:15.3435504Z Current status: deployment_in_progress
deploy	Deploy archive 50 in its own repository	2026-09-22T14:15:20.3448770Z Getting Pages deployment status...
deploy	Deploy archive 50 in its own repository	2026-09-22T14:15:20.5808281Z Current status: syncing_files
deploy	Deploy archive 50 in its own repository	2026-09-22T14:15:25.5820567Z Getting Pages deployment status...
deploy	Deploy archive 50 in its own repository	2026-09-22T14:15:25.8268854Z Current status: syncing_files
deploy	Deploy archive 50 in its own repository	2026-09-22T14:15:30.8276430Z Getting Pages deployment status...
deploy	Deploy archive 50 in its own repository	2026-09-22T14:15:31.0310068Z Reported success!
deploy	Complete job	﻿2026-09-22T14:15:31.0594887Z Evaluate and set environment url
deploy	Complete job	2026-09-22T14:15:31.0600503Z Evaluated environment url: https://mekhovov.github.io/revealline-archive-50/
deploy	Complete job	2026-09-22T14:15:31.0601546Z Cleaning up orphan processes
deploy	Complete job	2026-09-22T14:15:31.0880386Z ##[warning]Node.js 20 is deprecated. The following actions target Node.js 20 but are being forced to run on Node.js 24: actions/deploy-pages@v4. For more information see: https://github.blog/changelog/2025-09-19-deprecation-of-node-20-on-github-actions-runners/
