2026-09-15T14:38:35.1346509Z Current runner version: '2.337.0'
2026-09-15T14:38:35.1367101Z ##[group]Runner Image Provisioner
2026-09-15T14:38:35.1367911Z Hosted Compute Agent
2026-09-15T14:38:35.1368479Z Version: 20260828.587
2026-09-15T14:38:35.1369018Z Commit: abac92662cab4cc7352de4f9f9d2e2419aad9c29
2026-09-15T14:38:35.1369729Z Build Date: 2026-08-28T16:44:25Z
2026-09-15T14:38:35.1370319Z Worker ID: {6e5184ce-feb5-477e-9e01-787aacd6ed06}
2026-09-15T14:38:35.1370962Z Azure Region: westus3
2026-09-15T14:38:35.1371479Z ##[endgroup]
2026-09-15T14:38:35.1372617Z ##[group]Operating System
2026-09-15T14:38:35.1373258Z Ubuntu
2026-09-15T14:38:35.1373718Z 24.04.5
2026-09-15T14:38:35.1374162Z LTS
2026-09-15T14:38:35.1374720Z ##[endgroup]
2026-09-15T14:38:35.1375235Z ##[group]Runner Image
2026-09-15T14:38:35.1376043Z Image: ubuntu-24.04
2026-09-15T14:38:35.1376553Z Version: 20260907.300.1
2026-09-15T14:38:35.1377655Z Included Software: https://github.com/actions/runner-images/blob/ubuntu24/20260907.300/images/ubuntu/Ubuntu2404-Readme.md
2026-09-15T14:38:35.1378936Z Image Release: https://github.com/actions/runner-images/releases/tag/ubuntu24%2F20260907.300
2026-09-15T14:38:35.1379780Z ##[endgroup]
2026-09-15T14:38:35.1380713Z ##[group]GITHUB_TOKEN Permissions
2026-09-15T14:38:35.1382353Z Contents: read
2026-09-15T14:38:35.1382902Z Metadata: read
2026-09-15T14:38:35.1383407Z ##[endgroup]
2026-09-15T14:38:35.1385242Z Secret source: Actions
2026-09-15T14:38:35.1386303Z Cache mode: write
2026-09-15T14:38:35.1386996Z Prepare workflow directory
2026-09-15T14:38:35.2354586Z Prepare all required actions
2026-09-15T14:38:35.2409651Z Getting action download info
2026-09-15T14:38:35.5571420Z Download action repository 'actions/checkout@v4' (SHA:11d5960a326750d5838078e36cf38b85af677262)
2026-09-15T14:38:35.8277467Z Download action repository 'actions/setup-node@v4' (SHA:49933ea5288caeca8642d1e84afbd3f7d6820020)
2026-09-15T14:38:36.1109996Z Complete job name: test (4)
2026-09-15T14:38:36.1698355Z Node 20 is being deprecated. This workflow is running with Node 24 by default. If you need to temporarily use Node 20, you can set the ACTIONS_ALLOW_USE_UNSECURE_NODE_VERSION=true environment variable. For more information see: https://github.blog/changelog/2025-09-19-deprecation-of-node-20-on-github-actions-runners/
2026-09-15T14:38:36.1705723Z ##[group]Run actions/checkout@v4
2026-09-15T14:38:36.1706324Z with:
2026-09-15T14:38:36.1706657Z   fetch-depth: 1
2026-09-15T14:38:36.1707041Z   ref: 69195ddd1d21a7bc3f863cf7589069a735301a03
2026-09-15T14:38:36.1707498Z   path: source
2026-09-15T14:38:36.1707854Z   repository: mekhovov/revealline
2026-09-15T14:38:36.1711075Z   token: ***
2026-09-15T14:38:36.1711430Z   ssh-strict: true
2026-09-15T14:38:36.1711777Z   ssh-user: git
2026-09-15T14:38:36.1712126Z   persist-credentials: true
2026-09-15T14:38:36.1712508Z   clean: true
2026-09-15T14:38:36.1712863Z   sparse-checkout-cone-mode: true
2026-09-15T14:38:36.1713266Z   fetch-tags: false
2026-09-15T14:38:36.1713675Z   show-progress: true
2026-09-15T14:38:36.1714032Z   lfs: false
2026-09-15T14:38:36.1714365Z   submodules: false
2026-09-15T14:38:36.1714714Z   set-safe-directory: true
2026-09-15T14:38:36.1715101Z   allow-unsafe-pr-checkout: false
2026-09-15T14:38:36.1715767Z env:
2026-09-15T14:38:36.1716174Z   EXPECTED_SOURCE: 69195ddd1d21a7bc3f863cf7589069a735301a03
2026-09-15T14:38:36.1716671Z ##[endgroup]
2026-09-15T14:38:36.2559504Z Syncing repository: mekhovov/revealline
2026-09-15T14:38:36.2561728Z ##[group]Getting Git version info
2026-09-15T14:38:36.2562661Z Working directory is '/home/runner/work/revealline/revealline/source'
2026-09-15T14:38:36.2563952Z [command]/usr/bin/git version
2026-09-15T14:38:36.2600901Z git version 2.55.0
2026-09-15T14:38:36.2618066Z ##[endgroup]
2026-09-15T14:38:36.2630271Z Temporarily overriding HOME='/home/runner/work/_temp/5dc2abda-c94d-4c30-95f6-f3b6ad97de68' before making global git config changes
2026-09-15T14:38:36.2632017Z Adding repository directory to the temporary git global config as a safe directory
2026-09-15T14:38:36.2635204Z [command]/usr/bin/git config --global --add safe.directory /home/runner/work/revealline/revealline/source
2026-09-15T14:38:36.2683651Z ##[group]Initializing the repository
2026-09-15T14:38:36.2687685Z [command]/usr/bin/git init /home/runner/work/revealline/revealline/source
2026-09-15T14:38:36.2770188Z hint: Using 'master' as the name for the initial branch. This default branch name
2026-09-15T14:38:36.2771855Z hint: will change to "main" in Git 3.0. To configure the initial branch name
2026-09-15T14:38:36.2773202Z hint: to use in all of your new repositories, which will suppress this warning,
2026-09-15T14:38:36.2774298Z hint: call:
2026-09-15T14:38:36.2774927Z hint:
2026-09-15T14:38:36.2775849Z hint: 	git config --global init.defaultBranch <name>
2026-09-15T14:38:36.2776784Z hint:
2026-09-15T14:38:36.2777650Z hint: Names commonly chosen instead of 'master' are 'main', 'trunk' and
2026-09-15T14:38:36.2778990Z hint: 'development'. The just-created branch can be renamed via this command:
2026-09-15T14:38:36.2780133Z hint:
2026-09-15T14:38:36.2780816Z hint: 	git branch -m <name>
2026-09-15T14:38:36.2781539Z hint:
2026-09-15T14:38:36.2782442Z hint: Disable this message with "git config set advice.defaultBranchName false"
2026-09-15T14:38:36.2784138Z Initialized empty Git repository in /home/runner/work/revealline/revealline/source/.git/
2026-09-15T14:38:36.2785998Z [command]/usr/bin/git remote add origin https://github.com/mekhovov/revealline
2026-09-15T14:38:36.2854536Z ##[endgroup]
2026-09-15T14:38:36.2855657Z ##[group]Disabling automatic garbage collection
2026-09-15T14:38:36.2858868Z [command]/usr/bin/git config --local gc.auto 0
2026-09-15T14:38:36.2890030Z ##[endgroup]
2026-09-15T14:38:36.2890898Z ##[group]Setting up auth
2026-09-15T14:38:36.2895888Z [command]/usr/bin/git config --local --name-only --get-regexp core\.sshCommand
2026-09-15T14:38:36.2927342Z [command]/usr/bin/git submodule foreach --recursive sh -c "git config --local --name-only --get-regexp 'core\.sshCommand' && git config --local --unset-all 'core.sshCommand' || :"
2026-09-15T14:38:36.3300497Z [command]/usr/bin/git config --local --name-only --get-regexp http\.https\:\/\/github\.com\/\.extraheader
2026-09-15T14:38:36.3333537Z [command]/usr/bin/git submodule foreach --recursive sh -c "git config --local --name-only --get-regexp 'http\.https\:\/\/github\.com\/\.extraheader' && git config --local --unset-all 'http.https://github.com/.extraheader' || :"
2026-09-15T14:38:36.3533099Z [command]/usr/bin/git config --local --name-only --get-regexp ^includeIf\.gitdir:
2026-09-15T14:38:36.3566516Z [command]/usr/bin/git submodule foreach --recursive git config --local --show-origin --name-only --get-regexp remote.origin.url
2026-09-15T14:38:36.3770342Z [command]/usr/bin/git config --local http.https://github.com/.extraheader AUTHORIZATION: basic ***
2026-09-15T14:38:36.3808748Z ##[endgroup]
2026-09-15T14:38:36.3809544Z ##[group]Fetching the repository
2026-09-15T14:38:36.3817319Z [command]/usr/bin/git -c protocol.version=2 fetch --no-tags --prune --no-recurse-submodules --depth=1 origin 69195ddd1d21a7bc3f863cf7589069a735301a03
2026-09-15T14:39:59.9803655Z From https://github.com/mekhovov/revealline
2026-09-15T14:39:59.9804434Z  * branch            69195ddd1d21a7bc3f863cf7589069a735301a03 -> FETCH_HEAD
2026-09-15T14:39:59.9807328Z ##[endgroup]
2026-09-15T14:39:59.9807882Z ##[group]Determining the checkout info
2026-09-15T14:39:59.9808896Z ##[endgroup]
2026-09-15T14:39:59.9814401Z [command]/usr/bin/git sparse-checkout disable
2026-09-15T14:39:59.9858784Z [command]/usr/bin/git config --local --unset-all extensions.worktreeConfig
2026-09-15T14:39:59.9893710Z ##[group]Checking out the ref
2026-09-15T14:39:59.9897268Z [command]/usr/bin/git checkout --progress --force 69195ddd1d21a7bc3f863cf7589069a735301a03
2026-09-15T14:40:00.9993023Z Updating files:  37% (2258/5968)
2026-09-15T14:40:01.0104897Z Updating files:  38% (2268/5968)
2026-09-15T14:40:01.0195775Z Updating files:  39% (2328/5968)
2026-09-15T14:40:01.0279613Z Updating files:  40% (2388/5968)
2026-09-15T14:40:01.0453211Z Updating files:  41% (2447/5968)
2026-09-15T14:40:01.0657905Z Updating files:  42% (2507/5968)
2026-09-15T14:40:01.0788417Z Updating files:  43% (2567/5968)
2026-09-15T14:40:01.0896451Z Updating files:  44% (2626/5968)
2026-09-15T14:40:01.0979398Z Updating files:  45% (2686/5968)
2026-09-15T14:40:01.1044859Z Updating files:  46% (2746/5968)
2026-09-15T14:40:01.1146308Z Updating files:  47% (2805/5968)
2026-09-15T14:40:01.1221541Z Updating files:  48% (2865/5968)
2026-09-15T14:40:01.1495112Z Updating files:  49% (2925/5968)
2026-09-15T14:40:01.1544238Z Updating files:  50% (2984/5968)
2026-09-15T14:40:01.1596916Z Updating files:  51% (3044/5968)
2026-09-15T14:40:01.2019367Z Updating files:  52% (3104/5968)
2026-09-15T14:40:01.3829237Z Updating files:  53% (3164/5968)
2026-09-15T14:40:01.3896830Z Updating files:  54% (3223/5968)
2026-09-15T14:40:01.3935139Z Updating files:  55% (3283/5968)
2026-09-15T14:40:01.3987187Z Updating files:  56% (3343/5968)
2026-09-15T14:40:01.4084767Z Updating files:  57% (3402/5968)
2026-09-15T14:40:01.4128557Z Updating files:  58% (3462/5968)
2026-09-15T14:40:01.4169602Z Updating files:  59% (3522/5968)
2026-09-15T14:40:01.4212755Z Updating files:  60% (3581/5968)
2026-09-15T14:40:01.4251860Z Updating files:  61% (3641/5968)
2026-09-15T14:40:01.4290478Z Updating files:  62% (3701/5968)
2026-09-15T14:40:01.4328633Z Updating files:  63% (3760/5968)
2026-09-15T14:40:01.4378390Z Updating files:  64% (3820/5968)
2026-09-15T14:40:01.4416384Z Updating files:  65% (3880/5968)
2026-09-15T14:40:01.4495150Z Updating files:  66% (3939/5968)
2026-09-15T14:40:01.4635839Z Updating files:  67% (3999/5968)
2026-09-15T14:40:01.4771404Z Updating files:  68% (4059/5968)
2026-09-15T14:40:01.4853880Z Updating files:  69% (4118/5968)
2026-09-15T14:40:01.4961308Z Updating files:  70% (4178/5968)
2026-09-15T14:40:01.5038038Z Updating files:  71% (4238/5968)
2026-09-15T14:40:01.5071155Z Updating files:  72% (4297/5968)
2026-09-15T14:40:01.5140785Z Updating files:  73% (4357/5968)
2026-09-15T14:40:01.5186989Z Updating files:  74% (4417/5968)
2026-09-15T14:40:01.5232582Z Updating files:  75% (4476/5968)
2026-09-15T14:40:01.5270653Z Updating files:  76% (4536/5968)
2026-09-15T14:40:01.5302022Z Updating files:  77% (4596/5968)
2026-09-15T14:40:01.5351899Z Updating files:  78% (4656/5968)
2026-09-15T14:40:01.5401386Z Updating files:  79% (4715/5968)
2026-09-15T14:40:01.5470534Z Updating files:  80% (4775/5968)
2026-09-15T14:40:01.5570622Z Updating files:  81% (4835/5968)
2026-09-15T14:40:01.5616245Z Updating files:  82% (4894/5968)
2026-09-15T14:40:01.5659008Z Updating files:  83% (4954/5968)
2026-09-15T14:40:01.5737357Z Updating files:  84% (5014/5968)
2026-09-15T14:40:01.5782242Z Updating files:  85% (5073/5968)
2026-09-15T14:40:01.5800130Z Updating files:  86% (5133/5968)
2026-09-15T14:40:01.5818382Z Updating files:  87% (5193/5968)
2026-09-15T14:40:01.5851852Z Updating files:  88% (5252/5968)
2026-09-15T14:40:01.5949704Z Updating files:  89% (5312/5968)
2026-09-15T14:40:01.6031373Z Updating files:  90% (5372/5968)
2026-09-15T14:40:01.6137313Z Updating files:  91% (5431/5968)
2026-09-15T14:40:01.6296622Z Updating files:  92% (5491/5968)
2026-09-15T14:40:01.6349398Z Updating files:  93% (5551/5968)
2026-09-15T14:40:01.6414044Z Updating files:  94% (5610/5968)
2026-09-15T14:40:01.6447212Z Updating files:  95% (5670/5968)
2026-09-15T14:40:01.6469267Z Updating files:  96% (5730/5968)
2026-09-15T14:40:01.6499549Z Updating files:  97% (5789/5968)
2026-09-15T14:40:01.6532188Z Updating files:  98% (5849/5968)
2026-09-15T14:40:01.6568975Z Updating files:  99% (5909/5968)
2026-09-15T14:40:01.6569455Z Updating files: 100% (5968/5968)
2026-09-15T14:40:01.6569761Z Updating files: 100% (5968/5968), done.
2026-09-15T14:40:01.6621744Z Note: switching to '69195ddd1d21a7bc3f863cf7589069a735301a03'.
2026-09-15T14:40:01.6622103Z 
2026-09-15T14:40:01.6622395Z You are in 'detached HEAD' state. You can look around, make experimental
2026-09-15T14:40:01.6622877Z changes and commit them, and you can discard any commits you make in this
2026-09-15T14:40:01.6623475Z state without impacting any branches by switching back to a branch.
2026-09-15T14:40:01.6623692Z 
2026-09-15T14:40:01.6623836Z If you want to create a new branch to retain commits you create, you may
2026-09-15T14:40:01.6624177Z do so (now or later) by using -c with the switch command. Example:
2026-09-15T14:40:01.6624375Z 
2026-09-15T14:40:01.6624474Z   git switch -c <new-branch-name>
2026-09-15T14:40:01.6624611Z 
2026-09-15T14:40:01.6624702Z Or undo this operation with:
2026-09-15T14:40:01.6624826Z 
2026-09-15T14:40:01.6624905Z   git switch -
2026-09-15T14:40:01.6625002Z 
2026-09-15T14:40:01.6625175Z Turn off this advice by setting config variable advice.detachedHead to false
2026-09-15T14:40:01.6625414Z 
2026-09-15T14:40:01.6625939Z HEAD is now at 69195dd docs: retain original loading qualification logs
2026-09-15T14:40:01.6744927Z ##[endgroup]
2026-09-15T14:40:01.6793131Z [command]/usr/bin/git log -1 --format=%H
2026-09-15T14:40:01.6821676Z 69195ddd1d21a7bc3f863cf7589069a735301a03
2026-09-15T14:40:01.7048399Z Node 20 is being deprecated. This workflow is running with Node 24 by default. If you need to temporarily use Node 20, you can set the ACTIONS_ALLOW_USE_UNSECURE_NODE_VERSION=true environment variable. For more information see: https://github.blog/changelog/2025-09-19-deprecation-of-node-20-on-github-actions-runners/
2026-09-15T14:40:01.7049813Z ##[group]Run actions/checkout@v4
2026-09-15T14:40:01.7050036Z with:
2026-09-15T14:40:01.7050271Z   ref: d413970f7d22d3ceb94b1c3efbdeef6d9455bfb6
2026-09-15T14:40:01.7050514Z   path: automation
2026-09-15T14:40:01.7050686Z   fetch-depth: 1
2026-09-15T14:40:01.7050871Z   persist-credentials: false
2026-09-15T14:40:01.7051176Z   sparse-checkout: scripts/run-test-shard.mjs
scripts/check-source-identity.mjs

2026-09-15T14:40:01.7051513Z   sparse-checkout-cone-mode: false
2026-09-15T14:40:01.7051728Z   repository: mekhovov/revealline
2026-09-15T14:40:01.7053607Z   token: ***
2026-09-15T14:40:01.7053773Z   ssh-strict: true
2026-09-15T14:40:01.7054009Z   ssh-user: git
2026-09-15T14:40:01.7054173Z   clean: true
2026-09-15T14:40:01.7054331Z   fetch-tags: false
2026-09-15T14:40:01.7054502Z   show-progress: true
2026-09-15T14:40:01.7054673Z   lfs: false
2026-09-15T14:40:01.7054832Z   submodules: false
2026-09-15T14:40:01.7055004Z   set-safe-directory: true
2026-09-15T14:40:01.7055206Z   allow-unsafe-pr-checkout: false
2026-09-15T14:40:01.7055412Z env:
2026-09-15T14:40:01.7055795Z   EXPECTED_SOURCE: 69195ddd1d21a7bc3f863cf7589069a735301a03
2026-09-15T14:40:01.7056054Z ##[endgroup]
2026-09-15T14:40:01.7790671Z Syncing repository: mekhovov/revealline
2026-09-15T14:40:01.7791458Z ##[group]Getting Git version info
2026-09-15T14:40:01.7792255Z Working directory is '/home/runner/work/revealline/revealline/automation'
2026-09-15T14:40:01.7819024Z [command]/usr/bin/git version
2026-09-15T14:40:01.7858121Z git version 2.55.0
2026-09-15T14:40:01.7876472Z ##[endgroup]
2026-09-15T14:40:01.7889654Z Temporarily overriding HOME='/home/runner/work/_temp/f2d8251c-5860-474d-90b9-ed3fac74fe62' before making global git config changes
2026-09-15T14:40:01.7890269Z Adding repository directory to the temporary git global config as a safe directory
2026-09-15T14:40:01.7894764Z [command]/usr/bin/git config --global --add safe.directory /home/runner/work/revealline/revealline/automation
2026-09-15T14:40:01.7928600Z ##[group]Initializing the repository
2026-09-15T14:40:01.7933356Z [command]/usr/bin/git init /home/runner/work/revealline/revealline/automation
2026-09-15T14:40:01.9394704Z hint: Using 'master' as the name for the initial branch. This default branch name
2026-09-15T14:40:01.9395192Z hint: will change to "main" in Git 3.0. To configure the initial branch name
2026-09-15T14:40:01.9395874Z hint: to use in all of your new repositories, which will suppress this warning,
2026-09-15T14:40:01.9396180Z hint: call:
2026-09-15T14:40:01.9396333Z hint:
2026-09-15T14:40:01.9396550Z hint: 	git config --global init.defaultBranch <name>
2026-09-15T14:40:01.9396780Z hint:
2026-09-15T14:40:01.9397246Z hint: Names commonly chosen instead of 'master' are 'main', 'trunk' and
2026-09-15T14:40:01.9397618Z hint: 'development'. The just-created branch can be renamed via this command:
2026-09-15T14:40:01.9397957Z hint:
2026-09-15T14:40:01.9398184Z hint: 	git branch -m <name>
2026-09-15T14:40:01.9398408Z hint:
2026-09-15T14:40:01.9398663Z hint: Disable this message with "git config set advice.defaultBranchName false"
2026-09-15T14:40:01.9399348Z Initialized empty Git repository in /home/runner/work/revealline/revealline/automation/.git/
2026-09-15T14:40:01.9408645Z [command]/usr/bin/git remote add origin https://github.com/mekhovov/revealline
2026-09-15T14:40:01.9448689Z ##[endgroup]
2026-09-15T14:40:01.9449235Z ##[group]Disabling automatic garbage collection
2026-09-15T14:40:01.9453134Z [command]/usr/bin/git config --local gc.auto 0
2026-09-15T14:40:01.9485424Z ##[endgroup]
2026-09-15T14:40:01.9486074Z ##[group]Setting up auth
2026-09-15T14:40:01.9492733Z [command]/usr/bin/git config --local --name-only --get-regexp core\.sshCommand
2026-09-15T14:40:01.9527855Z [command]/usr/bin/git submodule foreach --recursive sh -c "git config --local --name-only --get-regexp 'core\.sshCommand' && git config --local --unset-all 'core.sshCommand' || :"
2026-09-15T14:40:01.9737846Z [command]/usr/bin/git config --local --name-only --get-regexp http\.https\:\/\/github\.com\/\.extraheader
2026-09-15T14:40:01.9772606Z [command]/usr/bin/git submodule foreach --recursive sh -c "git config --local --name-only --get-regexp 'http\.https\:\/\/github\.com\/\.extraheader' && git config --local --unset-all 'http.https://github.com/.extraheader' || :"
2026-09-15T14:40:01.9983708Z [command]/usr/bin/git config --local --name-only --get-regexp ^includeIf\.gitdir:
2026-09-15T14:40:02.0019553Z [command]/usr/bin/git submodule foreach --recursive git config --local --show-origin --name-only --get-regexp remote.origin.url
2026-09-15T14:40:02.0227751Z [command]/usr/bin/git config --local http.https://github.com/.extraheader AUTHORIZATION: basic ***
2026-09-15T14:40:02.0266349Z ##[endgroup]
2026-09-15T14:40:02.0266889Z ##[group]Fetching the repository
2026-09-15T14:40:02.0275665Z [command]/usr/bin/git -c protocol.version=2 fetch --no-tags --prune --no-recurse-submodules --filter=blob:none --depth=1 origin d413970f7d22d3ceb94b1c3efbdeef6d9455bfb6
2026-09-15T14:40:02.9217310Z From https://github.com/mekhovov/revealline
2026-09-15T14:40:02.9218061Z  * branch            d413970f7d22d3ceb94b1c3efbdeef6d9455bfb6 -> FETCH_HEAD
2026-09-15T14:40:02.9222208Z ##[endgroup]
2026-09-15T14:40:02.9222725Z ##[group]Determining the checkout info
2026-09-15T14:40:02.9224753Z ##[endgroup]
2026-09-15T14:40:02.9225195Z ##[group]Setting up sparse checkout
2026-09-15T14:40:02.9230840Z [command]/usr/bin/git config core.sparseCheckout true
2026-09-15T14:40:02.9266477Z [command]/usr/bin/git rev-parse --git-path info/sparse-checkout
2026-09-15T14:40:02.9289849Z .git/info/sparse-checkout
2026-09-15T14:40:02.9296906Z ##[endgroup]
2026-09-15T14:40:02.9297372Z ##[group]Checking out the ref
2026-09-15T14:40:02.9300574Z [command]/usr/bin/git checkout --progress --force d413970f7d22d3ceb94b1c3efbdeef6d9455bfb6
2026-09-15T14:40:03.8985429Z Note: switching to 'd413970f7d22d3ceb94b1c3efbdeef6d9455bfb6'.
2026-09-15T14:40:03.8985944Z 
2026-09-15T14:40:03.8986198Z You are in 'detached HEAD' state. You can look around, make experimental
2026-09-15T14:40:03.8986773Z changes and commit them, and you can discard any commits you make in this
2026-09-15T14:40:03.8987328Z state without impacting any branches by switching back to a branch.
2026-09-15T14:40:03.8987679Z 
2026-09-15T14:40:03.8987896Z If you want to create a new branch to retain commits you create, you may
2026-09-15T14:40:03.8988420Z do so (now or later) by using -c with the switch command. Example:
2026-09-15T14:40:03.8988643Z 
2026-09-15T14:40:03.8988742Z   git switch -c <new-branch-name>
2026-09-15T14:40:03.8988887Z 
2026-09-15T14:40:03.8988979Z Or undo this operation with:
2026-09-15T14:40:03.8989105Z 
2026-09-15T14:40:03.8989207Z   git switch -
2026-09-15T14:40:03.8989624Z 
2026-09-15T14:40:03.8989787Z Turn off this advice by setting config variable advice.detachedHead to false
2026-09-15T14:40:03.8990023Z 
2026-09-15T14:40:03.8990280Z HEAD is now at d413970 Merge 69195ddd1d21a7bc3f863cf7589069a735301a03 into 9ef75091762cfb9c84b02475ef79913a4476c651
2026-09-15T14:40:03.8992935Z ##[endgroup]
2026-09-15T14:40:03.9033044Z [command]/usr/bin/git log -1 --format=%H
2026-09-15T14:40:03.9059339Z d413970f7d22d3ceb94b1c3efbdeef6d9455bfb6
2026-09-15T14:40:03.9068892Z ##[group]Removing auth
2026-09-15T14:40:03.9072409Z [command]/usr/bin/git config --local --name-only --get-regexp core\.sshCommand
2026-09-15T14:40:03.9103817Z [command]/usr/bin/git submodule foreach --recursive sh -c "git config --local --name-only --get-regexp 'core\.sshCommand' && git config --local --unset-all 'core.sshCommand' || :"
2026-09-15T14:40:03.9315706Z [command]/usr/bin/git config --local --name-only --get-regexp http\.https\:\/\/github\.com\/\.extraheader
2026-09-15T14:40:03.9343337Z http.https://github.com/.extraheader
2026-09-15T14:40:03.9350952Z [command]/usr/bin/git config --local --unset-all http.https://github.com/.extraheader
2026-09-15T14:40:03.9396230Z [command]/usr/bin/git submodule foreach --recursive sh -c "git config --local --name-only --get-regexp 'http\.https\:\/\/github\.com\/\.extraheader' && git config --local --unset-all 'http.https://github.com/.extraheader' || :"
2026-09-15T14:40:03.9599068Z [command]/usr/bin/git config --local --name-only --get-regexp ^includeIf\.gitdir:
2026-09-15T14:40:03.9638317Z [command]/usr/bin/git submodule foreach --recursive git config --local --show-origin --name-only --get-regexp remote.origin.url
2026-09-15T14:40:03.9853830Z ##[endgroup]
2026-09-15T14:40:04.0009111Z Node 20 is being deprecated. This workflow is running with Node 24 by default. If you need to temporarily use Node 20, you can set the ACTIONS_ALLOW_USE_UNSECURE_NODE_VERSION=true environment variable. For more information see: https://github.blog/changelog/2025-09-19-deprecation-of-node-20-on-github-actions-runners/
2026-09-15T14:40:04.0010060Z ##[group]Run actions/setup-node@v4
2026-09-15T14:40:04.0010264Z with:
2026-09-15T14:40:04.0010433Z   node-version: 20.19.x
2026-09-15T14:40:04.0010612Z   cache: npm
2026-09-15T14:40:04.0010824Z   cache-dependency-path: source/package-lock.json
2026-09-15T14:40:04.0011076Z   always-auth: false
2026-09-15T14:40:04.0011255Z   check-latest: false
2026-09-15T14:40:04.0013083Z   token: ***
2026-09-15T14:40:04.0013251Z env:
2026-09-15T14:40:04.0013461Z   EXPECTED_SOURCE: 69195ddd1d21a7bc3f863cf7589069a735301a03
2026-09-15T14:40:04.0013713Z ##[endgroup]
2026-09-15T14:40:04.1437073Z Attempting to download 20.19.x...
2026-09-15T14:40:04.1525907Z (node:2351) [DEP0040] DeprecationWarning: The `punycode` module is deprecated. Please use a userland alternative instead.
2026-09-15T14:40:04.1526661Z (Use `node --trace-deprecation ...` to show where the warning was created)
2026-09-15T14:40:05.1502460Z Acquiring 20.19.6 - x64 from https://github.com/actions/node-versions/releases/download/20.19.6-19690675733/node-20.19.6-linux-x64.tar.gz
2026-09-15T14:40:05.6842249Z Extracting ...
2026-09-15T14:40:05.6940895Z [command]/usr/bin/tar xz --strip 1 --warning=no-unknown-keyword --overwrite -C /home/runner/work/_temp/c623bf5d-a935-446e-8c26-fff3056a67bc -f /home/runner/work/_temp/be9ef05a-149e-49d9-90c2-fc83e026bd00
2026-09-15T14:40:06.5430244Z Adding to the cache ...
2026-09-15T14:40:08.4173094Z ##[group]Environment details
2026-09-15T14:40:08.5940929Z node: v20.19.6
2026-09-15T14:40:08.5941236Z npm: 10.8.2
2026-09-15T14:40:08.5941477Z yarn: 1.22.22
2026-09-15T14:40:08.5942023Z ##[endgroup]
2026-09-15T14:40:08.5957531Z [command]/opt/hostedtoolcache/node/20.19.6/x64/bin/npm config get cache
2026-09-15T14:40:08.6769132Z /home/runner/.npm
2026-09-15T14:40:08.9772817Z Cache hit for: node-cache-Linux-x64-npm-1862b28f2e68083ac7ee8c6c9a4cd16ff6aaab0b76bf75940aedf75c9c15fc1c
2026-09-15T14:40:08.9864826Z (node:2351) [DEP0169] DeprecationWarning: `url.parse()` behavior is not standardized and prone to errors that have security implications. Use the WHATWG URL API instead. CVEs are not issued for `url.parse()` vulnerabilities.
2026-09-15T14:40:10.0739309Z Received 24195056 of 24195056 (100.0%), 26.0 MBs/sec
2026-09-15T14:40:10.0739761Z Cache Size: ~23 MB (24195056 B)
2026-09-15T14:40:10.0762942Z [command]/usr/bin/tar -xf /home/runner/work/_temp/7b36640d-7c64-413e-b362-445e8921fb44/cache.tzst -P -C /home/runner/work/revealline/revealline --use-compress-program unzstd
2026-09-15T14:40:10.1170928Z Cache restored successfully
2026-09-15T14:40:10.1187916Z Cache restored from key: node-cache-Linux-x64-npm-1862b28f2e68083ac7ee8c6c9a4cd16ff6aaab0b76bf75940aedf75c9c15fc1c
2026-09-15T14:40:10.1373150Z ##[group]Run test "$(git rev-parse HEAD)" = "$EXPECTED_SOURCE"
2026-09-15T14:40:10.1373554Z [36;1mtest "$(git rev-parse HEAD)" = "$EXPECTED_SOURCE"[0m
2026-09-15T14:40:10.1373922Z [36;1mnode ../automation/scripts/check-source-identity.mjs --root .[0m
2026-09-15T14:40:10.1412399Z shell: /usr/bin/bash -e {0}
2026-09-15T14:40:10.1412631Z env:
2026-09-15T14:40:10.1412862Z   EXPECTED_SOURCE: 69195ddd1d21a7bc3f863cf7589069a735301a03
2026-09-15T14:40:10.1413137Z ##[endgroup]
2026-09-15T14:40:14.0478518Z {"format":"revealline-source-identity.v1","root":"/home/runner/work/revealline/revealline/source","sourceRevision":"69195ddd1d21a7bc3f863cf7589069a735301a03","sourceTree":"6dea75eef274c3625d7a7e9c251b20d587a42191","files":5968,"bytes":853523474,"aggregateSha256":"141fc1c9221dcd34523bca9b6239bea0edd9ff318a0825d85c71a7852822ae80","aggregateFormat":"UTF-8 path sorted JSONL [path, Git mode, raw content SHA-256]","allTrackedSourceContentsAndModesMatch":true}
2026-09-15T14:40:14.1084995Z ##[group]Run npm ci
2026-09-15T14:40:14.1085337Z [36;1mnpm ci[0m
2026-09-15T14:40:14.1128620Z shell: /usr/bin/bash -e {0}
2026-09-15T14:40:14.1128939Z env:
2026-09-15T14:40:14.1129281Z   EXPECTED_SOURCE: 69195ddd1d21a7bc3f863cf7589069a735301a03
2026-09-15T14:40:14.1129718Z ##[endgroup]
2026-09-15T14:40:15.9026131Z 
2026-09-15T14:40:15.9027088Z added 81 packages, and audited 82 packages in 2s
2026-09-15T14:40:15.9027455Z 
2026-09-15T14:40:15.9027680Z 18 packages are looking for funding
2026-09-15T14:40:15.9028059Z   run `npm fund` for details
2026-09-15T14:40:15.9034718Z 
2026-09-15T14:40:15.9035142Z found 0 vulnerabilities
2026-09-15T14:40:15.9221207Z ##[group]Run mkdir -p .cache
2026-09-15T14:40:15.9221467Z [36;1mmkdir -p .cache[0m
2026-09-15T14:40:15.9221763Z [36;1mnode ../automation/scripts/run-test-shard.mjs --shard 4/4 --root .[0m
2026-09-15T14:40:15.9256163Z shell: /usr/bin/bash -e {0}
2026-09-15T14:40:15.9256375Z env:
2026-09-15T14:40:15.9256604Z   EXPECTED_SOURCE: 69195ddd1d21a7bc3f863cf7589069a735301a03
2026-09-15T14:40:15.9256873Z ##[endgroup]
2026-09-15T14:40:15.9693779Z Running 94/376 test files in shard 4/4.
2026-09-15T14:40:16.0106786Z TAP version 13
2026-09-15T14:40:16.0983187Z # Subtest: policy configuration defaults to compatible immediate movement and validates unknown values
2026-09-15T14:40:16.1024032Z ok 1 - policy configuration defaults to compatible immediate movement and validates unknown values
2026-09-15T14:40:16.1078072Z   ---
2026-09-15T14:40:16.1078942Z   duration_ms: 4.511083
2026-09-15T14:40:16.1079457Z   ...
2026-09-15T14:40:16.1100389Z # Subtest: explicit grid reset starts at a true cell center without mutating authored route
2026-09-15T14:40:16.1130796Z ok 2 - explicit grid reset starts at a true cell center without mutating authored route
2026-09-15T14:40:16.1131545Z   ---
2026-09-15T14:40:16.1131943Z   duration_ms: 0.758155
2026-09-15T14:40:16.1132349Z   ...
2026-09-15T14:40:16.1133131Z # Subtest: perpendicular turns consume at the next center with unchanged speed and leftover distance
2026-09-15T14:40:16.1134247Z ok 3 - perpendicular turns consume at the next center with unchanged speed and leftover distance
2026-09-15T14:40:16.1134937Z   ---
2026-09-15T14:40:16.1135417Z   duration_ms: 0.328626
2026-09-15T14:40:16.1136108Z   ...
2026-09-15T14:40:16.1146503Z # Subtest: opposite command waits for the center and reverses at the same speed
2026-09-15T14:40:16.1147942Z ok 4 - opposite command waits for the center and reverses at the same speed
2026-09-15T14:40:16.1148615Z   ---
2026-09-15T14:40:16.1149024Z   duration_ms: 1.590412
2026-09-15T14:40:16.1149462Z   ...
2026-09-15T14:40:16.1150263Z # Subtest: one buffer uses the latest held command, including cancellation by the current direction
2026-09-15T14:40:16.1151404Z ok 5 - one buffer uses the latest held command, including cancellation by the current direction
2026-09-15T14:40:16.1152226Z   ---
2026-09-15T14:40:16.1152705Z   duration_ms: 0.41087
2026-09-15T14:40:16.1153191Z   ...
2026-09-15T14:40:16.1154000Z # Subtest: release stops immediately, clears queued turn and does not retain a tap for restart
2026-09-15T14:40:16.1155150Z ok 6 - release stops immediately, clears queued turn and does not retain a tap for restart
2026-09-15T14:40:16.1156041Z   ---
2026-09-15T14:40:16.1156484Z   duration_ms: 0.253202
2026-09-15T14:40:16.1156906Z   ...
2026-09-15T14:40:16.1157657Z # Subtest: pause clears queued intent without moving or changing the frozen cosmetic pose
2026-09-15T14:40:16.1158730Z ok 7 - pause clears queued intent without moving or changing the frozen cosmetic pose
2026-09-15T14:40:16.1159469Z   ---
2026-09-15T14:40:16.1159901Z   duration_ms: 0.2116
2026-09-15T14:40:16.1160394Z   ...
2026-09-15T14:40:16.1161252Z # Subtest: large and boosted frame intervals cannot skip a turn center or lose remaining distance
2026-09-15T14:40:16.1162540Z ok 8 - large and boosted frame intervals cannot skip a turn center or lose remaining distance
2026-09-15T14:40:16.1163330Z   ---
2026-09-15T14:40:16.1163758Z   duration_ms: 0.353563
2026-09-15T14:40:16.1164210Z   ...
2026-09-15T14:40:16.1164878Z # Subtest: grid travel and turns are invariant at 10,20,30,60,120fps
2026-09-15T14:40:16.1166084Z ok 9 - grid travel and turns are invariant at 10,20,30,60,120fps
2026-09-15T14:40:16.1166791Z   ---
2026-09-15T14:40:16.1167313Z   duration_ms: 6.518814
2026-09-15T14:40:16.1167867Z   ...
2026-09-15T14:40:16.1168701Z # Subtest: grid autoplay uses center-aligned route with empty manual buffer at every frame rate
2026-09-15T14:40:16.1169798Z ok 10 - grid autoplay uses center-aligned route with empty manual buffer at every frame rate
2026-09-15T14:40:16.1170631Z   ---
2026-09-15T14:40:16.1172798Z   duration_ms: 33.105113
2026-09-15T14:40:16.1173252Z   ...
2026-09-15T14:40:16.1173942Z # Subtest: all four edges are reachable centers and support held turns and reversals
2026-09-15T14:40:16.1174865Z ok 11 - all four edges are reachable centers and support held turns and reversals
2026-09-15T14:40:16.1175617Z   ---
2026-09-15T14:40:16.1176024Z   duration_ms: 0.606336
2026-09-15T14:40:16.1176442Z   ...
2026-09-15T14:40:16.1177112Z # Subtest: body scale, turn response and reduced motion cannot alter buffered travel
2026-09-15T14:40:16.1178019Z ok 12 - body scale, turn response and reduced motion cannot alter buffered travel
2026-09-15T14:40:16.1178631Z   ---
2026-09-15T14:40:16.1179014Z   duration_ms: 1.292091
2026-09-15T14:40:16.1179403Z   ...
2026-09-15T14:40:16.7601194Z # Subtest: 1-map campaign has attainable, distinct-clear appearance and achievement thresholds
2026-09-15T14:40:16.7602173Z ok 13 - 1-map campaign has attainable, distinct-clear appearance and achievement thresholds
2026-09-15T14:40:16.7602736Z   ---
2026-09-15T14:40:16.7603002Z   duration_ms: 30.397193
2026-09-15T14:40:16.7603276Z   ...
2026-09-15T14:40:16.7603963Z # Subtest: 2-map campaign has attainable, distinct-clear appearance and achievement thresholds
2026-09-15T14:40:16.7604570Z ok 14 - 2-map campaign has attainable, distinct-clear appearance and achievement thresholds
2026-09-15T14:40:16.7604912Z   ---
2026-09-15T14:40:16.7605094Z   duration_ms: 71.379932
2026-09-15T14:40:16.7605278Z   ...
2026-09-15T14:40:16.7605767Z # Subtest: 3-map campaign has attainable, distinct-clear appearance and achievement thresholds
2026-09-15T14:40:16.7606319Z ok 15 - 3-map campaign has attainable, distinct-clear appearance and achievement thresholds
2026-09-15T14:40:16.7607026Z   ---
2026-09-15T14:40:16.7607188Z   duration_ms: 72.119951
2026-09-15T14:40:16.7607379Z   ...
2026-09-15T14:40:16.7607732Z # Subtest: 4-map campaign has attainable, distinct-clear appearance and achievement thresholds
2026-09-15T14:40:16.7608265Z ok 16 - 4-map campaign has attainable, distinct-clear appearance and achievement thresholds
2026-09-15T14:40:16.7608597Z   ---
2026-09-15T14:40:16.7608763Z   duration_ms: 94.189578
2026-09-15T14:40:16.7608947Z   ...
2026-09-15T14:40:16.7609301Z # Subtest: 12-map campaign has attainable, distinct-clear appearance and achievement thresholds
2026-09-15T14:40:16.7609843Z ok 17 - 12-map campaign has attainable, distinct-clear appearance and achievement thresholds
2026-09-15T14:40:16.7610162Z   ---
2026-09-15T14:40:16.7610317Z   duration_ms: 157.713957
2026-09-15T14:40:16.7610505Z   ...
2026-09-15T14:40:16.7610849Z # Subtest: duplicate declared map IDs neither raise the target nor count a clear twice
2026-09-15T14:40:16.7611353Z ok 18 - duplicate declared map IDs neither raise the target nor count a clear twice
2026-09-15T14:40:16.7611725Z   ---
2026-09-15T14:40:16.7611889Z   duration_ms: 33.133746
2026-09-15T14:40:16.7612072Z   ...
2026-09-15T14:40:16.7612443Z # Subtest: unknown clear keys supply neither cosmetic progress nor clean/gold achievements
2026-09-15T14:40:16.7612952Z ok 19 - unknown clear keys supply neither cosmetic progress nor clean/gold achievements
2026-09-15T14:40:16.7613265Z   ---
2026-09-15T14:40:16.7613429Z   duration_ms: 32.218624
2026-09-15T14:40:16.7613605Z   ...
2026-09-15T14:40:16.7626797Z # Subtest: different seeds, classes and both turn policies remain one map clear
2026-09-15T14:40:16.7676705Z ok 20 - different seeds, classes and both turn policies remain one map clear
2026-09-15T14:40:16.7682494Z   ---
2026-09-15T14:40:16.7704751Z   duration_ms: 29.754172
2026-09-15T14:40:16.7705330Z   ...
2026-09-15T14:40:16.7706488Z # Subtest: legacy one-argument API preserves starter order and exact one/four thresholds
2026-09-15T14:40:16.7707592Z ok 21 - legacy one-argument API preserves starter order and exact one/four thresholds
2026-09-15T14:40:16.7708297Z   ---
2026-09-15T14:40:16.7708712Z   duration_ms: 0.567236
2026-09-15T14:40:16.7709149Z   ...
2026-09-15T14:40:16.7710277Z # Subtest: four-clear campaigns retain every existing starter and reward body
2026-09-15T14:40:16.7711230Z ok 22 - four-clear campaigns retain every existing starter and reward body
2026-09-15T14:40:16.7711864Z   ---
2026-09-15T14:40:16.7712282Z   duration_ms: 47.063332
2026-09-15T14:40:16.7712730Z   ...
2026-09-15T14:40:16.7713541Z # Subtest: owned results do not mutate progress, campaign, future tier definitions or caller body sets
2026-09-15T14:40:16.7714703Z ok 23 - owned results do not mutate progress, campaign, future tier definitions or caller body sets
2026-09-15T14:40:16.7715453Z   ---
2026-09-15T14:40:16.7716030Z   duration_ms: 5.863004
2026-09-15T14:40:16.7716478Z   ...
2026-09-15T14:40:16.7717233Z # Subtest: nonempty valid campaign projection and matching progress identity are required
2026-09-15T14:40:16.7718308Z ok 24 - nonempty valid campaign projection and matching progress identity are required
2026-09-15T14:40:16.7718964Z   ---
2026-09-15T14:40:16.7719365Z   duration_ms: 1.246232
2026-09-15T14:40:16.7719806Z   ...
2026-09-15T14:40:16.7720646Z # Subtest: projection rejects consumed accessors without executing them or validating unrelated physics
2026-09-15T14:40:16.7721832Z ok 25 - projection rejects consumed accessors without executing them or validating unrelated physics
2026-09-15T14:40:16.7722583Z   ---
2026-09-15T14:40:16.7722991Z   duration_ms: 8.484643
2026-09-15T14:40:16.7723432Z   ...
2026-09-15T14:40:16.7724324Z # Subtest: existing complete short-chapter saves gain availability without schema or notification history changes
2026-09-15T14:40:16.7725736Z ok 26 - existing complete short-chapter saves gain availability without schema or notification history changes
2026-09-15T14:40:16.7726548Z   ---
2026-09-15T14:40:16.7727225Z   duration_ms: 28.384564
2026-09-15T14:40:16.7727682Z   ...
2026-09-15T14:40:16.7728526Z # Subtest: real live transitions return each newly crossed tier once, including two tiers in one-map chapters
2026-09-15T14:40:16.7729738Z ok 27 - real live transitions return each newly crossed tier once, including two tiers in one-map chapters
2026-09-15T14:40:16.7730499Z   ---
2026-09-15T14:40:16.7730917Z   duration_ms: 60.316866
2026-09-15T14:40:16.7731344Z   ...
2026-09-15T14:40:16.7732078Z # Subtest: practice and already-consumed completions leave transition projection empty
2026-09-15T14:40:16.7733109Z ok 28 - practice and already-consumed completions leave transition projection empty
2026-09-15T14:40:16.7743527Z   ---
2026-09-15T14:40:16.7744013Z   duration_ms: 11.340836
2026-09-15T14:40:16.7744492Z   ...
2026-09-15T14:40:16.7749490Z # Subtest: an out-of-order real clear remains replayable while uncleared predecessors and bounds stay guarded
2026-09-15T14:40:16.7750672Z ok 29 - an out-of-order real clear remains replayable while uncleared predecessors and bounds stay guarded
2026-09-15T14:40:16.7751487Z   ---
2026-09-15T14:40:16.7751942Z   duration_ms: 12.507507
2026-09-15T14:40:16.7752420Z   ...
2026-09-15T14:40:16.8197100Z # Subtest: every actor slot resolves to a real normalized mission containing that role
2026-09-15T14:40:16.8207520Z ok 30 - every actor slot resolves to a real normalized mission containing that role
2026-09-15T14:40:16.8258189Z   ---
2026-09-15T14:40:16.8266757Z   duration_ms: 86.547476
2026-09-15T14:40:16.8267418Z   ...
2026-09-15T14:40:16.8268205Z # Subtest: terrain and pickup context fixtures validate without changing the built-in packs
2026-09-15T14:40:16.8269259Z ok 31 - terrain and pickup context fixtures validate without changing the built-in packs
2026-09-15T14:40:16.8269996Z   ---
2026-09-15T14:40:16.8270397Z   duration_ms: 288.478929
2026-09-15T14:40:16.8296399Z   ...
2026-09-15T14:40:16.8326512Z # Subtest: each preview owns an independent deterministic run
2026-09-15T14:40:16.8346376Z ok 32 - each preview owns an independent deterministic run
2026-09-15T14:40:16.8356318Z   ---
2026-09-15T14:40:16.8381743Z   duration_ms: 10.773029
2026-09-15T14:40:16.8382258Z   ...
2026-09-15T14:40:16.8383008Z # Subtest: offline player presets load independently of every optional or mission pack
2026-09-15T14:40:16.8384450Z ok 33 - offline player presets load independently of every optional or mission pack
2026-09-15T14:40:16.8385106Z   ---
2026-09-15T14:40:16.8385637Z   duration_ms: 7.763533
2026-09-15T14:40:16.8389475Z   ...
2026-09-15T14:40:16.8390325Z # Subtest: exact owner context uses its own level and theme without any pack fetch or mutation
2026-09-15T14:40:16.8391345Z ok 34 - exact owner context uses its own level and theme without any pack fetch or mutation
2026-09-15T14:40:16.8392068Z   ---
2026-09-15T14:40:16.8392531Z   duration_ms: 49.487812
2026-09-15T14:40:16.8392938Z   ...
2026-09-15T14:40:16.8393665Z # Subtest: board preview rejects an incomplete explicit owner before fetching or creating a canvas
2026-09-15T14:40:16.8394760Z ok 35 - board preview rejects an incomplete explicit owner before fetching or creating a canvas
2026-09-15T14:40:16.8395437Z   ---
2026-09-15T14:40:16.8395962Z   duration_ms: 6.249637
2026-09-15T14:40:16.8396367Z   ...
2026-09-15T14:40:16.8397120Z # Subtest: offline optional-pack fallback retains all seven enemy roles and online fixture choices
2026-09-15T14:40:16.8398151Z ok 36 - offline optional-pack fallback retains all seven enemy roles and online fixture choices
2026-09-15T14:40:16.8398854Z   ---
2026-09-15T14:40:16.8399229Z   duration_ms: 340.013512
2026-09-15T14:40:16.8399632Z   ...
2026-09-15T14:40:16.8400324Z # Subtest: failed core loads remain explicit and retry without poisoning player presets
2026-09-15T14:40:16.8401240Z ok 37 - failed core loads remain explicit and retry without poisoning player presets
2026-09-15T14:40:16.8401863Z   ---
2026-09-15T14:40:16.8402264Z   duration_ms: 10.526566
2026-09-15T14:40:16.8402665Z   ...
2026-09-15T14:40:16.8977209Z # Subtest: source labels and unavailability follow the host, without suspending or verifying on refresh
2026-09-15T14:40:16.8978799Z ok 38 - source labels and unavailability follow the host, without suspending or verifying on refresh
2026-09-15T14:40:16.9027863Z   ---
2026-09-15T14:40:16.9064085Z   duration_ms: 11.514288
2026-09-15T14:40:16.9096551Z   ...
2026-09-15T14:40:16.9097653Z # Subtest: one stored export verifies, rechecks authority, copies before the real web adapter, and restores controls
2026-09-15T14:40:16.9122572Z ok 39 - one stored export verifies, rechecks authority, copies before the real web adapter, and restores controls
2026-09-15T14:40:16.9146217Z   ---
2026-09-15T14:40:16.9169254Z   duration_ms: 9.298793
2026-09-15T14:40:16.9196853Z   ...
2026-09-15T14:40:16.9208968Z # Subtest: current replay-only export names its source and retains the matching-campaign warning
2026-09-15T14:40:16.9226543Z ok 40 - current replay-only export names its source and retains the matching-campaign warning
2026-09-15T14:40:16.9246567Z   ---
2026-09-15T14:40:16.9247182Z   duration_ms: 13.176368
2026-09-15T14:40:16.9247747Z   ...
2026-09-15T14:40:16.9248630Z # Subtest: button cancels verification immediately, keeps the dialog open, and rejects late publication
2026-09-15T14:40:16.9249901Z ok 41 - button cancels verification immediately, keeps the dialog open, and rejects late publication
2026-09-15T14:40:16.9250682Z   ---
2026-09-15T14:40:16.9251134Z   duration_ms: 3.738175
2026-09-15T14:40:16.9251583Z   ...
2026-09-15T14:40:16.9252438Z # Subtest: Escape cancels verification immediately, keeps the dialog open, and rejects late publication
2026-09-15T14:40:16.9253650Z ok 42 - Escape cancels verification immediately, keeps the dialog open, and rejects late publication
2026-09-15T14:40:16.9254426Z   ---
2026-09-15T14:40:16.9254857Z   duration_ms: 5.585815
2026-09-15T14:40:16.9255320Z   ...
2026-09-15T14:40:16.9256471Z # Subtest: controller Back cancels verification immediately, keeps the dialog open, and rejects late publication
2026-09-15T14:40:16.9257630Z ok 43 - controller Back cancels verification immediately, keeps the dialog open, and rejects late publication
2026-09-15T14:40:16.9258266Z   ---
2026-09-15T14:40:16.9258538Z   duration_ms: 2.523691
2026-09-15T14:40:16.9258824Z   ...
2026-09-15T14:40:16.9259956Z # Subtest: close aborts and suppresses a pending export without restoring focus
2026-09-15T14:40:16.9260726Z ok 44 - close aborts and suppresses a pending export without restoring focus
2026-09-15T14:40:16.9261184Z   ---
2026-09-15T14:40:16.9261432Z   duration_ms: 4.692527
2026-09-15T14:40:16.9261713Z   ...
2026-09-15T14:40:16.9262231Z # Subtest: pagehide aborts and suppresses a pending export without restoring focus
2026-09-15T14:40:16.9263018Z ok 45 - pagehide aborts and suppresses a pending export without restoring focus
2026-09-15T14:40:16.9263505Z   ---
2026-09-15T14:40:16.9263748Z   duration_ms: 2.699507
2026-09-15T14:40:16.9264027Z   ...
2026-09-15T14:40:16.9264702Z # Subtest: a stale host assertion or failed verification preserves the previous copy and permits a fresh attempt
2026-09-15T14:40:16.9265973Z ok 46 - a stale host assertion or failed verification preserves the previous copy and permits a fresh attempt
2026-09-15T14:40:16.9266617Z   ---
2026-09-15T14:40:16.9266892Z   duration_ms: 3.895643
2026-09-15T14:40:16.9267186Z   ...
2026-09-15T14:40:16.9267757Z # Subtest: a cancelled operation cannot clear a newer operation or overwrite its status
2026-09-15T14:40:16.9268596Z ok 47 - a cancelled operation cannot clear a newer operation or overwrite its status
2026-09-15T14:40:16.9269106Z   ---
2026-09-15T14:40:16.9269357Z   duration_ms: 3.690253
2026-09-15T14:40:16.9269643Z   ...
2026-09-15T14:40:16.9270229Z # Subtest: adapter failure retains the already verified copy and reports the real error
2026-09-15T14:40:16.9271087Z ok 48 - adapter failure retains the already verified copy and reports the real error
2026-09-15T14:40:16.9271594Z   ---
2026-09-15T14:40:16.9271856Z   duration_ms: 2.68192
2026-09-15T14:40:16.9272376Z   ...
2026-09-15T14:40:16.9272939Z # Subtest: Stop waiting keeps a requested download protected until the platform returns
2026-09-15T14:40:16.9273743Z ok 49 - Stop waiting keeps a requested download protected until the platform returns
2026-09-15T14:40:16.9274225Z   ---
2026-09-15T14:40:16.9274467Z   duration_ms: 3.552004
2026-09-15T14:40:16.9274741Z   ...
2026-09-15T14:40:16.9275392Z # Subtest: verified attempt download offers Stop waiting and reports the actual platform result afterward
2026-09-15T14:40:16.9276569Z ok 50 - verified attempt download offers Stop waiting and reports the actual platform result afterward
2026-09-15T14:40:16.9277112Z   ---
2026-09-15T14:40:16.9277363Z   duration_ms: 5.388237
2026-09-15T14:40:16.9277637Z   ...
2026-09-15T14:40:16.9278199Z # Subtest: export-backup awaits the external backup guard before preparation or download
2026-09-15T14:40:16.9279050Z ok 51 - export-backup awaits the external backup guard before preparation or download
2026-09-15T14:40:16.9279569Z   ---
2026-09-15T14:40:16.9279813Z   duration_ms: 6.614178
2026-09-15T14:40:16.9280100Z   ...
2026-09-15T14:40:16.9280662Z # Subtest: export-packs awaits the external backup guard before preparation or download
2026-09-15T14:40:16.9281495Z ok 52 - export-packs awaits the external backup guard before preparation or download
2026-09-15T14:40:16.9281997Z   ---
2026-09-15T14:40:16.9282234Z   duration_ms: 2.585575
2026-09-15T14:40:16.9282509Z   ...
2026-09-15T14:40:16.9283067Z # Subtest: import-save awaits the external backup guard before preparation or download
2026-09-15T14:40:16.9283880Z ok 53 - import-save awaits the external backup guard before preparation or download
2026-09-15T14:40:16.9284356Z   ---
2026-09-15T14:40:16.9284598Z   duration_ms: 2.755211
2026-09-15T14:40:16.9284873Z   ...
2026-09-15T14:40:16.9285393Z # Subtest: a cancelled Library file read cannot install or unlock a newer read
2026-09-15T14:40:16.9316667Z ok 54 - a cancelled Library file read cannot install or unlock a newer read
2026-09-15T14:40:16.9317234Z   ---
2026-09-15T14:40:16.9317504Z   duration_ms: 4.05263
2026-09-15T14:40:16.9317795Z   ...
2026-09-15T14:40:16.9318520Z # Subtest: rail places the exact status and escape before a held read; navigation restores their original nodes
2026-09-15T14:40:16.9320261Z ok 55 - rail places the exact status and escape before a held read; navigation restores their original nodes
2026-09-15T14:40:16.9320890Z   ---
2026-09-15T14:40:16.9321158Z   duration_ms: 7.187294
2026-09-15T14:40:16.9321443Z   ...
2026-09-15T14:40:16.9322030Z # Subtest: older cancelled read cannot replace a newer Packs rail or release its controls
2026-09-15T14:40:16.9322865Z ok 56 - older cancelled read cannot replace a newer Packs rail or release its controls
2026-09-15T14:40:16.9323350Z   ---
2026-09-15T14:40:16.9323586Z   duration_ms: 3.82113
2026-09-15T14:40:16.9323839Z   ...
2026-09-15T14:40:16.9324477Z # Subtest: attempt rail preserves count, cancel focus and exact sibling order across terminal navigation
2026-09-15T14:40:16.9325456Z ok 57 - attempt rail preserves count, cancel focus and exact sibling order across terminal navigation
2026-09-15T14:40:16.9326149Z   ---
2026-09-15T14:40:16.9326378Z   duration_ms: 3.464763
2026-09-15T14:40:16.9326621Z   ...
2026-09-15T14:40:16.9327193Z # Subtest: non-abortable owner reopens with its exact detached status and no stale closed rail
2026-09-15T14:40:16.9328065Z ok 58 - non-abortable owner reopens with its exact detached status and no stale closed rail
2026-09-15T14:40:16.9328568Z   ---
2026-09-15T14:40:16.9328800Z   duration_ms: 4.119981
2026-09-15T14:40:16.9329084Z   ...
2026-09-15T14:40:16.9885169Z # Subtest: backup navigation same-section joins cancellation then clears only the invalidated backup host
2026-09-15T14:40:16.9886725Z ok 59 - backup navigation same-section joins cancellation then clears only the invalidated backup host
2026-09-15T14:40:16.9887690Z   ---
2026-09-15T14:40:16.9888122Z   duration_ms: 125.819704
2026-09-15T14:40:16.9888555Z   ...
2026-09-15T14:40:17.0547032Z # Subtest: backup navigation other-section joins cancellation then clears only the invalidated backup host
2026-09-15T14:40:17.0548073Z ok 60 - backup navigation other-section joins cancellation then clears only the invalidated backup host
2026-09-15T14:40:17.0548571Z   ---
2026-09-15T14:40:17.0548867Z   duration_ms: 61.963292
2026-09-15T14:40:17.0549212Z   ...
2026-09-15T14:40:17.1077102Z # Subtest: backup navigation close-reopen joins cancellation then clears only the invalidated backup host
2026-09-15T14:40:17.1096679Z ok 61 - backup navigation close-reopen joins cancellation then clears only the invalidated backup host
2026-09-15T14:40:17.1106187Z   ---
2026-09-15T14:40:17.1106661Z   duration_ms: 50.744641
2026-09-15T14:40:17.1107134Z   ...
2026-09-15T14:40:17.1108018Z # Subtest: native-reported sticky overlap scrolls the live focused control clear without changing focus or ownership
2026-09-15T14:40:17.1109326Z ok 62 - native-reported sticky overlap scrolls the live focused control clear without changing focus or ownership
2026-09-15T14:40:17.1110168Z   ---
2026-09-15T14:40:17.1110587Z   duration_ms: 2.19166
2026-09-15T14:40:17.1111005Z   ...
2026-09-15T14:40:17.1111807Z # Subtest: a queued feedback layout reads current focus and cannot follow an old opener or a closed dialog
2026-09-15T14:40:17.1112968Z ok 63 - a queued feedback layout reads current focus and cannot follow an old opener or a closed dialog
2026-09-15T14:40:17.1113705Z   ---
2026-09-15T14:40:17.1114095Z   duration_ms: 1.663011
2026-09-15T14:40:17.1114521Z   ...
2026-09-15T14:40:17.1115174Z # Subtest: Close above feedback retains its own native scroll destination
2026-09-15T14:40:17.1116257Z ok 64 - Close above feedback retains its own native scroll destination
2026-09-15T14:40:17.1116838Z   ---
2026-09-15T14:40:17.1117259Z   duration_ms: 1.415617
2026-09-15T14:40:17.1117706Z   ...
2026-09-15T14:40:17.1118515Z # Subtest: a tall Library editor keeps its beginning below feedback when its full height cannot fit
2026-09-15T14:40:17.1119644Z ok 65 - a tall Library editor keeps its beginning below feedback when its full height cannot fit
2026-09-15T14:40:17.1120435Z   ---
2026-09-15T14:40:17.1120892Z   duration_ms: 4.868632
2026-09-15T14:40:17.1121350Z   ...
2026-09-15T14:40:17.1573111Z # Subtest: explicit native links preserve retry URLs, distinguish requested from prepared, then close releases every URL
2026-09-15T14:40:17.1575007Z ok 66 - explicit native links preserve retry URLs, distinguish requested from prepared, then close releases every URL
2026-09-15T14:40:17.1576219Z   ---
2026-09-15T14:40:17.1576718Z   duration_ms: 224.881348
2026-09-15T14:40:17.1577206Z   ...
2026-09-15T14:40:17.1578084Z # Subtest: Cancel joins the pending read before allowing another preparation and restores focus and controls
2026-09-15T14:40:17.1579328Z ok 67 - Cancel joins the pending read before allowing another preparation and restores focus and controls
2026-09-15T14:40:17.1580154Z   ---
2026-09-15T14:40:17.1580579Z   duration_ms: 71.876913
2026-09-15T14:40:17.1581047Z   ...
2026-09-15T14:40:17.4502814Z # Subtest: changed source rejects native activation and visibility teardown releases the next prepared set
2026-09-15T14:40:17.4505911Z ok 68 - changed source rejects native activation and visibility teardown releases the next prepared set
2026-09-15T14:40:17.4506927Z   ---
2026-09-15T14:40:17.4507821Z   duration_ms: 299.457878
2026-09-15T14:40:17.4508458Z   ...
2026-09-15T14:40:21.9517551Z # Subtest: actual solo host exports a paused unfinished flight without changing its checkpoint, storage or intent
2026-09-15T14:40:21.9553840Z ok 69 - actual solo host exports a paused unfinished flight without changing its checkpoint, storage or intent
2026-09-15T14:40:21.9580439Z   ---
2026-09-15T14:40:21.9594288Z   duration_ms: 4487.039505
2026-09-15T14:40:21.9597994Z   ...
2026-09-15T14:40:26.2487136Z # Subtest: actual Library escape cancels backup preparation without double-closing or resuming
2026-09-15T14:40:26.2488570Z ok 70 - actual Library escape cancels backup preparation without double-closing or resuming
2026-09-15T14:40:26.2489772Z   ---
2026-09-15T14:40:26.2490260Z   duration_ms: 4311.413723
2026-09-15T14:40:26.2490710Z   ...
2026-09-15T14:40:30.3616493Z # Subtest: actual Library controller cancels backup preparation without double-closing or resuming
2026-09-15T14:40:30.3617595Z ok 71 - actual Library controller cancels backup preparation without double-closing or resuming
2026-09-15T14:40:30.3618157Z   ---
2026-09-15T14:40:30.3618417Z   duration_ms: 4113.913993
2026-09-15T14:40:30.3618654Z   ...
2026-09-15T14:40:31.5457316Z # Subtest: Title Settings Library cancel consumes filename detail before native dialog close and refocus
2026-09-15T14:40:31.5460675Z ok 72 - Title Settings Library cancel consumes filename detail before native dialog close and refocus
2026-09-15T14:40:31.5483705Z   ---
2026-09-15T14:40:31.5484166Z   duration_ms: 1181.873108
2026-09-15T14:40:31.5484591Z   ...
2026-09-15T14:40:31.5730537Z # Subtest: all fourteen runtime files bind the reviewed full-frame derivative and original identity
2026-09-15T14:40:31.5733348Z ok 73 - all fourteen runtime files bind the reviewed full-frame derivative and original identity
2026-09-15T14:40:31.5734148Z   ---
2026-09-15T14:40:31.5734572Z   duration_ms: 6.179753
2026-09-15T14:40:31.5735017Z   ...
2026-09-15T14:40:31.5735991Z # Subtest: legacy records without derivation preserve the same appearance and animation contracts
2026-09-15T14:40:31.5737211Z ok 74 - legacy records without derivation preserve the same appearance and animation contracts
2026-09-15T14:40:31.5737992Z   ---
2026-09-15T14:40:31.5738397Z   duration_ms: 20.605757
2026-09-15T14:40:31.5738826Z   ...
2026-09-15T14:40:31.5739627Z # Subtest: existing player loader requests the runtime derivative and retains explicit overrides
2026-09-15T14:40:31.5740773Z ok 75 - existing player loader requests the runtime derivative and retains explicit overrides
2026-09-15T14:40:31.5741497Z   ---
2026-09-15T14:40:31.5741884Z   duration_ms: 2.629631
2026-09-15T14:40:31.5742329Z   ...
2026-09-15T14:40:31.5743156Z # Subtest: player derivatives reject wrong source, output, role, geometry and recipe bindings
2026-09-15T14:40:31.5744245Z ok 76 - player derivatives reject wrong source, output, role, geometry and recipe bindings
2026-09-15T14:40:31.5744959Z   ---
2026-09-15T14:40:31.5745878Z   duration_ms: 51.431218
2026-09-15T14:40:31.5746332Z   ...
2026-09-15T14:40:31.5751257Z # Subtest: enemy derivatives reject source/output substitutions without losing class and skin guards
2026-09-15T14:40:31.5776707Z ok 77 - enemy derivatives reject source/output substitutions without losing class and skin guards
2026-09-15T14:40:31.5793377Z   ---
2026-09-15T14:40:31.5793865Z   duration_ms: 5.601208
2026-09-15T14:40:31.5794417Z   ...
2026-09-15T14:40:31.5795141Z # Subtest: resolved metadata and exact keys survive owned Standard/Gentle lookup
2026-09-15T14:40:31.5796313Z ok 78 - resolved metadata and exact keys survive owned Standard/Gentle lookup
2026-09-15T14:40:31.5796993Z   ---
2026-09-15T14:40:31.5797430Z   duration_ms: 280.062328
2026-09-15T14:40:31.5797890Z   ...
2026-09-15T14:40:31.5798577Z # Subtest: catalog snapshots input and retains the first same-owner metadata
2026-09-15T14:40:31.5799495Z ok 79 - catalog snapshots input and retains the first same-owner metadata
2026-09-15T14:40:31.5800138Z   ---
2026-09-15T14:40:31.5800564Z   duration_ms: 59.788448
2026-09-15T14:40:31.5801012Z   ...
2026-09-15T14:40:31.5801804Z # Subtest: a derived campaign presented as authored collides even with exactly equal execution data
2026-09-15T14:40:31.5802939Z ok 80 - a derived campaign presented as authored collides even with exactly equal execution data
2026-09-15T14:40:31.5803656Z   ---
2026-09-15T14:40:31.5804075Z   duration_ms: 298.569687
2026-09-15T14:40:31.5804506Z   ...
2026-09-15T14:40:31.5805247Z # Subtest: lookup rejects mode coercion and missing keys without inferring labels or ownership
2026-09-15T14:40:31.5806443Z ok 81 - lookup rejects mode coercion and missing keys without inferring labels or ownership
2026-09-15T14:40:31.5807518Z   ---
2026-09-15T14:40:31.5807917Z   duration_ms: 25.426608
2026-09-15T14:40:31.5808349Z   ...
2026-09-15T14:40:31.5809089Z # Subtest: the backup hook returns only owned full campaigns with the same registry partitions
2026-09-15T14:40:31.5810131Z ok 82 - the backup hook returns only owned full campaigns with the same registry partitions
2026-09-15T14:40:31.5810810Z   ---
2026-09-15T14:40:31.5811188Z   duration_ms: 111.953634
2026-09-15T14:40:31.5811600Z   ...
2026-09-15T14:40:31.5812414Z # Subtest: the registry rejects malformed arrays, accessors and mismatching execution rosters before adoption
2026-09-15T14:40:31.5813599Z ok 83 - the registry rejects malformed arrays, accessors and mismatching execution rosters before adoption
2026-09-15T14:40:31.5814318Z   ---
2026-09-15T14:40:31.5814710Z   duration_ms: 27.711127
2026-09-15T14:40:31.5815125Z   ...
2026-09-15T14:40:31.5815995Z # Subtest: campaign proof covers every authored level in both supported steering policies
2026-09-15T14:40:31.5827182Z ok 84 - campaign proof covers every authored level in both supported steering policies
2026-09-15T14:40:31.5829060Z   ---
2026-09-15T14:40:31.5829480Z   duration_ms: 899.849734
2026-09-15T14:40:31.5829943Z   ...
2026-09-15T14:40:31.5830662Z # Subtest: signal-01 completes via recorded immediate controls from a normal run
2026-09-15T14:40:31.5831614Z ok 85 - signal-01 completes via recorded immediate controls from a normal run
2026-09-15T14:40:31.5832299Z   ---
2026-09-15T14:40:31.5832739Z   duration_ms: 10.011628
2026-09-15T14:40:31.5833231Z   ...
2026-09-15T14:40:31.5833951Z # Subtest: signal-01 completes via recorded grid-center controls from a normal run
2026-09-15T14:40:31.5834916Z ok 86 - signal-01 completes via recorded grid-center controls from a normal run
2026-09-15T14:40:31.5835746Z   ---
2026-09-15T14:40:31.5836194Z   duration_ms: 6.433465
2026-09-15T14:40:31.5836669Z   ...
2026-09-15T14:40:31.5837437Z # Subtest: signal-02 completes via recorded immediate controls from a normal run
2026-09-15T14:40:31.5838390Z ok 87 - signal-02 completes via recorded immediate controls from a normal run
2026-09-15T14:40:31.5839062Z   ---
2026-09-15T14:40:31.5839497Z   duration_ms: 9.657253
2026-09-15T14:40:31.5839928Z   ...
2026-09-15T14:40:31.5840891Z # Subtest: signal-02 completes via recorded grid-center controls from a normal run
2026-09-15T14:40:31.5841811Z ok 88 - signal-02 completes via recorded grid-center controls from a normal run
2026-09-15T14:40:31.5842416Z   ---
2026-09-15T14:40:31.5842788Z   duration_ms: 9.541619
2026-09-15T14:40:31.5843228Z   ...
2026-09-15T14:40:31.5843883Z # Subtest: signal-03 completes via recorded immediate controls from a normal run
2026-09-15T14:40:31.5844781Z ok 89 - signal-03 completes via recorded immediate controls from a normal run
2026-09-15T14:40:31.5845630Z   ---
2026-09-15T14:40:31.5876497Z   duration_ms: 29.252735
2026-09-15T14:40:31.5906140Z   ...
2026-09-15T14:40:31.5906974Z # Subtest: signal-03 completes via recorded grid-center controls from a normal run
2026-09-15T14:40:31.5936563Z ok 90 - signal-03 completes via recorded grid-center controls from a normal run
2026-09-15T14:40:31.5966206Z   ---
2026-09-15T14:40:31.5996111Z   duration_ms: 29.373928
2026-09-15T14:40:31.5996650Z   ...
2026-09-15T14:40:31.6026553Z # Subtest: signal-04 completes via recorded immediate controls from a normal run
2026-09-15T14:40:31.6056502Z ok 91 - signal-04 completes via recorded immediate controls from a normal run
2026-09-15T14:40:31.6086066Z   ---
2026-09-15T14:40:31.6086634Z   duration_ms: 19.299444
2026-09-15T14:40:31.6116207Z   ...
2026-09-15T14:40:31.6146430Z # Subtest: signal-04 completes via recorded grid-center controls from a normal run
2026-09-15T14:40:31.6147313Z ok 92 - signal-04 completes via recorded grid-center controls from a normal run
2026-09-15T14:40:31.6206210Z   ---
2026-09-15T14:40:31.6346535Z   duration_ms: 24.875996
2026-09-15T14:40:31.6406351Z   ...
2026-09-15T14:40:31.6467127Z # Subtest: signal-05 completes via recorded immediate controls from a normal run
2026-09-15T14:40:31.6535947Z ok 93 - signal-05 completes via recorded immediate controls from a normal run
2026-09-15T14:40:31.6588794Z   ---
2026-09-15T14:40:31.6616743Z   duration_ms: 17.603223
2026-09-15T14:40:31.6647576Z   ...
2026-09-15T14:40:31.6676446Z # Subtest: signal-05 completes via recorded grid-center controls from a normal run
2026-09-15T14:40:31.6677320Z ok 94 - signal-05 completes via recorded grid-center controls from a normal run
2026-09-15T14:40:31.6677799Z   ---
2026-09-15T14:40:31.6678078Z   duration_ms: 12.907462
2026-09-15T14:40:31.6678391Z   ...
2026-09-15T14:40:31.6678944Z # Subtest: signal-06 completes via recorded immediate controls from a normal run
2026-09-15T14:40:31.6679741Z ok 95 - signal-06 completes via recorded immediate controls from a normal run
2026-09-15T14:40:31.6680247Z   ---
2026-09-15T14:40:31.6680512Z   duration_ms: 10.857766
2026-09-15T14:40:31.6680812Z   ...
2026-09-15T14:40:31.6681370Z # Subtest: signal-06 completes via recorded grid-center controls from a normal run
2026-09-15T14:40:31.6682202Z ok 96 - signal-06 completes via recorded grid-center controls from a normal run
2026-09-15T14:40:31.6682699Z   ---
2026-09-15T14:40:31.6682958Z   duration_ms: 12.09208
2026-09-15T14:40:31.6683245Z   ...
2026-09-15T14:40:31.6683781Z # Subtest: signal-07 completes via recorded immediate controls from a normal run
2026-09-15T14:40:31.6684560Z ok 97 - signal-07 completes via recorded immediate controls from a normal run
2026-09-15T14:40:31.6685056Z   ---
2026-09-15T14:40:31.6685373Z   duration_ms: 13.673329
2026-09-15T14:40:31.6685792Z   ...
2026-09-15T14:40:31.6686339Z # Subtest: signal-07 completes via recorded grid-center controls from a normal run
2026-09-15T14:40:31.6687116Z ok 98 - signal-07 completes via recorded grid-center controls from a normal run
2026-09-15T14:40:31.6687604Z   ---
2026-09-15T14:40:31.6687851Z   duration_ms: 13.973411
2026-09-15T14:40:31.6688147Z   ...
2026-09-15T14:40:31.6688662Z # Subtest: signal-08 completes via recorded immediate controls from a normal run
2026-09-15T14:40:31.6689408Z ok 99 - signal-08 completes via recorded immediate controls from a normal run
2026-09-15T14:40:31.6689895Z   ---
2026-09-15T14:40:31.6690219Z   duration_ms: 53.29388
2026-09-15T14:40:31.6690503Z   ...
2026-09-15T14:40:31.6706639Z # Subtest: signal-08 completes via recorded grid-center controls from a normal run
2026-09-15T14:40:31.6707506Z ok 100 - signal-08 completes via recorded grid-center controls from a normal run
2026-09-15T14:40:31.6707980Z   ---
2026-09-15T14:40:31.6708248Z   duration_ms: 43.782698
2026-09-15T14:40:31.6708539Z   ...
2026-09-15T14:40:31.6709081Z # Subtest: signal-09 completes via recorded immediate controls from a normal run
2026-09-15T14:40:31.6709866Z ok 101 - signal-09 completes via recorded immediate controls from a normal run
2026-09-15T14:40:31.6710345Z   ---
2026-09-15T14:40:31.6710595Z   duration_ms: 18.001644
2026-09-15T14:40:31.6710887Z   ...
2026-09-15T14:40:31.6711426Z # Subtest: signal-09 completes via recorded grid-center controls from a normal run
2026-09-15T14:40:31.6712235Z ok 102 - signal-09 completes via recorded grid-center controls from a normal run
2026-09-15T14:40:31.6712732Z   ---
2026-09-15T14:40:31.6712995Z   duration_ms: 26.715704
2026-09-15T14:40:31.6713282Z   ...
2026-09-15T14:40:31.6713816Z # Subtest: signal-10 completes via recorded immediate controls from a normal run
2026-09-15T14:40:31.6714595Z ok 103 - signal-10 completes via recorded immediate controls from a normal run
2026-09-15T14:40:31.6715022Z   ---
2026-09-15T14:40:31.6715261Z   duration_ms: 20.826431
2026-09-15T14:40:31.6726100Z   ...
2026-09-15T14:40:31.6726754Z # Subtest: signal-10 completes via recorded grid-center controls from a normal run
2026-09-15T14:40:31.6727604Z ok 104 - signal-10 completes via recorded grid-center controls from a normal run
2026-09-15T14:40:31.6728127Z   ---
2026-09-15T14:40:31.6728391Z   duration_ms: 16.464233
2026-09-15T14:40:31.6728683Z   ...
2026-09-15T14:40:31.6729243Z # Subtest: signal-11 completes via recorded immediate controls from a normal run
2026-09-15T14:40:31.6730336Z ok 105 - signal-11 completes via recorded immediate controls from a normal run
2026-09-15T14:40:31.6730841Z   ---
2026-09-15T14:40:31.6731131Z   duration_ms: 17.499936
2026-09-15T14:40:31.6731428Z   ...
2026-09-15T14:40:31.6732257Z # Subtest: signal-11 completes via recorded grid-center controls from a normal run
2026-09-15T14:40:31.6776513Z ok 106 - signal-11 completes via recorded grid-center controls from a normal run
2026-09-15T14:40:31.6796871Z   ---
2026-09-15T14:40:31.6806065Z   duration_ms: 9.077388
2026-09-15T14:40:31.6835992Z   ...
2026-09-15T14:40:31.6867029Z # Subtest: signal-12 completes via recorded immediate controls from a normal run
2026-09-15T14:40:31.6868161Z ok 107 - signal-12 completes via recorded immediate controls from a normal run
2026-09-15T14:40:31.6871073Z   ---
2026-09-15T14:40:31.6871340Z   duration_ms: 17.288878
2026-09-15T14:40:31.6871618Z   ...
2026-09-15T14:40:31.6872211Z # Subtest: signal-12 completes via recorded grid-center controls from a normal run
2026-09-15T14:40:31.6873032Z ok 108 - signal-12 completes via recorded grid-center controls from a normal run
2026-09-15T14:40:31.6873552Z   ---
2026-09-15T14:40:31.6873773Z   duration_ms: 16.731407
2026-09-15T14:40:31.6873969Z   ...
2026-09-15T14:40:31.6874324Z # Subtest: proof rejects changed content and unfinished input sequences
2026-09-15T14:40:31.6874784Z ok 109 - proof rejects changed content and unfinished input sequences
2026-09-15T14:40:31.6875084Z   ---
2026-09-15T14:40:31.6875253Z   duration_ms: 1.890315
2026-09-15T14:40:31.6875452Z   ...
2026-09-15T14:40:31.6876121Z # Subtest: chapter reward work preserves original route and campaign identity oracles
2026-09-15T14:40:31.6876839Z ok 110 - chapter reward work preserves original route and campaign identity oracles
2026-09-15T14:40:31.6877318Z   ---
2026-09-15T14:40:31.6877570Z   duration_ms: 4.853429
2026-09-15T14:40:31.6877833Z   ...
2026-09-15T14:40:31.6878375Z # Subtest: homeward-skies/immediate: three actual clears unlock the final cosmetic tier once
2026-09-15T14:40:31.6879230Z ok 111 - homeward-skies/immediate: three actual clears unlock the final cosmetic tier once
2026-09-15T14:40:31.6879748Z   ---
2026-09-15T14:40:31.6880009Z   duration_ms: 118.513259
2026-09-15T14:40:31.6880282Z   ...
2026-09-15T14:40:31.6881349Z # Subtest: homeward-skies/grid-center: three actual clears unlock the final cosmetic tier once
2026-09-15T14:40:31.6882210Z ok 112 - homeward-skies/grid-center: three actual clears unlock the final cosmetic tier once
2026-09-15T14:40:31.6882577Z   ---
2026-09-15T14:40:31.6882749Z   duration_ms: 124.115156
2026-09-15T14:40:31.6882974Z   ...
2026-09-15T14:40:31.6883375Z # Subtest: equipment-workshop/immediate: three actual clears unlock the final cosmetic tier once
2026-09-15T14:40:31.6884070Z ok 113 - equipment-workshop/immediate: three actual clears unlock the final cosmetic tier once
2026-09-15T14:40:31.6884458Z   ---
2026-09-15T14:40:31.6884639Z   duration_ms: 186.720538
2026-09-15T14:40:31.6884853Z   ...
2026-09-15T14:40:31.6885410Z # Subtest: equipment-workshop/grid-center: three actual clears unlock the final cosmetic tier once
2026-09-15T14:40:31.6886339Z ok 114 - equipment-workshop/grid-center: three actual clears unlock the final cosmetic tier once
2026-09-15T14:40:31.6886799Z   ---
2026-09-15T14:40:31.6886978Z   duration_ms: 369.984354
2026-09-15T14:40:31.6887174Z   ...
2026-09-15T14:40:31.6887547Z # Subtest: another steering variant is not a second map, and chapter eligibility stays local
2026-09-15T14:40:31.6888079Z ok 115 - another steering variant is not a second map, and chapter eligibility stays local
2026-09-15T14:40:31.6888416Z   ---
2026-09-15T14:40:31.6888585Z   duration_ms: 17.960503
2026-09-15T14:40:31.6888763Z   ...
2026-09-15T14:40:31.6889151Z # Subtest: an existing complete portable profile derives access without new records or a new transition
2026-09-15T14:40:31.6889734Z ok 116 - an existing complete portable profile derives access without new records or a new transition
2026-09-15T14:40:31.6890253Z   ---
2026-09-15T14:40:31.6890415Z   duration_ms: 7.592125
2026-09-15T14:40:31.6890593Z   ...
2026-09-15T14:40:31.6890976Z # Subtest: ordinary Workshop routes remain unqualified despite granting chapter cosmetics
2026-09-15T14:40:31.6891495Z ok 117 - ordinary Workshop routes remain unqualified despite granting chapter cosmetics
2026-09-15T14:40:31.6891813Z   ---
2026-09-15T14:40:31.6891980Z   duration_ms: 1659.181352
2026-09-15T14:40:31.6892264Z   ...
2026-09-15T14:40:31.6895795Z # Subtest: mixed backup and pack removal/reinstall preserve clears and an independently verified seal
2026-09-15T14:40:31.6896786Z ok 118 - mixed backup and pack removal/reinstall preserve clears and an independently verified seal
2026-09-15T14:40:31.6897157Z   ---
2026-09-15T14:40:31.6897326Z   duration_ms: 481.660847
2026-09-15T14:40:31.6897524Z   ...
2026-09-15T14:40:31.6897975Z # Subtest: an out-of-order Workshop win remains replayable after import and backup (immediate)
2026-09-15T14:40:31.6898537Z ok 119 - an out-of-order Workshop win remains replayable after import and backup (immediate)
2026-09-15T14:40:31.6898887Z   ---
2026-09-15T14:40:31.6899054Z   duration_ms: 100.911046
2026-09-15T14:40:31.6899236Z   ...
2026-09-15T14:40:31.6899612Z # Subtest: an out-of-order Workshop win remains replayable after import and backup (grid-center)
2026-09-15T14:40:31.6900164Z ok 120 - an out-of-order Workshop win remains replayable after import and backup (grid-center)
2026-09-15T14:40:31.6900495Z   ---
2026-09-15T14:40:31.6900654Z   duration_ms: 91.917695
2026-09-15T14:40:31.6900842Z   ...
2026-09-15T14:40:31.6901176Z # Subtest: practice completions cannot add clear-derived eligibility or stored rewards
2026-09-15T14:40:31.6901668Z ok 121 - practice completions cannot add clear-derived eligibility or stored rewards
2026-09-15T14:40:31.6901977Z   ---
2026-09-15T14:40:31.6902132Z   duration_ms: 12.105491
2026-09-15T14:40:31.6902302Z   ...
2026-09-15T14:40:31.6902716Z # Subtest: a refused profile write keeps prior bytes while the new cosmetic remains exportable for the session
2026-09-15T14:40:31.6903325Z ok 122 - a refused profile write keeps prior bytes while the new cosmetic remains exportable for the session
2026-09-15T14:40:31.6903687Z   ---
2026-09-15T14:40:31.6903849Z   duration_ms: 29.280176
2026-09-15T14:40:31.6904201Z   ...
2026-09-15T14:40:31.6926015Z # Subtest: a due erosion resolves penetration in historical order before any recovery projection
2026-09-15T14:40:31.6927007Z ok 123 - a due erosion resolves penetration in historical order before any recovery projection
2026-09-15T14:40:31.6927712Z   ---
2026-09-15T14:40:31.6927971Z   duration_ms: 18.496692
2026-09-15T14:40:31.6928251Z   ...
2026-09-15T14:40:31.6928914Z # Subtest: immediate: shipped Standard R4 first Down capture continues through idle and saved return
2026-09-15T14:40:31.6929880Z ok 124 - immediate: shipped Standard R4 first Down capture continues through idle and saved return
2026-09-15T14:40:31.6930458Z   ---
2026-09-15T14:40:31.6930707Z   duration_ms: 842.975069
2026-09-15T14:40:31.6931013Z   ...
2026-09-15T14:40:31.6931587Z # Subtest: immediate: same authored Gentle map retains legal capture and moving field actors
2026-09-15T14:40:31.6932460Z ok 125 - immediate: same authored Gentle map retains legal capture and moving field actors
2026-09-15T14:40:31.6932999Z   ---
2026-09-15T14:40:31.6933249Z   duration_ms: 141.307469
2026-09-15T14:40:31.6933533Z   ...
2026-09-15T14:40:31.6934251Z # Subtest: immediate: a closing impact trail repairs an embedded field actor without recapture or lost world time
2026-09-15T14:40:31.6935332Z ok 126 - immediate: a closing impact trail repairs an embedded field actor without recapture or lost world time
2026-09-15T14:40:31.6936094Z   ---
2026-09-15T14:40:31.6936354Z   duration_ms: 210.139061
2026-09-15T14:40:31.6936636Z   ...
2026-09-15T14:40:31.6937283Z # Subtest: grid-center: shipped Standard R4 first Down capture continues through idle and saved return
2026-09-15T14:40:31.6938486Z ok 127 - grid-center: shipped Standard R4 first Down capture continues through idle and saved return
2026-09-15T14:40:31.6939377Z   ---
2026-09-15T14:40:31.6939626Z   duration_ms: 524.494851
2026-09-15T14:40:31.6939901Z   ...
2026-09-15T14:40:31.6940513Z # Subtest: grid-center: same authored Gentle map retains legal capture and moving field actors
2026-09-15T14:40:31.6941350Z ok 128 - grid-center: same authored Gentle map retains legal capture and moving field actors
2026-09-15T14:40:31.6941862Z   ---
2026-09-15T14:40:31.6942101Z   duration_ms: 101.257419
2026-09-15T14:40:31.6942369Z   ...
2026-09-15T14:40:31.6943044Z # Subtest: grid-center: a closing impact trail repairs an embedded field actor without recapture or lost world time
2026-09-15T14:40:31.6944113Z ok 129 - grid-center: a closing impact trail repairs an embedded field actor without recapture or lost world time
2026-09-15T14:40:31.6944698Z   ---
2026-09-15T14:40:31.6944930Z   duration_ms: 161.241481
2026-09-15T14:40:31.6945209Z   ...
2026-09-15T14:40:31.6976125Z # Subtest: immediate: an earned extra life preserves a clean win and is accepted by progression
2026-09-15T14:40:31.6977132Z ok 130 - immediate: an earned extra life preserves a clean win and is accepted by progression
2026-09-15T14:40:31.6977679Z   ---
2026-09-15T14:40:31.6977930Z   duration_ms: 152.258676
2026-09-15T14:40:31.6978229Z   ...
2026-09-15T14:40:31.6978801Z # Subtest: immediate: replacing a lost life does not recreate clean play or a gold medal
2026-09-15T14:40:31.6979649Z ok 131 - immediate: replacing a lost life does not recreate clean play or a gold medal
2026-09-15T14:40:31.6980146Z   ---
2026-09-15T14:40:31.6980393Z   duration_ms: 143.212305
2026-09-15T14:40:31.6980684Z   ...
2026-09-15T14:40:31.6981295Z # Subtest: grid-center: an earned extra life preserves a clean win and is accepted by progression
2026-09-15T14:40:31.6982222Z ok 132 - grid-center: an earned extra life preserves a clean win and is accepted by progression
2026-09-15T14:40:31.6982778Z   ---
2026-09-15T14:40:31.6983017Z   duration_ms: 128.185053
2026-09-15T14:40:31.6983307Z   ...
2026-09-15T14:40:31.6983878Z # Subtest: grid-center: replacing a lost life does not recreate clean play or a gold medal
2026-09-15T14:40:31.6984732Z ok 133 - grid-center: replacing a lost life does not recreate clean play or a gold medal
2026-09-15T14:40:31.6985909Z   ---
2026-09-15T14:40:31.6986181Z   duration_ms: 90.545443
2026-09-15T14:40:31.6986457Z   ...
2026-09-15T14:40:31.6987126Z # Subtest: classic Gentle has its own policy and scales every moving classic role without editing the source
2026-09-15T14:40:31.6988160Z ok 134 - classic Gentle has its own policy and scales every moving classic role without editing the source
2026-09-15T14:40:31.6988742Z   ---
2026-09-15T14:40:31.6988983Z   duration_ms: 12.437612
2026-09-15T14:40:31.6989255Z   ...
2026-09-15T14:40:31.6989831Z # Subtest: lethal terrain has a readable terminal explanation without changing recovery UI
2026-09-15T14:40:31.6990681Z ok 135 - lethal terrain has a readable terminal explanation without changing recovery UI
2026-09-15T14:40:31.6991194Z   ---
2026-09-15T14:40:31.6991426Z   duration_ms: 0.376549
2026-09-15T14:40:31.6991683Z   ...
2026-09-15T14:40:31.6992258Z # Subtest: explicit Arcade non-card roles can reclaim status space without changing authored data
2026-09-15T14:40:31.6993156Z ok 136 - explicit Arcade non-card roles can reclaim status space without changing authored data
2026-09-15T14:40:31.6993696Z   ---
2026-09-15T14:40:31.6993927Z   duration_ms: 1.765046
2026-09-15T14:40:31.6994202Z   ...
2026-09-15T14:40:31.6994814Z # Subtest: Tactical, unknown policy, encounters and every warning-capable or future role retain space
2026-09-15T14:40:31.6995928Z ok 137 - Tactical, unknown policy, encounters and every warning-capable or future role retain space
2026-09-15T14:40:31.6996506Z   ---
2026-09-15T14:40:31.6996745Z   duration_ms: 0.353054
2026-09-15T14:40:31.6997019Z   ...
2026-09-15T14:40:31.6997651Z # Subtest: warning transitions and removal of a live enemy cannot release its authored warning reserve
2026-09-15T14:40:31.6998796Z ok 138 - warning transitions and removal of a live enemy cannot release its authored warning reserve
2026-09-15T14:40:31.6999360Z   ---
2026-09-15T14:40:31.6999606Z   duration_ms: 0.234744
2026-09-15T14:40:31.6999889Z   ...
2026-09-15T14:40:31.7000416Z # Subtest: all authored campaign themes and both policies validate without mutation
2026-09-15T14:40:31.7001219Z ok 139 - all authored campaign themes and both policies validate without mutation
2026-09-15T14:40:31.7001719Z   ---
2026-09-15T14:40:31.7001962Z   duration_ms: 34.201798
2026-09-15T14:40:31.7002246Z   ...
2026-09-15T14:40:31.7002922Z # Subtest: optional class appearance bindings use free registered rigs without changing recipes or unlocks
2026-09-15T14:40:31.7003951Z ok 140 - optional class appearance bindings use free registered rigs without changing recipes or unlocks
2026-09-15T14:40:31.7004544Z   ---
2026-09-15T14:40:31.7004797Z   duration_ms: 1.064187
2026-09-15T14:40:31.7005069Z   ...
2026-09-15T14:40:31.7036302Z # Subtest: class appearance references accept future IDs and old themes, but reject unsafe or oversized maps
2026-09-15T14:40:31.7037594Z ok 141 - class appearance references accept future IDs and old themes, but reject unsafe or oversized maps
2026-09-15T14:40:31.7038205Z   ---
2026-09-15T14:40:31.7038492Z   duration_ms: 0.864976
2026-09-15T14:40:31.7038771Z   ...
2026-09-15T14:40:31.7039447Z # Subtest: class appearance maps survive pack preparation and scenario resolution as presentation only
2026-09-15T14:40:31.7040439Z ok 142 - class appearance maps survive pack preparation and scenario resolution as presentation only
2026-09-15T14:40:31.7041012Z   ---
2026-09-15T14:40:31.7041270Z   duration_ms: 8.113482
2026-09-15T14:40:31.7041550Z   ...
2026-09-15T14:40:31.7042205Z # Subtest: optional presentation accepts the three explicit styles and rejects partial/unknown fields
2026-09-15T14:40:31.7043205Z ok 143 - optional presentation accepts the three explicit styles and rejects partial/unknown fields
2026-09-15T14:40:31.7043783Z   ---
2026-09-15T14:40:31.7044025Z   duration_ms: 3.824375
2026-09-15T14:40:31.7044302Z   ...
2026-09-15T14:40:31.7044770Z # Subtest: unknown configuration keys are rejected at their actual scope
2026-09-15T14:40:31.7045927Z ok 144 - unknown configuration keys are rejected at their actual scope
2026-09-15T14:40:31.7046410Z   ---
2026-09-15T14:40:31.7046660Z   duration_ms: 4.082195
2026-09-15T14:40:31.7046917Z   ...
2026-09-15T14:40:31.7047499Z # Subtest: theme identifiers, labels, colors and display strings must be useful bounded text
2026-09-15T14:40:31.7048333Z ok 145 - theme identifiers, labels, colors and display strings must be useful bounded text
2026-09-15T14:40:31.7048848Z   ---
2026-09-15T14:40:31.7049085Z   duration_ms: 2.647357
2026-09-15T14:40:31.7049353Z   ...
2026-09-15T14:40:31.7049873Z # Subtest: dangerous keys are rejected recursively including permitted level metadata
2026-09-15T14:40:31.7050645Z ok 146 - dangerous keys are rejected recursively including permitted level metadata
2026-09-15T14:40:31.7051142Z   ---
2026-09-15T14:40:31.7051385Z   duration_ms: 0.775021
2026-09-15T14:40:31.7051643Z   ...
2026-09-15T14:40:31.7052202Z # Subtest: cycles, accessors and non-JSON values reject without evaluating user getters
2026-09-15T14:40:31.7053037Z ok 147 - cycles, accessors and non-JSON values reject without evaluating user getters
2026-09-15T14:40:31.7066273Z   ---
2026-09-15T14:40:31.7066537Z   duration_ms: 1.977356
2026-09-15T14:40:31.7066808Z   ...
2026-09-15T14:40:31.7067378Z # Subtest: oversized collections and deeply nested metadata are bounded before kernel work
2026-09-15T14:40:31.7068270Z ok 148 - oversized collections and deeply nested metadata are bounded before kernel work
2026-09-15T14:40:31.7068810Z   ---
2026-09-15T14:40:31.7069056Z   duration_ms: 0.982073
2026-09-15T14:40:31.7069334Z   ...
2026-09-15T14:40:31.7069969Z # Subtest: sparse, decorated and altered-prototype arrays reject before their methods can be used
2026-09-15T14:40:31.7070922Z ok 149 - sparse, decorated and altered-prototype arrays reject before their methods can be used
2026-09-15T14:40:31.7071708Z   ---
2026-09-15T14:40:31.7071959Z   duration_ms: 1.166211
2026-09-15T14:40:31.7072230Z   ...
2026-09-15T14:40:31.7072921Z # Subtest: class recipe fallback uses an explicitly supplied default registry; malformed entries do not throw
2026-09-15T14:40:31.7073959Z ok 150 - class recipe fallback uses an explicitly supplied default registry; malformed entries do not throw
2026-09-15T14:40:31.7074562Z   ---
2026-09-15T14:40:31.7074794Z   duration_ms: 2.20479
2026-09-15T14:40:31.7075042Z   ...
2026-09-15T14:40:31.7085694Z # Subtest: scenario settings and level display metadata are bounded
2026-09-15T14:40:31.7086453Z ok 151 - scenario settings and level display metadata are bounded
2026-09-15T14:40:31.7086892Z   ---
2026-09-15T14:40:31.7087145Z   duration_ms: 3.809813
2026-09-15T14:40:31.7087417Z   ...
2026-09-15T14:40:31.7088065Z # Subtest: supported provenance metadata is text only and source URL never accepts executable schemes
2026-09-15T14:40:31.7089057Z ok 152 - supported provenance metadata is text only and source URL never accepts executable schemes
2026-09-15T14:40:31.7089623Z   ---
2026-09-15T14:40:31.7089865Z   duration_ms: 1.306483
2026-09-15T14:40:31.7090144Z   ...
2026-09-15T14:40:31.7090749Z # Subtest: real PNG plus JPEG/WebP header fixtures expose dimensions before browser allocation
2026-09-15T14:40:31.7091654Z ok 153 - real PNG plus JPEG/WebP header fixtures expose dimensions before browser allocation
2026-09-15T14:40:31.7092204Z   ---
2026-09-15T14:40:31.7092448Z   duration_ms: 4.35041
2026-09-15T14:40:31.7092714Z   ...
2026-09-15T14:40:31.7093372Z # Subtest: SVG, scripts, remote media, mislabeled bytes and malformed base64 cannot become visual bindings
2026-09-15T14:40:31.7094384Z ok 154 - SVG, scripts, remote media, mislabeled bytes and malformed base64 cannot become visual bindings
2026-09-15T14:40:31.7094962Z   ---
2026-09-15T14:40:31.7095194Z   duration_ms: 0.367696
2026-09-15T14:40:31.7095581Z   ...
2026-09-15T14:40:31.7126350Z # Subtest: individual and combined decoded pixel budgets reject compressed dimensions before decode
2026-09-15T14:40:31.7127284Z ok 155 - individual and combined decoded pixel budgets reject compressed dimensions before decode
2026-09-15T14:40:31.7127810Z   ---
2026-09-15T14:40:31.7128311Z   duration_ms: 1.222396
2026-09-15T14:40:31.7128574Z   ...
2026-09-15T14:40:31.7129071Z # Subtest: encoded and original-byte budgets are enforced before media parsing
2026-09-15T14:40:31.7129780Z ok 156 - encoded and original-byte budgets are enforced before media parsing
2026-09-15T14:40:31.7130240Z   ---
2026-09-15T14:40:31.7130476Z   duration_ms: 11.067563
2026-09-15T14:40:31.7130739Z   ...
2026-09-15T14:40:31.7131324Z # Subtest: animated and truncated containers reject rather than silently changing static visual roles
2026-09-15T14:40:31.7132249Z ok 157 - animated and truncated containers reject rather than silently changing static visual roles
2026-09-15T14:40:31.7132808Z   ---
2026-09-15T14:40:31.7133044Z   duration_ms: 0.736402
2026-09-15T14:40:31.7133284Z   ...
2026-09-15T14:40:31.7133852Z # Subtest: player override warns about retained rig anchors without changing physics or bytes
2026-09-15T14:40:31.7134702Z ok 158 - player override warns about retained rig anchors without changing physics or bytes
2026-09-15T14:40:31.7135210Z   ---
2026-09-15T14:40:31.7135437Z   duration_ms: 0.892157
2026-09-15T14:40:31.7135971Z   ...
2026-09-15T14:40:31.7136521Z # Subtest: optional procedural music remains data-only and exact through scenario validation
2026-09-15T14:40:31.7137354Z ok 159 - optional procedural music remains data-only and exact through scenario validation
2026-09-15T14:40:31.7137854Z   ---
2026-09-15T14:40:31.7138108Z   duration_ms: 2.086651
2026-09-15T14:40:31.7138365Z   ...
2026-09-15T14:40:31.7139024Z # Subtest: actual box intersections detect oversized children independently from their declared grid tracks
2026-09-15T14:40:31.7140032Z ok 160 - actual box intersections detect oversized children independently from their declared grid tracks
2026-09-15T14:40:31.7140772Z   ---
2026-09-15T14:40:31.7141010Z   duration_ms: 3.797705
2026-09-15T14:40:31.7141275Z   ...
2026-09-15T14:40:31.7141925Z # Subtest: edge touching is not overlap; hidden boxes are omitted and disabled boxes remain explicitly labeled
2026-09-15T14:40:31.7142903Z ok 161 - edge touching is not overlap; hidden boxes are omitted and disabled boxes remain explicitly labeled
2026-09-15T14:40:31.7143473Z   ---
2026-09-15T14:40:31.7143707Z   duration_ms: 1.492434
2026-09-15T14:40:31.7143963Z   ...
2026-09-15T14:40:31.7144570Z # Subtest: child CSS coordinates and actual media remain distinct from requested viewport and outer scale
2026-09-15T14:40:31.7145702Z ok 162 - child CSS coordinates and actual media remain distinct from requested viewport and outer scale
2026-09-15T14:40:31.7146269Z   ---
2026-09-15T14:40:31.7146506Z   duration_ms: 0.844876
2026-09-15T14:40:31.7146777Z   ...
2026-09-15T14:40:31.7147471Z # Subtest: arena overlap and approximate content overflow are reported without inventing hit testing or mutating DOM
2026-09-15T14:40:31.7148547Z ok 163 - arena overlap and approximate content overflow are reported without inventing hit testing or mutating DOM
2026-09-15T14:40:31.7149142Z   ---
2026-09-15T14:40:31.7149384Z   duration_ms: 0.811084
2026-09-15T14:40:31.7149641Z   ...
2026-09-15T14:40:31.7150232Z # Subtest: missing or malformed geometry is bounded and never reports Infinity as a measured size
2026-09-15T14:40:31.7151121Z ok 164 - missing or malformed geometry is bounded and never reports Infinity as a measured size
2026-09-15T14:40:31.7151666Z   ---
2026-09-15T14:40:31.7151895Z   duration_ms: 1.530801
2026-09-15T14:40:31.7152156Z   ...
2026-09-15T14:40:31.7152753Z # Subtest: mode selection reports the actual merged preference rather than an uncommitted request
2026-09-15T14:40:31.7153648Z ok 165 - mode selection reports the actual merged preference rather than an uncommitted request
2026-09-15T14:40:31.7154177Z   ---
2026-09-15T14:40:31.7154403Z   duration_ms: 2.983816
2026-09-15T14:40:31.7154664Z   ...
2026-09-15T14:40:31.7155287Z # Subtest: session-only adoption remains usable and cannot inherit a previous successful save message
2026-09-15T14:40:31.7166949Z ok 166 - session-only adoption remains usable and cannot inherit a previous successful save message
2026-09-15T14:40:31.7167572Z   ---
2026-09-15T14:40:31.7167830Z   duration_ms: 1.619346
2026-09-15T14:40:31.7168113Z   ...
2026-09-15T14:40:31.7168701Z # Subtest: a malformed native candidate cannot call adoption or change the accepted mode
2026-09-15T14:40:31.7169579Z ok 167 - a malformed native candidate cannot call adoption or change the accepted mode
2026-09-15T14:40:31.7170105Z   ---
2026-09-15T14:40:31.7170337Z   duration_ms: 0.558504
2026-09-15T14:40:31.7170596Z   ...
2026-09-15T14:40:31.7171185Z # Subtest: profile replacement refreshes the displayed mode without another persistence write
2026-09-15T14:40:31.7172097Z ok 168 - profile replacement refreshes the displayed mode without another persistence write
2026-09-15T14:40:31.7172642Z   ---
2026-09-15T14:40:31.7172879Z   duration_ms: 0.342928
2026-09-15T14:40:31.7173157Z   ...
2026-09-15T14:40:31.7173629Z # Subtest: a destroyed settings surface cannot adopt a late native change
2026-09-15T14:40:31.7174325Z ok 169 - a destroyed settings surface cannot adopt a late native change
2026-09-15T14:40:31.7174779Z   ---
2026-09-15T14:40:31.7175015Z   duration_ms: 0.39032
2026-09-15T14:40:31.7175279Z   ...
2026-09-15T14:40:31.7176023Z # Subtest: controller cue announces transitions and remaps once while repeated frames stay quiet
2026-09-15T14:40:31.7176933Z ok 170 - controller cue announces transitions and remaps once while repeated frames stay quiet
2026-09-15T14:40:31.7177478Z   ---
2026-09-15T14:40:31.7177728Z   duration_ms: 0.711935
2026-09-15T14:40:31.7178009Z   ...
2026-09-15T14:40:31.7178594Z # Subtest: unavailable Boost shows status without offering a button owned by another context
2026-09-15T14:40:31.7179662Z ok 171 - unavailable Boost shows status without offering a button owned by another context
2026-09-15T14:40:31.7180220Z   ---
2026-09-15T14:40:31.7180469Z   duration_ms: 0.341245
2026-09-15T14:40:31.7180739Z   ...
2026-09-15T14:40:31.7181391Z # Subtest: only omitted controller preferences migrate to null without changing source bytes or awards
2026-09-15T14:40:31.7182340Z ok 172 - only omitted controller preferences migrate to null without changing source bytes or awards
2026-09-15T14:40:31.7182920Z   ---
2026-09-15T14:40:31.7183179Z   duration_ms: 87.062534
2026-09-15T14:40:31.7183456Z   ...
2026-09-15T14:40:31.7184085Z # Subtest: explicit remaps and null resets survive owned preference, export and storage roundtrips
2026-09-15T14:40:31.7185041Z ok 173 - explicit remaps and null resets survive owned preference, export and storage roundtrips
2026-09-15T14:40:31.7205951Z   ---
2026-09-15T14:40:31.7206233Z   duration_ms: 66.597008
2026-09-15T14:40:31.7206542Z   ...
2026-09-15T14:40:31.7207237Z # Subtest: malformed or unknown controller configurations reject before any profile or recovery writes
2026-09-15T14:40:31.7208287Z ok 174 - malformed or unknown controller configurations reject before any profile or recovery writes
2026-09-15T14:40:31.7208905Z   ---
2026-09-15T14:40:31.7209153Z   duration_ms: 91.13306
2026-09-15T14:40:31.7209418Z   ...
2026-09-15T14:40:31.7209966Z # Subtest: controller preference accessors are rejected without invocation or writes
2026-09-15T14:40:31.7210801Z ok 175 - controller preference accessors are rejected without invocation or writes
2026-09-15T14:40:31.7211316Z   ---
2026-09-15T14:40:31.7211567Z   duration_ms: 1.257669
2026-09-15T14:40:31.7211849Z   ...
2026-09-15T14:40:31.7212553Z # Subtest: canonical equality preserves remote remaps and applies deliberate config changes as one preference
2026-09-15T14:40:31.7213641Z ok 176 - canonical equality preserves remote remaps and applies deliberate config changes as one preference
2026-09-15T14:40:31.7214276Z   ---
2026-09-15T14:40:31.7214535Z   duration_ms: 39.216931
2026-09-15T14:40:31.7214810Z   ...
2026-09-15T14:40:31.7216614Z # Subtest: storage merge preserves another writer’s complete remap during an unrelated stale preference edit
2026-09-15T14:40:31.7218115Z ok 177 - storage merge preserves another writer’s complete remap during an unrelated stale preference edit
2026-09-15T14:40:31.7218826Z   ---
2026-09-15T14:40:31.7219083Z   duration_ms: 27.685518
2026-09-15T14:40:31.7219383Z   ...
2026-09-15T14:40:31.7220123Z # Subtest: complete backup migrates omitted controller preferences without changing content or suspended flight
2026-09-15T14:40:31.7236323Z ok 178 - complete backup migrates omitted controller preferences without changing content or suspended flight
2026-09-15T14:40:31.7237004Z   ---
2026-09-15T14:40:31.7237272Z   duration_ms: 165.308954
2026-09-15T14:40:31.7237565Z   ...
2026-09-15T14:40:31.7238295Z # Subtest: complete backup preserves configured controller preferences without changing content or suspended flight
2026-09-15T14:40:31.7239445Z ok 179 - complete backup preserves configured controller preferences without changing content or suspended flight
2026-09-15T14:40:31.7240081Z   ---
2026-09-15T14:40:31.7240345Z   duration_ms: 144.71246
2026-09-15T14:40:31.7240621Z   ...
2026-09-15T14:40:31.7241176Z # Subtest: invalid backup preferences reject before content decode or caller adoption
2026-09-15T14:40:31.7241998Z ok 180 - invalid backup preferences reject before content decode or caller adoption
2026-09-15T14:40:31.7242498Z   ---
2026-09-15T14:40:31.7242745Z   duration_ms: 40.777078
2026-09-15T14:40:31.7243020Z   ...
2026-09-15T14:40:31.7243817Z # Subtest: previous-release copy migrates omitted controller settings while leaving source profile, assets and session untouched
2026-09-15T14:40:31.7245047Z ok 181 - previous-release copy migrates omitted controller settings while leaving source profile, assets and session untouched
2026-09-15T14:40:31.7256144Z   ---
2026-09-15T14:40:31.7256433Z   duration_ms: 59.530828
2026-09-15T14:40:31.7257150Z   ...
2026-09-15T14:40:31.7257925Z # Subtest: previous-release copy validates explicit controller settings while leaving source profile, assets and session untouched
2026-09-15T14:40:31.7259155Z ok 182 - previous-release copy validates explicit controller settings while leaving source profile, assets and session untouched
2026-09-15T14:40:31.7259800Z   ---
2026-09-15T14:40:31.7260023Z   duration_ms: 50.515343
2026-09-15T14:40:31.7260282Z   ...
2026-09-15T14:40:31.7260879Z # Subtest: joining needs an observed neutral then a deliberate button; join never activates UI or flight
2026-09-15T14:40:31.7261760Z ok 183 - joining needs an observed neutral then a deliberate button; join never activates UI or flight
2026-09-15T14:40:31.7262289Z   ---
2026-09-15T14:40:31.7262509Z   duration_ms: 4.196697
2026-09-15T14:40:31.7262750Z   ...
2026-09-15T14:40:31.7263327Z # Subtest: one sample reads hardware once, uses the latest object, and never retains mutable snapshots
2026-09-15T14:40:31.7264200Z ok 184 - one sample reads hardware once, uses the latest object, and never retains mutable snapshots
2026-09-15T14:40:31.7264703Z   ---
2026-09-15T14:40:31.7264937Z   duration_ms: 0.718685
2026-09-15T14:40:31.7265175Z   ...
2026-09-15T14:40:31.7265838Z # Subtest: only exact flight scope emits held gameplay actions; other scopes emit UI edges
2026-09-15T14:40:31.7266614Z ok 185 - only exact flight scope emits held gameplay actions; other scopes emit UI edges
2026-09-15T14:40:31.7267097Z   ---
2026-09-15T14:40:31.7267318Z   duration_ms: 2.387265
2026-09-15T14:40:31.7267562Z   ...
2026-09-15T14:40:31.7296490Z # Subtest: scope changes and clear suppress held directions/buttons until a neutral sample
2026-09-15T14:40:31.7297352Z ok 186 - scope changes and clear suppress held directions/buttons until a neutral sample
2026-09-15T14:40:31.7297862Z   ---
2026-09-15T14:40:31.7298115Z   duration_ms: 0.562389
2026-09-15T14:40:31.7298384Z   ...
2026-09-15T14:40:31.7298985Z # Subtest: special flight buttons are single actions with priority and cannot leak held equipment
2026-09-15T14:40:31.7299925Z ok 187 - special flight buttons are single actions with priority and cannot leak held equipment
2026-09-15T14:40:31.7300456Z   ---
2026-09-15T14:40:31.7300694Z   duration_ms: 0.907371
2026-09-15T14:40:31.7300968Z   ...
2026-09-15T14:40:31.7301807Z # Subtest: UI activation/back/menu never repeat and suppress same-sample direction changes
2026-09-15T14:40:31.7302766Z ok 188 - UI activation/back/menu never repeat and suppress same-sample direction changes
2026-09-15T14:40:31.7303536Z   ---
2026-09-15T14:40:31.7303975Z   duration_ms: 0.481987
2026-09-15T14:40:31.7304402Z   ...
2026-09-15T14:40:31.7305186Z # Subtest: UI repeat uses elapsed time, resets on reversal, and produces no catch-up burst
2026-09-15T14:40:31.7306424Z ok 189 - UI repeat uses elapsed time, resets on reversal, and produces no catch-up burst
2026-09-15T14:40:31.7346088Z   ---
2026-09-15T14:40:31.7346389Z   duration_ms: 0.509369
2026-09-15T14:40:31.7346690Z   ...
2026-09-15T14:40:31.7347247Z # Subtest: direction repeat remains bounded at slow and fast sampling rates
2026-09-15T14:40:31.7348006Z ok 190 - direction repeat remains bounded at slow and fast sampling rates
2026-09-15T14:40:31.7348480Z   ---
2026-09-15T14:40:31.7348741Z   duration_ms: 6.401928
2026-09-15T14:40:31.7349028Z   ...
2026-09-15T14:40:31.7349572Z # Subtest: finite axes, threshold and digital priority yield reliable cardinal input
2026-09-15T14:40:31.7350394Z ok 191 - finite axes, threshold and digital priority yield reliable cardinal input
2026-09-15T14:40:31.7350909Z   ---
2026-09-15T14:40:31.7351156Z   duration_ms: 0.657763
2026-09-15T14:40:31.7351434Z   ...
2026-09-15T14:40:31.7352084Z # Subtest: assignment follows the deliberate joining pad and ignores later lower-index arrivals
2026-09-15T14:40:31.7353029Z ok 192 - assignment follows the deliberate joining pad and ignores later lower-index arrivals
2026-09-15T14:40:31.7353577Z   ---
2026-09-15T14:40:31.7353834Z   duration_ms: 0.46343
2026-09-15T14:40:31.7354424Z   ...
2026-09-15T14:40:31.7355026Z # Subtest: selected pad loss pauses ownership even while another pad remains; rejoin is explicit
2026-09-15T14:40:31.7356285Z ok 193 - selected pad loss pauses ownership even while another pad remains; rejoin is explicit
2026-09-15T14:40:31.7356836Z   ---
2026-09-15T14:40:31.7357093Z   duration_ms: 0.459153
2026-09-15T14:40:31.7357379Z   ...
2026-09-15T14:40:31.7357984Z # Subtest: descriptor replacement and same-model explicit disconnect invalidate a reused slot
2026-09-15T14:40:31.7358899Z ok 194 - descriptor replacement and same-model explicit disconnect invalidate a reused slot
2026-09-15T14:40:31.7359476Z   ---
2026-09-15T14:40:31.7359717Z   duration_ms: 0.501628
2026-09-15T14:40:31.7360011Z   ...
2026-09-15T14:40:31.7360563Z # Subtest: disconnecting an unassigned second pad never disrupts the assigned controller
2026-09-15T14:40:31.7361455Z ok 195 - disconnecting an unassigned second pad never disrupts the assigned controller
2026-09-15T14:40:31.7361978Z   ---
2026-09-15T14:40:31.7362250Z   duration_ms: 0.340354
2026-09-15T14:40:31.7362548Z   ...
2026-09-15T14:40:31.7363194Z # Subtest: API denial clears assignment once and distinguishes unsupported from absent controllers
2026-09-15T14:40:31.7364139Z ok 196 - API denial clears assignment once and distinguishes unsupported from absent controllers
2026-09-15T14:40:31.7364707Z   ---
2026-09-15T14:40:31.7364948Z   duration_ms: 1.521087
2026-09-15T14:40:31.7365213Z   ...
2026-09-15T14:40:31.7366035Z # Subtest: invalidate requires rejoin; destroyed router removes its listener and performs no more reads
2026-09-15T14:40:31.7367043Z ok 197 - invalidate requires rejoin; destroyed router removes its listener and performs no more reads
2026-09-15T14:40:31.7367641Z   ---
2026-09-15T14:40:31.7367893Z   duration_ms: 0.458292
2026-09-15T14:40:31.7368177Z   ...
2026-09-15T14:40:31.7368797Z # Subtest: invalid configuration rejects and malformed clocks never cause repeating activations
2026-09-15T14:40:31.7369738Z ok 198 - invalid configuration rejects and malformed clocks never cause repeating activations
2026-09-15T14:40:31.7370314Z   ---
2026-09-15T14:40:31.7370560Z   duration_ms: 0.750173
2026-09-15T14:40:31.7370835Z   ...
2026-09-15T14:40:31.7371656Z # Subtest: solo auto-join accepts the first action after neutral without consuming a join press
2026-09-15T14:40:31.7372562Z ok 199 - solo auto-join accepts the first action after neutral without consuming a join press
2026-09-15T14:40:31.7373098Z   ---
2026-09-15T14:40:31.7373357Z   duration_ms: 0.558423
2026-09-15T14:40:31.7395988Z   ...
2026-09-15T14:40:31.7396657Z # Subtest: solo cannot start from held discovery input, scope changes, or a reconnected controller
2026-09-15T14:40:31.7397621Z ok 200 - solo cannot start from held discovery input, scope changes, or a reconnected controller
2026-09-15T14:40:31.7398164Z   ---
2026-09-15T14:40:31.7398418Z   duration_ms: 1.155354
2026-09-15T14:40:31.7398693Z   ...
2026-09-15T14:40:31.7399775Z # Subtest: Xbox Wireless Controller: both sticks, all D-pad directions, face actions and pause use standard physical positions
2026-09-15T14:40:31.7401171Z ok 201 - Xbox Wireless Controller: both sticks, all D-pad directions, face actions and pause use standard physical positions
2026-09-15T14:40:31.7401837Z   ---
2026-09-15T14:40:31.7402101Z   duration_ms: 1.772457
2026-09-15T14:40:31.7402377Z   ...
2026-09-15T14:40:31.7403349Z # Subtest: DualSense Wireless Controller: both sticks, all D-pad directions, face actions and pause use standard physical positions
2026-09-15T14:40:31.7404602Z ok 202 - DualSense Wireless Controller: both sticks, all D-pad directions, face actions and pause use standard physical positions
2026-09-15T14:40:31.7405323Z   ---
2026-09-15T14:40:31.7405701Z   duration_ms: 0.818816
2026-09-15T14:40:31.7405961Z   ...
2026-09-15T14:40:31.7406693Z # Subtest: DualShock 4: both sticks, all D-pad directions, face actions and pause use standard physical positions
2026-09-15T14:40:31.7407767Z ok 203 - DualShock 4: both sticks, all D-pad directions, face actions and pause use standard physical positions
2026-09-15T14:40:31.7408677Z   ---
2026-09-15T14:40:31.7408933Z   duration_ms: 1.896123
2026-09-15T14:40:31.7409205Z   ...
2026-09-15T14:40:31.7410012Z # Subtest: Steam Deck (standard gamepad): both sticks, all D-pad directions, face actions and pause use standard physical positions
2026-09-15T14:40:31.7411230Z ok 204 - Steam Deck (standard gamepad): both sticks, all D-pad directions, face actions and pause use standard physical positions
2026-09-15T14:40:31.7411882Z   ---
2026-09-15T14:40:31.7412129Z   duration_ms: 0.513054
2026-09-15T14:40:31.7412401Z   ...
2026-09-15T14:40:31.7413121Z # Subtest: Generic USB Gamepad: both sticks, all D-pad directions, face actions and pause use standard physical positions
2026-09-15T14:40:31.7414240Z ok 205 - Generic USB Gamepad: both sticks, all D-pad directions, face actions and pause use standard physical positions
2026-09-15T14:40:31.7414889Z   ---
2026-09-15T14:40:31.7415122Z   duration_ms: 0.592124
2026-09-15T14:40:31.7415401Z   ...
2026-09-15T14:40:31.7416070Z # Subtest: menu face aliases and shoulders/triggers work with edge detection and repeat
2026-09-15T14:40:31.7416895Z ok 206 - menu face aliases and shoulders/triggers work with edge detection and repeat
2026-09-15T14:40:31.7417394Z   ---
2026-09-15T14:40:31.7417656Z   duration_ms: 0.766568
2026-09-15T14:40:31.7417929Z   ...
2026-09-15T14:40:31.7418568Z # Subtest: saved defaults and label/dead-zone choices keep both sticks; explicit remaps take priority
2026-09-15T14:40:31.7419580Z ok 207 - saved defaults and label/dead-zone choices keep both sticks; explicit remaps take priority
2026-09-15T14:40:31.7420173Z   ---
2026-09-15T14:40:31.7420420Z   duration_ms: 2.012148
2026-09-15T14:40:31.7420711Z   ...
2026-09-15T14:40:31.7421267Z # Subtest: two-percent recharge counts cumulative unique territory at the exact boundary
2026-09-15T14:40:31.7422116Z ok 208 - two-percent recharge counts cumulative unique territory at the exact boundary
2026-09-15T14:40:31.7422655Z   ---
2026-09-15T14:40:31.7422907Z   duration_ms: 13.971668
2026-09-15T14:40:31.7423155Z   ...
2026-09-15T14:40:31.7423771Z # Subtest: ordinary-cover comparison preserves time-based recharge without territory acceleration
2026-09-15T14:40:31.7424951Z ok 209 - ordinary-cover comparison preserves time-based recharge without territory acceleration
2026-09-15T14:40:31.7455781Z   ---
2026-09-15T14:40:31.7456154Z   duration_ms: 6.762332
2026-09-15T14:40:31.7456459Z   ...
2026-09-15T14:40:31.7457056Z # Subtest: a large capture refills at most one Support charge and cannot store excess credits
2026-09-15T14:40:31.7457918Z ok 210 - a large capture refills at most one Support charge and cannot store excess credits
2026-09-15T14:40:31.7458430Z   ---
2026-09-15T14:40:31.7458665Z   duration_ms: 7.815963
2026-09-15T14:40:31.7458945Z   ...
2026-09-15T14:40:31.7459546Z # Subtest: holding Support never stores or spends extra charges after its eight-second refill
2026-09-15T14:40:31.7460482Z ok 211 - holding Support never stores or spends extra charges after its eight-second refill
2026-09-15T14:40:31.7461043Z   ---
2026-09-15T14:40:31.7461304Z   duration_ms: 47.852832
2026-09-15T14:40:31.7461605Z   ...
2026-09-15T14:40:31.7462176Z # Subtest: overlapping Support pulses neither multiply slow nor extend its original deadline
2026-09-15T14:40:31.7463045Z ok 212 - overlapping Support pulses neither multiply slow nor extend its original deadline
2026-09-15T14:40:31.7463596Z   ---
2026-09-15T14:40:31.7463837Z   duration_ms: 5.111058
2026-09-15T14:40:31.7464089Z   ...
2026-09-15T14:40:31.7464739Z # Subtest: Support credits actual slowing rather than stationary enemies that only receive a slow marker
2026-09-15T14:40:31.7465898Z ok 213 - Support credits actual slowing rather than stationary enemies that only receive a slow marker
2026-09-15T14:40:31.7466466Z   ---
2026-09-15T14:40:31.7466707Z   duration_ms: 1.340714
2026-09-15T14:40:31.7466954Z   ...
2026-09-15T14:40:31.7467422Z # Subtest: pause freezes Support cooldown, slow duration, and rescue progress
2026-09-15T14:40:31.7469369Z ok 214 - pause freezes Support cooldown, slow duration, and rescue progress
2026-09-15T14:40:31.7470319Z   ---
2026-09-15T14:40:31.7470685Z   duration_ms: 5.876705
2026-09-15T14:40:31.7470955Z   ...
2026-09-15T14:40:31.7472567Z # Subtest: one-second safe Support rescue takes precedence over a ready pulse and preserves both charges
2026-09-15T14:40:31.7475258Z ok 215 - one-second safe Support rescue takes precedence over a ready pulse and preserves both charges
2026-09-15T14:40:31.7475974Z   ---
2026-09-15T14:40:31.7476232Z   duration_ms: 5.375528
2026-09-15T14:40:31.7476508Z   ...
2026-09-15T14:40:31.7477055Z # Subtest: moving away cancels a partial rescue instead of saving its previous progress
2026-09-15T14:40:31.7477876Z ok 216 - moving away cancels a partial rescue instead of saving its previous progress
2026-09-15T14:40:31.7478372Z   ---
2026-09-15T14:40:31.7478615Z   duration_ms: 14.95906
2026-09-15T14:40:31.7478882Z   ...
2026-09-15T14:40:31.7479399Z # Subtest: a fresh same-direction steering gesture cancels a held rescue channel
2026-09-15T14:40:31.7480143Z ok 217 - a fresh same-direction steering gesture cancels a held rescue channel
2026-09-15T14:40:31.7480616Z   ---
2026-09-15T14:40:31.7480862Z   duration_ms: 8.605134
2026-09-15T14:40:31.7481126Z   ...
2026-09-15T14:40:31.7481713Z # Subtest: capture rescue counts two percent since this knockdown, rather than old team progress
2026-09-15T14:40:31.7482614Z ok 218 - capture rescue counts two percent since this knockdown, rather than old team progress
2026-09-15T14:40:31.7483143Z   ---
2026-09-15T14:40:31.7483385Z   duration_ms: 5.464442
2026-09-15T14:40:31.7483659Z   ...
2026-09-15T14:40:31.7484226Z # Subtest: downed players crawl only on safe ground and rescue at their current crawl location
2026-09-15T14:40:31.7485084Z ok 219 - downed players crawl only on safe ground and rescue at their current crawl location
2026-09-15T14:40:31.7496033Z   ---
2026-09-15T14:40:31.7496299Z   duration_ms: 18.582551
2026-09-15T14:40:31.7496591Z   ...
2026-09-15T14:40:31.7497161Z # Subtest: recovery grace ends when the revived player deliberately begins a new exposed cut
2026-09-15T14:40:31.7497988Z ok 220 - recovery grace ends when the revived player deliberately begins a new exposed cut
2026-09-15T14:40:31.7498491Z   ---
2026-09-15T14:40:31.7498972Z   duration_ms: 4.329377
2026-09-15T14:40:31.7499248Z   ...
2026-09-15T14:40:31.7499707Z # Subtest: a captured required anchor does grant a below-threshold rescue
2026-09-15T14:40:31.7500363Z ok 221 - a captured required anchor does grant a below-threshold rescue
2026-09-15T14:40:31.7500808Z   ---
2026-09-15T14:40:31.7501050Z   duration_ms: 4.638585
2026-09-15T14:40:31.7501315Z   ...
2026-09-15T14:40:31.7501803Z # Subtest: a captured optional anchor does not grant a below-threshold rescue
2026-09-15T14:40:31.7502493Z ok 222 - a captured optional anchor does not grant a below-threshold rescue
2026-09-15T14:40:31.7502922Z   ---
2026-09-15T14:40:31.7503153Z   duration_ms: 3.494697
2026-09-15T14:40:31.7503424Z   ...
2026-09-15T14:40:31.7503995Z # Subtest: ordinary-cover comparison retains held rescue but disables capture-based free revival
2026-09-15T14:40:31.7504863Z ok 223 - ordinary-cover comparison retains held rescue but disables capture-based free revival
2026-09-15T14:40:31.7505429Z   ---
2026-09-15T14:40:31.7505816Z   duration_ms: 7.657884
2026-09-15T14:40:31.7506103Z   ...
2026-09-15T14:40:31.7506711Z # Subtest: a single timeout spends one reserve and preserves the survivor and both ability states
2026-09-15T14:40:31.7507638Z ok 224 - a single timeout spends one reserve and preserves the survivor and both ability states
2026-09-15T14:40:31.7508188Z   ---
2026-09-15T14:40:31.7508445Z   duration_ms: 135.525978
2026-09-15T14:40:31.7508727Z   ...
2026-09-15T14:40:31.7509282Z # Subtest: zero reserves preserve the free-rescue opportunity after the timeout expires
2026-09-15T14:40:31.7510121Z ok 225 - zero reserves preserve the free-rescue opportunity after the timeout expires
2026-09-15T14:40:31.7510817Z   ---
2026-09-15T14:40:31.7511060Z   duration_ms: 40.859913
2026-09-15T14:40:31.7511451Z   ...
2026-09-15T14:40:31.7512120Z # Subtest: both-down redeployment costs one reserve, uses authored spawns, and preserves ability cooldowns
2026-09-15T14:40:31.7513119Z ok 226 - both-down redeployment costs one reserve, uses authored spawns, and preserves ability cooldowns
2026-09-15T14:40:31.7513701Z   ---
2026-09-15T14:40:31.7513953Z   duration_ms: 1.157999
2026-09-15T14:40:31.7514222Z   ...
2026-09-15T14:40:31.7514838Z # Subtest: a winning capture on the timeout instant restores the partner before any reserve is spent
2026-09-15T14:40:31.7515968Z ok 227 - a winning capture on the timeout instant restores the partner before any reserve is spent
2026-09-15T14:40:31.7516519Z   ---
2026-09-15T14:40:31.7516757Z   duration_ms: 26.356491
2026-09-15T14:40:31.7517038Z   ...
2026-09-15T14:40:31.7517644Z # Subtest: a completed contact rescue at the timeout instant wins over the paid reserve fallback
2026-09-15T14:40:31.7518555Z ok 228 - a completed contact rescue at the timeout instant wins over the paid reserve fallback
2026-09-15T14:40:31.7519110Z   ---
2026-09-15T14:40:31.7519357Z   duration_ms: 24.386025
2026-09-15T14:40:31.7519633Z   ...
2026-09-15T14:40:31.7520300Z # Subtest: a qualifying non-winning capture at the timeout instant revives freely before reserve fallback
2026-09-15T14:40:31.7521293Z ok 229 - a qualifying non-winning capture at the timeout instant revives freely before reserve fallback
2026-09-15T14:40:31.7521868Z   ---
2026-09-15T14:40:31.7522123Z   duration_ms: 35.670115
2026-09-15T14:40:31.7522401Z   ...
2026-09-15T14:40:31.7522936Z # Subtest: meaningful cooperation credit never gates a legal small head rendezvous
2026-09-15T14:40:31.7523737Z ok 230 - meaningful cooperation credit never gates a legal small head rendezvous
2026-09-15T14:40:31.7524239Z   ---
2026-09-15T14:40:31.7524478Z   duration_ms: 14.540188
2026-09-15T14:40:31.7524750Z   ...
2026-09-15T14:40:31.7525306Z # Subtest: capturing both anchors unlocks the core only after the complete transaction
2026-09-15T14:40:31.7532812Z ok 231 - capturing both anchors unlocks the core only after the complete transaction
2026-09-15T14:40:31.7533316Z   ---
2026-09-15T14:40:31.7533574Z   duration_ms: 1.444572
2026-09-15T14:40:31.7533839Z   ...
2026-09-15T14:40:31.7534693Z # Subtest: an assisting prefix can capture the second anchor without retroactively filling the shielded core
2026-09-15T14:40:31.7535858Z ok 232 - an assisting prefix can capture the second anchor without retroactively filling the shielded core
2026-09-15T14:40:31.7536421Z   ---
2026-09-15T14:40:31.7536661Z   duration_ms: 4.014663
2026-09-15T14:40:31.7536918Z   ...
2026-09-15T14:40:31.7537518Z # Subtest: Support intercepts only travelling impacts in range and records actual protection once
2026-09-15T14:40:31.7538417Z ok 233 - Support intercepts only travelling impacts in range and records actual protection once
2026-09-15T14:40:31.7538948Z   ---
2026-09-15T14:40:31.7539189Z   duration_ms: 1.219932
2026-09-15T14:40:31.7539441Z   ...
2026-09-15T14:40:31.7540008Z # Subtest: capture discards an impact on a banked prefix and preserves one on the remaining suffix
2026-09-15T14:40:31.7540887Z ok 234 - capture discards an impact on a banked prefix and preserves one on the remaining suffix
2026-09-15T14:40:31.7541374Z   ---
2026-09-15T14:40:31.7541626Z   duration_ms: 5.550873
2026-09-15T14:40:31.7541880Z   ...
2026-09-15T14:40:31.7542456Z # Subtest: an impact launched onto a head at the rendezvous instant is resolved before the joint bank
2026-09-15T14:40:31.7543341Z ok 235 - an impact launched onto a head at the rendezvous instant is resolved before the joint bank
2026-09-15T14:40:31.7543848Z   ---
2026-09-15T14:40:31.7544077Z   duration_ms: 1.04644
2026-09-15T14:40:31.7544344Z   ...
2026-09-15T14:40:31.7544896Z # Subtest: shield break leaves its emitter active until the exposed core is actually captured
2026-09-15T14:40:31.7545833Z ok 236 - shield break leaves its emitter active until the exposed core is actually captured
2026-09-15T14:40:31.7546505Z   ---
2026-09-15T14:40:31.7546740Z   duration_ms: 15.253954
2026-09-15T14:40:31.7547007Z   ...
2026-09-15T14:40:31.7547509Z # Subtest: defeating one core removes only its emitter and owned travelling impacts
2026-09-15T14:40:31.7548270Z ok 237 - defeating one core removes only its emitter and owned travelling impacts
2026-09-15T14:40:31.7548755Z   ---
2026-09-15T14:40:31.7548986Z   duration_ms: 2.677223
2026-09-15T14:40:31.7549254Z   ...
2026-09-15T14:40:31.7549840Z # Subtest: Hunter warning locks its target point and commitment cannot retarget a closer player
2026-09-15T14:40:31.7550675Z ok 238 - Hunter warning locks its target point and commitment cannot retarget a closer player
2026-09-15T14:40:31.7551170Z   ---
2026-09-15T14:40:31.7551386Z   duration_ms: 17.6678
2026-09-15T14:40:31.7551633Z   ...
2026-09-15T14:40:31.7552215Z # Subtest: a Hunter whose warned target goes down recovers instead of changing targets or committing
2026-09-15T14:40:31.7553082Z ok 239 - a Hunter whose warned target goes down recovers instead of changing targets or committing
2026-09-15T14:40:31.7553635Z   ---
2026-09-15T14:40:31.7553883Z   duration_ms: 12.398934
2026-09-15T14:40:31.7554159Z   ...
2026-09-15T14:40:31.7554681Z # Subtest: a recovering Hunter cannot inflict an unannounced body or trail hit
2026-09-15T14:40:31.7555433Z ok 240 - a recovering Hunter cannot inflict an unannounced body or trail hit
2026-09-15T14:40:31.7588250Z   ---
2026-09-15T14:40:31.7588526Z   duration_ms: 4.192632
2026-09-15T14:40:31.7588811Z   ...
2026-09-15T14:40:31.7589310Z # Subtest: a Hunter contact at 0.004s respects its 0.005s recovery boundary
2026-09-15T14:40:31.7590023Z ok 241 - a Hunter contact at 0.004s respects its 0.005s recovery boundary
2026-09-15T14:40:31.7590492Z   ---
2026-09-15T14:40:31.7590754Z   duration_ms: 0.725726
2026-09-15T14:40:31.7591031Z   ...
2026-09-15T14:40:31.7591510Z # Subtest: a Hunter contact at 0.005s respects its 0.005s recovery boundary
2026-09-15T14:40:31.7592220Z ok 242 - a Hunter contact at 0.005s respects its 0.005s recovery boundary
2026-09-15T14:40:31.7592672Z   ---
2026-09-15T14:40:31.7592915Z   duration_ms: 0.561308
2026-09-15T14:40:31.7593190Z   ...
2026-09-15T14:40:31.7594107Z # Subtest: capturing a harmless Hunter cell defeats it without leaving an active actor or stale threat deadline
2026-09-15T14:40:31.7595166Z ok 243 - capturing a harmless Hunter cell defeats it without leaving an active actor or stale threat deadline
2026-09-15T14:40:31.7595864Z   ---
2026-09-15T14:40:31.7596102Z   duration_ms: 15.539326
2026-09-15T14:40:31.7596351Z   ...
2026-09-15T14:40:31.7597044Z # Subtest: a Hunter partially overlapped by new safe territory reflects inward commitment without entering safe cells
2026-09-15T14:40:31.7598200Z ok 244 - a Hunter partially overlapped by new safe territory reflects inward commitment without entering safe cells
2026-09-15T14:40:31.7598805Z   ---
2026-09-15T14:40:31.7599030Z   duration_ms: 7.407256
2026-09-15T14:40:31.7599288Z   ...
2026-09-15T14:40:31.7599932Z # Subtest: merely enclosing a harmless Hunter retains its field until a cut actually claims its cell
2026-09-15T14:40:31.7600911Z ok 245 - merely enclosing a harmless Hunter retains its field until a cut actually claims its cell
2026-09-15T14:40:31.7601501Z   ---
2026-09-15T14:40:31.7601747Z   duration_ms: 2.958507
2026-09-15T14:40:31.7602025Z   ...
2026-09-15T14:40:31.7602635Z # Subtest: co-op keyboard Support stays held through fixed ticks and releases independently
2026-09-15T14:40:31.7603523Z ok 246 - co-op keyboard Support stays held through fixed ticks and releases independently
2026-09-15T14:40:31.7604054Z   ---
2026-09-15T14:40:31.7604302Z   duration_ms: 27.194947
2026-09-15T14:40:31.7604594Z   ...
2026-09-15T14:40:31.7605090Z # Subtest: simultaneous touch Support remains held until each pointer ends
2026-09-15T14:40:31.7605949Z ok 247 - simultaneous touch Support remains held until each pointer ends
2026-09-15T14:40:31.7606450Z   ---
2026-09-15T14:40:31.7606697Z   duration_ms: 12.288947
2026-09-15T14:40:31.7607164Z   ...
2026-09-15T14:40:31.7607722Z # Subtest: controller Support uses the same held command semantics as keyboard and touch
2026-09-15T14:40:31.7608593Z ok 248 - controller Support uses the same held command semantics as keyboard and touch
2026-09-15T14:40:31.7609095Z   ---
2026-09-15T14:40:31.7609340Z   duration_ms: 13.290961
2026-09-15T14:40:31.7609631Z   ...
2026-09-15T14:40:31.7610195Z # Subtest: adding a touch hold to held keyboard Support never interrupts an ongoing rescue
2026-09-15T14:40:31.7611038Z ok 249 - adding a touch hold to held keyboard Support never interrupts an ongoing rescue
2026-09-15T14:40:31.7611561Z   ---
2026-09-15T14:40:31.7611805Z   duration_ms: 31.154546
2026-09-15T14:40:31.7612083Z   ...
2026-09-15T14:40:31.7612709Z # Subtest: a quick fresh Support tap is preserved across one forced neutral tick without repeating
2026-09-15T14:40:31.7613645Z ok 250 - a quick fresh Support tap is preserved across one forced neutral tick without repeating
2026-09-15T14:40:31.7614195Z   ---
2026-09-15T14:40:31.7614431Z   duration_ms: 0.360083
2026-09-15T14:40:31.7614699Z   ...
2026-09-15T14:40:31.7615099Z # Subtest: Support held across pause is not replayed on resume
2026-09-15T14:40:31.7647575Z ok 251 - Support held across pause is not replayed on resume
2026-09-15T14:40:31.7648051Z   ---
2026-09-15T14:40:31.7648308Z   duration_ms: 4.839698
2026-09-15T14:40:31.7648584Z   ...
2026-09-15T14:40:31.7649150Z # Subtest: a fresh same-direction gesture emits one steering edge for rescue cancellation
2026-09-15T14:40:31.7649996Z ok 252 - a fresh same-direction gesture emits one steering edge for rescue cancellation
2026-09-15T14:40:31.7650518Z   ---
2026-09-15T14:40:31.7650772Z   duration_ms: 1.99324
2026-09-15T14:40:31.7651040Z   ...
2026-09-15T14:40:31.7651558Z # Subtest: a fresh steering edge survives the forced neutral handoff exactly once
2026-09-15T14:40:31.7652324Z ok 253 - a fresh steering edge survives the forced neutral handoff exactly once
2026-09-15T14:40:31.7652815Z   ---
2026-09-15T14:40:31.7653053Z   duration_ms: 2.467176
2026-09-15T14:40:31.7653322Z   ...
2026-09-15T14:40:31.7653905Z # Subtest: a fresh keyboard gesture before the first resumed tick is deferred once, then moves
2026-09-15T14:40:31.7655017Z ok 254 - a fresh keyboard gesture before the first resumed tick is deferred once, then moves
2026-09-15T14:40:31.7655689Z   ---
2026-09-15T14:40:31.7655936Z   duration_ms: 1.848632
2026-09-15T14:40:31.7656196Z   ...
2026-09-15T14:40:31.7656896Z # Subtest: fresh same-direction steering immediately after a real bank resumes while the partner keeps moving
2026-09-15T14:40:31.7657997Z ok 255 - fresh same-direction steering immediately after a real bank resumes while the partner keeps moving
2026-09-15T14:40:31.7658547Z   ---
2026-09-15T14:40:31.7658765Z   duration_ms: 47.021557
2026-09-15T14:40:31.7659042Z   ...
2026-09-15T14:40:31.7659556Z # Subtest: holding a keyboard key across pause cannot masquerade as a fresh gesture
2026-09-15T14:40:31.7660359Z ok 256 - holding a keyboard key across pause cannot masquerade as a fresh gesture
2026-09-15T14:40:31.7660861Z   ---
2026-09-15T14:40:31.7661093Z   duration_ms: 2.064788
2026-09-15T14:40:31.7661362Z   ...
2026-09-15T14:40:31.7661896Z # Subtest: a fresh touch gesture before the resumed tick survives the neutral command
2026-09-15T14:40:31.7662721Z ok 257 - a fresh touch gesture before the resumed tick survives the neutral command
2026-09-15T14:40:31.7663223Z   ---
2026-09-15T14:40:31.7663463Z   duration_ms: 1.652285
2026-09-15T14:40:31.7663734Z   ...
2026-09-15T14:40:31.7664256Z # Subtest: a held touch pointer must end before it can restart motion after pause
2026-09-15T14:40:31.7664988Z ok 258 - a held touch pointer must end before it can restart motion after pause
2026-09-15T14:40:31.7665579Z   ---
2026-09-15T14:40:31.7665818Z   duration_ms: 1.829292
2026-09-15T14:40:31.7666084Z   ...
2026-09-15T14:40:31.7666711Z # Subtest: a controller direction after physical release and before the resumed tick is preserved
2026-09-15T14:40:31.7667854Z ok 259 - a controller direction after physical release and before the resumed tick is preserved
2026-09-15T14:40:31.7668385Z   ---
2026-09-15T14:40:31.7668624Z   duration_ms: 1.321235
2026-09-15T14:40:31.7668886Z   ...
2026-09-15T14:40:31.7669478Z # Subtest: resetting one controller preserves a second controller continuous direction and Boost
2026-09-15T14:40:31.7670346Z ok 260 - resetting one controller preserves a second controller continuous direction and Boost
2026-09-15T14:40:31.7670862Z   ---
2026-09-15T14:40:31.7671074Z   duration_ms: 1.354015
2026-09-15T14:40:31.7671317Z   ...
2026-09-15T14:40:31.7671897Z # Subtest: live Yard: both craft slide up along pillar tile seams after normal inward contact
2026-09-15T14:40:31.7672747Z ok 261 - live Yard: both craft slide up along pillar tile seams after normal inward contact
2026-09-15T14:40:31.7673269Z   ---
2026-09-15T14:40:31.7673520Z   duration_ms: 65.792583
2026-09-15T14:40:31.7673797Z   ...
2026-09-15T14:40:31.7674375Z # Subtest: live Yard: both craft slide down along pillar tile seams after normal inward contact
2026-09-15T14:40:31.7675286Z ok 262 - live Yard: both craft slide down along pillar tile seams after normal inward contact
2026-09-15T14:40:31.7696286Z   ---
2026-09-15T14:40:31.7696545Z   duration_ms: 56.739513
2026-09-15T14:40:31.7696835Z   ...
2026-09-15T14:40:31.7697412Z # Subtest: sliding leaves the real trail live, so reversing onto it still downs both players
2026-09-15T14:40:31.7698284Z ok 263 - sliding leaves the real trail live, so reversing onto it still downs both players
2026-09-15T14:40:31.7698806Z   ---
2026-09-15T14:40:31.7699070Z   duration_ms: 39.854155
2026-09-15T14:40:31.7699348Z   ...
2026-09-15T14:40:31.7699927Z # Subtest: a genuine diagonal corner approach still contacts the rounded boundary before crossing it
2026-09-15T14:40:31.7700831Z ok 264 - a genuine diagonal corner approach still contacts the rounded boundary before crossing it
2026-09-15T14:40:31.7701385Z   ---
2026-09-15T14:40:31.7701619Z   duration_ms: 3.848531
2026-09-15T14:40:31.7701906Z   ...
2026-09-15T14:40:31.7702392Z # Subtest: vertical tile seams permit exact tangency but block inward motion
2026-09-15T14:40:31.7703109Z ok 265 - vertical tile seams permit exact tangency but block inward motion
2026-09-15T14:40:31.7703564Z   ---
2026-09-15T14:40:31.7704034Z   duration_ms: 0.639946
2026-09-15T14:40:31.7704312Z   ...
2026-09-15T14:40:31.7704819Z # Subtest: horizontal tile seams permit exact tangency but block inward motion
2026-09-15T14:40:31.7705721Z ok 266 - horizontal tile seams permit exact tangency but block inward motion
2026-09-15T14:40:31.7706206Z   ---
2026-09-15T14:40:31.7706467Z   duration_ms: 0.246292
2026-09-15T14:40:31.7706738Z   ...
2026-09-15T14:40:31.7707420Z # Subtest: public steering can slide past a shielded core corner and bank while the core remains solid
2026-09-15T14:40:31.7708421Z ok 267 - public steering can slide past a shielded core corner and bank while the core remains solid
2026-09-15T14:40:31.7709014Z   ---
2026-09-15T14:40:31.7709290Z   duration_ms: 21.411624
2026-09-15T14:40:31.7709582Z   ...
2026-09-15T14:40:31.7710158Z # Subtest: immediate: all seven loadouts retain the original eighteen-map action-free fallback
2026-09-15T14:40:31.7711030Z ok 268 - immediate: all seven loadouts retain the original eighteen-map action-free fallback
2026-09-15T14:40:31.7711551Z   ---
2026-09-15T14:40:31.7711806Z   duration_ms: 2311.072214
2026-09-15T14:40:31.7712095Z   ...
2026-09-15T14:40:31.7712673Z # Subtest: immediate: an impact abort leaves the same attempt able to complete a legal recut
2026-09-15T14:40:31.7713510Z ok 269 - immediate: an impact abort leaves the same attempt able to complete a legal recut
2026-09-15T14:40:31.7714030Z   ---
2026-09-15T14:40:31.7714268Z   duration_ms: 21.840241
2026-09-15T14:40:31.7714540Z   ...
2026-09-15T14:40:31.7715085Z # Subtest: immediate: a stopped live cut still reaches its deadline for shield and fiber
2026-09-15T14:40:31.7716007Z ok 270 - immediate: a stopped live cut still reaches its deadline for shield and fiber
2026-09-15T14:40:31.7716700Z   ---
2026-09-15T14:40:31.7716946Z   duration_ms: 3.269507
2026-09-15T14:40:31.7717212Z   ...
2026-09-15T14:40:31.7717797Z # Subtest: grid-center: all seven loadouts retain the original eighteen-map action-free fallback
2026-09-15T14:40:31.7718701Z ok 271 - grid-center: all seven loadouts retain the original eighteen-map action-free fallback
2026-09-15T14:40:31.7719220Z   ---
2026-09-15T14:40:31.7719454Z   duration_ms: 1643.808364
2026-09-15T14:40:31.7719745Z   ...
2026-09-15T14:40:31.7720311Z # Subtest: grid-center: an impact abort leaves the same attempt able to complete a legal recut
2026-09-15T14:40:31.7721147Z ok 272 - grid-center: an impact abort leaves the same attempt able to complete a legal recut
2026-09-15T14:40:31.7721670Z   ---
2026-09-15T14:40:31.7721915Z   duration_ms: 7.598129
2026-09-15T14:40:31.7722194Z   ...
2026-09-15T14:40:31.7722733Z # Subtest: grid-center: a stopped live cut still reaches its deadline for shield and fiber
2026-09-15T14:40:31.7723553Z ok 273 - grid-center: a stopped live cut still reaches its deadline for shield and fiber
2026-09-15T14:40:31.7724035Z   ---
2026-09-15T14:40:31.7724258Z   duration_ms: 1.272582
2026-09-15T14:40:31.7724521Z   ...
2026-09-15T14:40:31.7725118Z # Subtest: every loadout preserves the distinct off-center turning behavior through portable replay
2026-09-15T14:40:31.7747023Z ok 274 - every loadout preserves the distinct off-center turning behavior through portable replay
2026-09-15T14:40:31.7747640Z   ---
2026-09-15T14:40:31.7747873Z   duration_ms: 80.670858
2026-09-15T14:40:31.7748127Z   ...
2026-09-15T14:40:31.7748670Z # Subtest: simultaneous keyboard, held touch and controllers remain scoped to their player
2026-09-15T14:40:31.7749423Z ok 275 - simultaneous keyboard, held touch and controllers remain scoped to their player
2026-09-15T14:40:31.7749870Z   ---
2026-09-15T14:40:31.7750096Z   duration_ms: 3.859118
2026-09-15T14:40:31.7750347Z   ...
2026-09-15T14:40:31.7750819Z # Subtest: Stop blocks only that player held controller and keyboard until fresh input
2026-09-15T14:40:31.7751539Z ok 276 - Stop blocks only that player held controller and keyboard until fresh input
2026-09-15T14:40:31.7751978Z   ---
2026-09-15T14:40:31.7752193Z   duration_ms: 1.017527
2026-09-15T14:40:31.7752427Z   ...
2026-09-15T14:40:31.7753306Z # Subtest: two independent direction and boost pointers release separately
2026-09-15T14:40:31.7753942Z ok 277 - two independent direction and boost pointers release separately
2026-09-15T14:40:31.7754337Z   ---
2026-09-15T14:40:31.7754565Z   duration_ms: 0.982754
2026-09-15T14:40:31.7754802Z   ...
2026-09-15T14:40:31.7755297Z # Subtest: outside pointer release also works when pointer capture is unavailable
2026-09-15T14:40:31.7756320Z ok 278 - outside pointer release also works when pointer capture is unavailable
2026-09-15T14:40:31.7756799Z   ---
2026-09-15T14:40:31.7757039Z   duration_ms: 0.765125
2026-09-15T14:40:31.7757298Z   ...
2026-09-15T14:40:31.7757891Z # Subtest: tap toggles ignore native pointer clicks, while unaccompanied assistive clicks work
2026-09-15T14:40:31.7758765Z ok 279 - tap toggles ignore native pointer clicks, while unaccompanied assistive clicks work
2026-09-15T14:40:31.7759281Z   ---
2026-09-15T14:40:31.7759531Z   duration_ms: 0.837425
2026-09-15T14:40:31.7759816Z   ...
2026-09-15T14:40:31.7760327Z # Subtest: held button keyboard activation follows hold mode, release and blur
2026-09-15T14:40:31.7761102Z ok 280 - held button keyboard activation follows hold mode, release and blur
2026-09-15T14:40:31.7761589Z   ---
2026-09-15T14:40:31.7761840Z   duration_ms: 1.366845
2026-09-15T14:40:31.7762120Z   ...
2026-09-15T14:40:31.7762649Z # Subtest: Enter repeat and native key clicks cannot toggle twice or trigger the other player
2026-09-15T14:40:31.7763508Z ok 281 - Enter repeat and native key clicks cannot toggle twice or trigger the other player
2026-09-15T14:40:31.7764038Z   ---
2026-09-15T14:40:31.7764305Z   duration_ms: 9.308297
2026-09-15T14:40:31.7764766Z   ...
2026-09-15T14:40:31.7765331Z # Subtest: queued keyboard and touch actions survive zero ticks and consume once per fixed tick
2026-09-15T14:40:31.7766384Z ok 282 - queued keyboard and touch actions survive zero ticks and consume once per fixed tick
2026-09-15T14:40:31.7766918Z   ---
2026-09-15T14:40:31.7767173Z   duration_ms: 1.662301
2026-09-15T14:40:31.7767453Z   ...
2026-09-15T14:40:31.7768084Z # Subtest: controller actions remain held for core edge detection without clearing local pending actions
2026-09-15T14:40:31.7769093Z ok 283 - controller actions remain held for core edge detection without clearing local pending actions
2026-09-15T14:40:31.7769671Z   ---
2026-09-15T14:40:31.7769923Z   duration_ms: 0.813128
2026-09-15T14:40:31.7770194Z   ...
2026-09-15T14:40:31.7770842Z # Subtest: pause button on a controller suppresses both same-sample commands until neutral after resume
2026-09-15T14:40:31.7771783Z ok 284 - pause button on a controller suppresses both same-sample commands until neutral after resume
2026-09-15T14:40:31.7772348Z   ---
2026-09-15T14:40:31.7772589Z   duration_ms: 1.848441
2026-09-15T14:40:31.7772862Z   ...
2026-09-15T14:40:31.7773458Z # Subtest: disconnect pauses both boards and a surviving controller keeps its original player slot
2026-09-15T14:40:31.7774354Z ok 285 - disconnect pauses both boards and a surviving controller keeps its original player slot
2026-09-15T14:40:31.7774896Z   ---
2026-09-15T14:40:31.7775140Z   duration_ms: 0.601478
2026-09-15T14:40:31.7775409Z   ...
2026-09-15T14:40:31.7776197Z # Subtest: blur, hidden page, pointer cancellation and unexpected capture loss pause and clear both players
2026-09-15T14:40:31.7777192Z ok 286 - blur, hidden page, pointer cancellation and unexpected capture loss pause and clear both players
2026-09-15T14:40:31.7777757Z   ---
2026-09-15T14:40:31.7778008Z   duration_ms: 1.285671
2026-09-15T14:40:31.7778271Z   ...
2026-09-15T14:40:31.7779006Z # Subtest: native form shortcuts are preserved, Escape still pauses from a focused control, and destroy removes all listeners
2026-09-15T14:40:31.7780167Z ok 287 - native form shortcuts are preserved, Escape still pauses from a focused control, and destroy removes all listeners
2026-09-15T14:40:31.7780799Z   ---
2026-09-15T14:40:31.7781036Z   duration_ms: 0.705495
2026-09-15T14:40:31.7781307Z   ...
2026-09-15T14:40:31.7782162Z # Subtest: focused music or action controls do not strand keyboard movement but retain native Enter
2026-09-15T14:40:31.7783076Z ok 288 - focused music or action controls do not strand keyboard movement but retain native Enter
2026-09-15T14:40:31.7783632Z   ---
2026-09-15T14:40:31.7783876Z   duration_ms: 0.687649
2026-09-15T14:40:31.7784142Z   ...
2026-09-15T14:40:31.7784784Z # Subtest: real duel receives equal scoped class recipes and equivalent keyboard/touch motion: immediate
2026-09-15T14:40:31.7785993Z ok 289 - real duel receives equal scoped class recipes and equivalent keyboard/touch motion: immediate
2026-09-15T14:40:31.7786579Z   ---
2026-09-15T14:40:31.7786824Z   duration_ms: 27.793101
2026-09-15T14:40:31.7787121Z   ...
2026-09-15T14:40:31.7787778Z # Subtest: real duel receives equal scoped class recipes and equivalent keyboard/touch motion: grid-center
2026-09-15T14:40:31.7788790Z ok 290 - real duel receives equal scoped class recipes and equivalent keyboard/touch motion: grid-center
2026-09-15T14:40:31.7789380Z   ---
2026-09-15T14:40:31.7789622Z   duration_ms: 10.646297
2026-09-15T14:40:31.7789893Z   ...
2026-09-15T14:40:31.7790452Z # Subtest: real core gets one scan per held keyboard press and a fresh scan after release
2026-09-15T14:40:31.7791267Z ok 291 - real core gets one scan per held keyboard press and a fresh scan after release
2026-09-15T14:40:31.7791767Z   ---
2026-09-15T14:40:31.7792027Z   duration_ms: 7.089897
2026-09-15T14:40:31.7792298Z   ...
2026-09-15T14:40:33.6216909Z # Subtest: lobby, setup and children use reachable native controls and Back restores the actual opener
2026-09-15T14:40:33.6246568Z ok 292 - lobby, setup and children use reachable native controls and Back restores the actual opener
2026-09-15T14:40:33.6266244Z   ---
2026-09-15T14:40:33.6266727Z   duration_ms: 2307.124413
2026-09-15T14:40:33.6267198Z   ...
2026-09-15T14:40:33.6267873Z # Subtest: an embedded Couch route stays loading until its actual setup is prepared
2026-09-15T14:40:33.6268894Z ok 293 - an embedded Couch route stays loading until its actual setup is prepared
2026-09-15T14:40:33.6269660Z   ---
2026-09-15T14:40:33.6270076Z   duration_ms: 1881.397636
2026-09-15T14:40:33.6270509Z   ...
2026-09-15T14:40:33.6271323Z # Subtest: pause children and cancelled new match preserve two different continuations; reset is explicit
2026-09-15T14:40:33.6272449Z ok 294 - pause children and cancelled new match preserve two different continuations; reset is explicit
2026-09-15T14:40:33.6273134Z   ---
2026-09-15T14:40:33.6273494Z   duration_ms: 1860.286258
2026-09-15T14:40:33.6273891Z   ...
2026-09-15T14:40:33.6274627Z # Subtest: per-seat Auto expands on touch and defers collapse until pause without changing movement
2026-09-15T14:40:33.6275868Z ok 295 - per-seat Auto expands on touch and defers collapse until pause without changing movement
2026-09-15T14:40:33.6276583Z   ---
2026-09-15T14:40:33.6276950Z   duration_ms: 1798.341252
2026-09-15T14:40:33.6277369Z   ...
2026-09-15T14:40:33.6278113Z # Subtest: Always supports independent pointer players; Off wins over coarse and later touch
2026-09-15T14:40:33.6279150Z ok 296 - Always supports independent pointer players; Off wins over coarse and later touch
2026-09-15T14:40:33.6279836Z   ---
2026-09-15T14:40:33.6280223Z   duration_ms: 2115.6017
2026-09-15T14:40:33.6280644Z   ...
2026-09-15T14:40:35.8320237Z # Subtest: authored Arcade removes equipment controls and hints; Tactical reflects the equipped recipe
2026-09-15T14:40:35.8321439Z ok 297 - authored Arcade removes equipment controls and hints; Tactical reflects the equipped recipe
2026-09-15T14:40:35.8322349Z   ---
2026-09-15T14:40:35.8322789Z   duration_ms: 2211.886945
2026-09-15T14:40:35.8323234Z   ...
2026-09-15T14:40:37.7187225Z # Subtest: controller setup/help and repeated keyboard Confirm cannot leak through the flight boundary
2026-09-15T14:40:37.7188303Z ok 298 - controller setup/help and repeated keyboard Confirm cannot leak through the flight boundary
2026-09-15T14:40:37.7188889Z   ---
2026-09-15T14:40:37.7189656Z   duration_ms: 1888.577013
2026-09-15T14:40:37.7189963Z   ...
2026-09-15T14:40:37.7219315Z # Subtest: markup keeps touch crosses outside both arenas and uses separate screen roots
2026-09-15T14:40:37.7241925Z ok 299 - markup keeps touch crosses outside both arenas and uses separate screen roots
2026-09-15T14:40:37.7280212Z   ---
2026-09-15T14:40:37.7296276Z   duration_ms: 2.214895
2026-09-15T14:40:37.7299343Z   ...
2026-09-15T14:40:39.9098968Z # Subtest: controller can read and scroll Help without starting; Back exits reading then the child
2026-09-15T14:40:39.9117332Z ok 300 - controller can read and scroll Help without starting; Back exits reading then the child
2026-09-15T14:40:39.9118303Z   ---
2026-09-15T14:40:39.9118688Z   duration_ms: 2189.020447
2026-09-15T14:40:39.9119087Z   ...
2026-09-15T14:40:42.4597340Z # Subtest: a real finished draw exposes both frozen boards, Results returns without a new round
2026-09-15T14:40:42.4598457Z ok 301 - a real finished draw exposes both frozen boards, Results returns without a new round
2026-09-15T14:40:42.4599059Z   ---
2026-09-15T14:40:42.4599608Z   duration_ms: 2544.58477
2026-09-15T14:40:42.4600169Z   ...
2026-09-15T14:40:44.6928986Z # Subtest: an old held controller cannot reclaim a seat from accepted touch across pause and resume
2026-09-15T14:40:44.6958954Z ok 302 - an old held controller cannot reclaim a seat from accepted touch across pause and resume
2026-09-15T14:40:44.6986375Z   ---
2026-09-15T14:40:44.7005734Z   duration_ms: 2236.817693
2026-09-15T14:40:44.7016582Z   ...
2026-09-15T14:40:46.5008305Z # Subtest: blocked pad input and held keyboard repeats never replace newer touch modality
2026-09-15T14:40:46.5010978Z ok 303 - blocked pad input and held keyboard repeats never replace newer touch modality
2026-09-15T14:40:46.5012252Z   ---
2026-09-15T14:40:46.5012694Z   duration_ms: 1809.048411
2026-09-15T14:40:46.5013158Z   ...
2026-09-15T14:40:46.5032500Z # Subtest: accepted-input observer is optional and observer failures cannot reject or replay commands
2026-09-15T14:40:46.5034792Z ok 304 - accepted-input observer is optional and observer failures cannot reject or replay commands
2026-09-15T14:40:46.5035793Z   ---
2026-09-15T14:40:46.5036218Z   duration_ms: 3.467217
2026-09-15T14:40:46.5037072Z   ...
2026-09-15T14:40:46.5501897Z # Subtest: ordinary: Settings exposes only usable Creator links and keyboard focus respects the session scope
2026-09-15T14:40:46.5503539Z ok 305 - ordinary: Settings exposes only usable Creator links and keyboard focus respects the session scope
2026-09-15T14:40:46.5504792Z   ---
2026-09-15T14:40:46.5505332Z   duration_ms: 1435.654302
2026-09-15T14:40:46.5506517Z   ...
2026-09-15T14:40:46.5507583Z # Subtest: practice: Settings exposes only usable Creator links and keyboard focus respects the session scope
2026-09-15T14:40:46.5519555Z ok 306 - practice: Settings exposes only usable Creator links and keyboard focus respects the session scope
2026-09-15T14:40:46.5520371Z   ---
2026-09-15T14:40:46.5520793Z   duration_ms: 1019.055893
2026-09-15T14:40:46.5521255Z   ...
2026-09-15T14:40:46.5522110Z # Subtest: course: Settings exposes only usable Creator links and keyboard focus respects the session scope
2026-09-15T14:40:46.5523324Z ok 307 - course: Settings exposes only usable Creator links and keyboard focus respects the session scope
2026-09-15T14:40:46.5524087Z   ---
2026-09-15T14:40:46.5524485Z   duration_ms: 882.460314
2026-09-15T14:40:46.5524919Z   ...
2026-09-15T14:41:02.3297334Z # Subtest: pause updates flight presentation before another animation frame can run
2026-09-15T14:41:02.3316472Z ok 308 - pause updates flight presentation before another animation frame can run
2026-09-15T14:41:02.3346064Z   ---
2026-09-15T14:41:02.3346417Z   duration_ms: 2276.943034
2026-09-15T14:41:02.3346760Z   ...
2026-09-15T14:41:02.3347557Z # Subtest: featured pressure chapter hides manual actions and actual keyboard action attempts cannot change its flight
2026-09-15T14:41:02.3349063Z ok 309 - featured pressure chapter hides manual actions and actual keyboard action attempts cannot change its flight
2026-09-15T14:41:02.3349618Z   ---
2026-09-15T14:41:02.3349842Z   duration_ms: 9214.855404
2026-09-15T14:41:02.3350090Z   ...
2026-09-15T14:41:02.3350608Z # Subtest: immediate: first Arcade Down cut keeps rendering and saves after a batched capture
2026-09-15T14:41:02.3351403Z ok 310 - immediate: first Arcade Down cut keeps rendering and saves after a batched capture
2026-09-15T14:41:02.3351929Z   ---
2026-09-15T14:41:02.3352192Z   duration_ms: 19443.013715
2026-09-15T14:41:02.3352482Z   ...
2026-09-15T14:41:05.3307303Z # Subtest: immediate: Auto appears for actual touch flight, hides after keyboard use and preserves the logical heading
2026-09-15T14:41:05.3326626Z ok 311 - immediate: Auto appears for actual touch flight, hides after keyboard use and preserves the logical heading
2026-09-15T14:41:05.3336207Z   ---
2026-09-15T14:41:05.3367077Z   duration_ms: 3000.661155
2026-09-15T14:41:05.3396210Z   ...
2026-09-15T14:41:23.6151747Z # Subtest: grid-center: first Arcade Down cut keeps rendering and saves after a batched capture
2026-09-15T14:41:23.6154380Z ok 312 - grid-center: first Arcade Down cut keeps rendering and saves after a batched capture
2026-09-15T14:41:23.6155864Z   ---
2026-09-15T14:41:23.6156342Z   duration_ms: 18287.397081
2026-09-15T14:41:23.6156844Z   ...
2026-09-15T14:41:26.7600602Z # Subtest: grid-center: Auto appears for actual touch flight, hides after keyboard use and preserves the logical heading
2026-09-15T14:41:26.7606892Z ok 313 - grid-center: Auto appears for actual touch flight, hides after keyboard use and preserves the logical heading
2026-09-15T14:41:26.7607693Z   ---
2026-09-15T14:41:26.7608114Z   duration_ms: 3144.793366
2026-09-15T14:41:26.7608995Z   ...
2026-09-15T14:41:31.6798995Z # Subtest: Always enables actual mouse steering and survives a complete backup; omitted old preference restores Auto
2026-09-15T14:41:31.6800753Z ok 314 - Always enables actual mouse steering and survives a complete backup; omitted old preference restores Auto
2026-09-15T14:41:31.6801876Z   ---
2026-09-15T14:41:31.6802390Z   duration_ms: 4920.132867
2026-09-15T14:41:31.6802869Z   ...
2026-09-15T14:41:34.4594421Z # Subtest: an already joined controller takes its first fresh turn after touch without cancelling that sampled command
2026-09-15T14:41:34.4596046Z ok 315 - an already joined controller takes its first fresh turn after touch without cancelling that sampled command
2026-09-15T14:41:34.4596955Z   ---
2026-09-15T14:41:34.4597588Z   duration_ms: 2779.282093
2026-09-15T14:41:34.4598043Z   ...
2026-09-15T14:41:37.7404343Z # Subtest: immediate: changing steering hand retains the original pad, paused cut and exact continuation
2026-09-15T14:41:37.7406393Z ok 316 - immediate: changing steering hand retains the original pad, paused cut and exact continuation
2026-09-15T14:41:37.7407188Z   ---
2026-09-15T14:41:37.7407845Z   duration_ms: 3281.064022
2026-09-15T14:41:37.7408306Z   ...
2026-09-15T14:41:41.1568725Z # Subtest: grid-center: changing steering hand retains the original pad, paused cut and exact continuation
2026-09-15T14:41:41.1571481Z ok 317 - grid-center: changing steering hand retains the original pad, paused cut and exact continuation
2026-09-15T14:41:41.1572400Z   ---
2026-09-15T14:41:41.1572854Z   duration_ms: 3416.278776
2026-09-15T14:41:41.1573298Z   ...
2026-09-15T14:41:42.7288315Z # Subtest: Right hand survives actual app reload while Auto still hides keyboard controls
2026-09-15T14:41:42.7296650Z ok 318 - Right hand survives actual app reload while Auto still hides keyboard controls
2026-09-15T14:41:42.7297463Z   ---
2026-09-15T14:41:42.7297881Z   duration_ms: 1571.227549
2026-09-15T14:41:42.7298324Z   ...
2026-09-15T14:41:44.8085658Z # Subtest: unrelated saves apply the actual merged hand, and a deliberate Left remains explicit
2026-09-15T14:41:44.8113021Z ok 319 - unrelated saves apply the actual merged hand, and a deliberate Left remains explicit
2026-09-15T14:41:44.8114350Z   ---
2026-09-15T14:41:44.8115104Z   duration_ms: 2078.972044
2026-09-15T14:41:46.8441898Z   ...
2026-09-15T14:41:46.8442633Z # Subtest: quota refusal keeps the session hand and exact stored bytes with visible feedback
2026-09-15T14:41:46.8456805Z ok 320 - quota refusal keeps the session hand and exact stored bytes with visible feedback
2026-09-15T14:41:46.8457483Z   ---
2026-09-15T14:41:46.8457944Z   duration_ms: 2036.93308
2026-09-15T14:41:46.8458491Z   ...
2026-09-15T14:41:48.2619516Z # Subtest: practice hand placement stays session-only without changing profile or saved flight
2026-09-15T14:41:48.2621038Z ok 321 - practice hand placement stays session-only without changing profile or saved flight
2026-09-15T14:41:48.2621836Z   ---
2026-09-15T14:41:48.2622303Z   duration_ms: 1417.599604
2026-09-15T14:41:48.2622765Z   ...
2026-09-15T14:41:52.3712183Z # Subtest: complete-backup import and Undo adopt hand placement without rewriting the saved attempt
2026-09-15T14:41:52.3714767Z ok 322 - complete-backup import and Undo adopt hand placement without rewriting the saved attempt
2026-09-15T14:41:52.3715661Z   ---
2026-09-15T14:41:52.3716115Z   duration_ms: 4109.960744
2026-09-15T14:41:52.3716646Z   ...
2026-09-15T14:42:28.7461282Z # (node:2740) ExperimentalWarning: vm.USE_MAIN_CONTEXT_DEFAULT_LOADER is an experimental feature and might change at any time
2026-09-15T14:42:28.7537779Z # (Use `node --trace-warnings ...` to show where the warning was created)
2026-09-15T14:42:28.7538737Z # Subtest: a missing static dependency reports module failure and leaves a same-page Reload link
2026-09-15T14:42:28.7539699Z ok 323 - a missing static dependency reports module failure and leaves a same-page Reload link
2026-09-15T14:42:28.7540387Z   ---
2026-09-15T14:42:28.7541140Z   duration_ms: 15.100133
2026-09-15T14:42:28.7541501Z   ...
2026-09-15T14:42:28.7542175Z # Subtest: slow module observation is truthful and cannot overwrite a later attached host
2026-09-15T14:42:28.7543200Z ok 324 - slow module observation is truthful and cannot overwrite a later attached host
2026-09-15T14:42:28.7543859Z   ---
2026-09-15T14:42:28.7544173Z   duration_ms: 5.735515
2026-09-15T14:42:28.7544512Z   ...
2026-09-15T14:42:28.7545129Z # Subtest: version defaults retain the old public ruleset and exact legacy pair
2026-09-15T14:42:28.7546105Z ok 325 - version defaults retain the old public ruleset and exact legacy pair
2026-09-15T14:42:28.7546584Z   ---
2026-09-15T14:42:28.7546813Z   duration_ms: 2.436701
2026-09-15T14:42:28.7547057Z   ...
2026-09-15T14:42:28.7547498Z # Subtest: every explicit selector selects only its complete supported pair
2026-09-15T14:42:28.7548241Z ok 326 - every explicit selector selects only its complete supported pair
2026-09-15T14:42:28.7548719Z   ---
2026-09-15T14:42:28.7548971Z   duration_ms: 3.697837
2026-09-15T14:42:28.7549283Z   ...
2026-09-15T14:42:28.7549851Z # Subtest: version dispatch rejects malformed, unknown, inherited and accessor input atomically
2026-09-15T14:42:28.7550767Z ok 327 - version dispatch rejects malformed, unknown, inherited and accessor input atomically
2026-09-15T14:42:28.7551335Z   ---
2026-09-15T14:42:28.7551564Z   duration_ms: 0.544453
2026-09-15T14:42:28.7551862Z   ...
2026-09-15T14:42:28.7552393Z # Subtest: campaign dispatch requires a nonempty dense uniformly versioned map list
2026-09-15T14:42:28.7553138Z ok 328 - campaign dispatch requires a nonempty dense uniformly versioned map list
2026-09-15T14:42:28.7553605Z   ---
2026-09-15T14:42:28.7553840Z   duration_ms: 3.58794
2026-09-15T14:42:28.7554093Z   ...
2026-09-15T14:42:28.7554956Z # Subtest: first-signal/signal-01/interceptor/immediate: new version branch leaves frozen old normalization, state shape, events and checkpoints exact
2026-09-15T14:42:28.7556411Z ok 329 - first-signal/signal-01/interceptor/immediate: new version branch leaves frozen old normalization, state shape, events and checkpoints exact
2026-09-15T14:42:28.7557153Z   ---
2026-09-15T14:42:28.7557409Z   duration_ms: 56.668986
2026-09-15T14:42:28.7557663Z   ...
2026-09-15T14:42:28.7558764Z # Subtest: first-signal/signal-01/interceptor/grid-center: new version branch leaves frozen old normalization, state shape, events and checkpoints exact
2026-09-15T14:42:28.7560157Z ok 330 - first-signal/signal-01/interceptor/grid-center: new version branch leaves frozen old normalization, state shape, events and checkpoints exact
2026-09-15T14:42:28.7560921Z   ---
2026-09-15T14:42:28.7561155Z   duration_ms: 45.034779
2026-09-15T14:42:28.7561487Z   ...
2026-09-15T14:42:28.7562282Z # Subtest: homeward-skies/homeward-01/fiber/immediate: new version branch leaves frozen old normalization, state shape, events and checkpoints exact
2026-09-15T14:42:28.7563552Z ok 331 - homeward-skies/homeward-01/fiber/immediate: new version branch leaves frozen old normalization, state shape, events and checkpoints exact
2026-09-15T14:42:28.7564240Z   ---
2026-09-15T14:42:28.7564450Z   duration_ms: 76.389881
2026-09-15T14:42:28.7564687Z   ...
2026-09-15T14:42:28.7565679Z # Subtest: homeward-skies/homeward-01/fiber/grid-center: new version branch leaves frozen old normalization, state shape, events and checkpoints exact
2026-09-15T14:42:28.7567140Z ok 332 - homeward-skies/homeward-01/fiber/grid-center: new version branch leaves frozen old normalization, state shape, events and checkpoints exact
2026-09-15T14:42:28.7567861Z   ---
2026-09-15T14:42:28.7568087Z   duration_ms: 47.930253
2026-09-15T14:42:28.7568353Z   ...
2026-09-15T14:42:28.7569223Z # Subtest: homeward-skies/homeward-01/interceptor/immediate: new version branch leaves frozen old normalization, state shape, events and checkpoints exact
2026-09-15T14:42:28.7570611Z ok 333 - homeward-skies/homeward-01/interceptor/immediate: new version branch leaves frozen old normalization, state shape, events and checkpoints exact
2026-09-15T14:42:28.7571585Z   ---
2026-09-15T14:42:28.7571819Z   duration_ms: 150.13167
2026-09-15T14:42:28.7572087Z   ...
2026-09-15T14:42:28.7573005Z # Subtest: homeward-skies/homeward-01/interceptor/grid-center: new version branch leaves frozen old normalization, state shape, events and checkpoints exact
2026-09-15T14:42:28.7574429Z ok 334 - homeward-skies/homeward-01/interceptor/grid-center: new version branch leaves frozen old normalization, state shape, events and checkpoints exact
2026-09-15T14:42:28.7575227Z   ---
2026-09-15T14:42:28.7575604Z   duration_ms: 66.221578
2026-09-15T14:42:28.7575868Z   ...
2026-09-15T14:42:28.7576772Z # Subtest: homeward-skies/homeward-02/bomber/grid-center: new version branch leaves frozen old normalization, state shape, events and checkpoints exact
2026-09-15T14:42:28.7578239Z ok 335 - homeward-skies/homeward-02/bomber/grid-center: new version branch leaves frozen old normalization, state shape, events and checkpoints exact
2026-09-15T14:42:28.7579012Z   ---
2026-09-15T14:42:28.7579254Z   duration_ms: 41.292886
2026-09-15T14:42:28.7579525Z   ...
2026-09-15T14:42:28.7580414Z # Subtest: homeward-skies/homeward-03/impact/immediate: new version branch leaves frozen old normalization, state shape, events and checkpoints exact
2026-09-15T14:42:28.7581900Z ok 336 - homeward-skies/homeward-03/impact/immediate: new version branch leaves frozen old normalization, state shape, events and checkpoints exact
2026-09-15T14:42:28.7582701Z   ---
2026-09-15T14:42:28.7582933Z   duration_ms: 61.561898
2026-09-15T14:42:28.7583200Z   ...
2026-09-15T14:42:28.7584133Z # Subtest: first-signal/signal-07/interceptor/grid-center: new version branch leaves frozen old normalization, state shape, events and checkpoints exact
2026-09-15T14:42:28.7585788Z ok 337 - first-signal/signal-07/interceptor/grid-center: new version branch leaves frozen old normalization, state shape, events and checkpoints exact
2026-09-15T14:42:28.7586616Z   ---
2026-09-15T14:42:28.7587479Z   duration_ms: 36.747658
2026-09-15T14:42:28.7587778Z   ...
2026-09-15T14:42:28.7588303Z # Subtest: mission requirements come from encounter rules, not authored prose
2026-09-15T14:42:28.7589061Z ok 338 - mission requirements come from encounter rules, not authored prose
2026-09-15T14:42:28.7589508Z   ---
2026-09-15T14:42:28.7589921Z   duration_ms: 1.735582
2026-09-15T14:42:28.7590191Z   ...
2026-09-15T14:42:28.7590707Z # Subtest: immediate: visible cues follow actual legal-input phases and cut progress
2026-09-15T14:42:28.7591518Z ok 339 - immediate: visible cues follow actual legal-input phases and cut progress
2026-09-15T14:42:28.7592003Z   ---
2026-09-15T14:42:28.7592244Z   duration_ms: 88.658105
2026-09-15T14:42:28.7592509Z   ...
2026-09-15T14:42:28.7593038Z # Subtest: grid-center: visible cues follow actual legal-input phases and cut progress
2026-09-15T14:42:28.7593848Z ok 340 - grid-center: visible cues follow actual legal-input phases and cut progress
2026-09-15T14:42:28.7594340Z   ---
2026-09-15T14:42:28.7594568Z   duration_ms: 61.608749
2026-09-15T14:42:28.7594851Z   ...
2026-09-15T14:42:28.7595336Z # Subtest: no encounter leaves the legacy view empty and old tension unchanged
2026-09-15T14:42:28.7596437Z ok 341 - no encounter leaves the legacy view empty and old tension unchanged
2026-09-15T14:42:28.7596842Z   ---
2026-09-15T14:42:28.7597076Z   duration_ms: 0.312312
2026-09-15T14:42:28.7597322Z   ...
2026-09-15T14:42:28.7597866Z # Subtest: a terminal failed run cannot advertise a live opening countdown or remaining action
2026-09-15T14:42:28.7598691Z ok 342 - a terminal failed run cannot advertise a live opening countdown or remaining action
2026-09-15T14:42:28.7599192Z   ---
2026-09-15T14:42:28.7599421Z   duration_ms: 63.530262
2026-09-15T14:42:28.7599685Z   ...
2026-09-15T14:42:28.7600315Z # Subtest: catalog data is owned, strict and separate from run authority; selection never filters live actors
2026-09-15T14:42:28.7601322Z ok 343 - catalog data is owned, strict and separate from run authority; selection never filters live actors
2026-09-15T14:42:28.7602085Z   ---
2026-09-15T14:42:28.7602314Z   duration_ms: 25.608109
2026-09-15T14:42:28.7602575Z   ...
2026-09-15T14:42:28.7603096Z # Subtest: fpv: seven role body geometries differ before badges, with the same colors
2026-09-15T14:42:28.7603869Z ok 344 - fpv: seven role body geometries differ before badges, with the same colors
2026-09-15T14:42:28.7604346Z   ---
2026-09-15T14:42:28.7604581Z   duration_ms: 2.152733
2026-09-15T14:42:28.7604838Z   ...
2026-09-15T14:42:28.7605366Z # Subtest: ukraine: seven role body geometries differ before badges, with the same colors
2026-09-15T14:42:28.7606336Z ok 345 - ukraine: seven role body geometries differ before badges, with the same colors
2026-09-15T14:42:28.7606831Z   ---
2026-09-15T14:42:28.7607063Z   duration_ms: 0.91359
2026-09-15T14:42:28.7607318Z   ...
2026-09-15T14:42:28.7607821Z # Subtest: retro: seven role body geometries differ before badges, with the same colors
2026-09-15T14:42:28.7608639Z ok 346 - retro: seven role body geometries differ before badges, with the same colors
2026-09-15T14:42:28.7609137Z   ---
2026-09-15T14:42:28.7609376Z   duration_ms: 0.4436
2026-09-15T14:42:28.7609642Z   ...
2026-09-15T14:42:28.7610170Z # Subtest: coupa: seven role body geometries differ before badges, with the same colors
2026-09-15T14:42:28.7610958Z ok 347 - coupa: seven role body geometries differ before badges, with the same colors
2026-09-15T14:42:28.7611431Z   ---
2026-09-15T14:42:28.7611676Z   duration_ms: 0.361477
2026-09-15T14:42:28.7611940Z   ...
2026-09-15T14:42:28.7612462Z # Subtest: fpv: all seven catalog practice routes validate and execute ordinary inputs
2026-09-15T14:42:28.7613250Z ok 348 - fpv: all seven catalog practice routes validate and execute ordinary inputs
2026-09-15T14:42:28.7613724Z   ---
2026-09-15T14:42:28.7613961Z   duration_ms: 72.380001
2026-09-15T14:42:28.7614240Z   ...
2026-09-15T14:42:28.7614793Z # Subtest: ukraine: all seven catalog practice routes validate and execute ordinary inputs
2026-09-15T14:42:28.7617952Z ok 349 - ukraine: all seven catalog practice routes validate and execute ordinary inputs
2026-09-15T14:42:28.7618511Z   ---
2026-09-15T14:42:28.7618752Z   duration_ms: 37.672776
2026-09-15T14:42:28.7619008Z   ...
2026-09-15T14:42:28.7619752Z # Subtest: retro: all seven catalog practice routes validate and execute ordinary inputs
2026-09-15T14:42:28.7620600Z ok 350 - retro: all seven catalog practice routes validate and execute ordinary inputs
2026-09-15T14:42:28.7621120Z   ---
2026-09-15T14:42:28.7621366Z   duration_ms: 25.573536
2026-09-15T14:42:28.7621650Z   ...
2026-09-15T14:42:28.7622182Z # Subtest: coupa: all seven catalog practice routes validate and execute ordinary inputs
2026-09-15T14:42:28.7623050Z ok 351 - coupa: all seven catalog practice routes validate and execute ordinary inputs
2026-09-15T14:42:28.7623561Z   ---
2026-09-15T14:42:28.7623802Z   duration_ms: 27.203369
2026-09-15T14:42:28.7624057Z   ...
2026-09-15T14:42:28.7624776Z # Subtest: selected procedural skins alter body family, while a custom role image and collision radius remain independent
2026-09-15T14:42:28.7626458Z ok 352 - selected procedural skins alter body family, while a custom role image and collision radius remain independent
2026-09-15T14:42:28.7627122Z   ---
2026-09-15T14:42:28.7627357Z   duration_ms: 1.064839
2026-09-15T14:42:28.7627624Z   ...
2026-09-15T14:42:28.7628316Z # Subtest: four pixel pickup glyphs keep dark plates and original type badges in inverted and ordinary palettes
2026-09-15T14:42:28.7629390Z ok 353 - four pixel pickup glyphs keep dark plates and original type badges in inverted and ordinary palettes
2026-09-15T14:42:28.7629998Z   ---
2026-09-15T14:42:28.7630245Z   duration_ms: 0.964527
2026-09-15T14:42:28.7630495Z   ...
2026-09-15T14:42:28.7631147Z # Subtest: contact pickups copy positions before collection disappears; current timers read fixed ticks
2026-09-15T14:42:28.7632169Z ok 354 - contact pickups copy positions before collection disappears; current timers read fixed ticks
2026-09-15T14:42:28.7632770Z   ---
2026-09-15T14:42:28.7633202Z   duration_ms: 30.084932
2026-09-15T14:42:28.7633483Z   ...
2026-09-15T14:42:28.7634243Z # Subtest: failure feedback stays at the failed tick, never later respawn; reduced effects still explain loss and recovery
2026-09-15T14:42:28.7635331Z ok 355 - failure feedback stays at the failed tick, never later respawn; reduced effects still explain loss and recovery
2026-09-15T14:42:28.7636156Z   ---
2026-09-15T14:42:28.7636399Z   duration_ms: 2.27715
2026-09-15T14:42:28.7636659Z   ...
2026-09-15T14:42:28.7637372Z # Subtest: real line strike projects authoritative front positions unchanged under repeated pause/reduced painting
2026-09-15T14:42:28.7638512Z ok 356 - real line strike projects authoritative front positions unchanged under repeated pause/reduced painting
2026-09-15T14:42:28.7639154Z   ---
2026-09-15T14:42:28.7639401Z   duration_ms: 28.621432
2026-09-15T14:42:28.7639679Z   ...
2026-09-15T14:42:28.7640306Z # Subtest: painter event feedback is bounded and frozen by pause; rendering cannot change authority
2026-09-15T14:42:28.7641268Z ok 357 - painter event feedback is bounded and frozen by pause; rendering cannot change authority
2026-09-15T14:42:28.7641828Z   ---
2026-09-15T14:42:28.7642075Z   duration_ms: 36.810434
2026-09-15T14:42:28.7642343Z   ...
2026-09-15T14:42:28.7642902Z # Subtest: seven exact source identities bind independent bodies including both boss slots
2026-09-15T14:42:28.7643678Z ok 358 - seven exact source identities bind independent bodies including both boss slots
2026-09-15T14:42:28.7644191Z   ---
2026-09-15T14:42:28.7644426Z   duration_ms: 4.15025
2026-09-15T14:42:28.7644668Z   ...
2026-09-15T14:42:28.7645201Z # Subtest: uploads retain precedence, resolved skins scope defaults and unknown types stay neutral
2026-09-15T14:42:28.7646656Z ok 359 - uploads retain precedence, resolved skins scope defaults and unknown types stay neutral
2026-09-15T14:42:28.7647194Z   ---
2026-09-15T14:42:28.7647418Z   duration_ms: 1.865569
2026-09-15T14:42:28.7647676Z   ...
2026-09-15T14:42:28.7648201Z # Subtest: registry snapshot rejects accessors and detaches its finite frozen data
2026-09-15T14:42:28.7648989Z ok 360 - registry snapshot rejects accessors and detaches its finite frozen data
2026-09-15T14:42:28.7649476Z   ---
2026-09-15T14:42:28.7649708Z   duration_ms: 1.281587
2026-09-15T14:42:28.7650167Z   ...
2026-09-15T14:42:28.7650712Z # Subtest: wrong identity types, foreign paths, type aliases and unbounded motion refuse
2026-09-15T14:42:28.7651542Z ok 361 - wrong identity types, foreign paths, type aliases and unbounded motion refuse
2026-09-15T14:42:28.7652062Z   ---
2026-09-15T14:42:28.7652303Z   duration_ms: 8.330556
2026-09-15T14:42:28.7652574Z   ...
2026-09-15T14:42:28.7653336Z # Subtest: workshop retains proven geometry and equipment with three independent themes and original illustrated rewards
2026-09-15T14:42:28.7654501Z ok 362 - workshop retains proven geometry and equipment with three independent themes and original illustrated rewards
2026-09-15T14:42:28.7655161Z   ---
2026-09-15T14:42:28.7655421Z   duration_ms: 28.976553
2026-09-15T14:42:28.7655855Z   ...
2026-09-15T14:42:28.7656477Z # Subtest: prepared practice scenarios select the actual per-map theme, music and authored goal
2026-09-15T14:42:28.7657431Z ok 363 - prepared practice scenarios select the actual per-map theme, music and authored goal
2026-09-15T14:42:28.7658015Z   ---
2026-09-15T14:42:28.7658257Z   duration_ms: 912.86312
2026-09-15T14:42:28.7658535Z   ...
2026-09-15T14:42:28.7658971Z # Subtest: workshop-01/immediate/fiber: legal specialty route
2026-09-15T14:42:28.7659578Z ok 364 - workshop-01/immediate/fiber: legal specialty route
2026-09-15T14:42:28.7659984Z   ---
2026-09-15T14:42:28.7660238Z   duration_ms: 604.501619
2026-09-15T14:42:28.7660515Z   ...
2026-09-15T14:42:28.7660964Z # Subtest: workshop-01/immediate/interceptor: legal fallback route
2026-09-15T14:42:28.7661614Z ok 365 - workshop-01/immediate/interceptor: legal fallback route
2026-09-15T14:42:28.7662035Z   ---
2026-09-15T14:42:28.7662463Z   duration_ms: 1139.92609
2026-09-15T14:42:28.7662763Z   ...
2026-09-15T14:42:28.7663210Z # Subtest: workshop-01/grid-center/fiber: legal specialty route
2026-09-15T14:42:28.7663836Z ok 366 - workshop-01/grid-center/fiber: legal specialty route
2026-09-15T14:42:28.7664243Z   ---
2026-09-15T14:42:28.7664491Z   duration_ms: 373.362732
2026-09-15T14:42:28.7664762Z   ...
2026-09-15T14:42:28.7665222Z # Subtest: workshop-01/grid-center/interceptor: legal fallback route
2026-09-15T14:42:28.7666176Z ok 367 - workshop-01/grid-center/interceptor: legal fallback route
2026-09-15T14:42:28.7666559Z   ---
2026-09-15T14:42:28.7666771Z   duration_ms: 898.821995
2026-09-15T14:42:28.7667066Z   ...
2026-09-15T14:42:28.7667477Z # Subtest: workshop-02/immediate/bomber: legal specialty route
2026-09-15T14:42:28.7667990Z ok 368 - workshop-02/immediate/bomber: legal specialty route
2026-09-15T14:42:28.7668549Z   ---
2026-09-15T14:42:28.7668778Z   duration_ms: 771.490597
2026-09-15T14:42:28.7669030Z   ...
2026-09-15T14:42:28.7669453Z # Subtest: workshop-02/immediate/interceptor: legal fallback route
2026-09-15T14:42:28.7670029Z ok 369 - workshop-02/immediate/interceptor: legal fallback route
2026-09-15T14:42:28.7670415Z   ---
2026-09-15T14:42:28.7670643Z   duration_ms: 870.664077
2026-09-15T14:42:28.7670898Z   ...
2026-09-15T14:42:28.7671313Z # Subtest: workshop-02/grid-center/bomber: legal specialty route
2026-09-15T14:42:28.7671884Z ok 370 - workshop-02/grid-center/bomber: legal specialty route
2026-09-15T14:42:28.7672262Z   ---
2026-09-15T14:42:28.7672491Z   duration_ms: 558.812084
2026-09-15T14:42:28.7672748Z   ...
2026-09-15T14:42:28.7673172Z # Subtest: workshop-02/grid-center/interceptor: legal fallback route
2026-09-15T14:42:28.7673790Z ok 371 - workshop-02/grid-center/interceptor: legal fallback route
2026-09-15T14:42:28.7674190Z   ---
2026-09-15T14:42:28.7674413Z   duration_ms: 755.933232
2026-09-15T14:42:28.7674684Z   ...
2026-09-15T14:42:28.7675078Z # Subtest: workshop-03/immediate/impact: legal specialty route
2026-09-15T14:42:28.7675814Z ok 372 - workshop-03/immediate/impact: legal specialty route
2026-09-15T14:42:28.7676195Z   ---
2026-09-15T14:42:28.7676435Z   duration_ms: 606.700225
2026-09-15T14:42:28.7676702Z   ...
2026-09-15T14:42:28.7677119Z # Subtest: workshop-03/immediate/interceptor: legal fallback route
2026-09-15T14:42:28.7677941Z ok 373 - workshop-03/immediate/interceptor: legal fallback route
2026-09-15T14:42:28.7678342Z   ---
2026-09-15T14:42:28.7678578Z   duration_ms: 316.027209
2026-09-15T14:42:28.7678845Z   ...
2026-09-15T14:42:28.7679248Z # Subtest: workshop-03/grid-center/impact: legal specialty route
2026-09-15T14:42:28.7679829Z ok 374 - workshop-03/grid-center/impact: legal specialty route
2026-09-15T14:42:28.7680224Z   ---
2026-09-15T14:42:28.7680450Z   duration_ms: 410.197891
2026-09-15T14:42:28.7680708Z   ...
2026-09-15T14:42:28.7681148Z # Subtest: workshop-03/grid-center/interceptor: legal fallback route
2026-09-15T14:42:28.7681762Z ok 375 - workshop-03/grid-center/interceptor: legal fallback route
2026-09-15T14:42:28.7682170Z   ---
2026-09-15T14:42:28.7682394Z   duration_ms: 347.159905
2026-09-15T14:42:28.7682664Z   ...
2026-09-15T14:42:28.7683104Z # Subtest: workshop-02/immediate: omitted equipment stays unqualified
2026-09-15T14:42:28.7683746Z ok 376 - workshop-02/immediate: omitted equipment stays unqualified
2026-09-15T14:42:28.7684163Z   ---
2026-09-15T14:42:28.7684393Z   duration_ms: 349.886382
2026-09-15T14:42:28.7684650Z   ...
2026-09-15T14:42:28.7685079Z # Subtest: workshop-02/grid-center: omitted equipment stays unqualified
2026-09-15T14:42:28.7685850Z ok 377 - workshop-02/grid-center: omitted equipment stays unqualified
2026-09-15T14:42:28.7686241Z   ---
2026-09-15T14:42:28.7686450Z   duration_ms: 323.599276
2026-09-15T14:42:28.7686709Z   ...
2026-09-15T14:42:28.7687135Z # Subtest: workshop-03/immediate: omitted equipment stays unqualified
2026-09-15T14:42:28.7687764Z ok 378 - workshop-03/immediate: omitted equipment stays unqualified
2026-09-15T14:42:28.7688187Z   ---
2026-09-15T14:42:28.7688639Z   duration_ms: 308.693873
2026-09-15T14:42:28.7688908Z   ...
2026-09-15T14:42:28.7689364Z # Subtest: workshop-03/grid-center: omitted equipment stays unqualified
2026-09-15T14:42:28.7689978Z ok 379 - workshop-03/grid-center: omitted equipment stays unqualified
2026-09-15T14:42:28.7690376Z   ---
2026-09-15T14:42:28.7690611Z   duration_ms: 284.009367
2026-09-15T14:42:28.7690876Z   ...
2026-09-15T14:42:28.7691473Z # Subtest: legacy backup JSON stays byte-compatible and explicit v2 requires the trusted companion
2026-09-15T14:42:28.7692397Z ok 380 - legacy backup JSON stays byte-compatible and explicit v2 requires the trusted companion
2026-09-15T14:42:28.7692946Z   ---
2026-09-15T14:42:28.7693171Z   duration_ms: 8.20323
2026-09-15T14:42:28.7693421Z   ...
2026-09-15T14:42:28.7694148Z # Subtest: metadata-only v2 export retains exact descriptor and fingerprints it without claiming available originals
2026-09-15T14:42:28.7695265Z ok 381 - metadata-only v2 export retains exact descriptor and fingerprints it without claiming available originals
2026-09-15T14:42:28.7696749Z   ---
2026-09-15T14:42:28.7697000Z   duration_ms: 222.560052
2026-09-15T14:42:28.7697267Z   ...
2026-09-15T14:42:28.7697782Z # Subtest: foreign, changed and omitted descriptors refuse compact-only authority
2026-09-15T14:42:28.7698553Z ok 382 - foreign, changed and omitted descriptors refuse compact-only authority
2026-09-15T14:42:28.7699061Z   ---
2026-09-15T14:42:28.7699289Z   duration_ms: 123.649308
2026-09-15T14:42:28.7699556Z   ...
2026-09-15T14:42:28.7700231Z # Subtest: fresh paired-original restore then v2 commit publishes both assets together without any media write
2026-09-15T14:42:28.7701271Z ok 383 - fresh paired-original restore then v2 commit publishes both assets together without any media write
2026-09-15T14:42:28.7701873Z   ---
2026-09-15T14:42:28.7702097Z   duration_ms: 6537.775708
2026-09-15T14:42:28.7702350Z   ...
2026-09-15T14:42:28.7702990Z # Subtest: explicit empty v2 Undo preserves exact original bytes and historical records; v1 cannot strip index
2026-09-15T14:42:28.7703992Z ok 384 - explicit empty v2 Undo preserves exact original bytes and historical records; v1 cannot strip index
2026-09-15T14:42:28.7704551Z   ---
2026-09-15T14:42:28.7704764Z   duration_ms: 9749.516015
2026-09-15T14:42:28.7705042Z   ...
2026-09-15T14:42:28.7706033Z # Subtest: profile failure rolls back raw pack/index/profile/session values with no media changes
2026-09-15T14:42:28.7706986Z ok 385 - profile failure rolls back raw pack/index/profile/session values with no media changes
2026-09-15T14:42:28.7707463Z   ---
2026-09-15T14:42:28.7707673Z   duration_ms: 6832.851641
2026-09-15T14:42:28.7707929Z   ...
2026-09-15T14:42:28.7708465Z # Subtest: native pair transaction abort never exposes a lone new pack pointer or index
2026-09-15T14:42:28.7709267Z ok 386 - native pair transaction abort never exposes a lone new pack pointer or index
2026-09-15T14:42:28.7709772Z   ---
2026-09-15T14:42:28.7710012Z   duration_ms: 6243.607939
2026-09-15T14:42:28.7710282Z   ...
2026-09-15T14:42:28.7710895Z # Subtest: restart recovery restores exact native pair and local values from the owned v2 journal
2026-09-15T14:42:28.7711816Z ok 387 - restart recovery restores exact native pair and local values from the owned v2 journal
2026-09-15T14:42:28.7712358Z   ---
2026-09-15T14:42:28.7712599Z   duration_ms: 8.621312
2026-09-15T14:42:28.7712867Z   ...
2026-09-15T14:42:28.7713391Z # Subtest: mixed journals and changed ownership keep all raw recovery data untouched
2026-09-15T14:42:28.7714181Z ok 388 - mixed journals and changed ownership keep all raw recovery data untouched
2026-09-15T14:42:28.7714671Z   ---
2026-09-15T14:42:28.7714906Z   duration_ms: 11.586381
2026-09-15T14:42:28.7715179Z   ...
2026-09-15T14:42:28.7715838Z # Subtest: failed recovery retains the journal and succeeds after storage becomes available
2026-09-15T14:42:28.7716681Z ok 389 - failed recovery retains the journal and succeeds after storage becomes available
2026-09-15T14:42:28.7717137Z   ---
2026-09-15T14:42:28.7717559Z   duration_ms: 8.534451
2026-09-15T14:42:28.7717824Z   ...
2026-09-15T14:42:28.7718426Z # Subtest: missing/corrupt original refuses before journal and does not change descriptor metadata
2026-09-15T14:42:28.7719345Z ok 390 - missing/corrupt original refuses before journal and does not change descriptor metadata
2026-09-15T14:42:28.7719886Z   ---
2026-09-15T14:42:28.7720121Z   duration_ms: 2854.12849
2026-09-15T14:42:28.7720393Z   ...
2026-09-15T14:42:28.7721028Z # Subtest: preparation cancellation and changed current snapshot never produce adoption or native writes
2026-09-15T14:42:28.7722017Z ok 391 - preparation cancellation and changed current snapshot never produce adoption or native writes
2026-09-15T14:42:28.7722544Z   ---
2026-09-15T14:42:28.7722776Z   duration_ms: 2.261656
2026-09-15T14:42:28.7723029Z   ...
2026-09-15T14:42:28.7723714Z # Subtest: source-locked transfer fingerprints exact raw bytes and preserves its descriptor without source writes
2026-09-15T14:42:28.7724777Z ok 392 - source-locked transfer fingerprints exact raw bytes and preserves its descriptor without source writes
2026-09-15T14:42:28.7725405Z   ---
2026-09-15T14:42:28.7725987Z   duration_ms: 283.984368
2026-09-15T14:42:28.7726251Z   ...
2026-09-15T14:42:28.7726824Z # Subtest: legacy release source with no index still reads through the optional source adapter
2026-09-15T14:42:28.7727693Z ok 393 - legacy release source with no index still reads through the optional source adapter
2026-09-15T14:42:28.7728165Z   ---
2026-09-15T14:42:28.7728397Z   duration_ms: 2.951838
2026-09-15T14:42:28.7728648Z   ...
2026-09-15T14:42:28.7729088Z # Subtest: cross-key journal and stale raw assets refuse native publication
2026-09-15T14:42:28.7729845Z ok 394 - cross-key journal and stale raw assets refuse native publication
2026-09-15T14:42:28.7730301Z   ---
2026-09-15T14:42:28.7730544Z   duration_ms: 6.332936
2026-09-15T14:42:28.7730815Z   ...
2026-09-15T14:42:28.7731436Z # Subtest: native assets remain read-only without a current writer and reject fabricated adapters
2026-09-15T14:42:28.7732391Z ok 395 - native assets remain read-only without a current writer and reject fabricated adapters
2026-09-15T14:42:28.7732947Z   ---
2026-09-15T14:42:28.7733176Z   duration_ms: 4.941373
2026-09-15T14:42:28.7733432Z   ...
2026-09-15T14:42:28.7734220Z # Subtest: cancellation while verifying real original bytes stops before the backup journal
2026-09-15T14:42:28.7735083Z ok 396 - cancellation while verifying real original bytes stops before the backup journal
2026-09-15T14:42:28.7735800Z   ---
2026-09-15T14:42:28.7736034Z   duration_ms: 3481.285134
2026-09-15T14:42:28.7736314Z   ...
2026-09-15T14:42:28.7736957Z # Subtest: a concurrent original metadata generation change invalidates commit before any journal write
2026-09-15T14:42:28.7737961Z ok 397 - a concurrent original metadata generation change invalidates commit before any journal write
2026-09-15T14:42:28.7738540Z   ---
2026-09-15T14:42:28.7738779Z   duration_ms: 11209.024707
2026-09-15T14:42:28.7739054Z   ...
2026-09-15T14:42:28.7739624Z # Subtest: legacy backup journal beside an indexed chapter refuses automatic recovery
2026-09-15T14:42:28.7740435Z ok 398 - legacy backup journal beside an indexed chapter refuses automatic recovery
2026-09-15T14:42:28.7740924Z   ---
2026-09-15T14:42:28.7741171Z   duration_ms: 1.650282
2026-09-15T14:42:28.7741446Z   ...
2026-09-15T14:42:28.7742256Z # Subtest: real earned external poster remains resolvable after explicit replacement and its saved flight cannot silently lose the pack
2026-09-15T14:42:28.7743563Z ok 399 - real earned external poster remains resolvable after explicit replacement and its saved flight cannot silently lose the pack
2026-09-15T14:42:28.7744286Z   ---
2026-09-15T14:42:28.7744521Z   duration_ms: 6513.033491
2026-09-15T14:42:28.7744798Z   ...
2026-09-15T14:42:28.7745398Z # Subtest: supported metadata backup still refuses pack-only export that would strip the index
2026-09-15T14:42:28.7746442Z ok 400 - supported metadata backup still refuses pack-only export that would strip the index
2026-09-15T14:42:28.7747156Z   ---
2026-09-15T14:42:28.7747398Z   duration_ms: 49.38351
2026-09-15T14:42:28.7747658Z   ...
2026-09-15T14:42:28.7748212Z # Subtest: source external journal and non-writer target are refused without local writes
2026-09-15T14:42:28.7749055Z ok 401 - source external journal and non-writer target are refused without local writes
2026-09-15T14:42:28.7749569Z   ---
2026-09-15T14:42:28.7749801Z   duration_ms: 3.041054
2026-09-15T14:42:28.7750065Z   ...
2026-09-15T14:42:28.7750815Z # Subtest: modeled reply loss after committed final journal clear re-establishes owned recovery and rolls back exact values
2026-09-15T14:42:28.7751981Z ok 402 - modeled reply loss after committed final journal clear re-establishes owned recovery and rolls back exact values
2026-09-15T14:42:28.7752630Z   ---
2026-09-15T14:42:28.7752866Z   duration_ms: 4817.049665
2026-09-15T14:42:28.7753141Z   ...
2026-09-15T14:42:30.4143533Z # Subtest: real two-store install commits originals before one atomic pointer publication, with exact bytes and no profile/session writes
2026-09-15T14:42:30.4157088Z ok 403 - real two-store install commits originals before one atomic pointer publication, with exact bytes and no profile/session writes
2026-09-15T14:42:30.4157997Z   ---
2026-09-15T14:42:30.4158485Z   duration_ms: 18162.359226
2026-09-15T14:42:30.4159006Z   ...
2026-09-15T14:42:30.4159797Z # Subtest: crash after prepared preserves recovery and completes without recommitting originals
2026-09-15T14:42:30.4160914Z ok 404 - crash after prepared preserves recovery and completes without recommitting originals
2026-09-15T14:42:30.4161636Z   ---
2026-09-15T14:42:30.4162032Z   duration_ms: 17721.839938
2026-09-15T14:42:30.4162464Z   ...
2026-09-15T14:42:30.4163289Z # Subtest: crash before media-committed preserves recovery and completes without recommitting originals
2026-09-15T14:42:30.4164475Z ok 405 - crash before media-committed preserves recovery and completes without recommitting originals
2026-09-15T14:42:30.4165230Z   ---
2026-09-15T14:42:30.4165748Z   duration_ms: 16752.955552
2026-09-15T14:42:30.4166183Z   ...
2026-09-15T14:42:30.4166960Z # Subtest: crash before published preserves recovery and completes without recommitting originals
2026-09-15T14:42:30.4168511Z ok 406 - crash before published preserves recovery and completes without recommitting originals
2026-09-15T14:42:30.4169236Z   ---
2026-09-15T14:42:30.4169632Z   duration_ms: 14610.179511
2026-09-15T14:42:30.4170067Z   ...
2026-09-15T14:42:30.4170836Z # Subtest: crash after published preserves recovery and completes without recommitting originals
2026-09-15T14:42:30.4171942Z ok 407 - crash after published preserves recovery and completes without recommitting originals
2026-09-15T14:42:30.4172652Z   ---
2026-09-15T14:42:30.4173037Z   duration_ms: 9679.976909
2026-09-15T14:42:30.4173473Z   ...
2026-09-15T14:42:30.4174302Z # Subtest: crash before final journal clear preserves recovery and completes without recommitting originals
2026-09-15T14:42:30.4175634Z ok 408 - crash before final journal clear preserves recovery and completes without recommitting originals
2026-09-15T14:42:30.4176402Z   ---
2026-09-15T14:42:30.4176789Z   duration_ms: 11030.390357
2026-09-15T14:42:30.4177221Z   ...
2026-09-15T14:42:51.2924277Z # Subtest: failed pointer second put rolls back publication and journal phase together
2026-09-15T14:42:51.2927130Z ok 409 - failed pointer second put rolls back publication and journal phase together
2026-09-15T14:42:51.2927896Z   ---
2026-09-15T14:42:51.2928323Z   duration_ms: 21212.074842
2026-09-15T14:42:51.2928773Z   ...
2026-09-15T14:43:09.6113602Z # Subtest: abort after originals commit and before pointer publication leaves old pointer and recoverable originals
2026-09-15T14:43:09.6114933Z ok 410 - abort after originals commit and before pointer publication leaves old pointer and recoverable originals
2026-09-15T14:43:09.6115969Z   ---
2026-09-15T14:43:09.6116405Z   duration_ms: 18303.319242
2026-09-15T14:43:09.6124299Z   ...
2026-09-15T14:43:26.5767201Z # Subtest: reported quota refusal leaves media and pointer unchanged; same journal can resume after space is available
2026-09-15T14:43:26.5797082Z ok 411 - reported quota refusal leaves media and pointer unchanged; same journal can resume after space is available
2026-09-15T14:43:26.5798116Z   ---
2026-09-15T14:43:26.5798647Z   duration_ms: 16635.817813
2026-09-15T14:43:26.5799113Z   ...
2026-09-15T14:44:12.3255792Z # Subtest: foreign pack pointer, foreign generation and post-publication media change never clear the journal or roll back originals
2026-09-15T14:44:12.3293088Z ok 412 - foreign pack pointer, foreign generation and post-publication media change never clear the journal or roll back originals
2026-09-15T14:44:12.3296073Z   ---
2026-09-15T14:44:12.3296391Z   duration_ms: 46219.093386
2026-09-15T14:44:12.3310185Z   ...
2026-09-15T14:44:21.1485366Z # Subtest: pre-existing historical binding cannot be silently replaced even when its pack is absent
2026-09-15T14:44:21.1493991Z ok 413 - pre-existing historical binding cannot be silently replaced even when its pack is absent
2026-09-15T14:44:21.1494954Z   ---
2026-09-15T14:44:21.1495645Z   duration_ms: 9322.048446
2026-09-15T14:44:21.1496119Z   ...
2026-09-15T14:44:21.1497091Z # Subtest: writer, lock, backup marker, cancellation and forged prepared capability refuse before any journal write
2026-09-15T14:44:21.1498441Z ok 414 - writer, lock, backup marker, cancellation and forged prepared capability refuse before any journal write
2026-09-15T14:44:21.1499214Z   ---
2026-09-15T14:44:21.1499618Z   duration_ms: 2.976936
2026-09-15T14:44:21.1500039Z   ...
2026-09-15T14:44:41.5683649Z # Subtest: side-by-side pilot retains the exact embedded edition and actual old suspended attempt; it does not perform migration
2026-09-15T14:44:41.5684920Z ok 415 - side-by-side pilot retains the exact embedded edition and actual old suspended attempt; it does not perform migration
2026-09-15T14:44:41.5685593Z   ---
2026-09-15T14:44:41.5685856Z   duration_ms: 19641.236153
2026-09-15T14:44:41.5686176Z   ...
2026-09-15T14:44:47.8417888Z # Subtest: corrupt committed original blocks recovery without changing pointer, index, metadata or deleting history
2026-09-15T14:44:47.8437721Z ok 416 - corrupt committed original blocks recovery without changing pointer, index, metadata or deleting history
2026-09-15T14:44:47.8438724Z   ---
2026-09-15T14:44:47.8439223Z   duration_ms: 7043.582562
2026-09-15T14:44:47.8439680Z   ...
2026-09-15T14:44:47.8440593Z # Subtest: native pointer guard rejects old backup journal, mismatched channel, cancelled write and foreign index CAS
2026-09-15T14:44:47.8441879Z ok 417 - native pointer guard rejects old backup journal, mismatched channel, cancelled write and foreign index CAS
2026-09-15T14:44:47.8442663Z   ---
2026-09-15T14:44:47.8443054Z   duration_ms: 4.427657
2026-09-15T14:44:47.8443492Z   ...
2026-09-15T14:44:47.8444366Z # Subtest: pointer channels preserve the existing bounded release-v spelling and refuse mismatched variants
2026-09-15T14:44:47.8445864Z ok 418 - pointer channels preserve the existing bounded release-v spelling and refuse mismatched variants
2026-09-15T14:44:47.8446692Z   ---
2026-09-15T14:44:47.8447162Z   duration_ms: 2.624033
2026-09-15T14:44:47.8447720Z   ...
2026-09-15T14:44:47.8697971Z # Subtest: trusted registration is the only source of built-in execution authority and owns immutable catalog results
2026-09-15T14:44:47.8727988Z ok 419 - trusted registration is the only source of built-in execution authority and owns immutable catalog results
2026-09-15T14:44:47.8756720Z   ---
2026-09-15T14:44:47.8780557Z   duration_ms: 13.157522
2026-09-15T14:44:47.8811680Z   ...
2026-09-15T14:44:47.8813891Z # Subtest: claimed installed descriptors cannot replace the finite trusted registry or a complete matching pack
2026-09-15T14:44:47.8815251Z ok 420 - claimed installed descriptors cannot replace the finite trusted registry or a complete matching pack
2026-09-15T14:44:47.8816330Z   ---
2026-09-15T14:44:47.8816771Z   duration_ms: 3.050107
2026-09-15T14:44:47.8817730Z   ...
2026-09-15T14:44:47.8818512Z # Subtest: cancelled pure catalog preparation refuses without storage or runtime fallback
2026-09-15T14:44:47.8819585Z ok 421 - cancelled pure catalog preparation refuses without storage or runtime fallback
2026-09-15T14:44:47.8820308Z   ---
2026-09-15T14:44:47.8820747Z   duration_ms: 0.868953
2026-09-15T14:44:47.8821185Z   ...
2026-09-15T14:44:47.8822149Z # Subtest: existing backup companion delegates pure preparation and preserves closed/cancelled guards without opening stores
2026-09-15T14:44:47.8823571Z ok 422 - existing backup companion delegates pure preparation and preserves closed/cancelled guards without opening stores
2026-09-15T14:44:47.8824420Z   ---
2026-09-15T14:44:47.8824835Z   duration_ms: 1.952709
2026-09-15T14:44:47.8825276Z   ...
2026-09-15T14:44:47.8826328Z # Subtest: all 30 registered sprite frames have binary alpha, at most 12 approved colors, and valid exact frame geometry
2026-09-15T14:44:47.8827633Z ok 423 - all 30 registered sprite frames have binary alpha, at most 12 approved colors, and valid exact frame geometry
2026-09-15T14:44:47.8828447Z   ---
2026-09-15T14:44:47.8828864Z   duration_ms: 58.070666
2026-09-15T14:44:47.8829321Z   ...
2026-09-15T14:44:47.8830254Z # Subtest: north-facing player cameras and static motor centers match the exact registered anchors at both native grids
2026-09-15T14:44:47.8831578Z ok 424 - north-facing player cameras and static motor centers match the exact registered anchors at both native grids
2026-09-15T14:44:47.8832408Z   ---
2026-09-15T14:44:47.8832832Z   duration_ms: 18.544258
2026-09-15T14:44:47.8833271Z   ...
2026-09-15T14:44:47.8834107Z # Subtest: native detailed drawings are distinct authored clusters and all role outputs are independent
2026-09-15T14:44:47.8835292Z ok 425 - native detailed drawings are distinct authored clusters and all role outputs are independent
2026-09-15T14:44:47.8836204Z   ---
2026-09-15T14:44:47.8836615Z   duration_ms: 50.044554
2026-09-15T14:44:47.8837060Z   ...
2026-09-15T14:44:47.8837976Z # Subtest: all emitted PNGs decode to source pixels and retain exact hashes, measured bounds, and produced-only provenance
2026-09-15T14:44:47.8839607Z ok 426 - all emitted PNGs decode to source pixels and retain exact hashes, measured bounds, and produced-only provenance
2026-09-15T14:44:47.8840440Z   ---
2026-09-15T14:44:47.8840850Z   duration_ms: 1171.906446
2026-09-15T14:44:47.8841304Z   ...
2026-09-15T14:44:47.8842173Z # Subtest: title preparation keeps the original RGB, exact 3x clusters, both aspect ratios and shared reveal palette
2026-09-15T14:44:47.8843429Z ok 427 - title preparation keeps the original RGB, exact 3x clusters, both aspect ratios and shared reveal palette
2026-09-15T14:44:47.8844205Z   ---
2026-09-15T14:44:47.8844617Z   duration_ms: 906.489346
2026-09-15T14:44:47.8845066Z   ...
2026-09-15T14:44:47.8846089Z # Subtest: title v2 reproduces exactly and preserves original sources, historical v1 outputs and their manifest bytes
2026-09-15T14:44:47.8847406Z ok 428 - title v2 reproduces exactly and preserves original sources, historical v1 outputs and their manifest bytes
2026-09-15T14:44:47.8848278Z   ---
2026-09-15T14:44:47.8848693Z   duration_ms: 900.677749
2026-09-15T14:44:47.8849142Z   ...
2026-09-15T14:44:47.8849994Z # Subtest: new private lesson oracle has exactly the named routes, separate from historic campaign proofs
2026-09-15T14:44:47.8851138Z ok 429 - new private lesson oracle has exactly the named routes, separate from historic campaign proofs
2026-09-15T14:44:47.8851892Z   ---
2026-09-15T14:44:47.8852309Z   duration_ms: 1.872328
2026-09-15T14:44:47.8852742Z   ...
2026-09-15T14:44:47.8853537Z # Subtest: public-input proof preserves exact simulation and lesson result: close-line-immediate
2026-09-15T14:44:47.8854671Z ok 430 - public-input proof preserves exact simulation and lesson result: close-line-immediate
2026-09-15T14:44:47.8855382Z   ---
2026-09-15T14:44:47.8855955Z   duration_ms: 254.199318
2026-09-15T14:44:47.8856412Z   ...
2026-09-15T14:44:47.8857546Z # Subtest: public-input proof preserves exact simulation and lesson result: empty-side-immediate
2026-09-15T14:44:47.8858786Z ok 431 - public-input proof preserves exact simulation and lesson result: empty-side-immediate
2026-09-15T14:44:47.8859518Z   ---
2026-09-15T14:44:47.8859931Z   duration_ms: 534.256217
2026-09-15T14:44:47.8860375Z   ...
2026-09-15T14:44:47.8861189Z # Subtest: public-input proof preserves exact simulation and lesson result: picture-home-immediate
2026-09-15T14:44:47.8862368Z ok 432 - public-input proof preserves exact simulation and lesson result: picture-home-immediate
2026-09-15T14:44:47.8863469Z   ---
2026-09-15T14:44:47.8864010Z   duration_ms: 437.670771
2026-09-15T14:44:47.8864450Z   ...
2026-09-15T14:44:47.8865306Z # Subtest: public-input proof preserves exact simulation and lesson result: empty-side-recovery-immediate
2026-09-15T14:44:47.8866591Z ok 433 - public-input proof preserves exact simulation and lesson result: empty-side-recovery-immediate
2026-09-15T14:44:47.8867374Z   ---
2026-09-15T14:44:47.8867782Z   duration_ms: 631.811843
2026-09-15T14:44:47.8868217Z   ...
2026-09-15T14:44:47.8869048Z # Subtest: public-input proof preserves exact simulation and lesson result: empty-side-alternate-immediate
2026-09-15T14:44:47.8870256Z ok 434 - public-input proof preserves exact simulation and lesson result: empty-side-alternate-immediate
2026-09-15T14:44:47.8871019Z   ---
2026-09-15T14:44:47.8871425Z   duration_ms: 533.210776
2026-09-15T14:44:47.8871883Z   ...
2026-09-15T14:44:47.8872742Z # Subtest: public-input proof preserves exact simulation and lesson result: empty-side-outside-band-immediate
2026-09-15T14:44:47.8873982Z ok 435 - public-input proof preserves exact simulation and lesson result: empty-side-outside-band-immediate
2026-09-15T14:44:47.8874764Z   ---
2026-09-15T14:44:47.8875180Z   duration_ms: 360.766034
2026-09-15T14:44:47.8875764Z   ...
2026-09-15T14:44:47.8876573Z # Subtest: public-input proof preserves exact simulation and lesson result: empty-side-loss-immediate
2026-09-15T14:44:47.8877748Z ok 436 - public-input proof preserves exact simulation and lesson result: empty-side-loss-immediate
2026-09-15T14:44:47.8878496Z   ---
2026-09-15T14:44:47.8878894Z   duration_ms: 218.428341
2026-09-15T14:44:47.8879329Z   ...
2026-09-15T14:44:47.8880545Z # Subtest: public-input proof preserves exact simulation and lesson result: close-line-grid-center
2026-09-15T14:44:47.8881690Z ok 437 - public-input proof preserves exact simulation and lesson result: close-line-grid-center
2026-09-15T14:44:47.8882420Z   ---
2026-09-15T14:44:47.8882820Z   duration_ms: 188.382706
2026-09-15T14:44:47.8883257Z   ...
2026-09-15T14:44:47.8884045Z # Subtest: public-input proof preserves exact simulation and lesson result: empty-side-grid-center
2026-09-15T14:44:47.8885157Z ok 438 - public-input proof preserves exact simulation and lesson result: empty-side-grid-center
2026-09-15T14:44:47.8886078Z   ---
2026-09-15T14:44:47.8886490Z   duration_ms: 470.022159
2026-09-15T14:44:47.8886923Z   ...
2026-09-15T14:44:47.8887716Z # Subtest: public-input proof preserves exact simulation and lesson result: picture-home-grid-center
2026-09-15T14:44:47.8888792Z ok 439 - public-input proof preserves exact simulation and lesson result: picture-home-grid-center
2026-09-15T14:44:47.8889534Z   ---
2026-09-15T14:44:47.8889956Z   duration_ms: 389.116338
2026-09-15T14:44:47.8890400Z   ...
2026-09-15T14:44:47.8891249Z # Subtest: public-input proof preserves exact simulation and lesson result: empty-side-recovery-grid-center
2026-09-15T14:44:47.8892485Z ok 440 - public-input proof preserves exact simulation and lesson result: empty-side-recovery-grid-center
2026-09-15T14:44:47.8893275Z   ---
2026-09-15T14:44:47.8893686Z   duration_ms: 549.794866
2026-09-15T14:44:47.8894125Z   ...
2026-09-15T14:44:47.8894978Z # Subtest: public-input proof preserves exact simulation and lesson result: empty-side-alternate-grid-center
2026-09-15T14:44:47.8896392Z ok 441 - public-input proof preserves exact simulation and lesson result: empty-side-alternate-grid-center
2026-09-15T14:44:47.8897437Z   ---
2026-09-15T14:44:47.8897855Z   duration_ms: 491.132617
2026-09-15T14:44:47.8898296Z   ...
2026-09-15T14:44:47.8899176Z # Subtest: public-input proof preserves exact simulation and lesson result: empty-side-outside-band-grid-center
2026-09-15T14:44:47.8900442Z ok 442 - public-input proof preserves exact simulation and lesson result: empty-side-outside-band-grid-center
2026-09-15T14:44:47.8901230Z   ---
2026-09-15T14:44:47.8901653Z   duration_ms: 346.452102
2026-09-15T14:44:47.8902096Z   ...
2026-09-15T14:44:47.8902915Z # Subtest: public-input proof preserves exact simulation and lesson result: empty-side-loss-grid-center
2026-09-15T14:44:47.8904105Z ok 443 - public-input proof preserves exact simulation and lesson result: empty-side-loss-grid-center
2026-09-15T14:44:47.8904859Z   ---
2026-09-15T14:44:47.8905256Z   duration_ms: 185.163764
2026-09-15T14:44:47.8905841Z   ...
2026-09-15T14:44:47.8906621Z # Subtest: empty-side exact divider, live line and filled rectangle at row 16, immediate
2026-09-15T14:44:47.8907633Z ok 444 - empty-side exact divider, live line and filled rectangle at row 16, immediate
2026-09-15T14:44:47.8908321Z   ---
2026-09-15T14:44:47.8908734Z   duration_ms: 377.046907
2026-09-15T14:44:47.8909191Z   ...
2026-09-15T14:44:47.8909911Z # Subtest: empty-side exact divider, live line and filled rectangle at row 17, immediate
2026-09-15T14:44:47.8910894Z ok 445 - empty-side exact divider, live line and filled rectangle at row 17, immediate
2026-09-15T14:44:47.8911809Z   ---
2026-09-15T14:44:47.8912245Z   duration_ms: 404.585726
2026-09-15T14:44:47.8912692Z   ...
2026-09-15T14:44:47.8913733Z # Subtest: empty-side exact divider, live line and filled rectangle at row 18, immediate
2026-09-15T14:44:47.8914748Z ok 446 - empty-side exact divider, live line and filled rectangle at row 18, immediate
2026-09-15T14:44:47.8915430Z   ---
2026-09-15T14:44:47.8915968Z   duration_ms: 392.960645
2026-09-15T14:44:47.8916411Z   ...
2026-09-15T14:44:47.8917138Z # Subtest: empty-side exact divider, live line and filled rectangle at row 19, immediate
2026-09-15T14:44:47.8918144Z ok 447 - empty-side exact divider, live line and filled rectangle at row 19, immediate
2026-09-15T14:44:47.8918795Z   ---
2026-09-15T14:44:47.8919199Z   duration_ms: 367.141304
2026-09-15T14:44:47.8919892Z   ...
2026-09-15T14:44:47.8920614Z # Subtest: empty-side exact divider, live line and filled rectangle at row 20, immediate
2026-09-15T14:44:47.8921807Z ok 448 - empty-side exact divider, live line and filled rectangle at row 20, immediate
2026-09-15T14:44:47.8922482Z   ---
2026-09-15T14:44:47.8922887Z   duration_ms: 351.367908
2026-09-15T14:44:47.8923321Z   ...
2026-09-15T14:44:47.8924028Z # Subtest: empty-side exact divider, live line and filled rectangle at row 21, immediate
2026-09-15T14:44:47.8925013Z ok 449 - empty-side exact divider, live line and filled rectangle at row 21, immediate
2026-09-15T14:44:47.8925841Z   ---
2026-09-15T14:44:47.8926235Z   duration_ms: 339.345759
2026-09-15T14:44:47.8926694Z   ...
2026-09-15T14:44:47.8927394Z # Subtest: empty-side exact divider, live line and filled rectangle at row 22, immediate
2026-09-15T14:44:47.8928369Z ok 450 - empty-side exact divider, live line and filled rectangle at row 22, immediate
2026-09-15T14:44:47.8929033Z   ---
2026-09-15T14:44:47.8929443Z   duration_ms: 338.706733
2026-09-15T14:44:47.8929884Z   ...
2026-09-15T14:44:47.8930590Z # Subtest: empty-side exact divider, live line and filled rectangle at row 23, immediate
2026-09-15T14:44:47.8931575Z ok 451 - empty-side exact divider, live line and filled rectangle at row 23, immediate
2026-09-15T14:44:47.8932232Z   ---
2026-09-15T14:44:47.8932637Z   duration_ms: 347.980321
2026-09-15T14:44:47.8933063Z   ...
2026-09-15T14:44:47.8933708Z # Subtest: empty-side exact divider, live line and filled rectangle at row 24, immediate
2026-09-15T14:44:47.8934698Z ok 452 - empty-side exact divider, live line and filled rectangle at row 24, immediate
2026-09-15T14:44:47.8935365Z   ---
2026-09-15T14:44:47.8936146Z   duration_ms: 346.726738
2026-09-15T14:44:47.8936599Z   ...
2026-09-15T14:44:47.8937336Z # Subtest: empty-side exact divider, live line and filled rectangle at row 16, grid-center
2026-09-15T14:44:47.8938350Z ok 453 - empty-side exact divider, live line and filled rectangle at row 16, grid-center
2026-09-15T14:44:47.8939009Z   ---
2026-09-15T14:44:47.8939399Z   duration_ms: 366.581529
2026-09-15T14:44:47.8939841Z   ...
2026-09-15T14:44:47.8940551Z # Subtest: empty-side exact divider, live line and filled rectangle at row 17, grid-center
2026-09-15T14:44:47.8941574Z ok 454 - empty-side exact divider, live line and filled rectangle at row 17, grid-center
2026-09-15T14:44:47.8942252Z   ---
2026-09-15T14:44:47.8942650Z   duration_ms: 382.528962
2026-09-15T14:44:47.8943091Z   ...
2026-09-15T14:44:47.8943810Z # Subtest: empty-side exact divider, live line and filled rectangle at row 18, grid-center
2026-09-15T14:44:47.8944835Z ok 455 - empty-side exact divider, live line and filled rectangle at row 18, grid-center
2026-09-15T14:44:47.8945709Z   ---
2026-09-15T14:44:47.8946122Z   duration_ms: 373.749613
2026-09-15T14:44:47.8946563Z   ...
2026-09-15T14:44:47.8947287Z # Subtest: empty-side exact divider, live line and filled rectangle at row 19, grid-center
2026-09-15T14:44:47.8948384Z ok 456 - empty-side exact divider, live line and filled rectangle at row 19, grid-center
2026-09-15T14:44:47.8949067Z   ---
2026-09-15T14:44:47.8949464Z   duration_ms: 386.692271
2026-09-15T14:44:47.8949912Z   ...
2026-09-15T14:44:47.8950627Z # Subtest: empty-side exact divider, live line and filled rectangle at row 20, grid-center
2026-09-15T14:44:47.8951597Z ok 457 - empty-side exact divider, live line and filled rectangle at row 20, grid-center
2026-09-15T14:44:47.8952274Z   ---
2026-09-15T14:44:47.8952675Z   duration_ms: 370.379573
2026-09-15T14:44:47.8953115Z   ...
2026-09-15T14:44:47.8953835Z # Subtest: empty-side exact divider, live line and filled rectangle at row 21, grid-center
2026-09-15T14:44:47.8954835Z ok 458 - empty-side exact divider, live line and filled rectangle at row 21, grid-center
2026-09-15T14:44:47.8955918Z   ---
2026-09-15T14:44:47.8956390Z   duration_ms: 349.251241
2026-09-15T14:44:47.8956834Z   ...
2026-09-15T14:44:47.8957805Z # Subtest: empty-side exact divider, live line and filled rectangle at row 22, grid-center
2026-09-15T14:44:47.8958834Z ok 459 - empty-side exact divider, live line and filled rectangle at row 22, grid-center
2026-09-15T14:44:47.8959522Z   ---
2026-09-15T14:44:47.8959931Z   duration_ms: 339.846866
2026-09-15T14:44:47.8960381Z   ...
2026-09-15T14:44:47.8961102Z # Subtest: empty-side exact divider, live line and filled rectangle at row 23, grid-center
2026-09-15T14:44:47.8962116Z ok 460 - empty-side exact divider, live line and filled rectangle at row 23, grid-center
2026-09-15T14:44:47.8962788Z   ---
2026-09-15T14:44:47.8963184Z   duration_ms: 342.599444
2026-09-15T14:44:47.8963617Z   ...
2026-09-15T14:44:47.8964316Z # Subtest: empty-side exact divider, live line and filled rectangle at row 24, grid-center
2026-09-15T14:44:47.8965340Z ok 461 - empty-side exact divider, live line and filled rectangle at row 24, grid-center
2026-09-15T14:44:47.8966200Z   ---
2026-09-15T14:44:47.8966603Z   duration_ms: 348.916005
2026-09-15T14:44:47.8967045Z   ...
2026-09-15T14:44:47.8967809Z # Subtest: observing and repeated idle sampling preserve exported replay bytes: immediate
2026-09-15T14:44:47.8968845Z ok 462 - observing and repeated idle sampling preserve exported replay bytes: immediate
2026-09-15T14:44:47.8969530Z   ---
2026-09-15T14:44:47.8969937Z   duration_ms: 462.67283
2026-09-15T14:44:47.8970368Z   ...
2026-09-15T14:44:47.8971102Z # Subtest: observing and repeated idle sampling preserve exported replay bytes: grid-center
2026-09-15T14:44:47.8972174Z ok 463 - observing and repeated idle sampling preserve exported replay bytes: grid-center
2026-09-15T14:44:47.8972867Z   ---
2026-09-15T14:44:47.8973267Z   duration_ms: 445.297928
2026-09-15T14:44:47.8973702Z   ...
2026-09-15T14:44:47.8974770Z # Subtest: a different valid separator and filled rectangle do not count as the taught example: immediate
2026-09-15T14:44:47.8976081Z ok 464 - a different valid separator and filled rectangle do not count as the taught example: immediate
2026-09-15T14:44:47.8976840Z   ---
2026-09-15T14:44:47.8977262Z   duration_ms: 486.886712
2026-09-15T14:44:47.8977716Z   ...
2026-09-15T14:44:47.8978547Z # Subtest: a different valid separator and filled rectangle do not count as the taught example: grid-center
2026-09-15T14:44:47.8979734Z ok 465 - a different valid separator and filled rectangle do not count as the taught example: grid-center
2026-09-15T14:44:47.8980488Z   ---
2026-09-15T14:44:47.8980889Z   duration_ms: 439.264215
2026-09-15T14:44:47.8981313Z   ...
2026-09-15T14:44:47.8982083Z # Subtest: fresh choices freeze complete selected story A and explicit null for every other world
2026-09-15T14:44:47.8983178Z ok 466 - fresh choices freeze complete selected story A and explicit null for every other world
2026-09-15T14:44:47.8983915Z   ---
2026-09-15T14:44:47.8984326Z   duration_ms: 194.030709
2026-09-15T14:44:47.8984767Z   ...
2026-09-15T14:44:47.8985737Z # Subtest: old attempt and explicit null never add a newly available authored story
2026-09-15T14:44:47.8986723Z ok 467 - old attempt and explicit null never add a newly available authored story
2026-09-15T14:44:47.8987373Z   ---
2026-09-15T14:44:47.8987812Z   duration_ms: 114.265114
2026-09-15T14:44:47.8988245Z   ...
2026-09-15T14:44:47.8989005Z # Subtest: original unavailability preserves the exact movie pin without decoder allocation
2026-09-15T14:44:47.8990086Z ok 468 - original unavailability preserves the exact movie pin without decoder allocation
2026-09-15T14:44:47.8990796Z   ---
2026-09-15T14:44:47.8991199Z   duration_ms: 119.087557
2026-09-15T14:44:47.8991640Z   ...
2026-09-15T14:44:47.8992413Z # Subtest: selection snapshots caller metadata before real digest work and honors cancellation
2026-09-15T14:44:47.8993500Z ok 469 - selection snapshots caller metadata before real digest work and honors cancellation
2026-09-15T14:44:47.8994239Z   ---
2026-09-15T14:44:47.8994647Z   duration_ms: 54.71466
2026-09-15T14:44:47.8995080Z   ...
2026-09-15T14:44:47.8996279Z # Subtest: new strict envelope rejects missing/null confusion, extra fields, legacy movie and oversize
2026-09-15T14:44:47.8997453Z ok 470 - new strict envelope rejects missing/null confusion, extra fields, legacy movie and oversize
2026-09-15T14:44:47.8998193Z   ---
2026-09-15T14:44:47.8998600Z   duration_ms: 30.015255
2026-09-15T14:44:47.8999044Z   ...
2026-09-15T14:44:47.8999789Z # Subtest: v4 real unfinished replay restores standard/immediate A with unchanged continuation
2026-09-15T14:44:47.9000859Z ok 471 - v4 real unfinished replay restores standard/immediate A with unchanged continuation
2026-09-15T14:44:47.9001781Z   ---
2026-09-15T14:44:47.9002244Z   duration_ms: 124.280501
2026-09-15T14:44:47.9002684Z   ...
2026-09-15T14:44:47.9003454Z # Subtest: v4 real unfinished replay restores standard/grid-center A with unchanged continuation
2026-09-15T14:44:47.9004540Z ok 472 - v4 real unfinished replay restores standard/grid-center A with unchanged continuation
2026-09-15T14:44:47.9005252Z   ---
2026-09-15T14:44:47.9005789Z   duration_ms: 82.311051
2026-09-15T14:44:47.9006221Z   ...
2026-09-15T14:44:47.9006971Z # Subtest: v4 real unfinished replay restores gentle/immediate A with unchanged continuation
2026-09-15T14:44:47.9008033Z ok 473 - v4 real unfinished replay restores gentle/immediate A with unchanged continuation
2026-09-15T14:44:47.9008724Z   ---
2026-09-15T14:44:47.9009133Z   duration_ms: 84.240736
2026-09-15T14:44:47.9009571Z   ...
2026-09-15T14:44:47.9010331Z # Subtest: v4 real unfinished replay restores gentle/grid-center A with unchanged continuation
2026-09-15T14:44:47.9011383Z ok 474 - v4 real unfinished replay restores gentle/grid-center A with unchanged continuation
2026-09-15T14:44:47.9012081Z   ---
2026-09-15T14:44:47.9012477Z   duration_ms: 77.779146
2026-09-15T14:44:47.9013253Z   ...
2026-09-15T14:46:01.8937083Z # original-fpv-pressure: 10719959 formatted bytes; 10711106 normalized JSON bytes; dc7b29694ec409c629e4006f11b96a2834937bf0f846e9dd9f29c5981aa5daa9
2026-09-15T14:46:01.8964162Z # original-ukraine-atlas: 12358446 formatted bytes; 12349593 normalized JSON bytes; 690c56f06c85fddf01bab9b997022ed3c5ed9b8872b79b4124cd263607a3d91b
2026-09-15T14:46:01.9017018Z # original-retro-1994: 10329657 formatted bytes; 10320804 normalized JSON bytes; 33e772d12a0ae98373e4240257b0f9726f00ad28095cb0ae06d6d1fc79964714
2026-09-15T14:46:01.9046783Z # original-spend-network: 11067202 formatted bytes; 11058349 normalized JSON bytes; 5ab9a0c7362ca8e05819ff3d68c0a7246ab5057b4d796a063d3d69af115504ac
2026-09-15T14:46:01.9048216Z # Subtest: four optional theme chapters compile all twelve exact originals with distinct contexts and unchanged gameplay
2026-09-15T14:46:01.9049386Z ok 475 - four optional theme chapters compile all twelve exact originals with distinct contexts and unchanged gameplay
2026-09-15T14:46:01.9050062Z   ---
2026-09-15T14:46:01.9050338Z   duration_ms: 29541.894019
2026-09-15T14:46:01.9050609Z   ...
2026-09-15T14:46:01.9051358Z # Subtest: all four original packs fit the existing installed limit; an extra illustrated edition refuses without eviction
2026-09-15T14:46:01.9052546Z ok 476 - all four original packs fit the existing installed limit; an extra illustrated edition refuses without eviction
2026-09-15T14:46:01.9053231Z   ---
2026-09-15T14:46:01.9053481Z   duration_ms: 13437.951951
2026-09-15T14:46:01.9053784Z   ...
2026-09-15T14:46:01.9054356Z # Subtest: optional pack files and raw originals stay outside every default build and index
2026-09-15T14:46:01.9055257Z ok 477 - optional pack files and raw originals stay outside every default build and index
2026-09-15T14:46:01.9086240Z   ---
2026-09-15T14:46:01.9086529Z   duration_ms: 179.757492
2026-09-15T14:46:01.9086832Z   ...
2026-09-15T14:46:01.9087693Z # Subtest: 48 fresh wins resolve actual compiled art and verify pressure-phase save/restore in both difficulties and steering policies
2026-09-15T14:46:01.9089046Z ok 478 - 48 fresh wins resolve actual compiled art and verify pressure-phase save/restore in both difficulties and steering policies
2026-09-15T14:46:01.9089766Z   ---
2026-09-15T14:46:01.9090025Z   duration_ms: 62761.507171
2026-09-15T14:46:01.9090842Z   ...
2026-09-15T14:46:01.9091622Z # Subtest: missing, duplicate, foreign and tampered art/rule/route/checkpoint candidates cannot borrow old verdicts
2026-09-15T14:46:01.9092762Z ok 479 - missing, duplicate, foreign and tampered art/rule/route/checkpoint candidates cannot borrow old verdicts
2026-09-15T14:46:01.9093389Z   ---
2026-09-15T14:46:01.9093642Z   duration_ms: 101870.516401
2026-09-15T14:46:01.9093946Z   ...
2026-09-15T14:46:01.9094715Z # Subtest: owned PNG verification decodes all five filters and rejects bad CRC/compressed pixels behind a valid header
2026-09-15T14:46:01.9096000Z ok 480 - owned PNG verification decodes all five filters and rejects bad CRC/compressed pixels behind a valid header
2026-09-15T14:46:01.9096639Z   ---
2026-09-15T14:46:01.9096884Z   duration_ms: 4.127033
2026-09-15T14:46:01.9097191Z   ...
2026-09-15T14:46:01.9544580Z # Subtest: R5 proves 24 real direction-only pressure wins and keeps ordinary departures separate from balance claims
2026-09-15T14:46:01.9566841Z ok 481 - R5 proves 24 real direction-only pressure wins and keeps ordinary departures separate from balance claims
2026-09-15T14:46:01.9596145Z   ---
2026-09-15T14:46:01.9596739Z   duration_ms: 18586.828249
2026-09-15T14:46:01.9612625Z   ...
2026-09-15T14:46:01.9615091Z # Subtest: R5 rejects missing identities, manual commands, missing releases and foreign source authority
2026-09-15T14:46:01.9616218Z ok 482 - R5 rejects missing identities, manual commands, missing releases and foreign source authority
2026-09-15T14:46:01.9616698Z   ---
2026-09-15T14:46:01.9617053Z   duration_ms: 44126.824293
2026-09-15T14:46:01.9617476Z   ...
2026-09-15T14:46:01.9618083Z # Subtest: R5 recomputes pressure events, saved checkpoints and ordinary-control observations
2026-09-15T14:46:01.9619411Z ok 483 - R5 recomputes pressure events, saved checkpoints and ordinary-control observations
2026-09-15T14:46:01.9619976Z   ---
2026-09-15T14:46:01.9620217Z   duration_ms: 21626.29765
2026-09-15T14:46:01.9620486Z   ...
2026-09-15T14:46:01.9621087Z # Subtest: all 24 actual pressure commitments survive public save, restore and complete winning continuation
2026-09-15T14:46:01.9621577Z     # Subtest: fpv-arcade-r5/standard/orchard-crossing/immediate
2026-09-15T14:46:01.9621929Z     ok 1 - fpv-arcade-r5/standard/orchard-crossing/immediate
2026-09-15T14:46:01.9622189Z       ---
2026-09-15T14:46:01.9622358Z       duration_ms: 256.633011
2026-09-15T14:46:01.9622542Z       ...
2026-09-15T14:46:01.9622791Z     # Subtest: fpv-arcade-r5/standard/orchard-crossing/grid-center
2026-09-15T14:46:01.9623129Z     ok 2 - fpv-arcade-r5/standard/orchard-crossing/grid-center
2026-09-15T14:46:01.9623377Z       ---
2026-09-15T14:46:01.9623543Z       duration_ms: 239.856323
2026-09-15T14:46:01.9623732Z       ...
2026-09-15T14:46:01.9623963Z     # Subtest: fpv-arcade-r5/standard/courtyard-exits/immediate
2026-09-15T14:46:01.9624295Z     ok 3 - fpv-arcade-r5/standard/courtyard-exits/immediate
2026-09-15T14:46:01.9624536Z       ---
2026-09-15T14:46:01.9624698Z       duration_ms: 280.6005
2026-09-15T14:46:01.9624873Z       ...
2026-09-15T14:46:01.9625116Z     # Subtest: fpv-arcade-r5/standard/courtyard-exits/grid-center
2026-09-15T14:46:01.9625450Z     ok 4 - fpv-arcade-r5/standard/courtyard-exits/grid-center
2026-09-15T14:46:01.9625989Z       ---
2026-09-15T14:46:01.9626222Z       duration_ms: 276.163799
2026-09-15T14:46:01.9626491Z       ...
2026-09-15T14:46:01.9626846Z     # Subtest: fpv-arcade-r5/standard/night-crossfire/immediate
2026-09-15T14:46:01.9627364Z     ok 5 - fpv-arcade-r5/standard/night-crossfire/immediate
2026-09-15T14:46:01.9627737Z       ---
2026-09-15T14:46:01.9627969Z       duration_ms: 350.782819
2026-09-15T14:46:01.9628245Z       ...
2026-09-15T14:46:01.9628633Z     # Subtest: fpv-arcade-r5/standard/night-crossfire/grid-center
2026-09-15T14:46:01.9629173Z     ok 6 - fpv-arcade-r5/standard/night-crossfire/grid-center
2026-09-15T14:46:01.9629563Z       ---
2026-09-15T14:46:01.9629796Z       duration_ms: 335.629612
2026-09-15T14:46:01.9630324Z       ...
2026-09-15T14:46:01.9630572Z     # Subtest: fpv-arcade-r5/gentle/orchard-crossing/immediate
2026-09-15T14:46:01.9630923Z     ok 7 - fpv-arcade-r5/gentle/orchard-crossing/immediate
2026-09-15T14:46:01.9631169Z       ---
2026-09-15T14:46:01.9631339Z       duration_ms: 206.93551
2026-09-15T14:46:01.9631531Z       ...
2026-09-15T14:46:01.9631772Z     # Subtest: fpv-arcade-r5/gentle/orchard-crossing/grid-center
2026-09-15T14:46:01.9632107Z     ok 8 - fpv-arcade-r5/gentle/orchard-crossing/grid-center
2026-09-15T14:46:01.9632358Z       ---
2026-09-15T14:46:01.9632515Z       duration_ms: 153.99248
2026-09-15T14:46:01.9632691Z       ...
2026-09-15T14:46:01.9632945Z     # Subtest: fpv-arcade-r5/gentle/courtyard-exits/immediate
2026-09-15T14:46:01.9633276Z     ok 9 - fpv-arcade-r5/gentle/courtyard-exits/immediate
2026-09-15T14:46:01.9633520Z       ---
2026-09-15T14:46:01.9633680Z       duration_ms: 238.252801
2026-09-15T14:46:01.9633861Z       ...
2026-09-15T14:46:01.9634101Z     # Subtest: fpv-arcade-r5/gentle/courtyard-exits/grid-center
2026-09-15T14:46:01.9634431Z     ok 10 - fpv-arcade-r5/gentle/courtyard-exits/grid-center
2026-09-15T14:46:01.9634669Z       ---
2026-09-15T14:46:01.9634826Z       duration_ms: 347.865901
2026-09-15T14:46:01.9635009Z       ...
2026-09-15T14:46:01.9635229Z     # Subtest: fpv-arcade-r5/gentle/night-crossfire/immediate
2026-09-15T14:46:01.9635746Z     ok 11 - fpv-arcade-r5/gentle/night-crossfire/immediate
2026-09-15T14:46:01.9635993Z       ---
2026-09-15T14:46:01.9636148Z       duration_ms: 313.377234
2026-09-15T14:46:01.9636325Z       ...
2026-09-15T14:46:01.9636556Z     # Subtest: fpv-arcade-r5/gentle/night-crossfire/grid-center
2026-09-15T14:46:01.9636874Z     ok 12 - fpv-arcade-r5/gentle/night-crossfire/grid-center
2026-09-15T14:46:01.9637268Z       ---
2026-09-15T14:46:01.9637430Z       duration_ms: 303.248378
2026-09-15T14:46:01.9637611Z       ...
2026-09-15T14:46:01.9637882Z     # Subtest: fpv-pressure-frontier/standard/copper-switchyard/immediate
2026-09-15T14:46:01.9638281Z     ok 13 - fpv-pressure-frontier/standard/copper-switchyard/immediate
2026-09-15T14:46:01.9638547Z       ---
2026-09-15T14:46:01.9638704Z       duration_ms: 710.082587
2026-09-15T14:46:01.9638884Z       ...
2026-09-15T14:46:01.9639155Z     # Subtest: fpv-pressure-frontier/standard/copper-switchyard/grid-center
2026-09-15T14:46:01.9639550Z     ok 14 - fpv-pressure-frontier/standard/copper-switchyard/grid-center
2026-09-15T14:46:01.9639822Z       ---
2026-09-15T14:46:01.9639979Z       duration_ms: 920.388867
2026-09-15T14:46:01.9640165Z       ...
2026-09-15T14:46:01.9640420Z     # Subtest: fpv-pressure-frontier/standard/river-frontiers/immediate
2026-09-15T14:46:01.9640791Z     ok 15 - fpv-pressure-frontier/standard/river-frontiers/immediate
2026-09-15T14:46:01.9641060Z       ---
2026-09-15T14:46:01.9641216Z       duration_ms: 541.928649
2026-09-15T14:46:01.9641402Z       ...
2026-09-15T14:46:01.9641662Z     # Subtest: fpv-pressure-frontier/standard/river-frontiers/grid-center
2026-09-15T14:46:01.9642036Z     ok 16 - fpv-pressure-frontier/standard/river-frontiers/grid-center
2026-09-15T14:46:01.9642303Z       ---
2026-09-15T14:46:01.9642460Z       duration_ms: 482.761711
2026-09-15T14:46:01.9642639Z       ...
2026-09-15T14:46:01.9642882Z     # Subtest: fpv-pressure-frontier/standard/last-beacon/immediate
2026-09-15T14:46:01.9643231Z     ok 17 - fpv-pressure-frontier/standard/last-beacon/immediate
2026-09-15T14:46:01.9643483Z       ---
2026-09-15T14:46:01.9643638Z       duration_ms: 923.670092
2026-09-15T14:46:01.9643820Z       ...
2026-09-15T14:46:01.9644065Z     # Subtest: fpv-pressure-frontier/standard/last-beacon/grid-center
2026-09-15T14:46:01.9644417Z     ok 18 - fpv-pressure-frontier/standard/last-beacon/grid-center
2026-09-15T14:46:01.9644680Z       ---
2026-09-15T14:46:01.9644832Z       duration_ms: 701.972749
2026-09-15T14:46:01.9645008Z       ...
2026-09-15T14:46:01.9645264Z     # Subtest: fpv-pressure-frontier/gentle/copper-switchyard/immediate
2026-09-15T14:46:01.9666783Z     ok 19 - fpv-pressure-frontier/gentle/copper-switchyard/immediate
2026-09-15T14:46:01.9667237Z       ---
2026-09-15T14:46:01.9667519Z       duration_ms: 509.000879
2026-09-15T14:46:01.9667813Z       ...
2026-09-15T14:46:01.9668250Z     # Subtest: fpv-pressure-frontier/gentle/copper-switchyard/grid-center
2026-09-15T14:46:01.9668910Z     ok 20 - fpv-pressure-frontier/gentle/copper-switchyard/grid-center
2026-09-15T14:46:01.9669347Z       ---
2026-09-15T14:46:01.9669589Z       duration_ms: 410.92598
2026-09-15T14:46:01.9669852Z       ...
2026-09-15T14:46:01.9670289Z     # Subtest: fpv-pressure-frontier/gentle/river-frontiers/immediate
2026-09-15T14:46:01.9670854Z     ok 21 - fpv-pressure-frontier/gentle/river-frontiers/immediate
2026-09-15T14:46:01.9671259Z       ---
2026-09-15T14:46:01.9671488Z       duration_ms: 582.371739
2026-09-15T14:46:01.9671760Z       ...
2026-09-15T14:46:01.9672165Z     # Subtest: fpv-pressure-frontier/gentle/river-frontiers/grid-center
2026-09-15T14:46:01.9672787Z     ok 22 - fpv-pressure-frontier/gentle/river-frontiers/grid-center
2026-09-15T14:46:01.9673210Z       ---
2026-09-15T14:46:01.9673445Z       duration_ms: 580.655557
2026-09-15T14:46:01.9673731Z       ...
2026-09-15T14:46:01.9674105Z     # Subtest: fpv-pressure-frontier/gentle/last-beacon/immediate
2026-09-15T14:46:01.9674662Z     ok 23 - fpv-pressure-frontier/gentle/last-beacon/immediate
2026-09-15T14:46:01.9675064Z       ---
2026-09-15T14:46:01.9675298Z       duration_ms: 807.842762
2026-09-15T14:46:01.9675707Z       ...
2026-09-15T14:46:01.9676036Z     # Subtest: fpv-pressure-frontier/gentle/last-beacon/grid-center
2026-09-15T14:46:01.9676594Z     ok 24 - fpv-pressure-frontier/gentle/last-beacon/grid-center
2026-09-15T14:46:01.9676980Z       ---
2026-09-15T14:46:01.9677473Z       duration_ms: 895.172643
2026-09-15T14:46:01.9677758Z       ...
2026-09-15T14:46:01.9677986Z     1..24
2026-09-15T14:46:01.9678655Z ok 484 - all 24 actual pressure commitments survive public save, restore and complete winning continuation
2026-09-15T14:46:01.9679256Z   ---
2026-09-15T14:46:01.9679493Z   duration_ms: 11378.678907
2026-09-15T14:46:01.9679748Z   ...
2026-09-15T14:54:43.3344184Z # Subtest: four Fracture owners explicitly download and Choose without replacing an unrelated cut; exact earned and saved data recover
2026-09-15T14:54:43.3345062Z     # Subtest: four Arcade downloads retain the paused base run and earn separate exact first pictures
2026-09-15T14:54:43.3345942Z     ok 1 - four Arcade downloads retain the paused base run and earn separate exact first pictures
2026-09-15T14:54:43.3348261Z       ---
2026-09-15T14:54:43.3348547Z       duration_ms: 604940.541305
2026-09-15T14:54:43.3348853Z       ...
2026-09-15T14:55:43.4985858Z     # Subtest: restart authenticates all owners and exports the exact next-mission unfinished cut
2026-09-15T14:55:43.4986660Z     ok 2 - restart authenticates all owners and exports the exact next-mission unfinished cut
2026-09-15T14:55:43.4987188Z       ---
2026-09-15T14:55:43.4988916Z       duration_ms: 60162.201287
2026-09-15T14:55:43.4989519Z       ...
2026-09-15T14:58:09.5764718Z     # Subtest: fresh profile refuses missing originals without writes, then exact downloads allow explicit backup recovery
2026-09-15T14:58:09.5765853Z     ok 3 - fresh profile refuses missing originals without writes, then exact downloads allow explicit backup recovery
2026-09-15T14:58:09.5766367Z       ---
2026-09-15T14:58:09.5766654Z       duration_ms: 146079.139005
2026-09-15T14:58:09.5767016Z       ...
2026-09-15T14:58:09.5767246Z     1..3
2026-09-15T14:58:09.5768007Z ok 485 - four Fracture owners explicitly download and Choose without replacing an unrelated cut; exact earned and saved data recover
2026-09-15T14:58:09.5768556Z   ---
2026-09-15T14:58:09.5768881Z   duration_ms: 811185.09403
2026-09-15T14:58:09.5769189Z   ...
2026-09-15T14:58:09.5960884Z # Subtest: fullscreen control follows the browser state and exits through the same explicit control
2026-09-15T14:58:09.5962672Z ok 486 - fullscreen control follows the browser state and exits through the same explicit control
2026-09-15T14:58:09.5963435Z   ---
2026-09-15T14:58:09.5963831Z   duration_ms: 2.991148
2026-09-15T14:58:09.5964261Z   ...
2026-09-15T14:58:09.5964943Z # Subtest: installed standalone PWAs report their display state without browser fullscreen
2026-09-15T14:58:09.5968391Z ok 487 - installed standalone PWAs report their display state without browser fullscreen
2026-09-15T14:58:09.5969059Z   ---
2026-09-15T14:58:09.5969426Z   duration_ms: 0.475959
2026-09-15T14:58:09.5969821Z   ...
2026-09-15T14:58:09.5970390Z # Subtest: iOS Home Screen games report standalone display state
2026-09-15T14:58:09.5971106Z ok 488 - iOS Home Screen games report standalone display state
2026-09-15T14:58:09.5971534Z   ---
2026-09-15T14:58:09.5971801Z   duration_ms: 1.259763
2026-09-15T14:58:09.5972076Z   ...
2026-09-15T14:58:09.5972493Z # Subtest: display-mode changes update state and detach releases the listener
2026-09-15T14:58:09.5973067Z ok 489 - display-mode changes update state and detach releases the listener
2026-09-15T14:58:09.5973477Z   ---
2026-09-15T14:58:09.5973741Z   duration_ms: 0.235075
2026-09-15T14:58:09.5974022Z   ...
2026-09-15T14:58:09.5974502Z # Subtest: unsupported browsers retain their responsive game layout without an inoperable control
2026-09-15T14:58:09.5975178Z ok 490 - unsupported browsers retain their responsive game layout without an inoperable control
2026-09-15T14:58:09.5976143Z   ---
2026-09-15T14:58:09.5976376Z   duration_ms: 0.193032
2026-09-15T14:58:09.5976596Z   ...
2026-09-15T14:58:09.5977279Z # Subtest: Gentle proofs cover every shipped map and policy while preserving the legacy oracle
2026-09-15T14:58:09.5978140Z ok 491 - Gentle proofs cover every shipped map and policy while preserving the legacy oracle
2026-09-15T14:58:09.5979154Z   ---
2026-09-15T14:58:09.5979552Z   duration_ms: 2.122075
2026-09-15T14:58:09.5979967Z   ...
2026-09-15T14:58:09.5980643Z # Subtest: Gentle signal-01/immediate: legal inputs reproduce the exact win
2026-09-15T14:58:09.5981548Z ok 492 - Gentle signal-01/immediate: legal inputs reproduce the exact win
2026-09-15T14:58:09.5982219Z   ---
2026-09-15T14:58:09.5982427Z   duration_ms: 62.662568
2026-09-15T14:58:09.5982726Z   ...
2026-09-15T14:58:09.5983254Z # Subtest: Gentle signal-01/grid-center: legal inputs reproduce the exact win
2026-09-15T14:58:09.5984006Z ok 493 - Gentle signal-01/grid-center: legal inputs reproduce the exact win
2026-09-15T14:58:09.5984438Z   ---
2026-09-15T14:58:09.5984715Z   duration_ms: 60.942771
2026-09-15T14:58:09.5984978Z   ...
2026-09-15T14:58:09.5985396Z # Subtest: Gentle signal-02/immediate: legal inputs reproduce the exact win
2026-09-15T14:58:09.5986176Z ok 494 - Gentle signal-02/immediate: legal inputs reproduce the exact win
2026-09-15T14:58:09.5986568Z   ---
2026-09-15T14:58:09.5986729Z   duration_ms: 66.790954
2026-09-15T14:58:09.5986906Z   ...
2026-09-15T14:58:09.5987217Z # Subtest: Gentle signal-02/grid-center: legal inputs reproduce the exact win
2026-09-15T14:58:09.5987681Z ok 495 - Gentle signal-02/grid-center: legal inputs reproduce the exact win
2026-09-15T14:58:09.5987979Z   ---
2026-09-15T14:58:09.5988136Z   duration_ms: 38.074063
2026-09-15T14:58:09.5988316Z   ...
2026-09-15T14:58:09.5988621Z # Subtest: Gentle signal-03/immediate: legal inputs reproduce the exact win
2026-09-15T14:58:09.5989049Z ok 496 - Gentle signal-03/immediate: legal inputs reproduce the exact win
2026-09-15T14:58:09.5989325Z   ---
2026-09-15T14:58:09.5989475Z   duration_ms: 56.877641
2026-09-15T14:58:09.5989643Z   ...
2026-09-15T14:58:09.5989956Z # Subtest: Gentle signal-03/grid-center: legal inputs reproduce the exact win
2026-09-15T14:58:09.5990391Z ok 497 - Gentle signal-03/grid-center: legal inputs reproduce the exact win
2026-09-15T14:58:09.5990670Z   ---
2026-09-15T14:58:09.5990828Z   duration_ms: 96.106199
2026-09-15T14:58:09.5990997Z   ...
2026-09-15T14:58:09.5991279Z # Subtest: Gentle signal-04/immediate: legal inputs reproduce the exact win
2026-09-15T14:58:09.5991876Z ok 498 - Gentle signal-04/immediate: legal inputs reproduce the exact win
2026-09-15T14:58:09.5992155Z   ---
2026-09-15T14:58:09.5992303Z   duration_ms: 93.901629
2026-09-15T14:58:09.5992472Z   ...
2026-09-15T14:58:09.5992771Z # Subtest: Gentle signal-04/grid-center: legal inputs reproduce the exact win
2026-09-15T14:58:09.5993187Z ok 499 - Gentle signal-04/grid-center: legal inputs reproduce the exact win
2026-09-15T14:58:09.5993456Z   ---
2026-09-15T14:58:09.5993607Z   duration_ms: 63.331839
2026-09-15T14:58:09.5993773Z   ...
2026-09-15T14:58:09.5994051Z # Subtest: Gentle signal-05/immediate: legal inputs reproduce the exact win
2026-09-15T14:58:09.5994459Z ok 500 - Gentle signal-05/immediate: legal inputs reproduce the exact win
2026-09-15T14:58:09.5994913Z   ---
2026-09-15T14:58:09.5995128Z   duration_ms: 68.652936
2026-09-15T14:58:09.5995397Z   ...
2026-09-15T14:58:09.5995977Z # Subtest: Gentle signal-05/grid-center: legal inputs reproduce the exact win
2026-09-15T14:58:09.5996602Z ok 501 - Gentle signal-05/grid-center: legal inputs reproduce the exact win
2026-09-15T14:58:09.5997069Z   ---
2026-09-15T14:58:09.5997324Z   duration_ms: 44.697647
2026-09-15T14:58:09.5997549Z   ...
2026-09-15T14:58:09.5997980Z # Subtest: Gentle signal-06/immediate: legal inputs reproduce the exact win
2026-09-15T14:58:09.5998620Z ok 502 - Gentle signal-06/immediate: legal inputs reproduce the exact win
2026-09-15T14:58:09.5999059Z   ---
2026-09-15T14:58:09.5999283Z   duration_ms: 36.712536
2026-09-15T14:58:09.5999496Z   ...
2026-09-15T14:58:09.5999984Z # Subtest: Gentle signal-06/grid-center: legal inputs reproduce the exact win
2026-09-15T14:58:09.6000692Z ok 503 - Gentle signal-06/grid-center: legal inputs reproduce the exact win
2026-09-15T14:58:09.6001150Z   ---
2026-09-15T14:58:09.6001584Z   duration_ms: 36.779237
2026-09-15T14:58:09.6001857Z   ...
2026-09-15T14:58:09.6002333Z # Subtest: Gentle signal-07/immediate: legal inputs reproduce the exact win
2026-09-15T14:58:09.6003044Z ok 504 - Gentle signal-07/immediate: legal inputs reproduce the exact win
2026-09-15T14:58:09.6003496Z   ---
2026-09-15T14:58:09.6003743Z   duration_ms: 63.046969
2026-09-15T14:58:09.6004019Z   ...
2026-09-15T14:58:09.6004517Z # Subtest: Gentle signal-07/grid-center: legal inputs reproduce the exact win
2026-09-15T14:58:09.6005254Z ok 505 - Gentle signal-07/grid-center: legal inputs reproduce the exact win
2026-09-15T14:58:09.6005907Z   ---
2026-09-15T14:58:09.6006155Z   duration_ms: 36.44291
2026-09-15T14:58:09.6006428Z   ...
2026-09-15T14:58:09.6006915Z # Subtest: Gentle signal-08/immediate: legal inputs reproduce the exact win
2026-09-15T14:58:09.6007629Z ok 506 - Gentle signal-08/immediate: legal inputs reproduce the exact win
2026-09-15T14:58:09.6008096Z   ---
2026-09-15T14:58:09.6008339Z   duration_ms: 92.998735
2026-09-15T14:58:09.6008634Z   ...
2026-09-15T14:58:09.6009137Z # Subtest: Gentle signal-08/grid-center: legal inputs reproduce the exact win
2026-09-15T14:58:09.6009875Z ok 507 - Gentle signal-08/grid-center: legal inputs reproduce the exact win
2026-09-15T14:58:09.6010349Z   ---
2026-09-15T14:58:09.6010600Z   duration_ms: 85.045483
2026-09-15T14:58:09.6010881Z   ...
2026-09-15T14:58:09.6011371Z # Subtest: Gentle signal-09/immediate: legal inputs reproduce the exact win
2026-09-15T14:58:09.6012085Z ok 508 - Gentle signal-09/immediate: legal inputs reproduce the exact win
2026-09-15T14:58:09.6012536Z   ---
2026-09-15T14:58:09.6012776Z   duration_ms: 58.675187
2026-09-15T14:58:09.6013044Z   ...
2026-09-15T14:58:09.6013537Z # Subtest: Gentle signal-09/grid-center: legal inputs reproduce the exact win
2026-09-15T14:58:09.6014260Z ok 509 - Gentle signal-09/grid-center: legal inputs reproduce the exact win
2026-09-15T14:58:09.6014725Z   ---
2026-09-15T14:58:09.6014967Z   duration_ms: 41.190149
2026-09-15T14:58:09.6015249Z   ...
2026-09-15T14:58:09.6015885Z # Subtest: Gentle signal-10/immediate: legal inputs reproduce the exact win
2026-09-15T14:58:09.6016605Z ok 510 - Gentle signal-10/immediate: legal inputs reproduce the exact win
2026-09-15T14:58:09.6017057Z   ---
2026-09-15T14:58:09.6017473Z   duration_ms: 24.597399
2026-09-15T14:58:09.6017753Z   ...
2026-09-15T14:58:09.6018257Z # Subtest: Gentle signal-10/grid-center: legal inputs reproduce the exact win
2026-09-15T14:58:09.6018987Z ok 511 - Gentle signal-10/grid-center: legal inputs reproduce the exact win
2026-09-15T14:58:09.6019447Z   ---
2026-09-15T14:58:09.6019686Z   duration_ms: 32.281264
2026-09-15T14:58:09.6019961Z   ...
2026-09-15T14:58:09.6020456Z # Subtest: Gentle signal-11/immediate: legal inputs reproduce the exact win
2026-09-15T14:58:09.6021167Z ok 512 - Gentle signal-11/immediate: legal inputs reproduce the exact win
2026-09-15T14:58:09.6021628Z   ---
2026-09-15T14:58:09.6021875Z   duration_ms: 34.641069
2026-09-15T14:58:09.6022150Z   ...
2026-09-15T14:58:09.6022655Z # Subtest: Gentle signal-11/grid-center: legal inputs reproduce the exact win
2026-09-15T14:58:09.6023437Z ok 513 - Gentle signal-11/grid-center: legal inputs reproduce the exact win
2026-09-15T14:58:09.6023905Z   ---
2026-09-15T14:58:09.6024158Z   duration_ms: 25.949642
2026-09-15T14:58:09.6024447Z   ...
2026-09-15T14:58:09.6024943Z # Subtest: Gentle signal-12/immediate: legal inputs reproduce the exact win
2026-09-15T14:58:09.6025839Z ok 514 - Gentle signal-12/immediate: legal inputs reproduce the exact win
2026-09-15T14:58:09.6026290Z   ---
2026-09-15T14:58:09.6026590Z   duration_ms: 33.194664
2026-09-15T14:58:09.6026909Z   ...
2026-09-15T14:58:09.6027489Z # Subtest: Gentle signal-12/grid-center: legal inputs reproduce the exact win
2026-09-15T14:58:09.6028225Z ok 515 - Gentle signal-12/grid-center: legal inputs reproduce the exact win
2026-09-15T14:58:09.6028692Z   ---
2026-09-15T14:58:09.6028935Z   duration_ms: 38.406755
2026-09-15T14:58:09.6029214Z   ...
2026-09-15T14:58:09.6029918Z # Subtest: Gentle night-shift-01/immediate: legal inputs reproduce the exact win
2026-09-15T14:58:09.6030700Z ok 516 - Gentle night-shift-01/immediate: legal inputs reproduce the exact win
2026-09-15T14:58:09.6031176Z   ---
2026-09-15T14:58:09.6031416Z   duration_ms: 14.291644
2026-09-15T14:58:09.6031705Z   ...
2026-09-15T14:58:09.6032235Z # Subtest: Gentle night-shift-01/grid-center: legal inputs reproduce the exact win
2026-09-15T14:58:09.6033005Z ok 517 - Gentle night-shift-01/grid-center: legal inputs reproduce the exact win
2026-09-15T14:58:09.6033491Z   ---
2026-09-15T14:58:09.6033736Z   duration_ms: 21.093117
2026-09-15T14:58:09.6034020Z   ...
2026-09-15T14:58:09.6034360Z # Subtest: Gentle night-shift-02/immediate: legal inputs reproduce the exact win
2026-09-15T14:58:09.6034819Z ok 518 - Gentle night-shift-02/immediate: legal inputs reproduce the exact win
2026-09-15T14:58:09.6035110Z   ---
2026-09-15T14:58:09.6035267Z   duration_ms: 29.06753
2026-09-15T14:58:09.6035441Z   ...
2026-09-15T14:58:09.6036050Z # Subtest: Gentle night-shift-02/grid-center: legal inputs reproduce the exact win
2026-09-15T14:58:09.6036815Z ok 519 - Gentle night-shift-02/grid-center: legal inputs reproduce the exact win
2026-09-15T14:58:09.6037275Z   ---
2026-09-15T14:58:09.6037512Z   duration_ms: 46.648984
2026-09-15T14:58:09.6037778Z   ...
2026-09-15T14:58:09.6038261Z # Subtest: Gentle night-shift-03/immediate: legal inputs reproduce the exact win
2026-09-15T14:58:09.6038983Z ok 520 - Gentle night-shift-03/immediate: legal inputs reproduce the exact win
2026-09-15T14:58:09.6039430Z   ---
2026-09-15T14:58:09.6039650Z   duration_ms: 56.846043
2026-09-15T14:58:09.6039912Z   ...
2026-09-15T14:58:09.6040397Z # Subtest: Gentle night-shift-03/grid-center: legal inputs reproduce the exact win
2026-09-15T14:58:09.6041129Z ok 521 - Gentle night-shift-03/grid-center: legal inputs reproduce the exact win
2026-09-15T14:58:09.6041578Z   ---
2026-09-15T14:58:09.6041806Z   duration_ms: 34.295046
2026-09-15T14:58:09.6042058Z   ...
2026-09-15T14:58:09.6042564Z # Subtest: Gentle living-threads-01/immediate: legal inputs reproduce the exact win
2026-09-15T14:58:09.6043323Z ok 522 - Gentle living-threads-01/immediate: legal inputs reproduce the exact win
2026-09-15T14:58:09.6043783Z   ---
2026-09-15T14:58:09.6044003Z   duration_ms: 16.647132
2026-09-15T14:58:09.6044421Z   ...
2026-09-15T14:58:09.6044933Z # Subtest: Gentle living-threads-01/grid-center: legal inputs reproduce the exact win
2026-09-15T14:58:09.6045832Z ok 523 - Gentle living-threads-01/grid-center: legal inputs reproduce the exact win
2026-09-15T14:58:09.6046312Z   ---
2026-09-15T14:58:09.6046538Z   duration_ms: 17.638119
2026-09-15T14:58:09.6046795Z   ...
2026-09-15T14:58:09.6047295Z # Subtest: Gentle living-threads-02/immediate: legal inputs reproduce the exact win
2026-09-15T14:58:09.6048048Z ok 524 - Gentle living-threads-02/immediate: legal inputs reproduce the exact win
2026-09-15T14:58:09.6048509Z   ---
2026-09-15T14:58:09.6048731Z   duration_ms: 33.645995
2026-09-15T14:58:09.6048994Z   ...
2026-09-15T14:58:09.6049507Z # Subtest: Gentle living-threads-02/grid-center: legal inputs reproduce the exact win
2026-09-15T14:58:09.6050275Z ok 525 - Gentle living-threads-02/grid-center: legal inputs reproduce the exact win
2026-09-15T14:58:09.6050749Z   ---
2026-09-15T14:58:09.6050975Z   duration_ms: 22.244265
2026-09-15T14:58:09.6051225Z   ...
2026-09-15T14:58:09.6051729Z # Subtest: Gentle living-threads-03/immediate: legal inputs reproduce the exact win
2026-09-15T14:58:09.6052472Z ok 526 - Gentle living-threads-03/immediate: legal inputs reproduce the exact win
2026-09-15T14:58:09.6052933Z   ---
2026-09-15T14:58:09.6053166Z   duration_ms: 18.688726
2026-09-15T14:58:09.6053351Z   ...
2026-09-15T14:58:09.6053671Z # Subtest: Gentle living-threads-03/grid-center: legal inputs reproduce the exact win
2026-09-15T14:58:09.6054136Z ok 527 - Gentle living-threads-03/grid-center: legal inputs reproduce the exact win
2026-09-15T14:58:09.6054434Z   ---
2026-09-15T14:58:09.6054584Z   duration_ms: 19.067738
2026-09-15T14:58:09.6054862Z   ...
2026-09-15T14:58:09.6055173Z # Subtest: Gentle fieldcraft-01/immediate: legal inputs reproduce the exact win
2026-09-15T14:58:09.6055794Z ok 528 - Gentle fieldcraft-01/immediate: legal inputs reproduce the exact win
2026-09-15T14:58:09.6056092Z   ---
2026-09-15T14:58:09.6056254Z   duration_ms: 141.83304
2026-09-15T14:58:09.6056426Z   ...
2026-09-15T14:58:09.6056928Z # Subtest: Gentle fieldcraft-01/grid-center: legal inputs reproduce the exact win
2026-09-15T14:58:09.6057640Z ok 529 - Gentle fieldcraft-01/grid-center: legal inputs reproduce the exact win
2026-09-15T14:58:09.6057974Z   ---
2026-09-15T14:58:09.6058236Z   duration_ms: 114.214657
2026-09-15T14:58:09.6058438Z   ...
2026-09-15T14:58:09.6058977Z # Subtest: Gentle fieldcraft-02/immediate: legal inputs reproduce the exact win
2026-09-15T14:58:09.6059772Z ok 530 - Gentle fieldcraft-02/immediate: legal inputs reproduce the exact win
2026-09-15T14:58:09.6060236Z   ---
2026-09-15T14:58:09.6060474Z   duration_ms: 38.59516
2026-09-15T14:58:09.6060738Z   ...
2026-09-15T14:58:09.6061231Z # Subtest: Gentle fieldcraft-02/grid-center: legal inputs reproduce the exact win
2026-09-15T14:58:09.6062689Z ok 531 - Gentle fieldcraft-02/grid-center: legal inputs reproduce the exact win
2026-09-15T14:58:09.6063168Z   ---
2026-09-15T14:58:09.6063399Z   duration_ms: 48.758509
2026-09-15T14:58:09.6063668Z   ...
2026-09-15T14:58:09.6064153Z # Subtest: Gentle fieldcraft-03/immediate: legal inputs reproduce the exact win
2026-09-15T14:58:09.6064883Z ok 532 - Gentle fieldcraft-03/immediate: legal inputs reproduce the exact win
2026-09-15T14:58:09.6065337Z   ---
2026-09-15T14:58:09.6065693Z   duration_ms: 26.655929
2026-09-15T14:58:09.6065955Z   ...
2026-09-15T14:58:09.6066446Z # Subtest: Gentle fieldcraft-03/grid-center: legal inputs reproduce the exact win
2026-09-15T14:58:09.6067191Z ok 533 - Gentle fieldcraft-03/grid-center: legal inputs reproduce the exact win
2026-09-15T14:58:09.6067651Z   ---
2026-09-15T14:58:09.6067876Z   duration_ms: 25.144175
2026-09-15T14:58:09.6068144Z   ...
2026-09-15T14:58:09.6068624Z # Subtest: Gentle fieldcraft-04/immediate: legal inputs reproduce the exact win
2026-09-15T14:58:09.6069338Z ok 534 - Gentle fieldcraft-04/immediate: legal inputs reproduce the exact win
2026-09-15T14:58:09.6069791Z   ---
2026-09-15T14:58:09.6070165Z   duration_ms: 41.578125
2026-09-15T14:58:09.6070426Z   ...
2026-09-15T14:58:09.6070917Z # Subtest: Gentle fieldcraft-04/grid-center: legal inputs reproduce the exact win
2026-09-15T14:58:09.6071654Z ok 535 - Gentle fieldcraft-04/grid-center: legal inputs reproduce the exact win
2026-09-15T14:58:09.6072108Z   ---
2026-09-15T14:58:09.6072340Z   duration_ms: 23.050042
2026-09-15T14:58:09.6072600Z   ...
2026-09-15T14:58:09.6073065Z # Subtest: Gentle homeward-01/immediate: legal inputs reproduce the exact win
2026-09-15T14:58:09.6073800Z ok 536 - Gentle homeward-01/immediate: legal inputs reproduce the exact win
2026-09-15T14:58:09.6074246Z   ---
2026-09-15T14:58:09.6074468Z   duration_ms: 76.328528
2026-09-15T14:58:09.6074728Z   ...
2026-09-15T14:58:09.6075203Z # Subtest: Gentle homeward-01/grid-center: legal inputs reproduce the exact win
2026-09-15T14:58:09.6076016Z ok 537 - Gentle homeward-01/grid-center: legal inputs reproduce the exact win
2026-09-15T14:58:09.6076300Z   ---
2026-09-15T14:58:09.6076461Z   duration_ms: 80.892501
2026-09-15T14:58:09.6076630Z   ...
2026-09-15T14:58:09.6076922Z # Subtest: Gentle homeward-02/immediate: legal inputs reproduce the exact win
2026-09-15T14:58:09.6077344Z ok 538 - Gentle homeward-02/immediate: legal inputs reproduce the exact win
2026-09-15T14:58:09.6077622Z   ---
2026-09-15T14:58:09.6077773Z   duration_ms: 30.427093
2026-09-15T14:58:09.6077940Z   ...
2026-09-15T14:58:09.6078241Z # Subtest: Gentle homeward-02/grid-center: legal inputs reproduce the exact win
2026-09-15T14:58:09.6078671Z ok 539 - Gentle homeward-02/grid-center: legal inputs reproduce the exact win
2026-09-15T14:58:09.6078946Z   ---
2026-09-15T14:58:09.6079102Z   duration_ms: 33.089124
2026-09-15T14:58:09.6079382Z   ...
2026-09-15T14:58:09.6079866Z # Subtest: Gentle homeward-03/immediate: legal inputs reproduce the exact win
2026-09-15T14:58:09.6080591Z ok 540 - Gentle homeward-03/immediate: legal inputs reproduce the exact win
2026-09-15T14:58:09.6081055Z   ---
2026-09-15T14:58:09.6081302Z   duration_ms: 16.072364
2026-09-15T14:58:09.6081569Z   ...
2026-09-15T14:58:09.6082082Z # Subtest: Gentle homeward-03/grid-center: legal inputs reproduce the exact win
2026-09-15T14:58:09.6082839Z ok 541 - Gentle homeward-03/grid-center: legal inputs reproduce the exact win
2026-09-15T14:58:09.6083317Z   ---
2026-09-15T14:58:09.6083564Z   duration_ms: 16.060376
2026-09-15T14:58:09.6083839Z   ...
2026-09-15T14:58:09.6084336Z # Subtest: Gentle workshop-01/immediate: legal inputs reproduce the exact win
2026-09-15T14:58:09.6085071Z ok 542 - Gentle workshop-01/immediate: legal inputs reproduce the exact win
2026-09-15T14:58:09.6085687Z   ---
2026-09-15T14:58:09.6085927Z   duration_ms: 77.5945
2026-09-15T14:58:09.6086196Z   ...
2026-09-15T14:58:09.6086700Z # Subtest: Gentle workshop-01/grid-center: legal inputs reproduce the exact win
2026-09-15T14:58:09.6087448Z ok 543 - Gentle workshop-01/grid-center: legal inputs reproduce the exact win
2026-09-15T14:58:09.6087918Z   ---
2026-09-15T14:58:09.6088165Z   duration_ms: 78.244572
2026-09-15T14:58:09.6088437Z   ...
2026-09-15T14:58:09.6088923Z # Subtest: Gentle workshop-02/immediate: legal inputs reproduce the exact win
2026-09-15T14:58:09.6089665Z ok 544 - Gentle workshop-02/immediate: legal inputs reproduce the exact win
2026-09-15T14:58:09.6090114Z   ---
2026-09-15T14:58:09.6090349Z   duration_ms: 29.816461
2026-09-15T14:58:09.6090627Z   ...
2026-09-15T14:58:09.6091140Z # Subtest: Gentle workshop-02/grid-center: legal inputs reproduce the exact win
2026-09-15T14:58:09.6091912Z ok 545 - Gentle workshop-02/grid-center: legal inputs reproduce the exact win
2026-09-15T14:58:09.6092393Z   ---
2026-09-15T14:58:09.6092634Z   duration_ms: 34.498703
2026-09-15T14:58:09.6092911Z   ...
2026-09-15T14:58:09.6093405Z # Subtest: Gentle workshop-03/immediate: legal inputs reproduce the exact win
2026-09-15T14:58:09.6094150Z ok 546 - Gentle workshop-03/immediate: legal inputs reproduce the exact win
2026-09-15T14:58:09.6094614Z   ---
2026-09-15T14:58:09.6094849Z   duration_ms: 17.662996
2026-09-15T14:58:09.6095635Z   ...
2026-09-15T14:58:09.6096155Z # Subtest: Gentle workshop-03/grid-center: legal inputs reproduce the exact win
2026-09-15T14:58:09.6096892Z ok 547 - Gentle workshop-03/grid-center: legal inputs reproduce the exact win
2026-09-15T14:58:09.6097207Z   ---
2026-09-15T14:58:09.6097517Z   duration_ms: 15.12264
2026-09-15T14:58:09.6097791Z   ...
2026-09-15T14:58:09.6098407Z # Subtest: Gentle sentinel-relay-01/immediate: legal inputs reproduce the exact win
2026-09-15T14:58:09.6099262Z ok 548 - Gentle sentinel-relay-01/immediate: legal inputs reproduce the exact win
2026-09-15T14:58:09.6099753Z   ---
2026-09-15T14:58:09.6099991Z   duration_ms: 97.973279
2026-09-15T14:58:09.6100282Z   ...
2026-09-15T14:58:09.6100821Z # Subtest: Gentle sentinel-relay-01/grid-center: legal inputs reproduce the exact win
2026-09-15T14:58:09.6101664Z ok 549 - Gentle sentinel-relay-01/grid-center: legal inputs reproduce the exact win
2026-09-15T14:58:09.6102193Z   ---
2026-09-15T14:58:09.6102441Z   duration_ms: 109.275779
2026-09-15T14:58:09.6102719Z   ...
2026-09-15T14:58:09.6103358Z # Subtest: First Light Gentle routes reproduce six exact wins with their own source and checkpoints
2026-09-15T14:58:09.6104342Z ok 550 - First Light Gentle routes reproduce six exact wins with their own source and checkpoints
2026-09-15T14:58:09.6104897Z   ---
2026-09-15T14:58:09.6105144Z   duration_ms: 2771.761565
2026-09-15T14:58:09.6105424Z   ...
2026-09-15T14:58:09.6106168Z # Subtest: R2 Gentle coverage is backed by the complete strict twelve-route release-gesture verifier
2026-09-15T14:58:09.6107132Z ok 551 - R2 Gentle coverage is backed by the complete strict twelve-route release-gesture verifier
2026-09-15T14:58:09.6107857Z   ---
2026-09-15T14:58:09.6108106Z   duration_ms: 9304.013153
2026-09-15T14:58:09.6108386Z   ...
2026-09-15T14:58:09.6108988Z # Subtest: R3 Gentle coverage is backed by twelve route wins and four real impact demonstrations
2026-09-15T14:58:09.6109884Z ok 552 - R3 Gentle coverage is backed by twelve route wins and four real impact demonstrations
2026-09-15T14:58:09.6110427Z   ---
2026-09-15T14:58:09.6110674Z   duration_ms: 6677.593501
2026-09-15T14:58:09.6110954Z   ...
2026-09-15T14:58:09.6111521Z # Subtest: R4 Gentle coverage is backed by twelve direction-only exact core and replay wins
2026-09-15T14:58:09.6112373Z ok 553 - R4 Gentle coverage is backed by twelve direction-only exact core and replay wins
2026-09-15T14:58:09.6112887Z   ---
2026-09-15T14:58:09.6113126Z   duration_ms: 6073.036295
2026-09-15T14:58:09.6113408Z   ...
2026-09-15T14:58:09.6114062Z # Subtest: both pressure chapters supply twelve Gentle wins within the exact twenty-four-route verifier
2026-09-15T14:58:09.6115067Z ok 554 - both pressure chapters supply twelve Gentle wins within the exact twenty-four-route verifier
2026-09-15T14:58:09.6115785Z   ---
2026-09-15T14:58:09.6116029Z   duration_ms: 16784.864085
2026-09-15T14:58:09.6116317Z   ...
2026-09-15T14:58:09.6116958Z # Subtest: optional level arrays and registry normalize on a separate copy without browser allocation
2026-09-15T14:58:09.6117941Z ok 555 - optional level arrays and registry normalize on a separate copy without browser allocation
2026-09-15T14:58:09.6118535Z   ---
2026-09-15T14:58:09.6118776Z   duration_ms: 6.676214
2026-09-15T14:58:09.6119049Z   ...
2026-09-15T14:58:09.6119562Z # Subtest: explicit and default fetched class recipes are independently copied
2026-09-15T14:58:09.6120338Z ok 556 - explicit and default fetched class recipes are independently copied
2026-09-15T14:58:09.6120829Z   ---
2026-09-15T14:58:09.6121069Z   duration_ms: 1.239392
2026-09-15T14:58:09.6121341Z   ...
2026-09-15T14:58:09.6121939Z # Subtest: the original is validated before clone can invoke getters or discard forbidden data
2026-09-15T14:58:09.6122839Z ok 557 - the original is validated before clone can invoke getters or discard forbidden data
2026-09-15T14:58:09.6123378Z   ---
2026-09-15T14:58:09.6123617Z   duration_ms: 1.093351
2026-09-15T14:58:09.6123878Z   ...
2026-09-15T14:58:09.6124572Z # Subtest: all image headers and aggregate budgets pass before any decoder is called
2026-09-15T14:58:09.6125386Z ok 558 - all image headers and aggregate budgets pass before any decoder is called
2026-09-15T14:58:09.6126020Z   ---
2026-09-15T14:58:09.6126257Z   duration_ms: 3.350731
2026-09-15T14:58:09.6126526Z   ...
2026-09-15T14:58:09.6127092Z # Subtest: decoders run one at a time and bytes, metadata, warnings and presentation survive
2026-09-15T14:58:09.6127938Z ok 559 - decoders run one at a time and bytes, metadata, warnings and presentation survive
2026-09-15T14:58:09.6128455Z   ---
2026-09-15T14:58:09.6128703Z   duration_ms: 1.754079
2026-09-15T14:58:09.6128973Z   ...
2026-09-15T14:58:09.6129534Z # Subtest: caller edits during decoding cannot modify the in-flight validated snapshot
2026-09-15T14:58:09.6130373Z ok 560 - caller edits during decoding cannot modify the in-flight validated snapshot
2026-09-15T14:58:09.6130883Z   ---
2026-09-15T14:58:09.6131121Z   duration_ms: 0.888802
2026-09-15T14:58:09.6131398Z   ...
2026-09-15T14:58:09.6132021Z # Subtest: a failure stops subsequent decodes and leaves the caller current configuration intact
2026-09-15T14:58:09.6132955Z ok 561 - a failure stops subsequent decodes and leaves the caller current configuration intact
2026-09-15T14:58:09.6133508Z   ---
2026-09-15T14:58:09.6133757Z   duration_ms: 1.172631
2026-09-15T14:58:09.6134033Z   ...
2026-09-15T14:58:09.6134656Z # Subtest: decoded natural dimensions must be finite integer dimensions matching the bounded header
2026-09-15T14:58:09.6135737Z ok 562 - decoded natural dimensions must be finite integer dimensions matching the bounded header
2026-09-15T14:58:09.6136321Z   ---
2026-09-15T14:58:09.6136573Z   duration_ms: 3.686908
2026-09-15T14:58:09.6137016Z   ...
2026-09-15T14:58:09.6137613Z # Subtest: malformed decoder options and explicitly null arrays reject without normalization
2026-09-15T14:58:09.6138695Z ok 563 - malformed decoder options and explicitly null arrays reject without normalization
2026-09-15T14:58:09.6139164Z   ---
2026-09-15T14:58:09.6139322Z   duration_ms: 1.139862
2026-09-15T14:58:09.6139497Z   ...
2026-09-15T14:58:09.6139923Z # Subtest: browser decoder validates headers before allocating Image and clears its temporary surface
2026-09-15T14:58:09.6140970Z ok 564 - browser decoder validates headers before allocating Image and clears its temporary surface
2026-09-15T14:58:09.6141610Z   ---
2026-09-15T14:58:09.6141857Z   duration_ms: 1.643993
2026-09-15T14:58:09.6142125Z   ...
2026-09-15T14:58:09.6142530Z # Subtest: browser load failure rejects and cleans callbacks
2026-09-15T14:58:09.6143109Z ok 565 - browser load failure rejects and cleans callbacks
2026-09-15T14:58:09.6143503Z   ---
2026-09-15T14:58:09.6143749Z   duration_ms: 0.571013
2026-09-15T14:58:09.6144016Z   ...
2026-09-15T14:58:09.6144437Z # Subtest: browser complete-decode failure rejects after load
2026-09-15T14:58:09.6145024Z ok 566 - browser complete-decode failure rejects after load
2026-09-15T14:58:09.6145426Z   ---
2026-09-15T14:58:09.6145808Z   duration_ms: 0.636962
2026-09-15T14:58:09.6146078Z   ...
2026-09-15T14:58:09.6146562Z # Subtest: browser load still works without the optional Image.decode API
2026-09-15T14:58:09.6147274Z ok 567 - browser load still works without the optional Image.decode API
2026-09-15T14:58:09.6147731Z   ---
2026-09-15T14:58:09.6147972Z   duration_ms: 0.540537
2026-09-15T14:58:09.6148239Z   ...
2026-09-15T14:58:09.6148765Z # Subtest: a non-browser environment receives a clear decoder-unavailable error
2026-09-15T14:58:09.6149543Z ok 568 - a non-browser environment receives a clear decoder-unavailable error
2026-09-15T14:58:09.6150020Z   ---
2026-09-15T14:58:09.6150270Z   duration_ms: 0.591664
2026-09-15T14:58:09.6150547Z   ...
2026-09-15T14:58:09.6151117Z # Subtest: prepared scenarios preserve optional original procedural music descriptors
2026-09-15T14:58:09.6151972Z ok 569 - prepared scenarios preserve optional original procedural music descriptors
2026-09-15T14:58:09.6152487Z   ---
2026-09-15T14:58:09.6152896Z   duration_ms: 0.80788
2026-09-15T14:58:09.6153168Z   ...
2026-09-15T14:58:09.6153788Z # Subtest: line-impact.v1 is bounded owned opt-in data; omitted descriptor/state remain absent
2026-09-15T14:58:09.6154688Z ok 570 - line-impact.v1 is bounded owned opt-in data; omitted descriptor/state remain absent
2026-09-15T14:58:09.6155219Z   ---
2026-09-15T14:58:09.6155457Z   duration_ms: 9.313246
2026-09-15T14:58:09.6155857Z   ...
2026-09-15T14:58:09.6156623Z # Subtest: immediate: a real strike starts both fronts, repeated overlap seeds once, and the growing endpoint delays failure
2026-09-15T14:58:09.6157832Z ok 571 - immediate: a real strike starts both fronts, repeated overlap seeds once, and the growing endpoint delays failure
2026-09-15T14:58:09.6158500Z   ---
2026-09-15T14:58:09.6158743Z   duration_ms: 110.081265
2026-09-15T14:58:09.6159020Z   ...
2026-09-15T14:58:09.6159707Z # Subtest: immediate: a front follows a newly drawn right-angle extension rather than cutting across the field
2026-09-15T14:58:09.6160765Z ok 572 - immediate: a front follows a newly drawn right-angle extension rather than cutting across the field
2026-09-15T14:58:09.6161378Z   ---
2026-09-15T14:58:09.6161621Z   duration_ms: 66.623612
2026-09-15T14:58:09.6161900Z   ...
2026-09-15T14:58:09.6162614Z # Subtest: immediate: independent actors seed bounded fronts and the earliest arrival causes only one recovery
2026-09-15T14:58:09.6163701Z ok 573 - immediate: independent actors seed bounded fronts and the earliest arrival causes only one recovery
2026-09-15T14:58:09.6164313Z   ---
2026-09-15T14:58:09.6164566Z   duration_ms: 69.556149
2026-09-15T14:58:09.6164845Z   ...
2026-09-15T14:58:09.6165711Z # Subtest: immediate: capture before or exactly with arrival cancels the strike, but an earlier arrival still loses a life
2026-09-15T14:58:09.6167040Z ok 574 - immediate: capture before or exactly with arrival cancels the strike, but an earlier arrival still loses a life
2026-09-15T14:58:09.6167700Z   ---
2026-09-15T14:58:09.6167956Z   duration_ms: 296.116371
2026-09-15T14:58:09.6168230Z   ...
2026-09-15T14:58:09.6168805Z # Subtest: immediate: a timer at closure still outranks capture and clears pending impacts
2026-09-15T14:58:09.6169639Z ok 575 - immediate: a timer at closure still outranks capture and clears pending impacts
2026-09-15T14:58:09.6170145Z   ---
2026-09-15T14:58:09.6170398Z   duration_ms: 78.483864
2026-09-15T14:58:09.6170673Z   ...
2026-09-15T14:58:09.6171304Z # Subtest: immediate: enemy freeze after seeding stops actor clocks but not already travelling impacts
2026-09-15T14:58:09.6172267Z ok 576 - immediate: enemy freeze after seeding stops actor clocks but not already travelling impacts
2026-09-15T14:58:09.6172834Z   ---
2026-09-15T14:58:09.6173085Z   duration_ms: 74.272152
2026-09-15T14:58:09.6173366Z   ...
2026-09-15T14:58:09.6174231Z # Subtest: immediate: public session/replay restore preserves active fronts and resumed outcome without advancing paused state
2026-09-15T14:58:09.6175631Z ok 577 - immediate: public session/replay restore preserves active fronts and resumed outcome without advancing paused state
2026-09-15T14:58:09.6176346Z   ---
2026-09-15T14:58:09.6176601Z   duration_ms: 134.762922
2026-09-15T14:58:09.6176899Z   ...
2026-09-15T14:58:09.6177689Z # Subtest: grid-center: a real strike starts both fronts, repeated overlap seeds once, and the growing endpoint delays failure
2026-09-15T14:58:09.6178923Z ok 578 - grid-center: a real strike starts both fronts, repeated overlap seeds once, and the growing endpoint delays failure
2026-09-15T14:58:09.6179591Z   ---
2026-09-15T14:58:09.6179848Z   duration_ms: 52.204664
2026-09-15T14:58:09.6180141Z   ...
2026-09-15T14:58:09.6180845Z # Subtest: grid-center: a front follows a newly drawn right-angle extension rather than cutting across the field
2026-09-15T14:58:09.6181940Z ok 579 - grid-center: a front follows a newly drawn right-angle extension rather than cutting across the field
2026-09-15T14:58:09.6182573Z   ---
2026-09-15T14:58:09.6182828Z   duration_ms: 35.120693
2026-09-15T14:58:09.6183272Z   ...
2026-09-15T14:58:09.6184006Z # Subtest: grid-center: independent actors seed bounded fronts and the earliest arrival causes only one recovery
2026-09-15T14:58:09.6198692Z ok 580 - grid-center: independent actors seed bounded fronts and the earliest arrival causes only one recovery
2026-09-15T14:58:09.6199414Z   ---
2026-09-15T14:58:09.6199686Z   duration_ms: 75.072792
2026-09-15T14:58:09.6199984Z   ...
2026-09-15T14:58:09.6200764Z # Subtest: grid-center: capture before or exactly with arrival cancels the strike, but an earlier arrival still loses a life
2026-09-15T14:58:09.6201953Z ok 581 - grid-center: capture before or exactly with arrival cancels the strike, but an earlier arrival still loses a life
2026-09-15T14:58:09.6202627Z   ---
2026-09-15T14:58:09.6202894Z   duration_ms: 151.851129
2026-09-15T14:58:09.6203189Z   ...
2026-09-15T14:58:09.6203789Z # Subtest: grid-center: a timer at closure still outranks capture and clears pending impacts
2026-09-15T14:58:09.6204703Z ok 582 - grid-center: a timer at closure still outranks capture and clears pending impacts
2026-09-15T14:58:09.6205247Z   ---
2026-09-15T14:58:09.6205660Z   duration_ms: 52.402493
2026-09-15T14:58:09.6205955Z   ...
2026-09-15T14:58:09.6206636Z # Subtest: grid-center: enemy freeze after seeding stops actor clocks but not already travelling impacts
2026-09-15T14:58:09.6207445Z ok 583 - grid-center: enemy freeze after seeding stops actor clocks but not already travelling impacts
2026-09-15T14:58:09.6207875Z   ---
2026-09-15T14:58:09.6208129Z   duration_ms: 45.690476
2026-09-15T14:58:09.6208416Z   ...
2026-09-15T14:58:09.6209232Z # Subtest: grid-center: public session/replay restore preserves active fronts and resumed outcome without advancing paused state
2026-09-15T14:58:09.6210658Z ok 584 - grid-center: public session/replay restore preserves active fronts and resumed outcome without advancing paused state
2026-09-15T14:58:09.6211136Z   ---
2026-09-15T14:58:09.6211310Z   duration_ms: 125.568565
2026-09-15T14:58:09.6211492Z   ...
2026-09-15T14:58:09.6211861Z # Subtest: direct safe-ground body collision and old immediate trail failure remain unchanged
2026-09-15T14:58:09.6212406Z ok 585 - direct safe-ground body collision and old immediate trail failure remain unchanged
2026-09-15T14:58:09.6212758Z   ---
2026-09-15T14:58:09.6212924Z   duration_ms: 33.334154
2026-09-15T14:58:09.6213108Z   ...
2026-09-15T14:58:09.6213441Z # Subtest: shield absorption clears every pending front without consuming a life
2026-09-15T14:58:09.6213914Z ok 586 - shield absorption clears every pending front without consuming a life
2026-09-15T14:58:09.6214212Z   ---
2026-09-15T14:58:09.6214373Z   duration_ms: 79.125273
2026-09-15T14:58:09.6214548Z   ...
2026-09-15T14:58:09.6214999Z # Subtest: all conditional state participates in the existing classic checkpoint and changed descriptor cannot verify
2026-09-15T14:58:09.6215978Z ok 587 - all conditional state participates in the existing classic checkpoint and changed descriptor cannot verify
2026-09-15T14:58:09.6216610Z   ---
2026-09-15T14:58:09.6216850Z   duration_ms: 112.358034
2026-09-15T14:58:09.6217078Z   ...
2026-09-15T14:58:09.6217531Z # Subtest: existing v5 pack/scenario transports own the versioned descriptor and preserve the absent variant separately
2026-09-15T14:58:09.6218240Z ok 588 - existing v5 pack/scenario transports own the versioned descriptor and preserve the absent variant separately
2026-09-15T14:58:09.6218863Z   ---
2026-09-15T14:58:09.6219063Z   duration_ms: 25.513693
2026-09-15T14:58:09.6219310Z   ...
2026-09-15T14:58:09.6220033Z # Subtest: simultaneous contacts at the enemy limit seed all pairs at one horizon in stable actor order
2026-09-15T14:58:09.6221076Z ok 589 - simultaneous contacts at the enemy limit seed all pairs at one horizon in stable actor order
2026-09-15T14:58:09.6221632Z   ---
2026-09-15T14:58:09.6221865Z   duration_ms: 107.075085
2026-09-15T14:58:09.6222143Z   ...
2026-09-15T14:58:09.6222997Z # Subtest: an active lane striking an older trail seeds travelling damage while direct lane contact remains immediate
2026-09-15T14:58:09.6224058Z ok 590 - an active lane striking an older trail seeds travelling damage while direct lane contact remains immediate
2026-09-15T14:58:09.6224657Z   ---
2026-09-15T14:58:09.6224886Z   duration_ms: 97.480014
2026-09-15T14:58:09.6225148Z   ...
2026-09-15T14:58:09.6225806Z # Subtest: a zero-length departure contact is resolved once without an event-loop stall
2026-09-15T14:58:09.6226600Z ok 591 - a zero-length departure contact is resolved once without an event-loop stall
2026-09-15T14:58:09.6227087Z   ---
2026-09-15T14:58:09.6227318Z   duration_ms: 17.297915
2026-09-15T14:58:09.6227577Z   ...
2026-09-15T14:58:09.6228162Z # Subtest: all three exact frozen fallback definitions retain their original references and hashes
2026-09-15T14:58:09.6229071Z ok 592 - all three exact frozen fallback definitions retain their original references and hashes
2026-09-15T14:58:09.6229602Z   ---
2026-09-15T14:58:09.6229831Z   duration_ms: 11.515162
2026-09-15T14:58:09.6230102Z   ...
2026-09-15T14:58:09.6230700Z # Subtest: context metadata uses exactly existing campaign, normalized level and roster identities
2026-09-15T14:58:09.6231502Z ok 593 - context metadata uses exactly existing campaign, normalized level and roster identities
2026-09-15T14:58:09.6231845Z   ---
2026-09-15T14:58:09.6232095Z   duration_ms: 32.547156
2026-09-15T14:58:09.6232386Z   ...
2026-09-15T14:58:09.6232989Z # Subtest: classIds filtering preserves source recipe order and exactly matches library campaignKey
2026-09-15T14:58:09.6233926Z ok 594 - classIds filtering preserves source recipe order and exactly matches library campaignKey
2026-09-15T14:58:09.6234465Z   ---
2026-09-15T14:58:09.6234847Z   duration_ms: 25.695087
2026-09-15T14:58:09.6235114Z   ...
2026-09-15T14:58:09.6235874Z # Subtest: omitted recipes use exact library/core defaults and the base campaign is accepted as a legacy entry
2026-09-15T14:58:09.6236907Z ok 595 - omitted recipes use exact library/core defaults and the base campaign is accepted as a legacy entry
2026-09-15T14:58:09.6237491Z   ---
2026-09-15T14:58:09.6237724Z   duration_ms: 19.310755
2026-09-15T14:58:09.6237993Z   ...
2026-09-15T14:58:09.6238473Z # Subtest: references resolve only in the definition owning map and campaign
2026-09-15T14:58:09.6239182Z ok 596 - references resolve only in the definition owning map and campaign
2026-09-15T14:58:09.6239624Z   ---
2026-09-15T14:58:09.6239852Z   duration_ms: 36.829003
2026-09-15T14:58:09.6240119Z   ...
2026-09-15T14:58:09.6240747Z # Subtest: capabilities use the filtered actual roster rather than equipment names or omitted pack recipes
2026-09-15T14:58:09.6241731Z ok 597 - capabilities use the filtered actual roster rather than equipment names or omitted pack recipes
2026-09-15T14:58:09.6242308Z   ---
2026-09-15T14:58:09.6242462Z   duration_ms: 15.415622
2026-09-15T14:58:09.6242634Z   ...
2026-09-15T14:58:09.6243040Z # Subtest: a collision-safe normalized default hangar resolves without being materialized into authored data
2026-09-15T14:58:09.6243658Z ok 598 - a collision-safe normalized default hangar resolves without being materialized into authored data
2026-09-15T14:58:09.6244017Z   ---
2026-09-15T14:58:09.6244178Z   duration_ms: 7.730075
2026-09-15T14:58:09.6244350Z   ...
2026-09-15T14:58:09.6244630Z # Subtest: a border patrol is not an impact actor even if its ID matches
2026-09-15T14:58:09.6245025Z ok 599 - a border patrol is not an impact actor even if its ID matches
2026-09-15T14:58:09.6245297Z   ---
2026-09-15T14:58:09.6245449Z   duration_ms: 3.060492
2026-09-15T14:58:09.6245830Z   ...
2026-09-15T14:58:09.6246156Z # Subtest: legacy v1 chooses exact fallback while explicit v2 omission means no goal
2026-09-15T14:58:09.6246634Z ok 600 - legacy v1 chooses exact fallback while explicit v2 omission means no goal
2026-09-15T14:58:09.6246926Z   ---
2026-09-15T14:58:09.6247077Z   duration_ms: 21.200999
2026-09-15T14:58:09.6247252Z   ...
2026-09-15T14:58:09.6247724Z # Subtest: same textual campaign/map IDs with changed level content do not inherit fallback
2026-09-15T14:58:09.6248243Z ok 601 - same textual campaign/map IDs with changed level content do not inherit fallback
2026-09-15T14:58:09.6248564Z   ---
2026-09-15T14:58:09.6248714Z   duration_ms: 4.076087
2026-09-15T14:58:09.6248881Z   ...
2026-09-15T14:58:09.6249267Z # Subtest: identical canonical explicit and fallback declarations share a board in either source order
2026-09-15T14:58:09.6249851Z ok 602 - identical canonical explicit and fallback declarations share a board in either source order
2026-09-15T14:58:09.6250194Z   ---
2026-09-15T14:58:09.6250350Z   duration_ms: 37.925459
2026-09-15T14:58:09.6250519Z   ...
2026-09-15T14:58:09.6250885Z # Subtest: conflicts include definition versus none and changed definitions with both sources named
2026-09-15T14:58:09.6251458Z ok 603 - conflicts include definition versus none and changed definitions with both sources named
2026-09-15T14:58:09.6251795Z   ---
2026-09-15T14:58:09.6251951Z   duration_ms: 16.556926
2026-09-15T14:58:09.6252133Z   ...
2026-09-15T14:58:09.6252517Z # Subtest: same-id replacement is an explicit prospective set and removed declarations do not survive
2026-09-15T14:58:09.6253079Z ok 604 - same-id replacement is an explicit prospective set and removed declarations do not survive
2026-09-15T14:58:09.6253415Z   ---
2026-09-15T14:58:09.6253573Z   duration_ms: 20.64505
2026-09-15T14:58:09.6253745Z   ...
2026-09-15T14:58:09.6254135Z # Subtest: data limits and exact source semantics reject malformed entries before any adopted catalog exists
2026-09-15T14:58:09.6254739Z ok 605 - data limits and exact source semantics reject malformed entries before any adopted catalog exists
2026-09-15T14:58:09.6255096Z   ---
2026-09-15T14:58:09.6255367Z   duration_ms: 83.024953
2026-09-15T14:58:09.6255713Z   ...
2026-09-15T14:58:09.6256241Z # Subtest: all descriptor boundaries reject throwing getters without executing them
2026-09-15T14:58:09.6257033Z ok 606 - all descriptor boundaries reject throwing getters without executing them
2026-09-15T14:58:09.6257523Z   ---
2026-09-15T14:58:09.6257731Z   duration_ms: 3.069686
2026-09-15T14:58:09.6257995Z   ...
2026-09-15T14:58:09.6258571Z # Subtest: catalog ownership survives caller mutation and returned metadata is deeply immutable
2026-09-15T14:58:09.6259473Z ok 607 - catalog ownership survives caller mutation and returned metadata is deeply immutable
2026-09-15T14:58:09.6260002Z   ---
2026-09-15T14:58:09.6260239Z   duration_ms: 10.181597
2026-09-15T14:58:09.6260520Z   ...
2026-09-15T14:58:09.6261228Z # Subtest: normal null-prototype JSON works while sparse arrays, cycles, hidden fields and arbitrary prototypes reject
2026-09-15T14:58:09.6262362Z ok 608 - normal null-prototype JSON works while sparse arrays, cycles, hidden fields and arbitrary prototypes reject
2026-09-15T14:58:09.6263070Z   ---
2026-09-15T14:58:09.6263340Z   duration_ms: 19.985364
2026-09-15T14:58:09.6263605Z   ...
2026-09-15T14:58:09.6264269Z # Subtest: the complete old installed-library campaign count is supported without an arbitrary lower cap
2026-09-15T14:58:09.6265249Z ok 609 - the complete old installed-library campaign count is supported without an arbitrary lower cap
2026-09-15T14:58:09.6265931Z   ---
2026-09-15T14:58:09.6266169Z   duration_ms: 469.21076
2026-09-15T14:58:09.6266437Z   ...
2026-09-15T14:58:09.6267032Z # Subtest: an explicit empty catalog suppresses builtin fallback in goal lookup and gallery labels
2026-09-15T14:58:09.6267936Z ok 610 - an explicit empty catalog suppresses builtin fallback in goal lookup and gallery labels
2026-09-15T14:58:09.6268473Z   ---
2026-09-15T14:58:09.6268714Z   duration_ms: 10.166144
2026-09-15T14:58:09.6268987Z   ...
2026-09-15T14:58:09.6269685Z # Subtest: the current authored registration labels its complete matching metadata and archives the old definition
2026-09-15T14:58:09.6270782Z ok 611 - the current authored registration labels its complete matching metadata and archives the old definition
2026-09-15T14:58:09.6271406Z   ---
2026-09-15T14:58:09.6271643Z   duration_ms: 9.440118
2026-09-15T14:58:09.6272072Z   ...
2026-09-15T14:58:09.6272665Z # Subtest: removal and exact reinstallation change labels without altering historical metadata
2026-09-15T14:58:09.6273562Z ok 612 - removal and exact reinstallation change labels without altering historical metadata
2026-09-15T14:58:09.6274131Z   ---
2026-09-15T14:58:09.6274357Z   duration_ms: 12.167687
2026-09-15T14:58:09.6274637Z   ...
2026-09-15T14:58:09.6275227Z # Subtest: legacy explicit catalog and omitted-catalog callers preserve the same builtin label
2026-09-15T14:58:09.6276209Z ok 613 - legacy explicit catalog and omitted-catalog callers preserve the same builtin label
2026-09-15T14:58:09.6276744Z   ---
2026-09-15T14:58:09.6276985Z   duration_ms: 16.717889
2026-09-15T14:58:09.6277259Z   ...
2026-09-15T14:58:09.6277906Z # Subtest: a matching authored definition hash cannot bypass the complete map and equipment metadata check
2026-09-15T14:58:09.6278918Z ok 614 - a matching authored definition hash cannot bypass the complete map and equipment metadata check
2026-09-15T14:58:09.6279498Z   ---
2026-09-15T14:58:09.6279742Z   duration_ms: 5.216027
2026-09-15T14:58:09.6280010Z   ...
2026-09-15T14:58:09.6280526Z # Subtest: built-in registration requires the exact reviewed campaign key and map
2026-09-15T14:58:09.6281313Z ok 615 - built-in registration requires the exact reviewed campaign key and map
2026-09-15T14:58:09.6281807Z   ---
2026-09-15T14:58:09.6282042Z   duration_ms: 1.543341
2026-09-15T14:58:09.6282298Z   ...
2026-09-15T14:58:09.6282853Z # Subtest: archived Homeward metadata recognizes the current goal in both steering modes
2026-09-15T14:58:09.6283696Z ok 616 - archived Homeward metadata recognizes the current goal in both steering modes
2026-09-15T14:58:09.6284407Z   ---
2026-09-15T14:58:09.6284637Z   duration_ms: 3.592796
2026-09-15T14:58:09.6284883Z   ...
2026-09-15T14:58:09.6285307Z # Subtest: imported metadata with a different definition ID is preserved as archived
2026-09-15T14:58:09.6286055Z ok 617 - imported metadata with a different definition ID is preserved as archived
2026-09-15T14:58:09.6286627Z   ---
2026-09-15T14:58:09.6286907Z   duration_ms: 2.666767
2026-09-15T14:58:09.6287207Z   ...
2026-09-15T14:58:09.6287763Z # Subtest: imported metadata with a different definition revision is preserved as archived
2026-09-15T14:58:09.6288602Z ok 618 - imported metadata with a different definition revision is preserved as archived
2026-09-15T14:58:09.6289116Z   ---
2026-09-15T14:58:09.6289352Z   duration_ms: 1.912008
2026-09-15T14:58:09.6289610Z   ...
2026-09-15T14:58:09.6290133Z # Subtest: imported metadata with a different definition hash is preserved as archived
2026-09-15T14:58:09.6290935Z ok 619 - imported metadata with a different definition hash is preserved as archived
2026-09-15T14:58:09.6291438Z   ---
2026-09-15T14:58:09.6291671Z   duration_ms: 2.11856
2026-09-15T14:58:09.6291938Z   ...
2026-09-15T14:58:09.6292504Z # Subtest: imported metadata with a different normalized map identity is preserved as archived
2026-09-15T14:58:09.6293402Z ok 620 - imported metadata with a different normalized map identity is preserved as archived
2026-09-15T14:58:09.6293947Z   ---
2026-09-15T14:58:09.6294184Z   duration_ms: 2.058589
2026-09-15T14:58:09.6294442Z   ...
2026-09-15T14:58:09.6294960Z # Subtest: imported metadata with a different map revision is preserved as archived
2026-09-15T14:58:09.6295836Z ok 621 - imported metadata with a different map revision is preserved as archived
2026-09-15T14:58:09.6296321Z   ---
2026-09-15T14:58:09.6296556Z   duration_ms: 1.658835
2026-09-15T14:58:09.6296816Z   ...
2026-09-15T14:58:09.6297348Z # Subtest: imported metadata with a different equipment roster is preserved as archived
2026-09-15T14:58:09.6298162Z ok 622 - imported metadata with a different equipment roster is preserved as archived
2026-09-15T14:58:09.6298654Z   ---
2026-09-15T14:58:09.6298879Z   duration_ms: 1.858757
2026-09-15T14:58:09.6299136Z   ...
2026-09-15T14:58:09.6299912Z # Subtest: unknown rules and coherently changed definitions cannot be labeled as the current seal
2026-09-15T14:58:09.6300823Z ok 623 - unknown rules and coherently changed definitions cannot be labeled as the current seal
2026-09-15T14:58:09.6301368Z   ---
2026-09-15T14:58:09.6301591Z   duration_ms: 3.381948
2026-09-15T14:58:09.6301842Z   ...
2026-09-15T14:58:09.6302471Z # Subtest: different campaign variants stay separate, even when IDs and a definition hash are reused
2026-09-15T14:58:09.6303417Z ok 624 - different campaign variants stay separate, even when IDs and a definition hash are reused
2026-09-15T14:58:09.6303974Z   ---
2026-09-15T14:58:09.6304212Z   duration_ms: 2.706838
2026-09-15T14:58:09.6304473Z   ...
2026-09-15T14:58:09.6305081Z # Subtest: friendly recipe labels and unknown-ID fallbacks preserve record data and output ownership
2026-09-15T14:58:09.6306154Z ok 625 - friendly recipe labels and unknown-ID fallbacks preserve record data and output ownership
2026-09-15T14:58:09.6306699Z   ---
2026-09-15T14:58:09.6306942Z   duration_ms: 1.524022
2026-09-15T14:58:09.6307220Z   ...
2026-09-15T14:58:09.6307697Z # Subtest: Supply Line metadata labels require its exact registered content
2026-09-15T14:58:09.6308396Z ok 626 - Supply Line metadata labels require its exact registered content
2026-09-15T14:58:09.6308840Z   ---
2026-09-15T14:58:09.6309080Z   duration_ms: 2.713739
2026-09-15T14:58:09.6309341Z   ...
2026-09-15T14:58:09.6309808Z # Subtest: Safe Return metadata labels require its exact registered content
2026-09-15T14:58:09.6310505Z ok 627 - Safe Return metadata labels require its exact registered content
2026-09-15T14:58:09.6310944Z   ---
2026-09-15T14:58:09.6311177Z   duration_ms: 1.216908
2026-09-15T14:58:09.6311439Z   ...
2026-09-15T14:58:09.6312036Z # Subtest: Supply Line names each requirement and distinguishes pending cuts from banked crossings
2026-09-15T14:58:09.6313100Z ok 628 - Supply Line names each requirement and distinguishes pending cuts from banked crossings
2026-09-15T14:58:09.6313636Z   ---
2026-09-15T14:58:09.6313862Z   duration_ms: 0.992158
2026-09-15T14:58:09.6314118Z   ...
2026-09-15T14:58:09.6314583Z # Subtest: Safe Return describes the live-cut requirement, pending recovery and separate clean finish
2026-09-15T14:58:09.6315435Z ok 629 - Safe Return describes the live-cut requirement, pending recovery and separate clean finish
2026-09-15T14:58:09.6316144Z   ---
2026-09-15T14:58:09.6316390Z   duration_ms: 0.461918
2026-09-15T14:58:09.6316654Z   ...
2026-09-15T14:58:09.6317328Z # Subtest: an ordinary win marks its independent finish requirement complete and keeps missing equipment visible
2026-09-15T14:58:09.6318389Z ok 630 - an ordinary win marks its independent finish requirement complete and keeps missing equipment visible
2026-09-15T14:58:09.6319006Z   ---
2026-09-15T14:58:09.6319240Z   duration_ms: 0.376027
2026-09-15T14:58:09.6319499Z   ...
2026-09-15T14:58:09.6320088Z # Subtest: equipment result states never confuse a preview, verification and a persisted award
2026-09-15T14:58:09.6321002Z ok 631 - equipment result states never confuse a preview, verification and a persisted award
2026-09-15T14:58:09.6321536Z   ---
2026-09-15T14:58:09.6321773Z   duration_ms: 0.272121
2026-09-15T14:58:09.6322030Z   ...
2026-09-15T14:58:09.6322619Z # Subtest: exact execution keys and derived Gentle map revisions resolve to one authored identity
2026-09-15T14:58:09.6323524Z ok 632 - exact execution keys and derived Gentle map revisions resolve to one authored identity
2026-09-15T14:58:09.6324048Z   ---
2026-09-15T14:58:09.6324280Z   duration_ms: 30.579214
2026-09-15T14:58:09.6324553Z   ...
2026-09-15T14:58:09.6325165Z # Subtest: four themes require four explicit assignments; same IDs in another campaign do not alias
2026-09-15T14:58:09.6326184Z ok 633 - four themes require four explicit assignments; same IDs in another campaign do not alias
2026-09-15T14:58:09.6326731Z   ---
2026-09-15T14:58:09.6326964Z   duration_ms: 7.212863
2026-09-15T14:58:09.6327223Z   ...
2026-09-15T14:58:09.6328033Z # Subtest: revision adoption retains immutable history, only explicit assignments change the current image
2026-09-15T14:58:09.6329050Z ok 634 - revision adoption retains immutable history, only explicit assignments change the current image
2026-09-15T14:58:09.6329652Z   ---
2026-09-15T14:58:09.6329885Z   duration_ms: 7.696153
2026-09-15T14:58:09.6330142Z   ...
2026-09-15T14:58:09.6330694Z # Subtest: removed execution contexts retain validated history but always choose the old-art fallback
2026-09-15T14:58:09.6331275Z ok 635 - removed execution contexts retain validated history but always choose the old-art fallback
2026-09-15T14:58:09.6331622Z   ---
2026-09-15T14:58:09.6331779Z   duration_ms: 5.734772
2026-09-15T14:58:09.6331949Z   ...
2026-09-15T14:58:09.6332304Z # Subtest: reject forged ownership, hostile data and unknown contracts without invoking getters
2026-09-15T14:58:09.6332843Z ok 636 - reject forged ownership, hostile data and unknown contracts without invoking getters
2026-09-15T14:58:09.6333164Z   ---
2026-09-15T14:58:09.6333313Z   duration_ms: 11.60001
2026-09-15T14:58:09.6333485Z   ...
2026-09-15T14:58:09.6333941Z # Subtest: strict references, duplicate IDs, pixel limits and still-only fields reject before adoption
2026-09-15T14:58:09.6334870Z ok 637 - strict references, duplicate IDs, pixel limits and still-only fields reject before adoption
2026-09-15T14:58:09.6335255Z   ---
2026-09-15T14:58:09.6335417Z   duration_ms: 16.419528
2026-09-15T14:58:09.6335698Z   ...
2026-09-15T14:58:09.6336108Z # Subtest: picture revision leaves real legacy standard/immediate win, replay, board and profile bytes exact
2026-09-15T14:58:09.6336722Z ok 638 - picture revision leaves real legacy standard/immediate win, replay, board and profile bytes exact
2026-09-15T14:58:09.6337082Z   ---
2026-09-15T14:58:09.6337372Z   duration_ms: 1007.328969
2026-09-15T14:58:09.6337558Z   ...
2026-09-15T14:58:09.6337959Z # Subtest: picture revision leaves real legacy standard/grid-center win, replay, board and profile bytes exact
2026-09-15T14:58:09.6338568Z ok 639 - picture revision leaves real legacy standard/grid-center win, replay, board and profile bytes exact
2026-09-15T14:58:09.6338927Z   ---
2026-09-15T14:58:09.6339080Z   duration_ms: 875.349581
2026-09-15T14:58:09.6339254Z   ...
2026-09-15T14:58:09.6339639Z # Subtest: picture revision leaves real legacy gentle/immediate win, replay, board and profile bytes exact
2026-09-15T14:58:09.6340222Z ok 640 - picture revision leaves real legacy gentle/immediate win, replay, board and profile bytes exact
2026-09-15T14:58:09.6340568Z   ---
2026-09-15T14:58:09.6340716Z   duration_ms: 810.778609
2026-09-15T14:58:09.6340889Z   ...
2026-09-15T14:58:09.6341271Z # Subtest: picture revision leaves real legacy gentle/grid-center win, replay, board and profile bytes exact
2026-09-15T14:58:09.6341904Z ok 641 - picture revision leaves real legacy gentle/grid-center win, replay, board and profile bytes exact
2026-09-15T14:58:09.6342327Z   ---
2026-09-15T14:58:09.6342487Z   duration_ms: 661.012037
2026-09-15T14:58:09.6342661Z   ...
2026-09-15T14:58:09.6343089Z # Subtest: picture revision leaves real classic standard/immediate win, replay, board and profile bytes exact
2026-09-15T14:58:09.6343735Z ok 642 - picture revision leaves real classic standard/immediate win, replay, board and profile bytes exact
2026-09-15T14:58:09.6344109Z   ---
2026-09-15T14:58:09.6344281Z   duration_ms: 3205.000938
2026-09-15T14:58:09.6344470Z   ...
2026-09-15T14:58:09.6344885Z # Subtest: picture revision leaves real classic standard/grid-center win, replay, board and profile bytes exact
2026-09-15T14:58:09.6345664Z ok 643 - picture revision leaves real classic standard/grid-center win, replay, board and profile bytes exact
2026-09-15T14:58:09.6346158Z   ---
2026-09-15T14:58:09.6346325Z   duration_ms: 3024.11958
2026-09-15T14:58:09.6346524Z   ...
2026-09-15T14:58:09.6346926Z # Subtest: picture revision leaves real classic gentle/immediate win, replay, board and profile bytes exact
2026-09-15T14:58:09.6347686Z ok 644 - picture revision leaves real classic gentle/immediate win, replay, board and profile bytes exact
2026-09-15T14:58:09.6348080Z   ---
2026-09-15T14:58:09.6348231Z   duration_ms: 2672.251584
2026-09-15T14:58:09.6348419Z   ...
2026-09-15T14:58:09.6348824Z # Subtest: picture revision leaves real classic gentle/grid-center win, replay, board and profile bytes exact
2026-09-15T14:58:09.6349498Z ok 645 - picture revision leaves real classic gentle/grid-center win, replay, board and profile bytes exact
2026-09-15T14:58:09.6349919Z   ---
2026-09-15T14:58:09.6350082Z   duration_ms: 2662.738551
2026-09-15T14:58:09.6350290Z   ...
2026-09-15T14:58:09.6350673Z # Subtest: classic ready cards name contact pickups, material hazards and claimed-ground threats
2026-09-15T14:58:09.6351249Z ok 646 - classic ready cards name contact pickups, material hazards and claimed-ground threats
2026-09-15T14:58:09.6351617Z   ---
2026-09-15T14:58:09.6351793Z   duration_ms: 1.955404
2026-09-15T14:58:09.6351971Z   ...
2026-09-15T14:58:09.6352352Z # Subtest: Homeward ready cards retain factual requirements without copying route paragraphs
2026-09-15T14:58:09.6352904Z ok 647 - Homeward ready cards retain factual requirements without copying route paragraphs
2026-09-15T14:58:09.6353242Z   ---
2026-09-15T14:58:09.6353411Z   duration_ms: 1.33725
2026-09-15T14:58:09.6353597Z   ...
2026-09-15T14:58:09.6353972Z # Subtest: required objectives and deadlines come from rules, not optional medals or stale prose
2026-09-15T14:58:09.6354560Z ok 648 - required objectives and deadlines come from rules, not optional medals or stale prose
2026-09-15T14:58:09.6354919Z   ---
2026-09-15T14:58:09.6355100Z   duration_ms: 0.271189
2026-09-15T14:58:09.6355279Z   ...
2026-09-15T14:58:09.6355706Z # Subtest: absent or zero hard limits never turn time medals into a mission deadline
2026-09-15T14:58:09.6356300Z ok 649 - absent or zero hard limits never turn time medals into a mission deadline
2026-09-15T14:58:09.6356608Z   ---
2026-09-15T14:58:09.6356782Z   duration_ms: 0.211279
2026-09-15T14:58:09.6356967Z   ...
2026-09-15T14:58:09.6357401Z # Subtest: intro guidance is opt-in, so first expansion maps retain their own title and facts
2026-09-15T14:58:09.6357998Z ok 650 - intro guidance is opt-in, so first expansion maps retain their own title and facts
2026-09-15T14:58:09.6358325Z   ---
2026-09-15T14:58:09.6358473Z   duration_ms: 0.226111
2026-09-15T14:58:09.6358641Z   ...
2026-09-15T14:58:09.6358991Z # Subtest: long imported prose and titles stay complete in the brief, with a bounded ready title
2026-09-15T14:58:09.6359539Z ok 651 - long imported prose and titles stay complete in the brief, with a bounded ready title
2026-09-15T14:58:09.6359861Z   ---
2026-09-15T14:58:09.6360030Z   duration_ms: 0.170187
2026-09-15T14:58:09.6360197Z   ...
2026-09-15T14:58:09.6360540Z # Subtest: a recommendation is not inferred from casual class mentions or unknown equipment
2026-09-15T14:58:09.6361044Z ok 652 - a recommendation is not inferred from casual class mentions or unknown equipment
2026-09-15T14:58:09.6361354Z   ---
2026-09-15T14:58:09.6361501Z   duration_ms: 0.182346
2026-09-15T14:58:09.6361755Z   ...
2026-09-15T14:58:09.6362325Z # Subtest: all bundled pack ready cards remain compact while retaining the complete authored brief
2026-09-15T14:58:09.6363140Z ok 653 - all bundled pack ready cards remain compact while retaining the complete authored brief
2026-09-15T14:58:09.6363476Z   ---
2026-09-15T14:58:09.6363625Z   duration_ms: 185.521567
2026-09-15T14:58:09.6363799Z   ...
2026-09-15T14:58:09.6364241Z # Subtest: pressure brief explains locked commitment while preserving the full authored routing lesson
2026-09-15T14:58:09.6364825Z ok 654 - pressure brief explains locked commitment while preserving the full authored routing lesson
2026-09-15T14:58:09.6365168Z   ---
2026-09-15T14:58:09.6365325Z   duration_ms: 0.395497
2026-09-15T14:58:09.6365638Z   ...
2026-09-15T14:58:09.6365991Z # Subtest: opening order owns controller scope across reversed DOM order, Back and fresh reopen
2026-09-15T14:58:09.6366651Z ok 655 - opening order owns controller scope across reversed DOM order, Back and fresh reopen
2026-09-15T14:58:09.6366988Z   ---
2026-09-15T14:58:09.6367139Z   duration_ms: 5.385133
2026-09-15T14:58:09.6367302Z   ...
2026-09-15T14:58:09.6367703Z # Subtest: ordered mutation records cover older engines and same-task close/reopen without guessing DOM order
2026-09-15T14:58:09.6368311Z ok 656 - ordered mutation records cover older engines and same-task close/reopen without guessing DOM order
2026-09-15T14:58:09.6368662Z   ---
2026-09-15T14:58:09.6368816Z   duration_ms: 0.544312
2026-09-15T14:58:09.6368980Z   ...
2026-09-15T14:58:09.6369679Z # Subtest: actual title → Missions → Collection controller Back closes only the front dialog and never starts flight
2026-09-15T14:58:09.6370426Z ok 657 - actual title → Missions → Collection controller Back closes only the front dialog and never starts flight
2026-09-15T14:58:09.6370816Z   ---
2026-09-15T14:58:09.6370977Z   duration_ms: 1521.106289
2026-09-15T14:58:09.6371163Z   ...
2026-09-15T14:58:09.6371643Z # Subtest: actual native keyboard/pointer handoff retains controller owner but suppresses its held menu repeat until neutral
2026-09-15T14:58:09.6372358Z ok 658 - actual native keyboard/pointer handoff retains controller owner but suppresses its held menu repeat until neutral
2026-09-15T14:58:09.6372760Z   ---
2026-09-15T14:58:09.6372916Z   duration_ms: 1171.174047
2026-09-15T14:58:09.6373089Z   ...
2026-09-15T14:58:09.6373518Z # Subtest: actual help-dialog reader reaches the bottom; first Back/Escape leaves reading without closing or starting
2026-09-15T14:58:09.6374206Z ok 659 - actual help-dialog reader reaches the bottom; first Back/Escape leaves reading without closing or starting
2026-09-15T14:58:09.6374603Z   ---
2026-09-15T14:58:09.6374878Z   duration_ms: 2403.752114
2026-09-15T14:58:09.6375057Z   ...
2026-09-15T14:58:09.6375645Z # Subtest: actual collection-dialog reader reaches the bottom; first Back/Escape leaves reading without closing or starting
2026-09-15T14:58:09.6376352Z ok 660 - actual collection-dialog reader reaches the bottom; first Back/Escape leaves reading without closing or starting
2026-09-15T14:58:09.6376757Z   ---
2026-09-15T14:58:09.6376909Z   duration_ms: 2666.931715
2026-09-15T14:58:09.6377080Z   ...
2026-09-15T14:58:09.6377456Z # Subtest: Collection disclosure ends reading on collapse without leaving hidden focus or resuming
2026-09-15T14:58:09.6378020Z ok 661 - Collection disclosure ends reading on collapse without leaving hidden focus or resuming
2026-09-15T14:58:09.6378354Z   ---
2026-09-15T14:58:09.6378516Z   duration_ms: 1248.06039
2026-09-15T14:58:09.6378695Z   ...
2026-09-15T14:58:09.6379026Z # Subtest: Collection disclosure ends reading on collapse without stealing later focus
2026-09-15T14:58:09.6379520Z ok 662 - Collection disclosure ends reading on collapse without stealing later focus
2026-09-15T14:58:09.6379836Z   ---
2026-09-15T14:58:09.6379991Z   duration_ms: 1030.350451
2026-09-15T14:58:09.6380170Z   ...
2026-09-15T14:58:09.6380726Z # Subtest: actual Settings → Studio listbox/range edits preview, cancel and apply through native handlers before Back returns
2026-09-15T14:58:09.6381499Z ok 663 - actual Settings → Studio listbox/range edits preview, cancel and apply through native handlers before Back returns
2026-09-15T14:58:09.6381895Z   ---
2026-09-15T14:58:09.6382049Z   duration_ms: 3052.899741
2026-09-15T14:58:09.6382222Z   ...
2026-09-15T14:58:09.6382561Z # Subtest: title Settings returns to its title opener after controller Back or native Escape
2026-09-15T14:58:09.6383070Z ok 664 - title Settings returns to its title opener after controller Back or native Escape
2026-09-15T14:58:09.6383389Z   ---
2026-09-15T14:58:09.6383538Z   duration_ms: 1505.872909
2026-09-15T14:58:09.6383712Z   ...
2026-09-15T14:58:09.6384114Z # Subtest: opening Settings during a flight keeps its paused-flight return instead of opening the title
2026-09-15T14:58:09.6384700Z ok 665 - opening Settings during a flight keeps its paused-flight return instead of opening the title
2026-09-15T14:58:09.6385047Z   ---
2026-09-15T14:58:09.6385310Z   duration_ms: 1486.843958
2026-09-15T14:58:09.6385650Z   ...
2026-09-15T14:58:09.6386324Z # Subtest: title Workshop Field Guide returns through its visible openers after Back, Escape and isolated practice
2026-09-15T14:58:09.6387307Z ok 666 - title Workshop Field Guide returns through its visible openers after Back, Escape and isolated practice
2026-09-15T14:58:09.6387867Z   ---
2026-09-15T14:58:09.6388091Z   duration_ms: 1436.500484
2026-09-15T14:58:09.6388346Z   ...
2026-09-15T14:58:09.6388978Z # Subtest: Main menu Workshop Field Guide returns through both menus over an unchanged paused-flight checkpoint
2026-09-15T14:58:09.6389968Z ok 667 - Main menu Workshop Field Guide returns through both menus over an unchanged paused-flight checkpoint
2026-09-15T14:58:09.6390542Z   ---
2026-09-15T14:58:09.6390769Z   duration_ms: 2453.018486
2026-09-15T14:58:09.6391024Z   ...
2026-09-15T14:58:09.6391559Z # Subtest: title picture controller returns through Collection to its exact title opener
2026-09-15T14:58:09.6392364Z ok 668 - title picture controller returns through Collection to its exact title opener
2026-09-15T14:58:09.6392832Z   ---
2026-09-15T14:58:09.6393056Z   duration_ms: 1144.303308
2026-09-15T14:58:09.6393314Z   ...
2026-09-15T14:58:09.6393799Z # Subtest: title picture escape returns through Collection to its exact title opener
2026-09-15T14:58:09.6394574Z ok 669 - title picture escape returns through Collection to its exact title opener
2026-09-15T14:58:09.6395044Z   ---
2026-09-15T14:58:09.6395265Z   duration_ms: 946.751162
2026-09-15T14:58:09.6395645Z   ...
2026-09-15T14:58:09.6396178Z # Subtest: title picture close button returns through Collection to its exact title opener
2026-09-15T14:58:09.6397134Z ok 670 - title picture close button returns through Collection to its exact title opener
2026-09-15T14:58:09.6397603Z   ---
2026-09-15T14:58:09.6397831Z   duration_ms: 934.629835
2026-09-15T14:58:09.6398091Z   ...
2026-09-15T14:58:09.6398668Z # Subtest: picture Replay deliberately leaves title and Collection for the selected ready briefing
2026-09-15T14:58:09.6399546Z ok 671 - picture Replay deliberately leaves title and Collection for the selected ready briefing
2026-09-15T14:58:09.6400035Z   ---
2026-09-15T14:58:09.6400259Z   duration_ms: 1067.255286
2026-09-15T14:58:09.6400527Z   ...
2026-09-15T14:58:09.6401029Z # Subtest: Collection Choose appearance deliberately leaves title for Missions setup
2026-09-15T14:58:09.6401789Z ok 672 - Collection Choose appearance deliberately leaves title for Missions setup
2026-09-15T14:58:09.6402264Z   ---
2026-09-15T14:58:09.6402496Z   duration_ms: 926.055775
2026-09-15T14:58:09.6402775Z   ...
2026-09-15T14:58:09.6403310Z # Subtest: Collection resets its return label from title to a direct paused-flight visit
2026-09-15T14:58:09.6404121Z ok 673 - Collection resets its return label from title to a direct paused-flight visit
2026-09-15T14:58:09.6404587Z   ---
2026-09-15T14:58:09.6404818Z   duration_ms: 3556.662483
2026-09-15T14:58:09.6405098Z   ...
2026-09-15T14:58:09.6405777Z # Subtest: programmatic Collection after a real win does not refocus a hidden opener
2026-09-15T14:58:09.6406533Z ok 674 - programmatic Collection after a real win does not refocus a hidden opener
2026-09-15T14:58:09.6406848Z   ---
2026-09-15T14:58:09.6407004Z   duration_ms: 29155.15571
2026-09-15T14:58:09.6407179Z   ...
2026-09-15T14:58:09.6407648Z # Subtest: immediate: native Enter and controller activate visible headers from ready without starting or replacing the flight
2026-09-15T14:58:09.6408359Z ok 675 - immediate: native Enter and controller activate visible headers from ready without starting or replacing the flight
2026-09-15T14:58:09.6408758Z   ---
2026-09-15T14:58:09.6408915Z   duration_ms: 7399.659297
2026-09-15T14:58:09.6409096Z   ...
2026-09-15T14:58:09.6409550Z # Subtest: immediate: native Enter and controller activate visible headers from paused without starting or replacing the flight
2026-09-15T14:58:09.6410399Z ok 676 - immediate: native Enter and controller activate visible headers from paused without starting or replacing the flight
2026-09-15T14:58:09.6410815Z   ---
2026-09-15T14:58:09.6410974Z   duration_ms: 8155.244807
2026-09-15T14:58:09.6411214Z   ...
2026-09-15T14:58:09.6411847Z # Subtest: immediate: native Enter and controller activate visible headers from picture without starting or replacing the flight
2026-09-15T14:58:09.6412918Z ok 677 - immediate: native Enter and controller activate visible headers from picture without starting or replacing the flight
2026-09-15T14:58:09.6413621Z   ---
2026-09-15T14:58:09.6413878Z   duration_ms: 25866.507612
2026-09-15T14:58:09.6414164Z   ...
2026-09-15T14:58:09.6414971Z # Subtest: immediate: native Enter and controller activate visible headers from result without starting or replacing the flight
2026-09-15T14:58:09.6416364Z ok 678 - immediate: native Enter and controller activate visible headers from result without starting or replacing the flight
2026-09-15T14:58:09.6417051Z   ---
2026-09-15T14:58:09.6417319Z   duration_ms: 31231.543239
2026-09-15T14:58:09.6417670Z   ...
2026-09-15T14:58:09.6418125Z # Subtest: immediate: Tab and controller reach headers while unrelated body and flight controls stay excluded
2026-09-15T14:58:09.6418777Z ok 679 - immediate: Tab and controller reach headers while unrelated body and flight controls stay excluded
2026-09-15T14:58:09.6419140Z   ---
2026-09-15T14:58:09.6419297Z   duration_ms: 6427.17948
2026-09-15T14:58:09.6419475Z   ...
2026-09-15T14:58:09.6419949Z # Subtest: immediate: paused header controller/Back preserves direction and modal scope prevents click-through
2026-09-15T14:58:09.6420624Z ok 680 - immediate: paused header controller/Back preserves direction and modal scope prevents click-through
2026-09-15T14:58:09.6421167Z   ---
2026-09-15T14:58:09.6421330Z   duration_ms: 12065.108932
2026-09-15T14:58:09.6421527Z   ...
2026-09-15T14:58:09.6421933Z # Subtest: immediate: First Flight ready exposes usable header/menu actions and preserves its lesson
2026-09-15T14:58:09.6422540Z ok 681 - immediate: First Flight ready exposes usable header/menu actions and preserves its lesson
2026-09-15T14:58:09.6422896Z   ---
2026-09-15T14:58:09.6423064Z   duration_ms: 20449.164239
2026-09-15T14:58:09.6423258Z   ...
2026-09-15T14:58:09.6423653Z # Subtest: immediate: First Flight paused exposes usable header/menu actions and preserves its lesson
2026-09-15T14:58:09.6424265Z ok 682 - immediate: First Flight paused exposes usable header/menu actions and preserves its lesson
2026-09-15T14:58:09.6424667Z   ---
2026-09-15T14:58:09.6424832Z   duration_ms: 30206.225016
2026-09-15T14:58:09.6425077Z   ...
2026-09-15T14:58:09.6425667Z # Subtest: immediate: First Flight picture exposes usable header/menu actions and preserves its lesson
2026-09-15T14:58:09.6426334Z ok 683 - immediate: First Flight picture exposes usable header/menu actions and preserves its lesson
2026-09-15T14:58:09.6426698Z   ---
2026-09-15T14:58:09.6426854Z   duration_ms: 35681.817837
2026-09-15T14:58:09.6427060Z   ...
2026-09-15T14:58:09.6427447Z # Subtest: immediate: First Flight result exposes usable header/menu actions and preserves its lesson
2026-09-15T14:58:09.6428029Z ok 684 - immediate: First Flight result exposes usable header/menu actions and preserves its lesson
2026-09-15T14:58:09.6428370Z   ---
2026-09-15T14:58:09.6428524Z   duration_ms: 45821.006214
2026-09-15T14:58:09.6428703Z   ...
2026-09-15T14:58:09.6429072Z # Subtest: immediate: ended embedded First Flight hides shell actions and keeps the terminal reader
2026-09-15T14:58:09.6429816Z ok 685 - immediate: ended embedded First Flight hides shell actions and keeps the terminal reader
2026-09-15T14:58:09.6430155Z   ---
2026-09-15T14:58:09.6430328Z   duration_ms: 6126.161835
2026-09-15T14:58:09.6430554Z   ...
2026-09-15T14:58:09.6431019Z # Subtest: grid-center: native Enter and controller activate visible headers from ready without starting or replacing the flight
2026-09-15T14:58:09.6431875Z ok 686 - grid-center: native Enter and controller activate visible headers from ready without starting or replacing the flight
2026-09-15T14:58:09.6432296Z   ---
2026-09-15T14:58:09.6432453Z   duration_ms: 7529.008563
2026-09-15T14:58:09.6432629Z   ...
2026-09-15T14:58:09.6433092Z # Subtest: grid-center: native Enter and controller activate visible headers from paused without starting or replacing the flight
2026-09-15T14:58:09.6433817Z ok 687 - grid-center: native Enter and controller activate visible headers from paused without starting or replacing the flight
2026-09-15T14:58:09.6434226Z   ---
2026-09-15T14:58:09.6434380Z   duration_ms: 9515.909222
2026-09-15T14:58:09.6434553Z   ...
2026-09-15T14:58:09.6435011Z # Subtest: grid-center: native Enter and controller activate visible headers from picture without starting or replacing the flight
2026-09-15T14:58:09.6435897Z ok 688 - grid-center: native Enter and controller activate visible headers from picture without starting or replacing the flight
2026-09-15T14:58:09.6436385Z   ---
2026-09-15T14:58:09.6436616Z   duration_ms: 18363.86259
2026-09-15T14:58:09.6436917Z   ...
2026-09-15T14:58:09.6437594Z # Subtest: grid-center: native Enter and controller activate visible headers from result without starting or replacing the flight
2026-09-15T14:58:09.6438100Z ok 689 - grid-center: native Enter and controller activate visible headers from result without starting or replacing the flight
2026-09-15T14:58:09.6438174Z   ---
2026-09-15T14:58:09.6438257Z   duration_ms: 29092.024168
2026-09-15T14:58:09.6438322Z   ...
2026-09-15T14:58:09.6438656Z # Subtest: grid-center: Tab and controller reach headers while unrelated body and flight controls stay excluded
2026-09-15T14:58:09.6438972Z ok 690 - grid-center: Tab and controller reach headers while unrelated body and flight controls stay excluded
2026-09-15T14:58:09.6439181Z   ---
2026-09-15T14:58:09.6439262Z   duration_ms: 4686.267097
2026-09-15T14:58:09.6439331Z   ...
2026-09-15T14:58:09.6439674Z # Subtest: grid-center: paused header controller/Back preserves direction and modal scope prevents click-through
2026-09-15T14:58:09.6440007Z ok 691 - grid-center: paused header controller/Back preserves direction and modal scope prevents click-through
2026-09-15T14:58:09.6440076Z   ---
2026-09-15T14:58:09.6440154Z   duration_ms: 8708.873213
2026-09-15T14:58:09.6440218Z   ...
2026-09-15T14:58:09.6440523Z # Subtest: grid-center: First Flight ready exposes usable header/menu actions and preserves its lesson
2026-09-15T14:58:09.6440814Z ok 692 - grid-center: First Flight ready exposes usable header/menu actions and preserves its lesson
2026-09-15T14:58:09.6440877Z   ---
2026-09-15T14:58:09.6440955Z   duration_ms: 16806.150931
2026-09-15T14:58:09.6441022Z   ...
2026-09-15T14:58:09.6441322Z # Subtest: grid-center: First Flight paused exposes usable header/menu actions and preserves its lesson
2026-09-15T14:58:09.6441637Z ok 693 - grid-center: First Flight paused exposes usable header/menu actions and preserves its lesson
2026-09-15T14:58:09.6441708Z   ---
2026-09-15T14:58:09.6441784Z   duration_ms: 28091.184065
2026-09-15T14:58:09.6441846Z   ...
2026-09-15T14:58:09.6442160Z # Subtest: grid-center: First Flight picture exposes usable header/menu actions and preserves its lesson
2026-09-15T14:58:09.6442449Z ok 694 - grid-center: First Flight picture exposes usable header/menu actions and preserves its lesson
2026-09-15T14:58:09.6442515Z   ---
2026-09-15T14:58:09.6442585Z   duration_ms: 35016.380871
2026-09-15T14:58:09.6442654Z   ...
2026-09-15T14:58:09.6442949Z # Subtest: grid-center: First Flight result exposes usable header/menu actions and preserves its lesson
2026-09-15T14:58:09.6443228Z ok 695 - grid-center: First Flight result exposes usable header/menu actions and preserves its lesson
2026-09-15T14:58:09.6443297Z   ---
2026-09-15T14:58:09.6443374Z   duration_ms: 34876.575744
2026-09-15T14:58:09.6443443Z   ...
2026-09-15T14:58:09.6443733Z # Subtest: grid-center: ended embedded First Flight hides shell actions and keeps the terminal reader
2026-09-15T14:58:09.6444149Z ok 696 - grid-center: ended embedded First Flight hides shell actions and keeps the terminal reader
2026-09-15T14:58:09.6444219Z   ---
2026-09-15T14:58:09.6444297Z   duration_ms: 3929.904814
2026-09-15T14:58:09.6444365Z   ...
2026-09-15T14:58:09.6444799Z # Subtest: More worlds shows all authored layout/equipment descriptions before downloading, without changing a paused cut or Tab controls
2026-09-15T14:58:09.6445210Z ok 697 - More worlds shows all authored layout/equipment descriptions before downloading, without changing a paused cut or Tab controls
2026-09-15T14:58:09.6445275Z   ---
2026-09-15T14:58:09.6445355Z   duration_ms: 4101.646967
2026-09-15T14:58:09.6445423Z   ...
2026-09-15T14:58:09.6445915Z # Subtest: cancelled catalog refresh retains prior descriptions; accepted refreshed copy is verbatim inert text
2026-09-15T14:58:09.6446248Z ok 698 - cancelled catalog refresh retains prior descriptions; accepted refreshed copy is verbatim inert text
2026-09-15T14:58:09.6446317Z   ---
2026-09-15T14:58:09.6446395Z   duration_ms: 2093.972214
2026-09-15T14:58:09.6446457Z   ...
2026-09-15T14:58:09.6446784Z # Subtest: source install reports checking immediately and late completion after Back cannot publish success
2026-09-15T14:58:09.6447188Z ok 699 - source install reports checking immediately and late completion after Back cannot publish success
2026-09-15T14:58:09.6447285Z   ---
2026-09-15T14:58:09.6447397Z   duration_ms: 3.726759
2026-09-15T14:58:09.6447499Z   ...
2026-09-15T14:58:09.6448099Z # Subtest: source reopen reports checking; obsolete inspection cannot replace the current operation or its ready message
2026-09-15T14:58:09.6448613Z ok 700 - source reopen reports checking; obsolete inspection cannot replace the current operation or its ready message
2026-09-15T14:58:09.6448717Z   ---
2026-09-15T14:58:09.6448969Z   duration_ms: 12.723366
2026-09-15T14:58:09.6449063Z   ...
2026-09-15T14:58:09.6449536Z # Subtest: old v1 packs retain exact prepared shape and library export bytes, and still reject a mastery field
2026-09-15T14:58:09.6450059Z ok 701 - old v1 packs retain exact prepared shape and library export bytes, and still reject a mastery field
2026-09-15T14:58:09.6450154Z   ---
2026-09-15T14:58:09.6450257Z   duration_ms: 23.647204
2026-09-15T14:58:09.6450370Z   ...
2026-09-15T14:58:09.6450734Z # Subtest: v2 is explicit, requires an array, and retains existing enclosing budgets
2026-09-15T14:58:09.6451131Z ok 702 - v2 is explicit, requires an array, and retains existing enclosing budgets
2026-09-15T14:58:09.6451236Z   ---
2026-09-15T14:58:09.6451359Z   duration_ms: 23.268791
2026-09-15T14:58:09.6451460Z   ...
2026-09-15T14:58:09.6451972Z # Subtest: all three finite goals resolve beside the unchanged campaign and canonicalize without input mutation
2026-09-15T14:58:09.6452505Z ok 703 - all three finite goals resolve beside the unchanged campaign and canonicalize without input mutation
2026-09-15T14:58:09.6452618Z   ---
2026-09-15T14:58:09.6452734Z   duration_ms: 42.858498
2026-09-15T14:58:09.6452837Z   ...
2026-09-15T14:58:09.6453092Z # Subtest: empty v2 declarations explicitly opt out of exact-content v1 fallbacks
2026-09-15T14:58:09.6453321Z ok 704 - empty v2 declarations explicitly opt out of exact-content v1 fallbacks
2026-09-15T14:58:09.6453395Z   ---
2026-09-15T14:58:09.6453471Z   duration_ms: 25.621215
2026-09-15T14:58:09.6453541Z   ...
2026-09-15T14:58:09.6453861Z # Subtest: practice conversion preserves explicit v2 goals and null opt-outs while v1 output remains exact
2026-09-15T14:58:09.6454170Z ok 705 - practice conversion preserves explicit v2 goals and null opt-outs while v1 output remains exact
2026-09-15T14:58:09.6454243Z   ---
2026-09-15T14:58:09.6454314Z   duration_ms: 74.487546
2026-09-15T14:58:09.6454387Z   ...
2026-09-15T14:58:09.6454695Z # Subtest: a mixed old/new pack library roundtrips without upgrading v1 members or dropping definitions
2026-09-15T14:58:09.6454998Z ok 706 - a mixed old/new pack library roundtrips without upgrading v1 members or dropping definitions
2026-09-15T14:58:09.6455065Z   ---
2026-09-15T14:58:09.6455145Z   duration_ms: 72.697322
2026-09-15T14:58:09.6455215Z   ...
2026-09-15T14:58:09.6455808Z # Subtest: invalid local references and unavailable capabilities reject before any image decode
2026-09-15T14:58:09.6456094Z ok 707 - invalid local references and unavailable capabilities reject before any image decode
2026-09-15T14:58:09.6456166Z   ---
2026-09-15T14:58:09.6456242Z   duration_ms: 71.793688
2026-09-15T14:58:09.6456313Z   ...
2026-09-15T14:58:09.6456560Z # Subtest: a definition cannot borrow another campaign map or dependency equipment
2026-09-15T14:58:09.6456793Z ok 708 - a definition cannot borrow another campaign map or dependency equipment
2026-09-15T14:58:09.6456856Z   ---
2026-09-15T14:58:09.6456939Z   duration_ms: 4.632927
2026-09-15T14:58:09.6457016Z   ...
2026-09-15T14:58:09.6457209Z # Subtest: a valid border patrol cannot become an impact goal target
2026-09-15T14:58:09.6457402Z ok 709 - a valid border patrol cannot become an impact goal target
2026-09-15T14:58:09.6457473Z   ---
2026-09-15T14:58:09.6457545Z   duration_ms: 10.338504
2026-09-15T14:58:09.6457623Z   ...
2026-09-15T14:58:09.6457958Z # Subtest: default hangar references resolve collision-safely without materializing them into original maps
2026-09-15T14:58:09.6458276Z ok 710 - default hangar references resolve collision-safely without materializing them into original maps
2026-09-15T14:58:09.6458342Z   ---
2026-09-15T14:58:09.6458428Z   duration_ms: 16.697468
2026-09-15T14:58:09.6458500Z   ...
2026-09-15T14:58:09.6458770Z # Subtest: definition IDs and per-map declarations are unique and bounded
2026-09-15T14:58:09.6459139Z ok 711 - definition IDs and per-map declarations are unique and bounded
2026-09-15T14:58:09.6459261Z   ---
2026-09-15T14:58:09.6469380Z   duration_ms: 12.563544
2026-09-15T14:58:09.6469627Z   ...
2026-09-15T14:58:09.6469932Z # Subtest: definition JSON budgets and forbidden shapes reject without executing accessors
2026-09-15T14:58:09.6470208Z ok 712 - definition JSON budgets and forbidden shapes reject without executing accessors
2026-09-15T14:58:09.6470282Z   ---
2026-09-15T14:58:09.6470367Z   duration_ms: 18.037081
2026-09-15T14:58:09.6470438Z   ...
2026-09-15T14:58:09.6470778Z # Subtest: combined definition bytes are a separate interior budget, even with individually valid documents
2026-09-15T14:58:09.6471099Z ok 713 - combined definition bytes are a separate interior budget, even with individually valid documents
2026-09-15T14:58:09.6471169Z   ---
2026-09-15T14:58:09.6471252Z   duration_ms: 515.433301
2026-09-15T14:58:09.6471320Z   ...
2026-09-15T14:58:09.6471652Z # Subtest: co-installed exact definitions are allowed, including matching v1 builtin and v2 authored goals
2026-09-15T14:58:09.6471958Z ok 714 - co-installed exact definitions are allowed, including matching v1 builtin and v2 authored goals
2026-09-15T14:58:09.6472031Z   ---
2026-09-15T14:58:09.6472105Z   duration_ms: 60.516797
2026-09-15T14:58:09.6472173Z   ...
2026-09-15T14:58:09.6472526Z # Subtest: same-board changed definitions and explicit null conflict before the first decoder during preparation
2026-09-15T14:58:09.6472858Z ok 715 - same-board changed definitions and explicit null conflict before the first decoder during preparation
2026-09-15T14:58:09.6472924Z   ---
2026-09-15T14:58:09.6473006Z   duration_ms: 62.062631
2026-09-15T14:58:09.6473074Z   ...
2026-09-15T14:58:09.6473354Z # Subtest: prospective app context catches an exact-base authored goal before content adoption
2026-09-15T14:58:09.6473618Z ok 716 - prospective app context catches an exact-base authored goal before content adoption
2026-09-15T14:58:09.6473686Z   ---
2026-09-15T14:58:09.6473757Z   duration_ms: 22.313219
2026-09-15T14:58:09.6473857Z   ...
2026-09-15T14:58:09.6474146Z # Subtest: an entire imported library validates context and conflicts before decoding any member
2026-09-15T14:58:09.6474420Z ok 717 - an entire imported library validates context and conflicts before decoding any member
2026-09-15T14:58:09.6474484Z   ---
2026-09-15T14:58:09.6474560Z   duration_ms: 16.257113
2026-09-15T14:58:09.6474628Z   ...
2026-09-15T14:58:09.6475143Z # Subtest: same-ID replacement removes the old declaration before conflict checks and removal restores fallback only by reinstallation
2026-09-15T14:58:09.6475700Z ok 718 - same-ID replacement removes the old declaration before conflict checks and removal restores fallback only by reinstallation
2026-09-15T14:58:09.6475767Z   ---
2026-09-15T14:58:09.6475845Z   duration_ms: 37.680607
2026-09-15T14:58:09.6475908Z   ...
2026-09-15T14:58:09.6476212Z # Subtest: prospective dependency and destination validation happen before decoding v2 replacements
2026-09-15T14:58:09.6476499Z ok 719 - prospective dependency and destination validation happen before decoding v2 replacements
2026-09-15T14:58:09.6476562Z   ---
2026-09-15T14:58:09.6476643Z   duration_ms: 18.518959
2026-09-15T14:58:09.6476710Z   ...
2026-09-15T14:58:09.6477062Z # Subtest: caller mutation and decoder failure cannot change installed definitions or partially adopt a replacement
2026-09-15T14:58:09.6477396Z ok 720 - caller mutation and decoder failure cannot change installed definitions or partially adopt a replacement
2026-09-15T14:58:09.6477465Z   ---
2026-09-15T14:58:09.6477542Z   duration_ms: 44.343351
2026-09-15T14:58:09.6477604Z   ...
2026-09-15T14:58:09.6477954Z # Subtest: presentation-only substitutions preserve registration identity while definition edits remain distinct
2026-09-15T14:58:09.6478288Z ok 721 - presentation-only substitutions preserve registration identity while definition edits remain distinct
2026-09-15T14:58:09.6478356Z   ---
2026-09-15T14:58:09.6478426Z   duration_ms: 40.830234
2026-09-15T14:58:09.6478491Z   ...
2026-09-15T14:58:09.6478837Z # Subtest: standard/immediate: real pinned cut and earned receipts roundtrip backup with exact verified owner catalog
2026-09-15T14:58:09.6479279Z ok 722 - standard/immediate: real pinned cut and earned receipts roundtrip backup with exact verified owner catalog
2026-09-15T14:58:09.6479351Z   ---
2026-09-15T14:58:09.6479429Z   duration_ms: 343.412108
2026-09-15T14:58:09.6479492Z   ...
2026-09-15T14:58:09.6479853Z # Subtest: standard/grid-center: real pinned cut and earned receipts roundtrip backup with exact verified owner catalog
2026-09-15T14:58:09.6480192Z ok 723 - standard/grid-center: real pinned cut and earned receipts roundtrip backup with exact verified owner catalog
2026-09-15T14:58:09.6480260Z   ---
2026-09-15T14:58:09.6480334Z   duration_ms: 280.433995
2026-09-15T14:58:09.6480410Z   ...
2026-09-15T14:58:09.6480744Z # Subtest: gentle/immediate: real pinned cut and earned receipts roundtrip backup with exact verified owner catalog
2026-09-15T14:58:09.6481062Z ok 724 - gentle/immediate: real pinned cut and earned receipts roundtrip backup with exact verified owner catalog
2026-09-15T14:58:09.6481133Z   ---
2026-09-15T14:58:09.6481210Z   duration_ms: 238.671831
2026-09-15T14:58:09.6481276Z   ...
2026-09-15T14:58:09.6481611Z # Subtest: gentle/grid-center: real pinned cut and earned receipts roundtrip backup with exact verified owner catalog
2026-09-15T14:58:09.6481941Z ok 725 - gentle/grid-center: real pinned cut and earned receipts roundtrip backup with exact verified owner catalog
2026-09-15T14:58:09.6482009Z   ---
2026-09-15T14:58:09.6482078Z   duration_ms: 197.611407
2026-09-15T14:58:09.6482143Z   ...
2026-09-15T14:58:09.6482496Z # Subtest: ownership factory sees only owned prepared included packs after awaited decoding and exact Gentle expansion
2026-09-15T14:58:09.6482835Z ok 726 - ownership factory sees only owned prepared included packs after awaited decoding and exact Gentle expansion
2026-09-15T14:58:09.6482901Z   ---
2026-09-15T14:58:09.6482980Z   duration_ms: 125.232151
2026-09-15T14:58:09.6483046Z   ...
2026-09-15T14:58:09.6483443Z # Subtest: pack-absent earned Standard/Gentle receipts validate from JSON-rehydrated historical owners without installing content
2026-09-15T14:58:09.6483831Z ok 727 - pack-absent earned Standard/Gentle receipts validate from JSON-rehydrated historical owners without installing content
2026-09-15T14:58:09.6483900Z   ---
2026-09-15T14:58:09.6484072Z   duration_ms: 99.814652
2026-09-15T14:58:09.6484137Z   ...
2026-09-15T14:58:09.6484517Z # Subtest: v3 session or earned receipt requires explicit synchronous branded owner resolver; refusal precedes target writes
2026-09-15T14:58:09.6484878Z ok 728 - v3 session or earned receipt requires explicit synchronous branded owner resolver; refusal precedes target writes
2026-09-15T14:58:09.6484943Z   ---
2026-09-15T14:58:09.6485019Z   duration_ms: 124.128174
2026-09-15T14:58:09.6485085Z   ...
2026-09-15T14:58:09.6485417Z # Subtest: foreign authored-owner and revision cannot pass same-map/world/hash receipt checks or reach commit
2026-09-15T14:58:09.6485863Z ok 729 - foreign authored-owner and revision cannot pass same-map/world/hash receipt checks or reach commit
2026-09-15T14:58:09.6485939Z   ---
2026-09-15T14:58:09.6486013Z   duration_ms: 139.700132
2026-09-15T14:58:09.6486075Z   ...
2026-09-15T14:58:09.6486510Z # Subtest: read-only earlier-release transfer retains v3 identities, fingerprint and source locks then supports explicit target commit/Undo
2026-09-15T14:58:09.6486921Z ok 730 - read-only earlier-release transfer retains v3 identities, fingerprint and source locks then supports explicit target commit/Undo
2026-09-15T14:58:09.6486987Z   ---
2026-09-15T14:58:09.6487058Z   duration_ms: 109.432519
2026-09-15T14:58:09.6487123Z   ...
2026-09-15T14:58:09.6487487Z # Subtest: transfer rejects missing/foreign owner resolver and cancellation without fingerprint or source/target writes
2026-09-15T14:58:09.6487828Z ok 731 - transfer rejects missing/foreign owner resolver and cancellation without fingerprint or source/target writes
2026-09-15T14:58:09.6487896Z   ---
2026-09-15T14:58:09.6487971Z   duration_ms: 65.142316
2026-09-15T14:58:09.6488138Z   ...
2026-09-15T14:58:09.6488496Z # Subtest: old v1/v2 libraries and sessions retain their normalized formats and never require or call a picture resolver
2026-09-15T14:58:09.6488835Z ok 732 - old v1/v2 libraries and sessions retain their normalized formats and never require or call a picture resolver
2026-09-15T14:58:09.6488903Z   ---
2026-09-15T14:58:09.6488974Z   duration_ms: 103.008215
2026-09-15T14:58:09.6489043Z   ...
2026-09-15T14:58:09.6489357Z # Subtest: dynamic saved campaign resolves before the picture factory receives its owned exact execution
2026-09-15T14:58:09.6489655Z ok 733 - dynamic saved campaign resolves before the picture factory receives its owned exact execution
2026-09-15T14:58:09.6489718Z   ---
2026-09-15T14:58:09.6489794Z   duration_ms: 44.327379
2026-09-15T14:58:09.6489863Z   ...
2026-09-15T14:58:09.6490241Z # Subtest: actual Playground entry blocks Play/open/mode launch during chosen pack decode, then paints and launches Classic Lab
2026-09-15T14:58:09.6490614Z ok 734 - actual Playground entry blocks Play/open/mode launch during chosen pack decode, then paints and launches Classic Lab
2026-09-15T14:58:09.6490683Z   ---
2026-09-15T14:58:09.6490760Z   duration_ms: 209.262242
2026-09-15T14:58:09.6490822Z   ...
2026-09-15T14:58:09.6491158Z # Subtest: three native teaching buttons adopt exact scenarios only through import and explicit practice launch
2026-09-15T14:58:09.6491479Z ok 735 - three native teaching buttons adopt exact scenarios only through import and explicit practice launch
2026-09-15T14:58:09.6491542Z   ---
2026-09-15T14:58:09.6491618Z   duration_ms: 202.382182
2026-09-15T14:58:09.6491685Z   ...
2026-09-15T14:58:09.6492013Z # Subtest: teaching requests retain the import gate across stale responses and preserve prior content on failure
2026-09-15T14:58:09.6492327Z ok 736 - teaching requests retain the import gate across stale responses and preserve prior content on failure
2026-09-15T14:58:09.6492394Z   ---
2026-09-15T14:58:09.6492469Z   duration_ms: 76.572249
2026-09-15T14:58:09.6492535Z   ...
2026-09-15T14:58:09.6492904Z # Subtest: older decode completion cannot release a newer import; failed reads release the gate and preserve current content
2026-09-15T14:58:09.6493352Z ok 737 - older decode completion cannot release a newer import; failed reads release the gate and preserve current content
2026-09-15T14:58:09.6493423Z   ---
2026-09-15T14:58:09.6493494Z   duration_ms: 183.228253
2026-09-15T14:58:09.6493558Z   ...
2026-09-15T14:58:09.6493852Z # Subtest: explicit cancellation preserves the current map and preview while a late decode releases
2026-09-15T14:58:09.6494136Z ok 738 - explicit cancellation preserves the current map and preview while a late decode releases
2026-09-15T14:58:09.6494202Z   ---
2026-09-15T14:58:09.6494282Z   duration_ms: 83.756829
2026-09-15T14:58:09.6494343Z   ...
2026-09-15T14:58:09.6494699Z # Subtest: actual classic JSON edit retains descriptors; explicit generator replacement returns to its legacy edition
2026-09-15T14:58:09.6495038Z ok 739 - actual classic JSON edit retains descriptors; explicit generator replacement returns to its legacy edition
2026-09-15T14:58:09.6495108Z   ---
2026-09-15T14:58:09.6495180Z   duration_ms: 153.727197
2026-09-15T14:58:09.6495254Z   ...
2026-09-15T14:58:09.6495712Z # Subtest: preview iframe load waits for the child readiness marker and does not reuse the previous child state
2026-09-15T14:58:09.6496017Z ok 740 - preview iframe load waits for the child readiness marker and does not reuse the previous child state
2026-09-15T14:58:09.6496083Z   ---
2026-09-15T14:58:09.6496163Z   duration_ms: 47.980356
2026-09-15T14:58:09.6496233Z   ...
2026-09-15T14:58:09.6496624Z # Subtest: replay file reading acknowledges immediately, cancellation preserves the result, and a fresh real recording verifies
2026-09-15T14:58:09.6496999Z ok 741 - replay file reading acknowledges immediately, cancellation preserves the result, and a fresh real recording verifies
2026-09-15T14:58:09.6497068Z   ---
2026-09-15T14:58:09.6497141Z   duration_ms: 126.399634
2026-09-15T14:58:09.6497314Z   ...
2026-09-15T14:58:09.6497624Z # Subtest: ordinary: shared v3 custom music reads and plays without changing existing audio/still history
2026-09-15T14:58:09.6497923Z ok 742 - ordinary: shared v3 custom music reads and plays without changing existing audio/still history
2026-09-15T14:58:09.6497985Z   ---
2026-09-15T14:58:09.6498064Z   duration_ms: 1601.947532
2026-09-15T14:58:09.6498128Z   ...
2026-09-15T14:58:09.6498418Z # Subtest: practice: shared v3 custom music reads and plays without changing existing audio/still history
2026-09-15T14:58:09.6498703Z ok 743 - practice: shared v3 custom music reads and plays without changing existing audio/still history
2026-09-15T14:58:09.6498769Z   ---
2026-09-15T14:58:09.6498847Z   duration_ms: 813.11881
2026-09-15T14:58:09.6498908Z   ...
2026-09-15T14:58:09.6499195Z # Subtest: course: shared v3 custom music reads and plays without changing existing audio/still history
2026-09-15T14:58:09.6499476Z ok 744 - course: shared v3 custom music reads and plays without changing existing audio/still history
2026-09-15T14:58:09.6499543Z   ---
2026-09-15T14:58:09.6499619Z   duration_ms: 622.322295
2026-09-15T14:58:09.6499685Z   ...
2026-09-15T14:58:09.6499973Z # Subtest: practice: current-edition v1 to v4 opening preserves every original and metadata row
2026-09-15T14:58:09.6500235Z ok 745 - practice: current-edition v1 to v4 opening preserves every original and metadata row
2026-09-15T14:58:09.6500302Z   ---
2026-09-15T14:58:09.6500378Z   duration_ms: 804.828558
2026-09-15T14:58:09.6500440Z   ...
2026-09-15T14:58:09.6500705Z # Subtest: practice: current-edition v2 to v4 opening preserves every original and metadata row
2026-09-15T14:58:09.6500961Z ok 746 - practice: current-edition v2 to v4 opening preserves every original and metadata row
2026-09-15T14:58:09.6501028Z   ---
2026-09-15T14:58:09.6501098Z   duration_ms: 979.788624
2026-09-15T14:58:09.6501165Z   ...
2026-09-15T14:58:09.6501448Z # Subtest: component input specimens use native kinds, preserve selected state, and label errors
2026-09-15T14:58:09.6501712Z ok 747 - component input specimens use native kinds, preserve selected state, and label errors
2026-09-15T14:58:09.6501779Z   ---
2026-09-15T14:58:09.6501854Z   duration_ms: 3.943456
2026-09-15T14:58:09.6501917Z   ...
2026-09-15T14:58:09.6502279Z # Subtest: tooltip and chip library specimens have real associations and no fake telemetry
2026-09-15T14:58:09.6502536Z ok 748 - tooltip and chip library specimens have real associations and no fake telemetry
2026-09-15T14:58:09.6502603Z   ---
2026-09-15T14:58:09.6502674Z   duration_ms: 0.650392
2026-09-15T14:58:09.6502739Z   ...
2026-09-15T14:58:09.6503004Z # Subtest: opaque button frames preserve the state background and authored border geometry
2026-09-15T14:58:09.6503245Z ok 749 - opaque button frames preserve the state background and authored border geometry
2026-09-15T14:58:09.6503313Z   ---
2026-09-15T14:58:09.6503388Z   duration_ms: 1.597363
2026-09-15T14:58:09.6503456Z   ...
2026-09-15T14:58:09.6503743Z # Subtest: action specimens retain their runtime variants without pretending to be toggle buttons
2026-09-15T14:58:09.6504015Z ok 750 - action specimens retain their runtime variants without pretending to be toggle buttons
2026-09-15T14:58:09.6504082Z   ---
2026-09-15T14:58:09.6504156Z   duration_ms: 0.533125
2026-09-15T14:58:09.6504221Z   ...
2026-09-15T14:58:09.6504533Z # Subtest: tab specimens expose matched panels and real keyboard selection while skipping disabled tabs
2026-09-15T14:58:09.6504822Z ok 751 - tab specimens expose matched panels and real keyboard selection while skipping disabled tabs
2026-09-15T14:58:09.6504890Z   ---
2026-09-15T14:58:09.6504966Z   duration_ms: 1.077708
2026-09-15T14:58:09.6505036Z   ...
2026-09-15T14:58:09.6505285Z # Subtest: chip specimens toggle locally and a disabled chip preserves its native state
2026-09-15T14:58:09.6505680Z ok 752 - chip specimens toggle locally and a disabled chip preserves its native state
2026-09-15T14:58:09.6505952Z   ---
2026-09-15T14:58:09.6506054Z   duration_ms: 0.307865
2026-09-15T14:58:09.6506122Z   ...
2026-09-15T14:58:09.6506517Z # Subtest: one keyed readonly transaction selects both domains without inventory reads or writes; its poster snapshot is branded
2026-09-15T14:58:09.6506898Z ok 753 - one keyed readonly transaction selects both domains without inventory reads or writes; its poster snapshot is branded
2026-09-15T14:58:09.6506963Z   ---
2026-09-15T14:58:09.6507044Z   duration_ms: 1434.241116
2026-09-15T14:58:09.6507111Z   ...
2026-09-15T14:58:09.6507467Z # Subtest: a queued assignment/binding edit cannot split the metadata instant and previously selected story stays exact
2026-09-15T14:58:09.6507812Z ok 754 - a queued assignment/binding edit cannot split the metadata instant and previously selected story stays exact
2026-09-15T14:58:09.6507879Z   ---
2026-09-15T14:58:09.6507956Z   duration_ms: 1546.828153
2026-09-15T14:58:09.6508019Z   ...
2026-09-15T14:58:09.6508305Z # Subtest: abort at a queued keyed read and closed adapters cannot publish selection or mutate rows
2026-09-15T14:58:09.6508582Z ok 755 - abort at a queued keyed read and closed adapters cannot publish selection or mutate rows
2026-09-15T14:58:09.6508645Z   ---
2026-09-15T14:58:09.6508722Z   duration_ms: 1275.617098
2026-09-15T14:58:09.6508788Z   ...
2026-09-15T14:58:09.6509063Z # Subtest: a v3 adapter explicitly refuses the combined contract without upgrading its database
2026-09-15T14:58:09.6509319Z ok 756 - a v3 adapter explicitly refuses the combined contract without upgrading its database
2026-09-15T14:58:09.6509386Z   ---
2026-09-15T14:58:09.6509468Z   duration_ms: 0.413604
2026-09-15T14:58:09.6509531Z   ...
2026-09-15T14:58:09.6509840Z # Subtest: individually valid retained documents exceeding their shared 2 MiB refuse the combined read
2026-09-15T14:58:09.6510134Z ok 757 - individually valid retained documents exceeding their shared 2 MiB refuse the combined read
2026-09-15T14:58:09.6510202Z   ---
2026-09-15T14:58:09.6510274Z   duration_ms: 1677.577532
2026-09-15T14:58:09.6510343Z   ...
2026-09-15T14:58:09.6510626Z # Subtest: per-world choices freeze original A and explicit authored art despite assignment B
2026-09-15T14:58:09.6510889Z ok 758 - per-world choices freeze original A and explicit authored art despite assignment B
2026-09-15T14:58:09.6511064Z   ---
2026-09-15T14:58:09.6511140Z   duration_ms: 34.509549
2026-09-15T14:58:09.6511208Z   ...
2026-09-15T14:58:09.6511488Z # Subtest: v3 standard/immediate saves exact replay and continuation with authored picture owner
2026-09-15T14:58:09.6511750Z ok 759 - v3 standard/immediate saves exact replay and continuation with authored picture owner
2026-09-15T14:58:09.6511817Z   ---
2026-09-15T14:58:09.6511893Z   duration_ms: 101.523969
2026-09-15T14:58:09.6511959Z   ...
2026-09-15T14:58:09.6512238Z # Subtest: v3 standard/grid-center saves exact replay and continuation with authored picture owner
2026-09-15T14:58:09.6512514Z ok 760 - v3 standard/grid-center saves exact replay and continuation with authored picture owner
2026-09-15T14:58:09.6512587Z   ---
2026-09-15T14:58:09.6512660Z   duration_ms: 54.967977
2026-09-15T14:58:09.6512725Z   ...
2026-09-15T14:58:09.6513003Z # Subtest: v3 gentle/immediate saves exact replay and continuation with authored picture owner
2026-09-15T14:58:09.6513287Z ok 761 - v3 gentle/immediate saves exact replay and continuation with authored picture owner
2026-09-15T14:58:09.6513351Z   ---
2026-09-15T14:58:09.6513429Z   duration_ms: 63.667826
2026-09-15T14:58:09.6513495Z   ...
2026-09-15T14:58:09.6513776Z # Subtest: v3 gentle/grid-center saves exact replay and continuation with authored picture owner
2026-09-15T14:58:09.6514047Z ok 762 - v3 gentle/grid-center saves exact replay and continuation with authored picture owner
2026-09-15T14:58:09.6514113Z   ---
2026-09-15T14:58:09.6514184Z   duration_ms: 59.205566
2026-09-15T14:58:09.6514249Z   ...
2026-09-15T14:58:09.6514518Z # Subtest: restore verifies exact installed authored owner instead of trusting pin metadata
2026-09-15T14:58:09.6514852Z ok 763 - restore verifies exact installed authored owner instead of trusting pin metadata
2026-09-15T14:58:09.6514915Z   ---
2026-09-15T14:58:09.6514990Z   duration_ms: 41.652678
2026-09-15T14:58:09.6515057Z   ...
2026-09-15T14:58:09.6515321Z # Subtest: missing old picture stays unavailable; unknown worlds never use a fresh assignment
2026-09-15T14:58:09.6515715Z ok 764 - missing old picture stays unavailable; unknown worlds never use a fresh assignment
2026-09-15T14:58:09.6515781Z   ---
2026-09-15T14:58:09.6515857Z   duration_ms: 12.376402
2026-09-15T14:58:09.6515919Z   ...
2026-09-15T14:58:09.6516148Z # Subtest: strict bounded owned pins reject malformed or mixed map identities
2026-09-15T14:58:09.6516361Z ok 765 - strict bounded owned pins reject malformed or mixed map identities
2026-09-15T14:58:09.6516425Z   ---
2026-09-15T14:58:09.6516500Z   duration_ms: 13.820362
2026-09-15T14:58:09.6516568Z   ...
2026-09-15T14:58:09.6516774Z # Subtest: v1 and v2 stay unchanged; invalid v3 never releases a queued turn
2026-09-15T14:58:09.6516981Z ok 766 - v1 and v2 stay unchanged; invalid v3 never releases a queued turn
2026-09-15T14:58:09.6517047Z   ---
2026-09-15T14:58:09.6517121Z   duration_ms: 34.498202
2026-09-15T14:58:09.6517184Z   ...
2026-09-15T14:58:09.6517427Z # Subtest: storage failure preserves previous saved flight with valid v3 envelope
2026-09-15T14:58:09.6517653Z ok 767 - storage failure preserves previous saved flight with valid v3 envelope
2026-09-15T14:58:09.6517715Z   ---
2026-09-15T14:58:09.6517788Z   duration_ms: 17.749757
2026-09-15T14:58:09.6517854Z   ...
2026-09-15T14:58:09.6518112Z # Subtest: studio revisions preserve prior theme records and apply explicit token changes
2026-09-15T14:58:09.6518358Z ok 768 - studio revisions preserve prior theme records and apply explicit token changes
2026-09-15T14:58:09.6518424Z   ---
2026-09-15T14:58:09.6518501Z   duration_ms: 603.734888
2026-09-15T14:58:09.6518563Z   ...
2026-09-15T14:58:09.6518811Z # Subtest: a complete required collection can retain separate compact edit revisions
2026-09-15T14:58:09.6519046Z ok 769 - a complete required collection can retain separate compact edit revisions
2026-09-15T14:58:09.6519109Z   ---
2026-09-15T14:58:09.6519182Z   duration_ms: 680.622543
2026-09-15T14:58:09.6519248Z   ...
2026-09-15T14:58:09.6519648Z # Subtest: collection replacement rejects incomplete members and missing dependencies atomically
2026-09-15T14:58:09.6519924Z ok 770 - collection replacement rejects incomplete members and missing dependencies atomically
2026-09-15T14:58:09.6519994Z   ---
2026-09-15T14:58:09.6520069Z   duration_ms: 593.790784
2026-09-15T14:58:09.6520131Z   ...
2026-09-15T14:58:09.6520427Z # Subtest: studio database compare-and-swap rejects stale tabs and preserves data on write failure
2026-09-15T14:58:09.6520705Z ok 771 - studio database compare-and-swap rejects stale tabs and preserves data on write failure
2026-09-15T14:58:09.6520772Z   ---
2026-09-15T14:58:09.6520844Z   duration_ms: 940.603656
2026-09-15T14:58:09.6520915Z   ...
2026-09-15T14:58:09.6521164Z # Subtest: generated prompts carry real slot, theme, states and release limitations
2026-09-15T14:58:09.6521388Z ok 772 - generated prompts carry real slot, theme, states and release limitations
2026-09-15T14:58:09.6521455Z   ---
2026-09-15T14:58:09.6521535Z   duration_ms: 84.014738
2026-09-15T14:58:09.6521598Z   ...
2026-09-15T14:58:09.6521913Z # Subtest: audio and font briefs request the actual output medium and preserve the immutable slot document
2026-09-15T14:58:09.6522211Z ok 773 - audio and font briefs request the actual output medium and preserve the immutable slot document
2026-09-15T14:58:09.6522277Z   ---
2026-09-15T14:58:09.6522348Z   duration_ms: 125.973108
2026-09-15T14:58:09.6522414Z   ...
2026-09-15T14:58:09.6522740Z # Subtest: all recipe-only slots produce actionable code or metadata briefs for variation, edit and collection
2026-09-15T14:58:09.6523045Z ok 774 - all recipe-only slots produce actionable code or metadata briefs for variation, edit and collection
2026-09-15T14:58:09.6523220Z   ---
2026-09-15T14:58:09.6523297Z   duration_ms: 177.062668
2026-09-15T14:58:09.6523362Z   ...
2026-09-15T14:58:09.6523611Z # Subtest: edit briefs retain actual custom geometry and the production palette contract
2026-09-15T14:58:09.6523856Z ok 775 - edit briefs retain actual custom geometry and the production palette contract
2026-09-15T14:58:09.6523921Z   ---
2026-09-15T14:58:09.6523992Z   duration_ms: 247.695045
2026-09-15T14:58:09.6524059Z   ...
2026-09-15T14:58:09.6524338Z # Subtest: saved lineage allows a batch of staged actions and reset, but refuses rewritten history
2026-09-15T14:58:09.6524603Z ok 776 - saved lineage allows a batch of staged actions and reset, but refuses rewritten history
2026-09-15T14:58:09.6524662Z   ---
2026-09-15T14:58:09.6524738Z   duration_ms: 2857.159037
2026-09-15T14:58:09.6524802Z   ...
2026-09-15T14:58:09.6525093Z # Subtest: two independent studio tabs serialize compare-and-swap without dropping the winning save
2026-09-15T14:58:09.6525375Z ok 777 - two independent studio tabs serialize compare-and-swap without dropping the winning save
2026-09-15T14:58:09.6525442Z   ---
2026-09-15T14:58:09.6525646Z   duration_ms: 1202.143762
2026-09-15T14:58:09.6525711Z   ...
2026-09-15T14:58:09.6525968Z # Subtest: a failed save of new bytes and invalid geometry both retain the saved workspace
2026-09-15T14:58:09.6526208Z ok 778 - a failed save of new bytes and invalid geometry both retain the saved workspace
2026-09-15T14:58:09.6526272Z   ---
2026-09-15T14:58:09.6526346Z   duration_ms: 1215.281655
2026-09-15T14:58:09.6526413Z   ...
2026-09-15T14:58:09.6526690Z # Subtest: imports reserve unoccupied asset and collection identities and retain derivative links
2026-09-15T14:58:09.6526963Z ok 779 - imports reserve unoccupied asset and collection identities and retain derivative links
2026-09-15T14:58:09.6527030Z   ---
2026-09-15T14:58:09.6527105Z   duration_ms: 658.281114
2026-09-15T14:58:09.6527167Z   ...
2026-09-15T14:58:09.6527491Z # Subtest: self-imports retain every revision without duplicating history; conflicting parents stay isolated
2026-09-15T14:58:09.6527809Z ok 780 - self-imports retain every revision without duplicating history; conflicting parents stay isolated
2026-09-15T14:58:09.6527871Z   ---
2026-09-15T14:58:09.6527945Z   duration_ms: 1319.782371
2026-09-15T14:58:09.6528125Z   ...
2026-09-15T14:58:09.6528413Z # Subtest: incompatible imported slots fail atomically and replaced collections retain history
2026-09-15T14:58:09.6528680Z ok 781 - incompatible imported slots fail atomically and replaced collections retain history
2026-09-15T14:58:09.6528749Z   ---
2026-09-15T14:58:09.6528826Z   duration_ms: 1283.147271
2026-09-15T14:58:09.6528889Z   ...
2026-09-15T14:58:09.6529141Z # Subtest: closing a pending open rejects its caller promptly and closes a late database
2026-09-15T14:58:09.6529379Z ok 782 - closing a pending open rejects its caller promptly and closes a late database
2026-09-15T14:58:09.6529446Z   ---
2026-09-15T14:58:09.6529519Z   duration_ms: 3.503902
2026-09-15T14:58:09.6529589Z   ...
2026-09-15T14:58:09.6529855Z # Subtest: closing before a pending upgrade aborts that upgrade without creating a workspace
2026-09-15T14:58:09.6530104Z ok 783 - closing before a pending upgrade aborts that upgrade without creating a workspace
2026-09-15T14:58:09.6530174Z   ---
2026-09-15T14:58:09.6530248Z   duration_ms: 1.056455
2026-09-15T14:58:09.6530310Z   ...
2026-09-15T14:58:09.6530561Z # Subtest: a blocked open that succeeds late cannot invalidate the newer studio connection
2026-09-15T14:58:09.6530802Z ok 784 - a blocked open that succeeds late cannot invalidate the newer studio connection
2026-09-15T14:58:09.6530870Z   ---
2026-09-15T14:58:09.6530942Z   duration_ms: 1.19882
2026-09-15T14:58:09.6531010Z   ...
2026-09-15T14:58:09.6531243Z # Subtest: a retired database close callback does not detach a newer owned handle
2026-09-15T14:58:09.6531459Z ok 785 - a retired database close callback does not detach a newer owned handle
2026-09-15T14:58:09.6531527Z   ---
2026-09-15T14:58:09.6531714Z   duration_ms: 1.331671
2026-09-15T14:58:09.6531784Z   ...
2026-09-15T14:58:09.6532169Z # Subtest: discovery keeps exact aliases, finds packs-only and preserves protected dev/future channels without reading values
2026-09-15T14:58:09.6532540Z ok 786 - discovery keeps exact aliases, finds packs-only and preserves protected dev/future channels without reading values
2026-09-15T14:58:09.6532611Z   ---
2026-09-15T14:58:09.6532687Z   duration_ms: 14.968968
2026-09-15T14:58:09.6532753Z   ...
2026-09-15T14:58:09.6533089Z # Subtest: locked overview and export preserve exact stored wrappers and every raw string without opening media
2026-09-15T14:58:09.6533405Z ok 787 - locked overview and export preserve exact stored wrappers and every raw string without opening media
2026-09-15T14:58:09.6533470Z   ---
2026-09-15T14:58:09.6533546Z   duration_ms: 16.323964
2026-09-15T14:58:09.6533611Z   ...
2026-09-15T14:58:09.6533973Z # Subtest: a corrupt profile with first-receipt text remains exportable without being relabeled an empty valid profile
2026-09-15T14:58:09.6534318Z ok 788 - a corrupt profile with first-receipt text remains exportable without being relabeled an empty valid profile
2026-09-15T14:58:09.6534384Z   ---
2026-09-15T14:58:09.6534458Z   duration_ms: 8.048085
2026-09-15T14:58:09.6534526Z   ...
2026-09-15T14:58:09.6534942Z # Subtest: asset absence, present null and unsupported undefined remain distinct and unsupported values produce an incomplete diagnostic
2026-09-15T14:58:09.6535342Z ok 789 - asset absence, present null and unsupported undefined remain distinct and unsupported values produce an incomplete diagnostic
2026-09-15T14:58:09.6535405Z   ---
2026-09-15T14:58:09.6535607Z   duration_ms: 7.612718
2026-09-15T14:58:09.6535703Z   ...
2026-09-15T14:58:09.6536009Z # Subtest: missing asset database does not block independently valid profile metadata or create storage
2026-09-15T14:58:09.6536304Z ok 790 - missing asset database does not block independently valid profile metadata or create storage
2026-09-15T14:58:09.6536377Z   ---
2026-09-15T14:58:09.6536453Z   duration_ms: 5.851277
2026-09-15T14:58:09.6536516Z   ...
2026-09-15T14:58:09.6536889Z # Subtest: busy writers and changed reviewed source refuse export, and manufactured review/channel objects grant no authority
2026-09-15T14:58:09.6537514Z ok 791 - busy writers and changed reviewed source refuse export, and manufactured review/channel objects grant no authority
2026-09-15T14:58:09.6537586Z   ---
2026-09-15T14:58:09.6537658Z   duration_ms: 9.869426
2026-09-15T14:58:09.6537725Z   ...
2026-09-15T14:58:09.6537949Z # Subtest: source changes during snapshot validation refuse a stable review
2026-09-15T14:58:09.6538152Z ok 792 - source changes during snapshot validation refuse a stable review
2026-09-15T14:58:09.6538218Z   ---
2026-09-15T14:58:09.6538297Z   duration_ms: 2.993661
2026-09-15T14:58:09.6538363Z   ...
2026-09-15T14:58:09.6538615Z # Subtest: more than 96 exact channels refuses the inventory without dropping entries
2026-09-15T14:58:09.6538858Z ok 793 - more than 96 exact channels refuses the inventory without dropping entries
2026-09-15T14:58:09.6538927Z   ---
2026-09-15T14:58:09.6539002Z   duration_ms: 1.519425
2026-09-15T14:58:09.6539070Z   ...
2026-09-15T14:58:09.6539358Z # Subtest: strict structured-value export rejects lossy JSON cases and never invokes a getter
2026-09-15T14:58:09.6539617Z ok 794 - strict structured-value export rejects lossy JSON cases and never invokes a getter
2026-09-15T14:58:09.6539683Z   ---
2026-09-15T14:58:09.6539757Z   duration_ms: 0.783313
2026-09-15T14:58:09.6539821Z   ...
2026-09-15T14:58:09.6540138Z # Subtest: Close settles while an unstarted Web Locks request is delayed, and its late callback cannot read
2026-09-15T14:58:09.6540436Z ok 795 - Close settles while an unstarted Web Locks request is delayed, and its late callback cannot read
2026-09-15T14:58:09.6540502Z   ---
2026-09-15T14:58:09.6540571Z   duration_ms: 3.325432
2026-09-15T14:58:09.6540635Z   ...
2026-09-15T14:58:09.6540984Z # Subtest: cancelling a delayed backup-lock request releases the acquired writer and rejects its late read callback
2026-09-15T14:58:09.6541428Z ok 796 - cancelling a delayed backup-lock request releases the acquired writer and rejects its late read callback
2026-09-15T14:58:09.6541492Z   ---
2026-09-15T14:58:09.6541572Z   duration_ms: 2.068183
2026-09-15T14:58:09.6541637Z   ...
2026-09-15T14:58:09.6541914Z # Subtest: Settings recovery stays lazy, uses the supplied version and keeps Settings underneath
2026-09-15T14:58:09.6542179Z ok 797 - Settings recovery stays lazy, uses the supplied version and keeps Settings underneath
2026-09-15T14:58:09.6542246Z   ---
2026-09-15T14:58:09.6542317Z   duration_ms: 9.48199
2026-09-15T14:58:09.6542383Z   ...
2026-09-15T14:58:09.6542648Z # Subtest: Escape and Back join pending reader cleanup and revoke raw URLs before native close
2026-09-15T14:58:09.6542905Z ok 798 - Escape and Back join pending reader cleanup and revoke raw URLs before native close
2026-09-15T14:58:09.6542967Z   ---
2026-09-15T14:58:09.6543047Z   duration_ms: 17.328582
2026-09-15T14:58:09.6543119Z   ...
2026-09-15T14:58:09.6543393Z # Subtest: closing during module loading prevents late reader creation and a later open is fresh
2026-09-15T14:58:09.6543659Z ok 799 - closing during module loading prevents late reader creation and a later open is fresh
2026-09-15T14:58:09.6543726Z   ---
2026-09-15T14:58:09.6543800Z   duration_ms: 8.546658
2026-09-15T14:58:09.6543863Z   ...
2026-09-15T14:58:09.6544118Z # Subtest: failed catalog leaves raw discovery, review and explicit native export usable
2026-09-15T14:58:09.6544359Z ok 800 - failed catalog leaves raw discovery, review and explicit native export usable
2026-09-15T14:58:09.6544422Z   ---
2026-09-15T14:58:09.6544500Z   duration_ms: 11.055127
2026-09-15T14:58:09.6544567Z   ...
2026-09-15T14:58:09.6544840Z # Subtest: unbuilt host keeps raw diagnostics and never requests or grants a historical catalog
2026-09-15T14:58:09.6545103Z ok 801 - unbuilt host keeps raw diagnostics and never requests or grants a historical catalog
2026-09-15T14:58:09.6545175Z   ---
2026-09-15T14:58:09.6545248Z   duration_ms: 2.557182
2026-09-15T14:58:09.6545309Z   ...
2026-09-15T14:58:09.6545742Z # Subtest: incompatible operation disables entry without cancelling or replacing that operation
2026-09-15T14:58:09.6546131Z ok 802 - incompatible operation disables entry without cancelling or replacing that operation
2026-09-15T14:58:09.6546196Z   ---
2026-09-15T14:58:09.6546277Z   duration_ms: 2.819168
2026-09-15T14:58:09.6546343Z   ...
2026-09-15T14:58:09.6546593Z # Subtest: blur cancels catalog loading; pagehide closes without allowing a late reader
2026-09-15T14:58:09.6546826Z ok 803 - blur cancels catalog loading; pagehide closes without allowing a late reader
2026-09-15T14:58:09.6546896Z   ---
2026-09-15T14:58:09.6546971Z   duration_ms: 3.987282
2026-09-15T14:58:09.6547034Z   ...
2026-09-15T14:58:09.6547296Z # Subtest: current writer refusal remains visible without a fallback reader or lock bypass
2026-09-15T14:58:09.6547548Z ok 804 - current writer refusal remains visible without a fallback reader or lock bypass
2026-09-15T14:58:09.6547616Z   ---
2026-09-15T14:58:09.6547685Z   duration_ms: 6.978359
2026-09-15T14:58:09.6547750Z   ...
2026-09-15T14:58:09.6548073Z # Subtest: source recovery resolves its comparison version only on entry without granting catalog authority
2026-09-15T14:58:09.6548375Z ok 805 - source recovery resolves its comparison version only on entry without granting catalog authority
2026-09-15T14:58:09.6548441Z   ---
2026-09-15T14:58:09.6548513Z   duration_ms: 5.633949
2026-09-15T14:58:09.6548574Z   ...
2026-09-15T14:58:09.6548841Z # Subtest: closing while source-version resolution is pending prevents late reader creation
2026-09-15T14:58:09.6549093Z ok 806 - closing while source-version resolution is pending prevents late reader creation
2026-09-15T14:58:09.6549160Z   ---
2026-09-15T14:58:09.6549230Z   duration_ms: 3.425433
2026-09-15T14:58:09.6549296Z   ...
2026-09-15T14:58:09.6549563Z # Subtest: existing schema2 snapshot owns immutable Blob handles without body reads or writes
2026-09-15T14:58:09.6549915Z ok 807 - existing schema2 snapshot owns immutable Blob handles without body reads or writes
2026-09-15T14:58:09.6549983Z   ---
2026-09-15T14:58:09.6550056Z   duration_ms: 8.967734
2026-09-15T14:58:09.6550126Z   ...
2026-09-15T14:58:09.6550384Z # Subtest: existing schema3 snapshot owns immutable Blob handles without body reads or writes
2026-09-15T14:58:09.6550634Z ok 808 - existing schema3 snapshot owns immutable Blob handles without body reads or writes
2026-09-15T14:58:09.6550700Z   ---
2026-09-15T14:58:09.6550770Z   duration_ms: 1.651034
2026-09-15T14:58:09.6550838Z   ...
2026-09-15T14:58:09.6551096Z # Subtest: existing schema4 snapshot owns immutable Blob handles without body reads or writes
2026-09-15T14:58:09.6551347Z ok 809 - existing schema4 snapshot owns immutable Blob handles without body reads or writes
2026-09-15T14:58:09.6551411Z   ---
2026-09-15T14:58:09.6551486Z   duration_ms: 1.884997
2026-09-15T14:58:09.6551554Z   ...
2026-09-15T14:58:09.6551820Z # Subtest: absent database aborts creation; unknown version or extra store refuses unchanged
2026-09-15T14:58:09.6552074Z ok 810 - absent database aborts creation; unknown version or extra store refuses unchanged
2026-09-15T14:58:09.6552144Z   ---
2026-09-15T14:58:09.6552214Z   duration_ms: 1.486074
2026-09-15T14:58:09.6552281Z   ...
2026-09-15T14:58:09.6552593Z # Subtest: absent metadata is distinct from present null, undefined, future ledger and pending reservation
2026-09-15T14:58:09.6552892Z ok 811 - absent metadata is distinct from present null, undefined, future ledger and pending reservation
2026-09-15T14:58:09.6552956Z   ---
2026-09-15T14:58:09.6553030Z   duration_ms: 6.50164
2026-09-15T14:58:09.6553094Z   ...
2026-09-15T14:58:09.6553355Z # Subtest: missing referenced body, duplicate physical hash and key overflow refuse boundedly
2026-09-15T14:58:09.6553607Z ok 812 - missing referenced body, duplicate physical hash and key overflow refuse boundedly
2026-09-15T14:58:09.6553680Z   ---
2026-09-15T14:58:09.6553755Z   duration_ms: 25.992897
2026-09-15T14:58:09.6553818Z   ...
2026-09-15T14:58:09.6554118Z # Subtest: cancellation during late open and versionchange releases connections without stale success
2026-09-15T14:58:09.6554480Z ok 813 - cancellation during late open and versionchange releases connections without stale success
2026-09-15T14:58:09.6554545Z   ---
2026-09-15T14:58:09.6554621Z   duration_ms: 12.048998
2026-09-15T14:58:09.6554687Z   ...
2026-09-15T14:58:09.6554895Z # Subtest: close after absent open resolution cannot publish stale absence
2026-09-15T14:58:09.6555095Z ok 814 - close after absent open resolution cannot publish stale absence
2026-09-15T14:58:09.6555161Z   ---
2026-09-15T14:58:09.6555235Z   duration_ms: 1.11247
2026-09-15T14:58:09.6555297Z   ...
2026-09-15T14:58:09.6555672Z # Subtest: selected availability is diagnostic while the existing full snapshot stays strict
2026-09-15T14:58:09.6555935Z ok 815 - selected availability is diagnostic while the existing full snapshot stays strict
2026-09-15T14:58:09.6556000Z   ---
2026-09-15T14:58:09.6556071Z   duration_ms: 1.352252
2026-09-15T14:58:09.6556135Z   ...
2026-09-15T14:58:09.6556418Z # Subtest: selected availability keeps schema, pending-work, physical-handle and budget refusals
2026-09-15T14:58:09.6556681Z ok 816 - selected availability keeps schema, pending-work, physical-handle and budget refusals
2026-09-15T14:58:09.6556746Z   ---
2026-09-15T14:58:09.6556820Z   duration_ms: 25.225879
2026-09-15T14:58:09.6556879Z   ...
2026-09-15T14:58:09.6557127Z # Subtest: selected availability aborts missing database creation and closes late reads
2026-09-15T14:58:09.6557378Z ok 817 - selected availability aborts missing database creation and closes late reads
2026-09-15T14:58:09.6557443Z   ---
2026-09-15T14:58:09.6557512Z   duration_ms: 0.827139
2026-09-15T14:58:09.6557576Z   ...
2026-09-15T14:58:09.6557829Z # Subtest: actual core win on a level with default rules awards once without mutating inputs
2026-09-15T14:58:09.6558174Z ok 818 - actual core win on a level with default rules awards once without mutating inputs
2026-09-15T14:58:09.6558241Z   ---
2026-09-15T14:58:09.6558315Z   duration_ms: 37.132942
2026-09-15T14:58:09.6558378Z   ...
2026-09-15T14:58:09.6558666Z # Subtest: malformed clear containers, variant records and seen IDs cannot load as valid progress
2026-09-15T14:58:09.6558936Z ok 819 - malformed clear containers, variant records and seen IDs cannot load as valid progress
2026-09-15T14:58:09.6559001Z   ---
2026-09-15T14:58:09.6559068Z   duration_ms: 1.518714
2026-09-15T14:58:09.6559133Z   ...
2026-09-15T14:58:09.6559374Z # Subtest: practice, losing, absent and already consumed results grant no progress
2026-09-15T14:58:09.6559601Z ok 820 - practice, losing, absent and already consumed results grant no progress
2026-09-15T14:58:09.6559669Z   ---
2026-09-15T14:58:09.6559742Z   duration_ms: 1.520477
2026-09-15T14:58:09.6559806Z   ...
2026-09-15T14:58:09.6560063Z # Subtest: completion identity, ranges and medal coherence match the current core contract
2026-09-15T14:58:09.6560313Z ok 821 - completion identity, ranges and medal coherence match the current core contract
2026-09-15T14:58:09.6560379Z   ---
2026-09-15T14:58:09.6560449Z   duration_ms: 6.821292
2026-09-15T14:58:09.6560520Z   ...
2026-09-15T14:58:09.6560791Z # Subtest: replays preserve best records per setup and keep turn policies and classes separate
2026-09-15T14:58:09.6561044Z ok 822 - replays preserve best records per setup and keep turn policies and classes separate
2026-09-15T14:58:09.6561112Z   ---
2026-09-15T14:58:09.6561186Z   duration_ms: 1.604444
2026-09-15T14:58:09.6561252Z   ...
2026-09-15T14:58:09.6561550Z # Subtest: tuned recipe identity separates setup records while labels do not change physics identity
2026-09-15T14:58:09.6561835Z ok 823 - tuned recipe identity separates setup records while labels do not change physics identity
2026-09-15T14:58:09.6561901Z   ---
2026-09-15T14:58:09.6561971Z   duration_ms: 1.776924
2026-09-15T14:58:09.6562040Z   ...
2026-09-15T14:58:09.6562246Z # Subtest: campaign sequencing checks real indices and own clear records
2026-09-15T14:58:09.6562443Z ok 824 - campaign sequencing checks real indices and own clear records
2026-09-15T14:58:09.6562506Z   ---
2026-09-15T14:58:09.6562676Z   duration_ms: 0.493806
2026-09-15T14:58:09.6562746Z   ...
2026-09-15T14:58:09.6562977Z # Subtest: corrupt saves remain available for recovery and round-trip valid saves
2026-09-15T14:58:09.6563209Z ok 825 - corrupt saves remain available for recovery and round-trip valid saves
2026-09-15T14:58:09.6563276Z   ---
2026-09-15T14:58:09.6563347Z   duration_ms: 0.674178
2026-09-15T14:58:09.6563414Z   ...
2026-09-15T14:58:09.6563672Z # Subtest: storage failures preserve the old primary value when recovery cannot be written
2026-09-15T14:58:09.6563918Z ok 826 - storage failures preserve the old primary value when recovery cannot be written
2026-09-15T14:58:09.6563982Z   ---
2026-09-15T14:58:09.6564056Z   duration_ms: 0.348016
2026-09-15T14:58:09.6564125Z   ...
2026-09-15T14:58:09.6564408Z # Subtest: recovery collisions retain each original and a full campaign unlocks by distinct clears
2026-09-15T14:58:09.6564681Z ok 827 - recovery collisions retain each original and a full campaign unlocks by distinct clears
2026-09-15T14:58:09.6564751Z   ---
2026-09-15T14:58:09.6564826Z   duration_ms: 0.785226
2026-09-15T14:58:09.6564888Z   ...
2026-09-15T14:58:09.6565167Z # Subtest: roster identity and mixed routes remain separate; forged class transitions do not award
2026-09-15T14:58:09.6565434Z ok 828 - roster identity and mixed routes remain separate; forged class transitions do not award
2026-09-15T14:58:09.6565588Z   ---
2026-09-15T14:58:09.6565665Z   duration_ms: 1.395908
2026-09-15T14:58:09.6565733Z   ...
2026-09-15T14:58:09.6566059Z # Subtest: legacy five-part variant records remain readable but new awards create a distinct seven-part entry
2026-09-15T14:58:09.6566371Z ok 829 - legacy five-part variant records remain readable but new awards create a distinct seven-part entry
2026-09-15T14:58:09.6566536Z   ---
2026-09-15T14:58:09.6566611Z   duration_ms: 0.679296
2026-09-15T14:58:09.6566673Z   ...
2026-09-15T14:58:09.6566978Z # Subtest: more than 256 legal setup variants retain aggregate bests and the most recently played setup
2026-09-15T14:58:09.6567263Z ok 830 - more than 256 legal setup variants retain aggregate bests and the most recently played setup
2026-09-15T14:58:09.6567327Z   ---
2026-09-15T14:58:09.6567404Z   duration_ms: 207.703776
2026-09-15T14:58:09.6567470Z   ...
2026-09-15T14:58:09.6567719Z # Subtest: R4 dark palette: 294px arena keeps light cut core and bounded readable width
2026-09-15T14:58:09.6567947Z ok 831 - R4 dark palette: 294px arena keeps light cut core and bounded readable width
2026-09-15T14:58:09.6568015Z   ---
2026-09-15T14:58:09.6568088Z   duration_ms: 2.29761
2026-09-15T14:58:09.6568150Z   ...
2026-09-15T14:58:09.6568389Z # Subtest: R4 dark palette: 390px arena keeps light cut core and bounded readable width
2026-09-15T14:58:09.6568616Z ok 832 - R4 dark palette: 390px arena keeps light cut core and bounded readable width
2026-09-15T14:58:09.6568682Z   ---
2026-09-15T14:58:09.6568753Z   duration_ms: 0.2054
2026-09-15T14:58:09.6568820Z   ...
2026-09-15T14:58:09.6569056Z # Subtest: R4 dark palette: 600px arena keeps light cut core and bounded readable width
2026-09-15T14:58:09.6569275Z ok 833 - R4 dark palette: 600px arena keeps light cut core and bounded readable width
2026-09-15T14:58:09.6569342Z   ---
2026-09-15T14:58:09.6569417Z   duration_ms: 0.171659
2026-09-15T14:58:09.6569479Z   ...
2026-09-15T14:58:09.6569725Z # Subtest: R4 dark palette: 1152px arena keeps light cut core and bounded readable width
2026-09-15T14:58:09.6569955Z ok 834 - R4 dark palette: 1152px arena keeps light cut core and bounded readable width
2026-09-15T14:58:09.6570022Z   ---
2026-09-15T14:58:09.6570093Z   duration_ms: 0.218089
2026-09-15T14:58:09.6570159Z   ...
2026-09-15T14:58:09.6570432Z # Subtest: fpv: actual observed movement animates microtile bodies; Pause holds the exact pose
2026-09-15T14:58:09.6570694Z ok 835 - fpv: actual observed movement animates microtile bodies; Pause holds the exact pose
2026-09-15T14:58:09.6570762Z   ---
2026-09-15T14:58:09.6570836Z   duration_ms: 2.242176
2026-09-15T14:58:09.6571032Z   ...
2026-09-15T14:58:09.6571326Z # Subtest: ukraine: actual observed movement animates microtile bodies; Pause holds the exact pose
2026-09-15T14:58:09.6571605Z ok 836 - ukraine: actual observed movement animates microtile bodies; Pause holds the exact pose
2026-09-15T14:58:09.6571672Z   ---
2026-09-15T14:58:09.6571743Z   duration_ms: 1.004217
2026-09-15T14:58:09.6571808Z   ...
2026-09-15T14:58:09.6572081Z # Subtest: retro: actual observed movement animates microtile bodies; Pause holds the exact pose
2026-09-15T14:58:09.6572351Z ok 837 - retro: actual observed movement animates microtile bodies; Pause holds the exact pose
2026-09-15T14:58:09.6572414Z   ---
2026-09-15T14:58:09.6572488Z   duration_ms: 0.763904
2026-09-15T14:58:09.6572560Z   ...
2026-09-15T14:58:09.6572829Z # Subtest: coupa: actual observed movement animates microtile bodies; Pause holds the exact pose
2026-09-15T14:58:09.6573090Z ok 838 - coupa: actual observed movement animates microtile bodies; Pause holds the exact pose
2026-09-15T14:58:09.6573158Z   ---
2026-09-15T14:58:09.6573232Z   duration_ms: 0.92702
2026-09-15T14:58:09.6573297Z   ...
2026-09-15T14:58:09.6573644Z # Subtest: uploaded body remains independent, with light heading/contact cues rather than dark-theme ink inversion
2026-09-15T14:58:09.6574012Z ok 839 - uploaded body remains independent, with light heading/contact cues rather than dark-theme ink inversion
2026-09-15T14:58:09.6574075Z   ---
2026-09-15T14:58:09.6574155Z   duration_ms: 0.554487
2026-09-15T14:58:09.6574222Z   ...
2026-09-15T14:58:09.6574713Z # Subtest: Classic dormant/warning brackets enclose the cosmetic body while contact size stays unchanged
2026-09-15T14:58:09.6575181Z ok 840 - Classic dormant/warning brackets enclose the cosmetic body while contact size stays unchanged
2026-09-15T14:58:09.6575424Z   ---
2026-09-15T14:58:09.6575627Z   duration_ms: 0.794801
2026-09-15T14:58:09.6575691Z   ...
2026-09-15T14:58:09.6576239Z # Subtest: immediate: real painter places capture pulse below actors/live line and preserves authority
2026-09-15T14:58:09.6576633Z ok 841 - immediate: real painter places capture pulse below actors/live line and preserves authority
2026-09-15T14:58:09.6576725Z   ---
2026-09-15T14:58:09.6576839Z   duration_ms: 50.118864
2026-09-15T14:58:09.6576979Z   ...
2026-09-15T14:58:09.6577283Z # Subtest: grid-center: real painter places capture pulse below actors/live line and preserves authority
2026-09-15T14:58:09.6577575Z ok 842 - grid-center: real painter places capture pulse below actors/live line and preserves authority
2026-09-15T14:58:09.6577644Z   ---
2026-09-15T14:58:09.6577745Z   duration_ms: 12.636095
2026-09-15T14:58:09.6577809Z   ...
2026-09-15T14:58:09.6578101Z # Subtest: real optional pressure warning, commit and cooldown render distinct cues from owned targets
2026-09-15T14:58:09.6578389Z ok 843 - real optional pressure warning, commit and cooldown render distinct cues from owned targets
2026-09-15T14:58:09.6578453Z   ---
2026-09-15T14:58:09.6578783Z   duration_ms: 77.898571
2026-09-15T14:58:09.6578878Z   ...
2026-09-15T14:58:09.6579164Z # Subtest: actual classic freeze retains the locked warning target and actor-clock countdown
2026-09-15T14:58:09.6579424Z ok 844 - actual classic freeze retains the locked warning target and actor-clock countdown
2026-09-15T14:58:09.6579494Z   ---
2026-09-15T14:58:09.6579571Z   duration_ms: 24.263826
2026-09-15T14:58:09.6579633Z   ...
2026-09-15T14:58:09.6579908Z # Subtest: legacy actors acquire no pressure display and malformed getters are not executed
2026-09-15T14:58:09.6580194Z ok 845 - legacy actors acquire no pressure display and malformed getters are not executed
2026-09-15T14:58:09.6580465Z   ---
2026-09-15T14:58:09.6580538Z   duration_ms: 4.389449
2026-09-15T14:58:09.6580647Z   ...
2026-09-15T14:58:09.6580958Z # Subtest: RLE merges identical canonical commands, copies input and preserves caller options
2026-09-15T14:58:09.6581215Z ok 846 - RLE merges identical canonical commands, copies input and preserves caller options
2026-09-15T14:58:09.6581283Z   ---
2026-09-15T14:58:09.6581644Z   duration_ms: 24.802029
2026-09-15T14:58:09.6581707Z   ...
2026-09-15T14:58:09.6581981Z # Subtest: release re-arms a held Scout action even when the resulting summary is identical
2026-09-15T14:58:09.6582258Z ok 847 - release re-arms a held Scout action even when the resulting summary is identical
2026-09-15T14:58:09.6582326Z   ---
2026-09-15T14:58:09.6582432Z   duration_ms: 57.563728
2026-09-15T14:58:09.6582500Z   ...
2026-09-15T14:58:09.6582754Z # Subtest: a trailing pause records speed, queue and latch release without adding a tick
2026-09-15T14:58:09.6582990Z ok 848 - a trailing pause records speed, queue and latch release without adding a tick
2026-09-15T14:58:09.6583062Z   ---
2026-09-15T14:58:09.6583236Z   duration_ms: 7.875194
2026-09-15T14:58:09.6583304Z   ...
2026-09-15T14:58:09.6583584Z # Subtest: initial and repeated releases are idempotent and export snapshots remain independent
2026-09-15T14:58:09.6583855Z ok 849 - initial and repeated releases are idempotent and export snapshots remain independent
2026-09-15T14:58:09.6583948Z   ---
2026-09-15T14:58:09.6584222Z   duration_ms: 10.522433
2026-09-15T14:58:09.6584325Z   ...
2026-09-15T14:58:09.6584625Z # Subtest: every authoritative section is checksummed while decorative data and events are excluded
2026-09-15T14:58:09.6584934Z ok 850 - every authoritative section is checksummed while decorative data and events are excluded
2026-09-15T14:58:09.6584996Z   ---
2026-09-15T14:58:09.6585070Z   duration_ms: 16.460539
2026-09-15T14:58:09.6585135Z   ...
2026-09-15T14:58:09.6585414Z # Subtest: complete win and its final shell release verify; appended terminal commands are rejected
2026-09-15T14:58:09.6585823Z ok 851 - complete win and its final shell release verify; appended terminal commands are rejected
2026-09-15T14:58:09.6586224Z   ---
2026-09-15T14:58:09.6586295Z   duration_ms: 83.830029
2026-09-15T14:58:09.6586362Z   ...
2026-09-15T14:58:09.6586652Z # Subtest: modified command and forged summary are diagnosed independently of checkpoint metadata
2026-09-15T14:58:09.6586967Z ok 852 - modified command and forged summary are diagnosed independently of checkpoint metadata
2026-09-15T14:58:09.6587030Z   ---
2026-09-15T14:58:09.6587106Z   duration_ms: 7.663705
2026-09-15T14:58:09.6587171Z   ...
2026-09-15T14:58:09.6587478Z # Subtest: export rejects missing tick records, identity mismatch and unrecorded partial core time
2026-09-15T14:58:09.6587753Z ok 853 - export rejects missing tick records, identity mismatch and unrecorded partial core time
2026-09-15T14:58:09.6587821Z   ---
2026-09-15T14:58:09.6587895Z   duration_ms: 3.349209
2026-09-15T14:58:09.6587958Z   ...
2026-09-15T14:58:09.6588289Z # Subtest: legacy format, malformed segments, unsupported primitives and inconsistent totals fail validation
2026-09-15T14:58:09.6588633Z ok 854 - legacy format, malformed segments, unsupported primitives and inconsistent totals fail validation
2026-09-15T14:58:09.6588698Z   ---
2026-09-15T14:58:09.6588774Z   duration_ms: 6.811237
2026-09-15T14:58:09.6588842Z   ...
2026-09-15T14:58:09.6589150Z # Subtest: bounded JSON rejects prototype keys, accessors, cycles, nonfinite values and excessive nesting
2026-09-15T14:58:09.6589445Z ok 855 - bounded JSON rejects prototype keys, accessors, cycles, nonfinite values and excessive nesting
2026-09-15T14:58:09.6589512Z   ---
2026-09-15T14:58:09.6589586Z   duration_ms: 4.496381
2026-09-15T14:58:09.6589649Z   ...
2026-09-15T14:58:09.6589888Z # Subtest: recording and verification reject more than 30 minutes before replaying
2026-09-15T14:58:09.6590115Z ok 856 - recording and verification reject more than 30 minutes before replaying
2026-09-15T14:58:09.6590177Z   ---
2026-09-15T14:58:09.6590253Z   duration_ms: 3.588209
2026-09-15T14:58:09.6590322Z   ...
2026-09-15T14:58:09.6590641Z # Subtest: asynchronous verification yields, reports bounded progress and matches synchronous verification
2026-09-15T14:58:09.6590944Z ok 857 - asynchronous verification yields, reports bounded progress and matches synchronous verification
2026-09-15T14:58:09.6591109Z   ---
2026-09-15T14:58:09.6591199Z   duration_ms: 150.127979
2026-09-15T14:58:09.6591263Z   ...
2026-09-15T14:58:09.6591571Z # Subtest: asynchronous verification can be cancelled without modifying source data or an existing run
2026-09-15T14:58:09.6591857Z ok 858 - asynchronous verification can be cancelled without modifying source data or an existing run
2026-09-15T14:58:09.6591923Z   ---
2026-09-15T14:58:09.6592027Z   duration_ms: 15.901036
2026-09-15T14:58:09.6592095Z   ...
2026-09-15T14:58:09.6592687Z # Subtest: a full 216000-tick stationary recording remains compact and verifies asynchronously
2026-09-15T14:58:09.6592982Z ok 859 - a full 216000-tick stationary recording remains compact and verifies asynchronously
2026-09-15T14:58:09.6593199Z   ---
2026-09-15T14:58:09.6593274Z   duration_ms: 1333.094897
2026-09-15T14:58:09.6593338Z   ...
2026-09-15T14:58:09.6593587Z # Subtest: four worlds choose distinct bounded non-graphic victory presentations
2026-09-15T14:58:09.6593814Z ok 860 - four worlds choose distinct bounded non-graphic victory presentations
2026-09-15T14:58:09.6593903Z   ---
2026-09-15T14:58:09.6593975Z   duration_ms: 9.546669
2026-09-15T14:58:09.6594063Z   ...
2026-09-15T14:58:09.6594439Z # Subtest: timeline is independent of frame cadence, and pausing freezes all phases
2026-09-15T14:58:09.6594771Z ok 861 - timeline is independent of frame cadence, and pausing freezes all phases
2026-09-15T14:58:09.6594861Z   ---
2026-09-15T14:58:09.6594979Z   duration_ms: 0.854911
2026-09-15T14:58:09.6595067Z   ...
2026-09-15T14:58:09.6595392Z # Subtest: skip and reduced effects immediately leave only the clear completed picture
2026-09-15T14:58:09.6596956Z ok 862 - skip and reduced effects immediately leave only the clear completed picture
2026-09-15T14:58:09.6597135Z   ---
2026-09-15T14:58:09.6597238Z   duration_ms: 0.257969
2026-09-15T14:58:09.6597315Z   ...
2026-09-15T14:58:09.6597819Z # Subtest: seeded procedural pictures are deterministic and materially vary across campaign levels
2026-09-15T14:58:09.6598434Z ok 863 - seeded procedural pictures are deterministic and materially vary across campaign levels
2026-09-15T14:58:09.6598503Z   ---
2026-09-15T14:58:09.6598621Z   duration_ms: 109.533729
2026-09-15T14:58:09.6598743Z   ...
2026-09-15T14:58:09.6599069Z # Subtest: BoardPainter auto-starts one celebration, animates despite terminal game pause, then stays clear
2026-09-15T14:58:09.6599387Z ok 864 - BoardPainter auto-starts one celebration, animates despite terminal game pause, then stays clear
2026-09-15T14:58:09.6599486Z   ---
2026-09-15T14:58:09.6599648Z   duration_ms: 18.504878
2026-09-15T14:58:09.6599712Z   ...
2026-09-15T14:58:09.6600006Z # Subtest: full reveal hides all permanent walls and actors at completion, including reduced mode
2026-09-15T14:58:09.6600288Z ok 865 - full reveal hides all permanent walls and actors at completion, including reduced mode
2026-09-15T14:58:09.6600355Z   ---
2026-09-15T14:58:09.6600436Z   duration_ms: 2.113873
2026-09-15T14:58:09.6600511Z   ...
2026-09-15T14:58:09.6600803Z # Subtest: gallery draws a completed scene directly without inventing or mutating a game run
2026-09-15T14:58:09.6601066Z ok 866 - gallery draws a completed scene directly without inventing or mutating a game run
2026-09-15T14:58:09.6601143Z   ---
2026-09-15T14:58:09.6601225Z   duration_ms: 0.975343
2026-09-15T14:58:09.6601292Z   ...
2026-09-15T14:58:09.6601571Z # Subtest: signal zones and hangars render read-only alongside a running neutral fallback body
2026-09-15T14:58:09.6601838Z ok 867 - signal zones and hangars render read-only alongside a running neutral fallback body
2026-09-15T14:58:09.6601903Z   ---
2026-09-15T14:58:09.6601992Z   duration_ms: 27.823933
2026-09-15T14:58:09.6602102Z   ...
2026-09-15T14:58:09.6602395Z # Subtest: inherited object names resolve to a neutral registered rig before live rendering
2026-09-15T14:58:09.6602647Z ok 868 - inherited object names resolve to a neutral registered rig before live rendering
2026-09-15T14:58:09.6602733Z   ---
2026-09-15T14:58:09.6603193Z   duration_ms: 8.248888
2026-09-15T14:58:09.6603263Z   ...
2026-09-15T14:58:09.6603647Z # Subtest: steady-signal: explicit scenario retains its definition and resolves a separate practice context
2026-09-15T14:58:09.6603969Z ok 869 - steady-signal: explicit scenario retains its definition and resolves a separate practice context
2026-09-15T14:58:09.6604073Z   ---
2026-09-15T14:58:09.6604152Z   duration_ms: 33.89373
2026-09-15T14:58:09.6604296Z   ...
2026-09-15T14:58:09.6604650Z # Subtest: supply-line: explicit scenario retains its definition and resolves a separate practice context
2026-09-15T14:58:09.6604971Z ok 870 - supply-line: explicit scenario retains its definition and resolves a separate practice context
2026-09-15T14:58:09.6605054Z   ---
2026-09-15T14:58:09.6605166Z   duration_ms: 27.050124
2026-09-15T14:58:09.6605234Z   ...
2026-09-15T14:58:09.6605655Z # Subtest: safe-return: explicit scenario retains its definition and resolves a separate practice context
2026-09-15T14:58:09.6606007Z ok 871 - safe-return: explicit scenario retains its definition and resolves a separate practice context
2026-09-15T14:58:09.6606201Z   ---
2026-09-15T14:58:09.6606278Z   duration_ms: 14.037271
2026-09-15T14:58:09.6606354Z   ...
2026-09-15T14:58:09.6606585Z # Subtest: v1 remains strict and v2 requires an explicit definition or null
2026-09-15T14:58:09.6606914Z ok 872 - v1 remains strict and v2 requires an explicit definition or null
2026-09-15T14:58:09.6606992Z   ---
2026-09-15T14:58:09.6607139Z   duration_ms: 3.366895
2026-09-15T14:58:09.6607216Z   ...
2026-09-15T14:58:09.6607503Z # Subtest: wrong references, unsupported rules and unavailable equipment fail before decoding
2026-09-15T14:58:09.6607921Z ok 873 - wrong references, unsupported rules and unavailable equipment fail before decoding
2026-09-15T14:58:09.6608083Z   ---
2026-09-15T14:58:09.6608159Z   duration_ms: 16.115319
2026-09-15T14:58:09.6608237Z   ...
2026-09-15T14:58:09.6608503Z # Subtest: getters never execute and in-flight goal/image ownership is stable
2026-09-15T14:58:09.6608716Z ok 874 - getters never execute and in-flight goal/image ownership is stable
2026-09-15T14:58:09.6608793Z   ---
2026-09-15T14:58:09.6608878Z   duration_ms: 5.189277
2026-09-15T14:58:09.6608952Z   ...
2026-09-15T14:58:09.6609260Z # Subtest: presentation changes retain the goal; deleting a referenced object rejects a loose-map edit
2026-09-15T14:58:09.6609559Z ok 875 - presentation changes retain the goal; deleting a referenced object rejects a loose-map edit
2026-09-15T14:58:09.6609636Z   ---
2026-09-15T14:58:09.6609712Z   duration_ms: 7.372925
2026-09-15T14:58:09.6609786Z   ...
2026-09-15T14:58:09.6610094Z # Subtest: explicit goals and explicit absence survive pack selection and a retargeted one-map export
2026-09-15T14:58:09.6610393Z ok 876 - explicit goals and explicit absence survive pack selection and a retargeted one-map export
2026-09-15T14:58:09.6610461Z   ---
2026-09-15T14:58:09.6610547Z   duration_ms: 116.149811
2026-09-15T14:58:09.6610630Z   ...
2026-09-15T14:58:09.6610965Z # Subtest: copying a source goal creates an independent editable preview and explicit absence never falls back
2026-09-15T14:58:09.6611294Z ok 877 - copying a source goal creates an independent editable preview and explicit absence never falls back
2026-09-15T14:58:09.6611371Z   ---
2026-09-15T14:58:09.6611459Z   duration_ms: 39.392986
2026-09-15T14:58:09.6611527Z   ...
2026-09-15T14:58:09.6611909Z # Subtest: editor changes validate a complete goal context before adoption, while preset maps explicitly start without one
2026-09-15T14:58:09.6612288Z ok 878 - editor changes validate a complete goal context before adoption, while preset maps explicitly start without one
2026-09-15T14:58:09.6612361Z   ---
2026-09-15T14:58:09.6612476Z   duration_ms: 7.197611
2026-09-15T14:58:09.6612555Z   ...
2026-09-15T14:58:09.6612892Z # Subtest: new external Sentinel pairs three exact originals with unchanged wide missions and two boss schedules
2026-09-15T14:58:09.6613582Z ok 879 - new external Sentinel pairs three exact originals with unchanged wide missions and two boss schedules
2026-09-15T14:58:09.6613811Z   ---
2026-09-15T14:58:09.6613941Z   duration_ms: 18.152405
2026-09-15T14:58:09.6614049Z   ...
2026-09-15T14:58:09.6614493Z # Subtest: fixed producer repeats exact compact pack, native companion and descriptor bytes
2026-09-15T14:58:09.6614921Z ok 880 - fixed producer repeats exact compact pack, native companion and descriptor bytes
2026-09-15T14:58:09.6614992Z   ---
2026-09-15T14:58:09.6615112Z   duration_ms: 7542.562097
2026-09-15T14:58:09.6615266Z   ...
2026-09-15T14:58:09.6616818Z # Subtest: all 56 Standard/Gentle both-turn contexts keep actual physical outcomes, exact posters and saved suffixes
2026-09-15T14:58:09.6617154Z ok 881 - all 56 Standard/Gentle both-turn contexts keep actual physical outcomes, exact posters and saved suffixes
2026-09-15T14:58:09.6617234Z   ---
2026-09-15T14:58:09.6617324Z   duration_ms: 19260.867856
2026-09-15T14:58:09.6617392Z   ...
2026-09-15T14:58:09.6617688Z # Subtest: native pair authentication refuses changed bytes and mismatched original ownership
2026-09-15T14:58:09.6618081Z ok 882 - native pair authentication refuses changed bytes and mismatched original ownership
2026-09-15T14:58:09.6618238Z   ---
2026-09-15T14:58:09.6618310Z   duration_ms: 34.6619
2026-09-15T14:58:09.6618377Z   ...
2026-09-15T14:58:09.6618695Z # Subtest: malformed explicit requests and source-proof mutation refuse without rewriting records
2026-09-15T14:58:09.6618971Z ok 883 - malformed explicit requests and source-proof mutation refuse without rewriting records
2026-09-15T14:58:09.6619039Z   ---
2026-09-15T14:58:09.6619117Z   duration_ms: 8153.704429
2026-09-15T14:58:09.6619184Z   ...
2026-09-15T14:58:09.6619634Z # Subtest: explicit CLI pair writes only to a fresh ordinary cache directory and never overwrites
2026-09-15T14:58:09.6619921Z ok 884 - explicit CLI pair writes only to a fresh ordinary cache directory and never overwrites
2026-09-15T14:58:09.6620098Z   ---
2026-09-15T14:58:09.6620330Z   duration_ms: 8979.010136
2026-09-15T14:58:09.6620398Z   ...
2026-09-15T14:58:09.6620710Z # Subtest: the source compiler and originals remain absent from active/optional catalogs and default build
2026-09-15T14:58:09.6621036Z ok 885 - the source compiler and originals remain absent from active/optional catalogs and default build
2026-09-15T14:58:09.6621102Z   ---
2026-09-15T14:58:09.6621211Z   duration_ms: 173.73263
2026-09-15T14:58:09.6621279Z   ...
2026-09-15T14:58:09.6621580Z # Subtest: three Sentinel theme producers supply exact pairs and preserve all five original authorities
2026-09-15T14:58:09.6621873Z ok 886 - three Sentinel theme producers supply exact pairs and preserve all five original authorities
2026-09-15T14:58:09.6621970Z   ---
2026-09-15T14:58:09.6622047Z   duration_ms: 232.194323
2026-09-15T14:58:09.6622293Z   ...
2026-09-15T14:58:09.6622595Z # Subtest: explicit ukraine transport resolves only that exact owner and all three null-story originals
2026-09-15T14:58:09.6622911Z ok 887 - explicit ukraine transport resolves only that exact owner and all three null-story originals
2026-09-15T14:58:09.6622975Z   ---
2026-09-15T14:58:09.6623053Z   duration_ms: 2484.488979
2026-09-15T14:58:09.6623121Z   ...
2026-09-15T14:58:09.6623406Z # Subtest: explicit retro transport resolves only that exact owner and all three null-story originals
2026-09-15T14:58:09.6623690Z ok 888 - explicit retro transport resolves only that exact owner and all three null-story originals
2026-09-15T14:58:09.6623781Z   ---
2026-09-15T14:58:09.6623873Z   duration_ms: 2046.368951
2026-09-15T14:58:09.6623963Z   ...
2026-09-15T14:58:09.6624253Z # Subtest: explicit coupa transport resolves only that exact owner and all three null-story originals
2026-09-15T14:58:09.6624562Z ok 889 - explicit coupa transport resolves only that exact owner and all three null-story originals
2026-09-15T14:58:09.6624693Z   ---
2026-09-15T14:58:09.6624782Z   duration_ms: 1760.825215
2026-09-15T14:58:09.6624849Z   ...
2026-09-15T14:58:09.6625256Z # Subtest: cross-theme originals and interrupted second body cannot become an install capability
2026-09-15T14:58:09.6626079Z ok 890 - cross-theme originals and interrupted second body cannot become an install capability
2026-09-15T14:58:09.6626160Z   ---
2026-09-15T14:58:09.6626236Z   duration_ms: 4.197139
2026-09-15T14:58:09.6626308Z   ...
2026-09-15T14:58:09.6626630Z # Subtest: restored immediate live-cut observer rebuilds its prefix and reaches the original optional win
2026-09-15T14:58:09.6626984Z ok 891 - restored immediate live-cut observer rebuilds its prefix and reaches the original optional win
2026-09-15T14:58:09.6627078Z   ---
2026-09-15T14:58:09.6627160Z   duration_ms: 449.348399
2026-09-15T14:58:09.6627238Z   ...
2026-09-15T14:58:09.6627750Z # Subtest: restored grid-center live-cut observer rebuilds its prefix and reaches the original optional win
2026-09-15T14:58:09.6628056Z ok 892 - restored grid-center live-cut observer rebuilds its prefix and reaches the original optional win
2026-09-15T14:58:09.6628137Z   ---
2026-09-15T14:58:09.6628229Z   duration_ms: 331.7627
2026-09-15T14:58:09.6628300Z   ...
2026-09-15T14:58:09.6628590Z # Subtest: omitted optional mastery preserves the exact old return and serialized session shape
2026-09-15T14:58:09.6628871Z ok 893 - omitted optional mastery preserves the exact old return and serialized session shape
2026-09-15T14:58:09.6628950Z   ---
2026-09-15T14:58:09.6629028Z   duration_ms: 105.07851
2026-09-15T14:58:09.6629105Z   ...
2026-09-15T14:58:09.6629385Z # Subtest: definition and all installed/session identity data are captured before yielding
2026-09-15T14:58:09.6629642Z ok 894 - definition and all installed/session identity data are captured before yielding
2026-09-15T14:58:09.6629838Z   ---
2026-09-15T14:58:09.6629926Z   duration_ms: 75.05768
2026-09-15T14:58:09.6630005Z   ...
2026-09-15T14:58:09.6630290Z # Subtest: malformed or inapplicable optional definitions reject before exposing a continuation
2026-09-15T14:58:09.6630576Z ok 895 - malformed or inapplicable optional definitions reject before exposing a continuation
2026-09-15T14:58:09.6630655Z   ---
2026-09-15T14:58:09.6630738Z   duration_ms: 50.739652
2026-09-15T14:58:09.6630817Z   ...
2026-09-15T14:58:09.6631089Z # Subtest: unverified progress fields cannot be imported into an otherwise valid old session
2026-09-15T14:58:09.6631346Z ok 896 - unverified progress fields cannot be imported into an otherwise valid old session
2026-09-15T14:58:09.6631425Z   ---
2026-09-15T14:58:09.6631512Z   duration_ms: 17.98357
2026-09-15T14:58:09.6631591Z   ...
2026-09-15T14:58:09.6631851Z # Subtest: a self-consistent altered map or roster cannot release a reconstructed observer
2026-09-15T14:58:09.6632117Z ok 897 - a self-consistent altered map or roster cannot release a reconstructed observer
2026-09-15T14:58:09.6632201Z   ---
2026-09-15T14:58:09.6632282Z   duration_ms: 105.426335
2026-09-15T14:58:09.6632353Z   ...
2026-09-15T14:58:09.6632638Z # Subtest: cancellation before work or at final progress returns no resumable observer
2026-09-15T14:58:09.6633066Z ok 898 - cancellation before work or at final progress returns no resumable observer
2026-09-15T14:58:09.6633131Z   ---
2026-09-15T14:58:09.6633459Z   duration_ms: 14.781956
2026-09-15T14:58:09.6633855Z   ...
2026-09-15T14:58:09.6634091Z # Subtest: an ended replay cannot be adopted as a saved mastery continuation
2026-09-15T14:58:09.6634318Z ok 899 - an ended replay cannot be adopted as a saved mastery continuation
2026-09-15T14:58:09.6634386Z   ---
2026-09-15T14:58:09.6634459Z   duration_ms: 270.243397
2026-09-15T14:58:09.6634546Z   ...
2026-09-15T14:58:09.6634949Z # Subtest: temporary leases attenuate synth without restarting or changing saved controls
2026-09-15T14:58:09.6635337Z ok 900 - temporary leases attenuate synth without restarting or changing saved controls
2026-09-15T14:58:09.6635426Z   ---
2026-09-15T14:58:09.6635501Z   duration_ms: 7.362339
2026-09-15T14:58:09.6635644Z   ...
2026-09-15T14:58:09.6636002Z # Subtest: temporary leases attenuate MP3 without restarting or changing saved controls
2026-09-15T14:58:09.6636247Z ok 901 - temporary leases attenuate MP3 without restarting or changing saved controls
2026-09-15T14:58:09.6636318Z   ---
2026-09-15T14:58:09.6636393Z   duration_ms: 7.941233
2026-09-15T14:58:09.6636457Z   ...
2026-09-15T14:58:09.6636701Z # Subtest: volume edits, zero volume and paused listening intent survive lease release
2026-09-15T14:58:09.6636932Z ok 902 - volume edits, zero volume and paused listening intent survive lease release
2026-09-15T14:58:09.6636994Z   ---
2026-09-15T14:58:09.6637071Z   duration_ms: 5.922354
2026-09-15T14:58:09.6637139Z   ...
2026-09-15T14:58:09.6637372Z # Subtest: an idle lease neither enables audio nor changes explicit mute/master state
2026-09-15T14:58:09.6637610Z ok 903 - an idle lease neither enables audio nor changes explicit mute/master state
2026-09-15T14:58:09.6637677Z   ---
2026-09-15T14:58:09.6637753Z   duration_ms: 1.131639
2026-09-15T14:58:09.6637816Z   ...
2026-09-15T14:58:09.6638135Z # Subtest: lease changes during asynchronous original acquisition use the latest mix once playback begins
2026-09-15T14:58:09.6638438Z ok 904 - lease changes during asynchronous original acquisition use the latest mix once playback begins
2026-09-15T14:58:09.6638502Z   ---
2026-09-15T14:58:09.6638585Z   duration_ms: 4.830165
2026-09-15T14:58:09.6638653Z   ...
2026-09-15T14:58:09.6638917Z # Subtest: lease release composes with an in-flight fade and stays correct on the next track
2026-09-15T14:58:09.6639165Z ok 905 - lease release composes with an in-flight fade and stays correct on the next track
2026-09-15T14:58:09.6639233Z   ---
2026-09-15T14:58:09.6639319Z   duration_ms: 45.093575
2026-09-15T14:58:09.6639387Z   ...
2026-09-15T14:58:09.6639770Z # Subtest: suspension and lease cleanup never resume playback or lose the surviving owner
2026-09-15T14:58:09.6640030Z ok 906 - suspension and lease cleanup never resume playback or lose the surviving owner
2026-09-15T14:58:09.6640111Z   ---
2026-09-15T14:58:09.6640189Z   duration_ms: 5.757345
2026-09-15T14:58:09.6640267Z   ...
2026-09-15T14:58:09.6640785Z # Subtest: player disposal clears only this player’s leases and late releases are terminal no-ops
2026-09-15T14:58:09.6641142Z ok 907 - player disposal clears only this player’s leases and late releases are terminal no-ops
2026-09-15T14:58:09.6641224Z   ---
2026-09-15T14:58:09.6641314Z   duration_ms: 4.662933
2026-09-15T14:58:09.6641389Z   ...
2026-09-15T14:58:09.6641668Z # Subtest: invalid factors and failed mixer acquisition do not leave hidden attenuation
2026-09-15T14:58:09.6641939Z ok 908 - invalid factors and failed mixer acquisition do not leave hidden attenuation
2026-09-15T14:58:09.6642019Z   ---
2026-09-15T14:58:09.6642096Z   duration_ms: 1.993571
2026-09-15T14:58:09.6642186Z   ...
2026-09-15T14:58:09.6642452Z # Subtest: reentrant disposal during mixer allocation cannot publish a surviving lease
2026-09-15T14:58:09.6642698Z ok 909 - reentrant disposal during mixer allocation cannot publish a surviving lease
2026-09-15T14:58:09.6642779Z   ---
2026-09-15T14:58:09.6642872Z   duration_ms: 0.905217
2026-09-15T14:58:09.6642952Z   ...
2026-09-15T14:58:09.6643255Z # Subtest: one atomic commit stores metadata and originals; reopening reads exact bytes and generation
2026-09-15T14:58:09.6643553Z ok 910 - one atomic commit stores metadata and originals; reopening reads exact bytes and generation
2026-09-15T14:58:09.6643625Z   ---
2026-09-15T14:58:09.6643702Z   duration_ms: 6.708793
2026-09-15T14:58:09.6643780Z   ...
2026-09-15T14:58:09.6644060Z # Subtest: a quota failure after a binary put rolls back all new metadata, deletion and bytes
2026-09-15T14:58:09.6644317Z ok 911 - a quota failure after a binary put rolls back all new metadata, deletion and bytes
2026-09-15T14:58:09.6644402Z   ---
2026-09-15T14:58:09.6644489Z   duration_ms: 5.392885
2026-09-15T14:58:09.6644570Z   ...
2026-09-15T14:58:09.6644820Z # Subtest: abort after first write rolls back and late transaction events cannot publish
2026-09-15T14:58:09.6645151Z ok 912 - abort after first write rolls back and late transaction events cannot publish
2026-09-15T14:58:09.6645221Z   ---
2026-09-15T14:58:09.6645294Z   duration_ms: 3.07831
2026-09-15T14:58:09.6645362Z   ...
2026-09-15T14:58:09.6645723Z # Subtest: competing writer during quota await is rejected by the transaction generation guard
2026-09-15T14:58:09.6645985Z ok 913 - competing writer during quota await is rejected by the transaction generation guard
2026-09-15T14:58:09.6646050Z   ---
2026-09-15T14:58:09.6646126Z   duration_ms: 9.628142
2026-09-15T14:58:09.6646193Z   ...
2026-09-15T14:58:09.6646477Z # Subtest: combined committed plus staging budget counts old and replacement bytes before deletion
2026-09-15T14:58:09.6646754Z ok 914 - combined committed plus staging budget counts old and replacement bytes before deletion
2026-09-15T14:58:09.6646827Z   ---
2026-09-15T14:58:09.6646903Z   duration_ms: 3.309128
2026-09-15T14:58:09.6646965Z   ...
2026-09-15T14:58:09.6647293Z # Subtest: same-hash originals are verified and reused without another audio put or duplicate staging budget
2026-09-15T14:58:09.6647607Z ok 915 - same-hash originals are verified and reused without another audio put or duplicate staging budget
2026-09-15T14:58:09.6647671Z   ---
2026-09-15T14:58:09.6647747Z   duration_ms: 4.916515
2026-09-15T14:58:09.6647813Z   ...
2026-09-15T14:58:09.6648058Z # Subtest: corrupt same-hash stored bytes are replaced and charged as new staging bytes
2026-09-15T14:58:09.6648296Z ok 916 - corrupt same-hash stored bytes are replaced and charged as new staging bytes
2026-09-15T14:58:09.6648364Z   ---
2026-09-15T14:58:09.6648440Z   duration_ms: 6.683313
2026-09-15T14:58:09.6648502Z   ...
2026-09-15T14:58:09.6648766Z # Subtest: advisory quota refusal and forged prepared objects cannot change stored content
2026-09-15T14:58:09.6649116Z ok 917 - advisory quota refusal and forged prepared objects cannot change stored content
2026-09-15T14:58:09.6649183Z   ---
2026-09-15T14:58:09.6649259Z   duration_ms: 0.997406
2026-09-15T14:58:09.6649326Z   ...
2026-09-15T14:58:09.6649672Z # Subtest: successful replacement removes unused originals in the same transaction; empty collection is explicit
2026-09-15T14:58:09.6649994Z ok 918 - successful replacement removes unused originals in the same transaction; empty collection is explicit
2026-09-15T14:58:09.6650063Z   ---
2026-09-15T14:58:09.6650137Z   duration_ms: 5.704776
2026-09-15T14:58:09.6650199Z   ...
2026-09-15T14:58:09.6650480Z # Subtest: missing original prevents complete export without rewriting the surviving metadata
2026-09-15T14:58:09.6650745Z ok 919 - missing original prevents complete export without rewriting the surviving metadata
2026-09-15T14:58:09.6650813Z   ---
2026-09-15T14:58:09.6650884Z   duration_ms: 1.634539
2026-09-15T14:58:09.6650957Z   ...
2026-09-15T14:58:09.6651219Z # Subtest: unavailable database and closed store report failure rather than claiming a save
2026-09-15T14:58:09.6651472Z ok 920 - unavailable database and closed store report failure rather than claiming a save
2026-09-15T14:58:09.6651540Z   ---
2026-09-15T14:58:09.6651621Z   duration_ms: 0.366884
2026-09-15T14:58:09.6651684Z   ...
2026-09-15T14:58:09.6651987Z # Subtest: decorating an exposed prepared Blob cannot bypass native committed/staging byte accounting
2026-09-15T14:58:09.6652275Z ok 921 - decorating an exposed prepared Blob cannot bypass native committed/staging byte accounting
2026-09-15T14:58:09.6652342Z   ---
2026-09-15T14:58:09.6652412Z   duration_ms: 6.979872
2026-09-15T14:58:09.6652478Z   ...
2026-09-15T14:58:09.6652787Z # Subtest: cancellation after native commit waits for completion and reports the actual committed result
2026-09-15T14:58:09.6653077Z ok 922 - cancellation after native commit waits for completion and reports the actual committed result
2026-09-15T14:58:09.6653149Z   ---
2026-09-15T14:58:09.6653223Z   duration_ms: 1.831597
2026-09-15T14:58:09.6653290Z   ...
2026-09-15T14:58:09.6653701Z # Subtest: actual workshop reviews without writes, explicitly restores all originals, and prepares a separate native download
2026-09-15T14:58:09.6654987Z ok 923 - actual workshop reviews without writes, explicitly restores all originals, and prepares a separate native download
2026-09-15T14:58:09.6655056Z   ---
2026-09-15T14:58:09.6655134Z   duration_ms: 615.121355
2026-09-15T14:58:09.6655202Z   ...
2026-09-15T14:58:09.6655631Z # Subtest: actual preserve review distinguishes assignments while retaining current and incoming history
2026-09-15T14:58:09.6655941Z ok 924 - actual preserve review distinguishes assignments while retaining current and incoming history
2026-09-15T14:58:09.6656006Z   ---
2026-09-15T14:58:09.6656084Z   duration_ms: 786.794922
2026-09-15T14:58:09.6656152Z   ...
2026-09-15T14:58:09.6656455Z # Subtest: actual restore review distinguishes assignments while retaining current and incoming history
2026-09-15T14:58:09.6656754Z ok 925 - actual restore review distinguishes assignments while retaining current and incoming history
2026-09-15T14:58:09.6656822Z   ---
2026-09-15T14:58:09.6656901Z   duration_ms: 722.091306
2026-09-15T14:58:09.6656968Z   ...
2026-09-15T14:58:09.6657248Z # Subtest: corrupt bundle, quota refusal, and stale writer keep exact prior storage and preview
2026-09-15T14:58:09.6657516Z ok 926 - corrupt bundle, quota refusal, and stale writer keep exact prior storage and preview
2026-09-15T14:58:09.6657623Z   ---
2026-09-15T14:58:09.6657740Z   duration_ms: 1288.48397
2026-09-15T14:58:09.6657865Z   ...
2026-09-15T14:58:09.6658304Z # Subtest: review binds the exact installed catalog, selected file and explicit assignment policy
2026-09-15T14:58:09.6658757Z ok 927 - review binds the exact installed catalog, selected file and explicit assignment policy
2026-09-15T14:58:09.6658867Z   ---
2026-09-15T14:58:09.6659147Z   duration_ms: 330.740603
2026-09-15T14:58:09.6659231Z   ...
2026-09-15T14:58:09.6659574Z # Subtest: cancelled late review and double commands cannot publish stale restore or download
2026-09-15T14:58:09.6659877Z ok 928 - cancelled late review and double commands cannot publish stale restore or download
2026-09-15T14:58:09.6659994Z   ---
2026-09-15T14:58:09.6660072Z   duration_ms: 192.421001
2026-09-15T14:58:09.6660383Z   ...
2026-09-15T14:58:09.6660860Z # Subtest: allocation-time cancellation and hidden lifecycle release prepared download without late artifacts
2026-09-15T14:58:09.6661178Z ok 929 - allocation-time cancellation and hidden lifecycle release prepared download without late artifacts
2026-09-15T14:58:09.6661246Z   ---
2026-09-15T14:58:09.6661323Z   duration_ms: 21.16818
2026-09-15T14:58:09.6661387Z   ...
2026-09-15T14:58:09.6661603Z # Subtest: shared v3 MP3 recovery is byte-identical after originals restore
2026-09-15T14:58:09.6661805Z ok 930 - shared v3 MP3 recovery is byte-identical after originals restore
2026-09-15T14:58:09.6661874Z   ---
2026-09-15T14:58:09.6661945Z   duration_ms: 173.984196
2026-09-15T14:58:09.6662009Z   ...
2026-09-15T14:58:09.6662381Z # Subtest: actual controller router reaches download/review/restore and held Confirm cannot apply the newly reviewed file
2026-09-15T14:58:09.6662766Z ok 931 - actual controller router reaches download/review/restore and held Confirm cannot apply the newly reviewed file
2026-09-15T14:58:09.6662834Z   ---
2026-09-15T14:58:09.6663147Z   duration_ms: 203.12752
2026-09-15T14:58:09.6663276Z   ...
2026-09-15T14:58:09.6663781Z # Subtest: native panel prepares original bytes, saves exact theme assignment, reloads and unassigns without losing history
2026-09-15T14:58:09.6664135Z ok 932 - native panel prepares original bytes, saves exact theme assignment, reloads and unassigns without losing history
2026-09-15T14:58:09.6664204Z   ---
2026-09-15T14:58:09.6664275Z   duration_ms: 297.299177
2026-09-15T14:58:09.6664344Z   ...
2026-09-15T14:58:09.6664638Z # Subtest: failed candidate decode or preview leaves the prior preview and saved assignment intact
2026-09-15T14:58:09.6664919Z ok 933 - failed candidate decode or preview leaves the prior preview and saved assignment intact
2026-09-15T14:58:09.6665016Z   ---
2026-09-15T14:58:09.6665203Z   duration_ms: 118.696456
2026-09-15T14:58:09.6666451Z   ...
2026-09-15T14:58:09.6666754Z # Subtest: double commands, cancellation and stale completion cannot save or overwrite a newer preview
2026-09-15T14:58:09.6667046Z ok 934 - double commands, cancellation and stale completion cannot save or overwrite a newer preview
2026-09-15T14:58:09.6667114Z   ---
2026-09-15T14:58:09.6667187Z   duration_ms: 113.702123
2026-09-15T14:58:09.6667262Z   ...
2026-09-15T14:58:09.6667515Z # Subtest: stale installed context and concurrent media writer refuse the whole save
2026-09-15T14:58:09.6667760Z ok 935 - stale installed context and concurrent media writer refuse the whole save
2026-09-15T14:58:09.6667825Z   ---
2026-09-15T14:58:09.6667909Z   duration_ms: 107.371772
2026-09-15T14:58:09.6667989Z   ...
2026-09-15T14:58:09.6668307Z # Subtest: context switching discards an unsaved binding and close restores focus without late publication
2026-09-15T14:58:09.6668624Z ok 936 - context switching discards an unsaved binding and close restores focus without late publication
2026-09-15T14:58:09.6668698Z   ---
2026-09-15T14:58:09.6668787Z   duration_ms: 13.846402
2026-09-15T14:58:09.6668854Z   ...
2026-09-15T14:58:09.6669276Z # Subtest: transaction refusal keeps the previous preview/draft and stored bytes; notification failure cannot erase a successful save
2026-09-15T14:58:09.6669678Z ok 937 - transaction refusal keeps the previous preview/draft and stored bytes; notification failure cannot erase a successful save
2026-09-15T14:58:09.6669743Z   ---
2026-09-15T14:58:09.6669829Z   duration_ms: 151.455592
2026-09-15T14:58:09.6669907Z   ...
2026-09-15T14:58:09.6670226Z # Subtest: existing keyboard/controller navigation edits native selects and Back closes only the workshop
2026-09-15T14:58:09.6670640Z ok 938 - existing keyboard/controller navigation edits native selects and Back closes only the workshop
2026-09-15T14:58:09.6670717Z   ---
2026-09-15T14:58:09.6670801Z   duration_ms: 33.385451
2026-09-15T14:58:09.6670867Z   ...
2026-09-15T14:58:09.6671229Z # Subtest: actual release allowlist ships the standalone still entry and exact existing runtime/content dependencies
2026-09-15T14:58:09.6671574Z ok 939 - actual release allowlist ships the standalone still entry and exact existing runtime/content dependencies
2026-09-15T14:58:09.6671650Z   ---
2026-09-15T14:58:09.6671725Z   duration_ms: 309.159349
2026-09-15T14:58:09.6671797Z   ...
2026-09-15T14:58:09.6672151Z # Subtest: built workshop 0.32.0 retains exact entry bytes in loose/ZIP/offline data and opens its generated channel
2026-09-15T14:58:09.6672480Z ok 940 - built workshop 0.32.0 retains exact entry bytes in loose/ZIP/offline data and opens its generated channel
2026-09-15T14:58:09.6672555Z   ---
2026-09-15T14:58:09.6672635Z   duration_ms: 455.260083
2026-09-15T14:58:09.6672698Z   ...
2026-09-15T14:58:09.6673035Z # Subtest: built workshop v0.32.0 retains exact entry bytes in loose/ZIP/offline data and opens its generated channel
2026-09-15T14:58:09.6673364Z ok 941 - built workshop v0.32.0 retains exact entry bytes in loose/ZIP/offline data and opens its generated channel
2026-09-15T14:58:09.6673432Z   ---
2026-09-15T14:58:09.6673503Z   duration_ms: 482.038155
2026-09-15T14:58:09.6673571Z   ...
2026-09-15T14:58:09.6673986Z # Subtest: Pages automatically gives the shipped workshop an immutable same-edition HTML route, preserving query and fragment
2026-09-15T14:58:09.6674349Z ok 942 - Pages automatically gives the shipped workshop an immutable same-edition HTML route, preserving query and fragment
2026-09-15T14:58:09.6674423Z   ---
2026-09-15T14:58:09.6674504Z   duration_ms: 384.394246
2026-09-15T14:58:09.6674573Z   ...
2026-09-15T14:58:09.6674954Z # Subtest: built poster/still links and teaching requests retain their edition and work from a prepared cache without a network
2026-09-15T14:58:09.6675324Z ok 943 - built poster/still links and teaching requests retain their edition and work from a prepared cache without a network
2026-09-15T14:58:09.6675392Z   ---
2026-09-15T14:58:09.6675542Z   duration_ms: 678.725751
2026-09-15T14:58:09.6675707Z   ...
2026-09-15T14:58:09.6676016Z # Subtest: descriptor digest uses complete canonical UTF-8 bytes, independent of object key order
2026-09-15T14:58:09.6676300Z ok 944 - descriptor digest uses complete canonical UTF-8 bytes, independent of object key order
2026-09-15T14:58:09.6676365Z   ---
2026-09-15T14:58:09.6676445Z   duration_ms: 7.019822
2026-09-15T14:58:09.6676512Z   ...
2026-09-15T14:58:09.6676770Z # Subtest: v1, absent binding and explicit null never infer a story from available history
2026-09-15T14:58:09.6677018Z ok 945 - v1, absent binding and explicit null never infer a story from available history
2026-09-15T14:58:09.6677086Z   ---
2026-09-15T14:58:09.6677163Z   duration_ms: 554.757203
2026-09-15T14:58:09.6677229Z   ...
2026-09-15T14:58:09.6677480Z # Subtest: a frozen story A resolves after current binding changes to B or explicit null
2026-09-15T14:58:09.6677721Z ok 946 - a frozen story A resolves after current binding changes to B or explicit null
2026-09-15T14:58:09.6677854Z   ---
2026-09-15T14:58:09.6677995Z   duration_ms: 751.930811
2026-09-15T14:58:09.6678257Z   ...
2026-09-15T14:58:09.6678610Z # Subtest: bindings distinguish the complete historical poster even when revisions share image bytes
2026-09-15T14:58:09.6678968Z ok 947 - bindings distinguish the complete historical poster even when revisions share image bytes
2026-09-15T14:58:09.6679101Z   ---
2026-09-15T14:58:09.6679237Z   duration_ms: 615.457089
2026-09-15T14:58:09.6679392Z   ...
2026-09-15T14:58:09.6679798Z # Subtest: detached original stays pinned and unavailable; restoring exact availability changes no identity
2026-09-15T14:58:09.6680172Z ok 948 - detached original stays pinned and unavailable; restoring exact availability changes no identity
2026-09-15T14:58:09.6680371Z   ---
2026-09-15T14:58:09.6680497Z   duration_ms: 326.587394
2026-09-15T14:58:09.6680681Z   ...
2026-09-15T14:58:09.6681057Z # Subtest: structural story pins cannot authenticate foreign, Gentle-as-base, or changed poster owners
2026-09-15T14:58:09.6681409Z ok 949 - structural story pins cannot authenticate foreign, Gentle-as-base, or changed poster owners
2026-09-15T14:58:09.6681543Z   ---
2026-09-15T14:58:09.6681708Z   duration_ms: 875.208637
2026-09-15T14:58:09.6689037Z   ...
2026-09-15T14:58:09.6689377Z # Subtest: strict pins and binding requests reject malformed, missing and duplicate authority
2026-09-15T14:58:09.6689652Z ok 950 - strict pins and binding requests reject malformed, missing and duplicate authority
2026-09-15T14:58:09.6689718Z   ---
2026-09-15T14:58:09.6689795Z   duration_ms: 433.183427
2026-09-15T14:58:09.6689857Z   ...
2026-09-15T14:58:09.6690186Z # Subtest: wrong descriptor digest and changed immutable source refuse despite structurally valid metadata
2026-09-15T14:58:09.6690503Z ok 951 - wrong descriptor digest and changed immutable source refuse despite structurally valid metadata
2026-09-15T14:58:09.6690572Z   ---
2026-09-15T14:58:09.6690648Z   duration_ms: 498.756241
2026-09-15T14:58:09.6690714Z   ...
2026-09-15T14:58:09.6690982Z # Subtest: selection and frozen resolution own caller input before asynchronous hashing
2026-09-15T14:58:09.6691222Z ok 952 - selection and frozen resolution own caller input before asynchronous hashing
2026-09-15T14:58:09.6691291Z   ---
2026-09-15T14:58:09.6691366Z   duration_ms: 278.115538
2026-09-15T14:58:09.6691428Z   ...
2026-09-15T14:58:09.6691690Z # Subtest: abort before and during real descriptor hashing rejects without changing inputs
2026-09-15T14:58:09.6691934Z ok 953 - abort before and during real descriptor hashing rejects without changing inputs
2026-09-15T14:58:09.6692000Z   ---
2026-09-15T14:58:09.6692069Z   duration_ms: 138.305553
2026-09-15T14:58:09.6692135Z   ...
2026-09-15T14:58:09.6692492Z # Subtest: v2 cannot downgrade or drop binding identities; explicit null retains history and consumes metadata budget
2026-09-15T14:58:09.6692824Z ok 954 - v2 cannot downgrade or drop binding identities; explicit null retains history and consumes metadata budget
2026-09-15T14:58:09.6693037Z   ---
2026-09-15T14:58:09.6693114Z   duration_ms: 456.875559
2026-09-15T14:58:09.6693181Z   ...
2026-09-15T14:58:09.6693572Z # Subtest: real A flight freezes before edit B; win records A before optional play, better B cannot replace earned Collection story
2026-09-15T14:58:09.6693944Z ok 955 - real A flight freezes before edit B; win records A before optional play, better B cannot replace earned Collection story
2026-09-15T14:58:09.6694009Z   ---
2026-09-15T14:58:09.6694083Z   duration_ms: 52094.388297
2026-09-15T14:58:09.6694150Z   ...
2026-09-15T14:58:09.6694503Z # Subtest: missing pinned movie leaves won exact poster and a finite restore message without reallocating or awarding
2026-09-15T14:58:09.6694841Z ok 956 - missing pinned movie leaves won exact poster and a finite restore message without reallocating or awarding
2026-09-15T14:58:09.6694903Z   ---
2026-09-15T14:58:09.6694981Z   duration_ms: 29839.624794
2026-09-15T14:58:09.6695049Z   ...
2026-09-15T14:58:09.6695362Z # Subtest: three importable teaching boards use exact original identities and registered manual equipment
2026-09-15T14:58:09.6695771Z ok 957 - three importable teaching boards use exact original identities and registered manual equipment
2026-09-15T14:58:09.6695840Z   ---
2026-09-15T14:58:09.6695916Z   duration_ms: 20.106607
2026-09-15T14:58:09.6695978Z   ...
2026-09-15T14:58:09.6696271Z # Subtest: all 20 legal traces verify exact replay and real saved-prefix continuations in both modes
2026-09-15T14:58:09.6696551Z ok 958 - all 20 legal traces verify exact replay and real saved-prefix continuations in both modes
2026-09-15T14:58:09.6696612Z   ---
2026-09-15T14:58:09.6696688Z   duration_ms: 3522.093397
2026-09-15T14:58:09.6696753Z   ...
2026-09-15T14:58:09.6697166Z # Subtest: Scout reveals information without changing capture or enemy speed; scan is not a win gate
2026-09-15T14:58:09.6697454Z ok 959 - Scout reveals information without changing capture or enemy speed; scan is not a win gate
2026-09-15T14:58:09.6697523Z   ---
2026-09-15T14:58:09.6697605Z   duration_ms: 5.676363
2026-09-15T14:58:09.6697666Z   ...
2026-09-15T14:58:09.6697951Z # Subtest: supply and field prevent a real cable loss while an ordinary longer detour still clears
2026-09-15T14:58:09.6698221Z ok 960 - supply and field prevent a real cable loss while an ordinary longer detour still clears
2026-09-15T14:58:09.6698282Z   ---
2026-09-15T14:58:09.6698358Z   duration_ms: 0.325631
2026-09-15T14:58:09.6698423Z   ...
2026-09-15T14:58:09.6698729Z # Subtest: Fiber has signal resistance but still loses an overlong cable; ordinary interference is real
2026-09-15T14:58:09.6699012Z ok 961 - Fiber has signal resistance but still loses an overlong cable; ordinary interference is real
2026-09-15T14:58:09.6699081Z   ---
2026-09-15T14:58:09.6699153Z   duration_ms: 0.226633
2026-09-15T14:58:09.6699213Z   ...
2026-09-15T14:58:09.6699506Z # Subtest: proof rejects changed source recipes, missing/duplicate routes and substituted identities
2026-09-15T14:58:09.6699785Z ok 962 - proof rejects changed source recipes, missing/duplicate routes and substituted identities
2026-09-15T14:58:09.6699850Z   ---
2026-09-15T14:58:09.6699924Z   duration_ms: 205.724153
2026-09-15T14:58:09.6699989Z   ...
2026-09-15T14:58:09.6700282Z # Subtest: proof refuses edited commands, fabricated verdicts and altered saved continuation evidence
2026-09-15T14:58:09.6700561Z ok 963 - proof refuses edited commands, fabricated verdicts and altered saved continuation evidence
2026-09-15T14:58:09.6700628Z   ---
2026-09-15T14:58:09.6700701Z   duration_ms: 442.764412
2026-09-15T14:58:09.6700766Z   ...
2026-09-15T14:58:09.6701070Z # Subtest: startup adopts persisted Large and a deliberate Standard change survives an actual app reload
2026-09-15T14:58:09.6701364Z ok 964 - startup adopts persisted Large and a deliberate Standard change survives an actual app reload
2026-09-15T14:58:09.6701429Z   ---
2026-09-15T14:58:09.6701502Z   duration_ms: 2335.615191
2026-09-15T14:58:09.6701566Z   ...
2026-09-15T14:58:09.6702014Z # Subtest: immediate: changing text size in Settings preserves the paused live cut and its recorded continuation
2026-09-15T14:58:09.6702346Z ok 965 - immediate: changing text size in Settings preserves the paused live cut and its recorded continuation
2026-09-15T14:58:09.6702409Z   ---
2026-09-15T14:58:09.6702483Z   duration_ms: 2748.975292
2026-09-15T14:58:09.6702549Z   ...
2026-09-15T14:58:09.6702882Z # Subtest: grid-center: changing text size in Settings preserves the paused live cut and its recorded continuation
2026-09-15T14:58:09.6703199Z ok 966 - grid-center: changing text size in Settings preserves the paused live cut and its recorded continuation
2026-09-15T14:58:09.6703263Z   ---
2026-09-15T14:58:09.6703334Z   duration_ms: 1911.768035
2026-09-15T14:58:09.6703404Z   ...
2026-09-15T14:58:09.6703765Z # Subtest: a failed preference write keeps the selected session size and old stored bytes until a later successful save
2026-09-15T14:58:09.6704111Z ok 967 - a failed preference write keeps the selected session size and old stored bytes until a later successful save
2026-09-15T14:58:09.6704173Z   ---
2026-09-15T14:58:09.6704246Z   duration_ms: 1251.593503
2026-09-15T14:58:09.6704310Z   ...
2026-09-15T14:58:09.6704634Z # Subtest: an unrelated host preference change applies the actual merged stored size before an explicit override
2026-09-15T14:58:09.6704953Z ok 968 - an unrelated host preference change applies the actual merged stored size before an explicit override
2026-09-15T14:58:09.6705018Z   ---
2026-09-15T14:58:09.6705091Z   duration_ms: 1243.749526
2026-09-15T14:58:09.6705153Z   ...
2026-09-15T14:58:09.6705633Z # Subtest: actual complete-backup import and Undo adopt text size while preserving the verified suspended flight
2026-09-15T14:58:09.6706057Z ok 969 - actual complete-backup import and Undo adopt text size while preserving the verified suspended flight
2026-09-15T14:58:09.6706119Z   ---
2026-09-15T14:58:09.6706194Z   duration_ms: 2693.879958
2026-09-15T14:58:09.6706260Z   ...
2026-09-15T14:58:09.6706535Z # Subtest: cardinal touch directions reject jitter and retain heading at diagonal boundaries
2026-09-15T14:58:09.6706792Z ok 970 - cardinal touch directions reject jitter and retain heading at diagonal boundaries
2026-09-15T14:58:09.6706857Z   ---
2026-09-15T14:58:09.6706932Z   duration_ms: 0.956865
2026-09-15T14:58:09.6706994Z   ...
2026-09-15T14:58:09.6707296Z # Subtest: floating stick starts where the finger lands, turns through four directions, releases capture
2026-09-15T14:58:09.6707583Z ok 971 - floating stick starts where the finger lands, turns through four directions, releases capture
2026-09-15T14:58:09.6707647Z   ---
2026-09-15T14:58:09.6707716Z   duration_ms: 2.137088
2026-09-15T14:58:09.6707781Z   ...
2026-09-15T14:58:09.6708081Z # Subtest: floating stick follows a drifting thumb and can reverse without returning to original contact
2026-09-15T14:58:09.6708361Z ok 972 - floating stick follows a drifting thumb and can reverse without returning to original contact
2026-09-15T14:58:09.6708425Z   ---
2026-09-15T14:58:09.6708501Z   duration_ms: 0.564333
2026-09-15T14:58:09.6708561Z   ...
2026-09-15T14:58:09.6708788Z # Subtest: swipe uses recent travel so a short reverse flick turns immediately
2026-09-15T14:58:09.6708999Z ok 973 - swipe uses recent travel so a short reverse flick turns immediately
2026-09-15T14:58:09.6709065Z   ---
2026-09-15T14:58:09.6709134Z   duration_ms: 0.359604
2026-09-15T14:58:09.6709198Z   ...
2026-09-15T14:58:09.6709432Z # Subtest: sliding D-pad fills gaps and accepts direction changes without lifting
2026-09-15T14:58:09.6709647Z ok 974 - sliding D-pad fills gaps and accepts direction changes without lifting
2026-09-15T14:58:09.6709714Z   ---
2026-09-15T14:58:09.6709788Z   duration_ms: 0.47007
2026-09-15T14:58:09.6709855Z   ...
2026-09-15T14:58:09.6710043Z # Subtest: D-pad mode does not intercept board touches or scrolling
2026-09-15T14:58:09.6710226Z ok 975 - D-pad mode does not intercept board touches or scrolling
2026-09-15T14:58:09.6710293Z   ---
2026-09-15T14:58:09.6710466Z   duration_ms: 0.268466
2026-09-15T14:58:09.6710534Z   ...
2026-09-15T14:58:09.6710721Z # Subtest: one steering finger cannot be stolen by a second finger
2026-09-15T14:58:09.6710895Z ok 976 - one steering finger cannot be stolen by a second finger
2026-09-15T14:58:09.6710961Z   ---
2026-09-15T14:58:09.6711034Z   duration_ms: 0.235747
2026-09-15T14:58:09.6711098Z   ...
2026-09-15T14:58:09.6711309Z # Subtest: pointercancel ends steering; stale moves cannot turn the craft
2026-09-15T14:58:09.6711511Z ok 977 - pointercancel ends steering; stale moves cannot turn the craft
2026-09-15T14:58:09.6711576Z   ---
2026-09-15T14:58:09.6711643Z   duration_ms: 0.300324
2026-09-15T14:58:09.6711707Z   ...
2026-09-15T14:58:09.6711937Z # Subtest: lostpointercapture ends steering; stale moves cannot turn the craft
2026-09-15T14:58:09.6712149Z ok 978 - lostpointercapture ends steering; stale moves cannot turn the craft
2026-09-15T14:58:09.6712215Z   ---
2026-09-15T14:58:09.6712288Z   duration_ms: 0.2451
2026-09-15T14:58:09.6712351Z   ...
2026-09-15T14:58:09.6712517Z # Subtest: pause and modality reset require a new gesture
2026-09-15T14:58:09.6712672Z ok 979 - pause and modality reset require a new gesture
2026-09-15T14:58:09.6712736Z   ---
2026-09-15T14:58:09.6712803Z   duration_ms: 0.447976
2026-09-15T14:58:09.6712866Z   ...
2026-09-15T14:58:09.6713108Z # Subtest: mouse can use the visible stick but does not capture ordinary board clicks
2026-09-15T14:58:09.6713335Z ok 980 - mouse can use the visible stick but does not capture ordinary board clicks
2026-09-15T14:58:09.6713396Z   ---
2026-09-15T14:58:09.6713469Z   duration_ms: 0.345632
2026-09-15T14:58:09.6713531Z   ...
2026-09-15T14:58:09.6713846Z # Subtest: touch preferences survive export/import; old libraries migrate without losing other preferences
2026-09-15T14:58:09.6714222Z ok 981 - touch preferences survive export/import; old libraries migrate without losing other preferences
2026-09-15T14:58:09.6714287Z   ---
2026-09-15T14:58:09.6714354Z   duration_ms: 2.116236
2026-09-15T14:58:09.6714422Z   ...
2026-09-15T14:58:09.6714738Z # Subtest: seven selected originals and wing recipes are exact; historical presets and FPV set remain intact
2026-09-15T14:58:09.6715036Z ok 982 - seven selected originals and wing recipes are exact; historical presets and FPV set remain intact
2026-09-15T14:58:09.6715097Z   ---
2026-09-15T14:58:09.6715173Z   duration_ms: 12.985564
2026-09-15T14:58:09.6715239Z   ...
2026-09-15T14:58:09.6715985Z # Subtest: complete Ukraine guard owns its input and preserves custom maps and FPV recommendations
2026-09-15T14:58:09.6716314Z ok 983 - complete Ukraine guard owns its input and preserves custom maps and FPV recommendations
2026-09-15T14:58:09.6716386Z   ---
2026-09-15T14:58:09.6716475Z   duration_ms: 7.58071
2026-09-15T14:58:09.6716539Z   ...
2026-09-15T14:58:09.6716874Z # Subtest: new availability is cosmetic and manual old/new IDs round-trip without granting progress rewards
2026-09-15T14:58:09.6717184Z ok 984 - new availability is cosmetic and manual old/new IDs round-trip without granting progress rewards
2026-09-15T14:58:09.6717249Z   ---
2026-09-15T14:58:09.6717328Z   duration_ms: 10.129579
2026-09-15T14:58:09.6717395Z   ...
2026-09-15T14:58:09.6717758Z # Subtest: strict wing admission rejects unsupported fields, false identities, misplaced roots and oversized envelopes
2026-09-15T14:58:09.6718102Z ok 985 - strict wing admission rejects unsupported fields, false identities, misplaced roots and oversized envelopes
2026-09-15T14:58:09.6718170Z   ---
2026-09-15T14:58:09.6718254Z   duration_ms: 36.054096
2026-09-15T14:58:09.6718317Z   ...
2026-09-15T14:58:09.6718646Z # Subtest: existing size helper and wing clocks preserve loaded-only compact sizing, pause and reduced motion
2026-09-15T14:58:09.6718961Z ok 986 - existing size helper and wing clocks preserve loaded-only compact sizing, pause and reduced motion
2026-09-15T14:58:09.6719029Z   ---
2026-09-15T14:58:09.6719100Z   duration_ms: 1.130157
2026-09-15T14:58:09.6719166Z   ...
2026-09-15T14:58:09.6719637Z # Subtest: actual painter resolves every selected original and keeps explicit replacement and neutral fallback
2026-09-15T14:58:09.6719965Z ok 987 - actual painter resolves every selected original and keeps explicit replacement and neutral fallback
2026-09-15T14:58:09.6720033Z   ---
2026-09-15T14:58:09.6720109Z   duration_ms: 1.703262
2026-09-15T14:58:09.6720170Z   ...
2026-09-15T14:58:09.6720468Z # Subtest: inspection owns original MP4 bytes and hashes, ignores MIME/getters, never plays or stores
2026-09-15T14:58:09.6720749Z ok 988 - inspection owns original MP4 bytes and hashes, ignores MIME/getters, never plays or stores
2026-09-15T14:58:09.6720815Z   ---
2026-09-15T14:58:09.6720886Z   duration_ms: 10.704938
2026-09-15T14:58:09.6720956Z   ...
2026-09-15T14:58:09.6721195Z # Subtest: bounded EBML DocType screening admits WebM only after browser metadata
2026-09-15T14:58:09.6721416Z ok 989 - bounded EBML DocType screening admits WebM only after browser metadata
2026-09-15T14:58:09.6721485Z   ---
2026-09-15T14:58:09.6721561Z   duration_ms: 1.123607
2026-09-15T14:58:09.6721626Z   ...
2026-09-15T14:58:09.6721848Z # Subtest: invalid container and oversized source fail before media allocation
2026-09-15T14:58:09.6722066Z ok 990 - invalid container and oversized source fail before media allocation
2026-09-15T14:58:09.6722131Z   ---
2026-09-15T14:58:09.6722202Z   duration_ms: 9.920825
2026-09-15T14:58:09.6722269Z   ...
2026-09-15T14:58:09.6722466Z # Subtest: inspection rejects unbounded duration without truncation
2026-09-15T14:58:09.6722650Z ok 991 - inspection rejects unbounded duration without truncation
2026-09-15T14:58:09.6722718Z   ---
2026-09-15T14:58:09.6722796Z   duration_ms: 1.614358
2026-09-15T14:58:09.6722863Z   ...
2026-09-15T14:58:09.6723141Z # Subtest: inspection rejects long clip without truncation
2026-09-15T14:58:09.6723302Z ok 992 - inspection rejects long clip without truncation
2026-09-15T14:58:09.6723367Z   ---
2026-09-15T14:58:09.6723436Z   duration_ms: 1.159982
2026-09-15T14:58:09.6723502Z   ...
2026-09-15T14:58:09.6723676Z # Subtest: inspection rejects audio-only without truncation
2026-09-15T14:58:09.6723833Z ok 993 - inspection rejects audio-only without truncation
2026-09-15T14:58:09.6723899Z   ---
2026-09-15T14:58:09.6723973Z   duration_ms: 1.038077
2026-09-15T14:58:09.6724038Z   ...
2026-09-15T14:58:09.6724226Z # Subtest: inspection rejects oversized picture without truncation
2026-09-15T14:58:09.6724407Z ok 994 - inspection rejects oversized picture without truncation
2026-09-15T14:58:09.6724473Z   ---
2026-09-15T14:58:09.6724542Z   duration_ms: 0.981543
2026-09-15T14:58:09.6724609Z   ...
2026-09-15T14:58:09.6724829Z # Subtest: browser codec error is explicit and removes owned source/listeners
2026-09-15T14:58:09.6725044Z ok 995 - browser codec error is explicit and removes owned source/listeners
2026-09-15T14:58:09.6725106Z   ---
2026-09-15T14:58:09.6725180Z   duration_ms: 1.209827
2026-09-15T14:58:09.6725244Z   ...
2026-09-15T14:58:09.6725692Z # Subtest: rVFC captures inside callback with observed time distinct from requested/currentTime
2026-09-15T14:58:09.6725964Z ok 996 - rVFC captures inside callback with observed time distinct from requested/currentTime
2026-09-15T14:58:09.6726030Z   ---
2026-09-15T14:58:09.6726101Z   duration_ms: 6.407979
2026-09-15T14:58:09.6726166Z   ...
2026-09-15T14:58:09.6726453Z # Subtest: initial frame at zero can arrive before metadata promise resumes without seeking or play
2026-09-15T14:58:09.6726725Z ok 997 - initial frame at zero can arrive before metadata promise resumes without seeking or play
2026-09-15T14:58:09.6726795Z   ---
2026-09-15T14:58:09.6726870Z   duration_ms: 2.50248
2026-09-15T14:58:09.6726936Z   ...
2026-09-15T14:58:09.6727247Z # Subtest: non-rVFC fallback saves exact PNG but records unavailable frame time and approximate playhead
2026-09-15T14:58:09.6727546Z ok 998 - non-rVFC fallback saves exact PNG but records unavailable frame time and approximate playhead
2026-09-15T14:58:09.6727612Z   ---
2026-09-15T14:58:09.6727682Z   duration_ms: 3.850305
2026-09-15T14:58:09.6727859Z   ...
2026-09-15T14:58:09.6728136Z # Subtest: video display aspect and complete pixels survive differing decoded sample dimensions
2026-09-15T14:58:09.6728397Z ok 999 - video display aspect and complete pixels survive differing decoded sample dimensions
2026-09-15T14:58:09.6728499Z   ---
2026-09-15T14:58:09.6728614Z   duration_ms: 1.718596
2026-09-15T14:58:09.6728704Z   ...
2026-09-15T14:58:09.6728945Z # Subtest: invalid requested times and metadata getters allocate no capture decoder
2026-09-15T14:58:09.6729179Z ok 1000 - invalid requested times and metadata getters allocate no capture decoder
2026-09-15T14:58:09.6729245Z   ---
2026-09-15T14:58:09.6729320Z   duration_ms: 1.153742
2026-09-15T14:58:09.6729387Z   ...
2026-09-15T14:58:09.6729660Z # Subtest: seek gaps reject requested frame rather than clamp or publish a staged initial frame
2026-09-15T14:58:09.6729932Z ok 1001 - seek gaps reject requested frame rather than clamp or publish a staged initial frame
2026-09-15T14:58:09.6729992Z   ---
2026-09-15T14:58:09.6730072Z   duration_ms: 2.548249
2026-09-15T14:58:09.6730137Z   ...
2026-09-15T14:58:09.6730386Z # Subtest: late seek ranges can become ready; missing ranges time out without guessed seek
2026-09-15T14:58:09.6730631Z ok 1002 - late seek ranges can become ready; missing ranges time out without guessed seek
2026-09-15T14:58:09.6730695Z   ---
2026-09-15T14:58:09.6730768Z   duration_ms: 2.442379
2026-09-15T14:58:09.6730828Z   ...
2026-09-15T14:58:09.6730974Z # Subtest: a rejected native seek remains explicit
2026-09-15T14:58:09.6731111Z ok 1003 - a rejected native seek remains explicit
2026-09-15T14:58:09.6731178Z   ---
2026-09-15T14:58:09.6731252Z   duration_ms: 3.004678
2026-09-15T14:58:09.6731426Z   ...
2026-09-15T14:58:09.6731705Z # Subtest: new capture cancels old metadata work; stale ready callbacks cannot adopt late pixels
2026-09-15T14:58:09.6731973Z ok 1004 - new capture cancels old metadata work; stale ready callbacks cannot adopt late pixels
2026-09-15T14:58:09.6732040Z   ---
2026-09-15T14:58:09.6732117Z   duration_ms: 2.182817
2026-09-15T14:58:09.6732179Z   ...
2026-09-15T14:58:09.6732418Z # Subtest: cancelled seek/frame callbacks never affect the new independent decoder
2026-09-15T14:58:09.6732650Z ok 1005 - cancelled seek/frame callbacks never affect the new independent decoder
2026-09-15T14:58:09.6732713Z   ---
2026-09-15T14:58:09.6732789Z   duration_ms: 3.9129
2026-09-15T14:58:09.6732854Z   ...
2026-09-15T14:58:09.6733127Z # Subtest: queued initial-frame callback is invalidated before nonzero seek even after seeked
2026-09-15T14:58:09.6733385Z ok 1006 - queued initial-frame callback is invalidated before nonzero seek even after seeked
2026-09-15T14:58:09.6733451Z   ---
2026-09-15T14:58:09.6733529Z   duration_ms: 1.878157
2026-09-15T14:58:09.6733590Z   ...
2026-09-15T14:58:09.6733823Z # Subtest: dispose cancels pending PNG export and ignores a late encoder result
2026-09-15T14:58:09.6734050Z ok 1007 - dispose cancels pending PNG export and ignores a late encoder result
2026-09-15T14:58:09.6734119Z   ---
2026-09-15T14:58:09.6734191Z   duration_ms: 1.46301
2026-09-15T14:58:09.6734256Z   ...
2026-09-15T14:58:09.6734523Z # Subtest: new capture aborts native still decode signal and late decoder completion cannot win
2026-09-15T14:58:09.6734781Z ok 1008 - new capture aborts native still decode signal and late decoder completion cannot win
2026-09-15T14:58:09.6734848Z   ---
2026-09-15T14:58:09.6734922Z   duration_ms: 4.823966
2026-09-15T14:58:09.6734983Z   ...
2026-09-15T14:58:09.6735238Z # Subtest: external cancellation at metadata and seek boundaries releases owned decoders
2026-09-15T14:58:09.6735650Z ok 1009 - external cancellation at metadata and seek boundaries releases owned decoders
2026-09-15T14:58:09.6735732Z   ---
2026-09-15T14:58:09.6735801Z   duration_ms: 1.466696
2026-09-15T14:58:09.6735867Z   ...
2026-09-15T14:58:09.6736142Z # Subtest: metadata and frame timeouts are explicit and remove callback/listener/URL ownership
2026-09-15T14:58:09.6736507Z ok 1010 - metadata and frame timeouts are explicit and remove callback/listener/URL ownership
2026-09-15T14:58:09.6736575Z   ---
2026-09-15T14:58:09.6736651Z   duration_ms: 1.126482
2026-09-15T14:58:09.6736716Z   ...
2026-09-15T14:58:09.6736963Z # Subtest: PNG null result preserves an explicit failure and leaves no capture resources
2026-09-15T14:58:09.6737214Z ok 1011 - PNG null result preserves an explicit failure and leaves no capture resources
2026-09-15T14:58:09.6737279Z   ---
2026-09-15T14:58:09.6737350Z   duration_ms: 1.3171
2026-09-15T14:58:09.6737418Z   ...
2026-09-15T14:58:09.6737675Z # Subtest: PNG encoder throw preserves an explicit failure and leaves no capture resources
2026-09-15T14:58:09.6737916Z ok 1012 - PNG encoder throw preserves an explicit failure and leaves no capture resources
2026-09-15T14:58:09.6737989Z   ---
2026-09-15T14:58:09.6738062Z   duration_ms: 1.10623
2026-09-15T14:58:09.6738125Z   ...
2026-09-15T14:58:09.6738389Z # Subtest: canvas security error preserves an explicit failure and leaves no capture resources
2026-09-15T14:58:09.6738653Z ok 1013 - canvas security error preserves an explicit failure and leaves no capture resources
2026-09-15T14:58:09.6738718Z   ---
2026-09-15T14:58:09.6738787Z   duration_ms: 1.148345
2026-09-15T14:58:09.6738855Z   ...
2026-09-15T14:58:09.6739115Z # Subtest: missing 2D context preserves an explicit failure and leaves no capture resources
2026-09-15T14:58:09.6739362Z ok 1014 - missing 2D context preserves an explicit failure and leaves no capture resources
2026-09-15T14:58:09.6739424Z   ---
2026-09-15T14:58:09.6739497Z   duration_ms: 1.333384
2026-09-15T14:58:09.6739562Z   ...
2026-09-15T14:58:09.6739837Z # Subtest: corrupt exported bytes preserves an explicit failure and leaves no capture resources
2026-09-15T14:58:09.6740218Z ok 1015 - corrupt exported bytes preserves an explicit failure and leaves no capture resources
2026-09-15T14:58:09.6740284Z   ---
2026-09-15T14:58:09.6740355Z   duration_ms: 1.200714
2026-09-15T14:58:09.6740421Z   ...
2026-09-15T14:58:09.6740719Z # Subtest: wrong exported dimensions preserves an explicit failure and leaves no capture resources
2026-09-15T14:58:09.6740998Z ok 1016 - wrong exported dimensions preserves an explicit failure and leaves no capture resources
2026-09-15T14:58:09.6741059Z   ---
2026-09-15T14:58:09.6741131Z   duration_ms: 1.564983
2026-09-15T14:58:09.6741196Z   ...
2026-09-15T14:58:09.6741460Z # Subtest: still decoder failure preserves an explicit failure and leaves no capture resources
2026-09-15T14:58:09.6741720Z ok 1017 - still decoder failure preserves an explicit failure and leaves no capture resources
2026-09-15T14:58:09.6741784Z   ---
2026-09-15T14:58:09.6741856Z   duration_ms: 3.365073
2026-09-15T14:58:09.6741919Z   ...
2026-09-15T14:58:09.6742175Z # Subtest: PNG byte budget rejects before still decoder even when media frame was accepted
2026-09-15T14:58:09.6742419Z ok 1018 - PNG byte budget rejects before still decoder even when media frame was accepted
2026-09-15T14:58:09.6742480Z   ---
2026-09-15T14:58:09.6742554Z   duration_ms: 2.382228
2026-09-15T14:58:09.6742619Z   ...
2026-09-15T14:58:09.6742859Z # Subtest: timeout during PNG encoding ignores a late callback and frees the source
2026-09-15T14:58:09.6743084Z ok 1019 - timeout during PNG encoding ignores a late callback and frees the source
2026-09-15T14:58:09.6743151Z   ---
2026-09-15T14:58:09.6743223Z   duration_ms: 1.100212
2026-09-15T14:58:09.6743284Z   ...
2026-09-15T14:58:09.6743548Z # Subtest: timeout during still decode aborts its capability and never publishes a late asset
2026-09-15T14:58:09.6743804Z ok 1020 - timeout during still decode aborts its capability and never publishes a late asset
2026-09-15T14:58:09.6743866Z   ---
2026-09-15T14:58:09.6743940Z   duration_ms: 1.547047
2026-09-15T14:58:09.6744006Z   ...
2026-09-15T14:58:09.6744249Z # Subtest: pre-aborted inspection and synchronous source failure leave no live URLs
2026-09-15T14:58:09.6744473Z ok 1021 - pre-aborted inspection and synchronous source failure leave no live URLs
2026-09-15T14:58:09.6744541Z   ---
2026-09-15T14:58:09.6744688Z   duration_ms: 0.499395
2026-09-15T14:58:09.6744752Z   ...
2026-09-15T14:58:09.6745033Z # Subtest: repeated selection of the same time captures independently and leaves prior PNG exact
2026-09-15T14:58:09.6745302Z ok 1022 - repeated selection of the same time captures independently and leaves prior PNG exact
2026-09-15T14:58:09.6745368Z   ---
2026-09-15T14:58:09.6745437Z   duration_ms: 2.294736
2026-09-15T14:58:09.6745651Z   ...
2026-09-15T14:58:09.6745977Z # Subtest: changed decoded metadata and invalid callback timestamps fail instead of minting provenance
2026-09-15T14:58:09.6746267Z ok 1023 - changed decoded metadata and invalid callback timestamps fail instead of minting provenance
2026-09-15T14:58:09.6746340Z   ---
2026-09-15T14:58:09.6746413Z   duration_ms: 1.084919
2026-09-15T14:58:09.6746474Z   ...
2026-09-15T14:58:09.6746768Z # Subtest: late browser metadata revisions reject before drawing a poster with mismatched source facts
2026-09-15T14:58:09.6747065Z ok 1024 - late browser metadata revisions reject before drawing a poster with mismatched source facts
2026-09-15T14:58:09.6747131Z   ---
2026-09-15T14:58:09.6747201Z   duration_ms: 1.249057
2026-09-15T14:58:09.6747265Z   ...
2026-09-15T14:58:09.6747564Z # Subtest: illustrations preserve all nonvisual pack content and exact selected original PNG bytes
2026-09-15T14:58:09.6747844Z ok 1025 - illustrations preserve all nonvisual pack content and exact selected original PNG bytes
2026-09-15T14:58:09.6747911Z   ---
2026-09-15T14:58:09.6747984Z   duration_ms: 7.517605
2026-09-15T14:58:09.6748051Z   ...
2026-09-15T14:58:09.6748396Z # Subtest: campaign, normalized maps, all recipes, both steering policies and switched board identities are unchanged
2026-09-15T14:58:09.6748844Z ok 1026 - campaign, normalized maps, all recipes, both steering policies and switched board identities are unchanged
2026-09-15T14:58:09.6748910Z   ---
2026-09-15T14:58:09.6748985Z   duration_ms: 165.431717
2026-09-15T14:58:09.6749051Z   ...
2026-09-15T14:58:09.6749432Z # Subtest: workshop-01/immediate: old legal live cut restores and finishes with the same checkpoint under illustrated content
2026-09-15T14:58:09.6749792Z ok 1027 - workshop-01/immediate: old legal live cut restores and finishes with the same checkpoint under illustrated content
2026-09-15T14:58:09.6749856Z   ---
2026-09-15T14:58:09.6749933Z   duration_ms: 656.950786
2026-09-15T14:58:09.6749996Z   ...
2026-09-15T14:58:09.6750366Z # Subtest: workshop-01/grid-center: old legal live cut restores and finishes with the same checkpoint under illustrated content
2026-09-15T14:58:09.6750726Z ok 1028 - workshop-01/grid-center: old legal live cut restores and finishes with the same checkpoint under illustrated content
2026-09-15T14:58:09.6750799Z   ---
2026-09-15T14:58:09.6750871Z   duration_ms: 460.292996
2026-09-15T14:58:09.6750933Z   ...
2026-09-15T14:58:09.6751292Z # Subtest: workshop-02/immediate: old legal live cut restores and finishes with the same checkpoint under illustrated content
2026-09-15T14:58:09.6751646Z ok 1029 - workshop-02/immediate: old legal live cut restores and finishes with the same checkpoint under illustrated content
2026-09-15T14:58:09.6751710Z   ---
2026-09-15T14:58:09.6751785Z   duration_ms: 262.512532
2026-09-15T14:58:09.6751852Z   ...
2026-09-15T14:58:09.6752215Z # Subtest: workshop-02/grid-center: old legal live cut restores and finishes with the same checkpoint under illustrated content
2026-09-15T14:58:09.6752577Z ok 1030 - workshop-02/grid-center: old legal live cut restores and finishes with the same checkpoint under illustrated content
2026-09-15T14:58:09.6752645Z   ---
2026-09-15T14:58:09.6752719Z   duration_ms: 206.719756
2026-09-15T14:58:09.6752781Z   ...
2026-09-15T14:58:09.6753149Z # Subtest: workshop-03/immediate: old legal live cut restores and finishes with the same checkpoint under illustrated content
2026-09-15T14:58:09.6753500Z ok 1031 - workshop-03/immediate: old legal live cut restores and finishes with the same checkpoint under illustrated content
2026-09-15T14:58:09.6753659Z   ---
2026-09-15T14:58:09.6753734Z   duration_ms: 98.471515
2026-09-15T14:58:09.6753801Z   ...
2026-09-15T14:58:09.6754167Z # Subtest: workshop-03/grid-center: old legal live cut restores and finishes with the same checkpoint under illustrated content
2026-09-15T14:58:09.6754535Z ok 1032 - workshop-03/grid-center: old legal live cut restores and finishes with the same checkpoint under illustrated content
2026-09-15T14:58:09.6754601Z   ---
2026-09-15T14:58:09.6754678Z   duration_ms: 114.673004
2026-09-15T14:58:09.6754743Z   ...
2026-09-15T14:58:09.6755089Z # Subtest: same-ID install, replacement, removal and reinstall preserve collected records and current seal labels
2026-09-15T14:58:09.6755428Z ok 1033 - same-ID install, replacement, removal and reinstall preserve collected records and current seal labels
2026-09-15T14:58:09.6755611Z   ---
2026-09-15T14:58:09.6755686Z   duration_ms: 6372.141269
2026-09-15T14:58:09.6755753Z   ...
2026-09-15T14:58:09.6756100Z # Subtest: complete illustrated backup retains source images, old scores/seals and suspended flight (immediate)
2026-09-15T14:58:09.6756424Z ok 1034 - complete illustrated backup retains source images, old scores/seals and suspended flight (immediate)
2026-09-15T14:58:09.6756488Z   ---
2026-09-15T14:58:09.6756564Z   duration_ms: 4525.775522
2026-09-15T14:58:09.6756628Z   ...
2026-09-15T14:58:09.6756957Z # Subtest: complete illustrated backup retains source images, old scores/seals and suspended flight (grid-center)
2026-09-15T14:58:09.6757278Z ok 1035 - complete illustrated backup retains source images, old scores/seals and suspended flight (grid-center)
2026-09-15T14:58:09.6757343Z   ---
2026-09-15T14:58:09.6757416Z   duration_ms: 4544.431432
2026-09-15T14:58:09.6757581Z   ...
2026-09-15T14:58:09.6757922Z # Subtest: corrupt headers and failing decoders reject replacement before adoption and keep the old library intact
2026-09-15T14:58:09.6758251Z ok 1036 - corrupt headers and failing decoders reject replacement before adoption and keep the old library intact
2026-09-15T14:58:09.6758313Z   ---
2026-09-15T14:58:09.6758390Z   duration_ms: 2795.494556
2026-09-15T14:58:09.6758455Z   ...
2026-09-15T14:58:09.6758813Z # Subtest: journal failure restores previous bytes; explicit illustrated import and Undo retain the same old collection
2026-09-15T14:58:09.6759218Z ok 1037 - journal failure restores previous bytes; explicit illustrated import and Undo retain the same old collection
2026-09-15T14:58:09.6759322Z   ---
2026-09-15T14:58:09.6759447Z   duration_ms: 2659.923534
2026-09-15T14:58:09.6759546Z   ...
2026-09-15T14:58:09.6760085Z # Subtest: public fixture generator emits six proven sessions/scenarios and a legally completed procedural backup without overwriting arbitrary files
2026-09-15T14:58:09.6760550Z ok 1038 - public fixture generator emits six proven sessions/scenarios and a legally completed procedural backup without overwriting arbitrary files
2026-09-15T14:58:09.6760617Z   ---
2026-09-15T14:58:09.6760689Z   duration_ms: 9751.390492
2026-09-15T14:58:09.6760758Z   ...
2026-09-15T14:58:09.6761132Z # Subtest: historical nine packs retain their budget boundary; optional pressure chapters preserve the same bounded library
2026-09-15T14:58:09.6761486Z ok 1039 - historical nine packs retain their budget boundary; optional pressure chapters preserve the same bounded library
2026-09-15T14:58:09.6761554Z   ---
2026-09-15T14:58:09.6761632Z   duration_ms: 72994.948999
2026-09-15T14:58:09.6761698Z   ...
2026-09-15T14:58:09.6761957Z # Subtest: fixed custom origin enables standard secure storage without privilege bypasses
2026-09-15T14:58:09.6762206Z ok 1040 - fixed custom origin enables standard secure storage without privilege bypasses
2026-09-15T14:58:09.6762276Z   ---
2026-09-15T14:58:09.6762346Z   duration_ms: 0.965338
2026-09-15T14:58:09.6762413Z   ...
2026-09-15T14:58:09.6762645Z # Subtest: routes retain local directory semantics and queries without redirects
2026-09-15T14:58:09.6763028Z ok 1041 - routes retain local directory semantics and queries without redirects
2026-09-15T14:58:09.6763098Z   ---
2026-09-15T14:58:09.6763171Z   duration_ms: 0.472323
2026-09-15T14:58:09.6763235Z   ...
2026-09-15T14:58:09.6763523Z # Subtest: raw traversal, encoded separators, credentials, ports and lookalike origins are denied
2026-09-15T14:58:09.6763798Z ok 1042 - raw traversal, encoded separators, credentials, ports and lookalike origins are denied
2026-09-15T14:58:09.6763863Z   ---
2026-09-15T14:58:09.6763932Z   duration_ms: 0.299042
2026-09-15T14:58:09.6763996Z   ...
2026-09-15T14:58:09.6764270Z # Subtest: HTML navigation is restricted to inventoried pages, including local preview targets
2026-09-15T14:58:09.6764534Z ok 1043 - HTML navigation is restricted to inventoried pages, including local preview targets
2026-09-15T14:58:09.6764601Z   ---
2026-09-15T14:58:09.6764675Z   duration_ms: 0.263398
2026-09-15T14:58:09.6764740Z   ...
2026-09-15T14:58:09.6765027Z # Subtest: network policy admits local assets and bounded media schemes, never remote/file resources
2026-09-15T14:58:09.6765309Z ok 1044 - network policy admits local assets and bounded media schemes, never remote/file resources
2026-09-15T14:58:09.6765376Z   ---
2026-09-15T14:58:09.6765449Z   duration_ms: 0.477471
2026-09-15T14:58:09.6765619Z   ...
2026-09-15T14:58:09.6765847Z # Subtest: storage identity stays stable while install paths and versions move
2026-09-15T14:58:09.6766067Z ok 1045 - storage identity stays stable while install paths and versions move
2026-09-15T14:58:09.6766128Z   ---
2026-09-15T14:58:09.6766202Z   duration_ms: 0.670673
2026-09-15T14:58:09.6766267Z   ...
2026-09-15T14:58:09.6766547Z # Subtest: only user-initiated same-window local JSON or ZIP exports reach the native save dialog
2026-09-15T14:58:09.6766937Z ok 1046 - only user-initiated same-window local JSON or ZIP exports reach the native save dialog
2026-09-15T14:58:09.6767003Z   ---
2026-09-15T14:58:09.6767080Z   duration_ms: 0.534828
2026-09-15T14:58:09.6767141Z   ...
2026-09-15T14:58:09.6767437Z # Subtest: capability detection reports absent native APIs without certifying browser parity
2026-09-15T14:58:09.6767707Z ok 1047 - capability detection reports absent native APIs without certifying browser parity
2026-09-15T14:58:09.6767769Z   ---
2026-09-15T14:58:09.6767846Z   duration_ms: 0.950926
2026-09-15T14:58:09.6767910Z   ...
2026-09-15T14:58:09.6768193Z # Subtest: scratch probes are explicit, clean their own keys and reject unavailable locks/storage
2026-09-15T14:58:09.6768458Z ok 1048 - scratch probes are explicit, clean their own keys and reject unavailable locks/storage
2026-09-15T14:58:09.6768526Z   ---
2026-09-15T14:58:09.6768598Z   duration_ms: 1.352302
2026-09-15T14:58:09.6768662Z   ...
2026-09-15T14:58:09.6768906Z # Subtest: lock probe verifies exclusion and release, rather than just API presence
2026-09-15T14:58:09.6769145Z ok 1049 - lock probe verifies exclusion and release, rather than just API presence
2026-09-15T14:58:09.6769207Z   ---
2026-09-15T14:58:09.6769281Z   duration_ms: 1.276688
2026-09-15T14:58:09.6769344Z   ...
2026-09-15T14:58:09.6769602Z # Subtest: saved actual four-format set verifies exact bytes without changing any file
2026-09-15T14:58:09.6769837Z ok 1050 - saved actual four-format set verifies exact bytes without changing any file
2026-09-15T14:58:09.6769903Z   ---
2026-09-15T14:58:09.6769980Z   duration_ms: 202.883391
2026-09-15T14:58:09.6770042Z   ...
2026-09-15T14:58:09.6770306Z # Subtest: explicit component directory works when the coverage report is stored elsewhere
2026-09-15T14:58:09.6770561Z ok 1051 - explicit component directory works when the coverage report is stored elsewhere
2026-09-15T14:58:09.6770627Z   ---
2026-09-15T14:58:09.6770698Z   duration_ms: 172.554223
2026-09-15T14:58:09.6770763Z   ...
2026-09-15T14:58:09.6770945Z # Subtest: one missing component invalidates the complete set
2026-09-15T14:58:09.6771110Z ok 1052 - one missing component invalidates the complete set
2026-09-15T14:58:09.6771177Z   ---
2026-09-15T14:58:09.6771255Z   duration_ms: 105.86025
2026-09-15T14:58:09.6771317Z   ...
2026-09-15T14:58:09.6771611Z # Subtest: one changed-bytes component invalidates the complete set
2026-09-15T14:58:09.6771803Z ok 1053 - one changed-bytes component invalidates the complete set
2026-09-15T14:58:09.6771868Z   ---
2026-09-15T14:58:09.6771937Z   duration_ms: 93.86387
2026-09-15T14:58:09.6772003Z   ...
2026-09-15T14:58:09.6772185Z # Subtest: one wrong-size component invalidates the complete set
2026-09-15T14:58:09.6772357Z ok 1054 - one wrong-size component invalidates the complete set
2026-09-15T14:58:09.6772424Z   ---
2026-09-15T14:58:09.6772498Z   duration_ms: 92.168039
2026-09-15T14:58:09.6772559Z   ...
2026-09-15T14:58:09.6772734Z # Subtest: one wrong-hash component invalidates the complete set
2026-09-15T14:58:09.6772907Z ok 1055 - one wrong-hash component invalidates the complete set
2026-09-15T14:58:09.6772971Z   ---
2026-09-15T14:58:09.6773041Z   duration_ms: 288.925086
2026-09-15T14:58:09.6773108Z   ...
2026-09-15T14:58:09.6773333Z # Subtest: coverage traversal is refused before it can authorize a component
2026-09-15T14:58:09.6773541Z ok 1056 - coverage traversal is refused before it can authorize a component
2026-09-15T14:58:09.6773608Z   ---
2026-09-15T14:58:09.6773681Z   duration_ms: 145.888396
2026-09-15T14:58:09.6773742Z   ...
2026-09-15T14:58:09.6774019Z # Subtest: coverage duplicate-name is refused before it can authorize a component
2026-09-15T14:58:09.6774254Z ok 1057 - coverage duplicate-name is refused before it can authorize a component
2026-09-15T14:58:09.6774320Z   ---
2026-09-15T14:58:09.6774392Z   duration_ms: 144.061808
2026-09-15T14:58:09.6774457Z   ...
2026-09-15T14:58:09.6774688Z # Subtest: coverage duplicate-id is refused before it can authorize a component
2026-09-15T14:58:09.6774985Z ok 1058 - coverage duplicate-id is refused before it can authorize a component
2026-09-15T14:58:09.6775052Z   ---
2026-09-15T14:58:09.6775127Z   duration_ms: 139.214838
2026-09-15T14:58:09.6775194Z   ...
2026-09-15T14:58:09.6775428Z # Subtest: coverage report-version is refused before it can authorize a component
2026-09-15T14:58:09.6775746Z ok 1059 - coverage report-version is refused before it can authorize a component
2026-09-15T14:58:09.6775812Z   ---
2026-09-15T14:58:09.6775883Z   duration_ms: 133.361326
2026-09-15T14:58:09.6775950Z   ...
2026-09-15T14:58:09.6776189Z # Subtest: coverage report-identity is refused before it can authorize a component
2026-09-15T14:58:09.6776409Z ok 1060 - coverage report-identity is refused before it can authorize a component
2026-09-15T14:58:09.6776476Z   ---
2026-09-15T14:58:09.6776551Z   duration_ms: 142.572479
2026-09-15T14:58:09.6776617Z   ...
2026-09-15T14:58:09.6776839Z # Subtest: component symlink refuses even when its target has all expected bytes
2026-09-15T14:58:09.6777068Z ok 1061 - component symlink refuses even when its target has all expected bytes
2026-09-15T14:58:09.6777134Z   ---
2026-09-15T14:58:09.6777205Z   duration_ms: 191.60698
2026-09-15T14:58:09.6777269Z   ...
2026-09-15T14:58:09.6777487Z # Subtest: report symlink refuses even when its target has all expected bytes
2026-09-15T14:58:09.6777695Z ok 1062 - report symlink refuses even when its target has all expected bytes
2026-09-15T14:58:09.6777757Z   ---
2026-09-15T14:58:09.6777833Z   duration_ms: 132.726517
2026-09-15T14:58:09.6777899Z   ...
2026-09-15T14:58:09.6778110Z # Subtest: game schema failure is not hidden by a recomputed coverage hash
2026-09-15T14:58:09.6778314Z ok 1063 - game schema failure is not hidden by a recomputed coverage hash
2026-09-15T14:58:09.6778379Z   ---
2026-09-15T14:58:09.6778450Z   duration_ms: 134.845558
2026-09-15T14:58:09.6778515Z   ...
2026-09-15T14:58:09.6778730Z # Subtest: media schema failure is not hidden by a recomputed coverage hash
2026-09-15T14:58:09.6778933Z ok 1064 - media schema failure is not hidden by a recomputed coverage hash
2026-09-15T14:58:09.6778996Z   ---
2026-09-15T14:58:09.6779070Z   duration_ms: 138.896136
2026-09-15T14:58:09.6779134Z   ...
2026-09-15T14:58:09.6779444Z # Subtest: story schema failure is not hidden by a recomputed coverage hash
2026-09-15T14:58:09.6779653Z ok 1065 - story schema failure is not hidden by a recomputed coverage hash
2026-09-15T14:58:09.6779719Z   ---
2026-09-15T14:58:09.6779796Z   duration_ms: 150.351527
2026-09-15T14:58:09.6779858Z   ...
2026-09-15T14:58:09.6780067Z # Subtest: audio schema failure is not hidden by a recomputed coverage hash
2026-09-15T14:58:09.6780269Z ok 1066 - audio schema failure is not hidden by a recomputed coverage hash
2026-09-15T14:58:09.6780330Z   ---
2026-09-15T14:58:09.6780408Z   duration_ms: 193.379886
2026-09-15T14:58:09.6780471Z   ...
2026-09-15T14:58:09.6780730Z # Subtest: detached story coverage remains incomplete after successful file verification
2026-09-15T14:58:09.6780982Z ok 1067 - detached story coverage remains incomplete after successful file verification
2026-09-15T14:58:09.6781047Z   ---
2026-09-15T14:58:09.6781119Z   duration_ms: 188.553287
2026-09-15T14:58:09.6781181Z   ...
2026-09-15T14:58:09.6781409Z # Subtest: CLI help needs no backup files and actual CLI verification prints JSON
2026-09-15T14:58:09.6781626Z ok 1068 - CLI help needs no backup files and actual CLI verification prints JSON
2026-09-15T14:58:09.6781688Z   ---
2026-09-15T14:58:09.6781762Z   duration_ms: 422.810013
2026-09-15T14:58:09.6781827Z   ...
2026-09-15T14:58:09.6782037Z # Subtest: recomputed outer hash cannot hide a corrupt still original
2026-09-15T14:58:09.6782227Z ok 1069 - recomputed outer hash cannot hide a corrupt still original
2026-09-15T14:58:09.6782293Z   ---
2026-09-15T14:58:09.6782369Z   duration_ms: 152.838184
2026-09-15T14:58:09.6782432Z   ...
2026-09-15T14:58:09.6782666Z # Subtest: malformed game library refuses with its outer hash correctly recomputed
2026-09-15T14:58:09.6782993Z ok 1070 - malformed game library refuses with its outer hash correctly recomputed
2026-09-15T14:58:09.6783055Z   ---
2026-09-15T14:58:09.6783130Z   duration_ms: 132.202336
2026-09-15T14:58:09.6783195Z   ...
2026-09-15T14:58:09.6783428Z # Subtest: malformed game session refuses with its outer hash correctly recomputed
2026-09-15T14:58:09.6783645Z ok 1071 - malformed game session refuses with its outer hash correctly recomputed
2026-09-15T14:58:09.6783713Z   ---
2026-09-15T14:58:09.6783788Z   duration_ms: 135.474978
2026-09-15T14:58:09.6783851Z   ...
2026-09-15T14:58:09.6784126Z # Subtest: malformed game externalChapters refuses with its outer hash correctly recomputed
2026-09-15T14:58:09.6784388Z ok 1072 - malformed game externalChapters refuses with its outer hash correctly recomputed
2026-09-15T14:58:09.6784456Z   ---
2026-09-15T14:58:09.6784528Z   duration_ms: 138.758889
2026-09-15T14:58:09.6784593Z   ...
2026-09-15T14:58:09.6784871Z # Subtest: CLI rejects unknown and inherited option names without changing the downloaded files
2026-09-15T14:58:09.6785137Z ok 1073 - CLI rejects unknown and inherited option names without changing the downloaded files
2026-09-15T14:58:09.6785205Z   ---
2026-09-15T14:58:09.6785279Z   duration_ms: 417.754016
2026-09-15T14:58:09.6785342Z   ...
2026-09-15T14:58:09.6785890Z # Subtest: CLI refuses a browser-renamed download and explains exact set filenames without guessing
2026-09-15T14:58:09.6786323Z ok 1074 - CLI refuses a browser-renamed download and explains exact set filenames without guessing
2026-09-15T14:58:09.6786430Z   ---
2026-09-15T14:58:09.6786504Z   duration_ms: 233.642118
2026-09-15T14:58:09.6786571Z   ...
2026-09-15T14:58:09.6786794Z # Subtest: strict command parsing rejects typos, duplicates and absent values
2026-09-15T14:58:09.6787001Z ok 1075 - strict command parsing rejects typos, duplicates and absent values
2026-09-15T14:58:09.6787069Z   ---
2026-09-15T14:58:09.6787145Z   duration_ms: 2.160473
2026-09-15T14:58:09.6787212Z   ...
2026-09-15T14:58:09.6787454Z # Subtest: version and relative-path rules exclude traversal and command-like labels
2026-09-15T14:58:09.6787700Z ok 1076 - version and relative-path rules exclude traversal and command-like labels
2026-09-15T14:58:09.6787766Z   ---
2026-09-15T14:58:09.6787837Z   duration_ms: 0.50984
2026-09-15T14:58:09.6787907Z   ...
2026-09-15T14:58:09.6788292Z # Subtest: snapshot rejects unsafe refs and index-conflicting labels before any Git command
2026-09-15T14:58:09.6788549Z ok 1077 - snapshot rejects unsafe refs and index-conflicting labels before any Git command
2026-09-15T14:58:09.6788616Z   ---
2026-09-15T14:58:09.6788693Z   duration_ms: 1.605936
2026-09-15T14:58:09.6788759Z   ...
2026-09-15T14:58:09.6789037Z # Subtest: direct CLI invocation works through an aliased directory and reports command failures
2026-09-15T14:58:09.6789312Z ok 1078 - direct CLI invocation works through an aliased directory and reports command failures
2026-09-15T14:58:09.6789389Z   ---
2026-09-15T14:58:09.6789461Z   duration_ms: 107.977426
2026-09-15T14:58:09.6789531Z   ...
2026-09-15T14:58:09.6789870Z # Subtest: real Git snapshot runs an older frozen entry through an aliased temp root and preserves immutable source
2026-09-15T14:58:09.6790199Z ok 1079 - real Git snapshot runs an older frozen entry through an aliased temp root and preserves immutable source
2026-09-15T14:58:09.6790263Z   ---
2026-09-15T14:58:09.6790338Z   duration_ms: 369.332502
2026-09-15T14:58:09.6790404Z   ...
2026-09-15T14:58:09.6790664Z # Subtest: build is byte-reproducible and each manifest checksum covers exact output bytes
2026-09-15T14:58:09.6790918Z ok 1080 - build is byte-reproducible and each manifest checksum covers exact output bytes
2026-09-15T14:58:09.6790985Z   ---
2026-09-15T14:58:09.6791061Z   duration_ms: 39.210824
2026-09-15T14:58:09.6791122Z   ...
2026-09-15T14:58:09.6791377Z # Subtest: owned rebuild replaces old outputs and changes checksums when source changes
2026-09-15T14:58:09.6791618Z ok 1081 - owned rebuild replaces old outputs and changes checksums when source changes
2026-09-15T14:58:09.6791781Z   ---
2026-09-15T14:58:09.6791858Z   duration_ms: 19.414203
2026-09-15T14:58:09.6791924Z   ...
2026-09-15T14:58:09.6792161Z # Subtest: build refuses unrelated output, overlapping source and malformed revision
2026-09-15T14:58:09.6792400Z ok 1082 - build refuses unrelated output, overlapping source and malformed revision
2026-09-15T14:58:09.6792468Z   ---
2026-09-15T14:58:09.6792543Z   duration_ms: 6.208668
2026-09-15T14:58:09.6792605Z   ...
2026-09-15T14:58:09.6792855Z # Subtest: missing dependencies and invalid JSON fail before replacing a working build
2026-09-15T14:58:09.6793096Z ok 1083 - missing dependencies and invalid JSON fail before replacing a working build
2026-09-15T14:58:09.6793158Z   ---
2026-09-15T14:58:09.6793232Z   duration_ms: 17.372509
2026-09-15T14:58:09.6793299Z   ...
2026-09-15T14:58:09.6793535Z # Subtest: build excludes private include paths and rejects symbolic source links
2026-09-15T14:58:09.6793762Z ok 1084 - build excludes private include paths and rejects symbolic source links
2026-09-15T14:58:09.6793833Z   ---
2026-09-15T14:58:09.6793907Z   duration_ms: 5.86618
2026-09-15T14:58:09.6793969Z   ...
2026-09-15T14:58:09.6794221Z # Subtest: runtime builds omit source-only game tests while retaining ordinary game files
2026-09-15T14:58:09.6794468Z ok 1085 - runtime builds omit source-only game tests while retaining ordinary game files
2026-09-15T14:58:09.6794534Z   ---
2026-09-15T14:58:09.6794607Z   duration_ms: 8.773581
2026-09-15T14:58:09.6794673Z   ...
2026-09-15T14:58:09.6794945Z # Subtest: portable resource checks resolve nested relative imports and reject root-only URLs
2026-09-15T14:58:09.6795206Z ok 1086 - portable resource checks resolve nested relative imports and reject root-only URLs
2026-09-15T14:58:09.6795273Z   ---
2026-09-15T14:58:09.6795346Z   duration_ms: 6.97158
2026-09-15T14:58:09.6795407Z   ...
2026-09-15T14:58:09.6795733Z # Subtest: ZIP uses standard CRC, sorted names, fixed timestamps and stored data
2026-09-15T14:58:09.6795960Z ok 1087 - ZIP uses standard CRC, sorted names, fixed timestamps and stored data
2026-09-15T14:58:09.6796028Z   ---
2026-09-15T14:58:09.6796099Z   duration_ms: 0.378071
2026-09-15T14:58:09.6796166Z   ...
2026-09-15T14:58:09.6796382Z # Subtest: static server supports portable nested paths, ESM MIME and HEAD
2026-09-15T14:58:09.6796691Z ok 1088 - static server supports portable nested paths, ESM MIME and HEAD
2026-09-15T14:58:09.6796760Z   ---
2026-09-15T14:58:09.6796835Z   duration_ms: 9.57417
2026-09-15T14:58:09.6796897Z   ...
2026-09-15T14:58:09.6797164Z # Subtest: static server refuses traversal, hidden files, malformed paths and symlink escape
2026-09-15T14:58:09.6797425Z ok 1089 - static server refuses traversal, hidden files, malformed paths and symlink escape
2026-09-15T14:58:09.6797493Z   ---
2026-09-15T14:58:09.6797563Z   duration_ms: 9.366077
2026-09-15T14:58:09.6797630Z   ...
2026-09-15T14:58:09.6797907Z # Subtest: Git archive reader extracts regular data and rejects links, traversal and duplicates
2026-09-15T14:58:09.6798172Z ok 1090 - Git archive reader extracts regular data and rejects links, traversal and duplicates
2026-09-15T14:58:09.6798240Z   ---
2026-09-15T14:58:09.6798313Z   duration_ms: 1.240974
2026-09-15T14:58:09.6798380Z   ...
2026-09-15T14:58:09.6798674Z # Subtest: generator produces deterministic explicit valid maps across seeds using the actual core
2026-09-15T14:58:09.6798961Z ok 1091 - generator produces deterministic explicit valid maps across seeds using the actual core
2026-09-15T14:58:09.6799028Z   ---
2026-09-15T14:58:09.6799097Z   duration_ms: 7.407818
2026-09-15T14:58:09.6799165Z   ...
2026-09-15T14:58:09.6799413Z # Subtest: campaign validation uses the core and rejects duplicate or malformed levels
2026-09-15T14:58:09.6799655Z ok 1092 - campaign validation uses the core and rejects duplicate or malformed levels
2026-09-15T14:58:09.6799721Z   ---
2026-09-15T14:58:09.6799799Z   duration_ms: 14.143152
2026-09-15T14:58:09.6799866Z   ...
2026-09-15T14:58:09.6800157Z # Subtest: theme validation uses the actual content registry and rejects invalid or duplicate entries
2026-09-15T14:58:09.6800545Z ok 1093 - theme validation uses the actual content registry and rejects invalid or duplicate entries
2026-09-15T14:58:09.6800613Z   ---
2026-09-15T14:58:09.6800684Z   duration_ms: 7.315759
2026-09-15T14:58:09.6800754Z   ...
2026-09-15T14:58:09.6801043Z # Subtest: class validation accepts current data and rejects unsupported mechanics through the core
2026-09-15T14:58:09.6801323Z ok 1094 - class validation accepts current data and rejects unsupported mechanics through the core
2026-09-15T14:58:09.6801385Z   ---
2026-09-15T14:58:09.6801459Z   duration_ms: 7.193355
2026-09-15T14:58:09.6801523Z   ...
2026-09-15T14:58:09.6801909Z # Subtest: packaged offline builds generate scoped metadata, original icons, complete integrity inventory and reproducible bytes
2026-09-15T14:58:09.6802285Z ok 1095 - packaged offline builds generate scoped metadata, original icons, complete integrity inventory and reproducible bytes
2026-09-15T14:58:09.6802353Z   ---
2026-09-15T14:58:09.6802431Z   duration_ms: 251.177263
2026-09-15T14:58:09.6802492Z   ...
2026-09-15T14:58:09.6802810Z # Subtest: offline source sentinel requires its template and does not silently emit an incomplete installer
2026-09-15T14:58:09.6803120Z ok 1096 - offline source sentinel requires its template and does not silently emit an incomplete installer
2026-09-15T14:58:09.6803183Z   ---
2026-09-15T14:58:09.6803258Z   duration_ms: 5.91904
2026-09-15T14:58:09.6803323Z   ...
2026-09-15T14:58:09.6803703Z # Subtest: public package has local entry, accurate storage notices and enforced preview headers without changing source serving
2026-09-15T14:58:09.6804065Z ok 1097 - public package has local entry, accurate storage notices and enforced preview headers without changing source serving
2026-09-15T14:58:09.6804133Z   ---
2026-09-15T14:58:09.6804209Z   duration_ms: 19.023623
2026-09-15T14:58:09.6804270Z   ...
2026-09-15T14:58:09.6804615Z # Subtest: optional indexed pack keeps exact shipped and ZIP bytes while core cache excludes only the declared source
2026-09-15T14:58:09.6804952Z ok 1098 - optional indexed pack keeps exact shipped and ZIP bytes while core cache excludes only the declared source
2026-09-15T14:58:09.6805019Z   ---
2026-09-15T14:58:09.6805165Z   duration_ms: 213.573968
2026-09-15T14:58:09.6805234Z   ...
2026-09-15T14:58:09.6805642Z # Subtest: optional offline policy rejects non-pack, unknown, duplicate, unsafe, missing and excluded sources
2026-09-15T14:58:09.6805952Z ok 1099 - optional offline policy rejects non-pack, unknown, duplicate, unsafe, missing and excluded sources
2026-09-15T14:58:09.6806020Z   ---
2026-09-15T14:58:09.6806095Z   duration_ms: 67.54636
2026-09-15T14:58:09.6806156Z   ...
2026-09-15T14:58:09.6806494Z # Subtest: archived packs stay downloadable with exact bytes while both navigation catalogs remain in the core cache
2026-09-15T14:58:09.6806827Z ok 1100 - archived packs stay downloadable with exact bytes while both navigation catalogs remain in the core cache
2026-09-15T14:58:09.6806900Z   ---
2026-09-15T14:58:09.6806970Z   duration_ms: 185.76148
2026-09-15T14:58:09.6807036Z   ...
2026-09-15T14:58:09.6807266Z # Subtest: declaring an optional pack does not relax the 64 MiB core cache budget
2026-09-15T14:58:09.6807486Z ok 1101 - declaring an optional pack does not relax the 64 MiB core cache budget
2026-09-15T14:58:09.6807553Z   ---
2026-09-15T14:58:09.6807627Z   duration_ms: 208.879468
2026-09-15T14:58:09.6807694Z   ...
2026-09-15T14:58:09.6808614Z # {"version":"v0.2.0","sourceRevision":"beb962d692206b7590dc75921fe02f30c5a96bbd","totalBytes":21051,"playableVersions":2,"currentEntryMetadata":"current-entry-routing.json","currentCanonicalSite":"https://owner.github.io/game/releases/v0.2.0/site/","currentHTMLAliases":6}
2026-09-15T14:58:09.6808949Z # Subtest: read-only capacity matches the immutable-entry default build and cannot certify a hypothetical fit
2026-09-15T14:58:09.6809267Z ok 1102 - read-only capacity matches the immutable-entry default build and cannot certify a hypothetical fit
2026-09-15T14:58:09.6809442Z   ---
2026-09-15T14:58:09.6809516Z   duration_ms: 278.399919
2026-09-15T14:58:09.6809584Z   ...
2026-09-15T14:58:09.6810991Z # {"version":"v0.2.0","sourceRevision":"beb962d692206b7590dc75921fe02f30c5a96bbd","totalBytes":26948,"playableVersions":2,"currentEntryMetadata":"current-entry-routing.json","currentCanonicalSite":"https://owner.github.io/game/releases/v0.2.0/site/","currentHTMLAliases":6,"target":"main","catalogVersions":2,"latestHostedVersion":"v0.2.0","budgetBytes":950000000,"copiedVersions":1,"archivedVersions":1,"redirectedHTMLFiles":6}
2026-09-15T14:58:09.6811388Z # Subtest: main routing declares every current override and preserves latest versioned bytes, old bridges and Release downloads
2026-09-15T14:58:09.6811758Z ok 1103 - main routing declares every current override and preserves latest versioned bytes, old bridges and Release downloads
2026-09-15T14:58:09.6811824Z   ---
2026-09-15T14:58:09.6811900Z   duration_ms: 426.146953
2026-09-15T14:58:09.6811964Z   ...
2026-09-15T14:58:09.6812864Z # {"version":"v0.2.0","sourceRevision":"5f9305313a905a656200e68e8ff02f4e89d63c2e","totalBytes":4636,"playableVersions":1,"target":"archive-01","catalogVersions":2,"latestHostedVersion":"v0.1.0","budgetBytes":800000000,"copiedVersions":1,"archivedVersions":1,"redirectedHTMLFiles":0}
2026-09-15T14:58:09.6813184Z # Subtest: archive mode copies every canonical payload exactly, including original workers and checksums
2026-09-15T14:58:09.6813482Z ok 1104 - archive mode copies every canonical payload exactly, including original workers and checksums
2026-09-15T14:58:09.6813544Z   ---
2026-09-15T14:58:09.6813621Z   duration_ms: 60.305054
2026-09-15T14:58:09.6813685Z   ...
2026-09-15T14:58:09.6814571Z # {"version":"v0.2.0","sourceRevision":"5f9305313a905a656200e68e8ff02f4e89d63c2e","totalBytes":21051,"playableVersions":2,"currentEntryMetadata":"current-entry-routing.json","currentCanonicalSite":"https://owner.github.io/game/releases/v0.2.0/site/","currentHTMLAliases":6}
2026-09-15T14:58:09.6814932Z # Subtest: archive ownership rejects unknown/current/duplicate/cross-origin plans without changing published output
2026-09-15T14:58:09.6815373Z ok 1105 - archive ownership rejects unknown/current/duplicate/cross-origin plans without changing published output
2026-09-15T14:58:09.6815440Z   ---
2026-09-15T14:58:09.6815588Z   duration_ms: 149.793566
2026-09-15T14:58:09.6815656Z   ...
2026-09-15T14:58:09.6815920Z # Subtest: redirects preserve encoded query and fragment and offer a native fallback link
2026-09-15T14:58:09.6816172Z ok 1106 - redirects preserve encoded query and fragment and offer a native fallback link
2026-09-15T14:58:09.6816233Z   ---
2026-09-15T14:58:09.6816311Z   duration_ms: 1.152931
2026-09-15T14:58:09.6816375Z   ...
2026-09-15T14:58:09.6816648Z # Subtest: retirement worker confines navigation and only unregisters after normal activation
2026-09-15T14:58:09.6816914Z ok 1107 - retirement worker confines navigation and only unregisters after normal activation
2026-09-15T14:58:09.6816984Z   ---
2026-09-15T14:58:09.6817060Z   duration_ms: 12.013715
2026-09-15T14:58:09.6817122Z   ...
2026-09-15T14:58:09.6817994Z # {"version":"v0.2.0","sourceRevision":"5f9305313a905a656200e68e8ff02f4e89d63c2e","totalBytes":21051,"playableVersions":2,"currentEntryMetadata":"current-entry-routing.json","currentCanonicalSite":"https://owner.github.io/game/releases/v0.2.0/site/","currentHTMLAliases":6}
2026-09-15T14:58:09.6818241Z # Subtest: stale tags and a late symlink failure retain the prior dist and frozen source
2026-09-15T14:58:09.6818475Z ok 1108 - stale tags and a late symlink failure retain the prior dist and frozen source
2026-09-15T14:58:09.6818543Z   ---
2026-09-15T14:58:09.6818618Z   duration_ms: 275.449794
2026-09-15T14:58:09.6818683Z   ...
2026-09-15T14:58:09.6818913Z # Subtest: main and archive byte budgets fail closed at their distinct fixed limits
2026-09-15T14:58:09.6819141Z ok 1109 - main and archive byte budgets fail closed at their distinct fixed limits
2026-09-15T14:58:09.6819311Z   ---
2026-09-15T14:58:09.6819381Z   duration_ms: 0.426955
2026-09-15T14:58:09.6819448Z   ...
2026-09-15T14:58:09.6820839Z # {"version":"v0.2.0","sourceRevision":"5f9305313a905a656200e68e8ff02f4e89d63c2e","totalBytes":26948,"playableVersions":2,"currentEntryMetadata":"current-entry-routing.json","currentCanonicalSite":"https://owner.github.io/game/releases/v0.2.0/site/","currentHTMLAliases":6,"target":"main","catalogVersions":2,"latestHostedVersion":"v0.2.0","budgetBytes":950000000,"copiedVersions":1,"archivedVersions":1,"redirectedHTMLFiles":6}
2026-09-15T14:58:09.6821161Z # Subtest: a corrupted canonical payload fails its frozen manifest before replacing the last published tree
2026-09-15T14:58:09.6821465Z ok 1110 - a corrupted canonical payload fails its frozen manifest before replacing the last published tree
2026-09-15T14:58:09.6821534Z   ---
2026-09-15T14:58:09.6821610Z   duration_ms: 136.553297
2026-09-15T14:58:09.6821676Z   ...
2026-09-15T14:58:09.6822530Z # {"version":"v0.2.0","sourceRevision":"5f9305313a905a656200e68e8ff02f4e89d63c2e","totalBytes":21051,"playableVersions":2,"currentEntryMetadata":"current-entry-routing.json","currentCanonicalSite":"https://owner.github.io/game/releases/v0.2.0/site/","currentHTMLAliases":6}
2026-09-15T14:58:09.6822867Z # Subtest: a reserved current-entry source path fails atomically without altering prior output or release tags
2026-09-15T14:58:09.6823184Z ok 1111 - a reserved current-entry source path fails atomically without altering prior output or release tags
2026-09-15T14:58:09.6823249Z   ---
2026-09-15T14:58:09.6823320Z   duration_ms: 201.110493
2026-09-15T14:58:09.6823388Z   ...
2026-09-15T14:58:09.6823719Z # Subtest: the immutable Fracture register authenticates historical presets after runtime appearance expansion
2026-09-15T14:58:09.6824036Z ok 1112 - the immutable Fracture register authenticates historical presets after runtime appearance expansion
2026-09-15T14:58:09.6824105Z   ---
2026-09-15T14:58:09.6824183Z   duration_ms: 219.692989
2026-09-15T14:58:09.6824244Z   ...
2026-09-15T14:58:09.6824650Z # Subtest: an old checkout without history uses exact current metadata; missing snapshot never silently uses different runtime presets
2026-09-15T14:58:09.6825139Z ok 1113 - an old checkout without history uses exact current metadata; missing snapshot never silently uses different runtime presets
2026-09-15T14:58:09.6825211Z   ---
2026-09-15T14:58:09.6825281Z   duration_ms: 181.954121
2026-09-15T14:58:09.6825347Z   ...
2026-09-15T14:58:09.6825769Z # Subtest: changed or symlinked historical snapshots reject; an unrelated mapping cannot redirect a declared pin
2026-09-15T14:58:09.6826100Z ok 1114 - changed or symlinked historical snapshots reject; an unrelated mapping cannot redirect a declared pin
2026-09-15T14:58:09.6826163Z   ---
2026-09-15T14:58:09.6826239Z   duration_ms: 122.520503
2026-09-15T14:58:09.6826305Z   ...
2026-09-15T14:58:09.6826638Z # Subtest: history admits only finite complete JSON identities, with no arbitrary snapshot path or duplicate entry
2026-09-15T14:58:09.6826972Z ok 1115 - history admits only finite complete JSON identities, with no arbitrary snapshot path or duplicate entry
2026-09-15T14:58:09.6827039Z   ---
2026-09-15T14:58:09.6827112Z   duration_ms: 104.09358
2026-09-15T14:58:09.6827180Z   ...
2026-09-15T14:58:09.6827434Z # Subtest: the preserved FPV preset revision remains exact after a later runtime change
2026-09-15T14:58:09.6827675Z ok 1116 - the preserved FPV preset revision remains exact after a later runtime change
2026-09-15T14:58:09.6827736Z   ---
2026-09-15T14:58:09.6827812Z   duration_ms: 140.928245
2026-09-15T14:58:09.6827879Z   ...
2026-09-15T14:58:09.6828221Z # Subtest: a newly declared unarchived preset revision reads the current file and still refuses changed current bytes
2026-09-15T14:58:09.6828555Z ok 1117 - a newly declared unarchived preset revision reads the current file and still refuses changed current bytes
2026-09-15T14:58:09.6828621Z   ---
2026-09-15T14:58:09.6828806Z   duration_ms: 115.097912
2026-09-15T14:58:09.6828868Z   ...
2026-09-15T14:58:09.6829183Z # Subtest: v2 preserves the exact prior renderer as inert source bytes and v1 still accepts JSON-only history
2026-09-15T14:58:09.6829495Z ok 1118 - v2 preserves the exact prior renderer as inert source bytes and v1 still accepts JSON-only history
2026-09-15T14:58:09.6829559Z   ---
2026-09-15T14:58:09.6829635Z   duration_ms: 128.946078
2026-09-15T14:58:09.6829701Z   ...
2026-09-15T14:58:09.6830046Z # Subtest: v2 module history refuses absent, changed and symlinked snapshots without reading the changed live renderer
2026-09-15T14:58:09.6830377Z ok 1119 - v2 module history refuses absent, changed and symlinked snapshots without reading the changed live renderer
2026-09-15T14:58:09.6830444Z   ---
2026-09-15T14:58:09.6830518Z   duration_ms: 126.994229
2026-09-15T14:58:09.6830580Z   ...
2026-09-15T14:58:09.6830825Z # Subtest: a private exact module snapshot is authenticated as bytes and never executed
2026-09-15T14:58:09.6831067Z ok 1120 - a private exact module snapshot is authenticated as bytes and never executed
2026-09-15T14:58:09.6831134Z   ---
2026-09-15T14:58:09.6831205Z   duration_ms: 102.454035
2026-09-15T14:58:09.6831272Z   ...
2026-09-15T14:58:09.6831586Z # Subtest: retained source bodies authenticate exact immutable recipe pins without approving production
2026-09-15T14:58:09.6831885Z ok 1121 - retained source bodies authenticate exact immutable recipe pins without approving production
2026-09-15T14:58:09.6831953Z   ---
2026-09-15T14:58:09.6832028Z   duration_ms: 176.900097
2026-09-15T14:58:09.6832090Z   ...
2026-09-15T14:58:09.6832404Z # Subtest: old source checkouts remain valid without the optional source index; changed current bytes refuse
2026-09-15T14:58:09.6832710Z ok 1122 - old source checkouts remain valid without the optional source index; changed current bytes refuse
2026-09-15T14:58:09.6832776Z   ---
2026-09-15T14:58:09.6832846Z   duration_ms: 167.020715
2026-09-15T14:58:09.6832911Z   ...
2026-09-15T14:58:09.6833204Z # Subtest: missing, modified or symlinked source snapshots fail instead of using the current recipe
2026-09-15T14:58:09.6833480Z ok 1123 - missing, modified or symlinked source snapshots fail instead of using the current recipe
2026-09-15T14:58:09.6833547Z   ---
2026-09-15T14:58:09.6833753Z   duration_ms: 127.652384
2026-09-15T14:58:09.6833821Z   ...
2026-09-15T14:58:09.6834132Z # Subtest: source history has finite exact identities and cannot choose arbitrary source or snapshot paths
2026-09-15T14:58:09.6834438Z ok 1124 - source history has finite exact identities and cannot choose arbitrary source or snapshot paths
2026-09-15T14:58:09.6834505Z   ---
2026-09-15T14:58:09.6834576Z   duration_ms: 165.405254
2026-09-15T14:58:09.6834642Z   ...
2026-09-15T14:58:09.6834905Z # Subtest: a new source pin reads current bytes while the retained old pin remains immutable
2026-09-15T14:58:09.6835159Z ok 1125 - a new source pin reads current bytes while the retained old pin remains immutable
2026-09-15T14:58:09.6835226Z   ---
2026-09-15T14:58:09.6835300Z   duration_ms: 231.712564
2026-09-15T14:58:09.6835366Z   ...
2026-09-15T14:58:09.6835684Z # Subtest: archived source bytes are authenticated but never imported or executed
2026-09-15T14:58:09.6835916Z ok 1126 - archived source bytes are authenticated but never imported or executed
2026-09-15T14:58:09.6835983Z   ---
2026-09-15T14:58:09.6836057Z   duration_ms: 113.11115
2026-09-15T14:58:09.6836122Z   ...
2026-09-15T14:58:09.6836491Z # Subtest: overlapping history identities require both exact snapshots without fallback to the other copy or live source
2026-09-15T14:58:09.6836845Z ok 1127 - overlapping history identities require both exact snapshots without fallback to the other copy or live source
2026-09-15T14:58:09.6836906Z   ---
2026-09-15T14:58:09.6836982Z   duration_ms: 425.33613
2026-09-15T14:58:09.6837048Z   ...
2026-09-15T14:58:09.6837330Z # Subtest: pristine raw files produce exact HEAD identity and a reproducible content/mode aggregate
2026-09-15T14:58:09.6837714Z ok 1128 - pristine raw files produce exact HEAD identity and a reproducible content/mode aggregate
2026-09-15T14:58:09.6837782Z   ---
2026-09-15T14:58:09.6837858Z   duration_ms: 187.504843
2026-09-15T14:58:09.6837919Z   ...
2026-09-15T14:58:09.6838204Z # Subtest: same-size byte changes are refused even when Git is told to assume the file unchanged
2026-09-15T14:58:09.6838474Z ok 1129 - same-size byte changes are refused even when Git is told to assume the file unchanged
2026-09-15T14:58:09.6838536Z   ---
2026-09-15T14:58:09.6838613Z   duration_ms: 47.450088
2026-09-15T14:58:09.6838678Z   ...
2026-09-15T14:58:09.6838903Z # Subtest: a changed executable bit is refused independently of core.fileMode
2026-09-15T14:58:09.6839112Z ok 1130 - a changed executable bit is refused independently of core.fileMode
2026-09-15T14:58:09.6839178Z   ---
2026-09-15T14:58:09.6839252Z   duration_ms: 47.230566
2026-09-15T14:58:09.6839314Z   ...
2026-09-15T14:58:09.6839563Z # Subtest: a missing tracked file fails instead of qualifying a partial sparse checkout
2026-09-15T14:58:09.6839808Z ok 1131 - a missing tracked file fails instead of qualifying a partial sparse checkout
2026-09-15T14:58:09.6839874Z   ---
2026-09-15T14:58:09.6839945Z   duration_ms: 54.641058
2026-09-15T14:58:09.6840011Z   ...
2026-09-15T14:58:09.6840320Z # Subtest: untracked cache/dependencies and an unrelated staged index blob do not change HEAD evidence
2026-09-15T14:58:09.6840610Z ok 1132 - untracked cache/dependencies and an unrelated staged index blob do not change HEAD evidence
2026-09-15T14:58:09.6840678Z   ---
2026-09-15T14:58:09.6840755Z   duration_ms: 101.77559
2026-09-15T14:58:09.6840817Z   ...
2026-09-15T14:58:09.6841032Z # Subtest: symlink target bytes are authenticated without reading the target
2026-09-15T14:58:09.6841244Z ok 1133 - symlink target bytes are authenticated without reading the target
2026-09-15T14:58:09.6841312Z   ---
2026-09-15T14:58:09.6841382Z   duration_ms: 68.844351
2026-09-15T14:58:09.6841448Z   ...
2026-09-15T14:58:09.6841716Z # Subtest: a regular tracked file replaced by a symlink is refused even if target bytes match
2026-09-15T14:58:09.6841965Z ok 1134 - a regular tracked file replaced by a symlink is refused even if target bytes match
2026-09-15T14:58:09.6842030Z   ---
2026-09-15T14:58:09.6842106Z   duration_ms: 39.390866
2026-09-15T14:58:09.6842264Z   ...
2026-09-15T14:58:09.6842471Z # Subtest: streamed blobs include bytes beyond the first read buffer
2026-09-15T14:58:09.6842663Z ok 1135 - streamed blobs include bytes beyond the first read buffer
2026-09-15T14:58:09.6842729Z   ---
2026-09-15T14:58:09.6842801Z   duration_ms: 73.613845
2026-09-15T14:58:09.6842868Z   ...
2026-09-15T14:58:09.6842937Z 1..1135
2026-09-15T14:58:09.6843007Z # tests 1162
2026-09-15T14:58:09.6843078Z # suites 0
2026-09-15T14:58:09.6843150Z # pass 1162
2026-09-15T14:58:09.6843215Z # fail 0
2026-09-15T14:58:09.6843289Z # cancelled 0
2026-09-15T14:58:09.6843358Z # skipped 0
2026-09-15T14:58:09.6843424Z # todo 0
2026-09-15T14:58:09.6843514Z # duration_ms 1073604.449101
2026-09-15T14:58:09.6870683Z ##[group]Run test "$(git rev-parse HEAD)" = "$EXPECTED_SOURCE"
2026-09-15T14:58:09.6870844Z [36;1mtest "$(git rev-parse HEAD)" = "$EXPECTED_SOURCE"[0m
2026-09-15T14:58:09.6871002Z [36;1mnode ../automation/scripts/check-source-identity.mjs --root .[0m
2026-09-15T14:58:09.6902695Z shell: /usr/bin/bash -e {0}
2026-09-15T14:58:09.6902765Z env:
2026-09-15T14:58:09.6902908Z   EXPECTED_SOURCE: 69195ddd1d21a7bc3f863cf7589069a735301a03
2026-09-15T14:58:09.6902986Z ##[endgroup]
2026-09-15T14:58:13.4954378Z {"format":"revealline-source-identity.v1","root":"/home/runner/work/revealline/revealline/source","sourceRevision":"69195ddd1d21a7bc3f863cf7589069a735301a03","sourceTree":"6dea75eef274c3625d7a7e9c251b20d587a42191","files":5968,"bytes":853523474,"aggregateSha256":"141fc1c9221dcd34523bca9b6239bea0edd9ff318a0825d85c71a7852822ae80","aggregateFormat":"UTF-8 path sorted JSONL [path, Git mode, raw content SHA-256]","allTrackedSourceContentsAndModesMatch":true}
2026-09-15T14:58:13.5524271Z Node 20 is being deprecated. This workflow is running with Node 24 by default. If you need to temporarily use Node 20, you can set the ACTIONS_ALLOW_USE_UNSECURE_NODE_VERSION=true environment variable. For more information see: https://github.blog/changelog/2025-09-19-deprecation-of-node-20-on-github-actions-runners/
2026-09-15T14:58:13.5525179Z Post job cleanup.
2026-09-15T14:58:13.6506252Z (node:4122) [DEP0040] DeprecationWarning: The `punycode` module is deprecated. Please use a userland alternative instead.
2026-09-15T14:58:13.6507231Z (Use `node --trace-deprecation ...` to show where the warning was created)
2026-09-15T14:58:13.6508867Z Cache hit occurred on the primary key node-cache-Linux-x64-npm-1862b28f2e68083ac7ee8c6c9a4cd16ff6aaab0b76bf75940aedf75c9c15fc1c, not saving cache.
2026-09-15T14:58:13.6619946Z Node 20 is being deprecated. This workflow is running with Node 24 by default. If you need to temporarily use Node 20, you can set the ACTIONS_ALLOW_USE_UNSECURE_NODE_VERSION=true environment variable. For more information see: https://github.blog/changelog/2025-09-19-deprecation-of-node-20-on-github-actions-runners/
2026-09-15T14:58:13.6620870Z Post job cleanup.
2026-09-15T14:58:13.7292545Z [command]/usr/bin/git version
2026-09-15T14:58:13.7329438Z git version 2.55.0
2026-09-15T14:58:13.7359141Z Temporarily overriding HOME='/home/runner/work/_temp/36a7935a-5a8e-4f40-9a97-a6216c2e70f9' before making global git config changes
2026-09-15T14:58:13.7360531Z Adding repository directory to the temporary git global config as a safe directory
2026-09-15T14:58:13.7363487Z [command]/usr/bin/git config --global --add safe.directory /home/runner/work/revealline/revealline/automation
2026-09-15T14:58:13.7395653Z [command]/usr/bin/git config --local --name-only --get-regexp core\.sshCommand
2026-09-15T14:58:13.7424851Z [command]/usr/bin/git submodule foreach --recursive sh -c "git config --local --name-only --get-regexp 'core\.sshCommand' && git config --local --unset-all 'core.sshCommand' || :"
2026-09-15T14:58:13.7643967Z [command]/usr/bin/git config --local --name-only --get-regexp http\.https\:\/\/github\.com\/\.extraheader
2026-09-15T14:58:13.7688228Z [command]/usr/bin/git submodule foreach --recursive sh -c "git config --local --name-only --get-regexp 'http\.https\:\/\/github\.com\/\.extraheader' && git config --local --unset-all 'http.https://github.com/.extraheader' || :"
2026-09-15T14:58:13.7932035Z [command]/usr/bin/git config --local --name-only --get-regexp ^includeIf\.gitdir:
2026-09-15T14:58:13.7959239Z [command]/usr/bin/git submodule foreach --recursive git config --local --show-origin --name-only --get-regexp remote.origin.url
2026-09-15T14:58:13.8306162Z Node 20 is being deprecated. This workflow is running with Node 24 by default. If you need to temporarily use Node 20, you can set the ACTIONS_ALLOW_USE_UNSECURE_NODE_VERSION=true environment variable. For more information see: https://github.blog/changelog/2025-09-19-deprecation-of-node-20-on-github-actions-runners/
2026-09-15T14:58:13.8307154Z Post job cleanup.
2026-09-15T14:58:13.9031992Z [command]/usr/bin/git version
2026-09-15T14:58:13.9067681Z git version 2.55.0
2026-09-15T14:58:13.9095419Z Temporarily overriding HOME='/home/runner/work/_temp/d346ea99-69e5-43f2-95c0-ee36c7cb6ab1' before making global git config changes
2026-09-15T14:58:13.9096747Z Adding repository directory to the temporary git global config as a safe directory
2026-09-15T14:58:13.9099756Z [command]/usr/bin/git config --global --add safe.directory /home/runner/work/revealline/revealline/source
2026-09-15T14:58:13.9129631Z [command]/usr/bin/git config --local --name-only --get-regexp core\.sshCommand
2026-09-15T14:58:13.9157650Z [command]/usr/bin/git submodule foreach --recursive sh -c "git config --local --name-only --get-regexp 'core\.sshCommand' && git config --local --unset-all 'core.sshCommand' || :"
2026-09-15T14:58:13.9368429Z [command]/usr/bin/git config --local --name-only --get-regexp http\.https\:\/\/github\.com\/\.extraheader
2026-09-15T14:58:13.9391040Z http.https://github.com/.extraheader
2026-09-15T14:58:13.9400216Z [command]/usr/bin/git config --local --unset-all http.https://github.com/.extraheader
2026-09-15T14:58:13.9428369Z [command]/usr/bin/git submodule foreach --recursive sh -c "git config --local --name-only --get-regexp 'http\.https\:\/\/github\.com\/\.extraheader' && git config --local --unset-all 'http.https://github.com/.extraheader' || :"
2026-09-15T14:58:13.9649415Z [command]/usr/bin/git config --local --name-only --get-regexp ^includeIf\.gitdir:
2026-09-15T14:58:13.9690615Z [command]/usr/bin/git submodule foreach --recursive git config --local --show-origin --name-only --get-regexp remote.origin.url
2026-09-15T14:58:14.0025043Z Cleaning up orphan processes
2026-09-15T14:58:14.0277404Z ##[warning]Node.js 20 is deprecated. The following actions target Node.js 20 but are being forced to run on Node.js 24: actions/checkout@v4, actions/setup-node@v4. For more information see: https://github.blog/changelog/2025-09-19-deprecation-of-node-20-on-github-actions-runners/
