2026-09-21T01:41:51.8538004Z Current runner version: '2.337.0'
2026-09-21T01:41:51.8563392Z ##[group]Runner Image Provisioner
2026-09-21T01:41:51.8564463Z Hosted Compute Agent
2026-09-21T01:41:51.8565105Z Version: 20260828.587
2026-09-21T01:41:51.8565862Z Commit: abac92662cab4cc7352de4f9f9d2e2419aad9c29
2026-09-21T01:41:51.8566642Z Build Date: 2026-08-28T16:44:25Z
2026-09-21T01:41:51.8567383Z Worker ID: {ba05818c-557e-41d4-88fd-f3696553c12c}
2026-09-21T01:41:51.8568194Z Azure Region: eastus
2026-09-21T01:41:51.8568785Z ##[endgroup]
2026-09-21T01:41:51.8570375Z ##[group]Operating System
2026-09-21T01:41:51.8571050Z Ubuntu
2026-09-21T01:41:51.8571668Z 24.04.5
2026-09-21T01:41:51.8572196Z LTS
2026-09-21T01:41:51.8572706Z ##[endgroup]
2026-09-21T01:41:51.8573298Z ##[group]Runner Image
2026-09-21T01:41:51.8574095Z Image: ubuntu-24.04
2026-09-21T01:41:51.8574725Z Version: 20260907.300.1
2026-09-21T01:41:51.8576047Z Included Software: https://github.com/actions/runner-images/blob/ubuntu24/20260907.300/images/ubuntu/Ubuntu2404-Readme.md
2026-09-21T01:41:51.8577671Z Image Release: https://github.com/actions/runner-images/releases/tag/ubuntu24%2F20260907.300
2026-09-21T01:41:51.8578689Z ##[endgroup]
2026-09-21T01:41:51.8580018Z ##[group]GITHUB_TOKEN Permissions
2026-09-21T01:41:51.8582172Z Contents: read
2026-09-21T01:41:51.8582889Z Metadata: read
2026-09-21T01:41:51.8583457Z ##[endgroup]
2026-09-21T01:41:51.8585947Z Secret source: Actions
2026-09-21T01:41:51.8587289Z Cache mode: write
2026-09-21T01:41:51.8588014Z Prepare workflow directory
2026-09-21T01:41:51.9103570Z Prepare all required actions
2026-09-21T01:41:51.9152444Z Getting action download info
2026-09-21T01:41:52.1609459Z Download action repository 'actions/checkout@v4' (SHA:11d5960a326750d5838078e36cf38b85af677262)
2026-09-21T01:41:52.2954329Z Download action repository 'actions/setup-node@v4' (SHA:49933ea5288caeca8642d1e84afbd3f7d6820020)
2026-09-21T01:41:52.4919601Z Complete job name: test (3)
2026-09-21T01:41:52.5617197Z Node 20 is being deprecated. This workflow is running with Node 24 by default. If you need to temporarily use Node 20, you can set the ACTIONS_ALLOW_USE_UNSECURE_NODE_VERSION=true environment variable. For more information see: https://github.blog/changelog/2025-09-19-deprecation-of-node-20-on-github-actions-runners/
2026-09-21T01:41:52.5626065Z ##[group]Run actions/checkout@v4
2026-09-21T01:41:52.5626824Z with:
2026-09-21T01:41:52.5627257Z   fetch-depth: 1
2026-09-21T01:41:52.5627757Z   ref: 2248f7f35ac5ad75b8bdff5aaa66ca45417180be
2026-09-21T01:41:52.5628356Z   path: source
2026-09-21T01:41:52.5628818Z   repository: mekhovov/revealline
2026-09-21T01:41:52.5632568Z   token: ***
2026-09-21T01:41:52.5633016Z   ssh-strict: true
2026-09-21T01:41:52.5633460Z   ssh-user: git
2026-09-21T01:41:52.5634131Z   persist-credentials: true
2026-09-21T01:41:52.5634636Z   clean: true
2026-09-21T01:41:52.5635092Z   sparse-checkout-cone-mode: true
2026-09-21T01:41:52.5635631Z   fetch-tags: false
2026-09-21T01:41:52.5636114Z   show-progress: true
2026-09-21T01:41:52.5636580Z   lfs: false
2026-09-21T01:41:52.5637006Z   submodules: false
2026-09-21T01:41:52.5637456Z   set-safe-directory: true
2026-09-21T01:41:52.5637963Z   allow-unsafe-pr-checkout: false
2026-09-21T01:41:52.5638745Z env:
2026-09-21T01:41:52.5639286Z   EXPECTED_SOURCE: 2248f7f35ac5ad75b8bdff5aaa66ca45417180be
2026-09-21T01:41:52.5639934Z ##[endgroup]
2026-09-21T01:41:52.6698435Z Syncing repository: mekhovov/revealline
2026-09-21T01:41:52.6701009Z ##[group]Getting Git version info
2026-09-21T01:41:52.6702242Z Working directory is '/home/runner/work/revealline/revealline/source'
2026-09-21T01:41:52.6704234Z [command]/usr/bin/git version
2026-09-21T01:41:52.6773402Z git version 2.55.0
2026-09-21T01:41:52.6797454Z ##[endgroup]
2026-09-21T01:41:52.6813050Z Temporarily overriding HOME='/home/runner/work/_temp/483e1f48-6881-4a25-8571-d1934224c7ba' before making global git config changes
2026-09-21T01:41:52.6815718Z Adding repository directory to the temporary git global config as a safe directory
2026-09-21T01:41:52.6819784Z [command]/usr/bin/git config --global --add safe.directory /home/runner/work/revealline/revealline/source
2026-09-21T01:41:52.6879184Z ##[group]Initializing the repository
2026-09-21T01:41:52.6884668Z [command]/usr/bin/git init /home/runner/work/revealline/revealline/source
2026-09-21T01:41:52.7025943Z hint: Using 'master' as the name for the initial branch. This default branch name
2026-09-21T01:41:52.7028254Z hint: will change to "main" in Git 3.0. To configure the initial branch name
2026-09-21T01:41:52.7030972Z hint: to use in all of your new repositories, which will suppress this warning,
2026-09-21T01:41:52.7032453Z hint: call:
2026-09-21T01:41:52.7033538Z hint:
2026-09-21T01:41:52.7034690Z hint: 	git config --global init.defaultBranch <name>
2026-09-21T01:41:52.7036027Z hint:
2026-09-21T01:41:52.7036787Z hint: Names commonly chosen instead of 'master' are 'main', 'trunk' and
2026-09-21T01:41:52.7037773Z hint: 'development'. The just-created branch can be renamed via this command:
2026-09-21T01:41:52.7038528Z hint:
2026-09-21T01:41:52.7038978Z hint: 	git branch -m <name>
2026-09-21T01:41:52.7039463Z hint:
2026-09-21T01:41:52.7040103Z hint: Disable this message with "git config set advice.defaultBranchName false"
2026-09-21T01:41:52.7041193Z Initialized empty Git repository in /home/runner/work/revealline/revealline/source/.git/
2026-09-21T01:41:52.7042985Z [command]/usr/bin/git remote add origin https://github.com/mekhovov/revealline
2026-09-21T01:41:52.7086091Z ##[endgroup]
2026-09-21T01:41:52.7087445Z ##[group]Disabling automatic garbage collection
2026-09-21T01:41:52.7093323Z [command]/usr/bin/git config --local gc.auto 0
2026-09-21T01:41:52.7122511Z ##[endgroup]
2026-09-21T01:41:52.7124151Z ##[group]Setting up auth
2026-09-21T01:41:52.7129664Z [command]/usr/bin/git config --local --name-only --get-regexp core\.sshCommand
2026-09-21T01:41:52.7167715Z [command]/usr/bin/git submodule foreach --recursive sh -c "git config --local --name-only --get-regexp 'core\.sshCommand' && git config --local --unset-all 'core.sshCommand' || :"
2026-09-21T01:41:52.7560998Z [command]/usr/bin/git config --local --name-only --get-regexp http\.https\:\/\/github\.com\/\.extraheader
2026-09-21T01:41:52.7604142Z [command]/usr/bin/git submodule foreach --recursive sh -c "git config --local --name-only --get-regexp 'http\.https\:\/\/github\.com\/\.extraheader' && git config --local --unset-all 'http.https://github.com/.extraheader' || :"
2026-09-21T01:41:52.7839718Z [command]/usr/bin/git config --local --name-only --get-regexp ^includeIf\.gitdir:
2026-09-21T01:41:52.7876934Z [command]/usr/bin/git submodule foreach --recursive git config --local --show-origin --name-only --get-regexp remote.origin.url
2026-09-21T01:41:52.8101565Z [command]/usr/bin/git config --local http.https://github.com/.extraheader AUTHORIZATION: basic ***
2026-09-21T01:41:52.8139622Z ##[endgroup]
2026-09-21T01:41:52.8140444Z ##[group]Fetching the repository
2026-09-21T01:41:52.8149291Z [command]/usr/bin/git -c protocol.version=2 fetch --no-tags --prune --no-recurse-submodules --depth=1 origin 2248f7f35ac5ad75b8bdff5aaa66ca45417180be
2026-09-21T01:42:16.1865556Z From https://github.com/mekhovov/revealline
2026-09-21T01:42:16.1866789Z  * branch            2248f7f35ac5ad75b8bdff5aaa66ca45417180be -> FETCH_HEAD
2026-09-21T01:42:16.1870292Z ##[endgroup]
2026-09-21T01:42:16.1870809Z ##[group]Determining the checkout info
2026-09-21T01:42:16.1872972Z ##[endgroup]
2026-09-21T01:42:16.1879126Z [command]/usr/bin/git sparse-checkout disable
2026-09-21T01:42:16.1941228Z [command]/usr/bin/git config --local --unset-all extensions.worktreeConfig
2026-09-21T01:42:16.1971665Z ##[group]Checking out the ref
2026-09-21T01:42:16.1975781Z [command]/usr/bin/git checkout --progress --force 2248f7f35ac5ad75b8bdff5aaa66ca45417180be
2026-09-21T01:42:17.2695848Z Updating files:   8% (1302/15236)
2026-09-21T01:42:17.2873485Z Updating files:   9% (1372/15236)
2026-09-21T01:42:17.3025659Z Updating files:  10% (1524/15236)
2026-09-21T01:42:17.3247459Z Updating files:  11% (1676/15236)
2026-09-21T01:42:17.3441691Z Updating files:  12% (1829/15236)
2026-09-21T01:42:17.3560906Z Updating files:  13% (1981/15236)
2026-09-21T01:42:17.3742965Z Updating files:  14% (2134/15236)
2026-09-21T01:42:17.3944285Z Updating files:  15% (2286/15236)
2026-09-21T01:42:17.4064243Z Updating files:  16% (2438/15236)
2026-09-21T01:42:17.4271061Z Updating files:  17% (2591/15236)
2026-09-21T01:42:17.4511085Z Updating files:  18% (2743/15236)
2026-09-21T01:42:17.4867005Z Updating files:  19% (2895/15236)
2026-09-21T01:42:17.5334130Z Updating files:  20% (3048/15236)
2026-09-21T01:42:17.5518049Z Updating files:  21% (3200/15236)
2026-09-21T01:42:17.5632990Z Updating files:  22% (3352/15236)
2026-09-21T01:42:17.5730400Z Updating files:  23% (3505/15236)
2026-09-21T01:42:17.5909423Z Updating files:  24% (3657/15236)
2026-09-21T01:42:17.6067463Z Updating files:  25% (3809/15236)
2026-09-21T01:42:17.6199718Z Updating files:  26% (3962/15236)
2026-09-21T01:42:17.6482022Z Updating files:  27% (4114/15236)
2026-09-21T01:42:17.6658632Z Updating files:  28% (4267/15236)
2026-09-21T01:42:17.6847613Z Updating files:  29% (4419/15236)
2026-09-21T01:42:17.6995573Z Updating files:  30% (4571/15236)
2026-09-21T01:42:17.7195544Z Updating files:  31% (4724/15236)
2026-09-21T01:42:17.7461432Z Updating files:  32% (4876/15236)
2026-09-21T01:42:17.7588105Z Updating files:  33% (5028/15236)
2026-09-21T01:42:17.7678031Z Updating files:  34% (5181/15236)
2026-09-21T01:42:17.7881338Z Updating files:  35% (5333/15236)
2026-09-21T01:42:17.7998975Z Updating files:  36% (5485/15236)
2026-09-21T01:42:17.8077467Z Updating files:  37% (5638/15236)
2026-09-21T01:42:17.8241672Z Updating files:  38% (5790/15236)
2026-09-21T01:42:17.8337350Z Updating files:  39% (5943/15236)
2026-09-21T01:42:17.8535521Z Updating files:  40% (6095/15236)
2026-09-21T01:42:17.8991209Z Updating files:  41% (6247/15236)
2026-09-21T01:42:17.9298914Z Updating files:  42% (6400/15236)
2026-09-21T01:42:17.9798915Z Updating files:  43% (6552/15236)
2026-09-21T01:42:18.0025131Z Updating files:  44% (6704/15236)
2026-09-21T01:42:18.0296289Z Updating files:  45% (6857/15236)
2026-09-21T01:42:18.0595038Z Updating files:  46% (7009/15236)
2026-09-21T01:42:18.1040835Z Updating files:  47% (7161/15236)
2026-09-21T01:42:18.1138440Z Updating files:  48% (7314/15236)
2026-09-21T01:42:18.1242092Z Updating files:  49% (7466/15236)
2026-09-21T01:42:18.2190434Z Updating files:  50% (7618/15236)
2026-09-21T01:42:18.2506012Z Updating files:  50% (7697/15236)
2026-09-21T01:42:18.5115751Z Updating files:  51% (7771/15236)
2026-09-21T01:42:18.5399669Z Updating files:  52% (7923/15236)
2026-09-21T01:42:18.5525279Z Updating files:  53% (8076/15236)
2026-09-21T01:42:18.5653885Z Updating files:  54% (8228/15236)
2026-09-21T01:42:18.5817686Z Updating files:  55% (8380/15236)
2026-09-21T01:42:18.5950028Z Updating files:  56% (8533/15236)
2026-09-21T01:42:18.6069441Z Updating files:  57% (8685/15236)
2026-09-21T01:42:18.6190137Z Updating files:  58% (8837/15236)
2026-09-21T01:42:18.6520020Z Updating files:  59% (8990/15236)
2026-09-21T01:42:18.6816509Z Updating files:  60% (9142/15236)
2026-09-21T01:42:18.6978591Z Updating files:  61% (9294/15236)
2026-09-21T01:42:18.7169588Z Updating files:  62% (9447/15236)
2026-09-21T01:42:18.7286104Z Updating files:  63% (9599/15236)
2026-09-21T01:42:18.7621897Z Updating files:  64% (9752/15236)
2026-09-21T01:42:18.8280692Z Updating files:  65% (9904/15236)
2026-09-21T01:42:18.8391997Z Updating files:  66% (10056/15236)
2026-09-21T01:42:18.8506167Z Updating files:  67% (10209/15236)
2026-09-21T01:42:18.8657753Z Updating files:  68% (10361/15236)
2026-09-21T01:42:18.8776297Z Updating files:  69% (10513/15236)
2026-09-21T01:42:18.8917872Z Updating files:  70% (10666/15236)
2026-09-21T01:42:18.8986929Z Updating files:  71% (10818/15236)
2026-09-21T01:42:18.9471377Z Updating files:  72% (10970/15236)
2026-09-21T01:42:18.9841215Z Updating files:  73% (11123/15236)
2026-09-21T01:42:18.9961319Z Updating files:  74% (11275/15236)
2026-09-21T01:42:19.0111686Z Updating files:  75% (11427/15236)
2026-09-21T01:42:19.0251582Z Updating files:  76% (11580/15236)
2026-09-21T01:42:19.0316943Z Updating files:  77% (11732/15236)
2026-09-21T01:42:19.0444108Z Updating files:  78% (11885/15236)
2026-09-21T01:42:19.0600269Z Updating files:  79% (12037/15236)
2026-09-21T01:42:19.0675351Z Updating files:  80% (12189/15236)
2026-09-21T01:42:19.0925604Z Updating files:  81% (12342/15236)
2026-09-21T01:42:19.0998912Z Updating files:  82% (12494/15236)
2026-09-21T01:42:19.1407509Z Updating files:  83% (12646/15236)
2026-09-21T01:42:19.1674076Z Updating files:  84% (12799/15236)
2026-09-21T01:42:19.1867607Z Updating files:  85% (12951/15236)
2026-09-21T01:42:19.1929006Z Updating files:  86% (13103/15236)
2026-09-21T01:42:19.2161697Z Updating files:  87% (13256/15236)
2026-09-21T01:42:19.2216852Z Updating files:  87% (13364/15236)
2026-09-21T01:42:19.2523057Z Updating files:  88% (13408/15236)
2026-09-21T01:42:19.2701068Z Updating files:  89% (13561/15236)
2026-09-21T01:42:19.2988577Z Updating files:  90% (13713/15236)
2026-09-21T01:42:19.3175350Z Updating files:  91% (13865/15236)
2026-09-21T01:42:19.3531332Z Updating files:  92% (14018/15236)
2026-09-21T01:42:19.4012446Z Updating files:  93% (14170/15236)
2026-09-21T01:42:19.4239675Z Updating files:  94% (14322/15236)
2026-09-21T01:42:19.4430435Z Updating files:  95% (14475/15236)
2026-09-21T01:42:19.4624775Z Updating files:  96% (14627/15236)
2026-09-21T01:42:19.4717142Z Updating files:  97% (14779/15236)
2026-09-21T01:42:19.4847582Z Updating files:  98% (14932/15236)
2026-09-21T01:42:19.4969205Z Updating files:  99% (15084/15236)
2026-09-21T01:42:19.4970140Z Updating files: 100% (15236/15236)
2026-09-21T01:42:19.4970788Z Updating files: 100% (15236/15236), done.
2026-09-21T01:42:19.5139180Z Note: switching to '2248f7f35ac5ad75b8bdff5aaa66ca45417180be'.
2026-09-21T01:42:19.5139515Z 
2026-09-21T01:42:19.5139720Z You are in 'detached HEAD' state. You can look around, make experimental
2026-09-21T01:42:19.5140665Z changes and commit them, and you can discard any commits you make in this
2026-09-21T01:42:19.5141619Z state without impacting any branches by switching back to a branch.
2026-09-21T01:42:19.5142108Z 
2026-09-21T01:42:19.5142439Z If you want to create a new branch to retain commits you create, you may
2026-09-21T01:42:19.5143221Z do so (now or later) by using -c with the switch command. Example:
2026-09-21T01:42:19.5143669Z 
2026-09-21T01:42:19.5144110Z   git switch -c <new-branch-name>
2026-09-21T01:42:19.5144411Z 
2026-09-21T01:42:19.5144566Z Or undo this operation with:
2026-09-21T01:42:19.5144830Z 
2026-09-21T01:42:19.5144964Z   git switch -
2026-09-21T01:42:19.5145183Z 
2026-09-21T01:42:19.5145528Z Turn off this advice by setting config variable advice.detachedHead to false
2026-09-21T01:42:19.5146041Z 
2026-09-21T01:42:19.5146425Z HEAD is now at 2248f7f docs(audio): retain v0.76.1 rebase review and superseded checks
2026-09-21T01:42:19.5316221Z ##[endgroup]
2026-09-21T01:42:19.5373403Z [command]/usr/bin/git log -1 --format=%H
2026-09-21T01:42:19.5403041Z 2248f7f35ac5ad75b8bdff5aaa66ca45417180be
2026-09-21T01:42:19.5664637Z Node 20 is being deprecated. This workflow is running with Node 24 by default. If you need to temporarily use Node 20, you can set the ACTIONS_ALLOW_USE_UNSECURE_NODE_VERSION=true environment variable. For more information see: https://github.blog/changelog/2025-09-19-deprecation-of-node-20-on-github-actions-runners/
2026-09-21T01:42:19.5666364Z ##[group]Run actions/checkout@v4
2026-09-21T01:42:19.5666612Z with:
2026-09-21T01:42:19.5666840Z   ref: 33e8f7f468bf8683c2a825fecd0b370417f33536
2026-09-21T01:42:19.5667149Z   path: automation
2026-09-21T01:42:19.5667356Z   fetch-depth: 1
2026-09-21T01:42:19.5667568Z   persist-credentials: false
2026-09-21T01:42:19.5667959Z   sparse-checkout: scripts/run-test-shard.mjs
scripts/check-source-identity.mjs

2026-09-21T01:42:19.5668400Z   sparse-checkout-cone-mode: false
2026-09-21T01:42:19.5668674Z   repository: mekhovov/revealline
2026-09-21T01:42:19.5671098Z   token: ***
2026-09-21T01:42:19.5671306Z   ssh-strict: true
2026-09-21T01:42:19.5671747Z   ssh-user: git
2026-09-21T01:42:19.5671940Z   clean: true
2026-09-21T01:42:19.5672135Z   fetch-tags: false
2026-09-21T01:42:19.5672345Z   show-progress: true
2026-09-21T01:42:19.5672558Z   lfs: false
2026-09-21T01:42:19.5672749Z   submodules: false
2026-09-21T01:42:19.5672961Z   set-safe-directory: true
2026-09-21T01:42:19.5673214Z   allow-unsafe-pr-checkout: false
2026-09-21T01:42:19.5673465Z env:
2026-09-21T01:42:19.5673892Z   EXPECTED_SOURCE: 2248f7f35ac5ad75b8bdff5aaa66ca45417180be
2026-09-21T01:42:19.5674231Z ##[endgroup]
2026-09-21T01:42:19.6526194Z Syncing repository: mekhovov/revealline
2026-09-21T01:42:19.6544785Z ##[group]Getting Git version info
2026-09-21T01:42:19.6545464Z Working directory is '/home/runner/work/revealline/revealline/automation'
2026-09-21T01:42:19.6578841Z [command]/usr/bin/git version
2026-09-21T01:42:19.6622141Z git version 2.55.0
2026-09-21T01:42:19.6642913Z ##[endgroup]
2026-09-21T01:42:19.6658610Z Temporarily overriding HOME='/home/runner/work/_temp/cd5e5592-3b0e-4f4f-82cb-6bdc5e582fc4' before making global git config changes
2026-09-21T01:42:19.6660001Z Adding repository directory to the temporary git global config as a safe directory
2026-09-21T01:42:19.6663378Z [command]/usr/bin/git config --global --add safe.directory /home/runner/work/revealline/revealline/automation
2026-09-21T01:42:19.6701582Z ##[group]Initializing the repository
2026-09-21T01:42:19.6706438Z [command]/usr/bin/git init /home/runner/work/revealline/revealline/automation
2026-09-21T01:42:19.6748832Z hint: Using 'master' as the name for the initial branch. This default branch name
2026-09-21T01:42:19.6749923Z hint: will change to "main" in Git 3.0. To configure the initial branch name
2026-09-21T01:42:19.6751094Z hint: to use in all of your new repositories, which will suppress this warning,
2026-09-21T01:42:19.6751950Z hint: call:
2026-09-21T01:42:19.6752426Z hint:
2026-09-21T01:42:19.6753023Z hint: 	git config --global init.defaultBranch <name>
2026-09-21T01:42:19.6753950Z hint:
2026-09-21T01:42:19.6754730Z hint: Names commonly chosen instead of 'master' are 'main', 'trunk' and
2026-09-21T01:42:19.6755759Z hint: 'development'. The just-created branch can be renamed via this command:
2026-09-21T01:42:19.6756585Z hint:
2026-09-21T01:42:19.6757090Z hint: 	git branch -m <name>
2026-09-21T01:42:19.6757659Z hint:
2026-09-21T01:42:19.6758382Z hint: Disable this message with "git config set advice.defaultBranchName false"
2026-09-21T01:42:19.6759637Z Initialized empty Git repository in /home/runner/work/revealline/revealline/automation/.git/
2026-09-21T01:42:19.6762581Z [command]/usr/bin/git remote add origin https://github.com/mekhovov/revealline
2026-09-21T01:42:19.6800588Z ##[endgroup]
2026-09-21T01:42:19.6801275Z ##[group]Disabling automatic garbage collection
2026-09-21T01:42:19.6804873Z [command]/usr/bin/git config --local gc.auto 0
2026-09-21T01:42:19.6838489Z ##[endgroup]
2026-09-21T01:42:19.6839057Z ##[group]Setting up auth
2026-09-21T01:42:19.6846031Z [command]/usr/bin/git config --local --name-only --get-regexp core\.sshCommand
2026-09-21T01:42:19.6882864Z [command]/usr/bin/git submodule foreach --recursive sh -c "git config --local --name-only --get-regexp 'core\.sshCommand' && git config --local --unset-all 'core.sshCommand' || :"
2026-09-21T01:42:19.7156418Z [command]/usr/bin/git config --local --name-only --get-regexp http\.https\:\/\/github\.com\/\.extraheader
2026-09-21T01:42:19.7195419Z [command]/usr/bin/git submodule foreach --recursive sh -c "git config --local --name-only --get-regexp 'http\.https\:\/\/github\.com\/\.extraheader' && git config --local --unset-all 'http.https://github.com/.extraheader' || :"
2026-09-21T01:42:19.7447090Z [command]/usr/bin/git config --local --name-only --get-regexp ^includeIf\.gitdir:
2026-09-21T01:42:19.7497384Z [command]/usr/bin/git submodule foreach --recursive git config --local --show-origin --name-only --get-regexp remote.origin.url
2026-09-21T01:42:19.7756313Z [command]/usr/bin/git config --local http.https://github.com/.extraheader AUTHORIZATION: basic ***
2026-09-21T01:42:19.7799776Z ##[endgroup]
2026-09-21T01:42:19.7800927Z ##[group]Fetching the repository
2026-09-21T01:42:19.7811017Z [command]/usr/bin/git -c protocol.version=2 fetch --no-tags --prune --no-recurse-submodules --filter=blob:none --depth=1 origin 33e8f7f468bf8683c2a825fecd0b370417f33536
2026-09-21T01:42:20.3326678Z From https://github.com/mekhovov/revealline
2026-09-21T01:42:20.3327162Z  * branch            33e8f7f468bf8683c2a825fecd0b370417f33536 -> FETCH_HEAD
2026-09-21T01:42:20.3333372Z ##[endgroup]
2026-09-21T01:42:20.3334426Z ##[group]Determining the checkout info
2026-09-21T01:42:20.3336127Z ##[endgroup]
2026-09-21T01:42:20.3336797Z ##[group]Setting up sparse checkout
2026-09-21T01:42:20.3342222Z [command]/usr/bin/git config core.sparseCheckout true
2026-09-21T01:42:20.3390360Z [command]/usr/bin/git rev-parse --git-path info/sparse-checkout
2026-09-21T01:42:20.3415411Z .git/info/sparse-checkout
2026-09-21T01:42:20.3423297Z ##[endgroup]
2026-09-21T01:42:20.3424420Z ##[group]Checking out the ref
2026-09-21T01:42:20.3427968Z [command]/usr/bin/git checkout --progress --force 33e8f7f468bf8683c2a825fecd0b370417f33536
2026-09-21T01:42:20.7421705Z Note: switching to '33e8f7f468bf8683c2a825fecd0b370417f33536'.
2026-09-21T01:42:20.7422162Z 
2026-09-21T01:42:20.7422449Z You are in 'detached HEAD' state. You can look around, make experimental
2026-09-21T01:42:20.7423268Z changes and commit them, and you can discard any commits you make in this
2026-09-21T01:42:20.7424205Z state without impacting any branches by switching back to a branch.
2026-09-21T01:42:20.7424675Z 
2026-09-21T01:42:20.7425408Z If you want to create a new branch to retain commits you create, you may
2026-09-21T01:42:20.7426376Z do so (now or later) by using -c with the switch command. Example:
2026-09-21T01:42:20.7426740Z 
2026-09-21T01:42:20.7426961Z   git switch -c <new-branch-name>
2026-09-21T01:42:20.7427300Z 
2026-09-21T01:42:20.7427527Z Or undo this operation with:
2026-09-21T01:42:20.7427900Z 
2026-09-21T01:42:20.7428144Z   git switch -
2026-09-21T01:42:20.7428384Z 
2026-09-21T01:42:20.7428935Z Turn off this advice by setting config variable advice.detachedHead to false
2026-09-21T01:42:20.7429697Z 
2026-09-21T01:42:20.7430415Z HEAD is now at 33e8f7f Merge 2248f7f35ac5ad75b8bdff5aaa66ca45417180be into 3e1c4ec8740a117f56dd91faa4f0dc4978282a19
2026-09-21T01:42:20.7433455Z ##[endgroup]
2026-09-21T01:42:20.7477270Z [command]/usr/bin/git log -1 --format=%H
2026-09-21T01:42:20.7505570Z 33e8f7f468bf8683c2a825fecd0b370417f33536
2026-09-21T01:42:20.7515854Z ##[group]Removing auth
2026-09-21T01:42:20.7519596Z [command]/usr/bin/git config --local --name-only --get-regexp core\.sshCommand
2026-09-21T01:42:20.7552242Z [command]/usr/bin/git submodule foreach --recursive sh -c "git config --local --name-only --get-regexp 'core\.sshCommand' && git config --local --unset-all 'core.sshCommand' || :"
2026-09-21T01:42:20.7797277Z [command]/usr/bin/git config --local --name-only --get-regexp http\.https\:\/\/github\.com\/\.extraheader
2026-09-21T01:42:20.7830621Z http.https://github.com/.extraheader
2026-09-21T01:42:20.7839365Z [command]/usr/bin/git config --local --unset-all http.https://github.com/.extraheader
2026-09-21T01:42:20.7874575Z [command]/usr/bin/git submodule foreach --recursive sh -c "git config --local --name-only --get-regexp 'http\.https\:\/\/github\.com\/\.extraheader' && git config --local --unset-all 'http.https://github.com/.extraheader' || :"
2026-09-21T01:42:20.8117982Z [command]/usr/bin/git config --local --name-only --get-regexp ^includeIf\.gitdir:
2026-09-21T01:42:20.8152146Z [command]/usr/bin/git submodule foreach --recursive git config --local --show-origin --name-only --get-regexp remote.origin.url
2026-09-21T01:42:20.8391438Z ##[endgroup]
2026-09-21T01:42:20.8568164Z Node 20 is being deprecated. This workflow is running with Node 24 by default. If you need to temporarily use Node 20, you can set the ACTIONS_ALLOW_USE_UNSECURE_NODE_VERSION=true environment variable. For more information see: https://github.blog/changelog/2025-09-19-deprecation-of-node-20-on-github-actions-runners/
2026-09-21T01:42:20.8569615Z ##[group]Run actions/setup-node@v4
2026-09-21T01:42:20.8569871Z with:
2026-09-21T01:42:20.8570086Z   node-version: 20.19.x
2026-09-21T01:42:20.8570304Z   cache: npm
2026-09-21T01:42:20.8570557Z   cache-dependency-path: source/package-lock.json
2026-09-21T01:42:20.8570869Z   always-auth: false
2026-09-21T01:42:20.8571096Z   check-latest: false
2026-09-21T01:42:20.8573473Z   token: ***
2026-09-21T01:42:20.8573670Z env:
2026-09-21T01:42:20.8574166Z   EXPECTED_SOURCE: 2248f7f35ac5ad75b8bdff5aaa66ca45417180be
2026-09-21T01:42:20.8574502Z ##[endgroup]
2026-09-21T01:42:21.0006661Z Attempting to download 20.19.x...
2026-09-21T01:42:21.0117045Z (node:2614) [DEP0040] DeprecationWarning: The `punycode` module is deprecated. Please use a userland alternative instead.
2026-09-21T01:42:21.0118358Z (Use `node --trace-deprecation ...` to show where the warning was created)
2026-09-21T01:42:21.4807848Z Acquiring 20.19.6 - x64 from https://github.com/actions/node-versions/releases/download/20.19.6-19690675733/node-20.19.6-linux-x64.tar.gz
2026-09-21T01:42:21.9694064Z Extracting ...
2026-09-21T01:42:21.9817280Z [command]/usr/bin/tar xz --strip 1 --warning=no-unknown-keyword --overwrite -C /home/runner/work/_temp/c70d753f-c781-4baf-a186-7d5f706fb2d7 -f /home/runner/work/_temp/37148536-b17a-4e25-9333-b0048fb639c2
2026-09-21T01:42:23.0116732Z Adding to the cache ...
2026-09-21T01:42:25.1456501Z ##[group]Environment details
2026-09-21T01:42:25.3673506Z node: v20.19.6
2026-09-21T01:42:25.3674166Z npm: 10.8.2
2026-09-21T01:42:25.3674479Z yarn: 1.22.22
2026-09-21T01:42:25.3675153Z ##[endgroup]
2026-09-21T01:42:25.3697751Z [command]/opt/hostedtoolcache/node/20.19.6/x64/bin/npm config get cache
2026-09-21T01:42:25.4730405Z /home/runner/.npm
2026-09-21T01:42:25.5326901Z Cache hit for: node-cache-Linux-x64-npm-dc02a5b86ee3a7a28c4ec39003385323f1f2d0ec2a337dacc37a154f9b61c46f
2026-09-21T01:42:25.5452775Z (node:2614) [DEP0169] DeprecationWarning: `url.parse()` behavior is not standardized and prone to errors that have security implications. Use the WHATWG URL API instead. CVEs are not issued for `url.parse()` vulnerabilities.
2026-09-21T01:42:25.7449182Z Received 24196222 of 24196222 (100.0%), 139.9 MBs/sec
2026-09-21T01:42:25.7449752Z Cache Size: ~23 MB (24196222 B)
2026-09-21T01:42:25.7551601Z [command]/usr/bin/tar -xf /home/runner/work/_temp/059eb2b2-d645-4dce-9186-f0bf07e98f5e/cache.tzst -P -C /home/runner/work/revealline/revealline --use-compress-program unzstd
2026-09-21T01:42:25.8074234Z Cache restored successfully
2026-09-21T01:42:25.8090872Z Cache restored from key: node-cache-Linux-x64-npm-dc02a5b86ee3a7a28c4ec39003385323f1f2d0ec2a337dacc37a154f9b61c46f
2026-09-21T01:42:25.8299001Z ##[group]Run test "$(git rev-parse HEAD)" = "$EXPECTED_SOURCE"
2026-09-21T01:42:25.8299520Z [36;1mtest "$(git rev-parse HEAD)" = "$EXPECTED_SOURCE"[0m
2026-09-21T01:42:25.8299980Z [36;1mnode ../automation/scripts/check-source-identity.mjs --root .[0m
2026-09-21T01:42:25.8344043Z shell: /usr/bin/bash -e {0}
2026-09-21T01:42:25.8344324Z env:
2026-09-21T01:42:25.8344608Z   EXPECTED_SOURCE: 2248f7f35ac5ad75b8bdff5aaa66ca45417180be
2026-09-21T01:42:25.8344964Z ##[endgroup]
2026-09-21T01:42:39.2341364Z {"format":"revealline-source-identity.v1","root":"/home/runner/work/revealline/revealline/source","sourceRevision":"2248f7f35ac5ad75b8bdff5aaa66ca45417180be","sourceTree":"c35503b25fe459a00e41114f33e9479a323c160d","files":15236,"bytes":1375872808,"aggregateSha256":"fe994a6c260fc04ab68275aa7dba09e5e886b935f37e58ade03122d68bcbfa09","aggregateFormat":"UTF-8 path sorted JSONL [path, Git mode, raw content SHA-256]","allTrackedSourceContentsAndModesMatch":true}
2026-09-21T01:42:39.2511448Z ##[group]Run npm ci
2026-09-21T01:42:39.2511920Z [36;1mnpm ci[0m
2026-09-21T01:42:39.2561667Z shell: /usr/bin/bash -e {0}
2026-09-21T01:42:39.2562064Z env:
2026-09-21T01:42:39.2562508Z   EXPECTED_SOURCE: 2248f7f35ac5ad75b8bdff5aaa66ca45417180be
2026-09-21T01:42:39.2563070Z ##[endgroup]
2026-09-21T01:42:41.6356162Z 
2026-09-21T01:42:41.6357132Z added 81 packages, and audited 82 packages in 2s
2026-09-21T01:42:41.6357868Z 
2026-09-21T01:42:41.6358635Z 18 packages are looking for funding
2026-09-21T01:42:41.6359471Z   run `npm fund` for details
2026-09-21T01:42:41.6366713Z 
2026-09-21T01:42:41.6367060Z found 0 vulnerabilities
2026-09-21T01:42:41.6611927Z ##[group]Run mkdir -p .cache
2026-09-21T01:42:41.6612486Z [36;1mmkdir -p .cache[0m
2026-09-21T01:42:41.6613060Z [36;1mnode ../automation/scripts/run-test-shard.mjs --shard 3/4 --root .[0m
2026-09-21T01:42:41.6650781Z shell: /usr/bin/bash -e {0}
2026-09-21T01:42:41.6651046Z env:
2026-09-21T01:42:41.6651328Z   EXPECTED_SOURCE: 2248f7f35ac5ad75b8bdff5aaa66ca45417180be
2026-09-21T01:42:41.6651694Z ##[endgroup]
2026-09-21T01:42:41.7197704Z Running 168/671 test files in shard 3/4.
2026-09-21T01:42:41.7729709Z TAP version 13
2026-09-21T01:42:41.8835460Z # Subtest: authored collection validates against its visual IDs without permitting stats
2026-09-21T01:42:41.8865189Z ok 1 - authored collection validates against its visual IDs without permitting stats
2026-09-21T01:42:41.8894411Z   ---
2026-09-21T01:42:41.8946547Z   duration_ms: 4.795658
2026-09-21T01:42:41.8964509Z   ...
2026-09-21T01:42:41.8985366Z # Subtest: each family starts with an eligible default and unknown contexts use neutral
2026-09-21T01:42:41.8986890Z ok 2 - each family starts with an eligible default and unknown contexts use neutral
2026-09-21T01:42:41.8987848Z   ---
2026-09-21T01:42:41.8988392Z   duration_ms: 6.730038
2026-09-21T01:42:41.8989001Z   ...
2026-09-21T01:42:41.8990110Z # Subtest: locked cards expose unmet alternatives; availability and ownership are distinct
2026-09-21T01:42:41.8991607Z ok 3 - locked cards expose unmet alternatives; availability and ownership are distinct
2026-09-21T01:42:41.8992566Z   ---
2026-09-21T01:42:41.8993142Z   duration_ms: 1.124779
2026-09-21T01:42:41.8993955Z   ...
2026-09-21T01:42:41.8995188Z # Subtest: complete simulated results change only a new profile; all fixtures earn variants without auto-equipping
2026-09-21T01:42:41.8997003Z ok 4 - complete simulated results change only a new profile; all fixtures earn variants without auto-equipping
2026-09-21T01:42:41.8998122Z   ---
2026-09-21T01:42:41.8998708Z   duration_ms: 10.257251
2026-09-21T01:42:41.8999373Z   ...
2026-09-21T01:42:41.9000472Z # Subtest: same event is idempotent and conflicting event or run IDs cannot rewrite a reward
2026-09-21T01:42:41.9002100Z ok 5 - same event is idempotent and conflicting event or run IDs cannot rewrite a reward
2026-09-21T01:42:41.9003119Z   ---
2026-09-21T01:42:41.9003934Z   duration_ms: 0.79876
2026-09-21T01:42:41.9004552Z   ...
2026-09-21T01:42:41.9005497Z # Subtest: event identity ignores object property order and objective-set order
2026-09-21T01:42:41.9006784Z ok 6 - event identity ignores object property order and objective-set order
2026-09-21T01:42:41.9007659Z   ---
2026-09-21T01:42:41.9008188Z   duration_ms: 0.561908
2026-09-21T01:42:41.9008761Z   ...
2026-09-21T01:42:41.9009814Z # Subtest: replays and challenge/map variants of the same level never inflate level counts
2026-09-21T01:42:41.9011293Z ok 7 - replays and challenge/map variants of the same level never inflate level counts
2026-09-21T01:42:41.9012250Z   ---
2026-09-21T01:42:41.9012788Z   duration_ms: 1.758862
2026-09-21T01:42:41.9013376Z   ...
2026-09-21T01:42:41.9014479Z # Subtest: star totals use the best qualifying result of each distinct level
2026-09-21T01:42:41.9015662Z ok 8 - star totals use the best qualifying result of each distinct level
2026-09-21T01:42:41.9016485Z   ---
2026-09-21T01:42:41.9017033Z   duration_ms: 1.925065
2026-09-21T01:42:41.9017605Z   ...
2026-09-21T01:42:41.9018707Z # Subtest: wrong map, missing objective, life loss and a lost run cannot satisfy a clean-map unlock
2026-09-21T01:42:41.9020399Z ok 9 - wrong map, missing objective, life loss and a lost run cannot satisfy a clean-map unlock
2026-09-21T01:42:41.9021477Z   ---
2026-09-21T01:42:41.9022046Z   duration_ms: 3.06527
2026-09-21T01:42:41.9023132Z   ...
2026-09-21T01:42:41.9024367Z # Subtest: distinct-level alternative works without a perfect run or daily grind
2026-09-21T01:42:41.9025781Z ok 10 - distinct-level alternative works without a perfect run or daily grind
2026-09-21T01:42:41.9026766Z   ---
2026-09-21T01:42:41.9027629Z   duration_ms: 0.935175
2026-09-21T01:42:41.9028227Z   ...
2026-09-21T01:42:41.9055082Z # Subtest: AND groups and duration/star predicates require all conditions, while OR remains alternative
2026-09-21T01:42:41.9085002Z ok 11 - AND groups and duration/star predicates require all conditions, while OR remains alternative
2026-09-21T01:42:41.9086154Z   ---
2026-09-21T01:42:41.9098362Z   duration_ms: 1.344268
2026-09-21T01:42:41.9099067Z   ...
2026-09-21T01:42:41.9100042Z # Subtest: equipping rejects locked, wrong-theme and mismatched scope choices
2026-09-21T01:42:41.9101448Z ok 12 - equipping rejects locked, wrong-theme and mismatched scope choices
2026-09-21T01:42:41.9103162Z   ---
2026-09-21T01:42:41.9104142Z   duration_ms: 1.534644
2026-09-21T01:42:41.9104846Z   ...
2026-09-21T01:42:41.9106111Z # Subtest: scope resolution is deterministic: more constraints, then map/level/challenge/case/theme/game
2026-09-21T01:42:41.9107821Z ok 13 - scope resolution is deterministic: more constraints, then map/level/challenge/case/theme/game
2026-09-21T01:42:41.9115750Z   ---
2026-09-21T01:42:41.9116406Z   duration_ms: 6.955839
2026-09-21T01:42:41.9117159Z   ...
2026-09-21T01:42:41.9118375Z # Subtest: removed or locked saved choices fall through safely; unequippable defaults do too
2026-09-21T01:42:41.9119995Z ok 14 - removed or locked saved choices fall through safely; unequippable defaults do too
2026-09-21T01:42:41.9121074Z   ---
2026-09-21T01:42:41.9121678Z   duration_ms: 1.032376
2026-09-21T01:42:41.9122451Z   ...
2026-09-21T01:42:41.9123623Z # Subtest: lab and future game profiles cannot mix reward modes; fixtures never enter game mode
2026-09-21T01:42:41.9125734Z ok 15 - lab and future game profiles cannot mix reward modes; fixtures never enter game mode
2026-09-21T01:42:41.9126704Z   ---
2026-09-21T01:42:41.9127262Z   duration_ms: 0.472311
2026-09-21T01:42:41.9127856Z   ...
2026-09-21T01:42:41.9128985Z # Subtest: valid save round-trips; corruption, foreign identity and unknown versions recover visibly
2026-09-21T01:42:41.9130693Z ok 16 - valid save round-trips; corruption, foreign identity and unknown versions recover visibly
2026-09-21T01:42:41.9131729Z   ---
2026-09-21T01:42:41.9132271Z   duration_ms: 1.457459
2026-09-21T01:42:41.9132851Z   ...
2026-09-21T01:42:41.9134100Z # Subtest: malformed conditions, fallback, scopes and incomplete result events fail closed
2026-09-21T01:42:41.9135551Z ok 17 - malformed conditions, fallback, scopes and incomplete result events fail closed
2026-09-21T01:42:41.9136482Z   ---
2026-09-21T01:42:41.9136995Z   duration_ms: 2.059363
2026-09-21T01:42:41.9137537Z   ...
2026-09-21T01:42:41.9138426Z # Subtest: result arrival order does not change derived ownership or best totals
2026-09-21T01:42:41.9139702Z ok 18 - result arrival order does not change derived ownership or best totals
2026-09-21T01:42:41.9140613Z   ---
2026-09-21T01:42:41.9141123Z   duration_ms: 3.350352
2026-09-21T01:42:41.9141676Z   ...
2026-09-21T01:42:42.0802257Z # Subtest: controller Return is ready before catalogue completion and stays in the same build: https://example.test/revealline/site/about.html
2026-09-21T01:42:42.0865478Z ok 19 - controller Return is ready before catalogue completion and stays in the same build: https://example.test/revealline/site/about.html
2026-09-21T01:42:42.0868380Z   ---
2026-09-21T01:42:42.0899647Z   duration_ms: 243.654855
2026-09-21T01:42:42.0908293Z   ...
2026-09-21T01:42:42.2721171Z # Subtest: controller Return is ready before catalogue completion and stays in the same build: https://example.test/revealline/releases/v0.60.8/site/site/about.html\#versions
2026-09-21T01:42:42.2735851Z ok 20 - controller Return is ready before catalogue completion and stays in the same build: https://example.test/revealline/releases/v0.60.8/site/site/about.html\#versions
2026-09-21T01:42:42.2764516Z   ---
2026-09-21T01:42:42.2794274Z   duration_ms: 203.468037
2026-09-21T01:42:42.2814542Z   ...
2026-09-21T01:42:42.3890580Z # Subtest: controller Return is ready before catalogue completion and stays in the same build: https://mekhovov.github.io/revealline-archive-21/releases/v0.61.3/site/site/about.html
2026-09-21T01:42:42.3893373Z ok 21 - controller Return is ready before catalogue completion and stays in the same build: https://mekhovov.github.io/revealline-archive-21/releases/v0.61.3/site/site/about.html
2026-09-21T01:42:42.3924311Z   ---
2026-09-21T01:42:42.3954334Z   duration_ms: 117.666792
2026-09-21T01:42:42.3973145Z   ...
2026-09-21T01:42:42.4785652Z # Subtest: first controller join establishes visible Return focus before a later Confirm can activate it
2026-09-21T01:42:42.4830770Z ok 22 - first controller join establishes visible Return focus before a later Confirm can activate it
2026-09-21T01:42:42.4831815Z   ---
2026-09-21T01:42:42.4832215Z   duration_ms: 81.203676
2026-09-21T01:42:42.4832651Z   ...
2026-09-21T01:42:42.5508283Z # Subtest: controller join marks a previously focused disclosure without changing or activating it
2026-09-21T01:42:42.5510141Z ok 23 - controller join marks a previously focused disclosure without changing or activating it
2026-09-21T01:42:42.5535013Z   ---
2026-09-21T01:42:42.5564544Z   duration_ms: 77.139583
2026-09-21T01:42:42.5594430Z   ...
2026-09-21T01:42:42.6307194Z # Subtest: held arrival Confirm waits for neutral and join before any page action
2026-09-21T01:42:42.6334856Z ok 24 - held arrival Confirm waits for neutral and join before any page action
2026-09-21T01:42:42.6364454Z   ---
2026-09-21T01:42:42.6365119Z   duration_ms: 84.209675
2026-09-21T01:42:42.6391546Z   ...
2026-09-21T01:42:42.9537925Z # Subtest: D-pad and Confirm operate the real disclosure and preserved-build select without automatic navigation
2026-09-21T01:42:42.9546418Z ok 25 - D-pad and Confirm operate the real disclosure and preserved-build select without automatic navigation
2026-09-21T01:42:42.9547653Z   ---
2026-09-21T01:42:42.9548242Z   duration_ms: 325.132077
2026-09-21T01:42:42.9548864Z   ...
2026-09-21T01:42:43.1285602Z # Subtest: late preserved-build options retire an active edit without moving focus or applying it
2026-09-21T01:42:43.1297211Z ok 26 - late preserved-build options retire an active edit without moving focus or applying it
2026-09-21T01:42:43.1346413Z   ---
2026-09-21T01:42:43.1478628Z   duration_ms: 168.853839
2026-09-21T01:42:43.1532626Z   ...
2026-09-21T01:42:43.4235639Z # Subtest: actual pack catalogue replacement retires its stale select edit and preserves explicit play
2026-09-21T01:42:43.4237547Z ok 27 - actual pack catalogue replacement retires its stale select edit and preserves explicit play
2026-09-21T01:42:43.4258446Z   ---
2026-09-21T01:42:43.4259007Z   duration_ms: 300.452218
2026-09-21T01:42:43.4259555Z   ...
2026-09-21T01:42:43.6270663Z # Subtest: catalogue failure retains Return, disclosure and current-build actions
2026-09-21T01:42:43.6305548Z ok 28 - catalogue failure retains Return, disclosure and current-build actions
2026-09-21T01:42:43.6306551Z   ---
2026-09-21T01:42:43.6307143Z   duration_ms: 200.273476
2026-09-21T01:42:43.6307747Z   ...
2026-09-21T01:42:43.6415477Z # Subtest: catalogue completion keeps a deliberately focused Return and its operation status
2026-09-21T01:42:43.6465551Z ok 29 - catalogue completion keeps a deliberately focused Return and its operation status
2026-09-21T01:42:43.6502975Z   ---
2026-09-21T01:42:43.6524601Z   duration_ms: 15.84277
2026-09-21T01:42:43.6554336Z   ...
2026-09-21T01:42:43.7125974Z # Subtest: native Tab, select arrows and disclosure activation retain defaults; Escape cancels before page Back
2026-09-21T01:42:43.7185046Z ok 30 - native Tab, select arrows and disclosure activation retain defaults; Escape cancels before page Back
2026-09-21T01:42:43.7186134Z   ---
2026-09-21T01:42:43.7186646Z   duration_ms: 65.627653
2026-09-21T01:42:43.7187783Z   ...
2026-09-21T01:42:43.9518162Z # Subtest: keyboard intent retires a controller select draft without committing it
2026-09-21T01:42:43.9590163Z ok 31 - keyboard intent retires a controller select draft without committing it
2026-09-21T01:42:43.9644754Z   ---
2026-09-21T01:42:43.9705396Z   duration_ms: 245.61608
2026-09-21T01:42:43.9714348Z   ...
2026-09-21T01:42:44.1954508Z # Subtest: pointer intent retires a controller select draft without committing it
2026-09-21T01:42:44.1996288Z ok 32 - pointer intent retires a controller select draft without committing it
2026-09-21T01:42:44.1997258Z   ---
2026-09-21T01:42:44.1997876Z   duration_ms: 235.558282
2026-09-21T01:42:44.1998635Z   ...
2026-09-21T01:42:44.4555450Z # Subtest: blur clears edit/input and restoration requires neutral without a duplicate loop
2026-09-21T01:42:44.4571788Z ok 33 - blur clears edit/input and restoration requires neutral without a duplicate loop
2026-09-21T01:42:44.4573079Z   ---
2026-09-21T01:42:44.4574017Z   duration_ms: 266.716503
2026-09-21T01:42:44.4574673Z   ...
2026-09-21T01:42:44.6405683Z # Subtest: hidden clears edit/input and restoration requires neutral without a duplicate loop
2026-09-21T01:42:44.6495289Z ok 34 - hidden clears edit/input and restoration requires neutral without a duplicate loop
2026-09-21T01:42:44.6521524Z   ---
2026-09-21T01:42:44.6574406Z   duration_ms: 184.47686
2026-09-21T01:42:44.6621350Z   ...
2026-09-21T01:42:44.8582792Z # Subtest: persisted pagehide clears edit/input and restoration requires neutral without a duplicate loop
2026-09-21T01:42:44.8584703Z ok 35 - persisted pagehide clears edit/input and restoration requires neutral without a duplicate loop
2026-09-21T01:42:44.8624502Z   ---
2026-09-21T01:42:44.8714850Z   duration_ms: 221.780526
2026-09-21T01:42:44.8734407Z   ...
2026-09-21T01:42:44.8825381Z # Subtest: persisted departure during loading may complete catalogues without reviving focus or polling
2026-09-21T01:42:44.8855076Z ok 36 - persisted departure during loading may complete catalogues without reviving focus or polling
2026-09-21T01:42:44.8856435Z   ---
2026-09-21T01:42:44.8869767Z   duration_ms: 16.643185
2026-09-21T01:42:44.8894227Z   ...
2026-09-21T01:42:44.8923678Z # Subtest: terminal departure before headers completion prevents late updates and owner restart
2026-09-21T01:42:44.8925502Z ok 37 - terminal departure before headers completion prevents late updates and owner restart
2026-09-21T01:42:44.8926454Z   ---
2026-09-21T01:42:44.8926950Z   duration_ms: 11.734395
2026-09-21T01:42:44.8927480Z   ...
2026-09-21T01:42:44.9155321Z # Subtest: terminal departure before body completion prevents late updates and owner restart
2026-09-21T01:42:44.9195056Z ok 38 - terminal departure before body completion prevents late updates and owner restart
2026-09-21T01:42:44.9234509Z   ---
2026-09-21T01:42:44.9237612Z   duration_ms: 19.084299
2026-09-21T01:42:44.9238200Z   ...
2026-09-21T01:42:44.9575552Z # Subtest: terminal departure before packs completion prevents late updates and owner restart
2026-09-21T01:42:44.9605163Z ok 39 - terminal departure before packs completion prevents late updates and owner restart
2026-09-21T01:42:44.9606043Z   ---
2026-09-21T01:42:44.9606407Z   duration_ms: 38.016744
2026-09-21T01:42:44.9606830Z   ...
2026-09-21T01:42:45.1358787Z # Subtest: disconnect retires edits and reconnect requires neutral and a fresh join
2026-09-21T01:42:45.1360078Z ok 40 - disconnect retires edits and reconnect requires neutral and a fresh join
2026-09-21T01:42:45.1360815Z   ---
2026-09-21T01:42:45.1361192Z   duration_ms: 189.643252
2026-09-21T01:42:45.1361589Z   ...
2026-09-21T01:42:45.1489768Z # Subtest: keyboard reaches Solo, Versus and Team in the same build while catalogues are pending: https://example.test/revealline/site/about.html
2026-09-21T01:42:45.1494923Z ok 41 - keyboard reaches Solo, Versus and Team in the same build while catalogues are pending: https://example.test/revealline/site/about.html
2026-09-21T01:42:45.1504714Z   ---
2026-09-21T01:42:45.1505850Z   duration_ms: 14.094048
2026-09-21T01:42:45.1506561Z   ...
2026-09-21T01:42:45.5313259Z # Subtest: controller reaches Solo, Versus and Team in the same build while catalogues are pending: https://example.test/revealline/site/about.html
2026-09-21T01:42:45.5316336Z ok 42 - controller reaches Solo, Versus and Team in the same build while catalogues are pending: https://example.test/revealline/site/about.html
2026-09-21T01:42:45.5321862Z   ---
2026-09-21T01:42:45.5322454Z   duration_ms: 382.980075
2026-09-21T01:42:45.5323043Z   ...
2026-09-21T01:42:45.5477916Z # Subtest: keyboard reaches Solo, Versus and Team in the same build while catalogues are pending: https://example.test/revealline/releases/v0.68.0/site/site/about.html
2026-09-21T01:42:45.5481390Z ok 43 - keyboard reaches Solo, Versus and Team in the same build while catalogues are pending: https://example.test/revealline/releases/v0.68.0/site/site/about.html
2026-09-21T01:42:45.5494711Z   ---
2026-09-21T01:42:45.5495276Z   duration_ms: 13.705693
2026-09-21T01:42:45.5495877Z   ...
2026-09-21T01:42:45.8097590Z # Subtest: controller reaches Solo, Versus and Team in the same build while catalogues are pending: https://example.test/revealline/releases/v0.68.0/site/site/about.html
2026-09-21T01:42:45.8126054Z ok 44 - controller reaches Solo, Versus and Team in the same build while catalogues are pending: https://example.test/revealline/releases/v0.68.0/site/site/about.html
2026-09-21T01:42:45.8154523Z   ---
2026-09-21T01:42:45.8184453Z   duration_ms: 263.831388
2026-09-21T01:42:45.8185252Z   ...
2026-09-21T01:42:45.8417337Z # Subtest: keyboard reaches Solo, Versus and Team in the same build while catalogues are pending: https://mekhovov.github.io/revealline-archive-34/releases/v0.68.0/site/site/about.html
2026-09-21T01:42:45.8445628Z ok 45 - keyboard reaches Solo, Versus and Team in the same build while catalogues are pending: https://mekhovov.github.io/revealline-archive-34/releases/v0.68.0/site/site/about.html
2026-09-21T01:42:45.8474237Z   ---
2026-09-21T01:42:45.8475030Z   duration_ms: 22.39692
2026-09-21T01:42:45.8476587Z   ...
2026-09-21T01:42:46.2576358Z # Subtest: controller reaches Solo, Versus and Team in the same build while catalogues are pending: https://mekhovov.github.io/revealline-archive-34/releases/v0.68.0/site/site/about.html
2026-09-21T01:42:46.2583235Z ok 46 - controller reaches Solo, Versus and Team in the same build while catalogues are pending: https://mekhovov.github.io/revealline-archive-34/releases/v0.68.0/site/site/about.html
2026-09-21T01:42:46.2614411Z   ---
2026-09-21T01:42:46.2624452Z   duration_ms: 426.427493
2026-09-21T01:42:46.2644485Z   ...
2026-09-21T01:42:46.2985621Z # Subtest: saved and draft native auditions share master output while keeping independent local faders and cleanup
2026-09-21T01:42:46.3011407Z ok 47 - saved and draft native auditions share master output while keeping independent local faders and cleanup
2026-09-21T01:42:46.3019186Z   ---
2026-09-21T01:42:46.3019752Z   duration_ms: 549.906805
2026-09-21T01:42:46.3020344Z   ...
2026-09-21T01:42:46.3021473Z # Subtest: Stop waiting releases a pending native preview and late metadata cannot restore sound or output
2026-09-21T01:42:46.3028054Z ok 48 - Stop waiting releases a pending native preview and late metadata cannot restore sound or output
2026-09-21T01:42:46.3029166Z   ---
2026-09-21T01:42:46.3029745Z   duration_ms: 225.184956
2026-09-21T01:42:46.3030345Z   ...
2026-09-21T01:42:46.3031558Z # Subtest: audio.music keeps the shared mute gate through delayed context resume and retains its local attenuation
2026-09-21T01:42:46.3033351Z ok 49 - audio.music keeps the shared mute gate through delayed context resume and retains its local attenuation
2026-09-21T01:42:46.3034911Z   ---
2026-09-21T01:42:46.3035438Z   duration_ms: 6.505709
2026-09-21T01:42:46.3036324Z   ...
2026-09-21T01:42:46.3037330Z # Subtest: audio.music teardown before context readiness fences late procedural playback
2026-09-21T01:42:46.3038738Z ok 50 - audio.music teardown before context readiness fences late procedural playback
2026-09-21T01:42:46.3040549Z   ---
2026-09-21T01:42:46.3041055Z   duration_ms: 1.417234
2026-09-21T01:42:46.3041588Z   ...
2026-09-21T01:42:46.3042767Z # Subtest: audio.capture keeps the shared mute gate through delayed context resume and retains its local attenuation
2026-09-21T01:42:46.3044920Z ok 51 - audio.capture keeps the shared mute gate through delayed context resume and retains its local attenuation
2026-09-21T01:42:46.3046015Z   ---
2026-09-21T01:42:46.3046506Z   duration_ms: 3.037227
2026-09-21T01:42:46.3047037Z   ...
2026-09-21T01:42:46.3048040Z # Subtest: audio.capture teardown before context readiness fences late procedural playback
2026-09-21T01:42:46.3049484Z ok 52 - audio.capture teardown before context readiness fences late procedural playback
2026-09-21T01:42:46.3050421Z   ---
2026-09-21T01:42:46.3050928Z   duration_ms: 1.096786
2026-09-21T01:42:46.3051474Z   ...
2026-09-21T01:42:46.3052536Z # Subtest: hidden Studio native auditions retire both previews and return requires explicit Play
2026-09-21T01:42:46.3054331Z ok 53 - hidden Studio native auditions retire both previews and return requires explicit Play
2026-09-21T01:42:46.3055453Z   ---
2026-09-21T01:42:46.3056152Z   duration_ms: 394.78258
2026-09-21T01:42:46.3056784Z   ...
2026-09-21T01:42:46.3057846Z # Subtest: hidden interruption settles pending metadata and fences its late callback
2026-09-21T01:42:46.3059295Z ok 54 - hidden interruption settles pending metadata and fences its late callback
2026-09-21T01:42:46.3060277Z   ---
2026-09-21T01:42:46.3060840Z   duration_ms: 162.531634
2026-09-21T01:42:46.3061426Z   ...
2026-09-21T01:42:46.3062633Z # Subtest: audition lifecycle ignores focus, non-audio slots and duplicate events, and retires its listener
2026-09-21T01:42:46.3064703Z ok 55 - audition lifecycle ignores focus, non-audio slots and duplicate events, and retires its listener
2026-09-21T01:42:46.3065828Z   ---
2026-09-21T01:42:46.3066383Z   duration_ms: 0.567158
2026-09-21T01:42:46.3066969Z   ...
2026-09-21T01:42:46.3068224Z # Subtest: audio.music caption tracks only accepted playback and cannot replace idle/loading/Stop/error feedback
2026-09-21T01:42:46.3070047Z ok 56 - audio.music caption tracks only accepted playback and cannot replace idle/loading/Stop/error feedback
2026-09-21T01:42:46.3071160Z   ---
2026-09-21T01:42:46.3071681Z   duration_ms: 3.499038
2026-09-21T01:42:46.3072224Z   ...
2026-09-21T01:42:46.3073389Z # Subtest: audio.capture caption tracks only accepted playback and cannot replace idle/loading/Stop/error feedback
2026-09-21T01:42:46.3075440Z ok 57 - audio.capture caption tracks only accepted playback and cannot replace idle/loading/Stop/error feedback
2026-09-21T01:42:46.3076574Z   ---
2026-09-21T01:42:46.3077097Z   duration_ms: 2.302957
2026-09-21T01:42:46.3077656Z   ...
2026-09-21T01:42:46.3078691Z # Subtest: saved and draft recipe captions have independent playback ownership under one master
2026-09-21T01:42:46.3080188Z ok 58 - saved and draft recipe captions have independent playback ownership under one master
2026-09-21T01:42:46.3081140Z   ---
2026-09-21T01:42:46.3081645Z   duration_ms: 2.378729
2026-09-21T01:42:46.3082190Z   ...
2026-09-21T01:42:46.3083244Z # Subtest: native preview metadata statuses do not adopt procedural playback captions on master edits
2026-09-21T01:42:46.3085111Z ok 59 - native preview metadata statuses do not adopt procedural playback captions on master edits
2026-09-21T01:42:46.3086118Z   ---
2026-09-21T01:42:46.3086621Z   duration_ms: 303.278866
2026-09-21T01:42:46.3087177Z   ...
2026-09-21T01:42:46.3088123Z # Subtest: every actor slot resolves to a real normalized mission containing that role
2026-09-21T01:42:46.3089445Z ok 60 - every actor slot resolves to a real normalized mission containing that role
2026-09-21T01:42:46.3090310Z   ---
2026-09-21T01:42:46.3090822Z   duration_ms: 102.967752
2026-09-21T01:42:46.3091372Z   ...
2026-09-21T01:42:46.3092343Z # Subtest: terrain and pickup context fixtures validate without changing the built-in packs
2026-09-21T01:42:46.3094260Z ok 61 - terrain and pickup context fixtures validate without changing the built-in packs
2026-09-21T01:42:46.3095179Z   ---
2026-09-21T01:42:46.3095732Z   duration_ms: 272.157266
2026-09-21T01:42:46.3096171Z   ...
2026-09-21T01:42:46.3096948Z # Subtest: each preview owns an independent deterministic run
2026-09-21T01:42:46.3098020Z ok 62 - each preview owns an independent deterministic run
2026-09-21T01:42:46.3098580Z   ---
2026-09-21T01:42:46.3098926Z   duration_ms: 9.151966
2026-09-21T01:42:46.3099296Z   ...
2026-09-21T01:42:46.3100017Z # Subtest: crop uses an integer centered frame and never mutates source coordinates
2026-09-21T01:42:46.3100886Z ok 63 - crop uses an integer centered frame and never mutates source coordinates
2026-09-21T01:42:46.3101309Z   ---
2026-09-21T01:42:46.3101629Z   duration_ms: 3.498318
2026-09-21T01:42:46.3101949Z   ...
2026-09-21T01:42:46.3102730Z # Subtest: occupied bounds distinguish alpha from actual visible silhouette, including empty sprite
2026-09-21T01:42:46.3103643Z ok 64 - occupied bounds distinguish alpha from actual visible silhouette, including empty sprite
2026-09-21T01:42:46.3104976Z   ---
2026-09-21T01:42:46.3105473Z   duration_ms: 0.580864
2026-09-21T01:42:46.3106151Z   ...
2026-09-21T01:42:46.3107264Z # Subtest: inventory combines usage/state/media/readiness filters without treating source as produced
2026-09-21T01:42:46.3108876Z ok 65 - inventory combines usage/state/media/readiness filters without treating source as produced
2026-09-21T01:42:46.3194983Z   ---
2026-09-21T01:42:46.3195378Z   duration_ms: 0.631649
2026-09-21T01:42:46.3195773Z   ...
2026-09-21T01:42:46.3205146Z # Subtest: offline player presets load independently of every optional or mission pack
2026-09-21T01:42:46.3206676Z ok 66 - offline player presets load independently of every optional or mission pack
2026-09-21T01:42:46.3207649Z   ---
2026-09-21T01:42:46.3208029Z   duration_ms: 12.861249
2026-09-21T01:42:46.3208423Z   ...
2026-09-21T01:42:46.3209264Z # Subtest: exact owner context uses its own level and theme without any pack fetch or mutation
2026-09-21T01:42:46.3210525Z ok 67 - exact owner context uses its own level and theme without any pack fetch or mutation
2026-09-21T01:42:46.3211265Z   ---
2026-09-21T01:42:46.3211605Z   duration_ms: 58.697222
2026-09-21T01:42:46.3211986Z   ...
2026-09-21T01:42:46.3212877Z # Subtest: board preview rejects an incomplete explicit owner before fetching or creating a canvas
2026-09-21T01:42:46.3214188Z ok 68 - board preview rejects an incomplete explicit owner before fetching or creating a canvas
2026-09-21T01:42:46.3214660Z   ---
2026-09-21T01:42:46.3214867Z   duration_ms: 4.528229
2026-09-21T01:42:46.3215092Z   ...
2026-09-21T01:42:46.3215612Z # Subtest: offline optional-pack fallback retains all seven enemy roles and online fixture choices
2026-09-21T01:42:46.3216375Z ok 69 - offline optional-pack fallback retains all seven enemy roles and online fixture choices
2026-09-21T01:42:46.3216821Z   ---
2026-09-21T01:42:46.3217018Z   duration_ms: 343.250798
2026-09-21T01:42:46.3217250Z   ...
2026-09-21T01:42:46.3217693Z # Subtest: failed core loads remain explicit and retry without poisoning player presets
2026-09-21T01:42:46.3218365Z ok 70 - failed core loads remain explicit and retry without poisoning player presets
2026-09-21T01:42:46.3218775Z   ---
2026-09-21T01:42:46.3218982Z   duration_ms: 12.909708
2026-09-21T01:42:46.3219205Z   ...
2026-09-21T01:42:46.3219702Z # Subtest: the registered renderer honors mixed per-hub blade counts without changing legacy recipes
2026-09-21T01:42:46.3220453Z ok 71 - the registered renderer honors mixed per-hub blade counts without changing legacy recipes
2026-09-21T01:42:46.3220899Z   ---
2026-09-21T01:42:46.3221093Z   duration_ms: 4.41066
2026-09-21T01:42:46.3221327Z   ...
2026-09-21T01:42:46.3221822Z # Subtest: homeward-skies/immediate/live: installed export preserves the entire legal checkpoint
2026-09-21T01:42:46.3222579Z ok 72 - homeward-skies/immediate/live: installed export preserves the entire legal checkpoint
2026-09-21T01:42:46.3223360Z   ---
2026-09-21T01:42:46.3223561Z   duration_ms: 65.226628
2026-09-21T01:42:46.3223924Z   ...
2026-09-21T01:42:46.3224440Z # Subtest: homeward-skies/immediate/recovery: installed export preserves the entire legal checkpoint
2026-09-21T01:42:46.3225362Z ok 73 - homeward-skies/immediate/recovery: installed export preserves the entire legal checkpoint
2026-09-21T01:42:46.3225832Z   ---
2026-09-21T01:42:46.3226029Z   duration_ms: 43.902895
2026-09-21T01:42:46.3226246Z   ...
2026-09-21T01:42:46.3226720Z # Subtest: homeward-skies/immediate: missing context yields an explicitly limited rescue file
2026-09-21T01:42:46.3227429Z ok 74 - homeward-skies/immediate: missing context yields an explicitly limited rescue file
2026-09-21T01:42:46.3227854Z   ---
2026-09-21T01:42:46.3228057Z   duration_ms: 26.918266
2026-09-21T01:42:46.3228271Z   ...
2026-09-21T01:42:46.3228706Z # Subtest: homeward-skies/immediate: actual won state rejects in both verification paths
2026-09-21T01:42:46.3229376Z ok 75 - homeward-skies/immediate: actual won state rejects in both verification paths
2026-09-21T01:42:46.3229791Z   ---
2026-09-21T01:42:46.3229989Z   duration_ms: 228.186767
2026-09-21T01:42:46.3230216Z   ...
2026-09-21T01:42:46.3230696Z # Subtest: homeward-skies/grid-center/live: installed export preserves the entire legal checkpoint
2026-09-21T01:42:46.3231442Z ok 76 - homeward-skies/grid-center/live: installed export preserves the entire legal checkpoint
2026-09-21T01:42:46.3231887Z   ---
2026-09-21T01:42:46.3232074Z   duration_ms: 29.140513
2026-09-21T01:42:46.3232289Z   ...
2026-09-21T01:42:46.3232790Z # Subtest: homeward-skies/grid-center/recovery: installed export preserves the entire legal checkpoint
2026-09-21T01:42:46.3233573Z ok 77 - homeward-skies/grid-center/recovery: installed export preserves the entire legal checkpoint
2026-09-21T01:42:46.3234431Z   ---
2026-09-21T01:42:46.3234748Z   duration_ms: 41.615129
2026-09-21T01:42:46.3235121Z   ...
2026-09-21T01:42:46.3235964Z # Subtest: homeward-skies/grid-center: missing context yields an explicitly limited rescue file
2026-09-21T01:42:46.3305172Z ok 78 - homeward-skies/grid-center: missing context yields an explicitly limited rescue file
2026-09-21T01:42:46.3315321Z   ---
2026-09-21T01:42:46.3316105Z   duration_ms: 26.711159
2026-09-21T01:42:46.3316768Z   ...
2026-09-21T01:42:46.3317873Z # Subtest: homeward-skies/grid-center: actual won state rejects in both verification paths
2026-09-21T01:42:46.3319462Z ok 79 - homeward-skies/grid-center: actual won state rejects in both verification paths
2026-09-21T01:42:46.3320472Z   ---
2026-09-21T01:42:46.3321034Z   duration_ms: 208.431441
2026-09-21T01:42:46.3321635Z   ...
2026-09-21T01:42:46.3322750Z # Subtest: sentinel-relay/immediate/live: installed export preserves the entire legal checkpoint
2026-09-21T01:42:46.3324598Z ok 80 - sentinel-relay/immediate/live: installed export preserves the entire legal checkpoint
2026-09-21T01:42:46.3325638Z   ---
2026-09-21T01:42:46.3326202Z   duration_ms: 125.107566
2026-09-21T01:42:46.3326839Z   ...
2026-09-21T01:42:46.3327977Z # Subtest: sentinel-relay/immediate/recovery: installed export preserves the entire legal checkpoint
2026-09-21T01:42:46.3329620Z ok 81 - sentinel-relay/immediate/recovery: installed export preserves the entire legal checkpoint
2026-09-21T01:42:46.3330658Z   ---
2026-09-21T01:42:46.3331214Z   duration_ms: 176.151931
2026-09-21T01:42:46.3331817Z   ...
2026-09-21T01:42:46.3332884Z # Subtest: sentinel-relay/immediate: missing context yields an explicitly limited rescue file
2026-09-21T01:42:46.3334780Z ok 82 - sentinel-relay/immediate: missing context yields an explicitly limited rescue file
2026-09-21T01:42:46.3335794Z   ---
2026-09-21T01:42:46.3336344Z   duration_ms: 89.855329
2026-09-21T01:42:46.3336954Z   ...
2026-09-21T01:42:46.3337985Z # Subtest: sentinel-relay/immediate: actual won state rejects in both verification paths
2026-09-21T01:42:46.3339502Z ok 83 - sentinel-relay/immediate: actual won state rejects in both verification paths
2026-09-21T01:42:46.3340846Z   ---
2026-09-21T01:42:46.3341397Z   duration_ms: 264.337984
2026-09-21T01:42:46.3342001Z   ...
2026-09-21T01:42:46.3343128Z # Subtest: sentinel-relay/grid-center/live: installed export preserves the entire legal checkpoint
2026-09-21T01:42:46.3345320Z ok 84 - sentinel-relay/grid-center/live: installed export preserves the entire legal checkpoint
2026-09-21T01:42:46.3346371Z   ---
2026-09-21T01:42:46.3346932Z   duration_ms: 56.46139
2026-09-21T01:42:46.3347527Z   ...
2026-09-21T01:42:46.3348685Z # Subtest: sentinel-relay/grid-center/recovery: installed export preserves the entire legal checkpoint
2026-09-21T01:42:46.3350387Z ok 85 - sentinel-relay/grid-center/recovery: installed export preserves the entire legal checkpoint
2026-09-21T01:42:46.3351441Z   ---
2026-09-21T01:42:46.3351994Z   duration_ms: 115.219265
2026-09-21T01:42:46.3352591Z   ...
2026-09-21T01:42:46.3353660Z # Subtest: sentinel-relay/grid-center: missing context yields an explicitly limited rescue file
2026-09-21T01:42:46.3355443Z ok 86 - sentinel-relay/grid-center: missing context yields an explicitly limited rescue file
2026-09-21T01:42:46.3356460Z   ---
2026-09-21T01:42:46.3357020Z   duration_ms: 67.890282
2026-09-21T01:42:46.3357637Z   ...
2026-09-21T01:42:46.3358673Z # Subtest: sentinel-relay/grid-center: actual won state rejects in both verification paths
2026-09-21T01:42:46.3360175Z ok 87 - sentinel-relay/grid-center: actual won state rejects in both verification paths
2026-09-21T01:42:46.3361149Z   ---
2026-09-21T01:42:46.3361699Z   duration_ms: 192.165904
2026-09-21T01:42:46.3362305Z   ...
2026-09-21T01:42:46.3363327Z # Subtest: self-contact/immediate: real lost recordings cannot be exported as unfinished
2026-09-21T01:42:46.3365091Z ok 88 - self-contact/immediate: real lost recordings cannot be exported as unfinished
2026-09-21T01:42:46.3366169Z   ---
2026-09-21T01:42:46.3366781Z   duration_ms: 13.331365
2026-09-21T01:42:46.3367393Z   ...
2026-09-21T01:42:46.3368444Z # Subtest: self-contact/grid-center: real lost recordings cannot be exported as unfinished
2026-09-21T01:42:46.3369916Z ok 89 - self-contact/grid-center: real lost recordings cannot be exported as unfinished
2026-09-21T01:42:46.3370870Z   ---
2026-09-21T01:42:46.3371423Z   duration_ms: 32.340129
2026-09-21T01:42:46.3372013Z   ...
2026-09-21T01:42:46.3372996Z # Subtest: boss-lane/immediate: real lost recordings cannot be exported as unfinished
2026-09-21T01:42:46.3374653Z ok 90 - boss-lane/immediate: real lost recordings cannot be exported as unfinished
2026-09-21T01:42:46.3375590Z   ---
2026-09-21T01:42:46.3376135Z   duration_ms: 17.229718
2026-09-21T01:42:46.3376733Z   ...
2026-09-21T01:42:46.3377717Z # Subtest: boss-lane/grid-center: real lost recordings cannot be exported as unfinished
2026-09-21T01:42:46.3379126Z ok 91 - boss-lane/grid-center: real lost recordings cannot be exported as unfinished
2026-09-21T01:42:46.3380060Z   ---
2026-09-21T01:42:46.3380773Z   duration_ms: 20.467691
2026-09-21T01:42:46.3381454Z   ...
2026-09-21T01:42:46.3382630Z # Subtest: existing release-before and release-after boundaries survive verification without resuspending
2026-09-21T01:42:46.3384565Z ok 92 - existing release-before and release-after boundaries survive verification without resuspending
2026-09-21T01:42:46.3385665Z   ---
2026-09-21T01:42:46.3386220Z   duration_ms: 31.350901
2026-09-21T01:42:46.3386818Z   ...
2026-09-21T01:42:46.3387841Z # Subtest: supplied wrong or malformed campaign rejects before progress, never downgrades
2026-09-21T01:42:46.3389282Z ok 93 - supplied wrong or malformed campaign rejects before progress, never downgrades
2026-09-21T01:42:46.3390292Z   ---
2026-09-21T01:42:46.3390848Z   duration_ms: 10.888496
2026-09-21T01:42:46.3391436Z   ...
2026-09-21T01:42:46.3392415Z # Subtest: same claimed key cannot hide a self-consistent different map or full roster
2026-09-21T01:42:46.3394000Z ok 94 - same claimed key cannot hide a self-consistent different map or full roster
2026-09-21T01:42:46.3394949Z   ---
2026-09-21T01:42:46.3395506Z   duration_ms: 40.134997
2026-09-21T01:42:46.3396396Z   ...
2026-09-21T01:42:46.3397455Z # Subtest: checkpoint, summary, input, encounter state hashes and mixed version pairs reject
2026-09-21T01:42:46.3398946Z ok 95 - checkpoint, summary, input, encounter state hashes and mixed version pairs reject
2026-09-21T01:42:46.3399918Z   ---
2026-09-21T01:42:46.3400647Z   duration_ms: 173.955891
2026-09-21T01:42:46.3401276Z   ...
2026-09-21T01:42:46.3402418Z # Subtest: session and campaign data are owned before yielding; returned data cannot mutate either source
2026-09-21T01:42:46.3404407Z ok 96 - session and campaign data are owned before yielding; returned data cannot mutate either source
2026-09-21T01:42:46.3405493Z   ---
2026-09-21T01:42:46.3406041Z   duration_ms: 59.775551
2026-09-21T01:42:46.3406640Z   ...
2026-09-21T01:42:46.3407744Z # Subtest: options are finite own data fields, with host capabilities checked before candidate access
2026-09-21T01:42:46.3409329Z ok 97 - options are finite own data fields, with host capabilities checked before candidate access
2026-09-21T01:42:46.3410365Z   ---
2026-09-21T01:42:46.3410916Z   duration_ms: 0.813759
2026-09-21T01:42:46.3411502Z   ...
2026-09-21T01:42:46.3412577Z # Subtest: bounded session and campaign snapshots reject malformed data without invoking getters
2026-09-21T01:42:46.3414338Z ok 98 - bounded session and campaign snapshots reject malformed data without invoking getters
2026-09-21T01:42:46.3415359Z   ---
2026-09-21T01:42:46.3415904Z   duration_ms: 10.812124
2026-09-21T01:42:46.3416509Z   ...
2026-09-21T01:42:48.2384511Z # Subtest: portable files may exceed the local slot budget without weakening the portable limit
2026-09-21T01:42:48.2445208Z ok 99 - portable files may exceed the local slot budget without weakening the portable limit
2026-09-21T01:42:48.2484465Z   ---
2026-09-21T01:42:48.2514460Z   duration_ms: 1942.379302
2026-09-21T01:42:48.2574525Z   ...
2026-09-21T01:42:48.2629590Z # Subtest: replay-only cancellation before cannot return a prepared file
2026-09-21T01:42:48.2632447Z ok 100 - replay-only cancellation before cannot return a prepared file
2026-09-21T01:42:48.2644229Z   ---
2026-09-21T01:42:48.2684867Z   duration_ms: 0.475267
2026-09-21T01:42:48.2685457Z   ...
2026-09-21T01:42:48.2686407Z # Subtest: replay-only cancellation during cannot return a prepared file
2026-09-21T01:42:48.2687625Z ok 101 - replay-only cancellation during cannot return a prepared file
2026-09-21T01:42:48.2688422Z   ---
2026-09-21T01:42:48.2688876Z   duration_ms: 14.810274
2026-09-21T01:42:48.2689336Z   ...
2026-09-21T01:42:48.2914393Z # Subtest: replay-only cancellation final cannot return a prepared file
2026-09-21T01:42:48.2916187Z ok 102 - replay-only cancellation final cannot return a prepared file
2026-09-21T01:42:48.2917125Z   ---
2026-09-21T01:42:48.2917689Z   duration_ms: 38.39875
2026-09-21T01:42:48.2918277Z   ...
2026-09-21T01:42:48.2944826Z # Subtest: installed cancellation before cannot return a prepared file
2026-09-21T01:42:48.2950687Z ok 103 - installed cancellation before cannot return a prepared file
2026-09-21T01:42:48.2951588Z   ---
2026-09-21T01:42:48.2952074Z   duration_ms: 0.274703
2026-09-21T01:42:48.2952584Z   ...
2026-09-21T01:42:48.3043424Z # Subtest: installed cancellation during cannot return a prepared file
2026-09-21T01:42:48.3074892Z ok 104 - installed cancellation during cannot return a prepared file
2026-09-21T01:42:48.3075634Z   ---
2026-09-21T01:42:48.3076003Z   duration_ms: 12.749489
2026-09-21T01:42:48.3076405Z   ...
2026-09-21T01:42:48.3365303Z # Subtest: installed cancellation final cannot return a prepared file
2026-09-21T01:42:48.3404715Z ok 105 - installed cancellation final cannot return a prepared file
2026-09-21T01:42:48.3405410Z   ---
2026-09-21T01:42:48.3405766Z   duration_ms: 30.031152
2026-09-21T01:42:48.3406166Z   ...
2026-09-21T01:42:48.3434657Z # Subtest: a throwing final progress callback rejects without producing export data
2026-09-21T01:42:48.3435884Z ok 106 - a throwing final progress callback rejects without producing export data
2026-09-21T01:42:48.3437106Z   ---
2026-09-21T01:42:48.3437469Z   duration_ms: 10.854693
2026-09-21T01:42:48.3437863Z   ...
2026-09-21T01:42:48.3696193Z # Subtest: playback audio session opts out of iPhone ambient mute and safely falls back elsewhere
2026-09-21T01:42:48.3727627Z ok 107 - playback audio session opts out of iPhone ambient mute and safely falls back elsewhere
2026-09-21T01:42:48.3744746Z   ---
2026-09-21T01:42:48.3745397Z   duration_ms: 2.239318
2026-09-21T01:42:48.3746018Z   ...
2026-09-21T01:42:48.3747318Z # Subtest: classic contact and erosion cues are distinct and respect gameplay pause independently from persistent music
2026-09-21T01:42:48.3749307Z ok 108 - classic contact and erosion cues are distinct and respect gameplay pause independently from persistent music
2026-09-21T01:42:48.3750503Z   ---
2026-09-21T01:42:48.3751083Z   duration_ms: 7.0104
2026-09-21T01:42:48.3751674Z   ...
2026-09-21T01:42:48.3752595Z # Subtest: no context or sound is created before an explicit user audio action
2026-09-21T01:42:48.3754161Z ok 109 - no context or sound is created before an explicit user audio action
2026-09-21T01:42:48.3755181Z   ---
2026-09-21T01:42:48.3755848Z   duration_ms: 0.773353
2026-09-21T01:42:48.3756561Z   ...
2026-09-21T01:42:48.3757743Z # Subtest: all five styles have deterministic distinct original orchestration with bounded notes
2026-09-21T01:42:48.3759457Z ok 110 - all five styles have deterministic distinct original orchestration with bounded notes
2026-09-21T01:42:48.3760588Z   ---
2026-09-21T01:42:48.3761254Z   duration_ms: 13.858709
2026-09-21T01:42:48.3761962Z   ...
2026-09-21T01:42:48.3763150Z # Subtest: scheduler preserves musical deadlines under frequent calls and avoids backlog bursts
2026-09-21T01:42:48.3765097Z ok 111 - scheduler preserves musical deadlines under frequent calls and avoids backlog bursts
2026-09-21T01:42:48.3766283Z   ---
2026-09-21T01:42:48.3766866Z   duration_ms: 1.150377
2026-09-21T01:42:48.3767559Z   ...
2026-09-21T01:42:48.3768575Z # Subtest: master/music/sfx buses are independently controlled and invalid changes are atomic
2026-09-21T01:42:48.3770048Z ok 112 - master/music/sfx buses are independently controlled and invalid changes are atomic
2026-09-21T01:42:48.3771063Z   ---
2026-09-21T01:42:48.3771630Z   duration_ms: 1.285509
2026-09-21T01:42:48.3772244Z   ...
2026-09-21T01:42:48.3773465Z # Subtest: track descriptors are copied, styles switch cleanly, and unsupported media are rejected
2026-09-21T01:42:48.3775534Z ok 113 - track descriptors are copied, styles switch cleanly, and unsupported media are rejected
2026-09-21T01:42:48.3776597Z   ---
2026-09-21T01:42:48.3777164Z   duration_ms: 1.710421
2026-09-21T01:42:48.3777763Z   ...
2026-09-21T01:42:48.3778864Z # Subtest: pause cancels scheduled notes, freezes scheduling and resumes only through explicit method
2026-09-21T01:42:48.3780477Z ok 114 - pause cancels scheduled notes, freezes scheduling and resumes only through explicit method
2026-09-21T01:42:48.3781590Z   ---
2026-09-21T01:42:48.3782205Z   duration_ms: 1.02903
2026-09-21T01:42:48.3782823Z   ...
2026-09-21T01:42:48.3784225Z # Subtest: adopting mute disables active preview immediately and ordinary resume cannot re-enable it
2026-09-21T01:42:48.3785910Z ok 115 - adopting mute disables active preview immediately and ordinary resume cannot re-enable it
2026-09-21T01:42:48.3787008Z   ---
2026-09-21T01:42:48.3787690Z   duration_ms: 3.89082
2026-09-21T01:42:48.3788281Z   ...
2026-09-21T01:42:48.3789127Z # Subtest: mute needs no context and wins an in-flight preview enable
2026-09-21T01:42:48.3790257Z ok 116 - mute needs no context and wins an in-flight preview enable
2026-09-21T01:42:48.3791072Z   ---
2026-09-21T01:42:48.3791601Z   duration_ms: 0.91613
2026-09-21T01:42:48.3792222Z   ...
2026-09-21T01:42:48.3793378Z # Subtest: terminal events distinguish victory and failure, stop backing music, and survive inactive update
2026-09-21T01:42:48.3795717Z ok 117 - terminal events distinguish victory and failure, stop backing music, and survive inactive update
2026-09-21T01:42:48.3797263Z   ---
2026-09-21T01:42:48.3797920Z   duration_ms: 1.055229
2026-09-21T01:42:48.3798579Z   ...
2026-09-21T01:42:48.3799700Z # Subtest: polyphony is capped and event bursts deduplicate instead of allocating forever
2026-09-21T01:42:48.3801260Z ok 118 - polyphony is capped and event bursts deduplicate instead of allocating forever
2026-09-21T01:42:48.3802539Z   ---
2026-09-21T01:42:48.3803208Z   duration_ms: 9.13271
2026-09-21T01:42:48.3804200Z   ...
2026-09-21T01:42:48.3805306Z # Subtest: failed autoplay resume reports disabled and disposal wins pending enable race
2026-09-21T01:42:48.3806721Z ok 119 - failed autoplay resume reports disabled and disposal wins pending enable race
2026-09-21T01:42:48.3807645Z   ---
2026-09-21T01:42:48.3808147Z   duration_ms: 1.573827
2026-09-21T01:42:48.3808686Z   ...
2026-09-21T01:42:48.3809680Z # Subtest: tension is derived read-only and does not change the musical tempo or game state
2026-09-21T01:42:48.3811059Z ok 120 - tension is derived read-only and does not change the musical tempo or game state
2026-09-21T01:42:48.3812027Z   ---
2026-09-21T01:42:48.3812569Z   duration_ms: 0.545407
2026-09-21T01:42:48.3813152Z   ...
2026-09-21T01:42:48.3814565Z # Subtest: gesture preview plays from an inactive terminal screen and stops at its bounded deadline
2026-09-21T01:42:48.3816188Z ok 121 - gesture preview plays from an inactive terminal screen and stops at its bounded deadline
2026-09-21T01:42:48.3817235Z   ---
2026-09-21T01:42:48.3817819Z   duration_ms: 5.652146
2026-09-21T01:42:48.3818421Z   ...
2026-09-21T01:42:48.3819517Z # Subtest: pause, reset, mute and disposal cancel preview without restarting after a delayed gesture
2026-09-21T01:42:48.3821107Z ok 122 - pause, reset, mute and disposal cancel preview without restarting after a delayed gesture
2026-09-21T01:42:48.3822109Z   ---
2026-09-21T01:42:48.3822643Z   duration_ms: 4.765712
2026-09-21T01:42:48.3823217Z   ...
2026-09-21T01:42:48.3824421Z # Subtest: persistent soundtrack opt-in remains silent until an allowed audio action
2026-09-21T01:42:48.3825802Z ok 123 - persistent soundtrack opt-in remains silent until an allowed audio action
2026-09-21T01:42:48.3826732Z   ---
2026-09-21T01:42:48.3827282Z   duration_ms: 1.164513
2026-09-21T01:42:48.3827803Z   ...
2026-09-21T01:42:48.3828776Z # Subtest: persistent music survives menu, gameplay pause, terminal cues and attempt reset
2026-09-21T01:42:48.3830131Z ok 124 - persistent music survives menu, gameplay pause, terminal cues and attempt reset
2026-09-21T01:42:48.3831018Z   ---
2026-09-21T01:42:48.3831547Z   duration_ms: 4.57688
2026-09-21T01:42:48.3832081Z   ...
2026-09-21T01:42:48.3833105Z # Subtest: automatic authored tracks wait for a real song boundary and adopt the new tempo there
2026-09-21T01:42:48.3834731Z ok 125 - automatic authored tracks wait for a real song boundary and adopt the new tempo there
2026-09-21T01:42:48.3835665Z   ---
2026-09-21T01:42:48.3836167Z   duration_ms: 142.860914
2026-09-21T01:42:48.3836725Z   ...
2026-09-21T01:42:48.3837843Z # Subtest: same authored context cancels a queued change without restart; explicit selection replaces it
2026-09-21T01:42:48.3839440Z ok 126 - same authored context cancels a queued change without restart; explicit selection replaces it
2026-09-21T01:42:48.3840514Z   ---
2026-09-21T01:42:48.3841085Z   duration_ms: 3.305398
2026-09-21T01:42:48.3841680Z   ...
2026-09-21T01:42:48.3842751Z # Subtest: persistent lifecycle suspension and mute silence sources but retain the musical position
2026-09-21T01:42:48.3844593Z ok 127 - persistent lifecycle suspension and mute silence sources but retain the musical position
2026-09-21T01:42:48.3845643Z   ---
2026-09-21T01:42:48.3846172Z   duration_ms: 1.132383
2026-09-21T01:42:48.3846726Z   ...
2026-09-21T01:42:48.3847812Z # Subtest: persistent lifecycle cancellation wins delayed audio enable and cannot publish late notes
2026-09-21T01:42:48.3849480Z ok 128 - persistent lifecycle cancellation wins delayed audio enable and cannot publish late notes
2026-09-21T01:42:48.3850481Z   ---
2026-09-21T01:42:48.3851520Z   duration_ms: 5.043481
2026-09-21T01:42:48.3858192Z   ...
2026-09-21T01:42:48.3859262Z # Subtest: persistent audition returns to the ongoing soundtrack without a cursor reset
2026-09-21T01:42:48.3860689Z ok 129 - persistent audition returns to the ongoing soundtrack without a cursor reset
2026-09-21T01:42:48.3861834Z   ---
2026-09-21T01:42:48.3862400Z   duration_ms: 0.865134
2026-09-21T01:42:48.3862979Z   ...
2026-09-21T01:42:48.3864355Z # Subtest: persistent scheduler remains bounded after a stall and only explicit music reset restarts it
2026-09-21T01:42:48.3866140Z ok 130 - persistent scheduler remains bounded after a stall and only explicit music reset restarts it
2026-09-21T01:42:48.3867178Z   ---
2026-09-21T01:42:48.3867686Z   duration_ms: 0.715605
2026-09-21T01:42:48.3868222Z   ...
2026-09-21T01:42:50.3985589Z # Subtest: Collection file Import and Undo return Home without inventing a cancelled pack launch
2026-09-21T01:42:50.4005597Z ok 131 - Collection file Import and Undo return Home without inventing a cancelled pack launch
2026-09-21T01:42:50.4059073Z   ---
2026-09-21T01:42:50.4084361Z   duration_ms: 6101.504518
2026-09-21T01:42:50.4084813Z   ...
2026-09-21T01:42:54.6009453Z # Subtest: blur during the actual held backup lock does not announce a pack cancellation or autoplay
2026-09-21T01:42:54.6014443Z ok 132 - blur during the actual held backup lock does not announce a pack cancellation or autoplay
2026-09-21T01:42:54.6015724Z   ---
2026-09-21T01:42:54.6016344Z   duration_ms: 4207.072339
2026-09-21T01:42:54.6016989Z   ...
2026-09-21T01:42:54.6275716Z # Subtest: a full archive preserves all member formats, original image bytes and prepared-pack capability
2026-09-21T01:42:54.6305067Z ok 133 - a full archive preserves all member formats, original image bytes and prepared-pack capability
2026-09-21T01:42:54.6313104Z   ---
2026-09-21T01:42:54.6313625Z   duration_ms: 113.037274
2026-09-21T01:42:54.6314644Z   ...
2026-09-21T01:42:54.6315667Z # Subtest: profile awards and a live immediate cut survive a single-file backup and continue
2026-09-21T01:42:54.6317123Z ok 134 - profile awards and a live immediate cut survive a single-file backup and continue
2026-09-21T01:42:54.6318018Z   ---
2026-09-21T01:42:54.6318573Z   duration_ms: 264.737533
2026-09-21T01:42:54.6319152Z   ...
2026-09-21T01:42:54.6320157Z # Subtest: profile awards and a live grid-center cut survive a single-file backup and continue
2026-09-21T01:42:54.6321590Z ok 135 - profile awards and a live grid-center cut survive a single-file backup and continue
2026-09-21T01:42:54.6322537Z   ---
2026-09-21T01:42:54.6323066Z   duration_ms: 230.520752
2026-09-21T01:42:54.6323608Z   ...
2026-09-21T01:42:54.6324768Z # Subtest: a suspended pack campaign resolves only from included prepared content
2026-09-21T01:42:54.6326035Z ok 136 - a suspended pack campaign resolves only from included prepared content
2026-09-21T01:42:54.6326866Z   ---
2026-09-21T01:42:54.6327369Z   duration_ms: 40.476284
2026-09-21T01:42:54.6327902Z   ...
2026-09-21T01:42:54.6328915Z # Subtest: a trusted dated-campaign resolver must return the exact registered campaign identity
2026-09-21T01:42:54.6330418Z ok 137 - a trusted dated-campaign resolver must return the exact registered campaign identity
2026-09-21T01:42:54.6331357Z   ---
2026-09-21T01:42:54.6331865Z   duration_ms: 31.230713
2026-09-21T01:42:54.6332409Z   ...
2026-09-21T01:42:54.6333526Z # Subtest: bad profile, pack dependencies, decode and replay checkpoints cannot partially replace caller state
2026-09-21T01:42:54.6335460Z ok 138 - bad profile, pack dependencies, decode and replay checkpoints cannot partially replace caller state
2026-09-21T01:42:54.6336524Z   ---
2026-09-21T01:42:54.6337050Z   duration_ms: 121.961265
2026-09-21T01:42:54.6338480Z   ...
2026-09-21T01:42:54.6339537Z # Subtest: a self-consistent replay with different rules is rejected against its installed campaign
2026-09-21T01:42:54.6341117Z ok 139 - a self-consistent replay with different rules is rejected against its installed campaign
2026-09-21T01:42:54.6342492Z   ---
2026-09-21T01:42:54.6342995Z   duration_ms: 42.244633
2026-09-21T01:42:54.6343532Z   ...
2026-09-21T01:42:54.6344732Z # Subtest: full-envelope and trusted-campaign snapshots resist edits while images decode
2026-09-21T01:42:54.6346268Z ok 140 - full-envelope and trusted-campaign snapshots resist edits while images decode
2026-09-21T01:42:54.6347193Z   ---
2026-09-21T01:42:54.6347678Z   duration_ms: 33.733552
2026-09-21T01:42:54.6348211Z   ...
2026-09-21T01:42:54.6349250Z # Subtest: strict envelopes reject executable fields, prototype keys, accessors and missing members
2026-09-21T01:42:54.6350823Z ok 141 - strict envelopes reject executable fields, prototype keys, accessors and missing members
2026-09-21T01:42:54.6351851Z   ---
2026-09-21T01:42:54.6352365Z   duration_ms: 3.07106
2026-09-21T01:42:54.6352898Z   ...
2026-09-21T01:42:54.6354131Z # Subtest: outer bytes reject before parsing and member limits remain independently enforced
2026-09-21T01:42:54.6355603Z ok 142 - outer bytes reject before parsing and member limits remain independently enforced
2026-09-21T01:42:54.6356526Z   ---
2026-09-21T01:42:54.6357026Z   duration_ms: 34.289771
2026-09-21T01:42:54.6357570Z   ...
2026-09-21T01:42:54.6358491Z # Subtest: abort before work and during decode rejects without returning adoptable data
2026-09-21T01:42:54.6359825Z ok 143 - abort before work and during decode rejects without returning adoptable data
2026-09-21T01:42:54.6360731Z   ---
2026-09-21T01:42:54.6361232Z   duration_ms: 14.089399
2026-09-21T01:42:54.6361774Z   ...
2026-09-21T01:42:54.6362839Z # Subtest: empty backup exports default to no suspended attempt and tolerate older preference migration
2026-09-21T01:42:54.6364628Z ok 144 - empty backup exports default to no suspended attempt and tolerate older preference migration
2026-09-21T01:42:54.6365643Z   ---
2026-09-21T01:42:54.6366135Z   duration_ms: 1.90758
2026-09-21T01:42:54.6366663Z   ...
2026-09-21T01:42:54.6367763Z # Subtest: actual app initialization failure retains inert gameplay and does not overwrite saved profile
2026-09-21T01:42:54.6369394Z ok 145 - actual app initialization failure retains inert gameplay and does not overwrite saved profile
2026-09-21T01:42:54.6370395Z   ---
2026-09-21T01:42:54.6370897Z   duration_ms: 268.449651
2026-09-21T01:42:54.6371439Z   ...
2026-09-21T01:42:54.6372390Z # Subtest: actual app fallback readiness exposes native title without starting a flight
2026-09-21T01:42:54.6373952Z ok 146 - actual app fallback readiness exposes native title without starting a flight
2026-09-21T01:42:54.6374952Z   ---
2026-09-21T01:42:54.6375458Z   duration_ms: 1788.476803
2026-09-21T01:42:54.6376044Z   ...
2026-09-21T01:44:24.9100245Z # Subtest: 119 Border clear and delayed routes preserve legacy outcomes across the explicit Arcade policy
2026-09-21T01:44:24.9105247Z ok 147 - 119 Border clear and delayed routes preserve legacy outcomes across the explicit Arcade policy
2026-09-21T01:44:24.9106370Z   ---
2026-09-21T01:44:24.9106924Z   duration_ms: 96490.377822
2026-09-21T01:44:24.9107539Z   ...
2026-09-21T01:44:24.9209610Z # Subtest: resolved metadata and exact keys survive owned Standard/Gentle lookup
2026-09-21T01:44:24.9236037Z ok 148 - resolved metadata and exact keys survive owned Standard/Gentle lookup
2026-09-21T01:44:24.9255543Z   ---
2026-09-21T01:44:24.9267689Z   duration_ms: 331.521716
2026-09-21T01:44:24.9268445Z   ...
2026-09-21T01:44:24.9269474Z # Subtest: catalog snapshots input and retains the first same-owner metadata
2026-09-21T01:44:24.9273111Z ok 149 - catalog snapshots input and retains the first same-owner metadata
2026-09-21T01:44:24.9274251Z   ---
2026-09-21T01:44:24.9274790Z   duration_ms: 61.033377
2026-09-21T01:44:24.9275422Z   ...
2026-09-21T01:44:24.9276556Z # Subtest: a derived campaign presented as authored collides even with exactly equal execution data
2026-09-21T01:44:24.9278140Z ok 150 - a derived campaign presented as authored collides even with exactly equal execution data
2026-09-21T01:44:24.9279157Z   ---
2026-09-21T01:44:24.9280162Z   duration_ms: 449.881796
2026-09-21T01:44:24.9280750Z   ...
2026-09-21T01:44:24.9281775Z # Subtest: lookup rejects mode coercion and missing keys without inferring labels or ownership
2026-09-21T01:44:24.9283283Z ok 151 - lookup rejects mode coercion and missing keys without inferring labels or ownership
2026-09-21T01:44:24.9285770Z   ---
2026-09-21T01:44:24.9286726Z   duration_ms: 41.917949
2026-09-21T01:44:24.9287635Z   ...
2026-09-21T01:44:24.9288712Z # Subtest: the backup hook returns only owned full campaigns with the same registry partitions
2026-09-21T01:44:24.9290237Z ok 152 - the backup hook returns only owned full campaigns with the same registry partitions
2026-09-21T01:44:24.9291221Z   ---
2026-09-21T01:44:24.9291787Z   duration_ms: 133.291173
2026-09-21T01:44:24.9292403Z   ...
2026-09-21T01:44:24.9293597Z # Subtest: the registry rejects malformed arrays, accessors and mismatching execution rosters before adoption
2026-09-21T01:44:24.9295600Z ok 153 - the registry rejects malformed arrays, accessors and mismatching execution rosters before adoption
2026-09-21T01:44:24.9296713Z   ---
2026-09-21T01:44:24.9297276Z   duration_ms: 54.906525
2026-09-21T01:44:24.9297880Z   ...
2026-09-21T01:44:24.9298901Z # Subtest: campaign proof covers every authored level in both supported steering policies
2026-09-21T01:44:24.9300351Z ok 154 - campaign proof covers every authored level in both supported steering policies
2026-09-21T01:44:24.9301315Z   ---
2026-09-21T01:44:24.9301931Z   duration_ms: 1638.844771
2026-09-21T01:44:24.9302580Z   ...
2026-09-21T01:44:24.9303526Z # Subtest: signal-01 completes via recorded immediate controls from a normal run
2026-09-21T01:44:24.9305144Z ok 155 - signal-01 completes via recorded immediate controls from a normal run
2026-09-21T01:44:24.9306048Z   ---
2026-09-21T01:44:24.9306614Z   duration_ms: 18.04994
2026-09-21T01:44:24.9307214Z   ...
2026-09-21T01:44:24.9308180Z # Subtest: signal-01 completes via recorded grid-center controls from a normal run
2026-09-21T01:44:24.9309542Z ok 156 - signal-01 completes via recorded grid-center controls from a normal run
2026-09-21T01:44:24.9310450Z   ---
2026-09-21T01:44:24.9311002Z   duration_ms: 11.740885
2026-09-21T01:44:24.9311611Z   ...
2026-09-21T01:44:24.9312549Z # Subtest: signal-02 completes via recorded immediate controls from a normal run
2026-09-21T01:44:24.9314090Z ok 157 - signal-02 completes via recorded immediate controls from a normal run
2026-09-21T01:44:24.9314995Z   ---
2026-09-21T01:44:24.9315630Z   duration_ms: 17.023895
2026-09-21T01:44:24.9316233Z   ...
2026-09-21T01:44:24.9317216Z # Subtest: signal-02 completes via recorded grid-center controls from a normal run
2026-09-21T01:44:24.9318493Z ok 158 - signal-02 completes via recorded grid-center controls from a normal run
2026-09-21T01:44:24.9319370Z   ---
2026-09-21T01:44:24.9319930Z   duration_ms: 15.730823
2026-09-21T01:44:24.9320507Z   ...
2026-09-21T01:44:24.9321439Z # Subtest: signal-03 completes via recorded immediate controls from a normal run
2026-09-21T01:44:24.9322844Z ok 159 - signal-03 completes via recorded immediate controls from a normal run
2026-09-21T01:44:24.9323987Z   ---
2026-09-21T01:44:24.9324558Z   duration_ms: 52.752593
2026-09-21T01:44:24.9325155Z   ...
2026-09-21T01:44:24.9326138Z # Subtest: signal-03 completes via recorded grid-center controls from a normal run
2026-09-21T01:44:24.9327540Z ok 160 - signal-03 completes via recorded grid-center controls from a normal run
2026-09-21T01:44:24.9328458Z   ---
2026-09-21T01:44:24.9329059Z   duration_ms: 51.472033
2026-09-21T01:44:24.9329659Z   ...
2026-09-21T01:44:24.9330612Z # Subtest: signal-04 completes via recorded immediate controls from a normal run
2026-09-21T01:44:24.9331959Z ok 161 - signal-04 completes via recorded immediate controls from a normal run
2026-09-21T01:44:24.9332856Z   ---
2026-09-21T01:44:24.9333385Z   duration_ms: 33.726291
2026-09-21T01:44:24.9334189Z   ...
2026-09-21T01:44:24.9335362Z # Subtest: signal-04 completes via recorded grid-center controls from a normal run
2026-09-21T01:44:24.9337141Z ok 162 - signal-04 completes via recorded grid-center controls from a normal run
2026-09-21T01:44:24.9338050Z   ---
2026-09-21T01:44:24.9338588Z   duration_ms: 38.451257
2026-09-21T01:44:24.9339141Z   ...
2026-09-21T01:44:24.9340041Z # Subtest: signal-05 completes via recorded immediate controls from a normal run
2026-09-21T01:44:24.9341512Z ok 163 - signal-05 completes via recorded immediate controls from a normal run
2026-09-21T01:44:24.9342465Z   ---
2026-09-21T01:44:24.9342986Z   duration_ms: 19.722341
2026-09-21T01:44:24.9343548Z   ...
2026-09-21T01:44:24.9344761Z # Subtest: signal-05 completes via recorded grid-center controls from a normal run
2026-09-21T01:44:24.9346106Z ok 164 - signal-05 completes via recorded grid-center controls from a normal run
2026-09-21T01:44:24.9346992Z   ---
2026-09-21T01:44:24.9347531Z   duration_ms: 20.028713
2026-09-21T01:44:24.9348108Z   ...
2026-09-21T01:44:24.9349025Z # Subtest: signal-06 completes via recorded immediate controls from a normal run
2026-09-21T01:44:24.9350316Z ok 165 - signal-06 completes via recorded immediate controls from a normal run
2026-09-21T01:44:24.9351187Z   ---
2026-09-21T01:44:24.9351729Z   duration_ms: 21.030531
2026-09-21T01:44:24.9352310Z   ...
2026-09-21T01:44:24.9353239Z # Subtest: signal-06 completes via recorded grid-center controls from a normal run
2026-09-21T01:44:24.9354846Z ok 166 - signal-06 completes via recorded grid-center controls from a normal run
2026-09-21T01:44:24.9355684Z   ---
2026-09-21T01:44:24.9356128Z   duration_ms: 20.193409
2026-09-21T01:44:24.9356615Z   ...
2026-09-21T01:44:24.9359558Z # Subtest: signal-07 completes via recorded immediate controls from a normal run
2026-09-21T01:44:24.9361139Z ok 167 - signal-07 completes via recorded immediate controls from a normal run
2026-09-21T01:44:24.9362006Z   ---
2026-09-21T01:44:24.9362517Z   duration_ms: 21.523631
2026-09-21T01:44:24.9363068Z   ...
2026-09-21T01:44:24.9364224Z # Subtest: signal-07 completes via recorded grid-center controls from a normal run
2026-09-21T01:44:24.9365560Z ok 168 - signal-07 completes via recorded grid-center controls from a normal run
2026-09-21T01:44:24.9366420Z   ---
2026-09-21T01:44:24.9366927Z   duration_ms: 18.75235
2026-09-21T01:44:24.9367472Z   ...
2026-09-21T01:44:24.9368367Z # Subtest: signal-08 completes via recorded immediate controls from a normal run
2026-09-21T01:44:24.9369616Z ok 169 - signal-08 completes via recorded immediate controls from a normal run
2026-09-21T01:44:24.9370457Z   ---
2026-09-21T01:44:24.9370959Z   duration_ms: 86.972933
2026-09-21T01:44:24.9371514Z   ...
2026-09-21T01:44:24.9372420Z # Subtest: signal-08 completes via recorded grid-center controls from a normal run
2026-09-21T01:44:24.9373680Z ok 170 - signal-08 completes via recorded grid-center controls from a normal run
2026-09-21T01:44:24.9374747Z   ---
2026-09-21T01:44:24.9375246Z   duration_ms: 69.644181
2026-09-21T01:44:24.9375799Z   ...
2026-09-21T01:44:24.9376666Z # Subtest: signal-09 completes via recorded immediate controls from a normal run
2026-09-21T01:44:24.9377892Z ok 171 - signal-09 completes via recorded immediate controls from a normal run
2026-09-21T01:44:24.9378702Z   ---
2026-09-21T01:44:24.9379205Z   duration_ms: 29.610428
2026-09-21T01:44:24.9379750Z   ...
2026-09-21T01:44:24.9380690Z # Subtest: signal-09 completes via recorded grid-center controls from a normal run
2026-09-21T01:44:24.9381964Z ok 172 - signal-09 completes via recorded grid-center controls from a normal run
2026-09-21T01:44:24.9382827Z   ---
2026-09-21T01:44:24.9383333Z   duration_ms: 45.905726
2026-09-21T01:44:24.9384082Z   ...
2026-09-21T01:44:24.9384992Z # Subtest: signal-10 completes via recorded immediate controls from a normal run
2026-09-21T01:44:24.9386261Z ok 173 - signal-10 completes via recorded immediate controls from a normal run
2026-09-21T01:44:24.9387106Z   ---
2026-09-21T01:44:24.9387609Z   duration_ms: 26.157298
2026-09-21T01:44:24.9388164Z   ...
2026-09-21T01:44:24.9389060Z # Subtest: signal-10 completes via recorded grid-center controls from a normal run
2026-09-21T01:44:24.9390624Z ok 174 - signal-10 completes via recorded grid-center controls from a normal run
2026-09-21T01:44:24.9391472Z   ---
2026-09-21T01:44:24.9391971Z   duration_ms: 27.385996
2026-09-21T01:44:24.9392525Z   ...
2026-09-21T01:44:24.9393925Z # Subtest: signal-11 completes via recorded immediate controls from a normal run
2026-09-21T01:44:24.9395286Z ok 175 - signal-11 completes via recorded immediate controls from a normal run
2026-09-21T01:44:24.9396154Z   ---
2026-09-21T01:44:24.9396662Z   duration_ms: 21.544701
2026-09-21T01:44:24.9397210Z   ...
2026-09-21T01:44:24.9398133Z # Subtest: signal-11 completes via recorded grid-center controls from a normal run
2026-09-21T01:44:24.9399428Z ok 176 - signal-11 completes via recorded grid-center controls from a normal run
2026-09-21T01:44:24.9400284Z   ---
2026-09-21T01:44:24.9400794Z   duration_ms: 21.656249
2026-09-21T01:44:24.9401339Z   ...
2026-09-21T01:44:24.9402224Z # Subtest: signal-12 completes via recorded immediate controls from a normal run
2026-09-21T01:44:24.9403483Z ok 177 - signal-12 completes via recorded immediate controls from a normal run
2026-09-21T01:44:24.9404638Z   ---
2026-09-21T01:44:24.9405142Z   duration_ms: 30.678914
2026-09-21T01:44:24.9405694Z   ...
2026-09-21T01:44:24.9406604Z # Subtest: signal-12 completes via recorded grid-center controls from a normal run
2026-09-21T01:44:24.9407859Z ok 178 - signal-12 completes via recorded grid-center controls from a normal run
2026-09-21T01:44:24.9408705Z   ---
2026-09-21T01:44:24.9409195Z   duration_ms: 28.105112
2026-09-21T01:44:24.9424324Z   ...
2026-09-21T01:44:24.9425394Z # Subtest: proof rejects changed content and unfinished input sequences
2026-09-21T01:44:24.9426582Z ok 179 - proof rejects changed content and unfinished input sequences
2026-09-21T01:44:24.9427380Z   ---
2026-09-21T01:44:24.9427913Z   duration_ms: 2.526765
2026-09-21T01:44:24.9428464Z   ...
2026-09-21T01:46:02.6045267Z # Mission preparation failed. TypeError: Artwork failed to load without redirection.
2026-09-21T01:46:02.6085096Z #     at required (file:///home/runner/work/revealline/revealline/source/game/data-json.mjs:103:25)
2026-09-21T01:46:02.6115258Z #     at file:///home/runner/work/revealline/revealline/source/game/content-design/assets.mjs:110:9
2026-09-21T01:46:02.6145247Z #     at async loadPreviewArtwork (file:///home/runner/work/revealline/revealline/source/game/content-design/assets.mjs:99:12)
2026-09-21T01:46:02.6165045Z #     at async file:///home/runner/work/revealline/revealline/source/game/content-design/attempt.mjs:127:15
2026-09-21T01:46:02.6175269Z #     at async Object.prepare (file:///home/runner/work/revealline/revealline/source/game/content-design/attempt.mjs:122:22)
2026-09-21T01:46:02.6205210Z #     at async prepareResultAttempt (file:///home/runner/work/revealline/revealline/source/game/app.mjs?difficultyHost=1:6236:28)
2026-09-21T01:46:02.6235120Z #     at async launchJourneyMission (file:///home/runner/work/revealline/revealline/source/game/app.mjs?difficultyHost=1:4066:23)
2026-09-21T01:46:02.6275126Z # Subtest: cross-pack Skip failure keeps Horizon intact, then retries into Border without awarding a clear
2026-09-21T01:46:02.6294953Z ok 180 - cross-pack Skip failure keeps Horizon intact, then retries into Border without awarding a clear
2026-09-21T01:46:02.6304254Z   ---
2026-09-21T01:46:02.6334323Z   duration_ms: 13509.865061
2026-09-21T01:46:02.6354373Z   ...
2026-09-21T01:46:02.6384685Z # Mission preparation failed. TypeError: Artwork failed to load without redirection.
2026-09-21T01:46:02.6394804Z #     at required (file:///home/runner/work/revealline/revealline/source/game/data-json.mjs:103:25)
2026-09-21T01:46:02.6430635Z #     at file:///home/runner/work/revealline/revealline/source/game/content-design/assets.mjs:110:9
2026-09-21T01:46:02.6445087Z #     at async loadPreviewArtwork (file:///home/runner/work/revealline/revealline/source/game/content-design/assets.mjs:99:12)
2026-09-21T01:46:02.6474866Z #     at async file:///home/runner/work/revealline/revealline/source/game/content-design/attempt.mjs:127:15
2026-09-21T01:46:02.6485120Z #     at async Object.prepare (file:///home/runner/work/revealline/revealline/source/game/content-design/attempt.mjs:122:22)
2026-09-21T01:46:02.6505480Z #     at async prepareResultAttempt (file:///home/runner/work/revealline/revealline/source/game/app.mjs?difficultyHost=2:6236:28)
2026-09-21T01:46:02.6535217Z #     at async launchJourneyMission (file:///home/runner/work/revealline/revealline/source/game/app.mjs?difficultyHost=2:4066:23)
2026-09-21T01:46:02.6564759Z # Subtest: failed authored next-picture load retains the exact paused flight and can retry Skip
2026-09-21T01:46:02.6584695Z ok 181 - failed authored next-picture load retains the exact paused flight and can retry Skip
2026-09-21T01:46:02.6594242Z   ---
2026-09-21T01:46:02.6624207Z   duration_ms: 7480.559552
2026-09-21T01:46:02.6654201Z   ...
2026-09-21T01:46:02.6655108Z # Subtest: difficulty intent during candidate decode cancels adoption and releases late pixels
2026-09-21T01:46:02.6684844Z ok 182 - difficulty intent during candidate decode cancels adoption and releases late pixels
2026-09-21T01:46:02.6714263Z   ---
2026-09-21T01:46:02.6714631Z   duration_ms: 6695.787534
2026-09-21T01:46:02.6715017Z   ...
2026-09-21T01:46:02.6715887Z # Subtest: authored Solo boot and one-action title start preserve gentle rules and original picture
2026-09-21T01:46:02.6717214Z ok 183 - authored Solo boot and one-action title start preserve gentle rules and original picture
2026-09-21T01:46:02.6717995Z   ---
2026-09-21T01:46:02.6718327Z   duration_ms: 3431.123109
2026-09-21T01:46:02.6718703Z   ...
2026-09-21T01:46:02.6719543Z # Subtest: authored Solo boot and one-action title start preserve standard rules and original picture
2026-09-21T01:46:02.6720838Z ok 184 - authored Solo boot and one-action title start preserve standard rules and original picture
2026-09-21T01:46:02.6721599Z   ---
2026-09-21T01:46:02.6721913Z   duration_ms: 4495.367759
2026-09-21T01:46:02.6722280Z   ...
2026-09-21T01:46:02.6723117Z # Subtest: authored Solo boot and one-action title start preserve expert rules and original picture
2026-09-21T01:46:02.6754824Z ok 185 - authored Solo boot and one-action title start preserve expert rules and original picture
2026-09-21T01:46:02.6755646Z   ---
2026-09-21T01:46:02.6756019Z   duration_ms: 3562.140127
2026-09-21T01:46:02.6756404Z   ...
2026-09-21T01:46:02.6757337Z # Subtest: failed difficulty save offers truthful export and retry without replacing the current flight
2026-09-21T01:46:02.6758760Z ok 186 - failed difficulty save offers truthful export and retry without replacing the current flight
2026-09-21T01:46:02.6759592Z   ---
2026-09-21T01:46:02.6759920Z   duration_ms: 2742.320334
2026-09-21T01:46:02.6760294Z   ...
2026-09-21T01:46:02.6761093Z # Subtest: cross-tab difficulty intent refreshes controls but preserves the current attempt
2026-09-21T01:46:02.6762308Z ok 187 - cross-tab difficulty intent refreshes controls but preserves the current attempt
2026-09-21T01:46:02.6763018Z   ---
2026-09-21T01:46:02.6763341Z   duration_ms: 3622.46932
2026-09-21T01:46:02.6763877Z   ...
2026-09-21T01:46:02.6764719Z # Subtest: opening Solo clears continue across all campaigns without Legacy awards or forced Remixes
2026-09-21T01:46:02.6766006Z ok 188 - opening Solo clears continue across all campaigns without Legacy awards or forced Remixes
2026-09-21T01:46:02.6766759Z   ---
2026-09-21T01:46:02.6767069Z   duration_ms: 143317.378638
2026-09-21T01:46:02.6767446Z   ...
2026-09-21T01:50:31.7712221Z # Subtest: authored Solo clears continue across all campaigns without Legacy awards or forced Remixes
2026-09-21T01:50:31.7717103Z ok 189 - authored Solo clears continue across all campaigns without Legacy awards or forced Remixes
2026-09-21T01:50:31.7718346Z   ---
2026-09-21T01:50:31.7718973Z   duration_ms: 269167.455982
2026-09-21T01:50:31.7719667Z   ...
2026-09-21T01:50:39.9230828Z # Subtest: candidate Skip takes two actions, uses next-attempt Expert intent, and restores exact paused saved media
2026-09-21T01:50:39.9238145Z ok 190 - candidate Skip takes two actions, uses next-attempt Expert intent, and restores exact paused saved media
2026-09-21T01:50:39.9239291Z   ---
2026-09-21T01:50:39.9239947Z   duration_ms: 8151.906062
2026-09-21T01:50:39.9240615Z   ...
2026-09-21T01:51:14.3877083Z # Subtest: authored result Retry applies Expert without managed-media pins or changing the clear receipt
2026-09-21T01:51:14.3884325Z ok 191 - authored result Retry applies Expert without managed-media pins or changing the clear receipt
2026-09-21T01:51:14.3885824Z   ---
2026-09-21T01:51:14.3886528Z   duration_ms: 34464.755593
2026-09-21T01:51:14.3887267Z   ...
2026-09-21T01:51:14.4355909Z # Subtest: uncached optional chapter failure preserves the real cut; explicit retry installs it and later offline selection uses stored content
2026-09-21T01:51:14.4385857Z ok 192 - uncached optional chapter failure preserves the real cut; explicit retry installs it and later offline selection uses stored content
2026-09-21T01:51:14.4414601Z   ---
2026-09-21T01:51:14.4475087Z   duration_ms: 15516.903962
2026-09-21T01:51:14.4525460Z   ...
2026-09-21T01:51:14.4545142Z # fpv-arcade chapter install and exact picture must become ready: settled in 8579 ms
2026-09-21T01:51:14.4546624Z # Stored First Light chapter selection must settle without a new download: settled in 2127 ms
2026-09-21T01:51:14.4548308Z # Subtest: explicit chapter download failure stays visible on return to Title and Missions can deliberately retry
2026-09-21T01:51:14.4550149Z ok 193 - explicit chapter download failure stays visible on return to Title and Missions can deliberately retry
2026-09-21T01:51:14.4551220Z   ---
2026-09-21T01:51:14.4551784Z   duration_ms: 10040.567757
2026-09-21T01:51:14.4552355Z   ...
2026-09-21T01:51:14.4553295Z # fpv-arcade-r5 chapter install and exact picture must become ready: settled in 8816 ms
2026-09-21T01:51:14.4555093Z # Subtest: a late failed chapter request cannot replace the status or run from a newer confirmed restart
2026-09-21T01:51:14.4556777Z ok 194 - a late failed chapter request cannot replace the status or run from a newer confirmed restart
2026-09-21T01:51:14.4557788Z   ---
2026-09-21T01:51:14.4558304Z   duration_ms: 2890.579569
2026-09-21T01:51:14.4558859Z   ...
2026-09-21T01:51:14.4559811Z # Subtest: a successful delayed chapter choice leaves a newer Settings visit in place
2026-09-21T01:51:14.4561131Z ok 195 - a successful delayed chapter choice leaves a newer Settings visit in place
2026-09-21T01:51:14.4561987Z   ---
2026-09-21T01:51:14.4562499Z   duration_ms: 11456.211255
2026-09-21T01:51:14.4563042Z   ...
2026-09-21T01:51:14.4564205Z # fpv-arcade-r5 chapter install and exact picture must become ready: settled in 1499 ms
2026-09-21T01:51:14.4565919Z # Subtest: blur announces a deferred Missions download cancellation and its late response cannot adopt or persist the chapter
2026-09-21T01:51:14.4567810Z ok 196 - blur announces a deferred Missions download cancellation and its late response cannot adopt or persist the chapter
2026-09-21T01:51:14.4568991Z   ---
2026-09-21T01:51:14.4569498Z   duration_ms: 1899.757943
2026-09-21T01:51:14.4570044Z   ...
2026-09-21T01:51:14.4570942Z # Subtest: chapter reward work preserves original route and campaign identity oracles
2026-09-21T01:51:14.4572231Z ok 197 - chapter reward work preserves original route and campaign identity oracles
2026-09-21T01:51:14.4573080Z   ---
2026-09-21T01:51:14.4573580Z   duration_ms: 7.15912
2026-09-21T01:51:14.4574451Z   ...
2026-09-21T01:51:14.4575435Z # Subtest: homeward-skies/immediate: three actual clears unlock the final cosmetic tier once
2026-09-21T01:51:14.4576844Z ok 198 - homeward-skies/immediate: three actual clears unlock the final cosmetic tier once
2026-09-21T01:51:14.4577764Z   ---
2026-09-21T01:51:14.4578231Z   duration_ms: 174.648702
2026-09-21T01:51:14.4578762Z   ...
2026-09-21T01:51:14.4579695Z # Subtest: homeward-skies/grid-center: three actual clears unlock the final cosmetic tier once
2026-09-21T01:51:14.4581089Z ok 199 - homeward-skies/grid-center: three actual clears unlock the final cosmetic tier once
2026-09-21T01:51:14.4582503Z   ---
2026-09-21T01:51:14.4583010Z   duration_ms: 171.283032
2026-09-21T01:51:14.4583592Z   ...
2026-09-21T01:51:14.4584967Z # Subtest: equipment-workshop/immediate: three actual clears unlock the final cosmetic tier once
2026-09-21T01:51:14.4586924Z ok 200 - equipment-workshop/immediate: three actual clears unlock the final cosmetic tier once
2026-09-21T01:51:14.4588040Z   ---
2026-09-21T01:51:14.4588580Z   duration_ms: 285.468937
2026-09-21T01:51:14.4589135Z   ...
2026-09-21T01:51:14.4590134Z # Subtest: equipment-workshop/grid-center: three actual clears unlock the final cosmetic tier once
2026-09-21T01:51:14.4591745Z ok 201 - equipment-workshop/grid-center: three actual clears unlock the final cosmetic tier once
2026-09-21T01:51:14.4592783Z   ---
2026-09-21T01:51:14.4593325Z   duration_ms: 260.854032
2026-09-21T01:51:14.4594227Z   ...
2026-09-21T01:51:14.4595401Z # Subtest: another steering variant is not a second map, and chapter eligibility stays local
2026-09-21T01:51:14.4596975Z ok 202 - another steering variant is not a second map, and chapter eligibility stays local
2026-09-21T01:51:14.4597965Z   ---
2026-09-21T01:51:14.4598519Z   duration_ms: 21.850458
2026-09-21T01:51:14.4599130Z   ...
2026-09-21T01:51:14.4600296Z # Subtest: an existing complete portable profile derives access without new records or a new transition
2026-09-21T01:51:14.4601955Z ok 203 - an existing complete portable profile derives access without new records or a new transition
2026-09-21T01:51:14.4602921Z   ---
2026-09-21T01:51:14.4603430Z   duration_ms: 5.809432
2026-09-21T01:51:14.4604375Z   ...
2026-09-21T01:51:14.4605464Z # Subtest: ordinary Workshop routes remain unqualified despite granting chapter cosmetics
2026-09-21T01:51:14.4607045Z ok 204 - ordinary Workshop routes remain unqualified despite granting chapter cosmetics
2026-09-21T01:51:14.4608109Z   ---
2026-09-21T01:51:14.4608700Z   duration_ms: 2002.839715
2026-09-21T01:51:14.4609362Z   ...
2026-09-21T01:51:14.4610537Z # Subtest: mixed backup and pack removal/reinstall preserve clears and an independently verified seal
2026-09-21T01:51:14.4612340Z ok 205 - mixed backup and pack removal/reinstall preserve clears and an independently verified seal
2026-09-21T01:51:14.4613480Z   ---
2026-09-21T01:51:14.4614481Z   duration_ms: 518.188472
2026-09-21T01:51:14.4615142Z   ...
2026-09-21T01:51:14.4616242Z # Subtest: an out-of-order Workshop win remains replayable after import and backup (immediate)
2026-09-21T01:51:14.4617726Z ok 206 - an out-of-order Workshop win remains replayable after import and backup (immediate)
2026-09-21T01:51:14.4618676Z   ---
2026-09-21T01:51:14.4619194Z   duration_ms: 88.65539
2026-09-21T01:51:14.4619754Z   ...
2026-09-21T01:51:14.4620771Z # Subtest: an out-of-order Workshop win remains replayable after import and backup (grid-center)
2026-09-21T01:51:14.4622254Z ok 207 - an out-of-order Workshop win remains replayable after import and backup (grid-center)
2026-09-21T01:51:14.4623229Z   ---
2026-09-21T01:51:14.4624015Z   duration_ms: 107.015793
2026-09-21T01:51:14.4624611Z   ...
2026-09-21T01:51:14.4625578Z # Subtest: practice completions cannot add clear-derived eligibility or stored rewards
2026-09-21T01:51:14.4626952Z ok 208 - practice completions cannot add clear-derived eligibility or stored rewards
2026-09-21T01:51:14.4627865Z   ---
2026-09-21T01:51:14.4628371Z   duration_ms: 13.014357
2026-09-21T01:51:14.4628926Z   ...
2026-09-21T01:51:14.4630062Z # Subtest: a refused profile write keeps prior bytes while the new cosmetic remains exportable for the session
2026-09-21T01:51:14.4631752Z ok 209 - a refused profile write keeps prior bytes while the new cosmetic remains exportable for the session
2026-09-21T01:51:14.4632776Z   ---
2026-09-21T01:51:14.4633292Z   duration_ms: 23.898321
2026-09-21T01:51:14.4634084Z   ...
2026-09-21T01:51:14.4635159Z # Subtest: a due erosion resolves penetration in historical order before any recovery projection
2026-09-21T01:51:14.4637111Z ok 210 - a due erosion resolves penetration in historical order before any recovery projection
2026-09-21T01:51:14.4638084Z   ---
2026-09-21T01:51:14.4638599Z   duration_ms: 28.213894
2026-09-21T01:51:14.4639164Z   ...
2026-09-21T01:51:14.4640453Z # Subtest: immediate: shipped Standard R4 first Down capture continues through idle and saved return
2026-09-21T01:51:14.4642045Z ok 211 - immediate: shipped Standard R4 first Down capture continues through idle and saved return
2026-09-21T01:51:14.4643064Z   ---
2026-09-21T01:51:14.4643629Z   duration_ms: 980.838059
2026-09-21T01:51:14.4644702Z   ...
2026-09-21T01:51:14.4645799Z # Subtest: immediate: same authored Gentle map retains legal capture and moving field actors
2026-09-21T01:51:14.4647358Z ok 212 - immediate: same authored Gentle map retains legal capture and moving field actors
2026-09-21T01:51:14.4648386Z   ---
2026-09-21T01:51:14.4648955Z   duration_ms: 268.943743
2026-09-21T01:51:14.4649586Z   ...
2026-09-21T01:51:14.4650968Z # Subtest: immediate: a closing impact trail repairs an embedded field actor without recapture or lost world time
2026-09-21T01:51:14.4652848Z ok 213 - immediate: a closing impact trail repairs an embedded field actor without recapture or lost world time
2026-09-21T01:51:14.4654283Z   ---
2026-09-21T01:51:14.4654857Z   duration_ms: 301.683148
2026-09-21T01:51:14.4655523Z   ...
2026-09-21T01:51:14.4656670Z # Subtest: grid-center: shipped Standard R4 first Down capture continues through idle and saved return
2026-09-21T01:51:14.4658375Z ok 214 - grid-center: shipped Standard R4 first Down capture continues through idle and saved return
2026-09-21T01:51:14.4659480Z   ---
2026-09-21T01:51:14.4660075Z   duration_ms: 690.663438
2026-09-21T01:51:14.4660708Z   ...
2026-09-21T01:51:14.4661791Z # Subtest: grid-center: same authored Gentle map retains legal capture and moving field actors
2026-09-21T01:51:14.4663406Z ok 215 - grid-center: same authored Gentle map retains legal capture and moving field actors
2026-09-21T01:51:14.4664747Z   ---
2026-09-21T01:51:14.4665407Z   duration_ms: 130.405277
2026-09-21T01:51:14.4666034Z   ...
2026-09-21T01:51:14.4667277Z # Subtest: grid-center: a closing impact trail repairs an embedded field actor without recapture or lost world time
2026-09-21T01:51:14.4669186Z ok 216 - grid-center: a closing impact trail repairs an embedded field actor without recapture or lost world time
2026-09-21T01:51:14.4670393Z   ---
2026-09-21T01:51:14.4670909Z   duration_ms: 156.734738
2026-09-21T01:51:14.4671479Z   ...
2026-09-21T01:51:14.4672598Z # Subtest: immediate: an earned extra life preserves a clean win and is accepted by progression
2026-09-21T01:51:14.4674527Z ok 217 - immediate: an earned extra life preserves a clean win and is accepted by progression
2026-09-21T01:51:14.4675652Z   ---
2026-09-21T01:51:14.4676244Z   duration_ms: 207.84995
2026-09-21T01:51:14.4676860Z   ...
2026-09-21T01:51:14.4677955Z # Subtest: immediate: replacing a lost life does not recreate clean play or a gold medal
2026-09-21T01:51:14.4679491Z ok 218 - immediate: replacing a lost life does not recreate clean play or a gold medal
2026-09-21T01:51:14.4680496Z   ---
2026-09-21T01:51:14.4681034Z   duration_ms: 185.741463
2026-09-21T01:51:14.4681630Z   ...
2026-09-21T01:51:14.4682711Z # Subtest: grid-center: an earned extra life preserves a clean win and is accepted by progression
2026-09-21T01:51:14.4684674Z ok 219 - grid-center: an earned extra life preserves a clean win and is accepted by progression
2026-09-21T01:51:14.4685718Z   ---
2026-09-21T01:51:14.4686265Z   duration_ms: 151.358888
2026-09-21T01:51:14.4686861Z   ...
2026-09-21T01:51:14.4687876Z # Subtest: grid-center: replacing a lost life does not recreate clean play or a gold medal
2026-09-21T01:51:14.4689281Z ok 220 - grid-center: replacing a lost life does not recreate clean play or a gold medal
2026-09-21T01:51:14.4690206Z   ---
2026-09-21T01:51:14.4690722Z   duration_ms: 128.675554
2026-09-21T01:51:14.4691275Z   ...
2026-09-21T01:51:14.4692386Z # Subtest: classic Gentle has its own policy and scales every moving classic role without editing the source
2026-09-21T01:51:14.4694689Z ok 221 - classic Gentle has its own policy and scales every moving classic role without editing the source
2026-09-21T01:51:14.4695724Z   ---
2026-09-21T01:51:14.4696223Z   duration_ms: 17.7393
2026-09-21T01:51:14.4696766Z   ...
2026-09-21T01:51:14.4697989Z # Subtest: lethal terrain has a readable terminal explanation without changing recovery UI
2026-09-21T01:51:14.4699443Z ok 222 - lethal terrain has a readable terminal explanation without changing recovery UI
2026-09-21T01:51:14.4700377Z   ---
2026-09-21T01:51:14.4700906Z   duration_ms: 0.531662
2026-09-21T01:51:14.4701461Z   ...
2026-09-21T01:51:14.4702403Z # Subtest: a lower-score Gold completion is visible beside the retained Silver score run
2026-09-21T01:51:14.4704087Z ok 223 - a lower-score Gold completion is visible beside the retained Silver score run
2026-09-21T01:51:14.4705045Z   ---
2026-09-21T01:51:14.4705596Z   duration_ms: 27.825103
2026-09-21T01:51:14.4706180Z   ...
2026-09-21T01:51:14.4707092Z # Subtest: a different difficulty or level cannot supply a better medal
2026-09-21T01:51:14.4708335Z ok 224 - a different difficulty or level cannot supply a better medal
2026-09-21T01:51:14.4709248Z   ---
2026-09-21T01:51:14.4709838Z   duration_ms: 0.465599
2026-09-21T01:51:14.4710479Z   ...
2026-09-21T01:51:14.4711465Z # Subtest: unavailable or malformed progress does not invent level mastery
2026-09-21T01:51:14.4712797Z ok 225 - unavailable or malformed progress does not invent level mastery
2026-09-21T01:51:14.4714024Z   ---
2026-09-21T01:51:14.4714588Z   duration_ms: 0.512076
2026-09-21T01:51:14.4715148Z   ...
2026-09-21T01:51:14.4716203Z # Subtest: actor CRUD is immutable, preserves maps and shared tiers, and round trips through undo
2026-09-21T01:51:14.4717720Z ok 226 - actor CRUD is immutable, preserves maps and shared tiers, and round trips through undo
2026-09-21T01:51:14.4718682Z   ---
2026-09-21T01:51:14.4719215Z   duration_ms: 785.845266
2026-09-21T01:51:14.4719819Z   ...
2026-09-21T01:51:14.4720945Z # Subtest: invalid identity, extra fields, arbitrary speeds and illegal placement cannot partially edit
2026-09-21T01:51:14.4722579Z ok 227 - invalid identity, extra fields, arbitrary speeds and illegal placement cannot partially edit
2026-09-21T01:51:14.4723602Z   ---
2026-09-21T01:51:14.4724403Z   duration_ms: 427.154991
2026-09-21T01:51:14.4724968Z   ...
2026-09-21T01:51:14.4725905Z # Subtest: Team actor commands use the same compiler and do not change seats or lives
2026-09-21T01:51:14.4727254Z ok 228 - Team actor commands use the same compiler and do not change seats or lives
2026-09-21T01:51:14.4728261Z   ---
2026-09-21T01:51:14.4728842Z   duration_ms: 271.079765
2026-09-21T01:51:14.4729458Z   ...
2026-09-21T01:51:14.4730600Z # Subtest: Studio emitter controls use shared cadence and an explicit axis without motion overrides
2026-09-21T01:51:14.4732296Z ok 229 - Studio emitter controls use shared cadence and an explicit axis without motion overrides
2026-09-21T01:51:14.4733402Z   ---
2026-09-21T01:51:14.4734277Z   duration_ms: 61.305606
2026-09-21T01:51:14.4734923Z   ...
2026-09-21T01:51:14.4736019Z # Subtest: Studio may create actor controls before its asynchronous draft session is adopted
2026-09-21T01:51:14.4737638Z ok 230 - Studio may create actor controls before its asynchronous draft session is adopted
2026-09-21T01:51:14.4738690Z   ---
2026-09-21T01:51:14.4739191Z   duration_ms: 0.602875
2026-09-21T01:51:14.4739721Z   ...
2026-09-21T01:51:14.4740825Z # Subtest: Studio exposes roamer fields only for the exact v2 Solo catalogue and rejects stale upgrade fields
2026-09-21T01:51:14.4742526Z ok 231 - Studio exposes roamer fields only for the exact v2 Solo catalogue and rejects stale upgrade fields
2026-09-21T01:51:14.4743653Z   ---
2026-09-21T01:51:14.4744498Z   duration_ms: 54.486063
2026-09-21T01:51:14.4745084Z   ...
2026-09-21T01:51:14.4745988Z # Subtest: a same-revision map replacement rejects stale actor coordinates
2026-09-21T01:51:14.4747256Z ok 232 - a same-revision map replacement rejects stale actor coordinates
2026-09-21T01:51:14.4748402Z   ---
2026-09-21T01:51:14.4748925Z   duration_ms: 0.519108
2026-09-21T01:51:14.4749538Z   ...
2026-09-21T01:51:14.4750789Z # Subtest: actor controls add, replace and confirm removal; invalid fields retain the applied draft
2026-09-21T01:51:14.4752715Z ok 233 - actor controls add, replace and confirm removal; invalid fields retain the applied draft
2026-09-21T01:51:14.4754105Z   ---
2026-09-21T01:51:14.4754709Z   duration_ms: 267.355373
2026-09-21T01:51:14.4755318Z   ...
2026-09-21T01:51:14.4756388Z # Subtest: stale actor fields cannot apply after a project or same-revision source replacement
2026-09-21T01:51:14.4758006Z ok 234 - stale actor fields cannot apply after a project or same-revision source replacement
2026-09-21T01:51:14.4759058Z   ---
2026-09-21T01:51:14.4759645Z   duration_ms: 1.186434
2026-09-21T01:51:14.4760221Z   ...
2026-09-21T01:51:14.4761304Z # Subtest: Studio exposes the eroder only in v3, with shared warning rules and validated heading fields
2026-09-21T01:51:14.4762589Z ok 235 - Studio exposes the eroder only in v3, with shared warning rules and validated heading fields
2026-09-21T01:51:14.4763186Z   ---
2026-09-21T01:51:14.4763521Z   duration_ms: 125.547051
2026-09-21T01:51:14.4764298Z   ...
2026-09-21T01:51:14.4765388Z # Subtest: Studio carrier controls are catalogue-gated and compile selected IDs without affecting keepers
2026-09-21T01:51:14.4766875Z ok 236 - Studio carrier controls are catalogue-gated and compile selected IDs without affecting keepers
2026-09-21T01:51:14.4767702Z   ---
2026-09-21T01:51:14.4767959Z   duration_ms: 128.824686
2026-09-21T01:51:14.4768193Z   ...
2026-09-21T01:51:14.4768740Z # Subtest: role controls explain domains, refresh preset tiers, clear absent missions and honor rejected adoption
2026-09-21T01:51:14.4769687Z ok 237 - role controls explain domains, refresh preset tiers, clear absent missions and honor rejected adoption
2026-09-21T01:51:14.4770190Z   ---
2026-09-21T01:51:14.4770392Z   duration_ms: 78.413492
2026-09-21T01:51:14.4770612Z   ...
2026-09-21T01:51:14.4771127Z # Subtest: map previews show every contact effect with a distinct framed glyph even without capture overlay
2026-09-21T01:51:14.4771936Z ok 238 - map previews show every contact effect with a distinct framed glyph even without capture overlay
2026-09-21T01:51:14.4772398Z   ---
2026-09-21T01:51:14.4772593Z   duration_ms: 625.452583
2026-09-21T01:51:14.4772820Z   ...
2026-09-21T01:51:14.4773306Z # Subtest: all four contact effects compile for every preset and paired mode without changing physics
2026-09-21T01:51:14.4774589Z ok 239 - all four contact effects compile for every preset and paired mode without changing physics
2026-09-21T01:51:14.4775439Z   ---
2026-09-21T01:51:14.4775823Z   duration_ms: 1698.579684
2026-09-21T01:51:14.4776258Z   ...
2026-09-21T01:51:14.4777256Z # Subtest: bonus replacement/removal preserve maps and undo; invalid or privileged edits fail atomically
2026-09-21T01:51:14.4778841Z ok 240 - bonus replacement/removal preserve maps and undo; invalid or privileged edits fail atomically
2026-09-21T01:51:14.4779759Z   ---
2026-09-21T01:51:14.4780155Z   duration_ms: 603.29703
2026-09-21T01:51:14.4780584Z   ...
2026-09-21T01:51:14.4781313Z # Subtest: a same-revision map replacement rejects stale bonus coordinates
2026-09-21T01:51:14.4782416Z ok 241 - a same-revision map replacement rejects stale bonus coordinates
2026-09-21T01:51:14.4783088Z   ---
2026-09-21T01:51:14.4783512Z   duration_ms: 4.130315
2026-09-21T01:51:14.4784291Z   ...
2026-09-21T01:51:14.4785088Z # Subtest: bonus UI validates add/update and requires a fresh two-action removal
2026-09-21T01:51:14.4786255Z ok 242 - bonus UI validates add/update and requires a fresh two-action removal
2026-09-21T01:51:14.4786991Z   ---
2026-09-21T01:51:14.4787370Z   duration_ms: 294.335703
2026-09-21T01:51:14.4787796Z   ...
2026-09-21T01:51:14.4789094Z # Subtest: bonus controls reject stale adoption, honor cancellation and disable unqualified Team/empty contexts
2026-09-21T01:51:14.4790737Z ok 243 - bonus controls reject stale adoption, honor cancellation and disable unqualified Team/empty contexts
2026-09-21T01:51:14.4791247Z   ---
2026-09-21T01:51:14.4791452Z   duration_ms: 80.342458
2026-09-21T01:51:14.4791683Z   ...
2026-09-21T01:51:14.4792318Z # Subtest: draft saves are immutable checkpoints with atomic cross-tab revision conflicts
2026-09-21T01:51:14.4793038Z ok 244 - draft saves are immutable checkpoints with atomic cross-tab revision conflicts
2026-09-21T01:51:14.4793456Z   ---
2026-09-21T01:51:14.4793651Z   duration_ms: 11.371922
2026-09-21T01:51:14.4794166Z   ...
2026-09-21T01:51:14.4794818Z # Subtest: failed draft writes do not replace the saved head
2026-09-21T01:51:14.4795566Z ok 245 - failed draft writes do not replace the saved head
2026-09-21T01:51:14.4796092Z   ---
2026-09-21T01:51:14.4796502Z   duration_ms: 3.290281
2026-09-21T01:51:14.4796907Z   ...
2026-09-21T01:51:14.4797817Z # Subtest: history owns edits, supports undo/redo and preserves unsaved export after failure
2026-09-21T01:51:14.4799060Z ok 246 - history owns edits, supports undo/redo and preserves unsaved export after failure
2026-09-21T01:51:14.4799785Z   ---
2026-09-21T01:51:14.4800104Z   duration_ms: 1.504107
2026-09-21T01:51:14.4800460Z   ...
2026-09-21T01:51:14.4801279Z # Subtest: editing one shared map preserves the original revision and other dependent missions
2026-09-21T01:51:14.4802516Z ok 247 - editing one shared map preserves the original revision and other dependent missions
2026-09-21T01:51:14.4803250Z   ---
2026-09-21T01:51:14.4803568Z   duration_ms: 3.056043
2026-09-21T01:51:14.4804140Z   ...
2026-09-21T01:51:14.4805056Z # Subtest: image reference loading checks bounded original bytes, then decoded dimensions, without saving
2026-09-21T01:51:14.4806480Z ok 248 - image reference loading checks bounded original bytes, then decoded dimensions, without saving
2026-09-21T01:51:14.4807303Z   ---
2026-09-21T01:51:14.4807627Z   duration_ms: 459.381999
2026-09-21T01:51:14.4808003Z   ...
2026-09-21T01:51:14.4808894Z # Subtest: hostile, malformed, oversized, mismatched and stalled references cannot become usable images
2026-09-21T01:51:14.4810275Z ok 249 - hostile, malformed, oversized, mismatched and stalled references cannot become usable images
2026-09-21T01:51:14.4811075Z   ---
2026-09-21T01:51:14.4811411Z   duration_ms: 839.887831
2026-09-21T01:51:14.4811785Z   ...
2026-09-21T01:51:14.4812630Z # Subtest: crop inspection rejects fractional, out-of-bounds, empty, hostile and non-finite input
2026-09-21T01:51:14.4814167Z ok 250 - crop inspection rejects fractional, out-of-bounds, empty, hostile and non-finite input
2026-09-21T01:51:14.4814945Z   ---
2026-09-21T01:51:14.4815265Z   duration_ms: 1.381498
2026-09-21T01:51:14.4815628Z   ...
2026-09-21T01:51:14.4816567Z # Subtest: manual geometry is inspected atomically through all presets and preserves shared maps and history
2026-09-21T01:51:14.4818033Z ok 251 - manual geometry is inspected atomically through all presets and preserves shared maps and history
2026-09-21T01:51:14.4818877Z   ---
2026-09-21T01:51:14.4819199Z   duration_ms: 490.987622
2026-09-21T01:51:14.4819567Z   ...
2026-09-21T01:51:14.4820275Z # Subtest: invalid queued geometry cannot partially apply or bypass the compiler
2026-09-21T01:51:14.4821353Z ok 252 - invalid queued geometry cannot partially apply or bypass the compiler
2026-09-21T01:51:14.4822017Z   ---
2026-09-21T01:51:14.4822339Z   duration_ms: 259.350975
2026-09-21T01:51:14.4822718Z   ...
2026-09-21T01:51:14.4823676Z # Subtest: Studio requires exact inspection and explicit apply; edited crop/draft invalidates prior permission
2026-09-21T01:51:14.4825465Z ok 253 - Studio requires exact inspection and explicit apply; edited crop/draft invalidates prior permission
2026-09-21T01:51:14.4826428Z   ---
2026-09-21T01:51:14.4826810Z   duration_ms: 1248.664664
2026-09-21T01:51:14.4827233Z   ...
2026-09-21T01:51:14.4828339Z # Subtest: newer uploads win, failed replacements preserve the old reference, and mission changes dispose late decodes
2026-09-21T01:51:14.4830372Z ok 254 - newer uploads win, failed replacements preserve the old reference, and mission changes dispose late decodes
2026-09-21T01:51:14.4831306Z   ---
2026-09-21T01:51:14.4831668Z   duration_ms: 0.961675
2026-09-21T01:51:14.4832058Z   ...
2026-09-21T01:51:14.4833138Z # Subtest: Undo retires the Applied message even after the accepted tracing queue is empty
2026-09-21T01:51:14.4834718Z ok 255 - Undo retires the Applied message even after the accepted tracing queue is empty
2026-09-21T01:51:14.4835432Z   ---
2026-09-21T01:51:14.4835796Z   duration_ms: 767.908736
2026-09-21T01:51:14.4836213Z   ...
2026-09-21T01:51:14.4837201Z # Subtest: changing difficulty retires the frozen inspected preview but preserves the queued proposal
2026-09-21T01:51:14.4838669Z ok 256 - changing difficulty retires the frozen inspected preview but preserves the queued proposal
2026-09-21T01:51:14.4839525Z   ---
2026-09-21T01:51:14.4839891Z   duration_ms: 891.274766
2026-09-21T01:51:14.4840317Z   ...
2026-09-21T01:51:14.4841353Z # Subtest: trace snapshot and restore retain original bytes and accepted crop but never restore Apply authority
2026-09-21T01:51:14.4842975Z ok 257 - trace snapshot and restore retain original bytes and accepted crop but never restore Apply authority
2026-09-21T01:51:14.4844195Z   ---
2026-09-21T01:51:14.4844576Z   duration_ms: 4966.626645
2026-09-21T01:51:14.4845008Z   ...
2026-09-21T01:51:14.4845880Z # Subtest: late tracing decode cannot replace newer queued geometry or a different mission
2026-09-21T01:51:14.4847201Z ok 258 - late tracing decode cannot replace newer queued geometry or a different mission
2026-09-21T01:51:14.4848005Z   ---
2026-09-21T01:51:14.4848379Z   duration_ms: 1762.193499
2026-09-21T01:51:14.4848791Z   ...
2026-09-21T01:51:14.4849821Z # Subtest: planned mixed-mode candidate scale fits compiler, immutable draft recovery and shared-map editing
2026-09-21T01:51:14.4851503Z ok 259 - planned mixed-mode candidate scale fits compiler, immutable draft recovery and shared-map editing
2026-09-21T01:51:14.4852441Z   ---
2026-09-21T01:51:14.4852806Z   duration_ms: 6167.283483
2026-09-21T01:51:14.4853252Z   ...
2026-09-21T01:51:14.4854497Z # Subtest: larger item capacity retains finite structural budgets and refuses excess without mutating input
2026-09-21T01:51:14.4855996Z ok 260 - larger item capacity retains finite structural budgets and refuses excess without mutating input
2026-09-21T01:51:14.4856846Z   ---
2026-09-21T01:51:14.4857179Z   duration_ms: 51.473591
2026-09-21T01:51:14.4857551Z   ...
2026-09-21T01:51:14.4858411Z # Subtest: pacing inspection shares exact gameplay membership, order, mode and archive handling
2026-09-21T01:51:14.4859709Z ok 261 - pacing inspection shares exact gameplay membership, order, mode and archive handling
2026-09-21T01:51:14.4860471Z   ---
2026-09-21T01:51:14.4860815Z   duration_ms: 4015.574483
2026-09-21T01:51:14.4861199Z   ...
2026-09-21T01:51:14.4862124Z # Subtest: advisory pacing retains deliberate regressions, source data and explicit optional exclusions
2026-09-21T01:51:14.4863565Z ok 262 - advisory pacing retains deliberate regressions, source data and explicit optional exclusions
2026-09-21T01:51:14.4864559Z   ---
2026-09-21T01:51:14.4864895Z   duration_ms: 1716.258979
2026-09-21T01:51:14.4865279Z   ...
2026-09-21T01:51:14.4866211Z # Subtest: countdown guidance is strictly below fifteen percent and large band steps remain advisory
2026-09-21T01:51:14.4867643Z ok 263 - countdown guidance is strictly below fifteen percent and large band steps remain advisory
2026-09-21T01:51:14.4868485Z   ---
2026-09-21T01:51:14.4868855Z   duration_ms: 2778.514538
2026-09-21T01:51:14.4869270Z   ...
2026-09-21T01:51:14.4870089Z # Subtest: only fully owned frozen compiled registries may be reused without recompilation
2026-09-21T01:51:14.4871370Z ok 264 - only fully owned frozen compiled registries may be reused without recompilation
2026-09-21T01:51:14.4872140Z   ---
2026-09-21T01:51:14.4872521Z   duration_ms: 257.312713
2026-09-21T01:51:14.4873240Z   ...
2026-09-21T01:51:14.4874307Z # Subtest: one project resolves maps, missions, campaign order and packs without hidden rules
2026-09-21T01:51:14.4875626Z ok 265 - one project resolves maps, missions, campaign order and packs without hidden rules
2026-09-21T01:51:14.4876672Z   ---
2026-09-21T01:51:14.4877218Z   duration_ms: 87.193674
2026-09-21T01:51:14.4877635Z   ...
2026-09-21T01:51:14.4878480Z # Subtest: presets are deterministic with explicit lives and bounded changed dimensions
2026-09-21T01:51:14.4879699Z ok 266 - presets are deterministic with explicit lives and bounded changed dimensions
2026-09-21T01:51:14.4880405Z   ---
2026-09-21T01:51:14.4880729Z   duration_ms: 119.411374
2026-09-21T01:51:14.4881103Z   ...
2026-09-21T01:51:14.4881738Z # Subtest: campaign titles and ordering cannot change physics identity
2026-09-21T01:51:14.4882660Z ok 267 - campaign titles and ordering cannot change physics identity
2026-09-21T01:51:14.4883262Z   ---
2026-09-21T01:51:14.4883583Z   duration_ms: 100.887267
2026-09-21T01:51:14.4884222Z   ...
2026-09-21T01:51:14.4885125Z # Subtest: compiler rejects dangling references, hidden physics overrides and false mode compatibility
2026-09-21T01:51:14.4886516Z ok 268 - compiler rejects dangling references, hidden physics overrides and false mode compatibility
2026-09-21T01:51:14.4887322Z   ---
2026-09-21T01:51:14.4887645Z   duration_ms: 13.052098
2026-09-21T01:51:14.4888018Z   ...
2026-09-21T01:51:14.4888764Z # Subtest: immutable map revisions resolve exactly and Versus-only candidates compile
2026-09-21T01:51:14.4889895Z ok 269 - immutable map revisions resolve exactly and Versus-only candidates compile
2026-09-21T01:51:14.4890590Z   ---
2026-09-21T01:51:14.4890908Z   duration_ms: 17.049197
2026-09-21T01:51:14.4891275Z   ...
2026-09-21T01:51:14.4892032Z # Subtest: actor catalogue v2 extends explicit authored capability without rewriting v1
2026-09-21T01:51:14.4893182Z ok 270 - actor catalogue v2 extends explicit authored capability without rewriting v1
2026-09-21T01:51:14.4894106Z   ---
2026-09-21T01:51:14.4894480Z   duration_ms: 692.876895
2026-09-21T01:51:14.4894909Z   ...
2026-09-21T01:51:14.4895790Z # Subtest: roamer authoring uses bounded shared tiers and fails closed for unqualified Team
2026-09-21T01:51:14.4900062Z ok 271 - roamer authoring uses bounded shared tiers and fails closed for unqualified Team
2026-09-21T01:51:14.4900907Z   ---
2026-09-21T01:51:14.4901279Z   duration_ms: 57.341346
2026-09-21T01:51:14.4901694Z   ...
2026-09-21T01:51:14.4902718Z # Subtest: the project boundary requires an explicit catalogue and never inherits the standalone legacy default
2026-09-21T01:51:14.4904588Z ok 272 - the project boundary requires an explicit catalogue and never inherits the standalone legacy default
2026-09-21T01:51:14.4905527Z   ---
2026-09-21T01:51:14.4945619Z   duration_ms: 74.788066
2026-09-21T01:51:14.4946082Z   ...
2026-09-21T01:51:14.4947499Z # Subtest: authored roamer keeps the existing dormant → warning → reclaimed-domain contract: gentle/immediate
2026-09-21T01:51:14.4949269Z ok 273 - authored roamer keeps the existing dormant → warning → reclaimed-domain contract: gentle/immediate
2026-09-21T01:51:14.4950220Z   ---
2026-09-21T01:51:14.4950617Z   duration_ms: 432.04366
2026-09-21T01:51:14.4951029Z   ...
2026-09-21T01:51:14.4952293Z # Subtest: authored roamer keeps the existing dormant → warning → reclaimed-domain contract: gentle/grid-center
2026-09-21T01:51:14.4954333Z ok 274 - authored roamer keeps the existing dormant → warning → reclaimed-domain contract: gentle/grid-center
2026-09-21T01:51:14.4955264Z   ---
2026-09-21T01:51:14.4955618Z   duration_ms: 344.589099
2026-09-21T01:51:14.4956009Z   ...
2026-09-21T01:51:14.4957182Z # Subtest: authored roamer keeps the existing dormant → warning → reclaimed-domain contract: standard/immediate
2026-09-21T01:51:14.4958975Z ok 275 - authored roamer keeps the existing dormant → warning → reclaimed-domain contract: standard/immediate
2026-09-21T01:51:14.4959918Z   ---
2026-09-21T01:51:14.4960285Z   duration_ms: 359.588656
2026-09-21T01:51:14.4961001Z   ...
2026-09-21T01:51:14.4962255Z # Subtest: authored roamer keeps the existing dormant → warning → reclaimed-domain contract: standard/grid-center
2026-09-21T01:51:14.4965236Z ok 276 - authored roamer keeps the existing dormant → warning → reclaimed-domain contract: standard/grid-center
2026-09-21T01:51:14.4966270Z   ---
2026-09-21T01:51:14.4966661Z   duration_ms: 246.973761
2026-09-21T01:51:14.4967108Z   ...
2026-09-21T01:51:14.4968356Z # Subtest: authored roamer keeps the existing dormant → warning → reclaimed-domain contract: expert/immediate
2026-09-21T01:51:14.4970110Z ok 277 - authored roamer keeps the existing dormant → warning → reclaimed-domain contract: expert/immediate
2026-09-21T01:51:14.4971049Z   ---
2026-09-21T01:51:14.4971439Z   duration_ms: 244.583547
2026-09-21T01:51:14.4971873Z   ...
2026-09-21T01:51:14.4973141Z # Subtest: authored roamer keeps the existing dormant → warning → reclaimed-domain contract: expert/grid-center
2026-09-21T01:51:14.4975178Z ok 278 - authored roamer keeps the existing dormant → warning → reclaimed-domain contract: expert/grid-center
2026-09-21T01:51:14.4976038Z   ---
2026-09-21T01:51:14.4976376Z   duration_ms: 175.286727
2026-09-21T01:51:14.4976749Z   ...
2026-09-21T01:51:14.4977591Z # Subtest: Horizon has an explicit valid presentation and mismatched preview themes fail closed
2026-09-21T01:51:14.4978870Z ok 279 - Horizon has an explicit valid presentation and mismatched preview themes fail closed
2026-09-21T01:51:14.4979621Z   ---
2026-09-21T01:51:14.4979952Z   duration_ms: 7795.12743
2026-09-21T01:51:14.4980330Z   ...
2026-09-21T01:51:14.4981154Z # Subtest: Studio and CLI resolve exactly the same candidate across all three difficulty presets
2026-09-21T01:51:14.4982427Z ok 280 - Studio and CLI resolve exactly the same candidate across all three difficulty presets
2026-09-21T01:51:14.4983178Z   ---
2026-09-21T01:51:14.4983504Z   duration_ms: 1180.863154
2026-09-21T01:51:14.4984094Z   ...
2026-09-21T01:51:14.4984967Z # Subtest: CLI rejects contradictory or duplicate options and never claims release qualification
2026-09-21T01:51:14.4986285Z ok 281 - CLI rejects contradictory or duplicate options and never claims release qualification
2026-09-21T01:51:14.4987053Z   ---
2026-09-21T01:51:14.4987381Z   duration_ms: 704.371921
2026-09-21T01:51:14.4987768Z   ...
2026-09-21T01:51:14.4988607Z # Subtest: Versus-only geometry can be inspected without silently launching a Solo practice game
2026-09-21T01:51:14.4989893Z ok 282 - Versus-only geometry can be inspected without silently launching a Solo practice game
2026-09-21T01:51:14.4990655Z   ---
2026-09-21T01:51:14.4990982Z   duration_ms: 56.579329
2026-09-21T01:51:14.4991355Z   ...
2026-09-21T01:51:14.4992235Z # Subtest: autosave coalesces edits during an in-flight checkpoint without falsely marking them saved
2026-09-21T01:51:14.4993589Z ok 283 - autosave coalesces edits during an in-flight checkpoint without falsely marking them saved
2026-09-21T01:51:14.4994798Z   ---
2026-09-21T01:51:14.4995174Z   duration_ms: 1.679615
2026-09-21T01:51:14.4995580Z   ...
2026-09-21T01:51:14.4996527Z # Subtest: failed or conflicting autosave keeps editable/exportable work and never blindly overwrites
2026-09-21T01:51:14.4998025Z ok 284 - failed or conflicting autosave keeps editable/exportable work and never blindly overwrites
2026-09-21T01:51:14.4998891Z   ---
2026-09-21T01:51:14.4999268Z   duration_ms: 6.921267
2026-09-21T01:51:14.4999694Z   ...
2026-09-21T01:51:14.5000450Z # Subtest: unavailable and hung storage settle truthfully and can be retried
2026-09-21T01:51:14.5001504Z ok 285 - unavailable and hung storage settle truthfully and can be retried
2026-09-21T01:51:14.5002213Z   ---
2026-09-21T01:51:14.5002560Z   duration_ms: 10.475089
2026-09-21T01:51:14.5002964Z   ...
2026-09-21T01:51:14.5003934Z # Subtest: Twin landings has a complete two-seat route: gentle, joint cuts true
2026-09-21T01:51:14.5005093Z ok 286 - Twin landings has a complete two-seat route: gentle, joint cuts true
2026-09-21T01:51:14.5006081Z   ---
2026-09-21T01:51:14.5006439Z   duration_ms: 467.908212
2026-09-21T01:51:14.5006846Z   ...
2026-09-21T01:51:14.5007585Z # Subtest: Twin landings has a complete two-seat route: gentle, joint cuts false
2026-09-21T01:51:14.5008701Z ok 287 - Twin landings has a complete two-seat route: gentle, joint cuts false
2026-09-21T01:51:14.5009622Z   ---
2026-09-21T01:51:14.5010002Z   duration_ms: 240.099634
2026-09-21T01:51:14.5010425Z   ...
2026-09-21T01:51:14.5011177Z # Subtest: Twin landings has a complete two-seat route: standard, joint cuts true
2026-09-21T01:51:14.5012306Z ok 288 - Twin landings has a complete two-seat route: standard, joint cuts true
2026-09-21T01:51:14.5013035Z   ---
2026-09-21T01:51:14.5013381Z   duration_ms: 265.8788
2026-09-21T01:51:14.5013974Z   ...
2026-09-21T01:51:14.5014777Z # Subtest: Twin landings has a complete two-seat route: standard, joint cuts false
2026-09-21T01:51:14.5015899Z ok 289 - Twin landings has a complete two-seat route: standard, joint cuts false
2026-09-21T01:51:14.5016619Z   ---
2026-09-21T01:51:14.5016961Z   duration_ms: 205.690141
2026-09-21T01:51:14.5017377Z   ...
2026-09-21T01:51:14.5018146Z # Subtest: Twin landings has a complete two-seat route: expert, joint cuts true
2026-09-21T01:51:14.5019272Z ok 290 - Twin landings has a complete two-seat route: expert, joint cuts true
2026-09-21T01:51:14.5019970Z   ---
2026-09-21T01:51:14.5020338Z   duration_ms: 210.700333
2026-09-21T01:51:14.5020765Z   ...
2026-09-21T01:51:14.5021485Z # Subtest: Twin landings has a complete two-seat route: expert, joint cuts false
2026-09-21T01:51:14.5022567Z ok 291 - Twin landings has a complete two-seat route: expert, joint cuts false
2026-09-21T01:51:14.5023264Z   ---
2026-09-21T01:51:14.5023621Z   duration_ms: 168.000756
2026-09-21T01:51:14.5024226Z   ...
2026-09-21T01:51:14.5025161Z # Subtest: Twin landings explicitly needs Team; it cannot silently become a Solo or paired race mission
2026-09-21T01:51:14.5026646Z ok 292 - Twin landings explicitly needs Team; it cannot silently become a Solo or paired race mission
2026-09-21T01:51:14.5027473Z   ---
2026-09-21T01:51:14.5027822Z   duration_ms: 56.145199
2026-09-21T01:51:14.5028220Z   ...
2026-09-21T01:51:14.5029167Z # Subtest: mission tuning changes authored target/deadline but preserves global physics and preset policy
2026-09-21T01:51:14.5030667Z ok 293 - mission tuning changes authored target/deadline but preserves global physics and preset policy
2026-09-21T01:51:14.5031535Z   ---
2026-09-21T01:51:14.5031869Z   duration_ms: 451.72126
2026-09-21T01:51:14.5032248Z   ...
2026-09-21T01:51:14.5033118Z # Subtest: difficulty ratings preserve simulation and cannot escape any parent campaign band
2026-09-21T01:51:14.5034653Z ok 294 - difficulty ratings preserve simulation and cannot escape any parent campaign band
2026-09-21T01:51:14.5035452Z   ---
2026-09-21T01:51:14.5035820Z   duration_ms: 208.258576
2026-09-21T01:51:14.5036252Z   ...
2026-09-21T01:51:14.5037139Z # Subtest: invalid or privileged edits are refused atomically; undo restores exact authored tuning
2026-09-21T01:51:14.5038501Z ok 295 - invalid or privileged edits are refused atomically; undo restores exact authored tuning
2026-09-21T01:51:14.5039305Z   ---
2026-09-21T01:51:14.5039656Z   duration_ms: 518.068008
2026-09-21T01:51:14.5040060Z   ...
2026-09-21T01:51:14.5040875Z # Subtest: continuous option rejects invalid configuration before attaching listeners
2026-09-21T01:51:14.5042065Z ok 296 - continuous option rejects invalid configuration before attaching listeners
2026-09-21T01:51:14.5042817Z   ---
2026-09-21T01:51:14.5043175Z   duration_ms: 2.925219
2026-09-21T01:51:14.5043554Z   ...
2026-09-21T01:51:14.5044607Z # Subtest: fresh keys persist after release without falling back to an older hold or repeat
2026-09-21T01:51:14.5045872Z ok 297 - fresh keys persist after release without falling back to an older hold or repeat
2026-09-21T01:51:14.5046682Z   ---
2026-09-21T01:51:14.5047055Z   duration_ms: 4.536787
2026-09-21T01:51:14.5047465Z   ...
2026-09-21T01:51:14.5048604Z # Subtest: pointer and button-key direction repeats never toggle movement off (tap=false)
2026-09-21T01:51:14.5049959Z ok 298 - pointer and button-key direction repeats never toggle movement off (tap=false)
2026-09-21T01:51:14.5050837Z   ---
2026-09-21T01:51:14.5051217Z   duration_ms: 1.191113
2026-09-21T01:51:14.5051639Z   ...
2026-09-21T01:51:14.5052695Z # Subtest: pointer and button-key direction repeats never toggle movement off (tap=true)
2026-09-21T01:51:14.5054268Z ok 299 - pointer and button-key direction repeats never toggle movement off (tap=true)
2026-09-21T01:51:14.5055073Z   ---
2026-09-21T01:51:14.5055449Z   duration_ms: 0.898166
2026-09-21T01:51:14.5055867Z   ...
2026-09-21T01:51:14.5056746Z # Subtest: pad transitions take over, but held sources and release never reclaim a newer direction
2026-09-21T01:51:14.5058075Z ok 300 - pad transitions take over, but held sources and release never reclaim a newer direction
2026-09-21T01:51:14.5058850Z   ---
2026-09-21T01:51:14.5059187Z   duration_ms: 1.256756
2026-09-21T01:51:14.5059583Z   ...
2026-09-21T01:51:14.5060435Z # Subtest: local events win a same-sample pad transition once without later stale takeover
2026-09-21T01:51:14.5061734Z ok 301 - local events win a same-sample pad transition once without later stale takeover
2026-09-21T01:51:14.5062528Z   ---
2026-09-21T01:51:14.5062925Z   duration_ms: 1.238611
2026-09-21T01:51:14.5063343Z   ...
2026-09-21T01:51:14.5064676Z # Subtest: snapshot preserves an unpolled command; physical clear retains it and drains only physical actions
2026-09-21T01:51:14.5066293Z ok 302 - snapshot preserves an unpolled command; physical clear retains it and drains only physical actions
2026-09-21T01:51:14.5067223Z   ---
2026-09-21T01:51:14.5067595Z   duration_ms: 2.913547
2026-09-21T01:51:14.5068077Z   ...
2026-09-21T01:51:14.5069096Z # Subtest: pause, inactive polling and blur retain logical intent without activity or held Confirm leakage
2026-09-21T01:51:14.5070636Z ok 303 - pause, inactive polling and blur retain logical intent without activity or held Confirm leakage
2026-09-21T01:51:14.5071563Z   ---
2026-09-21T01:51:14.5071940Z   duration_ms: 1.256595
2026-09-21T01:51:14.5072367Z   ...
2026-09-21T01:51:14.5073406Z # Subtest: restore gates held inputs without suppressing saved direction; clear requires a fresh direction
2026-09-21T01:51:14.5095477Z ok 304 - restore gates held inputs without suppressing saved direction; clear requires a fresh direction
2026-09-21T01:51:14.5096332Z   ---
2026-09-21T01:51:14.5096665Z   duration_ms: 1.192836
2026-09-21T01:51:14.5097031Z   ...
2026-09-21T01:51:14.5097858Z # Subtest: Stop has no flight effect in continuous mode; pointer cancellation preserves intent
2026-09-21T01:51:14.5099090Z ok 305 - Stop has no flight effect in continuous mode; pointer cancellation preserves intent
2026-09-21T01:51:14.5099817Z   ---
2026-09-21T01:51:14.5100152Z   duration_ms: 1.299615
2026-09-21T01:51:14.5100512Z   ...
2026-09-21T01:51:14.5101409Z # Subtest: native reader and menu activation remain native and cannot become flight input after transfer
2026-09-21T01:51:14.5102791Z ok 306 - native reader and menu activation remain native and cannot become flight input after transfer
2026-09-21T01:51:14.5103587Z   ---
2026-09-21T01:51:14.5104117Z   duration_ms: 1.004104
2026-09-21T01:51:14.5104486Z   ...
2026-09-21T01:51:14.5105405Z # Subtest: physical clears keep Boost independent and notify after reset without polling or losing intent
2026-09-21T01:51:14.5106810Z ok 307 - physical clears keep Boost independent and notify after reset without polling or losing intent
2026-09-21T01:51:14.5107616Z   ---
2026-09-21T01:51:14.5107946Z   duration_ms: 1.233031
2026-09-21T01:51:14.5108306Z   ...
2026-09-21T01:51:14.5109278Z # Subtest: local release frees captures and local actions while preserving a fresh controller direction and Boost
2026-09-21T01:51:14.5110789Z ok 308 - local release frees captures and local actions while preserving a fresh controller direction and Boost
2026-09-21T01:51:14.5111640Z   ---
2026-09-21T01:51:14.5112209Z   duration_ms: 2.10033
2026-09-21T01:51:14.5112567Z   ...
2026-09-21T01:51:14.5113918Z # Subtest: local release preserves a pending local tie and cannot revive a stationary held controller direction
2026-09-21T01:51:14.5119516Z ok 309 - local release preserves a pending local tie and cannot revive a stationary held controller direction
2026-09-21T01:51:14.5120444Z   ---
2026-09-21T01:51:14.5120815Z   duration_ms: 0.594759
2026-09-21T01:51:14.5121223Z   ...
2026-09-21T01:51:14.5122032Z # Subtest: local release never relaxes the existing pause/restore held-pad neutral gate
2026-09-21T01:51:14.5123262Z ok 310 - local release never relaxes the existing pause/restore held-pad neutral gate
2026-09-21T01:51:14.5124269Z   ---
2026-09-21T01:51:14.5144314Z   duration_ms: 0.572297
2026-09-21T01:51:14.5144789Z   ...
2026-09-21T01:51:14.5145627Z # Subtest: default sampler preserves intent on owner disconnect and gates its replacement
2026-09-21T01:51:14.5146811Z ok 311 - default sampler preserves intent on owner disconnect and gates its replacement
2026-09-21T01:51:14.5147558Z   ---
2026-09-21T01:51:14.5147881Z   duration_ms: 1.024663
2026-09-21T01:51:14.5148247Z   ...
2026-09-21T01:51:14.5149117Z # Subtest: mode changes require host reset; destroy releases every listener and cannot restore intent
2026-09-21T01:51:14.5150533Z ok 312 - mode changes require host reset; destroy releases every listener and cannot restore intent
2026-09-21T01:51:14.5151318Z   ---
2026-09-21T01:51:14.5151637Z   duration_ms: 0.933993
2026-09-21T01:51:14.5151987Z   ...
2026-09-21T01:51:14.5152680Z # Subtest: released direction completes a real recorded mission (immediate)
2026-09-21T01:51:14.5154028Z ok 313 - released direction completes a real recorded mission (immediate)
2026-09-21T01:51:14.5154799Z   ---
2026-09-21T01:51:14.5155152Z   duration_ms: 88.451031
2026-09-21T01:51:14.5155586Z   ...
2026-09-21T01:51:14.5156414Z # Subtest: buffered turn survives input freeze without changing the real run (immediate)
2026-09-21T01:51:14.5157598Z ok 314 - buffered turn survives input freeze without changing the real run (immediate)
2026-09-21T01:51:14.5158319Z   ---
2026-09-21T01:51:14.5158659Z   duration_ms: 11.578258
2026-09-21T01:51:14.5159022Z   ...
2026-09-21T01:51:14.5159701Z # Subtest: released direction completes a real recorded mission (grid-center)
2026-09-21T01:51:14.5160763Z ok 315 - released direction completes a real recorded mission (grid-center)
2026-09-21T01:51:14.5161411Z   ---
2026-09-21T01:51:14.5161730Z   duration_ms: 71.416018
2026-09-21T01:51:14.5162093Z   ...
2026-09-21T01:51:14.5162877Z # Subtest: buffered turn survives input freeze without changing the real run (grid-center)
2026-09-21T01:51:14.5164306Z ok 316 - buffered turn survives input freeze without changing the real run (grid-center)
2026-09-21T01:51:14.5165050Z   ---
2026-09-21T01:51:14.5165392Z   duration_ms: 16.47189
2026-09-21T01:51:14.5165750Z   ...
2026-09-21T01:51:14.5166696Z # Subtest: couch keeps two independent latest directions through key/touch releases and repeated consumption
2026-09-21T01:51:14.5168179Z ok 317 - couch keeps two independent latest directions through key/touch releases and repeated consumption
2026-09-21T01:51:14.5169003Z   ---
2026-09-21T01:51:14.5169312Z   duration_ms: 4.636303
2026-09-21T01:51:14.5169672Z   ...
2026-09-21T01:51:14.5170463Z # Subtest: couch pad transitions and same-sample local priorities are independent per player
2026-09-21T01:51:14.5171685Z ok 318 - couch pad transitions and same-sample local priorities are independent per player
2026-09-21T01:51:14.5172437Z   ---
2026-09-21T01:51:14.5172775Z   duration_ms: 1.585028
2026-09-21T01:51:14.5173146Z   ...
2026-09-21T01:51:14.5174283Z # Subtest: couch recovery reset gates only its player while the other keeps direction, Boost and pending action
2026-09-21T01:51:14.5175777Z ok 319 - couch recovery reset gates only its player while the other keeps direction, Boost and pending action
2026-09-21T01:51:14.5176525Z   ---
2026-09-21T01:51:14.5176864Z   duration_ms: 1.793708
2026-09-21T01:51:14.5177432Z   ...
2026-09-21T01:51:14.5178086Z # Subtest: couch pause retains both logical commands while held menu actions stay gated on Resume
2026-09-21T01:51:14.5179205Z ok 320 - couch pause retains both logical commands while held menu actions stay gated on Resume
2026-09-21T01:51:14.5179957Z   ---
2026-09-21T01:51:14.5180462Z   duration_ms: 3.830228
2026-09-21T01:51:14.5180835Z   ...
2026-09-21T01:51:14.5195297Z # Subtest: couch held native Enter cannot turn into player two action after focus/context transfer
2026-09-21T01:51:14.5196685Z ok 321 - couch held native Enter cannot turn into player two action after focus/context transfer
2026-09-21T01:51:14.5197486Z   ---
2026-09-21T01:51:14.5197850Z   duration_ms: 0.827935
2026-09-21T01:51:14.5198239Z   ...
2026-09-21T01:51:14.5199057Z # Subtest: couch direction restore is atomic, per-player and preserves unsimulated turns
2026-09-21T01:51:14.5200265Z ok 322 - couch direction restore is atomic, per-player and preserves unsimulated turns
2026-09-21T01:51:14.5201002Z   ---
2026-09-21T01:51:14.5201322Z   duration_ms: 3.382082
2026-09-21T01:51:14.5201675Z   ...
2026-09-21T01:51:14.5202587Z # Subtest: couch cancellation pauses without erasing either intent and Stop/assistive repeat cannot stop
2026-09-21T01:51:14.5204255Z ok 323 - couch cancellation pauses without erasing either intent and Stop/assistive repeat cannot stop
2026-09-21T01:51:14.5205079Z   ---
2026-09-21T01:51:14.5205402Z   duration_ms: 0.936698
2026-09-21T01:51:14.5205755Z   ...
2026-09-21T01:51:14.5206551Z # Subtest: couch owner disconnect retains both intents and the surviving sparse player slot
2026-09-21T01:51:14.5207781Z ok 324 - couch owner disconnect retains both intents and the surviving sparse player slot
2026-09-21T01:51:14.5208509Z   ---
2026-09-21T01:51:14.5208831Z   duration_ms: 3.364289
2026-09-21T01:51:14.5209194Z   ...
2026-09-21T01:51:14.5210134Z # Subtest: couch released keyboard/touch commands drive equal real cores without repeated polling (immediate)
2026-09-21T01:51:14.5211613Z ok 325 - couch released keyboard/touch commands drive equal real cores without repeated polling (immediate)
2026-09-21T01:51:14.5212455Z   ---
2026-09-21T01:51:14.5212773Z   duration_ms: 14.738405
2026-09-21T01:51:14.5213135Z   ...
2026-09-21T01:51:14.5214274Z # Subtest: couch released keyboard/touch commands drive equal real cores without repeated polling (grid-center)
2026-09-21T01:51:14.5215810Z ok 326 - couch released keyboard/touch commands drive equal real cores without repeated polling (grid-center)
2026-09-21T01:51:14.5216673Z   ---
2026-09-21T01:51:14.5217011Z   duration_ms: 13.256178
2026-09-21T01:51:14.5217401Z   ...
2026-09-21T01:51:14.5218179Z # Subtest: immediate: failure cancels Toggle within one frame and preserves none Boost
2026-09-21T01:51:14.5219359Z ok 327 - immediate: failure cancels Toggle within one frame and preserves none Boost
2026-09-21T01:51:14.5220084Z   ---
2026-09-21T01:51:14.5220426Z   duration_ms: 30.334755
2026-09-21T01:51:14.5220813Z   ...
2026-09-21T01:51:14.5221676Z # Subtest: immediate: failure cancels Toggle within one frame and preserves keyboard Boost
2026-09-21T01:51:14.5222888Z ok 328 - immediate: failure cancels Toggle within one frame and preserves keyboard Boost
2026-09-21T01:51:14.5224071Z   ---
2026-09-21T01:51:14.5224510Z   duration_ms: 15.253476
2026-09-21T01:51:14.5224971Z   ...
2026-09-21T01:51:14.5225819Z # Subtest: immediate: failure cancels Toggle within one frame and preserves touch Boost
2026-09-21T01:51:14.5227339Z ok 329 - immediate: failure cancels Toggle within one frame and preserves touch Boost
2026-09-21T01:51:14.5228137Z   ---
2026-09-21T01:51:14.5228554Z   duration_ms: 10.690251
2026-09-21T01:51:14.5229015Z   ...
2026-09-21T01:51:14.5230008Z # Subtest: immediate: default Hold failure matches the legacy command oracle through recovery
2026-09-21T01:51:14.5231433Z ok 330 - immediate: default Hold failure matches the legacy command oracle through recovery
2026-09-21T01:51:14.5232350Z   ---
2026-09-21T01:51:14.5232776Z   duration_ms: 62.450436
2026-09-21T01:51:14.5233512Z   ...
2026-09-21T01:51:14.5234479Z # Subtest: immediate: shield cancels Toggle within one frame and preserves none Boost
2026-09-21T01:51:14.5235614Z ok 331 - immediate: shield cancels Toggle within one frame and preserves none Boost
2026-09-21T01:51:14.5236307Z   ---
2026-09-21T01:51:14.5236885Z   duration_ms: 6.967874
2026-09-21T01:51:14.5237302Z   ...
2026-09-21T01:51:14.5238106Z # Subtest: immediate: shield cancels Toggle within one frame and preserves keyboard Boost
2026-09-21T01:51:14.5239342Z ok 332 - immediate: shield cancels Toggle within one frame and preserves keyboard Boost
2026-09-21T01:51:14.5240114Z   ---
2026-09-21T01:51:14.5240466Z   duration_ms: 8.994416
2026-09-21T01:51:14.5240845Z   ...
2026-09-21T01:51:14.5241630Z # Subtest: immediate: shield cancels Toggle within one frame and preserves touch Boost
2026-09-21T01:51:14.5242809Z ok 333 - immediate: shield cancels Toggle within one frame and preserves touch Boost
2026-09-21T01:51:14.5243514Z   ---
2026-09-21T01:51:14.5244149Z   duration_ms: 5.052058
2026-09-21T01:51:14.5244509Z   ...
2026-09-21T01:51:14.5245306Z # Subtest: immediate: default Hold shield matches the legacy command oracle through recovery
2026-09-21T01:51:14.5246523Z ok 334 - immediate: default Hold shield matches the legacy command oracle through recovery
2026-09-21T01:51:14.5247248Z   ---
2026-09-21T01:51:14.5247577Z   duration_ms: 46.191293
2026-09-21T01:51:14.5247938Z   ...
2026-09-21T01:51:14.5248670Z # Subtest: immediate: impact cancels Toggle within one frame and preserves none Boost
2026-09-21T01:51:14.5249805Z ok 335 - immediate: impact cancels Toggle within one frame and preserves none Boost
2026-09-21T01:51:14.5250564Z   ---
2026-09-21T01:51:14.5250876Z   duration_ms: 7.787223
2026-09-21T01:51:14.5251231Z   ...
2026-09-21T01:51:14.5251990Z # Subtest: immediate: impact cancels Toggle within one frame and preserves keyboard Boost
2026-09-21T01:51:14.5253165Z ok 336 - immediate: impact cancels Toggle within one frame and preserves keyboard Boost
2026-09-21T01:51:14.5254645Z   ---
2026-09-21T01:51:14.5254969Z   duration_ms: 9.872184
2026-09-21T01:51:14.5255354Z   ...
2026-09-21T01:51:14.5256126Z # Subtest: immediate: impact cancels Toggle within one frame and preserves touch Boost
2026-09-21T01:51:14.5257297Z ok 337 - immediate: impact cancels Toggle within one frame and preserves touch Boost
2026-09-21T01:51:14.5258005Z   ---
2026-09-21T01:51:14.5259391Z   duration_ms: 14.517409
2026-09-21T01:51:14.5259810Z   ...
2026-09-21T01:51:14.5260616Z # Subtest: immediate: default Hold impact matches the legacy command oracle through recovery
2026-09-21T01:51:14.5261852Z ok 338 - immediate: default Hold impact matches the legacy command oracle through recovery
2026-09-21T01:51:14.5262594Z   ---
2026-09-21T01:51:14.5262931Z   duration_ms: 59.352648
2026-09-21T01:51:14.5263308Z   ...
2026-09-21T01:51:14.5264327Z # Subtest: immediate: presses made during real impact recovery do not queue a later Toggle
2026-09-21T01:51:14.5265541Z ok 339 - immediate: presses made during real impact recovery do not queue a later Toggle
2026-09-21T01:51:14.5266326Z   ---
2026-09-21T01:51:14.5266679Z   duration_ms: 2.409437
2026-09-21T01:51:14.5267055Z   ...
2026-09-21T01:51:14.5268042Z # Subtest: grid-center: failure cancels Toggle within one frame and preserves none Boost
2026-09-21T01:51:14.5269596Z ok 340 - grid-center: failure cancels Toggle within one frame and preserves none Boost
2026-09-21T01:51:14.5270555Z   ---
2026-09-21T01:51:14.5270992Z   duration_ms: 4.625642
2026-09-21T01:51:14.5271471Z   ...
2026-09-21T01:51:14.5272521Z # Subtest: grid-center: failure cancels Toggle within one frame and preserves keyboard Boost
2026-09-21T01:51:14.5274317Z ok 341 - grid-center: failure cancels Toggle within one frame and preserves keyboard Boost
2026-09-21T01:51:14.5275388Z   ---
2026-09-21T01:51:14.5275737Z   duration_ms: 6.680137
2026-09-21T01:51:14.5276223Z   ...
2026-09-21T01:51:14.5277374Z # Subtest: grid-center: failure cancels Toggle within one frame and preserves touch Boost
2026-09-21T01:51:14.5279395Z ok 342 - grid-center: failure cancels Toggle within one frame and preserves touch Boost
2026-09-21T01:51:14.5280358Z   ---
2026-09-21T01:51:14.5280800Z   duration_ms: 6.26366
2026-09-21T01:51:14.5281285Z   ...
2026-09-21T01:51:14.5282669Z # Subtest: grid-center: default Hold failure matches the legacy command oracle through recovery
2026-09-21T01:51:14.5284425Z ok 343 - grid-center: default Hold failure matches the legacy command oracle through recovery
2026-09-21T01:51:14.5285348Z   ---
2026-09-21T01:51:14.5285940Z   duration_ms: 45.853222
2026-09-21T01:51:14.5286458Z   ...
2026-09-21T01:51:14.5287768Z # Subtest: grid-center: shield cancels Toggle within one frame and preserves none Boost
2026-09-21T01:51:14.5289221Z ok 344 - grid-center: shield cancels Toggle within one frame and preserves none Boost
2026-09-21T01:51:14.5290102Z   ---
2026-09-21T01:51:14.5290523Z   duration_ms: 6.47825
2026-09-21T01:51:14.5290979Z   ...
2026-09-21T01:51:14.5291956Z # Subtest: grid-center: shield cancels Toggle within one frame and preserves keyboard Boost
2026-09-21T01:51:14.5293488Z ok 345 - grid-center: shield cancels Toggle within one frame and preserves keyboard Boost
2026-09-21T01:51:14.5294497Z   ---
2026-09-21T01:51:14.5294838Z   duration_ms: 7.728243
2026-09-21T01:51:14.5295214Z   ...
2026-09-21T01:51:14.5296024Z # Subtest: grid-center: shield cancels Toggle within one frame and preserves touch Boost
2026-09-21T01:51:14.5297515Z ok 346 - grid-center: shield cancels Toggle within one frame and preserves touch Boost
2026-09-21T01:51:14.5298259Z   ---
2026-09-21T01:51:14.5298606Z   duration_ms: 9.643985
2026-09-21T01:51:14.5298983Z   ...
2026-09-21T01:51:14.5299812Z # Subtest: grid-center: default Hold shield matches the legacy command oracle through recovery
2026-09-21T01:51:14.5301084Z ok 347 - grid-center: default Hold shield matches the legacy command oracle through recovery
2026-09-21T01:51:14.5301853Z   ---
2026-09-21T01:51:14.5302187Z   duration_ms: 47.358931
2026-09-21T01:51:14.5302572Z   ...
2026-09-21T01:51:14.5303353Z # Subtest: grid-center: impact cancels Toggle within one frame and preserves none Boost
2026-09-21T01:51:14.5304769Z ok 348 - grid-center: impact cancels Toggle within one frame and preserves none Boost
2026-09-21T01:51:14.5305472Z   ---
2026-09-21T01:51:14.5305791Z   duration_ms: 4.315955
2026-09-21T01:51:14.5306154Z   ...
2026-09-21T01:51:14.5307093Z # Subtest: grid-center: impact cancels Toggle within one frame and preserves keyboard Boost
2026-09-21T01:51:14.5308587Z ok 349 - grid-center: impact cancels Toggle within one frame and preserves keyboard Boost
2026-09-21T01:51:14.5309417Z   ---
2026-09-21T01:51:14.5309922Z   duration_ms: 4.973972
2026-09-21T01:51:14.5310275Z   ...
2026-09-21T01:51:14.5311446Z # Subtest: grid-center: impact cancels Toggle within one frame and preserves touch Boost
2026-09-21T01:51:14.5312599Z ok 350 - grid-center: impact cancels Toggle within one frame and preserves touch Boost
2026-09-21T01:51:14.5313295Z   ---
2026-09-21T01:51:14.5313628Z   duration_ms: 5.334806
2026-09-21T01:51:14.5314185Z   ...
2026-09-21T01:51:14.5314976Z # Subtest: grid-center: default Hold impact matches the legacy command oracle through recovery
2026-09-21T01:51:14.5316208Z ok 351 - grid-center: default Hold impact matches the legacy command oracle through recovery
2026-09-21T01:51:14.5316949Z   ---
2026-09-21T01:51:14.5317261Z   duration_ms: 59.24074
2026-09-21T01:51:14.5317617Z   ...
2026-09-21T01:51:14.5318388Z # Subtest: grid-center: presses made during real impact recovery do not queue a later Toggle
2026-09-21T01:51:14.5319591Z ok 352 - grid-center: presses made during real impact recovery do not queue a later Toggle
2026-09-21T01:51:14.5320316Z   ---
2026-09-21T01:51:14.5320627Z   duration_ms: 1.655029
2026-09-21T01:51:14.5320975Z   ...
2026-09-21T01:51:14.5321749Z # Subtest: real input clears cancel a Toggle without recursive clears or starving Ready join
2026-09-21T01:51:14.5322949Z ok 353 - real input clears cancel a Toggle without recursive clears or starving Ready join
2026-09-21T01:51:14.5324177Z   ---
2026-09-21T01:51:14.5324510Z   duration_ms: 1.408469
2026-09-21T01:51:14.5324889Z   ...
2026-09-21T01:51:14.5325789Z # Subtest: Boost preference previews cancel without writes and commit once through the native setting
2026-09-21T01:51:14.5327412Z ok 354 - Boost preference previews cancel without writes and commit once through the native setting
2026-09-21T01:51:14.5328218Z   ---
2026-09-21T01:51:14.5328534Z   duration_ms: 7.885456
2026-09-21T01:51:14.5328884Z   ...
2026-09-21T01:51:14.5329835Z # Subtest: select browsing uses a separate preview, and Back cancels without changing or firing native handlers
2026-09-21T01:51:14.5331299Z ok 355 - select browsing uses a separate preview, and Back cancels without changing or firing native handlers
2026-09-21T01:51:14.5332128Z   ---
2026-09-21T01:51:14.5332465Z   duration_ms: 1.444947
2026-09-21T01:51:14.5332834Z   ...
2026-09-21T01:51:14.5334158Z # Subtest: selection previews describe the configured menu buttons without changing draft semantics
2026-09-21T01:51:14.5335797Z ok 356 - selection previews describe the configured menu buttons without changing draft semantics
2026-09-21T01:51:14.5336609Z   ---
2026-09-21T01:51:14.5336950Z   duration_ms: 2.125817
2026-09-21T01:51:14.5337319Z   ...
2026-09-21T01:51:14.5338227Z # Subtest: select Confirm commits once through the existing change handler and ignores disabled choices
2026-09-21T01:51:14.5339612Z ok 357 - select Confirm commits once through the existing change handler and ignores disabled choices
2026-09-21T01:51:14.5340417Z   ---
2026-09-21T01:51:14.5340757Z   duration_ms: 1.460285
2026-09-21T01:51:14.5341125Z   ...
2026-09-21T01:51:14.5342040Z # Subtest: stale disabled cancels a select preview without activating its replacement on the same Confirm
2026-09-21T01:51:14.5343473Z ok 358 - stale disabled cancels a select preview without activating its replacement on the same Confirm
2026-09-21T01:51:14.5344513Z   ---
2026-09-21T01:51:14.5344859Z   duration_ms: 1.0071
2026-09-21T01:51:14.5345250Z   ...
2026-09-21T01:51:14.5346142Z # Subtest: stale hidden cancels a select preview without activating its replacement on the same Confirm
2026-09-21T01:51:14.5347522Z ok 359 - stale hidden cancels a select preview without activating its replacement on the same Confirm
2026-09-21T01:51:14.5348346Z   ---
2026-09-21T01:51:14.5348687Z   duration_ms: 0.808458
2026-09-21T01:51:14.5349044Z   ...
2026-09-21T01:51:14.5349933Z # Subtest: stale detached cancels a select preview without activating its replacement on the same Confirm
2026-09-21T01:51:14.5351401Z ok 360 - stale detached cancels a select preview without activating its replacement on the same Confirm
2026-09-21T01:51:14.5352220Z   ---
2026-09-21T01:51:14.5352534Z   duration_ms: 0.840148
2026-09-21T01:51:14.5352906Z   ...
2026-09-21T01:51:14.5354126Z # Subtest: stale options cancels a select preview without activating its replacement on the same Confirm
2026-09-21T01:51:14.5355526Z ok 361 - stale options cancels a select preview without activating its replacement on the same Confirm
2026-09-21T01:51:14.5356338Z   ---
2026-09-21T01:51:14.5356644Z   duration_ms: 0.927471
2026-09-21T01:51:14.5356994Z   ...
2026-09-21T01:51:14.5364786Z # Subtest: stale value cancels a select preview without activating its replacement on the same Confirm
2026-09-21T01:51:14.5366242Z ok 362 - stale value cancels a select preview without activating its replacement on the same Confirm
2026-09-21T01:51:14.5367044Z   ---
2026-09-21T01:51:14.5367371Z   duration_ms: 1.929471
2026-09-21T01:51:14.5367732Z   ...
2026-09-21T01:51:14.5368612Z # Subtest: stale focus cancels a select preview without activating its replacement on the same Confirm
2026-09-21T01:51:14.5369975Z ok 363 - stale focus cancels a select preview without activating its replacement on the same Confirm
2026-09-21T01:51:14.5370754Z   ---
2026-09-21T01:51:14.5371095Z   duration_ms: 0.848433
2026-09-21T01:51:14.5371451Z   ...
2026-09-21T01:51:14.5372310Z # Subtest: stale scope cancels a select preview without activating its replacement on the same Confirm
2026-09-21T01:51:14.5374090Z ok 364 - stale scope cancels a select preview without activating its replacement on the same Confirm
2026-09-21T01:51:14.5374879Z   ---
2026-09-21T01:51:14.5375198Z   duration_ms: 0.723551
2026-09-21T01:51:14.5375545Z   ...
2026-09-21T01:51:14.5376717Z # Subtest: modal root traps navigation and delegates protected Back without closing or touching background actions
2026-09-21T01:51:14.5378289Z ok 365 - modal root traps navigation and delegates protected Back without closing or touching background actions
2026-09-21T01:51:14.5379187Z   ---
2026-09-21T01:51:14.5379505Z   duration_ms: 5.084148
2026-09-21T01:51:14.5379885Z   ...
2026-09-21T01:51:14.5380804Z # Subtest: native modal Escape and controller Back keep their host lifecycle with couch flight input attached
2026-09-21T01:51:14.5382242Z ok 366 - native modal Escape and controller Back keep their host lifecycle with couch flight input attached
2026-09-21T01:51:14.5383068Z   ---
2026-09-21T01:51:14.5383387Z   duration_ms: 5.890674
2026-09-21T01:51:14.5383925Z   ...
2026-09-21T01:51:14.5384829Z # Subtest: linear navigation skips hidden, disabled, inert, closed disclosure and host-rejected controls
2026-09-21T01:51:14.5386259Z ok 367 - linear navigation skips hidden, disabled, inert, closed disclosure and host-rejected controls
2026-09-21T01:51:14.5387103Z   ---
2026-09-21T01:51:14.5387437Z   duration_ms: 8.678796
2026-09-21T01:51:14.5387811Z   ...
2026-09-21T01:51:14.5388523Z # Subtest: gallery-grid uses geometric neighbors within a two-column layout
2026-09-21T01:51:14.5389556Z ok 368 - gallery-grid uses geometric neighbors within a two-column layout
2026-09-21T01:51:14.5390221Z   ---
2026-09-21T01:51:14.5390558Z   duration_ms: 5.991281
2026-09-21T01:51:14.5390926Z   ...
2026-09-21T01:51:14.5391580Z # Subtest: missions uses geometric neighbors within a two-column layout
2026-09-21T01:51:14.5393932Z ok 369 - missions uses geometric neighbors within a two-column layout
2026-09-21T01:51:14.5394593Z   ---
2026-09-21T01:51:14.5394941Z   duration_ms: 6.235016
2026-09-21T01:51:14.5395313Z   ...
2026-09-21T01:51:14.5396234Z # Subtest: slider draft clamps and commits one input/change pair; cancellation never writes the real value
2026-09-21T01:51:14.5397705Z ok 370 - slider draft clamps and commits one input/change pair; cancellation never writes the real value
2026-09-21T01:51:14.5398694Z   ---
2026-09-21T01:51:14.5399013Z   duration_ms: 5.592536
2026-09-21T01:51:14.5399365Z   ...
2026-09-21T01:51:14.5400200Z # Subtest: buttons and checkboxes activate through their existing handlers once per logical edge
2026-09-21T01:51:14.5401486Z ok 371 - buttons and checkboxes activate through their existing handlers once per logical edge
2026-09-21T01:51:14.5402241Z   ---
2026-09-21T01:51:14.5402559Z   duration_ms: 1.57532
2026-09-21T01:51:14.5402907Z   ...
2026-09-21T01:51:14.5404225Z # Subtest: file and text controls explain the host limitation without opening a picker or changing text
2026-09-21T01:51:14.5405926Z ok 372 - file and text controls explain the host limitation without opening a picker or changing text
2026-09-21T01:51:14.5406990Z   ---
2026-09-21T01:51:14.5407324Z   duration_ms: 1.468671
2026-09-21T01:51:14.5407824Z   ...
2026-09-21T01:51:14.5408575Z # Subtest: pointerdown relinquishes controller focus and cancels an uncommitted edit
2026-09-21T01:51:14.5409722Z ok 373 - pointerdown relinquishes controller focus and cancels an uncommitted edit
2026-09-21T01:51:14.5410420Z   ---
2026-09-21T01:51:14.5410734Z   duration_ms: 1.706365
2026-09-21T01:51:14.5411097Z   ...
2026-09-21T01:51:14.5411811Z # Subtest: keydown relinquishes controller focus and cancels an uncommitted edit
2026-09-21T01:51:14.5412885Z ok 374 - keydown relinquishes controller focus and cancels an uncommitted edit
2026-09-21T01:51:14.5413546Z   ---
2026-09-21T01:51:14.5414059Z   duration_ms: 0.803459
2026-09-21T01:51:14.5414444Z   ...
2026-09-21T01:51:14.5415307Z # Subtest: external focus changes cancel editing and a flight scope suppresses all menu actions
2026-09-21T01:51:14.5416850Z ok 375 - external focus changes cancel editing and a flight scope suppresses all menu actions
2026-09-21T01:51:14.5417615Z   ---
2026-09-21T01:51:14.5417939Z   duration_ms: 1.050451
2026-09-21T01:51:14.5418306Z   ...
2026-09-21T01:51:14.5419192Z # Subtest: destroy removes listeners and prevents all later controller actions
2026-09-21T01:51:14.5420291Z ok 376 - destroy removes listeners and prevents all later controller actions
2026-09-21T01:51:14.5420972Z   ---
2026-09-21T01:51:14.5421304Z   duration_ms: 0.632009
2026-09-21T01:51:14.5421677Z   ...
2026-09-21T01:51:14.5422648Z # Subtest: sync cancels a stale editor immediately, and an unchanged scope token cannot retain the old modal root
2026-09-21T01:51:14.5424605Z ok 377 - sync cancels a stale editor immediately, and an unchanged scope token cannot retain the old modal root
2026-09-21T01:51:14.5425649Z   ---
2026-09-21T01:51:14.5425997Z   duration_ms: 2.323867
2026-09-21T01:51:14.5426376Z   ...
2026-09-21T01:51:14.5427250Z # Subtest: a slider range change invalidates the draft before Confirm can commit an obsolete value
2026-09-21T01:51:14.5428551Z ok 378 - a slider range change invalidates the draft before Confirm can commit an obsolete value
2026-09-21T01:51:14.5429322Z   ---
2026-09-21T01:51:14.5429671Z   duration_ms: 1.202925
2026-09-21T01:51:14.5430052Z   ...
2026-09-21T01:51:14.5430994Z # Subtest: Menu cancels an editor first; clear relinquishes navigation without destroying normal DOM controls
2026-09-21T01:51:14.5446007Z ok 379 - Menu cancels an editor first; clear relinquishes navigation without destroying normal DOM controls
2026-09-21T01:51:14.5447210Z   ---
2026-09-21T01:51:14.5447574Z   duration_ms: 1.854171
2026-09-21T01:51:14.5448091Z   ...
2026-09-21T01:51:14.5449488Z # Subtest: a disabled focused button cannot redirect its Confirm into a neighboring destructive action
2026-09-21T01:51:14.5451657Z ok 380 - a disabled focused button cannot redirect its Confirm into a neighboring destructive action
2026-09-21T01:51:14.5452839Z   ---
2026-09-21T01:51:14.5453331Z   duration_ms: 0.951336
2026-09-21T01:51:14.5453936Z   ...
2026-09-21T01:51:14.5454908Z # Subtest: returning from a picture preserves the newly restored gallery origin instead of the modal default
2026-09-21T01:51:14.5456378Z ok 381 - returning from a picture preserves the newly restored gallery origin instead of the modal default
2026-09-21T01:51:14.5457352Z   ---
2026-09-21T01:51:14.5457836Z   duration_ms: 0.978827
2026-09-21T01:51:14.5458355Z   ...
2026-09-21T01:51:14.5459229Z # Subtest: joining engages the default focus without activating it or leaking the join into Confirm
2026-09-21T01:51:14.5460550Z ok 382 - joining engages the default focus without activating it or leaking the join into Confirm
2026-09-21T01:51:14.5461322Z   ---
2026-09-21T01:51:14.5461637Z   duration_ms: 1.236578
2026-09-21T01:51:14.5461991Z   ...
2026-09-21T01:51:14.5462765Z # Subtest: engaging a new scope preserves a host-restored gallery card without opening it
2026-09-21T01:51:14.5484410Z ok 383 - engaging a new scope preserves a host-restored gallery card without opening it
2026-09-21T01:51:14.5485241Z   ---
2026-09-21T01:51:14.5485596Z   duration_ms: 0.866677
2026-09-21T01:51:14.5485993Z   ...
2026-09-21T01:51:14.5486764Z # Subtest: engage never enters menu navigation during flight or after destruction
2026-09-21T01:51:14.5487905Z ok 384 - engage never enters menu navigation during flight or after destruction
2026-09-21T01:51:14.5488617Z   ---
2026-09-21T01:51:14.5488963Z   duration_ms: 0.544726
2026-09-21T01:51:14.5489340Z   ...
2026-09-21T01:51:14.5490135Z # Subtest: select previews stay outside the enclosing label and preserve its name source
2026-09-21T01:51:14.5491369Z ok 385 - select previews stay outside the enclosing label and preserve its name source
2026-09-21T01:51:14.5492111Z   ---
2026-09-21T01:51:14.5492454Z   duration_ms: 1.921456
2026-09-21T01:51:14.5492826Z   ...
2026-09-21T01:51:14.5493611Z # Subtest: range previews stay outside the enclosing label and preserve its name source
2026-09-21T01:51:14.5499309Z ok 386 - range previews stay outside the enclosing label and preserve its name source
2026-09-21T01:51:14.5500086Z   ---
2026-09-21T01:51:14.5500437Z   duration_ms: 2.384029
2026-09-21T01:51:14.5500818Z   ...
2026-09-21T01:51:14.5501839Z # Subtest: reading entry focuses a named region before notification and returns owned metadata
2026-09-21T01:51:14.5503481Z ok 387 - reading entry focuses a named region before notification and returns owned metadata
2026-09-21T01:51:14.5504707Z   ---
2026-09-21T01:51:14.5505045Z   duration_ms: 4.070617
2026-09-21T01:51:14.5505611Z   ...
2026-09-21T01:51:14.5506718Z # Subtest: reading hint refresh changes current copy without focus, transitions or stale scope publication
2026-09-21T01:51:14.5508511Z ok 388 - reading hint refresh changes current copy without focus, transitions or stale scope publication
2026-09-21T01:51:14.5509596Z   ---
2026-09-21T01:51:14.5509916Z   duration_ms: 0.689357
2026-09-21T01:51:14.5510388Z   ...
2026-09-21T01:51:14.5511665Z # Subtest: reader scrolls vertically to both endpoints without moving focus, wrapping or repeating edge announcements
2026-09-21T01:51:14.5513685Z ok 389 - reader scrolls vertically to both endpoints without moving focus, wrapping or repeating edge announcements
2026-09-21T01:51:14.5514950Z   ---
2026-09-21T01:51:14.5515368Z   duration_ms: 1.53788
2026-09-21T01:51:14.5515819Z   ...
2026-09-21T01:51:14.5516831Z # Subtest: small and nonoverflowing readers have bounded steps and always permit immediate exit
2026-09-21T01:51:14.5518479Z ok 390 - small and nonoverflowing readers have bounded steps and always permit immediate exit
2026-09-21T01:51:14.5519418Z   ---
2026-09-21T01:51:14.5519837Z   duration_ms: 0.66965
2026-09-21T01:51:14.5520293Z   ...
2026-09-21T01:51:14.5521218Z # Subtest: reading back ends once and consumes the complete gesture before host actions
2026-09-21T01:51:14.5522704Z ok 391 - reading back ends once and consumes the complete gesture before host actions
2026-09-21T01:51:14.5523581Z   ---
2026-09-21T01:51:14.5524051Z   duration_ms: 0.574452
2026-09-21T01:51:14.5524602Z   ...
2026-09-21T01:51:14.5525478Z # Subtest: reading confirm ends once and consumes the complete gesture before host actions
2026-09-21T01:51:14.5527023Z ok 392 - reading confirm ends once and consumes the complete gesture before host actions
2026-09-21T01:51:14.5527908Z   ---
2026-09-21T01:51:14.5528325Z   duration_ms: 0.412951
2026-09-21T01:51:14.5528769Z   ...
2026-09-21T01:51:14.5529777Z # Subtest: reading menu ends once and consumes the complete gesture before host actions
2026-09-21T01:51:14.5531173Z ok 393 - reading menu ends once and consumes the complete gesture before host actions
2026-09-21T01:51:14.5531951Z   ---
2026-09-21T01:51:14.5532447Z   duration_ms: 0.36978
2026-09-21T01:51:14.5532799Z   ...
2026-09-21T01:51:14.5533516Z # Subtest: entry validates the entire surface before replacing a reader or cancelling an editor
2026-09-21T01:51:14.5549708Z ok 394 - entry validates the entire surface before replacing a reader or cancelling an editor
2026-09-21T01:51:14.5559844Z   ---
2026-09-21T01:51:14.5560192Z   duration_ms: 6.150528
2026-09-21T01:51:14.5560561Z   ...
2026-09-21T01:51:14.5561495Z # Subtest: removed region cancels reading and cannot redirect the invalidating Confirm to another action
2026-09-21T01:51:14.5562219Z ok 395 - removed region cancels reading and cannot redirect the invalidating Confirm to another action
2026-09-21T01:51:14.5562365Z   ---
2026-09-21T01:51:14.5562530Z   duration_ms: 1.334099
2026-09-21T01:51:14.5562659Z   ...
2026-09-21T01:51:14.5563468Z # Subtest: changed region identity cancels reading and cannot redirect the invalidating Confirm to another action
2026-09-21T01:51:14.5564573Z ok 396 - changed region identity cancels reading and cannot redirect the invalidating Confirm to another action
2026-09-21T01:51:14.5564718Z   ---
2026-09-21T01:51:14.5564871Z   duration_ms: 1.341845
2026-09-21T01:51:14.5565006Z   ...
2026-09-21T01:51:14.5565738Z # Subtest: hidden region cancels reading and cannot redirect the invalidating Confirm to another action
2026-09-21T01:51:14.5566753Z ok 397 - hidden region cancels reading and cannot redirect the invalidating Confirm to another action
2026-09-21T01:51:14.5566898Z   ---
2026-09-21T01:51:14.5567056Z   duration_ms: 1.073544
2026-09-21T01:51:14.5567338Z   ...
2026-09-21T01:51:14.5568050Z # Subtest: inert region cancels reading and cannot redirect the invalidating Confirm to another action
2026-09-21T01:51:14.5568739Z ok 398 - inert region cancels reading and cannot redirect the invalidating Confirm to another action
2026-09-21T01:51:14.5568876Z   ---
2026-09-21T01:51:14.5569030Z   duration_ms: 2.638504
2026-09-21T01:51:14.5569166Z   ...
2026-09-21T01:51:14.5569894Z # Subtest: removed origin cancels reading and cannot redirect the invalidating Confirm to another action
2026-09-21T01:51:14.5570589Z ok 399 - removed origin cancels reading and cannot redirect the invalidating Confirm to another action
2026-09-21T01:51:14.5570720Z   ---
2026-09-21T01:51:14.5570884Z   duration_ms: 0.991881
2026-09-21T01:51:14.5571019Z   ...
2026-09-21T01:51:14.5571744Z # Subtest: disabled origin cancels reading and cannot redirect the invalidating Confirm to another action
2026-09-21T01:51:14.5572461Z ok 400 - disabled origin cancels reading and cannot redirect the invalidating Confirm to another action
2026-09-21T01:51:14.5572597Z   ---
2026-09-21T01:51:14.5572754Z   duration_ms: 1.142312
2026-09-21T01:51:14.5572883Z   ...
2026-09-21T01:51:14.5573633Z # Subtest: replaced content cancels reading and cannot redirect the invalidating Confirm to another action
2026-09-21T01:51:14.5575533Z ok 401 - replaced content cancels reading and cannot redirect the invalidating Confirm to another action
2026-09-21T01:51:14.5575688Z   ---
2026-09-21T01:51:14.5576328Z   duration_ms: 1.226178
2026-09-21T01:51:14.5576489Z   ...
2026-09-21T01:51:14.5577502Z # Subtest: removed marker cancels reading and cannot redirect the invalidating Confirm to another action
2026-09-21T01:51:14.5578539Z ok 402 - removed marker cancels reading and cannot redirect the invalidating Confirm to another action
2026-09-21T01:51:14.5578793Z   ---
2026-09-21T01:51:14.5579055Z   duration_ms: 1.198927
2026-09-21T01:51:14.5579197Z   ...
2026-09-21T01:51:14.5580379Z # Subtest: collapsed viewport cancels reading and cannot redirect the invalidating Confirm to another action
2026-09-21T01:51:14.5581450Z ok 403 - collapsed viewport cancels reading and cannot redirect the invalidating Confirm to another action
2026-09-21T01:51:14.5581697Z   ---
2026-09-21T01:51:14.5581869Z   duration_ms: 1.203726
2026-09-21T01:51:14.5582107Z   ...
2026-09-21T01:51:14.5583071Z # Subtest: scope and root changes cancel reading without restoring stale focus or activating the next dialog
2026-09-21T01:51:14.5583976Z ok 404 - scope and root changes cancel reading without restoring stale focus or activating the next dialog
2026-09-21T01:51:14.5584121Z   ---
2026-09-21T01:51:14.5584278Z   duration_ms: 0.935927
2026-09-21T01:51:14.5584415Z   ...
2026-09-21T01:51:14.5585229Z # Subtest: native focus, pointer and keyboard relinquish reading without stealing focus or swallowing native keys
2026-09-21T01:51:14.5586012Z ok 405 - native focus, pointer and keyboard relinquish reading without stealing focus or swallowing native keys
2026-09-21T01:51:14.5586152Z   ---
2026-09-21T01:51:14.5586307Z   duration_ms: 2.614019
2026-09-21T01:51:14.5586446Z   ...
2026-09-21T01:51:14.5587108Z # Subtest: an end-only Done button stays harmless after pointerdown already cancelled reading
2026-09-21T01:51:14.5587687Z ok 406 - an end-only Done button stays harmless after pointerdown already cancelled reading
2026-09-21T01:51:14.5587831Z   ---
2026-09-21T01:51:14.5587983Z   duration_ms: 0.585383
2026-09-21T01:51:14.5588132Z   ...
2026-09-21T01:51:14.5588833Z # Subtest: lifecycle clear cancels reading once, preserves scroll position and consumes stale input
2026-09-21T01:51:14.5589483Z ok 407 - lifecycle clear cancels reading once, preserves scroll position and consumes stale input
2026-09-21T01:51:14.5589818Z   ---
2026-09-21T01:51:14.5589968Z   duration_ms: 0.888178
2026-09-21T01:51:14.5590104Z   ...
2026-09-21T01:51:14.5590845Z # Subtest: real remapped router drives reading repeats and gates held buttons/sticks across entry and exit
2026-09-21T01:51:14.5591719Z ok 408 - real remapped router drives reading repeats and gates held buttons/sticks across entry and exit
2026-09-21T01:51:14.5591875Z   ---
2026-09-21T01:51:14.5592030Z   duration_ms: 5.217276
2026-09-21T01:51:14.5592166Z   ...
2026-09-21T01:51:14.5593260Z # Subtest: held Retry Confirm cannot leave the loss reader or leak ability and Toggle Boost into flight
2026-09-21T01:51:14.5594490Z ok 409 - held Retry Confirm cannot leave the loss reader or leak ability and Toggle Boost into flight
2026-09-21T01:51:14.5594645Z   ---
2026-09-21T01:51:14.5594809Z   duration_ms: 9.320525
2026-09-21T01:51:14.5594960Z   ...
2026-09-21T01:51:14.5595709Z # Subtest: reopening changed content starts at the top while unchanged content keeps its reading position
2026-09-21T01:51:14.5596436Z ok 410 - reopening changed content starts at the top while unchanged content keeps its reading position
2026-09-21T01:51:14.5596578Z   ---
2026-09-21T01:51:14.5596747Z   duration_ms: 1.421052
2026-09-21T01:51:14.5596894Z   ...
2026-09-21T01:51:14.5597734Z # Subtest: registered Done preserves the reader until native click and restores the origin after host disables Done
2026-09-21T01:51:14.5598553Z ok 411 - registered Done preserves the reader until native click and restores the origin after host disables Done
2026-09-21T01:51:14.5598765Z   ---
2026-09-21T01:51:14.5598976Z   duration_ms: 0.883629
2026-09-21T01:51:14.5599258Z   ...
2026-09-21T01:51:14.5600129Z # Subtest: Done descendant taps keep click semantics; pointercancel and other pointer gestures still relinquish
2026-09-21T01:51:14.5601064Z ok 412 - Done descendant taps keep click semantics; pointercancel and other pointer gestures still relinquish
2026-09-21T01:51:14.5601299Z   ---
2026-09-21T01:51:14.5601671Z   duration_ms: 4.271504
2026-09-21T01:51:14.5601830Z   ...
2026-09-21T01:51:14.5602560Z # Subtest: native scroll opt-in retains reading through primary pan adoption and the real Done click
2026-09-21T01:51:14.5603257Z ok 413 - native scroll opt-in retains reading through primary pan adoption and the real Done click
2026-09-21T01:51:14.5603420Z   ---
2026-09-21T01:51:14.5603598Z   duration_ms: 3.239843
2026-09-21T01:51:14.5603999Z   ...
2026-09-21T01:51:14.5604648Z # Subtest: native scrolling opt-in leaves the default pointer relinquish policy unchanged
2026-09-21T01:51:14.5605538Z ok 414 - native scrolling opt-in leaves the default pointer relinquish policy unchanged
2026-09-21T01:51:14.5605691Z   ---
2026-09-21T01:51:14.5605979Z   duration_ms: 0.518427
2026-09-21T01:51:14.5606133Z   ...
2026-09-21T01:51:14.5606987Z # Subtest: native scroll opt-in does not retain a rejected primary gesture: {"button":2}
2026-09-21T01:51:14.5607894Z ok 415 - native scroll opt-in does not retain a rejected primary gesture: {"button":2}
2026-09-21T01:51:14.5608063Z   ---
2026-09-21T01:51:14.5608235Z   duration_ms: 0.379347
2026-09-21T01:51:14.5608491Z   ...
2026-09-21T01:51:14.5609379Z # Subtest: native scroll opt-in does not retain a rejected primary gesture: {"isPrimary":false}
2026-09-21T01:51:14.5610255Z ok 416 - native scroll opt-in does not retain a rejected primary gesture: {"isPrimary":false}
2026-09-21T01:51:14.5610415Z   ---
2026-09-21T01:51:14.5610574Z   duration_ms: 0.358829
2026-09-21T01:51:14.5610712Z   ...
2026-09-21T01:51:14.5611413Z # Subtest: native scroll opt-in does not retain a rejected primary gesture: {"defaultPrevented":true}
2026-09-21T01:51:14.5612068Z ok 417 - native scroll opt-in does not retain a rejected primary gesture: {"defaultPrevented":true}
2026-09-21T01:51:14.5612211Z   ---
2026-09-21T01:51:14.5612368Z   duration_ms: 0.31053
2026-09-21T01:51:14.5612498Z   ...
2026-09-21T01:51:14.5613149Z # Subtest: native scroll opt-in does not retain a rejected primary gesture: {"cancelable":false}
2026-09-21T01:51:14.5614162Z ok 418 - native scroll opt-in does not retain a rejected primary gesture: {"cancelable":false}
2026-09-21T01:51:14.5614307Z   ---
2026-09-21T01:51:14.5614455Z   duration_ms: 0.311311
2026-09-21T01:51:14.5614591Z   ...
2026-09-21T01:51:14.5615209Z # Subtest: native pointerdown cannot retain reading with stale scope
2026-09-21T01:51:14.5615777Z ok 419 - native pointerdown cannot retain reading with stale scope
2026-09-21T01:51:14.5616012Z   ---
2026-09-21T01:51:14.5616176Z   duration_ms: 0.408783
2026-09-21T01:51:14.5616313Z   ...
2026-09-21T01:51:14.5616937Z # Subtest: native pointerdown cannot retain reading with stale root
2026-09-21T01:51:14.5617456Z ok 420 - native pointerdown cannot retain reading with stale root
2026-09-21T01:51:14.5617595Z   ---
2026-09-21T01:51:14.5617834Z   duration_ms: 0.312443
2026-09-21T01:51:14.5618065Z   ...
2026-09-21T01:51:14.5618627Z # Subtest: native pointerdown cannot retain reading with stale content
2026-09-21T01:51:14.5619243Z ok 421 - native pointerdown cannot retain reading with stale content
2026-09-21T01:51:14.5619390Z   ---
2026-09-21T01:51:14.5619640Z   duration_ms: 0.433669
2026-09-21T01:51:14.5619779Z   ...
2026-09-21T01:51:14.5620402Z # Subtest: native pointerdown cannot retain reading with stale focus
2026-09-21T01:51:14.5620936Z ok 422 - native pointerdown cannot retain reading with stale focus
2026-09-21T01:51:14.5621079Z   ---
2026-09-21T01:51:14.5621338Z   duration_ms: 0.34844
2026-09-21T01:51:14.5621568Z   ...
2026-09-21T01:51:14.5622093Z # Subtest: native pointerdown cannot retain reading with stale hidden-region
2026-09-21T01:51:14.5622580Z ok 423 - native pointerdown cannot retain reading with stale hidden-region
2026-09-21T01:51:14.5622722Z   ---
2026-09-21T01:51:14.5622879Z   duration_ms: 0.501876
2026-09-21T01:51:14.5623015Z   ...
2026-09-21T01:51:14.5624125Z # Subtest: native pointerdown cannot retain reading with stale background
2026-09-21T01:51:14.5624618Z ok 424 - native pointerdown cannot retain reading with stale background
2026-09-21T01:51:14.5624767Z   ---
2026-09-21T01:51:14.5624919Z   duration_ms: 0.488682
2026-09-21T01:51:14.5625057Z   ...
2026-09-21T01:51:14.5625595Z # Subtest: native pointerdown cannot retain reading with stale hidden-document
2026-09-21T01:51:14.5626111Z ok 425 - native pointerdown cannot retain reading with stale hidden-document
2026-09-21T01:51:14.5626245Z   ---
2026-09-21T01:51:14.5626405Z   duration_ms: 0.320589
2026-09-21T01:51:14.5626542Z   ...
2026-09-21T01:51:14.5627003Z # Subtest: native pointercancel cannot retain reading with stale scope
2026-09-21T01:51:14.5627451Z ok 426 - native pointercancel cannot retain reading with stale scope
2026-09-21T01:51:14.5627588Z   ---
2026-09-21T01:51:14.5627739Z   duration_ms: 0.415876
2026-09-21T01:51:14.5627874Z   ...
2026-09-21T01:51:14.5628332Z # Subtest: native pointercancel cannot retain reading with stale root
2026-09-21T01:51:14.5628763Z ok 427 - native pointercancel cannot retain reading with stale root
2026-09-21T01:51:14.5628893Z   ---
2026-09-21T01:51:14.5629054Z   duration_ms: 0.51968
2026-09-21T01:51:14.5629189Z   ...
2026-09-21T01:51:14.5629667Z # Subtest: native pointercancel cannot retain reading with stale content
2026-09-21T01:51:14.5630120Z ok 428 - native pointercancel cannot retain reading with stale content
2026-09-21T01:51:14.5630257Z   ---
2026-09-21T01:51:14.5630412Z   duration_ms: 0.554465
2026-09-21T01:51:14.5630550Z   ...
2026-09-21T01:51:14.5631016Z # Subtest: native pointercancel cannot retain reading with stale focus
2026-09-21T01:51:14.5631457Z ok 429 - native pointercancel cannot retain reading with stale focus
2026-09-21T01:51:14.5631587Z   ---
2026-09-21T01:51:14.5631743Z   duration_ms: 0.747875
2026-09-21T01:51:14.5631879Z   ...
2026-09-21T01:51:14.5632400Z # Subtest: native pointercancel cannot retain reading with stale hidden-region
2026-09-21T01:51:14.5632906Z ok 430 - native pointercancel cannot retain reading with stale hidden-region
2026-09-21T01:51:14.5633041Z   ---
2026-09-21T01:51:14.5633194Z   duration_ms: 0.565486
2026-09-21T01:51:14.5633499Z   ...
2026-09-21T01:51:14.5634195Z # Subtest: native pointercancel cannot retain reading with stale background
2026-09-21T01:51:14.5634683Z ok 431 - native pointercancel cannot retain reading with stale background
2026-09-21T01:51:14.5634815Z   ---
2026-09-21T01:51:14.5635174Z   duration_ms: 0.620728
2026-09-21T01:51:14.5635326Z   ...
2026-09-21T01:51:14.5635873Z # Subtest: native pointercancel cannot retain reading with stale hidden-document
2026-09-21T01:51:14.5636395Z ok 432 - native pointercancel cannot retain reading with stale hidden-document
2026-09-21T01:51:14.5636532Z   ---
2026-09-21T01:51:14.5636685Z   duration_ms: 0.638782
2026-09-21T01:51:14.5636814Z   ...
2026-09-21T01:51:14.5637641Z # Subtest: only the pending region pointer can survive cancellation; Done, outside and ended gestures still cancel
2026-09-21T01:51:14.5638430Z ok 433 - only the pending region pointer can survive cancellation; Done, outside and ended gestures still cancel
2026-09-21T01:51:14.5638567Z   ---
2026-09-21T01:51:14.5638723Z   duration_ms: 4.439485
2026-09-21T01:51:14.5638858Z   ...
2026-09-21T01:51:14.5639559Z # Subtest: native scroll retention is retired if input or acceptance callbacks invalidate its reader
2026-09-21T01:51:14.5640225Z ok 434 - native scroll retention is retired if input or acceptance callbacks invalidate its reader
2026-09-21T01:51:14.5640361Z   ---
2026-09-21T01:51:14.5640516Z   duration_ms: 1.077762
2026-09-21T01:51:14.5640646Z   ...
2026-09-21T01:51:14.5641397Z # Subtest: native wheel remains unhandled and keyboard reading keeps its existing scroll and exit behavior
2026-09-21T01:51:14.5642115Z ok 435 - native wheel remains unhandled and keyboard reading keeps its existing scroll and exit behavior
2026-09-21T01:51:14.5642263Z   ---
2026-09-21T01:51:14.5642416Z   duration_ms: 1.283756
2026-09-21T01:51:14.5642550Z   ...
2026-09-21T01:51:14.5643312Z # Subtest: native scroll opt-in does not change unowned keyboard defaults or retain gestures after destruction
2026-09-21T01:51:14.5644250Z ok 436 - native scroll opt-in does not change unowned keyboard defaults or retain gestures after destruction
2026-09-21T01:51:14.5644391Z   ---
2026-09-21T01:51:14.5644538Z   duration_ms: 0.858993
2026-09-21T01:51:14.5644672Z   ...
2026-09-21T01:51:14.5645481Z # Subtest: reading hint metadata identifies entry, refresh, boundaries and ended messages after state retirement
2026-09-21T01:51:14.5646243Z ok 437 - reading hint metadata identifies entry, refresh, boundaries and ended messages after state retirement
2026-09-21T01:51:14.5646373Z   ---
2026-09-21T01:51:14.5646528Z   duration_ms: 1.510749
2026-09-21T01:51:14.5646665Z   ...
2026-09-21T01:51:14.5647142Z # Subtest: non-reading hints retain their one-argument callback contract
2026-09-21T01:51:14.5647599Z ok 438 - non-reading hints retain their one-argument callback contract
2026-09-21T01:51:14.5647735Z   ---
2026-09-21T01:51:14.5647890Z   duration_ms: 0.967275
2026-09-21T01:51:14.5648019Z   ...
2026-09-21T01:51:14.5648724Z # Subtest: exit registration rejects unrelated or hidden controls without replacing a current reader
2026-09-21T01:51:14.5649408Z ok 439 - exit registration rejects unrelated or hidden controls without replacing a current reader
2026-09-21T01:51:14.5649538Z   ---
2026-09-21T01:51:14.5649692Z   duration_ms: 1.551235
2026-09-21T01:51:14.5649835Z   ...
2026-09-21T01:51:14.5650661Z # Subtest: actual two-surface host preserves a native Done click through document capture and returns focus
2026-09-21T01:51:14.5652232Z ok 440 - actual two-surface host preserves a native Done click through document capture and returns focus
2026-09-21T01:51:14.5652384Z   ---
2026-09-21T01:51:14.5652541Z   duration_ms: 3.73472
2026-09-21T01:51:14.5652671Z   ...
2026-09-21T01:51:14.5653380Z # Subtest: embedded practice Tab edges return to parent controls; interior keys keep their menu owner
2026-09-21T01:51:14.5654247Z ok 441 - embedded practice Tab edges return to parent controls; interior keys keep their menu owner
2026-09-21T01:51:14.5654381Z   ---
2026-09-21T01:51:14.5654865Z   duration_ms: 2.258225
2026-09-21T01:51:14.5655002Z   ...
2026-09-21T01:51:14.5655964Z # Subtest: practice boundary never bypasses a real modal, active reader, native field or unregistered game
2026-09-21T01:51:14.5657112Z ok 442 - practice boundary never bypasses a real modal, active reader, native field or unregistered game
2026-09-21T01:51:14.5657269Z   ---
2026-09-21T01:51:14.5657430Z   duration_ms: 2.866941
2026-09-21T01:51:14.5657658Z   ...
2026-09-21T01:51:14.5658641Z # Subtest: stale, loading, unfocused or disposed practice contexts cannot move parent focus or clear newer input
2026-09-21T01:51:14.5658804Z     # Subtest: session
2026-09-21T01:51:14.5659044Z     ok 1 - session
2026-09-21T01:51:14.5659184Z       ---
2026-09-21T01:51:14.5659437Z       duration_ms: 0.858893
2026-09-21T01:51:14.5659576Z       ...
2026-09-21T01:51:14.5659816Z     # Subtest: loading
2026-09-21T01:51:14.5659964Z     ok 2 - loading
2026-09-21T01:51:14.5660103Z       ---
2026-09-21T01:51:14.5660259Z       duration_ms: 0.745992
2026-09-21T01:51:14.5660395Z       ...
2026-09-21T01:51:14.5660561Z     # Subtest: parent-focus
2026-09-21T01:51:14.5660723Z     ok 3 - parent-focus
2026-09-21T01:51:14.5660862Z       ---
2026-09-21T01:51:14.5661023Z       duration_ms: 0.403553
2026-09-21T01:51:14.5661160Z       ...
2026-09-21T01:51:14.5661315Z     # Subtest: hidden
2026-09-21T01:51:14.5661572Z     ok 4 - hidden
2026-09-21T01:51:14.5661716Z       ---
2026-09-21T01:51:14.5661963Z       duration_ms: 0.424132
2026-09-21T01:51:14.5662199Z       ...
2026-09-21T01:51:14.5662369Z     # Subtest: wrong-frame
2026-09-21T01:51:14.5662517Z     ok 5 - wrong-frame
2026-09-21T01:51:14.5662655Z       ---
2026-09-21T01:51:14.5662912Z       duration_ms: 0.392442
2026-09-21T01:51:14.5663049Z       ...
2026-09-21T01:51:14.5663292Z     # Subtest: disposed
2026-09-21T01:51:14.5663540Z     ok 6 - disposed
2026-09-21T01:51:14.5663681Z       ---
2026-09-21T01:51:14.5664096Z       duration_ms: 0.448196
2026-09-21T01:51:14.5664238Z       ...
2026-09-21T01:51:14.5664490Z     1..6
2026-09-21T01:51:14.5665443Z ok 443 - stale, loading, unfocused or disposed practice contexts cannot move parent focus or clear newer input
2026-09-21T01:51:14.5665586Z   ---
2026-09-21T01:51:14.5665838Z   duration_ms: 4.040751
2026-09-21T01:51:14.5665976Z   ...
2026-09-21T01:51:14.5667002Z # Subtest: an accepted practice exit cannot wrap the child after a callback changes session or parent focus
2026-09-21T01:51:14.5667226Z     # Subtest: onSuspend: session
2026-09-21T01:51:14.5667495Z     ok 1 - onSuspend: session
2026-09-21T01:51:14.5667769Z       ---
2026-09-21T01:51:14.5667933Z       duration_ms: 0.775136
2026-09-21T01:51:14.5668073Z       ...
2026-09-21T01:51:14.5668372Z     # Subtest: onSuspend: focus
2026-09-21T01:51:14.5668532Z     ok 2 - onSuspend: focus
2026-09-21T01:51:14.5668759Z       ---
2026-09-21T01:51:14.5669015Z       duration_ms: 0.575153
2026-09-21T01:51:14.5669148Z       ...
2026-09-21T01:51:14.5669353Z     # Subtest: onRelease: session
2026-09-21T01:51:14.5669617Z     ok 3 - onRelease: session
2026-09-21T01:51:14.5669758Z       ---
2026-09-21T01:51:14.5670009Z       duration_ms: 0.57887
2026-09-21T01:51:14.5670148Z       ...
2026-09-21T01:51:14.5670446Z     # Subtest: onRelease: focus
2026-09-21T01:51:14.5670602Z     ok 4 - onRelease: focus
2026-09-21T01:51:14.5670841Z       ---
2026-09-21T01:51:14.5671001Z       duration_ms: 0.467964
2026-09-21T01:51:14.5671131Z       ...
2026-09-21T01:51:14.5671361Z     1..4
2026-09-21T01:51:14.5672274Z ok 444 - an accepted practice exit cannot wrap the child after a callback changes session or parent focus
2026-09-21T01:51:14.5672501Z   ---
2026-09-21T01:51:14.5672754Z   duration_ms: 2.864576
2026-09-21T01:51:14.5672891Z   ...
2026-09-21T01:51:14.5673517Z # Subtest: keyboard Done: modal Shift+Tab and "Enter" end the actual host once
2026-09-21T01:51:14.5674410Z ok 445 - keyboard Done: modal Shift+Tab and "Enter" end the actual host once
2026-09-21T01:51:14.5674600Z   ---
2026-09-21T01:51:14.5674767Z   duration_ms: 1.834534
2026-09-21T01:51:14.5675269Z   ...
2026-09-21T01:51:14.5676047Z # Subtest: keyboard Done: modal Shift+Tab and " " end the actual host once
2026-09-21T01:51:14.5676516Z ok 446 - keyboard Done: modal Shift+Tab and " " end the actual host once
2026-09-21T01:51:14.5676646Z   ---
2026-09-21T01:51:14.5676954Z   duration_ms: 1.31302
2026-09-21T01:51:14.5677216Z   ...
2026-09-21T01:51:14.5677927Z # Subtest: keyboard Done: panel Shift+Tab and "Enter" end the actual host once
2026-09-21T01:51:14.5678510Z ok 447 - keyboard Done: panel Shift+Tab and "Enter" end the actual host once
2026-09-21T01:51:14.5678741Z   ---
2026-09-21T01:51:14.5679000Z   duration_ms: 1.187537
2026-09-21T01:51:14.5679134Z   ...
2026-09-21T01:51:14.5679718Z # Subtest: keyboard Done: panel Shift+Tab and " " end the actual host once
2026-09-21T01:51:14.5680360Z ok 448 - keyboard Done: panel Shift+Tab and " " end the actual host once
2026-09-21T01:51:14.5680497Z   ---
2026-09-21T01:51:14.5680742Z   duration_ms: 2.992305
2026-09-21T01:51:14.5680888Z   ...
2026-09-21T01:51:14.5681722Z # Subtest: keyboard Done: modal round trip retains reading, leaving the pair cancels
2026-09-21T01:51:14.5682440Z ok 449 - keyboard Done: modal round trip retains reading, leaving the pair cancels
2026-09-21T01:51:14.5682580Z   ---
2026-09-21T01:51:14.5682735Z   duration_ms: 1.413518
2026-09-21T01:51:14.5682966Z   ...
2026-09-21T01:51:14.5683884Z # Subtest: keyboard Done: panel round trip retains reading, leaving the pair cancels
2026-09-21T01:51:14.5684431Z ok 450 - keyboard Done: panel round trip retains reading, leaving the pair cancels
2026-09-21T01:51:14.5684567Z   ---
2026-09-21T01:51:14.5684716Z   duration_ms: 1.272365
2026-09-21T01:51:14.5684851Z   ...
2026-09-21T01:51:14.5685387Z # Subtest: keyboard Done: an exit after the region follows actual sequential order
2026-09-21T01:51:14.5685898Z ok 451 - keyboard Done: an exit after the region follows actual sequential order
2026-09-21T01:51:14.5686034Z   ---
2026-09-21T01:51:14.5686189Z   duration_ms: 1.100153
2026-09-21T01:51:14.5686325Z   ...
2026-09-21T01:51:14.5686937Z # Subtest: keyboard Done: an intervening action is not skipped or activated to reach Done
2026-09-21T01:51:14.5687510Z ok 452 - keyboard Done: an intervening action is not skipped or activated to reach Done
2026-09-21T01:51:14.5687646Z   ---
2026-09-21T01:51:14.5687799Z   duration_ms: 0.989386
2026-09-21T01:51:14.5687935Z   ...
2026-09-21T01:51:14.5688486Z # Subtest: keyboard Done: controller back on focused Done ends without host action
2026-09-21T01:51:14.5689003Z ok 453 - keyboard Done: controller back on focused Done ends without host action
2026-09-21T01:51:14.5689140Z   ---
2026-09-21T01:51:14.5689295Z   duration_ms: 0.899939
2026-09-21T01:51:14.5689428Z   ...
2026-09-21T01:51:14.5690041Z # Subtest: keyboard Done: controller confirm on focused Done ends without host action
2026-09-21T01:51:14.5690595Z ok 454 - keyboard Done: controller confirm on focused Done ends without host action
2026-09-21T01:51:14.5690732Z   ---
2026-09-21T01:51:14.5690887Z   duration_ms: 0.963999
2026-09-21T01:51:14.5691021Z   ...
2026-09-21T01:51:14.5691563Z # Subtest: keyboard Done: controller menu on focused Done ends without host action
2026-09-21T01:51:14.5692077Z ok 455 - keyboard Done: controller menu on focused Done ends without host action
2026-09-21T01:51:14.5692214Z   ---
2026-09-21T01:51:14.5692374Z   duration_ms: 0.996149
2026-09-21T01:51:14.5692509Z   ...
2026-09-21T01:51:14.5693180Z # Subtest: keyboard Done: hidden exit invalidates its ownership without activating another action
2026-09-21T01:51:14.5694008Z ok 456 - keyboard Done: hidden exit invalidates its ownership without activating another action
2026-09-21T01:51:14.5694243Z   ---
2026-09-21T01:51:14.5694393Z   duration_ms: 1.053085
2026-09-21T01:51:14.5694530Z   ...
2026-09-21T01:51:14.5695223Z # Subtest: keyboard Done: disabled exit invalidates its ownership without activating another action
2026-09-21T01:51:14.5695890Z ok 457 - keyboard Done: disabled exit invalidates its ownership without activating another action
2026-09-21T01:51:14.5696213Z   ---
2026-09-21T01:51:14.5696392Z   duration_ms: 1.07155
2026-09-21T01:51:14.5696531Z   ...
2026-09-21T01:51:14.5697541Z # Subtest: keyboard Done: removed exit invalidates its ownership without activating another action
2026-09-21T01:51:14.5698366Z ok 458 - keyboard Done: removed exit invalidates its ownership without activating another action
2026-09-21T01:51:14.5698511Z   ---
2026-09-21T01:51:14.5698669Z   duration_ms: 1.582533
2026-09-21T01:51:14.5698799Z   ...
2026-09-21T01:51:14.5699495Z # Subtest: keyboard Done: replaced text invalidates its ownership without activating another action
2026-09-21T01:51:14.5700160Z ok 459 - keyboard Done: replaced text invalidates its ownership without activating another action
2026-09-21T01:51:14.5700289Z   ---
2026-09-21T01:51:14.5700445Z   duration_ms: 1.068294
2026-09-21T01:51:14.5700579Z   ...
2026-09-21T01:51:14.5701265Z # Subtest: keyboard Done: changed scope invalidates its ownership without activating another action
2026-09-21T01:51:14.5701929Z ok 460 - keyboard Done: changed scope invalidates its ownership without activating another action
2026-09-21T01:51:14.5702066Z   ---
2026-09-21T01:51:14.5702221Z   duration_ms: 1.057323
2026-09-21T01:51:14.5702349Z   ...
2026-09-21T01:51:14.5703063Z # Subtest: keyboard Done: external focus invalidates its ownership without activating another action
2026-09-21T01:51:14.5703936Z ok 461 - keyboard Done: external focus invalidates its ownership without activating another action
2026-09-21T01:51:14.5704073Z   ---
2026-09-21T01:51:14.5704235Z   duration_ms: 1.485152
2026-09-21T01:51:14.5704371Z   ...
2026-09-21T01:51:14.5705088Z # Subtest: keyboard Done: lifecycle clear invalidates its ownership without activating another action
2026-09-21T01:51:14.5705774Z ok 462 - keyboard Done: lifecycle clear invalidates its ownership without activating another action
2026-09-21T01:51:14.5705914Z   ---
2026-09-21T01:51:14.5706070Z   duration_ms: 1.271543
2026-09-21T01:51:14.5706200Z   ...
2026-09-21T01:51:14.5706856Z # Subtest: keyboard Done: destroy invalidates its ownership without activating another action
2026-09-21T01:51:14.5707476Z ok 463 - keyboard Done: destroy invalidates its ownership without activating another action
2026-09-21T01:51:14.5707616Z   ---
2026-09-21T01:51:14.5707766Z   duration_ms: 1.251315
2026-09-21T01:51:14.5707908Z   ...
2026-09-21T01:51:14.5708521Z # Subtest: keyboard Done: modal disabling the focused exit preserves its real Tab neighbor
2026-09-21T01:51:14.5709097Z ok 464 - keyboard Done: modal disabling the focused exit preserves its real Tab neighbor
2026-09-21T01:51:14.5709234Z   ---
2026-09-21T01:51:14.5709390Z   duration_ms: 3.720233
2026-09-21T01:51:14.5709520Z   ...
2026-09-21T01:51:14.5710137Z # Subtest: keyboard Done: panel disabling the focused exit preserves its real Tab neighbor
2026-09-21T01:51:14.5710723Z ok 465 - keyboard Done: panel disabling the focused exit preserves its real Tab neighbor
2026-09-21T01:51:14.5710861Z   ---
2026-09-21T01:51:14.5711020Z   duration_ms: 0.826292
2026-09-21T01:51:14.5711157Z   ...
2026-09-21T01:51:14.5711806Z # Subtest: keyboard Done: held activation and ordinary controller directions retain one reader
2026-09-21T01:51:14.5712416Z ok 466 - keyboard Done: held activation and ordinary controller directions retain one reader
2026-09-21T01:51:14.5712560Z   ---
2026-09-21T01:51:14.5712717Z   duration_ms: 0.875304
2026-09-21T01:51:14.5712853Z   ...
2026-09-21T01:51:14.5713402Z # Subtest: keyboard Done: a host focus handoff during exit owns the next destination
2026-09-21T01:51:14.5714094Z ok 467 - keyboard Done: a host focus handoff during exit owns the next destination
2026-09-21T01:51:14.5714235Z   ---
2026-09-21T01:51:14.5714385Z   duration_ms: 0.880273
2026-09-21T01:51:14.5714520Z   ...
2026-09-21T01:51:14.5715371Z # Subtest: keyboard Done: hosts without keyboard navigation retain native focus cancellation
2026-09-21T01:51:14.5716066Z ok 468 - keyboard Done: hosts without keyboard navigation retain native focus cancellation
2026-09-21T01:51:14.5716378Z   ---
2026-09-21T01:51:14.5716535Z   duration_ms: 0.536181
2026-09-21T01:51:14.5716668Z   ...
2026-09-21T01:51:14.5717334Z # Subtest: keyboard Done: a hidden page after exit notification cannot receive a stale Tab handoff
2026-09-21T01:51:14.5718335Z ok 469 - keyboard Done: a hidden page after exit notification cannot receive a stale Tab handoff
2026-09-21T01:51:14.5718581Z   ---
2026-09-21T01:51:14.5718736Z   duration_ms: 0.887667
2026-09-21T01:51:14.5718871Z   ...
2026-09-21T01:51:14.5719826Z # Subtest: keyboard Done: a blurred page after exit notification cannot receive a stale Tab handoff
2026-09-21T01:51:14.5720663Z ok 470 - keyboard Done: a blurred page after exit notification cannot receive a stale Tab handoff
2026-09-21T01:51:14.5720891Z   ---
2026-09-21T01:51:14.5721050Z   duration_ms: 0.989907
2026-09-21T01:51:14.5721185Z   ...
2026-09-21T01:51:14.5722056Z # Subtest: reader modifier: full Shift down/Tab down-up/Shift up reaches Done in a modal
2026-09-21T01:51:14.5722719Z ok 471 - reader modifier: full Shift down/Tab down-up/Shift up reaches Done in a modal
2026-09-21T01:51:14.5722958Z   ---
2026-09-21T01:51:14.5723215Z   duration_ms: 2.293961
2026-09-21T01:51:14.5723346Z   ...
2026-09-21T01:51:14.5724328Z # Subtest: reader modifier: full Shift down/Tab down-up/Shift up reaches Done in a panel
2026-09-21T01:51:14.5724901Z ok 472 - reader modifier: full Shift down/Tab down-up/Shift up reaches Done in a panel
2026-09-21T01:51:14.5725033Z   ---
2026-09-21T01:51:14.5725189Z   duration_ms: 2.037422
2026-09-21T01:51:14.5725325Z   ...
2026-09-21T01:51:14.5725994Z # Subtest: reader modifier: Shift alone and held Shift preserve the current region without action
2026-09-21T01:51:14.5726646Z ok 473 - reader modifier: Shift alone and held Shift preserve the current region without action
2026-09-21T01:51:14.5726794Z   ---
2026-09-21T01:51:14.5726964Z   duration_ms: 1.067532
2026-09-21T01:51:14.5727107Z   ...
2026-09-21T01:51:14.5727751Z # Subtest: reader modifier: Shift alone and held Shift preserve the current done without action
2026-09-21T01:51:14.5728385Z ok 474 - reader modifier: Shift alone and held Shift preserve the current done without action
2026-09-21T01:51:14.5728527Z   ---
2026-09-21T01:51:14.5728697Z   duration_ms: 1.327508
2026-09-21T01:51:14.5728843Z   ...
2026-09-21T01:51:14.5729434Z # Subtest: reader modifier: hosts without keyboard navigation retain Shift relinquish
2026-09-21T01:51:14.5729985Z ok 475 - reader modifier: hosts without keyboard navigation retain Shift relinquish
2026-09-21T01:51:14.5730132Z   ---
2026-09-21T01:51:14.5730302Z   duration_ms: 0.732517
2026-09-21T01:51:14.5730444Z   ...
2026-09-21T01:51:14.5730855Z # Subtest: reader modifier: Shift cannot preserve hidden page
2026-09-21T01:51:14.5731246Z ok 476 - reader modifier: Shift cannot preserve hidden page
2026-09-21T01:51:14.5731392Z   ---
2026-09-21T01:51:14.5731558Z   duration_ms: 0.794593
2026-09-21T01:51:14.5731713Z   ...
2026-09-21T01:51:14.5732182Z # Subtest: reader modifier: Shift cannot preserve unfocused page
2026-09-21T01:51:14.5732621Z ok 477 - reader modifier: Shift cannot preserve unfocused page
2026-09-21T01:51:14.5732800Z   ---
2026-09-21T01:51:14.5732978Z   duration_ms: 0.815161
2026-09-21T01:51:14.5733153Z   ...
2026-09-21T01:51:14.5733672Z # Subtest: reader modifier: Shift cannot preserve replaced text
2026-09-21T01:51:14.5734975Z ok 478 - reader modifier: Shift cannot preserve replaced text
2026-09-21T01:51:14.5735154Z   ---
2026-09-21T01:51:14.5735430Z   duration_ms: 0.788321
2026-09-21T01:51:14.5735686Z   ...
2026-09-21T01:51:14.5736292Z # Subtest: reader modifier: Shift cannot preserve changed scope
2026-09-21T01:51:14.5736704Z ok 479 - reader modifier: Shift cannot preserve changed scope
2026-09-21T01:51:14.5736879Z   ---
2026-09-21T01:51:14.5737075Z   duration_ms: 0.838725
2026-09-21T01:51:14.5737235Z   ...
2026-09-21T01:51:14.5737932Z # Subtest: reader modifier: Shift cannot preserve changed root
2026-09-21T01:51:14.5738793Z ok 480 - reader modifier: Shift cannot preserve changed root
2026-09-21T01:51:14.5739196Z   ---
2026-09-21T01:51:14.5739558Z   duration_ms: 0.756552
2026-09-21T01:51:14.5739868Z   ...
2026-09-21T01:51:14.5740623Z # Subtest: reader modifier: Shift cannot preserve outside focus
2026-09-21T01:51:14.5741295Z ok 481 - reader modifier: Shift cannot preserve outside focus
2026-09-21T01:51:14.5741867Z   ---
2026-09-21T01:51:14.5742056Z   duration_ms: 0.697212
2026-09-21T01:51:14.5742324Z   ...
2026-09-21T01:51:14.5743110Z # Subtest: reader modifier: Shift with ctrlKey retains existing relinquish behavior
2026-09-21T01:51:14.5747724Z ok 482 - reader modifier: Shift with ctrlKey retains existing relinquish behavior
2026-09-21T01:51:14.5747874Z   ---
2026-09-21T01:51:14.5748030Z   duration_ms: 0.767533
2026-09-21T01:51:14.5748170Z   ...
2026-09-21T01:51:14.5748744Z # Subtest: reader modifier: Shift with altKey retains existing relinquish behavior
2026-09-21T01:51:14.5749277Z ok 483 - reader modifier: Shift with altKey retains existing relinquish behavior
2026-09-21T01:51:14.5749427Z   ---
2026-09-21T01:51:14.5749585Z   duration_ms: 0.793531
2026-09-21T01:51:14.5749713Z   ...
2026-09-21T01:51:14.5750284Z # Subtest: reader modifier: Shift with metaKey retains existing relinquish behavior
2026-09-21T01:51:14.5750908Z ok 484 - reader modifier: Shift with metaKey retains existing relinquish behavior
2026-09-21T01:51:14.5751055Z   ---
2026-09-21T01:51:14.5751210Z   duration_ms: 0.704174
2026-09-21T01:51:14.5751346Z   ...
2026-09-21T01:51:14.5752006Z # Subtest: reader modifier: Shift with defaultPrevented retains existing relinquish behavior
2026-09-21T01:51:14.5752629Z ok 485 - reader modifier: Shift with defaultPrevented retains existing relinquish behavior
2026-09-21T01:51:14.5752760Z   ---
2026-09-21T01:51:14.5752916Z   duration_ms: 0.618715
2026-09-21T01:51:14.5753049Z   ...
2026-09-21T01:51:14.5754015Z # Subtest: reader modifier: native-input callback may retire the reader without re-entry or focus transfer
2026-09-21T01:51:14.5754760Z ok 486 - reader modifier: native-input callback may retire the reader without re-entry or focus transfer
2026-09-21T01:51:14.5754911Z   ---
2026-09-21T01:51:14.5755063Z   duration_ms: 3.358648
2026-09-21T01:51:14.5755199Z   ...
2026-09-21T01:51:14.5755864Z # Subtest: registered native frame exit leaves sequential focus to the browser without wrapping
2026-09-21T01:51:14.5756499Z ok 487 - registered native frame exit leaves sequential focus to the browser without wrapping
2026-09-21T01:51:14.5756631Z   ---
2026-09-21T01:51:14.5756789Z   duration_ms: 2.047875
2026-09-21T01:51:14.5756925Z   ...
2026-09-21T01:51:14.5757568Z # Subtest: two finite toolbars keep Done stable, show mapped labels and retain the return origin
2026-09-21T01:51:14.5758202Z ok 488 - two finite toolbars keep Done stable, show mapped labels and retain the return origin
2026-09-21T01:51:14.5758353Z   ---
2026-09-21T01:51:14.5758515Z   duration_ms: 5.174116
2026-09-21T01:51:14.5758826Z   ...
2026-09-21T01:51:14.5759784Z # Subtest: optional reading prompt uses the same measured scrollability without replacing Done or transitions
2026-09-21T01:51:14.5760825Z ok 489 - optional reading prompt uses the same measured scrollability without replacing Done or transitions
2026-09-21T01:51:14.5760964Z   ---
2026-09-21T01:51:14.5761119Z   duration_ms: 0.784815
2026-09-21T01:51:14.5761253Z   ...
2026-09-21T01:51:14.5761982Z # Subtest: running full-brief entry pauses before beginning; overlay entry cannot start or pause flight
2026-09-21T01:51:14.5762670Z ok 490 - running full-brief entry pauses before beginning; overlay entry cannot start or pause flight
2026-09-21T01:51:14.5762806Z   ---
2026-09-21T01:51:14.5762962Z   duration_ms: 0.934274
2026-09-21T01:51:14.5763092Z   ...
2026-09-21T01:51:14.5763653Z # Subtest: ready, paused, won, lost and complete entries never invoke a flight action
2026-09-21T01:51:14.5764461Z ok 491 - ready, paused, won, lost and complete entries never invoke a flight action
2026-09-21T01:51:14.5764596Z   ---
2026-09-21T01:51:14.5764750Z   duration_ms: 1.220187
2026-09-21T01:51:14.5765099Z   ...
2026-09-21T01:51:14.5765699Z # Subtest: a rejected or repeated entry does not scroll the host unit or recreate reading
2026-09-21T01:51:14.5766259Z ok 492 - a rejected or repeated entry does not scroll the host unit or recreate reading
2026-09-21T01:51:14.5766394Z   ---
2026-09-21T01:51:14.5766551Z   duration_ms: 0.914035
2026-09-21T01:51:14.5766833Z   ...
2026-09-21T01:51:14.5767419Z # Subtest: late Done click after cancellation cannot re-enter or invoke another action
2026-09-21T01:51:14.5767973Z ok 493 - late Done click after cancellation cannot re-enter or invoke another action
2026-09-21T01:51:14.5768108Z   ---
2026-09-21T01:51:14.5768256Z   duration_ms: 0.73972
2026-09-21T01:51:14.5768390Z   ...
2026-09-21T01:51:14.5769037Z # Subtest: closing the full brief ends only its own active reader without restoring hidden focus
2026-09-21T01:51:14.5769648Z ok 494 - closing the full brief ends only its own active reader without restoring hidden focus
2026-09-21T01:51:14.5769787Z   ---
2026-09-21T01:51:14.5769945Z   duration_ms: 0.935586
2026-09-21T01:51:14.5770074Z   ...
2026-09-21T01:51:14.5770780Z # Subtest: local hints use text, do not duplicate mapped prompts, and ignore later unrelated navigation
2026-09-21T01:51:14.5771367Z ok 495 - local hints use text, do not duplicate mapped prompts, and ignore later unrelated navigation
2026-09-21T01:51:14.5771495Z   ---
2026-09-21T01:51:14.5771622Z   duration_ms: 0.917092
2026-09-21T01:51:14.5771755Z   ...
2026-09-21T01:51:14.5772338Z # Subtest: destruction ends once and removes both finite toolbars and details event handlers
2026-09-21T01:51:14.5772808Z ok 496 - destruction ends once and removes both finite toolbars and details event handlers
2026-09-21T01:51:14.5772923Z   ---
2026-09-21T01:51:14.5773050Z   duration_ms: 0.729542
2026-09-21T01:51:14.5773164Z   ...
2026-09-21T01:51:14.5773683Z # Subtest: one custom Couch toolbar owns real navigation focus and a stable pointer Done action
2026-09-21T01:51:14.5774479Z ok 497 - one custom Couch toolbar owns real navigation focus and a stable pointer Done action
2026-09-21T01:51:14.5774806Z   ---
2026-09-21T01:51:14.5774962Z   duration_ms: 8.390529
2026-09-21T01:51:14.5775097Z   ...
2026-09-21T01:51:14.5775758Z # Subtest: custom toolbar Escape returns only to its opener and late Done preserves later focus
2026-09-21T01:51:14.5776404Z ok 498 - custom toolbar Escape returns only to its opener and late Done preserves later focus
2026-09-21T01:51:14.5776542Z   ---
2026-09-21T01:51:14.5776698Z   duration_ms: 3.309376
2026-09-21T01:51:14.5776833Z   ...
2026-09-21T01:51:14.5777464Z # Subtest: custom toolbar refuses flight entry and releases its own listeners on destruction
2026-09-21T01:51:14.5778076Z ok 499 - custom toolbar refuses flight entry and releases its own listeners on destruction
2026-09-21T01:51:14.5778220Z   ---
2026-09-21T01:51:14.5778373Z   duration_ms: 1.56989
2026-09-21T01:51:14.5778508Z   ...
2026-09-21T01:51:14.5779294Z # Subtest: resize opt-in reveals the current reading unit, updates measured hints and preserves focus and Done
2026-09-21T01:51:14.5780058Z ok 500 - resize opt-in reveals the current reading unit, updates measured hints and preserves focus and Done
2026-09-21T01:51:14.5780196Z   ---
2026-09-21T01:51:14.5780357Z   duration_ms: 6.421454
2026-09-21T01:51:14.5780492Z   ...
2026-09-21T01:51:14.5780942Z # Subtest: resize leaves existing default reader behavior unchanged
2026-09-21T01:51:14.5781397Z ok 501 - resize leaves existing default reader behavior unchanged
2026-09-21T01:51:14.5781538Z   ---
2026-09-21T01:51:14.5781689Z   duration_ms: 1.17344
2026-09-21T01:51:14.5781824Z   ...
2026-09-21T01:51:14.5782488Z # Subtest: resize reveals a viewport-fitting reader clipped by an auto ancestor's client box
2026-09-21T01:51:14.5783109Z ok 502 - resize reveals a viewport-fitting reader clipped by an auto ancestor's client box
2026-09-21T01:51:14.5783252Z   ---
2026-09-21T01:51:14.5783410Z   duration_ms: 4.438473
2026-09-21T01:51:14.5783549Z   ...
2026-09-21T01:51:14.5784491Z # Subtest: resize reveals a viewport-fitting reader clipped by an scroll ancestor's client box
2026-09-21T01:51:14.5785342Z ok 503 - resize reveals a viewport-fitting reader clipped by an scroll ancestor's client box
2026-09-21T01:51:14.5785485Z   ---
2026-09-21T01:51:14.5785643Z   duration_ms: 4.476734
2026-09-21T01:51:14.5785782Z   ...
2026-09-21T01:51:14.5786599Z # Subtest: resize reveals a viewport-fitting reader clipped by an hidden ancestor's client box
2026-09-21T01:51:14.5787243Z ok 504 - resize reveals a viewport-fitting reader clipped by an hidden ancestor's client box
2026-09-21T01:51:14.5787380Z   ---
2026-09-21T01:51:14.5787540Z   duration_ms: 3.685328
2026-09-21T01:51:14.5787673Z   ...
2026-09-21T01:51:14.5788311Z # Subtest: resize reveals a viewport-fitting reader clipped by an clip ancestor's client box
2026-09-21T01:51:14.5788933Z ok 505 - resize reveals a viewport-fitting reader clipped by an clip ancestor's client box
2026-09-21T01:51:14.5789076Z   ---
2026-09-21T01:51:14.5789227Z   duration_ms: 3.552921
2026-09-21T01:51:14.5789370Z   ...
2026-09-21T01:51:14.5790041Z # Subtest: resize reveals a viewport-fitting reader clipped by an overlay ancestor's client box
2026-09-21T01:51:14.5790685Z ok 506 - resize reveals a viewport-fitting reader clipped by an overlay ancestor's client box
2026-09-21T01:51:14.5790819Z   ---
2026-09-21T01:51:14.5790986Z   duration_ms: 10.435515
2026-09-21T01:51:14.5791125Z   ...
2026-09-21T01:51:14.5791638Z # Subtest: resize skips a reader inside both viewport and ancestor client box
2026-09-21T01:51:14.5792138Z ok 507 - resize skips a reader inside both viewport and ancestor client box
2026-09-21T01:51:14.5792278Z   ---
2026-09-21T01:51:14.5792435Z   duration_ms: 3.09172
2026-09-21T01:51:14.5792564Z   ...
2026-09-21T01:51:14.5793085Z # Subtest: resize intersects horizontal and vertical overflow independently
2026-09-21T01:51:14.5793580Z ok 508 - resize intersects horizontal and vertical overflow independently
2026-09-21T01:51:14.5793909Z   ---
2026-09-21T01:51:14.5794078Z   duration_ms: 9.190151
2026-09-21T01:51:14.5794219Z   ...
2026-09-21T01:51:14.5794935Z # Subtest: resize intersects nested clipping panels and does not clip the toolbar to its text region
2026-09-21T01:51:14.5795632Z ok 509 - resize intersects nested clipping panels and does not clip the toolbar to its text region
2026-09-21T01:51:14.5795775Z   ---
2026-09-21T01:51:14.5795938Z   duration_ms: 9.319767
2026-09-21T01:51:14.5796071Z   ...
2026-09-21T01:51:14.5796662Z # Subtest: resize reveals through a valid ancestor that is itself outside the viewport
2026-09-21T01:51:14.5797229Z ok 510 - resize reveals through a valid ancestor that is itself outside the viewport
2026-09-21T01:51:14.5797366Z   ---
2026-09-21T01:51:14.5797526Z   duration_ms: 2.265789
2026-09-21T01:51:14.5797665Z   ...
2026-09-21T01:51:14.5803466Z # Subtest: resize repeat suppression includes the effective ancestor clip bounds
2026-09-21T01:51:14.5804438Z ok 511 - resize repeat suppression includes the effective ancestor clip bounds
2026-09-21T01:51:14.5804652Z   ---
2026-09-21T01:51:14.5804839Z   duration_ms: 13.816965
2026-09-21T01:51:14.5804972Z   ...
2026-09-21T01:51:14.5805453Z # Subtest: resize ignores a clipping ancestor with nonfinite-position
2026-09-21T01:51:14.5805903Z ok 512 - resize ignores a clipping ancestor with nonfinite-position
2026-09-21T01:51:14.5806035Z   ---
2026-09-21T01:51:14.5806200Z   duration_ms: 5.211796
2026-09-21T01:51:14.5806337Z   ...
2026-09-21T01:51:14.5806746Z # Subtest: resize ignores a clipping ancestor with zero-width
2026-09-21T01:51:14.5807116Z ok 513 - resize ignores a clipping ancestor with zero-width
2026-09-21T01:51:14.5807255Z   ---
2026-09-21T01:51:14.5807413Z   duration_ms: 1.975106
2026-09-21T01:51:14.5807541Z   ...
2026-09-21T01:51:14.5807953Z # Subtest: resize ignores a clipping ancestor with zero-height
2026-09-21T01:51:14.5808333Z ok 514 - resize ignores a clipping ancestor with zero-height
2026-09-21T01:51:14.5808466Z   ---
2026-09-21T01:51:14.5808622Z   duration_ms: 2.079882
2026-09-21T01:51:14.5808757Z   ...
2026-09-21T01:51:14.5809465Z # Subtest: resize ignores a clipping ancestor with negative-border
2026-09-21T01:51:14.5809876Z ok 515 - resize ignores a clipping ancestor with negative-border
2026-09-21T01:51:14.5810014Z   ---
2026-09-21T01:51:14.5810169Z   duration_ms: 1.870941
2026-09-21T01:51:14.5810298Z   ...
2026-09-21T01:51:14.5810930Z # Subtest: resize ignores a clipping ancestor with missing-client-size
2026-09-21T01:51:14.5811392Z ok 516 - resize ignores a clipping ancestor with missing-client-size
2026-09-21T01:51:14.5811528Z   ---
2026-09-21T01:51:14.5811677Z   duration_ms: 1.963554
2026-09-21T01:51:14.5811813Z   ...
2026-09-21T01:51:14.5812229Z # Subtest: ancestor-style cannot reveal a retired reading owner
2026-09-21T01:51:14.5812613Z ok 517 - ancestor-style cannot reveal a retired reading owner
2026-09-21T01:51:14.5812754Z   ---
2026-09-21T01:51:14.5812908Z   duration_ms: 2.382516
2026-09-21T01:51:14.5813036Z   ...
2026-09-21T01:51:14.5813491Z # Subtest: ancestor-rectangle cannot reveal a retired reading owner
2026-09-21T01:51:14.5814118Z ok 518 - ancestor-rectangle cannot reveal a retired reading owner
2026-09-21T01:51:14.5814455Z   ---
2026-09-21T01:51:14.5814613Z   duration_ms: 1.267886
2026-09-21T01:51:14.5814747Z   ...
2026-09-21T01:51:14.5815209Z # Subtest: ancestor-client-size cannot reveal a retired reading owner
2026-09-21T01:51:14.5815645Z ok 519 - ancestor-client-size cannot reveal a retired reading owner
2026-09-21T01:51:14.5815781Z   ---
2026-09-21T01:51:14.5815936Z   duration_ms: 1.741139
2026-09-21T01:51:14.5816063Z   ...
2026-09-21T01:51:14.5816445Z # Subtest: resize cannot reveal the active unit after ended
2026-09-21T01:51:14.5816801Z ok 520 - resize cannot reveal the active unit after ended
2026-09-21T01:51:14.5816939Z   ---
2026-09-21T01:51:14.5817085Z   duration_ms: 0.962716
2026-09-21T01:51:14.5817219Z   ...
2026-09-21T01:51:14.5817677Z # Subtest: resize cannot reveal the active unit after background
2026-09-21T01:51:14.5818061Z ok 521 - resize cannot reveal the active unit after background
2026-09-21T01:51:14.5818202Z   ---
2026-09-21T01:51:14.5818357Z   duration_ms: 1.662654
2026-09-21T01:51:14.5818487Z   ...
2026-09-21T01:51:14.5818935Z # Subtest: resize cannot reveal the active unit after hidden-document
2026-09-21T01:51:14.5819356Z ok 522 - resize cannot reveal the active unit after hidden-document
2026-09-21T01:51:14.5819496Z   ---
2026-09-21T01:51:14.5819647Z   duration_ms: 0.817956
2026-09-21T01:51:14.5819781Z   ...
2026-09-21T01:51:14.5820214Z # Subtest: resize cannot reveal the active unit after changed-scope
2026-09-21T01:51:14.5820622Z ok 523 - resize cannot reveal the active unit after changed-scope
2026-09-21T01:51:14.5820757Z   ---
2026-09-21T01:51:14.5820912Z   duration_ms: 0.753005
2026-09-21T01:51:14.5821041Z   ...
2026-09-21T01:51:14.5821469Z # Subtest: resize cannot reveal the active unit after changed-root
2026-09-21T01:51:14.5821871Z ok 524 - resize cannot reveal the active unit after changed-root
2026-09-21T01:51:14.5822004Z   ---
2026-09-21T01:51:14.5822154Z   duration_ms: 0.955654
2026-09-21T01:51:14.5822293Z   ...
2026-09-21T01:51:14.5822717Z # Subtest: resize cannot reveal the active unit after changed-text
2026-09-21T01:51:14.5823111Z ok 525 - resize cannot reveal the active unit after changed-text
2026-09-21T01:51:14.5823248Z   ---
2026-09-21T01:51:14.5823404Z   duration_ms: 0.915829
2026-09-21T01:51:14.5823538Z   ...
2026-09-21T01:51:14.5824145Z # Subtest: resize cannot reveal the active unit after hidden-unit
2026-09-21T01:51:14.5824545Z ok 526 - resize cannot reveal the active unit after hidden-unit
2026-09-21T01:51:14.5824679Z   ---
2026-09-21T01:51:14.5824827Z   duration_ms: 0.922051
2026-09-21T01:51:14.5824960Z   ...
2026-09-21T01:51:14.5825369Z # Subtest: resize cannot reveal the active unit after inert-unit
2026-09-21T01:51:14.5825747Z ok 527 - resize cannot reveal the active unit after inert-unit
2026-09-21T01:51:14.5825885Z   ---
2026-09-21T01:51:14.5826039Z   duration_ms: 0.89515
2026-09-21T01:51:14.5826173Z   ...
2026-09-21T01:51:14.5826610Z # Subtest: resize cannot reveal the active unit after invisible-unit
2026-09-21T01:51:14.5827202Z ok 528 - resize cannot reveal the active unit after invisible-unit
2026-09-21T01:51:14.5827339Z   ---
2026-09-21T01:51:14.5827488Z   duration_ms: 1.060028
2026-09-21T01:51:14.5827623Z   ...
2026-09-21T01:51:14.5828228Z # Subtest: resize cannot reveal the active unit after closed-disclosure
2026-09-21T01:51:14.5828672Z ok 529 - resize cannot reveal the active unit after closed-disclosure
2026-09-21T01:51:14.5828808Z   ---
2026-09-21T01:51:14.5828960Z   duration_ms: 1.192896
2026-09-21T01:51:14.5829096Z   ...
2026-09-21T01:51:14.5829521Z # Subtest: resize cannot reveal the active unit after closed-dialog
2026-09-21T01:51:14.5829931Z ok 530 - resize cannot reveal the active unit after closed-dialog
2026-09-21T01:51:14.5830070Z   ---
2026-09-21T01:51:14.5830217Z   duration_ms: 1.079725
2026-09-21T01:51:14.5830352Z   ...
2026-09-21T01:51:14.5830784Z # Subtest: resize cannot reveal the active unit after disabled-done
2026-09-21T01:51:14.5831189Z ok 531 - resize cannot reveal the active unit after disabled-done
2026-09-21T01:51:14.5831326Z   ---
2026-09-21T01:51:14.5831480Z   duration_ms: 0.928523
2026-09-21T01:51:14.5831613Z   ...
2026-09-21T01:51:14.5832036Z # Subtest: resize cannot reveal the active unit after detached-unit
2026-09-21T01:51:14.5832452Z ok 532 - resize cannot reveal the active unit after detached-unit
2026-09-21T01:51:14.5832588Z   ---
2026-09-21T01:51:14.5832737Z   duration_ms: 0.847752
2026-09-21T01:51:14.5832871Z   ...
2026-09-21T01:51:14.5833447Z # Subtest: resize retires when the prompt callback replaces its same-ID reading owner
2026-09-21T01:51:14.5834293Z ok 533 - resize retires when the prompt callback replaces its same-ID reading owner
2026-09-21T01:51:14.5834562Z   ---
2026-09-21T01:51:14.5834722Z   duration_ms: 2.543216
2026-09-21T01:51:14.5834856Z   ...
2026-09-21T01:51:14.5835507Z # Subtest: resize retires when the hint callback replaces its same-ID reading owner
2026-09-21T01:51:14.5841519Z ok 534 - resize retires when the hint callback replaces its same-ID reading owner
2026-09-21T01:51:14.5841829Z   ---
2026-09-21T01:51:14.5842099Z   duration_ms: 3.928832
2026-09-21T01:51:14.5842341Z   ...
2026-09-21T01:51:14.5842912Z # Subtest: resize hint publication cannot reveal its old unit after other-focus
2026-09-21T01:51:14.5843960Z ok 535 - resize hint publication cannot reveal its old unit after other-focus
2026-09-21T01:51:14.5844111Z   ---
2026-09-21T01:51:14.5844275Z   duration_ms: 1.330883
2026-09-21T01:51:14.5844411Z   ...
2026-09-21T01:51:14.5845199Z # Subtest: resize hint publication cannot reveal its old unit after new-navigation
2026-09-21T01:51:14.5845848Z ok 536 - resize hint publication cannot reveal its old unit after new-navigation
2026-09-21T01:51:14.5846086Z   ---
2026-09-21T01:51:14.5846242Z   duration_ms: 1.208356
2026-09-21T01:51:14.5846473Z   ...
2026-09-21T01:51:14.5847130Z # Subtest: resize hint publication cannot reveal its old unit after changed-scope
2026-09-21T01:51:14.5847851Z ok 537 - resize hint publication cannot reveal its old unit after changed-scope
2026-09-21T01:51:14.5848001Z   ---
2026-09-21T01:51:14.5848260Z   duration_ms: 1.097087
2026-09-21T01:51:14.5848396Z   ...
2026-09-21T01:51:14.5848982Z # Subtest: resize hint publication cannot reveal its old unit after closed
2026-09-21T01:51:14.5849636Z ok 538 - resize hint publication cannot reveal its old unit after closed
2026-09-21T01:51:14.5849777Z   ---
2026-09-21T01:51:14.5849933Z   duration_ms: 4.203335
2026-09-21T01:51:14.5850061Z   ...
2026-09-21T01:51:14.5850781Z # Subtest: resize hint publication cannot reveal its old unit after background
2026-09-21T01:51:14.5851578Z ok 539 - resize hint publication cannot reveal its old unit after background
2026-09-21T01:51:14.5851714Z   ---
2026-09-21T01:51:14.5851875Z   duration_ms: 1.220558
2026-09-21T01:51:14.5852016Z   ...
2026-09-21T01:51:14.5852708Z # Subtest: resize hint publication cannot reveal its old unit after destroyed
2026-09-21T01:51:14.5853387Z ok 540 - resize hint publication cannot reveal its old unit after destroyed
2026-09-21T01:51:14.5854034Z   ---
2026-09-21T01:51:14.5854203Z   duration_ms: 1.860382
2026-09-21T01:51:14.5854440Z   ...
2026-09-21T01:51:14.5855012Z # Subtest: geometry publication cannot reveal a retired resize owner
2026-09-21T01:51:14.5855909Z ok 541 - geometry publication cannot reveal a retired resize owner
2026-09-21T01:51:14.5856057Z   ---
2026-09-21T01:51:14.5856217Z   duration_ms: 1.836817
2026-09-21T01:51:14.5856351Z   ...
2026-09-21T01:51:14.5857023Z # Subtest: final-style publication cannot reveal a retired resize owner
2026-09-21T01:51:14.5857665Z ok 542 - final-style publication cannot reveal a retired resize owner
2026-09-21T01:51:14.5857820Z   ---
2026-09-21T01:51:14.5858106Z   duration_ms: 1.547287
2026-09-21T01:51:14.5858238Z   ...
2026-09-21T01:51:14.5858996Z # Subtest: resize ignores descendant delivery and invalid viewport or unit geometry
2026-09-21T01:51:14.5859733Z ok 543 - resize ignores descendant delivery and invalid viewport or unit geometry
2026-09-21T01:51:14.5859875Z   ---
2026-09-21T01:51:14.5860033Z   duration_ms: 5.022953
2026-09-21T01:51:14.5860261Z   ...
2026-09-21T01:51:14.5861181Z # Subtest: reentrant and identical resize deliveries cannot repeatedly scroll an oversized reading unit
2026-09-21T01:51:14.5862075Z ok 544 - reentrant and identical resize deliveries cannot repeatedly scroll an oversized reading unit
2026-09-21T01:51:14.5862311Z   ---
2026-09-21T01:51:14.5862566Z   duration_ms: 4.668062
2026-09-21T01:51:14.5862699Z   ...
2026-09-21T01:51:14.5863458Z # Subtest: resize stores no delayed restoration and removes its listener on teardown
2026-09-21T01:51:14.5864261Z ok 545 - resize stores no delayed restoration and removes its listener on teardown
2026-09-21T01:51:14.5864404Z   ---
2026-09-21T01:51:14.5864556Z   duration_ms: 1.73022
2026-09-21T01:51:14.5864690Z   ...
2026-09-21T01:51:14.5865366Z # Subtest: reading entry/exit preserves a legal Sentinel live cut and terminal outcome: immediate
2026-09-21T01:51:14.5866013Z ok 546 - reading entry/exit preserves a legal Sentinel live cut and terminal outcome: immediate
2026-09-21T01:51:14.5866158Z   ---
2026-09-21T01:51:14.5866317Z   duration_ms: 119.96966
2026-09-21T01:51:14.5866450Z   ...
2026-09-21T01:51:14.5867141Z # Subtest: reading entry/exit preserves a legal Sentinel live cut and terminal outcome: grid-center
2026-09-21T01:51:14.5867834Z ok 547 - reading entry/exit preserves a legal Sentinel live cut and terminal outcome: grid-center
2026-09-21T01:51:14.5867971Z   ---
2026-09-21T01:51:14.5868125Z   duration_ms: 112.943404
2026-09-21T01:51:14.5868258Z   ...
2026-09-21T01:51:14.5869089Z # Subtest: portrait functional player numerals retain at least fourteen CSS pixels
2026-09-21T01:51:14.5869627Z ok 548 - portrait functional player numerals retain at least fourteen CSS pixels
2026-09-21T01:51:14.5869768Z   ---
2026-09-21T01:51:14.5869928Z   duration_ms: 22.047846
2026-09-21T01:51:14.5870065Z   ...
2026-09-21T01:51:14.5870616Z # Subtest: pilot complete image frames remain within the arena at the true boundary
2026-09-21T01:51:14.5871155Z ok 549 - pilot complete image frames remain within the arena at the true boundary
2026-09-21T01:51:14.5871291Z   ---
2026-09-21T01:51:14.5871442Z   duration_ms: 17.542499
2026-09-21T01:51:14.5871578Z   ...
2026-09-21T01:51:14.5872311Z # Subtest: compact full frame, motor and nose bounds stay inside every corner through heading and banking
2026-09-21T01:51:14.5873000Z ok 550 - compact full frame, motor and nose bounds stay inside every corner through heading and banking
2026-09-21T01:51:14.5873138Z   ---
2026-09-21T01:51:14.5873296Z   duration_ms: 142.324764
2026-09-21T01:51:14.5873432Z   ...
2026-09-21T01:51:14.5874304Z # Subtest: detailed full frame, motor and nose bounds stay inside every corner through heading and banking
2026-09-21T01:51:14.5875011Z ok 551 - detailed full frame, motor and nose bounds stay inside every corner through heading and banking
2026-09-21T01:51:14.5875147Z   ---
2026-09-21T01:51:14.5875296Z   duration_ms: 126.678157
2026-09-21T01:51:14.5875623Z   ...
2026-09-21T01:51:14.5876303Z # Subtest: body offset leaves shared default drawing exact and contact at its real pixel position
2026-09-21T01:51:14.5876951Z ok 552 - body offset leaves shared default drawing exact and contact at its real pixel position
2026-09-21T01:51:14.5877083Z   ---
2026-09-21T01:51:14.5877384Z   duration_ms: 5.581797
2026-09-21T01:51:14.5877527Z   ...
2026-09-21T01:51:14.5878181Z # Subtest: plain portrait cues and player identities retain CSS size without covering true heads
2026-09-21T01:51:14.5878815Z ok 553 - plain portrait cues and player identities retain CSS size without covering true heads
2026-09-21T01:51:14.5878950Z   ---
2026-09-21T01:51:14.5879102Z   duration_ms: 9.576432
2026-09-21T01:51:14.5879230Z   ...
2026-09-21T01:51:14.5879890Z # Subtest: pixel portrait cues and player identities retain CSS size without covering true heads
2026-09-21T01:51:14.5880522Z ok 554 - pixel portrait cues and player identities retain CSS size without covering true heads
2026-09-21T01:51:14.5880658Z   ---
2026-09-21T01:51:14.5880812Z   duration_ms: 9.628809
2026-09-21T01:51:14.5880945Z   ...
2026-09-21T01:51:14.5881550Z # Subtest: complete CSS cue plates avoid both pilot heads and remain in the 362 by181 arena
2026-09-21T01:51:14.5882141Z ok 555 - complete CSS cue plates avoid both pilot heads and remain in the 362 by181 arena
2026-09-21T01:51:14.5882278Z   ---
2026-09-21T01:51:14.5882435Z   duration_ms: 0.993023
2026-09-21T01:51:14.5882565Z   ...
2026-09-21T01:51:14.5883048Z # Subtest: Team setup and paused Help describe only authored roles: empty
2026-09-21T01:51:14.5883507Z ok 556 - Team setup and paused Help describe only authored roles: empty
2026-09-21T01:51:14.5883636Z   ---
2026-09-21T01:51:14.5883980Z   duration_ms: 1129.629141
2026-09-21T01:51:14.5884122Z   ...
2026-09-21T01:51:14.5884612Z # Subtest: Team setup and paused Help describe only authored roles: hunter
2026-09-21T01:51:14.5885067Z ok 557 - Team setup and paused Help describe only authored roles: hunter
2026-09-21T01:51:14.5885208Z   ---
2026-09-21T01:51:14.5885365Z   duration_ms: 917.933499
2026-09-21T01:51:14.5885492Z   ...
2026-09-21T01:51:14.5885981Z # Subtest: Team setup and paused Help describe only authored roles: drifter
2026-09-21T01:51:14.5886446Z ok 558 - Team setup and paused Help describe only authored roles: drifter
2026-09-21T01:51:14.5886583Z   ---
2026-09-21T01:51:14.5886741Z   duration_ms: 716.030258
2026-09-21T01:51:14.5886874Z   ...
2026-09-21T01:51:14.5887349Z # Subtest: Team setup and paused Help describe only authored roles: relay
2026-09-21T01:51:14.5887807Z ok 559 - Team setup and paused Help describe only authored roles: relay
2026-09-21T01:51:14.5887944Z   ---
2026-09-21T01:51:14.5888100Z   duration_ms: 815.935678
2026-09-21T01:51:14.5888229Z   ...
2026-09-21T01:51:14.5888781Z # Subtest: Team setup and paused Help describe only authored roles: hunter, drifter
2026-09-21T01:51:14.5889308Z ok 560 - Team setup and paused Help describe only authored roles: hunter, drifter
2026-09-21T01:51:14.5889480Z   ---
2026-09-21T01:51:14.5889635Z   duration_ms: 594.311019
2026-09-21T01:51:14.5889770Z   ...
2026-09-21T01:51:14.5890301Z # Subtest: Team setup and paused Help describe only authored roles: hunter, relay
2026-09-21T01:51:14.5890803Z ok 561 - Team setup and paused Help describe only authored roles: hunter, relay
2026-09-21T01:51:14.5890943Z   ---
2026-09-21T01:51:14.5891102Z   duration_ms: 650.67426
2026-09-21T01:51:14.5891231Z   ...
2026-09-21T01:51:14.5891776Z # Subtest: Team setup and paused Help describe only authored roles: drifter, relay
2026-09-21T01:51:14.5892295Z ok 562 - Team setup and paused Help describe only authored roles: drifter, relay
2026-09-21T01:51:14.5892432Z   ---
2026-09-21T01:51:14.5892581Z   duration_ms: 843.232919
2026-09-21T01:51:14.5892715Z   ...
2026-09-21T01:51:14.5893324Z # Subtest: Team setup and paused Help describe only authored roles: hunter, drifter, relay
2026-09-21T01:51:14.5894075Z ok 563 - Team setup and paused Help describe only authored roles: hunter, drifter, relay
2026-09-21T01:51:14.5894512Z   ---
2026-09-21T01:51:14.5894679Z   duration_ms: 664.339743
2026-09-21T01:51:14.5894814Z   ...
2026-09-21T01:51:14.5895550Z # Subtest: Large reflow reveals the current Team control clipped inside the Settings scroller
2026-09-21T01:51:14.5896611Z ok 564 - Large reflow reveals the current Team control clipped inside the Settings scroller
2026-09-21T01:51:14.5896762Z   ---
2026-09-21T01:51:14.5896917Z   duration_ms: 1832.605087
2026-09-21T01:51:14.5897154Z   ...
2026-09-21T01:51:14.5897842Z # Subtest: a fully visible Team control is not scrolled by a display change
2026-09-21T01:51:14.5898394Z ok 565 - a fully visible Team control is not scrolled by a display change
2026-09-21T01:51:14.5898534Z   ---
2026-09-21T01:51:14.5898689Z   duration_ms: 955.565265
2026-09-21T01:51:14.5898921Z   ...
2026-09-21T01:51:14.5899623Z # Subtest: reveal reserves the focus ring even when the control rectangle fits
2026-09-21T01:51:14.5900217Z ok 566 - reveal reserves the focus ring even when the control rectangle fits
2026-09-21T01:51:14.5900362Z   ---
2026-09-21T01:51:14.5900613Z   duration_ms: 1062.037938
2026-09-21T01:51:14.5900750Z   ...
2026-09-21T01:51:14.5901558Z # Subtest: denied preference saving retains Large and the active paused action
2026-09-21T01:51:14.5902165Z ok 567 - denied preference saving retains Large and the active paused action
2026-09-21T01:51:14.5902301Z   ---
2026-09-21T01:51:14.5902556Z   duration_ms: 1087.274681
2026-09-21T01:51:14.5902786Z   ...
2026-09-21T01:51:14.5903396Z # Subtest: shared stored display updates reveal only the current paused action
2026-09-21T01:51:14.5904068Z ok 568 - shared stored display updates reveal only the current paused action
2026-09-21T01:51:14.5904208Z   ---
2026-09-21T01:51:14.5904359Z   duration_ms: 1061.900778
2026-09-21T01:51:14.5904494Z   ...
2026-09-21T01:51:14.5904983Z # Subtest: a newer new-focus during layout wins over the old display action
2026-09-21T01:51:14.5905442Z ok 569 - a newer new-focus during layout wins over the old display action
2026-09-21T01:51:14.5905577Z   ---
2026-09-21T01:51:14.5905735Z   duration_ms: 892.96572
2026-09-21T01:51:14.5905868Z   ...
2026-09-21T01:51:14.5906400Z # Subtest: a newer closed-options during layout wins over the old display action
2026-09-21T01:51:14.5907121Z ok 570 - a newer closed-options during layout wins over the old display action
2026-09-21T01:51:14.5907264Z   ---
2026-09-21T01:51:14.5907519Z   duration_ms: 1072.271404
2026-09-21T01:51:14.5907658Z   ...
2026-09-21T01:51:14.5908258Z # Subtest: a newer background during layout wins over the old display action
2026-09-21T01:51:14.5908923Z ok 571 - a newer background during layout wins over the old display action
2026-09-21T01:51:14.5909056Z   ---
2026-09-21T01:51:14.5909305Z   duration_ms: 1042.524085
2026-09-21T01:51:14.5909446Z   ...
2026-09-21T01:51:14.5910173Z # Subtest: a newer hidden-document during layout wins over the old display action
2026-09-21T01:51:14.5910790Z ok 572 - a newer hidden-document during layout wins over the old display action
2026-09-21T01:51:14.5911028Z   ---
2026-09-21T01:51:14.5911281Z   duration_ms: 1038.980401
2026-09-21T01:51:14.5911413Z   ...
2026-09-21T01:51:14.5911980Z # Subtest: a newer resumed during layout wins over the old display action
2026-09-21T01:51:14.5912625Z ok 573 - a newer resumed during layout wins over the old display action
2026-09-21T01:51:14.5912759Z   ---
2026-09-21T01:51:14.5912917Z   duration_ms: 1044.562834
2026-09-21T01:51:14.5913146Z   ...
2026-09-21T01:51:14.5913605Z # Subtest: display reflow leaves a disabled action alone
2026-09-21T01:51:14.5914214Z ok 574 - display reflow leaves a disabled action alone
2026-09-21T01:51:14.5914353Z   ---
2026-09-21T01:51:14.5914613Z   duration_ms: 1012.614388
2026-09-21T01:51:14.5914746Z   ...
2026-09-21T01:51:14.5915275Z # Subtest: display reflow leaves a hidden action alone
2026-09-21T01:51:14.5915607Z ok 575 - display reflow leaves a hidden action alone
2026-09-21T01:51:14.5915740Z   ---
2026-09-21T01:51:14.5916006Z   duration_ms: 1073.920115
2026-09-21T01:51:14.5916414Z   ...
2026-09-21T01:51:14.5916841Z # Subtest: display reflow leaves a inert action alone
2026-09-21T01:51:14.5917166Z ok 576 - display reflow leaves a inert action alone
2026-09-21T01:51:14.5917398Z   ---
2026-09-21T01:51:14.5917557Z   duration_ms: 879.437571
2026-09-21T01:51:14.5917777Z   ...
2026-09-21T01:51:14.5918395Z # Subtest: display reflow leaves a invisible action alone
2026-09-21T01:51:14.5918854Z ok 577 - display reflow leaves a invisible action alone
2026-09-21T01:51:14.5919080Z   ---
2026-09-21T01:51:14.5919347Z   duration_ms: 575.66917
2026-09-21T01:51:14.5919483Z   ...
2026-09-21T01:51:14.5919967Z # Subtest: display reflow leaves a invalid-size action alone
2026-09-21T01:51:14.5920522Z ok 578 - display reflow leaves a invalid-size action alone
2026-09-21T01:51:14.5920663Z   ---
2026-09-21T01:51:14.5920824Z   duration_ms: 949.779897
2026-09-21T01:51:14.5921047Z   ...
2026-09-21T01:51:14.5921840Z # Subtest: a terminal page cannot reveal a stale display action on later storage delivery
2026-09-21T01:51:14.5922522Z ok 579 - a terminal page cannot reveal a stale display action on later storage delivery
2026-09-21T01:51:14.5922746Z   ---
2026-09-21T01:51:14.5923003Z   duration_ms: 952.111904
2026-09-21T01:51:14.5923142Z   ...
2026-09-21T01:51:14.5923931Z # Subtest: a newer shared display choice during layout keeps its own selection
2026-09-21T01:51:14.5924422Z ok 580 - a newer shared display choice during layout keeps its own selection
2026-09-21T01:51:14.5924559Z   ---
2026-09-21T01:51:14.5924715Z   duration_ms: 609.493803
2026-09-21T01:51:14.5924843Z   ...
2026-09-21T01:51:14.5925434Z # Subtest: the versioned historical policy names only the exact reviewed FPV wide scene
2026-09-21T01:51:14.5926001Z ok 581 - the versioned historical policy names only the exact reviewed FPV wide scene
2026-09-21T01:51:14.5926132Z   ---
2026-09-21T01:51:14.5926288Z   duration_ms: 2.201899
2026-09-21T01:51:14.5926424Z   ...
2026-09-21T01:51:14.5927313Z # Subtest: valid coverage and multi-core imports bind their complete content to the approved scene without changing it
2026-09-21T01:51:14.5928131Z ok 582 - valid coverage and multi-core imports bind their complete content to the approved scene without changing it
2026-09-21T01:51:14.5928270Z   ---
2026-09-21T01:51:14.5928428Z   duration_ms: 80.118612
2026-09-21T01:51:14.5928564Z   ...
2026-09-21T01:51:14.5929178Z # Subtest: historical revision values retain their original type and full pack ownership
2026-09-21T01:51:14.5929758Z ok 583 - historical revision values retain their original type and full pack ownership
2026-09-21T01:51:14.5929894Z   ---
2026-09-21T01:51:14.5930046Z   duration_ms: 183.295327
2026-09-21T01:51:14.5930183Z   ...
2026-09-21T01:51:14.5931010Z # Subtest: an exact binding table preserves historical string and integer level revisions without the generic policy
2026-09-21T01:51:14.5931819Z ok 584 - an exact binding table preserves historical string and integer level revisions without the generic policy
2026-09-21T01:51:14.5931967Z   ---
2026-09-21T01:51:14.5932123Z   duration_ms: 41.85888
2026-09-21T01:51:14.5932258Z   ...
2026-09-21T01:51:14.5933014Z # Subtest: the policy remains opt-in and malformed policy or historical input cannot introduce an image path
2026-09-21T01:51:14.5933926Z ok 585 - the policy remains opt-in and malformed policy or historical input cannot introduce an image path
2026-09-21T01:51:14.5934072Z   ---
2026-09-21T01:51:14.5934224Z   duration_ms: 42.279322
2026-09-21T01:51:14.5934359Z   ...
2026-09-21T01:51:14.5935265Z # Subtest: the starter namespace stays strict even with no exact rows; known custom namespaces cannot borrow generic approval
2026-09-21T01:51:14.5936132Z ok 586 - the starter namespace stays strict even with no exact rows; known custom namespaces cannot borrow generic approval
2026-09-21T01:51:14.5936266Z   ---
2026-09-21T01:51:14.5936421Z   duration_ms: 70.618172
2026-09-21T01:51:14.5936555Z   ...
2026-09-21T01:51:14.5937319Z # Subtest: missing, substituted, source-quality or cropped required scenery refuses before any original read
2026-09-21T01:51:14.5938232Z ok 587 - missing, substituted, source-quality or cropped required scenery refuses before any original read
2026-09-21T01:51:14.5938369Z   ---
2026-09-21T01:51:14.5938518Z   duration_ms: 96.944956
2026-09-21T01:51:14.5938654Z   ...
2026-09-21T01:51:14.5940044Z # Subtest: generic read, original hash and decode errors never become procedural and explicit Retry retains its captured row
2026-09-21T01:51:14.5940920Z ok 588 - generic read, original hash and decode errors never become procedural and explicit Retry retains its captured row
2026-09-21T01:51:14.5941054Z   ---
2026-09-21T01:51:14.5941212Z   duration_ms: 174.808508
2026-09-21T01:51:14.5941348Z   ...
2026-09-21T01:51:14.5942076Z # Subtest: a historical policy and authored pack are copied before callbacks can change their association
2026-09-21T01:51:14.5942788Z ok 589 - a historical policy and authored pack are copied before callbacks can change their association
2026-09-21T01:51:14.5942931Z   ---
2026-09-21T01:51:14.5943086Z   duration_ms: 32.401279
2026-09-21T01:51:14.5943214Z   ...
2026-09-21T01:51:14.5944178Z # Subtest: generic Cancel and Retry release a late decoded image once without changing the newer accepted image
2026-09-21T01:51:14.5944941Z ok 590 - generic Cancel and Retry release a late decoded image once without changing the newer accepted image
2026-09-21T01:51:14.5945072Z   ---
2026-09-21T01:51:14.5945230Z   duration_ms: 52.735498
2026-09-21T01:51:14.5945365Z   ...
2026-09-21T01:51:14.5946212Z # Subtest: failed generic replacement and snapshot drift preserve the old image and require a deliberate new attempt
2026-09-21T01:51:14.5947015Z ok 591 - failed generic replacement and snapshot drift preserve the old image and require a deliberate new attempt
2026-09-21T01:51:14.5947156Z   ---
2026-09-21T01:51:14.5947311Z   duration_ms: 58.731798
2026-09-21T01:51:14.5947437Z   ...
2026-09-21T01:51:14.5948358Z # Subtest: the production host lazily supplies exact generic Team originals and Retry performs no second read
2026-09-21T01:51:14.5949077Z ok 592 - the production host lazily supplies exact generic Team originals and Retry performs no second read
2026-09-21T01:51:14.5949232Z   ---
2026-09-21T01:51:14.5949398Z   duration_ms: 502.830115
2026-09-21T01:51:14.5949545Z   ...
2026-09-21T01:51:14.5950167Z # Subtest: production corrupt response rejects required art and explicit Retry recovers
2026-09-21T01:51:14.5950820Z ok 593 - production corrupt response rejects required art and explicit Retry recovers
2026-09-21T01:51:14.5950973Z   ---
2026-09-21T01:51:14.5951139Z   duration_ms: 257.922741
2026-09-21T01:51:14.5951284Z   ...
2026-09-21T01:51:14.5951907Z # Subtest: production truncated response rejects required art and explicit Retry recovers
2026-09-21T01:51:14.5952517Z ok 594 - production truncated response rejects required art and explicit Retry recovers
2026-09-21T01:51:14.5952661Z   ---
2026-09-21T01:51:14.5952826Z   duration_ms: 270.50511
2026-09-21T01:51:14.5952970Z   ...
2026-09-21T01:51:14.5953620Z # Subtest: production redirected response rejects required art and explicit Retry recovers
2026-09-21T01:51:14.5954570Z ok 595 - production redirected response rejects required art and explicit Retry recovers
2026-09-21T01:51:14.5954846Z   ---
2026-09-21T01:51:14.5955021Z   duration_ms: 257.947178
2026-09-21T01:51:14.5955173Z   ...
2026-09-21T01:51:14.5956174Z # Subtest: cancelling a held production fetch retires late bytes and a new deliberate Retry owns its image
2026-09-21T01:51:14.5957227Z ok 596 - cancelling a held production fetch retires late bytes and a new deliberate Retry owns its image
2026-09-21T01:51:14.5957560Z   ---
2026-09-21T01:51:14.5957907Z   duration_ms: 208.067446
2026-09-21T01:51:14.5958076Z   ...
2026-09-21T01:51:14.5959403Z # Subtest: a real host snapshot replacement rejects its old pending picture instead of adopting stale release bytes
2026-09-21T01:51:14.5960765Z ok 597 - a real host snapshot replacement rejects its old pending picture instead of adopting stale release bytes
2026-09-21T01:51:14.5961374Z   ---
2026-09-21T01:51:14.5962171Z   duration_ms: 312.436548
2026-09-21T01:51:14.5962446Z   ...
2026-09-21T01:51:14.5963601Z # Subtest: the production reader refuses unsupported slots without issuing a picture request
2026-09-21T01:51:14.5965314Z ok 598 - the production reader refuses unsupported slots without issuing a picture request
2026-09-21T01:51:14.5965662Z   ---
2026-09-21T01:51:14.5965861Z   duration_ms: 163.050154
2026-09-21T01:51:14.5966030Z   ...
2026-09-21T01:51:14.5967302Z # Subtest: co-op keyboard Support stays held through fixed ticks and releases independently
2026-09-21T01:51:14.5968366Z ok 599 - co-op keyboard Support stays held through fixed ticks and releases independently
2026-09-21T01:51:14.5968533Z   ---
2026-09-21T01:51:14.5968731Z   duration_ms: 15.581619
2026-09-21T01:51:14.5968936Z   ...
2026-09-21T01:51:14.5969739Z # Subtest: simultaneous touch Support remains held until each pointer ends
2026-09-21T01:51:14.5970489Z ok 600 - simultaneous touch Support remains held until each pointer ends
2026-09-21T01:51:14.5970652Z   ---
2026-09-21T01:51:14.5970943Z   duration_ms: 5.473375
2026-09-21T01:51:14.5971091Z   ...
2026-09-21T01:51:14.5971924Z # Subtest: controller Support uses the same held command semantics as keyboard and touch
2026-09-21T01:51:14.5972855Z ok 601 - controller Support uses the same held command semantics as keyboard and touch
2026-09-21T01:51:14.5973014Z   ---
2026-09-21T01:51:14.5973186Z   duration_ms: 5.493322
2026-09-21T01:51:14.5973448Z   ...
2026-09-21T01:51:14.5974465Z # Subtest: adding a touch hold to held keyboard Support never interrupts an ongoing rescue
2026-09-21T01:51:14.5975153Z ok 602 - adding a touch hold to held keyboard Support never interrupts an ongoing rescue
2026-09-21T01:51:14.5975294Z   ---
2026-09-21T01:51:14.5975452Z   duration_ms: 16.763335
2026-09-21T01:51:14.5975581Z   ...
2026-09-21T01:51:14.5976256Z # Subtest: a quick fresh Support tap is preserved across one forced neutral tick without repeating
2026-09-21T01:51:14.5976907Z ok 603 - a quick fresh Support tap is preserved across one forced neutral tick without repeating
2026-09-21T01:51:14.5977038Z   ---
2026-09-21T01:51:14.5977193Z   duration_ms: 0.303076
2026-09-21T01:51:14.5977327Z   ...
2026-09-21T01:51:14.5977743Z # Subtest: Support held across pause is not replayed on resume
2026-09-21T01:51:14.5978123Z ok 604 - Support held across pause is not replayed on resume
2026-09-21T01:51:14.5978261Z   ---
2026-09-21T01:51:14.5978419Z   duration_ms: 11.668356
2026-09-21T01:51:14.5978550Z   ...
2026-09-21T01:51:14.5979158Z # Subtest: a fresh same-direction gesture emits one steering edge for rescue cancellation
2026-09-21T01:51:14.5979737Z ok 605 - a fresh same-direction gesture emits one steering edge for rescue cancellation
2026-09-21T01:51:14.5979873Z   ---
2026-09-21T01:51:14.5980022Z   duration_ms: 5.300902
2026-09-21T01:51:14.5980157Z   ...
2026-09-21T01:51:14.5980698Z # Subtest: a fresh steering edge survives the forced neutral handoff exactly once
2026-09-21T01:51:14.5981213Z ok 606 - a fresh steering edge survives the forced neutral handoff exactly once
2026-09-21T01:51:14.5981348Z   ---
2026-09-21T01:51:14.5981504Z   duration_ms: 5.029065
2026-09-21T01:51:14.5981633Z   ...
2026-09-21T01:51:14.5982278Z # Subtest: a fresh keyboard gesture before the first resumed tick is deferred once, then moves
2026-09-21T01:51:14.5982969Z ok 607 - a fresh keyboard gesture before the first resumed tick is deferred once, then moves
2026-09-21T01:51:14.5983104Z   ---
2026-09-21T01:51:14.5983253Z   duration_ms: 2.763598
2026-09-21T01:51:14.5983387Z   ...
2026-09-21T01:51:14.5984347Z # Subtest: fresh same-direction steering immediately after a real bank resumes while the partner keeps moving
2026-09-21T01:51:14.5985103Z ok 608 - fresh same-direction steering immediately after a real bank resumes while the partner keeps moving
2026-09-21T01:51:14.5985244Z   ---
2026-09-21T01:51:14.5985401Z   duration_ms: 37.230432
2026-09-21T01:51:14.5985536Z   ...
2026-09-21T01:51:14.5986340Z # Subtest: holding a keyboard key across pause cannot masquerade as a fresh gesture
2026-09-21T01:51:14.5986873Z ok 609 - holding a keyboard key across pause cannot masquerade as a fresh gesture
2026-09-21T01:51:14.5987008Z   ---
2026-09-21T01:51:14.5987157Z   duration_ms: 5.859976
2026-09-21T01:51:14.5987291Z   ...
2026-09-21T01:51:14.5987997Z # Subtest: a fresh touch gesture before the resumed tick survives the neutral command
2026-09-21T01:51:14.5988536Z ok 610 - a fresh touch gesture before the resumed tick survives the neutral command
2026-09-21T01:51:14.5988673Z   ---
2026-09-21T01:51:14.5988828Z   duration_ms: 5.319698
2026-09-21T01:51:14.5988963Z   ...
2026-09-21T01:51:14.5989490Z # Subtest: a held touch pointer must end before it can restart motion after pause
2026-09-21T01:51:14.5989998Z ok 611 - a held touch pointer must end before it can restart motion after pause
2026-09-21T01:51:14.5990133Z   ---
2026-09-21T01:51:14.5990283Z   duration_ms: 2.188425
2026-09-21T01:51:14.5990417Z   ...
2026-09-21T01:51:14.5991107Z # Subtest: a controller direction after physical release and before the resumed tick is preserved
2026-09-21T01:51:14.5991763Z ok 612 - a controller direction after physical release and before the resumed tick is preserved
2026-09-21T01:51:14.5991895Z   ---
2026-09-21T01:51:14.5992052Z   duration_ms: 3.69713
2026-09-21T01:51:14.5992191Z   ...
2026-09-21T01:51:14.5992860Z # Subtest: resetting one controller preserves a second controller continuous direction and Boost
2026-09-21T01:51:14.5993509Z ok 613 - resetting one controller preserves a second controller continuous direction and Boost
2026-09-21T01:51:14.5993647Z   ---
2026-09-21T01:51:14.5993982Z   duration_ms: 1.647004
2026-09-21T01:51:14.5994116Z   ...
2026-09-21T01:51:14.5994912Z # Subtest: Relay Yard preview and arena borrow one exact prepared image without preview reads or automatic Start
2026-09-21T01:51:14.5995673Z ok 614 - Relay Yard preview and arena borrow one exact prepared image without preview reads or automatic Start
2026-09-21T01:51:14.5995810Z   ---
2026-09-21T01:51:14.5995972Z   duration_ms: 564.762086
2026-09-21T01:51:14.5996109Z   ...
2026-09-21T01:51:14.5997206Z # Subtest: First Connection preview and arena borrow one exact prepared image without preview reads or automatic Start
2026-09-21T01:51:14.5998042Z ok 615 - First Connection preview and arena borrow one exact prepared image without preview reads or automatic Start
2026-09-21T01:51:14.5998342Z   ---
2026-09-21T01:51:14.5998643Z   duration_ms: 283.799601
2026-09-21T01:51:14.5998776Z   ...
2026-09-21T01:51:14.5999325Z # Subtest: relay-yard ready lobby hides the picture centre until an earned win
2026-09-21T01:51:14.6000097Z ok 616 - relay-yard ready lobby hides the picture centre until an earned win
2026-09-21T01:51:14.6000241Z   ---
2026-09-21T01:51:14.6000408Z   duration_ms: 240.080453
2026-09-21T01:51:14.6000546Z   ...
2026-09-21T01:51:14.6001268Z # Subtest: first-connection ready lobby hides the picture centre until an earned win
2026-09-21T01:51:14.6001970Z ok 617 - first-connection ready lobby hides the picture centre until an earned win
2026-09-21T01:51:14.6002110Z   ---
2026-09-21T01:51:14.6002268Z   duration_ms: 246.446372
2026-09-21T01:51:14.6002396Z   ...
2026-09-21T01:51:14.6003161Z # Subtest: selecting another arena immediately hides and clears old lobby art until its owned read finishes
2026-09-21T01:51:14.6004197Z ok 618 - selecting another arena immediately hides and clears old lobby art until its owned read finishes
2026-09-21T01:51:14.6004343Z   ---
2026-09-21T01:51:14.6004496Z   duration_ms: 121.565562
2026-09-21T01:51:14.6004778Z   ...
2026-09-21T01:51:14.6005505Z # Subtest: held artwork completes behind Settings without reclaiming its selector or starting an arena
2026-09-21T01:51:14.6006191Z ok 619 - held artwork completes behind Settings without reclaiming its selector or starting an arena
2026-09-21T01:51:14.6006326Z   ---
2026-09-21T01:51:14.6013645Z   duration_ms: 114.655918
2026-09-21T01:51:14.6014094Z   ...
2026-09-21T01:51:14.6015015Z # Subtest: late superseded read cannot draw or clear the newer arena preview or reclaim focus
2026-09-21T01:51:14.6015656Z ok 620 - late superseded read cannot draw or clear the newer arena preview or reclaim focus
2026-09-21T01:51:14.6015806Z   ---
2026-09-21T01:51:14.6015976Z   duration_ms: 93.150255
2026-09-21T01:51:14.6016276Z   ...
2026-09-21T01:51:14.6017016Z # Subtest: cancelled decode clears preview; late completion cannot change a successful explicit Retry
2026-09-21T01:51:14.6017722Z ok 621 - cancelled decode clears preview; late completion cannot change a successful explicit Retry
2026-09-21T01:51:14.6017876Z   ---
2026-09-21T01:51:14.6018040Z   duration_ms: 214.525814
2026-09-21T01:51:14.6018182Z   ...
2026-09-21T01:51:14.6018732Z # Team picture preparation failed. Error: Controlled required picture refusal
2026-09-21T01:51:14.6019607Z #     at decode (file:///home/runner/work/revealline/revealline/source/game/test/coop-lobby-preview.test.mjs:319:27)
2026-09-21T01:51:14.6020687Z #     at PictureImage.decode (file:///home/runner/work/revealline/revealline/source/game/test/helpers/coop-presentation-fixture.mjs:86:21)
2026-09-21T01:51:14.6021617Z #     at async image.onload (file:///home/runner/work/revealline/revealline/source/game/couch/coop-picture-image.mjs:42:11)
2026-09-21T01:51:14.6022357Z # Subtest: required original decode failure shows no lobby art and Retry prepares the same exact slot
2026-09-21T01:51:14.6022987Z ok 622 - required original decode failure shows no lobby art and Retry prepares the same exact slot
2026-09-21T01:51:14.6023136Z   ---
2026-09-21T01:51:14.6023307Z   duration_ms: 107.919237
2026-09-21T01:51:14.6023452Z   ...
2026-09-21T01:51:14.6024602Z # Subtest: Pause and confirmed Change setup leave preview in the lobby and reuse the accepted image without another read
2026-09-21T01:51:14.6025477Z ok 623 - Pause and confirmed Change setup leave preview in the lobby and reuse the accepted image without another read
2026-09-21T01:51:14.6025643Z   ---
2026-09-21T01:51:14.6025828Z   duration_ms: 157.741373
2026-09-21T01:51:14.6025976Z   ...
2026-09-21T01:51:14.6026931Z # Subtest: historical import prepares shared artwork, loss keeps preview outside Results, and reset restores exact starter art
2026-09-21T01:51:14.6027836Z ok 624 - historical import prepares shared artwork, loss keeps preview outside Results, and reset restores exact starter art
2026-09-21T01:51:14.6027981Z   ---
2026-09-21T01:51:14.6028154Z   duration_ms: 2571.61402
2026-09-21T01:51:14.6028302Z   ...
2026-09-21T01:51:14.6029226Z # Subtest: persisted pagehide retains accepted preview; terminal cleanup clears it and late lifecycle events cannot redraw
2026-09-21T01:51:14.6030098Z ok 625 - persisted pagehide retains accepted preview; terminal cleanup clears it and late lifecycle events cannot redraw
2026-09-21T01:51:14.6030249Z   ---
2026-09-21T01:51:14.6030423Z   duration_ms: 140.991004
2026-09-21T01:51:14.6030562Z   ...
2026-09-21T01:51:14.6031566Z # Subtest: lobby-only paint failure keeps Start ready and Retry preview repaints the same image without network, decode or focus theft
2026-09-21T01:51:14.6032560Z ok 626 - lobby-only paint failure keeps Start ready and Retry preview repaints the same image without network, decode or focus theft
2026-09-21T01:51:14.6032704Z   ---
2026-09-21T01:51:14.6032872Z   duration_ms: 247.916055
2026-09-21T01:51:14.6033021Z   ...
2026-09-21T01:51:14.6033631Z # Subtest: missing preview Canvas context never blocks a fully prepared playable arena
2026-09-21T01:51:14.6034525Z ok 627 - missing preview Canvas context never blocks a fully prepared playable arena
2026-09-21T01:51:14.6034679Z   ---
2026-09-21T01:51:14.6034900Z   duration_ms: 240.675744
2026-09-21T01:51:14.6035041Z   ...
2026-09-21T01:51:14.6035907Z # Subtest: fresh pointer intent during loading permits preview publication without adding a focus handoff
2026-09-21T01:51:14.6036647Z ok 628 - fresh pointer intent during loading permits preview publication without adding a focus handoff
2026-09-21T01:51:14.6036794Z   ---
2026-09-21T01:51:14.6037279Z   duration_ms: 127.030251
2026-09-21T01:51:14.6037420Z   ...
2026-09-21T01:51:14.6038271Z # Subtest: earned First Connection victory keeps preview in the hidden lobby and Change setup reuses its exact lease
2026-09-21T01:51:14.6039237Z ok 629 - earned First Connection victory keeps preview in the hidden lobby and Change setup reuses its exact lease
2026-09-21T01:51:14.6039390Z   ---
2026-09-21T01:51:14.6039557Z   duration_ms: 17273.164308
2026-09-21T01:51:14.6039691Z   ...
2026-09-21T01:51:14.6040576Z # Subtest: preview-only failure does not move Retry into play or Pause, and focused keyboard Retry returns to enabled Start
2026-09-21T01:51:14.6041442Z ok 630 - preview-only failure does not move Retry into play or Pause, and focused keyboard Retry returns to enabled Start
2026-09-21T01:51:14.6041593Z   ---
2026-09-21T01:51:14.6041755Z   duration_ms: 334.153757
2026-09-21T01:51:14.6041903Z   ...
2026-09-21T01:51:14.6042677Z # Subtest: required read failure clears preview while a rejected starter import preserves the accepted arena
2026-09-21T01:51:14.6043425Z ok 631 - required read failure clears preview while a rejected starter import preserves the accepted arena
2026-09-21T01:51:14.6043579Z   ---
2026-09-21T01:51:14.6043975Z   duration_ms: 255.818232
2026-09-21T01:51:14.6044134Z   ...
2026-09-21T01:51:14.6044916Z # Subtest: preview reset failure cannot block a newly prepared arena or interrupt terminal image disposal
2026-09-21T01:51:14.6046079Z ok 632 - preview reset failure cannot block a newly prepared arena or interrupt terminal image disposal
2026-09-21T01:51:14.6046237Z   ---
2026-09-21T01:51:14.6046411Z   duration_ms: 201.617495
2026-09-21T01:51:14.6046557Z   ...
2026-09-21T01:51:14.6047514Z # Subtest: earned First Connection focuses Next and one explicit action prepares and starts Relay Yard with the accepted settings
2026-09-21T01:51:14.6049358Z ok 633 - earned First Connection focuses Next and one explicit action prepares and starts Relay Yard with the accepted settings
2026-09-21T01:51:14.6049520Z   ---
2026-09-21T01:51:14.6049703Z   duration_ms: 27972.133076
2026-09-21T01:51:14.6049850Z   ...
2026-09-21T01:51:14.6051537Z # {"boundary":"rehearsed keyboard host; finite DOM/inert Canvas, no native or human-win claim","level":"first-connection","coreReferenceCommands":1179,"hostCommandTicks":1179}
2026-09-21T01:51:14.6053195Z # {"boundary":"rehearsed keyboard host; finite DOM/inert Canvas, no native or human-win claim","level":"relay-yard","coreReferenceCommands":832,"hostCommandTicks":832}
2026-09-21T01:51:14.6054441Z # Subtest: pending Next retains the earned picture and ignores duplicate activation before a deliberate cancel
2026-09-21T01:51:14.6055422Z ok 634 - pending Next retains the earned picture and ignores duplicate activation before a deliberate cancel
2026-09-21T01:51:14.6055663Z   ---
2026-09-21T01:51:14.6055932Z   duration_ms: 13912.356278
2026-09-21T01:51:14.6056077Z   ...
2026-09-21T01:51:14.6057673Z # {"boundary":"rehearsed keyboard host; finite DOM/inert Canvas, no native or human-win claim","level":"first-connection","coreReferenceCommands":1179,"hostCommandTicks":1179}
2026-09-21T01:51:14.6058667Z # Subtest: menu, lifecycle, mode departure and newer focus retire a pending Next without taking over Results
2026-09-21T01:51:14.6058938Z     # Subtest: Back
2026-09-21T01:51:14.6059093Z     ok 1 - Back
2026-09-21T01:51:14.6059240Z       ---
2026-09-21T01:51:14.6059518Z       duration_ms: 46.244577
2026-09-21T01:51:14.6059662Z       ...
2026-09-21T01:51:14.6059915Z     # Subtest: blur
2026-09-21T01:51:14.6060158Z     ok 2 - blur
2026-09-21T01:51:14.6060303Z       ---
2026-09-21T01:51:14.6060465Z       duration_ms: 50.971868
2026-09-21T01:51:14.6060698Z       ...
2026-09-21T01:51:14.6060868Z     # Subtest: hidden
2026-09-21T01:51:14.6061220Z     ok 3 - hidden
2026-09-21T01:51:14.6061361Z       ---
2026-09-21T01:51:14.6061523Z       duration_ms: 41.816945
2026-09-21T01:51:14.6061664Z       ...
2026-09-21T01:51:14.6061984Z     # Subtest: persisted pagehide
2026-09-21T01:51:14.6062255Z     ok 4 - persisted pagehide
2026-09-21T01:51:14.6062732Z       ---
2026-09-21T01:51:14.6062898Z       duration_ms: 44.504811
2026-09-21T01:51:14.6063142Z       ...
2026-09-21T01:51:14.6063453Z     # Subtest: controller Menu
2026-09-21T01:51:14.6063886Z     ok 5 - controller Menu
2026-09-21T01:51:14.6064046Z       ---
2026-09-21T01:51:14.6064369Z       duration_ms: 127.476586
2026-09-21T01:51:14.6064521Z       ...
2026-09-21T01:51:14.6064739Z     # Subtest: direct mode link click
2026-09-21T01:51:14.6064950Z     ok 6 - direct mode link click
2026-09-21T01:51:14.6065095Z       ---
2026-09-21T01:51:14.6065261Z       duration_ms: 41.418622
2026-09-21T01:51:14.6065520Z       ...
2026-09-21T01:51:14.6065687Z     # Subtest: Settings
2026-09-21T01:51:14.6065945Z     ok 7 - Settings
2026-09-21T01:51:14.6066180Z       ---
2026-09-21T01:51:14.6066356Z       duration_ms: 48.015541
2026-09-21T01:51:14.6066494Z       ...
2026-09-21T01:51:14.6066882Z     # Subtest: earned picture
2026-09-21T01:51:14.6067056Z     ok 8 - earned picture
2026-09-21T01:51:14.6067305Z       ---
2026-09-21T01:51:14.6067568Z       duration_ms: 45.80691
2026-09-21T01:51:14.6067702Z       ...
2026-09-21T01:51:14.6067865Z     # Subtest: newer focus
2026-09-21T01:51:14.6068126Z     ok 9 - newer focus
2026-09-21T01:51:14.6068264Z       ---
2026-09-21T01:51:14.6068540Z       duration_ms: 40.908941
2026-09-21T01:51:14.6068780Z       ...
2026-09-21T01:51:14.6068917Z     1..9
2026-09-21T01:51:14.6069953Z ok 635 - menu, lifecycle, mode departure and newer focus retire a pending Next without taking over Results
2026-09-21T01:51:14.6070101Z   ---
2026-09-21T01:51:14.6070264Z   duration_ms: 13212.300118
2026-09-21T01:51:14.6070496Z   ...
2026-09-21T01:51:14.6072100Z # {"boundary":"rehearsed keyboard host; finite DOM/inert Canvas, no native or human-win claim","level":"first-connection","coreReferenceCommands":1179,"hostCommandTicks":1179}
2026-09-21T01:51:14.6072819Z # Team next arena preparation failed. Error: Controlled Next read failure.
2026-09-21T01:51:14.6078488Z #     at TestContext.<anonymous> (file:///home/runner/work/revealline/revealline/source/game/test/coop-next-host.test.mjs:306:31)
2026-09-21T01:51:14.6079157Z #     at async Test.run (node:internal/test_runner/test:797:9)
2026-09-21T01:51:14.6080478Z #     at async TestContext.<anonymous> (file:///home/runner/work/revealline/revealline/source/game/test/coop-next-host.test.mjs:298:5)
2026-09-21T01:51:14.6080896Z #     at async Test.run (node:internal/test_runner/test:797:9)
2026-09-21T01:51:14.6081458Z #     at async Test.processPendingSubtests (node:internal/test_runner/test:526:7)
2026-09-21T01:51:14.6082137Z # Subtest: read, decode and first-paint failures retain Results and permit a fresh explicit Next
2026-09-21T01:51:14.6082297Z     # Subtest: read
2026-09-21T01:51:14.6082450Z     ok 1 - read
2026-09-21T01:51:14.6082587Z       ---
2026-09-21T01:51:14.6083648Z       duration_ms: 48.561786
2026-09-21T01:51:14.6084791Z       ...
2026-09-21T01:51:14.6085729Z # Team next arena preparation failed. Error: Controlled Next decode failure.
2026-09-21T01:51:14.6087203Z #     at TestContext.<anonymous> (file:///home/runner/work/revealline/revealline/source/game/test/coop-next-host.test.mjs:306:31)
2026-09-21T01:51:14.6087608Z #     at async Test.run (node:internal/test_runner/test:797:9)
2026-09-21T01:51:14.6088610Z #     at async TestContext.<anonymous> (file:///home/runner/work/revealline/revealline/source/game/test/coop-next-host.test.mjs:298:5)
2026-09-21T01:51:14.6088993Z #     at async Test.run (node:internal/test_runner/test:797:9)
2026-09-21T01:51:14.6089547Z #     at async Test.processPendingSubtests (node:internal/test_runner/test:526:7)
2026-09-21T01:51:14.6089708Z     # Subtest: decode
2026-09-21T01:51:14.6089853Z     ok 2 - decode
2026-09-21T01:51:14.6089996Z       ---
2026-09-21T01:51:14.6090163Z       duration_ms: 64.446677
2026-09-21T01:51:14.6090295Z       ...
2026-09-21T01:51:14.6090796Z # Team next arena preparation failed. Error: Modeled Canvas paint failure
2026-09-21T01:51:14.6091692Z #     at Proxy.<anonymous> (file:///home/runner/work/revealline/revealline/source/game/test/helpers/coop-host.mjs:170:23)
2026-09-21T01:51:14.6092691Z #     at Object.paint (file:///home/runner/work/revealline/revealline/source/game/couch/coop-view.mjs:127:9)
2026-09-21T01:51:14.6094185Z #     at nextArena (file:///home/runner/work/revealline/revealline/source/game/couch/relay-rescue.mjs?host-test=4:1491:15)
2026-09-21T01:51:14.6094393Z     # Subtest: first paint
2026-09-21T01:51:14.6094571Z     ok 3 - first paint
2026-09-21T01:51:14.6094720Z       ---
2026-09-21T01:51:14.6095036Z       duration_ms: 59.569637
2026-09-21T01:51:14.6095182Z       ...
2026-09-21T01:51:14.6095320Z     1..3
2026-09-21T01:51:14.6095971Z ok 636 - read, decode and first-paint failures retain Results and permit a fresh explicit Next
2026-09-21T01:51:14.6096115Z   ---
2026-09-21T01:51:14.6096277Z   duration_ms: 17352.67797
2026-09-21T01:51:14.6096407Z   ...
2026-09-21T01:51:14.6097705Z # {"boundary":"rehearsed keyboard host; finite DOM/inert Canvas, no native or human-win claim","level":"first-connection","coreReferenceCommands":1179,"hostCommandTicks":1179}
2026-09-21T01:51:14.6098467Z # Subtest: explicit Retry during pending Next restarts the accepted arena and ignores the late successor
2026-09-21T01:51:14.6099185Z ok 637 - explicit Retry during pending Next restarts the accepted arena and ignores the late successor
2026-09-21T01:51:14.6099318Z   ---
2026-09-21T01:51:14.6099481Z   duration_ms: 13546.894882
2026-09-21T01:51:14.6099616Z   ...
2026-09-21T01:51:14.6100890Z # {"boundary":"rehearsed keyboard host; finite DOM/inert Canvas, no native or human-win claim","level":"first-connection","coreReferenceCommands":1179,"hostCommandTicks":1179}
2026-09-21T01:51:14.6101627Z # Subtest: Choose arena during pending successor decode retains the original for a later explicit Start
2026-09-21T01:51:14.6102333Z ok 638 - Choose arena during pending successor decode retains the original for a later explicit Start
2026-09-21T01:51:14.6102470Z   ---
2026-09-21T01:51:14.6102630Z   duration_ms: 12806.539531
2026-09-21T01:51:14.6102766Z   ...
2026-09-21T01:51:14.6104246Z # {"boundary":"rehearsed keyboard host; finite DOM/inert Canvas, no native or human-win claim","level":"first-connection","coreReferenceCommands":1179,"hostCommandTicks":1179}
2026-09-21T01:51:14.6104977Z # Subtest: an older cancelled Next completion cannot replace a newer Next candidate or steal its focus
2026-09-21T01:51:14.6105660Z ok 639 - an older cancelled Next completion cannot replace a newer Next candidate or steal its focus
2026-09-21T01:51:14.6105803Z   ---
2026-09-21T01:51:14.6105964Z   duration_ms: 12583.608314
2026-09-21T01:51:14.6106093Z   ...
2026-09-21T01:51:14.6107367Z # {"boundary":"rehearsed keyboard host; finite DOM/inert Canvas, no native or human-win claim","level":"first-connection","coreReferenceCommands":1179,"hostCommandTicks":1179}
2026-09-21T01:51:14.6108216Z # Subtest: a completed Team pack focuses Browse Team arenas and keeps the earned result available
2026-09-21T01:51:14.6108870Z ok 640 - a completed Team pack focuses Browse Team arenas and keeps the earned result available
2026-09-21T01:51:14.6109001Z   ---
2026-09-21T01:51:14.6109167Z   duration_ms: 14244.201392
2026-09-21T01:51:14.6109306Z   ...
2026-09-21T01:51:14.6110512Z # {"boundary":"rehearsed keyboard host; finite DOM/inert Canvas, no native or human-win claim","level":"relay-yard","coreReferenceCommands":832,"hostCommandTicks":832}
2026-09-21T01:51:14.6111338Z # Subtest: synchronous blur during the initial Preparing status retires Next before focus or picture acquisition
2026-09-21T01:51:14.6112124Z ok 641 - synchronous blur during the initial Preparing status retires Next before focus or picture acquisition
2026-09-21T01:51:14.6112262Z   ---
2026-09-21T01:51:14.6112414Z   duration_ms: 17293.588701
2026-09-21T01:51:14.6112549Z   ...
2026-09-21T01:51:14.6113991Z # {"boundary":"rehearsed keyboard host; finite DOM/inert Canvas, no native or human-win claim","level":"first-connection","coreReferenceCommands":1179,"hostCommandTicks":1179}
2026-09-21T01:51:14.6115197Z # Subtest: the closed two-row authority is immutable and matches the complete authored starter pack
2026-09-21T01:51:14.6116052Z ok 642 - the closed two-row authority is immutable and matches the complete authored starter pack
2026-09-21T01:51:14.6116290Z   ---
2026-09-21T01:51:14.6116606Z   duration_ms: 5.238845
2026-09-21T01:51:14.6116847Z   ...
2026-09-21T01:51:14.6117790Z # Subtest: First Connection verifies its real approved PNG and returns a full-frame contain/nearest lease
2026-09-21T01:51:14.6118694Z ok 643 - First Connection verifies its real approved PNG and returns a full-frame contain/nearest lease
2026-09-21T01:51:14.6118933Z   ---
2026-09-21T01:51:14.6119094Z   duration_ms: 41.984579
2026-09-21T01:51:14.6119228Z   ...
2026-09-21T01:51:14.6120210Z # Subtest: Relay Yard verifies its real approved PNG and returns a full-frame contain/nearest lease
2026-09-21T01:51:14.6121057Z ok 644 - Relay Yard verifies its real approved PNG and returns a full-frame contain/nearest lease
2026-09-21T01:51:14.6121299Z   ---
2026-09-21T01:51:14.6121458Z   duration_ms: 60.718194
2026-09-21T01:51:14.6121592Z   ...
2026-09-21T01:51:14.6122350Z # Subtest: same-ID pack rename has no picture authority before any reader or decoder
2026-09-21T01:51:14.6123085Z ok 645 - same-ID pack rename has no picture authority before any reader or decoder
2026-09-21T01:51:14.6123223Z   ---
2026-09-21T01:51:14.6123476Z   duration_ms: 19.106323
2026-09-21T01:51:14.6123871Z   ...
2026-09-21T01:51:14.6124636Z # Subtest: same-ID selected level changed has no picture authority before any reader or decoder
2026-09-21T01:51:14.6125453Z ok 646 - same-ID selected level changed has no picture authority before any reader or decoder
2026-09-21T01:51:14.6125592Z   ---
2026-09-21T01:51:14.6125835Z   duration_ms: 13.161047
2026-09-21T01:51:14.6125974Z   ...
2026-09-21T01:51:14.6126784Z # Subtest: same-ID other level changed has no picture authority before any reader or decoder
2026-09-21T01:51:14.6127649Z ok 647 - same-ID other level changed has no picture authority before any reader or decoder
2026-09-21T01:51:14.6127792Z   ---
2026-09-21T01:51:14.6127949Z   duration_ms: 16.116973
2026-09-21T01:51:14.6128179Z   ...
2026-09-21T01:51:14.6128939Z # Subtest: pack revision changed has no picture authority before any reader or decoder
2026-09-21T01:51:14.6129605Z ok 648 - pack revision changed has no picture authority before any reader or decoder
2026-09-21T01:51:14.6129838Z   ---
2026-09-21T01:51:14.6130094Z   duration_ms: 19.762114
2026-09-21T01:51:14.6130226Z   ...
2026-09-21T01:51:14.6130913Z # Subtest: level revision changed has no picture authority before any reader or decoder
2026-09-21T01:51:14.6131657Z ok 649 - level revision changed has no picture authority before any reader or decoder
2026-09-21T01:51:14.6131792Z   ---
2026-09-21T01:51:14.6131949Z   duration_ms: 19.379976
2026-09-21T01:51:14.6132184Z   ...
2026-09-21T01:51:14.6132892Z # Subtest: unknown pack ID has no picture authority before any reader or decoder
2026-09-21T01:51:14.6133500Z ok 650 - unknown pack ID has no picture authority before any reader or decoder
2026-09-21T01:51:14.6133892Z   ---
2026-09-21T01:51:14.6134060Z   duration_ms: 13.229104
2026-09-21T01:51:14.6134189Z   ...
2026-09-21T01:51:14.6134785Z # Subtest: theme revision cannot substitute a broader FPV asset or procedural fallback
2026-09-21T01:51:14.6135345Z ok 651 - theme revision cannot substitute a broader FPV asset or procedural fallback
2026-09-21T01:51:14.6135476Z   ---
2026-09-21T01:51:14.6135632Z   duration_ms: 11.880788
2026-09-21T01:51:14.6135767Z   ...
2026-09-21T01:51:14.6136408Z # Subtest: older theme revision cannot substitute a broader FPV asset or procedural fallback
2026-09-21T01:51:14.6137011Z ok 652 - older theme revision cannot substitute a broader FPV asset or procedural fallback
2026-09-21T01:51:14.6137148Z   ---
2026-09-21T01:51:14.6137303Z   duration_ms: 12.955045
2026-09-21T01:51:14.6137432Z   ...
2026-09-21T01:51:14.6138073Z # Subtest: different collection cannot substitute a broader FPV asset or procedural fallback
2026-09-21T01:51:14.6138860Z ok 653 - different collection cannot substitute a broader FPV asset or procedural fallback
2026-09-21T01:51:14.6138993Z   ---
2026-09-21T01:51:14.6139150Z   duration_ms: 9.332474
2026-09-21T01:51:14.6139283Z   ...
2026-09-21T01:51:14.6140068Z # Subtest: different theme cannot substitute a broader FPV asset or procedural fallback
2026-09-21T01:51:14.6140635Z ok 654 - different theme cannot substitute a broader FPV asset or procedural fallback
2026-09-21T01:51:14.6140772Z   ---
2026-09-21T01:51:14.6140927Z   duration_ms: 5.982783
2026-09-21T01:51:14.6141054Z   ...
2026-09-21T01:51:14.6141584Z # Subtest: asset ID cannot substitute a broader FPV asset or procedural fallback
2026-09-21T01:51:14.6142091Z ok 655 - asset ID cannot substitute a broader FPV asset or procedural fallback
2026-09-21T01:51:14.6142227Z   ---
2026-09-21T01:51:14.6142377Z   duration_ms: 13.871022
2026-09-21T01:51:14.6142515Z   ...
2026-09-21T01:51:14.6143101Z # Subtest: asset revision cannot substitute a broader FPV asset or procedural fallback
2026-09-21T01:51:14.6143659Z ok 656 - asset revision cannot substitute a broader FPV asset or procedural fallback
2026-09-21T01:51:14.6143969Z   ---
2026-09-21T01:51:14.6144130Z   duration_ms: 5.711938
2026-09-21T01:51:14.6144267Z   ...
2026-09-21T01:51:14.6145059Z # Subtest: asset hash cannot substitute a broader FPV asset or procedural fallback
2026-09-21T01:51:14.6145808Z ok 657 - asset hash cannot substitute a broader FPV asset or procedural fallback
2026-09-21T01:51:14.6145952Z   ---
2026-09-21T01:51:14.6146312Z   duration_ms: 5.87929
2026-09-21T01:51:14.6146462Z   ...
2026-09-21T01:51:14.6147243Z # Subtest: asset bytes cannot substitute a broader FPV asset or procedural fallback
2026-09-21T01:51:14.6147988Z ok 658 - asset bytes cannot substitute a broader FPV asset or procedural fallback
2026-09-21T01:51:14.6148138Z   ---
2026-09-21T01:51:14.6148306Z   duration_ms: 10.497407
2026-09-21T01:51:14.6148548Z   ...
2026-09-21T01:51:14.6149213Z # Subtest: asset MIME cannot substitute a broader FPV asset or procedural fallback
2026-09-21T01:51:14.6149953Z ok 659 - asset MIME cannot substitute a broader FPV asset or procedural fallback
2026-09-21T01:51:14.6150303Z   ---
2026-09-21T01:51:14.6150530Z   duration_ms: 9.666927
2026-09-21T01:51:14.6150687Z   ...
2026-09-21T01:51:14.6151539Z # Subtest: asset dimensions cannot substitute a broader FPV asset or procedural fallback
2026-09-21T01:51:14.6152363Z ok 660 - asset dimensions cannot substitute a broader FPV asset or procedural fallback
2026-09-21T01:51:14.6152709Z   ---
2026-09-21T01:51:14.6152874Z   duration_ms: 13.364226
2026-09-21T01:51:14.6153018Z   ...
2026-09-21T01:51:14.6154033Z # Subtest: unreviewed asset cannot substitute a broader FPV asset or procedural fallback
2026-09-21T01:51:14.6155100Z ok 661 - unreviewed asset cannot substitute a broader FPV asset or procedural fallback
2026-09-21T01:51:14.6155260Z   ---
2026-09-21T01:51:14.6155539Z   duration_ms: 25.415162
2026-09-21T01:51:14.6155817Z   ...
2026-09-21T01:51:14.6156934Z # Subtest: cropped frame cannot substitute a broader FPV asset or procedural fallback
2026-09-21T01:51:14.6157866Z ok 662 - cropped frame cannot substitute a broader FPV asset or procedural fallback
2026-09-21T01:51:14.6158161Z   ---
2026-09-21T01:51:14.6158489Z   duration_ms: 10.613413
2026-09-21T01:51:14.6158743Z   ...
2026-09-21T01:51:14.6159710Z # Subtest: missing allowed slot cannot substitute a broader FPV asset or procedural fallback
2026-09-21T01:51:14.6161011Z ok 663 - missing allowed slot cannot substitute a broader FPV asset or procedural fallback
2026-09-21T01:51:14.6161262Z   ---
2026-09-21T01:51:14.6161536Z   duration_ms: 9.128023
2026-09-21T01:51:14.6161785Z   ...
2026-09-21T01:51:14.6162871Z # Subtest: a same-length changed original is rejected before decode and never becomes procedural
2026-09-21T01:51:14.6163523Z ok 664 - a same-length changed original is rejected before decode and never becomes procedural
2026-09-21T01:51:14.6164001Z   ---
2026-09-21T01:51:14.6164165Z   duration_ms: 11.806349
2026-09-21T01:51:14.6164430Z   ...
2026-09-21T01:51:14.6165456Z # Subtest: first-connection: explicit Retry recovers a failed release presentation without replacing selection or automatically starting
2026-09-21T01:51:14.6166899Z ok 665 - first-connection: explicit Retry recovers a failed release presentation without replacing selection or automatically starting
2026-09-21T01:51:14.6167153Z   ---
2026-09-21T01:51:14.6167320Z   duration_ms: 532.31015
2026-09-21T01:51:14.6167541Z   ...
2026-09-21T01:51:14.6168780Z # Subtest: relay-yard: explicit Retry recovers a failed release presentation without replacing selection or automatically starting
2026-09-21T01:51:14.6169984Z ok 666 - relay-yard: explicit Retry recovers a failed release presentation without replacing selection or automatically starting
2026-09-21T01:51:14.6170207Z   ---
2026-09-21T01:51:14.6170372Z   duration_ms: 285.684801
2026-09-21T01:51:14.6170508Z   ...
2026-09-21T01:51:14.6171755Z # Subtest: cancelling a held presentation Retry fences late readiness; a fresh Retry prepares the same arena without automatic Start
2026-09-21T01:51:14.6172682Z ok 667 - cancelling a held presentation Retry fences late readiness; a fresh Retry prepares the same arena without automatic Start
2026-09-21T01:51:14.6172820Z   ---
2026-09-21T01:51:14.6172983Z   duration_ms: 155.853458
2026-09-21T01:51:14.6173113Z   ...
2026-09-21T01:51:14.6174232Z # Subtest: another failed bootstrap Retry remains actionable and a later explicit Retry recovers without a background retry loop
2026-09-21T01:51:14.6175144Z ok 668 - another failed bootstrap Retry remains actionable and a later explicit Retry recovers without a background retry loop
2026-09-21T01:51:14.6175281Z   ---
2026-09-21T01:51:14.6175432Z   duration_ms: 227.185685
2026-09-21T01:51:14.6175567Z   ...
2026-09-21T01:51:14.6176383Z # Subtest: recovered presentation updates automatic menu appearance while unsupported Team artwork stays blocked
2026-09-21T01:51:14.6177292Z ok 669 - recovered presentation updates automatic menu appearance while unsupported Team artwork stays blocked
2026-09-21T01:51:14.6177427Z   ---
2026-09-21T01:51:14.6177584Z   duration_ms: 104.681939
2026-09-21T01:51:14.6177718Z   ...
2026-09-21T01:51:14.6178608Z # Subtest: Team Settings has the same four categories, original controls, and exact lobby return without preparing or saving
2026-09-21T01:51:14.6179472Z ok 670 - Team Settings has the same four categories, original controls, and exact lobby return without preparing or saving
2026-09-21T01:51:14.6179610Z   ---
2026-09-21T01:51:14.6179765Z   duration_ms: 344.313018
2026-09-21T01:51:14.6179894Z   ...
2026-09-21T01:51:14.6180562Z # Subtest: Settings stays above a retained paused Team attempt and reopens its selected category
2026-09-21T01:51:14.6181206Z ok 671 - Settings stays above a retained paused Team attempt and reopens its selected category
2026-09-21T01:51:14.6181336Z   ---
2026-09-21T01:51:14.6181496Z   duration_ms: 4873.781789
2026-09-21T01:51:14.6181640Z   ...
2026-09-21T01:51:14.6182334Z # Subtest: Settings tab keys stay in the categories and Tab cannot reach inactive content or the arena
2026-09-21T01:51:14.6183002Z ok 672 - Settings tab keys stay in the categories and Tab cannot reach inactive content or the arena
2026-09-21T01:51:14.6183139Z   ---
2026-09-21T01:51:14.6183302Z   duration_ms: 230.203789
2026-09-21T01:51:14.6183430Z   ...
2026-09-21T01:51:14.6184182Z # Subtest: a controller selects Team Settings and paused quick sound without resuming
2026-09-21T01:51:14.6184744Z ok 673 - a controller selects Team Settings and paused quick sound without resuming
2026-09-21T01:51:14.6184873Z   ---
2026-09-21T01:51:14.6185033Z   duration_ms: 5085.472342
2026-09-21T01:51:14.6185167Z   ...
2026-09-21T01:51:14.6185915Z # Subtest: closing Settings does not cancel a pending Team picture and late readiness does not steal focus
2026-09-21T01:51:14.6186630Z ok 674 - closing Settings does not cancel a pending Team picture and late readiness does not steal focus
2026-09-21T01:51:14.6186935Z   ---
2026-09-21T01:51:14.6187095Z   duration_ms: 199.621289
2026-09-21T01:51:14.6187221Z   ...
2026-09-21T01:51:14.6187818Z # Subtest: Settings Back leaves a pending Team import under its existing operation owner
2026-09-21T01:51:14.6188529Z ok 675 - Settings Back leaves a pending Team import under its existing operation owner
2026-09-21T01:51:14.6188674Z   ---
2026-09-21T01:51:14.6188829Z   duration_ms: 150.318373
2026-09-21T01:51:14.6188965Z   ...
2026-09-21T01:51:14.6189445Z # Subtest: a blur Settings close cannot focus or resume in the background
2026-09-21T01:51:14.6189893Z ok 676 - a blur Settings close cannot focus or resume in the background
2026-09-21T01:51:14.6190029Z   ---
2026-09-21T01:51:14.6190185Z   duration_ms: 695.229289
2026-09-21T01:51:14.6190313Z   ...
2026-09-21T01:51:14.6190808Z # Subtest: a hidden Settings close cannot focus or resume in the background
2026-09-21T01:51:14.6191272Z ok 677 - a hidden Settings close cannot focus or resume in the background
2026-09-21T01:51:14.6191413Z   ---
2026-09-21T01:51:14.6191561Z   duration_ms: 776.666711
2026-09-21T01:51:14.6191700Z   ...
2026-09-21T01:51:14.6192214Z # Subtest: a pagehide Settings close cannot focus or resume in the background
2026-09-21T01:51:14.6192701Z ok 678 - a pagehide Settings close cannot focus or resume in the background
2026-09-21T01:51:14.6192840Z   ---
2026-09-21T01:51:14.6192997Z   duration_ms: 591.188624
2026-09-21T01:51:14.6193124Z   ...
2026-09-21T01:51:14.6193870Z # Subtest: queued old close and newer focus cannot replace the current Settings visit
2026-09-21T01:51:14.6194417Z ok 679 - queued old close and newer focus cannot replace the current Settings visit
2026-09-21T01:51:14.6194556Z   ---
2026-09-21T01:51:14.6194706Z   duration_ms: 91.61135
2026-09-21T01:51:14.6194984Z   ...
2026-09-21T01:51:14.6195917Z # Subtest: paused keyboard quick Sound and Settings mute share one owner without resuming
2026-09-21T01:51:14.6196902Z ok 680 - paused keyboard quick Sound and Settings mute share one owner without resuming
2026-09-21T01:51:14.6197062Z   ---
2026-09-21T01:51:14.6197429Z   duration_ms: 2560.76805
2026-09-21T01:51:14.6197577Z   ...
2026-09-21T01:51:14.6198847Z # Subtest: terminal disposal retires Settings controls without reopening, refocusing, saving or retaining pictures
2026-09-21T01:51:14.6199866Z ok 681 - terminal disposal retires Settings controls without reopening, refocusing, saving or retaining pictures
2026-09-21T01:51:14.6200008Z   ---
2026-09-21T01:51:14.6200160Z   duration_ms: 491.563483
2026-09-21T01:51:14.6200294Z   ...
2026-09-21T01:51:14.6200977Z # Subtest: a newer focus choice during native Settings opening wins over the default category focus
2026-09-21T01:51:14.6201639Z ok 682 - a newer focus choice during native Settings opening wins over the default category focus
2026-09-21T01:51:14.6201769Z   ---
2026-09-21T01:51:14.6201926Z   duration_ms: 83.427306
2026-09-21T01:51:14.6202060Z   ...
2026-09-21T01:51:14.6202616Z # Subtest: a reopen during return visibility checking retires the old Settings close
2026-09-21T01:51:14.6203163Z ok 683 - a reopen during return visibility checking retires the old Settings close
2026-09-21T01:51:14.6203298Z   ---
2026-09-21T01:51:14.6203447Z   duration_ms: 87.979262
2026-09-21T01:51:14.6203582Z   ...
2026-09-21T01:51:14.6204370Z # Subtest: a background during return visibility checking retires the old Settings close
2026-09-21T01:51:14.6204946Z ok 684 - a background during return visibility checking retires the old Settings close
2026-09-21T01:51:14.6205075Z   ---
2026-09-21T01:51:14.6205233Z   duration_ms: 82.206205
2026-09-21T01:51:14.6205373Z   ...
2026-09-21T01:51:14.6206145Z # Subtest: First Connection: a real authored win shows the exact full picture without overwriting captured state
2026-09-21T01:51:14.6206906Z ok 685 - First Connection: a real authored win shows the exact full picture without overwriting captured state
2026-09-21T01:51:14.6207043Z   ---
2026-09-21T01:51:14.6207201Z   duration_ms: 305.107795
2026-09-21T01:51:14.6207499Z   ...
2026-09-21T01:51:14.6208223Z # Subtest: Relay Yard: a real authored win shows the exact full picture without overwriting captured state
2026-09-21T01:51:14.6208917Z ok 686 - Relay Yard: a real authored win shows the exact full picture without overwriting captured state
2026-09-21T01:51:14.6209048Z   ---
2026-09-21T01:51:14.6209430Z   duration_ms: 124.538437
2026-09-21T01:51:14.6209573Z   ...
2026-09-21T01:51:14.6210228Z # Subtest: running, paused and lost pictures retain opaque concealment, walls and gameplay cues
2026-09-21T01:51:14.6210849Z ok 687 - running, paused and lost pictures retain opaque concealment, walls and gameplay cues
2026-09-21T01:51:14.6210985Z   ---
2026-09-21T01:51:14.6211142Z   duration_ms: 49.868426
2026-09-21T01:51:14.6211273Z   ...
2026-09-21T01:51:14.6211820Z # Subtest: won runs without an approved image keep the existing procedural arena
2026-09-21T01:51:14.6212340Z ok 688 - won runs without an approved image keep the existing procedural arena
2026-09-21T01:51:14.6212629Z   ---
2026-09-21T01:51:14.6212792Z   duration_ms: 131.774442
2026-09-21T01:51:14.6212928Z   ...
2026-09-21T01:51:14.6213561Z # Subtest: winning cannot bypass lease validation and failed drawing restores borrowed state
2026-09-21T01:51:14.6214619Z ok 689 - winning cannot bypass lease validation and failed drawing restores borrowed state
2026-09-21T01:51:14.6214765Z   ---
2026-09-21T01:51:14.6214924Z   duration_ms: 140.032788
2026-09-21T01:51:14.6215054Z   ...
2026-09-21T01:51:14.6215646Z # Subtest: scout reveals objectives and trajectory window without changing enemy speed
2026-09-21T01:51:14.6216219Z ok 690 - scout reveals objectives and trajectory window without changing enemy speed
2026-09-21T01:51:14.6216365Z   ---
2026-09-21T01:51:14.6216519Z   duration_ms: 12.326149
2026-09-21T01:51:14.6216653Z   ...
2026-09-21T01:51:14.6217328Z # Subtest: pickup fills declared capacity; held action/pickup are not repeated and cooldown holds
2026-09-21T01:51:14.6217973Z ok 691 - pickup fills declared capacity; held action/pickup are not repeated and cooldown holds
2026-09-21T01:51:14.6218116Z   ---
2026-09-21T01:51:14.6218272Z   duration_ms: 6.094582
2026-09-21T01:51:14.6218400Z   ...
2026-09-21T01:51:14.6218986Z # Subtest: drop stun and slow field have distinct outcomes and expire on simulation time
2026-09-21T01:51:14.6219549Z ok 692 - drop stun and slow field have distinct outcomes and expire on simulation time
2026-09-21T01:51:14.6219689Z   ---
2026-09-21T01:51:14.6219844Z   duration_ms: 30.387277
2026-09-21T01:51:14.6219976Z   ...
2026-09-21T01:51:14.6220691Z # Subtest: out-of-range pickup cannot refill and ability state is independent of supplied art metadata
2026-09-21T01:51:14.6221371Z ok 693 - out-of-range pickup cannot refill and ability state is independent of supplied art metadata
2026-09-21T01:51:14.6221546Z   ---
2026-09-21T01:51:14.6221704Z   duration_ms: 1.330933
2026-09-21T01:51:14.6221838Z   ...
2026-09-21T01:51:14.6222473Z # Subtest: shield absorbs one enemy hit, cancels trail, preserves lives and recovers with grace
2026-09-21T01:51:14.6223099Z ok 694 - shield absorbs one enemy hit, cancels trail, preserves lives and recovers with grace
2026-09-21T01:51:14.6223237Z   ---
2026-09-21T01:51:14.6223387Z   duration_ms: 3.94469
2026-09-21T01:51:14.6223520Z   ...
2026-09-21T01:51:14.6224264Z # Subtest: respawning rejects action and pickup without changing cooldown or ammo
2026-09-21T01:51:14.6224801Z ok 695 - respawning rejects action and pickup without changing cooldown or ammo
2026-09-21T01:51:14.6224929Z   ---
2026-09-21T01:51:14.6225085Z   duration_ms: 0.682333
2026-09-21T01:51:14.6225220Z   ...
2026-09-21T01:51:14.6225835Z # Subtest: boss lane warns before activation, then can fail a live cut; safe wait is harmless
2026-09-21T01:51:14.6226438Z ok 696 - boss lane warns before activation, then can fail a live cut; safe wait is harmless
2026-09-21T01:51:14.6226575Z   ---
2026-09-21T01:51:14.6226725Z   duration_ms: 6.354677
2026-09-21T01:51:14.6226862Z   ...
2026-09-21T01:51:14.6227610Z # Subtest: custom JSON recipes validate supported primitives, copy into a run and change loadout identity
2026-09-21T01:51:14.6228512Z ok 697 - custom JSON recipes validate supported primitives, copy into a run and change loadout identity
2026-09-21T01:51:14.6228643Z   ---
2026-09-21T01:51:14.6228797Z   duration_ms: 2.217367
2026-09-21T01:51:14.6229071Z   ...
2026-09-21T01:51:14.6229800Z # Subtest: custom-recipe replay uses the same data and cosmetic wording leaves physics identity unchanged
2026-09-21T01:51:14.6230497Z ok 698 - custom-recipe replay uses the same data and cosmetic wording leaves physics identity unchanged
2026-09-21T01:51:14.6230633Z   ---
2026-09-21T01:51:14.6230790Z   duration_ms: 30.762999
2026-09-21T01:51:14.6230920Z   ...
2026-09-21T01:51:14.6231639Z # Subtest: immediate: fiber bypasses the same zone that slows, removes boost and locks ordinary abilities
2026-09-21T01:51:14.6232334Z ok 699 - immediate: fiber bypasses the same zone that slows, removes boost and locks ordinary abilities
2026-09-21T01:51:14.6232469Z   ---
2026-09-21T01:51:14.6232628Z   duration_ms: 27.861426
2026-09-21T01:51:14.6232763Z   ...
2026-09-21T01:51:14.6233430Z # Subtest: immediate: radio resilience never makes fiber's exposed cable immune to a field enemy
2026-09-21T01:51:14.6234311Z ok 700 - immediate: radio resilience never makes fiber's exposed cable immune to a field enemy
2026-09-21T01:51:14.6234453Z   ---
2026-09-21T01:51:14.6234608Z   duration_ms: 4.361478
2026-09-21T01:51:14.6234736Z   ...
2026-09-21T01:51:14.6235591Z # Subtest: immediate: impact pulse abandons the live cut, suppresses emitter and redeploys without capture or life loss
2026-09-21T01:51:14.6236418Z ok 701 - immediate: impact pulse abandons the live cut, suppresses emitter and redeploys without capture or life loss
2026-09-21T01:51:14.6236556Z   ---
2026-09-21T01:51:14.6236707Z   duration_ms: 6.703628
2026-09-21T01:51:14.6236849Z   ...
2026-09-21T01:51:14.6237621Z # Subtest: immediate: challenge clocks and cable limits fail fairly while completed cuts beat later deadlines
2026-09-21T01:51:14.6238377Z ok 702 - immediate: challenge clocks and cable limits fail fairly while completed cuts beat later deadlines
2026-09-21T01:51:14.6238515Z   ---
2026-09-21T01:51:14.6238673Z   duration_ms: 146.804151
2026-09-21T01:51:14.6238801Z   ...
2026-09-21T01:51:14.6239540Z # Subtest: grid-center: fiber bypasses the same zone that slows, removes boost and locks ordinary abilities
2026-09-21T01:51:14.6240247Z ok 703 - grid-center: fiber bypasses the same zone that slows, removes boost and locks ordinary abilities
2026-09-21T01:51:14.6240376Z   ---
2026-09-21T01:51:14.6240533Z   duration_ms: 20.55846
2026-09-21T01:51:14.6240671Z   ...
2026-09-21T01:51:14.6241344Z # Subtest: grid-center: radio resilience never makes fiber's exposed cable immune to a field enemy
2026-09-21T01:51:14.6241991Z ok 704 - grid-center: radio resilience never makes fiber's exposed cable immune to a field enemy
2026-09-21T01:51:14.6242127Z   ---
2026-09-21T01:51:14.6242281Z   duration_ms: 5.362646
2026-09-21T01:51:14.6242416Z   ...
2026-09-21T01:51:14.6243282Z # Subtest: grid-center: impact pulse abandons the live cut, suppresses emitter and redeploys without capture or life loss
2026-09-21T01:51:14.6244442Z ok 705 - grid-center: impact pulse abandons the live cut, suppresses emitter and redeploys without capture or life loss
2026-09-21T01:51:14.6244590Z   ---
2026-09-21T01:51:14.6244739Z   duration_ms: 7.139261
2026-09-21T01:51:14.6244874Z   ...
2026-09-21T01:51:14.6245657Z # Subtest: grid-center: challenge clocks and cable limits fail fairly while completed cuts beat later deadlines
2026-09-21T01:51:14.6246390Z ok 706 - grid-center: challenge clocks and cable limits fail fairly while completed cuts beat later deadlines
2026-09-21T01:51:14.6246521Z   ---
2026-09-21T01:51:14.6246668Z   duration_ms: 102.905359
2026-09-21T01:51:14.6246793Z   ...
2026-09-21T01:51:14.6247333Z # Subtest: switching requires safe hangar contact; explicit empty hangars disables it
2026-09-21T01:51:14.6247845Z ok 707 - switching requires safe hangar contact; explicit empty hangars disables it
2026-09-21T01:51:14.6248156Z   ---
2026-09-21T01:51:14.6248305Z   duration_ms: 20.520356
2026-09-21T01:51:14.6248433Z   ...
2026-09-21T01:51:14.6249179Z # Subtest: switching preserves ammo, per-class cooldowns and deployed fields without retaining an equipped shield
2026-09-21T01:51:14.6250070Z ok 708 - switching preserves ammo, per-class cooldowns and deployed fields without retaining an equipped shield
2026-09-21T01:51:14.6250204Z   ---
2026-09-21T01:51:14.6250360Z   duration_ms: 16.06748
2026-09-21T01:51:14.6250548Z   ...
2026-09-21T01:51:14.6251290Z # Subtest: held class command has one edge, shell release rearms it and switched replay reconstructs all loadouts
2026-09-21T01:51:14.6252000Z ok 709 - held class command has one edge, shell release rearms it and switched replay reconstructs all loadouts
2026-09-21T01:51:14.6252131Z   ---
2026-09-21T01:51:14.6252286Z   duration_ms: 46.770017
2026-09-21T01:51:14.6252418Z   ...
2026-09-21T01:51:14.6253078Z # Subtest: stun delivery supports suppression, while a slow net does not suppress a signal emitter
2026-09-21T01:51:14.6253915Z ok 710 - stun delivery supports suppression, while a slow net does not suppress a signal emitter
2026-09-21T01:51:14.6254053Z   ---
2026-09-21T01:51:14.6254206Z   duration_ms: 49.827683
2026-09-21T01:51:14.6254340Z   ...
2026-09-21T01:51:14.6255100Z # Subtest: new declarative rules reject invalid geometry/values and cloned run data cannot be changed by the caller
2026-09-21T01:51:14.6255851Z ok 711 - new declarative rules reject invalid geometry/values and cloned run data cannot be changed by the caller
2026-09-21T01:51:14.6255987Z   ---
2026-09-21T01:51:14.6256142Z   duration_ms: 7.162995
2026-09-21T01:51:14.6256268Z   ...
2026-09-21T01:51:14.6256966Z # Subtest: mission timeout also expires during redeployment and pause alone advances no challenge time
2026-09-21T01:51:14.6257636Z ok 712 - mission timeout also expires during redeployment and pause alone advances no challenge time
2026-09-21T01:51:14.6257776Z   ---
2026-09-21T01:51:14.6257932Z   duration_ms: 1.30276
2026-09-21T01:51:14.6258065Z   ...
2026-09-21T01:51:14.6258819Z # Subtest: a long legal switching session stops adding history before the persistence limit and can still finish
2026-09-21T01:51:14.6259540Z ok 713 - a long legal switching session stops adding history before the persistence limit and can still finish
2026-09-21T01:51:14.6259676Z   ---
2026-09-21T01:51:14.6259827Z   duration_ms: 622.896058
2026-09-21T01:51:14.6259951Z   ...
2026-09-21T01:51:14.6260447Z # Subtest: ordinary Back closes the catalogue and restores its actual opener
2026-09-21T01:51:14.6260910Z ok 714 - ordinary Back closes the catalogue and restores its actual opener
2026-09-21T01:51:14.6261043Z   ---
2026-09-21T01:51:14.6261197Z   duration_ms: 60.691293
2026-09-21T01:51:14.6261332Z   ...
2026-09-21T01:51:14.6261932Z # Subtest: a synchronous close callback owns its new control focus over the retired opener
2026-09-21T01:51:14.6262490Z ok 715 - a synchronous close callback owns its new control focus over the retired opener
2026-09-21T01:51:14.6262627Z   ---
2026-09-21T01:51:14.6262779Z   duration_ms: 12.275594
2026-09-21T01:51:14.6262903Z   ...
2026-09-21T01:51:14.6263474Z # Subtest: a synchronous close callback reopening Chapters owns its new visit and focus
2026-09-21T01:51:14.6281661Z ok 716 - a synchronous close callback reopening Chapters owns its new visit and focus
2026-09-21T01:51:14.6281830Z   ---
2026-09-21T01:51:14.6281995Z   duration_ms: 19.503562
2026-09-21T01:51:14.6282138Z   ...
2026-09-21T01:51:14.6282966Z # Subtest: single/immediate: actual couch inputs keep both phase cues independent and freeze them on pause/finish
2026-09-21T01:51:14.6283954Z ok 717 - single/immediate: actual couch inputs keep both phase cues independent and freeze them on pause/finish
2026-09-21T01:51:14.6284102Z   ---
2026-09-21T01:51:14.6284264Z   duration_ms: 39270.856428
2026-09-21T01:51:14.6284398Z   ...
2026-09-21T01:51:14.6285215Z # Subtest: single/grid-center: actual couch inputs keep both phase cues independent and freeze them on pause/finish
2026-09-21T01:51:14.6286426Z ok 718 - single/grid-center: actual couch inputs keep both phase cues independent and freeze them on pause/finish
2026-09-21T01:51:14.6286571Z   ---
2026-09-21T01:51:14.6286725Z   duration_ms: 29320.811669
2026-09-21T01:51:14.6287041Z   ...
2026-09-21T01:51:14.6287905Z # Subtest: first-to-two/immediate: actual couch inputs keep both phase cues independent and freeze them on pause/finish
2026-09-21T01:51:14.6288726Z ok 719 - first-to-two/immediate: actual couch inputs keep both phase cues independent and freeze them on pause/finish
2026-09-21T01:51:14.6288865Z   ---
2026-09-21T01:51:14.6289023Z   duration_ms: 39994.845705
2026-09-21T01:51:14.6289151Z   ...
2026-09-21T01:51:14.6290025Z # Subtest: first-to-two/grid-center: actual couch inputs keep both phase cues independent and freeze them on pause/finish
2026-09-21T01:51:14.6290857Z ok 720 - first-to-two/grid-center: actual couch inputs keep both phase cues independent and freeze them on pause/finish
2026-09-21T01:51:14.6291056Z   ---
2026-09-21T01:51:14.6291209Z   duration_ms: 30414.090575
2026-09-21T01:51:14.6291347Z   ...
2026-09-21T01:51:14.6291989Z # Subtest: ordinary couch boards hide both empty encounter groups before and during a round
2026-09-21T01:51:14.6292586Z ok 721 - ordinary couch boards hide both empty encounter groups before and during a round
2026-09-21T01:51:14.6292726Z   ---
2026-09-21T01:51:14.6292886Z   duration_ms: 6019.897827
2026-09-21T01:51:14.6293019Z   ...
2026-09-21T01:51:19.3679214Z # Subtest: initial Start ownership preserves a newer Tab to Help choice
2026-09-21T01:51:19.3695360Z ok 722 - initial Start ownership preserves a newer Tab to Help choice
2026-09-21T01:51:19.3705013Z   ---
2026-09-21T01:51:19.3705614Z   duration_ms: 28701.754382
2026-09-21T01:51:19.3706314Z   ...
2026-09-21T01:51:19.3707222Z # Subtest: initial Start ownership preserves a newer pointer to Help choice
2026-09-21T01:51:19.3708426Z ok 723 - initial Start ownership preserves a newer pointer to Help choice
2026-09-21T01:51:19.3709266Z   ---
2026-09-21T01:51:19.3709754Z   duration_ms: 29597.32508
2026-09-21T01:51:19.3710293Z   ...
2026-09-21T01:51:19.3711105Z # Subtest: initial Start ownership preserves a newer Help then BODY choice
2026-09-21T01:51:19.3712288Z ok 724 - initial Start ownership preserves a newer Help then BODY choice
2026-09-21T01:51:19.3713071Z   ---
2026-09-21T01:51:19.3713541Z   duration_ms: 19044.602647
2026-09-21T01:51:19.3714348Z   ...
2026-09-21T01:51:19.3715385Z # Subtest: initial Start ownership survives admitted direct touch without prior button focus
2026-09-21T01:51:19.3716830Z ok 725 - initial Start ownership survives admitted direct touch without prior button focus
2026-09-21T01:51:19.3717776Z   ---
2026-09-21T01:51:19.3718275Z   duration_ms: 27924.976767
2026-09-21T01:51:19.3718812Z   ...
2026-09-21T01:51:19.3719717Z # Subtest: initial Start ownership keeps a shipped synchronous touch start immediate
2026-09-21T01:51:19.3721008Z ok 726 - initial Start ownership keeps a shipped synchronous touch start immediate
2026-09-21T01:51:19.3721888Z   ---
2026-09-21T01:51:19.3722366Z   duration_ms: 2681.968477
2026-09-21T01:51:19.3722913Z   ...
2026-09-21T01:51:19.3724052Z # Subtest: initial Start ownership checks newer focus produced during completion cleanup
2026-09-21T01:51:19.3725454Z ok 727 - initial Start ownership checks newer focus produced during completion cleanup
2026-09-21T01:51:19.3726392Z   ---
2026-09-21T01:51:19.3726876Z   duration_ms: 26661.27423
2026-09-21T01:51:19.3727408Z   ...
2026-09-21T01:51:19.3728449Z # Subtest: interrupted async Start confirmation stays ready after blur and return until a fresh Start
2026-09-21T01:51:19.3730010Z ok 728 - interrupted async Start confirmation stays ready after blur and return until a fresh Start
2026-09-21T01:51:19.3730965Z   ---
2026-09-21T01:51:19.3731440Z   duration_ms: 24598.018113
2026-09-21T01:51:19.3731974Z   ...
2026-09-21T01:51:19.3732957Z # Subtest: cancelled Start confirmation cannot overwrite Retry for the same untouched attempt
2026-09-21T01:51:19.3735189Z ok 729 - cancelled Start confirmation cannot overwrite Retry for the same untouched attempt
2026-09-21T01:51:19.3736200Z   ---
2026-09-21T01:51:19.3736706Z   duration_ms: 30565.081283
2026-09-21T01:51:19.3737293Z   ...
2026-09-21T01:51:19.3738768Z # Subtest: installed couch reader authenticates the same three originals without acquiring a writer or changing solo data
2026-09-21T01:51:19.3740666Z ok 730 - installed couch reader authenticates the same three originals without acquiring a writer or changing solo data
2026-09-21T01:51:19.3741755Z   ---
2026-09-21T01:51:19.3742242Z   duration_ms: 38632.850198
2026-09-21T01:51:19.3742780Z   ...
2026-09-21T01:51:33.1262140Z # Subtest: selected pack refresh requires exact validated content and reports its source owner without store or Solo writes
2026-09-21T01:51:33.1275656Z ok 731 - selected pack refresh requires exact validated content and reports its source owner without store or Solo writes
2026-09-21T01:51:33.1294685Z   ---
2026-09-21T01:51:33.1314837Z   duration_ms: 13765.541543
2026-09-21T01:51:33.1315444Z   ...
2026-09-21T01:52:04.7958122Z # Subtest: publication rejects a changed original generation after actual decode and a changed pointer before Start
2026-09-21T01:52:04.7963384Z ok 732 - publication rejects a changed original generation after actual decode and a changed pointer before Start
2026-09-21T01:52:04.7965161Z   ---
2026-09-21T01:52:04.7966132Z   duration_ms: 31150.731957
2026-09-21T01:52:04.7966754Z   ...
2026-09-21T01:52:26.9753349Z # Subtest: cancelled decode is joined before replacement and cannot publish a late image
2026-09-21T01:52:26.9755501Z ok 733 - cancelled decode is joined before replacement and cannot publish a late image
2026-09-21T01:52:26.9756714Z   ---
2026-09-21T01:52:26.9757365Z   duration_ms: 22680.46875
2026-09-21T01:52:26.9761520Z   ...
2026-09-21T01:52:41.1297182Z # Subtest: pending journals, missing descriptors and absent original bytes refuse instead of displaying generic artwork
2026-09-21T01:52:41.1299284Z ok 734 - pending journals, missing descriptors and absent original bytes refuse instead of displaying generic artwork
2026-09-21T01:52:41.1301631Z   ---
2026-09-21T01:52:41.1302294Z   duration_ms: 14928.654764
2026-09-21T01:52:41.1302889Z   ...
2026-09-21T01:52:53.4924411Z # Subtest: Couch recovers installed R5 originals when its optional shipped URL is unavailable
2026-09-21T01:52:53.4928404Z ok 735 - Couch recovers installed R5 originals when its optional shipped URL is unavailable
2026-09-21T01:52:53.4929463Z   ---
2026-09-21T01:52:53.4930065Z   duration_ms: 11364.994632
2026-09-21T01:52:53.4930720Z   ...
2026-09-21T01:53:59.0000506Z # Subtest: actual Couch selection shares the exact installed image, keeps separate motion and restores asynchronous action focus
2026-09-21T01:53:59.0055261Z ok 736 - actual Couch selection shares the exact installed image, keeps separate motion and restores asynchronous action focus
2026-09-21T01:53:59.0056136Z   ---
2026-09-21T01:53:59.0056624Z   duration_ms: 54977.177891
2026-09-21T01:53:59.0057104Z   ...
2026-09-21T01:54:00.2389270Z # Subtest: superseding embedded inspection cancels the old decoder between images and retains the exact legacy fit
2026-09-21T01:54:00.2391319Z ok 737 - superseding embedded inspection cancels the old decoder between images and retains the exact legacy fit
2026-09-21T01:54:00.2392492Z   ---
2026-09-21T01:54:00.2393097Z   duration_ms: 11692.300213
2026-09-21T01:54:00.2393701Z   ...
2026-09-21T01:54:43.6567745Z # Subtest: main-lobby Back cancels an explicitly pending Retry and never enables Start after the late decode
2026-09-21T01:54:43.6585085Z ok 738 - main-lobby Back cancels an explicitly pending Retry and never enables Start after the late decode
2026-09-21T01:54:43.6614843Z   ---
2026-09-21T01:54:43.6621986Z   duration_ms: 44489.923113
2026-09-21T01:54:43.6622468Z   ...
2026-09-21T01:55:39.5437591Z # Subtest: new Fracture owner keeps exact installed originals through the reader and shared Couch boards without solo writes
2026-09-21T01:55:39.5440238Z ok 739 - new Fracture owner keeps exact installed originals through the reader and shared Couch boards without solo writes
2026-09-21T01:55:39.5441840Z   ---
2026-09-21T01:55:39.5458847Z   duration_ms: 55887.477811
2026-09-21T01:55:39.5461716Z   ...
2026-09-21T01:56:29.9562101Z # Subtest: new Countercurrent owner keeps exact installed originals through the reader and shared Couch boards without solo writes
2026-09-21T01:56:29.9569870Z ok 740 - new Countercurrent owner keeps exact installed originals through the reader and shared Couch boards without solo writes
2026-09-21T01:56:29.9571235Z   ---
2026-09-21T01:56:29.9571910Z   duration_ms: 49474.57125
2026-09-21T01:56:29.9573369Z   ...
2026-09-21T01:57:00.3359001Z # Subtest: installed Rematch decode failure keeps completed Results, wins and the original available to View
2026-09-21T01:57:00.3361064Z ok 741 - installed Rematch decode failure keeps completed Results, wins and the original available to View
2026-09-21T01:57:00.3361997Z   ---
2026-09-21T01:57:00.3362538Z   duration_ms: 30535.695158
2026-09-21T01:57:00.3363146Z   ...
2026-09-21T01:57:40.7825790Z # Subtest: installed Rematch confirmation refusal retains the prior lease until one successful retry starts play
2026-09-21T01:57:40.7844952Z ok 742 - installed Rematch confirmation refusal retains the prior lease until one successful retry starts play
2026-09-21T01:57:40.7845885Z   ---
2026-09-21T01:57:40.7846230Z   duration_ms: 40234.153269
2026-09-21T01:57:40.7846623Z   ...
2026-09-21T01:58:15.2867195Z # Subtest: installed cancelled Rematch cannot overwrite a newer retry or revive Start after blur and return
2026-09-21T01:58:15.2871716Z ok 743 - installed cancelled Rematch cannot overwrite a newer retry or revive Start after blur and return
2026-09-21T01:58:15.2873104Z   ---
2026-09-21T01:58:15.2874267Z   duration_ms: 34380.849757
2026-09-21T01:58:15.2875067Z   ...
2026-09-21T01:58:43.6605748Z # Subtest: installed Next round decode failure keeps completed Results, wins and the original available to View
2026-09-21T01:58:43.6695402Z ok 744 - installed Next round decode failure keeps completed Results, wins and the original available to View
2026-09-21T01:58:43.6724249Z   ---
2026-09-21T01:58:43.6754537Z   duration_ms: 28330.18093
2026-09-21T01:58:43.6787188Z   ...
2026-09-21T01:59:29.7918412Z # Subtest: installed Next round confirmation refusal retains the prior lease until one successful retry starts play
2026-09-21T01:59:29.7920214Z ok 745 - installed Next round confirmation refusal retains the prior lease until one successful retry starts play
2026-09-21T01:59:29.7944719Z   ---
2026-09-21T01:59:29.7964607Z   duration_ms: 45875.531468
2026-09-21T01:59:29.7965268Z   ...
2026-09-21T02:00:04.1737095Z # Subtest: installed cancelled Next round cannot overwrite a newer retry or revive Start after blur and return
2026-09-21T02:00:04.1739281Z ok 746 - installed cancelled Next round cannot overwrite a newer retry or revive Start after blur and return
2026-09-21T02:00:04.1740425Z   ---
2026-09-21T02:00:04.1741035Z   duration_ms: 34348.959596
2026-09-21T02:00:04.1741746Z   ...
2026-09-21T02:00:32.8175936Z # Subtest: installed candidate ready callback cancel retains accepted ownership until a confirmed commit
2026-09-21T02:00:32.8185667Z ok 747 - installed candidate ready callback cancel retains accepted ownership until a confirmed commit
2026-09-21T02:00:32.8204827Z   ---
2026-09-21T02:00:32.8205373Z   duration_ms: 28926.149617
2026-09-21T02:00:32.8206045Z   ...
2026-09-21T02:01:02.8635523Z # Subtest: installed candidate ready callback replacement retains accepted ownership until a confirmed commit
2026-09-21T02:01:02.8641982Z ok 748 - installed candidate ready callback replacement retains accepted ownership until a confirmed commit
2026-09-21T02:01:02.8643531Z   ---
2026-09-21T02:01:02.8666451Z   duration_ms: 31212.934929
2026-09-21T02:01:02.8667282Z   ...
2026-09-21T02:01:02.9775827Z # Subtest: compatible Solo/Versus use the exact existing assignment identity
2026-09-21T02:01:02.9799332Z ok 749 - compatible Solo/Versus use the exact existing assignment identity
2026-09-21T02:01:02.9860676Z   ---
2026-09-21T02:01:02.9894414Z   duration_ms: 4.441086
2026-09-21T02:01:02.9924319Z   ...
2026-09-21T02:01:02.9925714Z # Subtest: invalid or over-budget compatible context is rejected: {"campaignKey":""}
2026-09-21T02:01:02.9950463Z ok 750 - invalid or over-budget compatible context is rejected: {"campaignKey":""}
2026-09-21T02:01:02.9951528Z   ---
2026-09-21T02:01:02.9952139Z   duration_ms: 0.577076
2026-09-21T02:01:02.9952735Z   ...
2026-09-21T02:01:02.9954091Z # Subtest: invalid or over-budget compatible context is rejected: {"themeId":""}
2026-09-21T02:01:02.9955577Z ok 751 - invalid or over-budget compatible context is rejected: {"themeId":""}
2026-09-21T02:01:02.9956567Z   ---
2026-09-21T02:01:02.9957194Z   duration_ms: 0.83064
2026-09-21T02:01:02.9957939Z   ...
2026-09-21T02:01:02.9959079Z # Subtest: invalid or over-budget compatible context is rejected: {"level":{"id":"opening"}}
2026-09-21T02:01:02.9960717Z ok 752 - invalid or over-budget compatible context is rejected: {"level":{"id":"opening"}}
2026-09-21T02:01:02.9961758Z   ---
2026-09-21T02:01:02.9962359Z   duration_ms: 0.20889
2026-09-21T02:01:02.9962987Z   ...
2026-09-21T02:01:02.9964404Z # Subtest: invalid or over-budget compatible context is rejected: {"level":{"id":"opening","revision":2}}
2026-09-21T02:01:02.9966241Z ok 753 - invalid or over-budget compatible context is rejected: {"level":{"id":"opening","revision":2}}
2026-09-21T02:01:02.9967396Z   ---
2026-09-21T02:01:02.9968037Z   duration_ms: 0.179755
2026-09-21T02:01:02.9968672Z   ...
2026-09-21T02:01:02.9980213Z # Subtest: invalid or over-budget compatible context is rejected: {"campaignKey":"xxxxxxxxxxxxxxxxxxxxxxxxxxxxxxxxxxxxxxxxxxxxxxxxxxxxxxxxxxxxxxxxxxxxxxxxxxxxxxxxxxxxxxxxxxxxxxxxxxxxxxxxxxxxxxxxxxxxxxxxxxxxxxxxxxxxxxxxxxxxxxxxxxxxxxxxxxxxxxxxxxxxxxxxxxxxxxxxxxxxxxxxxxxxxxxxxxxxxxxxxxxxxxxxxxxxxxxxxxxxxxxxxxxxxxxxxxxxxxxxxxxxxxxxxxxxxxxxxxxxxxxxxxxxxxxxxxxxxxxxxxxxxxxxxxxxxxxxxxxxxxxxxxxxxxxxxxxxxxxxxxxxxxxxxxxxxxxxxxxxxxxxxxxxxxxxxxxxxxxxxxxxxxxxxxxxxxxxxxxxxxxxxxxxxxxxxxxxxxxxxxxxxxxxxxxxxxxxxxxxxxxxxxxxxxxxxxxxxxxxxxxxxxxxxxxxxxxxxxxxxxxxxxxxxxxxxxxxxxxxxxxxxxxxxxxxxxxxxxxxxxxxxxxxxxxx"}
2026-09-21T02:01:03.0022351Z ok 754 - invalid or over-budget compatible context is rejected: {"campaignKey":"xxxxxxxxxxxxxxxxxxxxxxxxxxxxxxxxxxxxxxxxxxxxxxxxxxxxxxxxxxxxxxxxxxxxxxxxxxxxxxxxxxxxxxxxxxxxxxxxxxxxxxxxxxxxxxxxxxxxxxxxxxxxxxxxxxxxxxxxxxxxxxxxxxxxxxxxxxxxxxxxxxxxxxxxxxxxxxxxxxxxxxxxxxxxxxxxxxxxxxxxxxxxxxxxxxxxxxxxxxxxxxxxxxxxxxxxxxxxxxxxxxxxxxxxxxxxxxxxxxxxxxxxxxxxxxxxxxxxxxxxxxxxxxxxxxxxxxxxxxxxxxxxxxxxxxxxxxxxxxxxxxxxxxxxxxxxxxxxxxxxxxxxxxxxxxxxxxxxxxxxxxxxxxxxxxxxxxxxxxxxxxxxxxxxxxxxxxxxxxxxxxxxxxxxxxxxxxxxxxxxxxxxxxxxxxxxxxxxxxxxxxxxxxxxxxxxxxxxxxxxxxxxxxxxxxxxxxxxxxxxxxxxxxxxxxxxxxxxxxxxxxxxxxxxxxxx"}
2026-09-21T02:01:03.0032502Z   ---
2026-09-21T02:01:03.0032881Z   duration_ms: 0.453607
2026-09-21T02:01:03.0033269Z   ...
2026-09-21T02:01:03.0034472Z # Subtest: Team context binds the canonical validated pack hash, exact level, revision and theme
2026-09-21T02:01:03.0035869Z ok 755 - Team context binds the canonical validated pack hash, exact level, revision and theme
2026-09-21T02:01:03.0036711Z   ---
2026-09-21T02:01:03.0046360Z   duration_ms: 19.090409
2026-09-21T02:01:03.0046824Z   ...
2026-09-21T02:01:03.0047687Z # Subtest: changed geometry with reused labels/IDs does not reuse the Team assignment
2026-09-21T02:01:03.0048965Z ok 756 - changed geometry with reused labels/IDs does not reuse the Team assignment
2026-09-21T02:01:03.0049770Z   ---
2026-09-21T02:01:03.0050165Z   duration_ms: 13.465674
2026-09-21T02:01:03.0050576Z   ...
2026-09-21T02:01:03.0051524Z # Subtest: equivalent plain/envelope-extracted packs and reordered object keys share an identity
2026-09-21T02:01:03.0053003Z ok 757 - equivalent plain/envelope-extracted packs and reordered object keys share an identity
2026-09-21T02:01:03.0054205Z   ---
2026-09-21T02:01:03.0054584Z   duration_ms: 12.286174
2026-09-21T02:01:03.0055386Z   ...
2026-09-21T02:01:03.0056164Z # Subtest: hashing owns a snapshot before yielding, so caller mutation cannot retarget it
2026-09-21T02:01:03.0057407Z ok 758 - hashing owns a snapshot before yielding, so caller mutation cannot retarget it
2026-09-21T02:01:03.0058108Z   ---
2026-09-21T02:01:03.0058692Z   duration_ms: 10.147994
2026-09-21T02:01:03.0059095Z   ...
2026-09-21T02:01:03.0059800Z # Subtest: theme changes affect assignment context, not gameplay pack identity
2026-09-21T02:01:03.0060949Z ok 759 - theme changes affect assignment context, not gameplay pack identity
2026-09-21T02:01:03.0061766Z   ---
2026-09-21T02:01:03.0062153Z   duration_ms: 17.080088
2026-09-21T02:01:03.0062546Z   ...
2026-09-21T02:01:03.0063358Z # Subtest: same-ID changed level and unknown level are refused before an assignment can escape
2026-09-21T02:01:03.0065027Z ok 760 - same-ID changed level and unknown level are refused before an assignment can escape
2026-09-21T02:01:03.0065889Z   ---
2026-09-21T02:01:03.0066294Z   duration_ms: 15.550555
2026-09-21T02:01:03.0066727Z   ...
2026-09-21T02:01:03.0067471Z # Subtest: invalid packs and extra historical music fields remain rejected
2026-09-21T02:01:03.0068601Z ok 761 - invalid packs and extra historical music fields remain rejected
2026-09-21T02:01:03.0069324Z   ---
2026-09-21T02:01:03.0069708Z   duration_ms: 1.028759
2026-09-21T02:01:03.0070140Z   ...
2026-09-21T02:01:03.0071016Z # Subtest: already cancelled and cancelled-during-hash contexts never return an assignment
2026-09-21T02:01:03.0072375Z ok 762 - already cancelled and cancelled-during-hash contexts never return an assignment
2026-09-21T02:01:03.0073190Z   ---
2026-09-21T02:01:03.0073554Z   duration_ms: 5.995647
2026-09-21T02:01:03.0074338Z   ...
2026-09-21T02:01:03.0075074Z # Subtest: Versus keyboard Enter ends paused Help once without resuming
2026-09-21T02:01:03.0076123Z ok 763 - Versus keyboard Enter ends paused Help once without resuming
2026-09-21T02:01:03.0076809Z   ---
2026-09-21T02:01:03.0077207Z   duration_ms: 7324.903772
2026-09-21T02:01:03.0077657Z   ...
2026-09-21T02:01:03.0078370Z # Subtest: Versus keyboard Space ends paused Help once without resuming
2026-09-21T02:01:03.0079410Z ok 764 - Versus keyboard Space ends paused Help once without resuming
2026-09-21T02:01:03.0080125Z   ---
2026-09-21T02:01:03.0080513Z   duration_ms: 6656.676013
2026-09-21T02:01:03.0080937Z   ...
2026-09-21T02:01:03.0081649Z # Subtest: Versus keyboard Escape ends paused Help once without resuming
2026-09-21T02:01:03.0082734Z ok 765 - Versus keyboard Escape ends paused Help once without resuming
2026-09-21T02:01:03.0083424Z   ---
2026-09-21T02:01:03.0084059Z   duration_ms: 5384.324347
2026-09-21T02:01:03.0084516Z   ...
2026-09-21T02:01:03.0085355Z # Subtest: Versus pointer and touch Done are stable end-only controls in lobby and pause
2026-09-21T02:01:03.0086637Z ok 766 - Versus pointer and touch Done are stable end-only controls in lobby and pause
2026-09-21T02:01:03.0087427Z   ---
2026-09-21T02:01:03.0088147Z   duration_ms: 5943.129412
2026-09-21T02:01:03.0088652Z   ...
2026-09-21T02:01:03.0089476Z # Subtest: Versus native content scrolling retains Done and the same paused attempt
2026-09-21T02:01:03.0090734Z ok 767 - Versus native content scrolling retains Done and the same paused attempt
2026-09-21T02:01:03.0091521Z   ---
2026-09-21T02:01:03.0092377Z   duration_ms: 6227.759283
2026-09-21T02:01:03.0092786Z   ...
2026-09-21T02:01:03.0093665Z # Subtest: Versus opted-in resize reveals the current reading unit without moving focus or resuming
2026-09-21T02:01:03.0095356Z ok 768 - Versus opted-in resize reveals the current reading unit without moving focus or resuming
2026-09-21T02:01:03.0096165Z   ---
2026-09-21T02:01:03.0096517Z   duration_ms: 4828.566938
2026-09-21T02:01:03.0096956Z   ...
2026-09-21T02:01:03.0097918Z # Subtest: Versus fresh input changes reading copy while an idle pad preserves keyboard ownership
2026-09-21T02:01:03.0099287Z ok 769 - Versus fresh input changes reading copy while an idle pad preserves keyboard ownership
2026-09-21T02:01:03.0100364Z   ---
2026-09-21T02:01:03.0100770Z   duration_ms: 7496.296439
2026-09-21T02:01:03.0101182Z   ...
2026-09-21T02:01:03.0102042Z # Subtest: Versus Help closure invalidates Done and terminal teardown removes reader listeners
2026-09-21T02:01:03.0103658Z ok 770 - Versus Help closure invalidates Done and terminal teardown removes reader listeners
2026-09-21T02:01:03.0105093Z   ---
2026-09-21T02:01:03.0105447Z   duration_ms: 4744.724311
2026-09-21T02:01:03.0105834Z   ...
2026-09-21T02:01:03.0106496Z # Subtest: Team keyboard Enter ends paused Help once without resuming
2026-09-21T02:01:03.0107449Z ok 771 - Team keyboard Enter ends paused Help once without resuming
2026-09-21T02:01:03.0108059Z   ---
2026-09-21T02:01:03.0108425Z   duration_ms: 2460.916482
2026-09-21T02:01:03.0108828Z   ...
2026-09-21T02:01:03.0109491Z # Subtest: Team keyboard Space ends paused Help once without resuming
2026-09-21T02:01:03.0110428Z ok 772 - Team keyboard Space ends paused Help once without resuming
2026-09-21T02:01:03.0111096Z   ---
2026-09-21T02:01:03.0111470Z   duration_ms: 2346.315505
2026-09-21T02:01:03.0111903Z   ...
2026-09-21T02:01:03.0112610Z # Subtest: Team keyboard Escape ends paused Help once without resuming
2026-09-21T02:01:03.0113611Z ok 773 - Team keyboard Escape ends paused Help once without resuming
2026-09-21T02:01:03.0114490Z   ---
2026-09-21T02:01:03.0114836Z   duration_ms: 2147.288479
2026-09-21T02:01:03.0115250Z   ...
2026-09-21T02:01:03.0116068Z # Subtest: Team pointer and touch Done are stable end-only controls in lobby and pause
2026-09-21T02:01:03.0117292Z ok 774 - Team pointer and touch Done are stable end-only controls in lobby and pause
2026-09-21T02:01:03.0118033Z   ---
2026-09-21T02:01:03.0118395Z   duration_ms: 1483.368698
2026-09-21T02:01:03.0118819Z   ...
2026-09-21T02:01:03.0119588Z # Subtest: Team native content scrolling retains Done and the same paused attempt
2026-09-21T02:01:03.0120731Z ok 775 - Team native content scrolling retains Done and the same paused attempt
2026-09-21T02:01:03.0121466Z   ---
2026-09-21T02:01:03.0121845Z   duration_ms: 992.128508
2026-09-21T02:01:03.0122267Z   ...
2026-09-21T02:01:03.0123171Z # Subtest: Team opted-in resize reveals the current reading unit without moving focus or resuming
2026-09-21T02:01:03.0125111Z ok 776 - Team opted-in resize reveals the current reading unit without moving focus or resuming
2026-09-21T02:01:03.0125990Z   ---
2026-09-21T02:01:03.0126494Z   duration_ms: 617.691753
2026-09-21T02:01:03.0126931Z   ...
2026-09-21T02:01:03.0127825Z # Subtest: Team fresh input changes reading copy while an idle pad preserves keyboard ownership
2026-09-21T02:01:03.0129173Z ok 777 - Team fresh input changes reading copy while an idle pad preserves keyboard ownership
2026-09-21T02:01:03.0130001Z   ---
2026-09-21T02:01:03.0130388Z   duration_ms: 253.289386
2026-09-21T02:01:03.0130808Z   ...
2026-09-21T02:01:03.0131689Z # Subtest: Team Help closure invalidates Done and terminal teardown removes reader listeners
2026-09-21T02:01:03.0133013Z ok 778 - Team Help closure invalidates Done and terminal teardown removes reader listeners
2026-09-21T02:01:03.0134205Z   ---
2026-09-21T02:01:03.0134593Z   duration_ms: 173.043964
2026-09-21T02:01:03.0135026Z   ...
2026-09-21T02:01:03.0136080Z # Subtest: exact published original has one decoded lease for both boards and no storage API fallback is explicit
2026-09-21T02:01:03.0137740Z ok 779 - exact published original has one decoded lease for both boards and no storage API fallback is explicit
2026-09-21T02:01:03.0138695Z   ---
2026-09-21T02:01:03.0139082Z   duration_ms: 98.563627
2026-09-21T02:01:03.0139499Z   ...
2026-09-21T02:01:03.0140531Z # Subtest: whole optional snapshot failure keeps explicit borrowed authored art, without releasing its owner
2026-09-21T02:01:03.0142130Z ok 780 - whole optional snapshot failure keeps explicit borrowed authored art, without releasing its owner
2026-09-21T02:01:03.0143054Z   ---
2026-09-21T02:01:03.0143445Z   duration_ms: 91.398854
2026-09-21T02:01:03.0144405Z   ...
2026-09-21T02:01:03.0145234Z # Subtest: valid empty media store selects release art without any media/progress writes
2026-09-21T02:01:03.0146484Z ok 781 - valid empty media store selects release art without any media/progress writes
2026-09-21T02:01:03.0147210Z   ---
2026-09-21T02:01:03.0147775Z   duration_ms: 95.050186
2026-09-21T02:01:03.0148204Z   ...
2026-09-21T02:01:03.0149078Z # Subtest: available but failing storage blocks Start and never guesses an unassigned picture
2026-09-21T02:01:03.0150421Z ok 782 - available but failing storage blocks Start and never guesses an unassigned picture
2026-09-21T02:01:03.0151205Z   ---
2026-09-21T02:01:03.0151595Z   duration_ms: 39.973861
2026-09-21T02:01:03.0152006Z   ...
2026-09-21T02:01:03.0152930Z # Subtest: explicit saved still assignment wins over current release art without any library mutation
2026-09-21T02:01:03.0154692Z ok 783 - explicit saved still assignment wins over current release art without any library mutation
2026-09-21T02:01:03.0155587Z   ---
2026-09-21T02:01:03.0155952Z   duration_ms: 1478.145432
2026-09-21T02:01:03.0156382Z   ...
2026-09-21T02:01:03.0157509Z # Subtest: manual authored replacement does not borrow a release original just because gameplay identity matches
2026-09-21T02:01:03.0159218Z ok 784 - manual authored replacement does not borrow a release original just because gameplay identity matches
2026-09-21T02:01:03.0160153Z   ---
2026-09-21T02:01:03.0160546Z   duration_ms: 63.404601
2026-09-21T02:01:03.0160958Z   ...
2026-09-21T02:01:03.0161927Z # Subtest: unknown same-ID owner, changed level revision and crossed theme cannot request release bytes
2026-09-21T02:01:03.0163429Z ok 785 - unknown same-ID owner, changed level revision and crossed theme cannot request release bytes
2026-09-21T02:01:03.0164782Z   ---
2026-09-21T02:01:03.0165156Z   duration_ms: 61.135538
2026-09-21T02:01:03.0165539Z   ...
2026-09-21T02:01:03.0166302Z # Subtest: selected release read failure blocks Start and never silently falls back
2026-09-21T02:01:03.0167446Z ok 786 - selected release read failure blocks Start and never silently falls back
2026-09-21T02:01:03.0168138Z   ---
2026-09-21T02:01:03.0168483Z   duration_ms: 57.381204
2026-09-21T02:01:03.0168893Z   ...
2026-09-21T02:01:03.0169706Z # Subtest: selected release hash failure blocks Start and never silently falls back
2026-09-21T02:01:03.0170908Z ok 787 - selected release hash failure blocks Start and never silently falls back
2026-09-21T02:01:03.0171668Z   ---
2026-09-21T02:01:03.0172051Z   duration_ms: 57.932122
2026-09-21T02:01:03.0172478Z   ...
2026-09-21T02:01:03.0173284Z # Subtest: selected release decode failure blocks Start and never silently falls back
2026-09-21T02:01:03.0174787Z ok 788 - selected release decode failure blocks Start and never silently falls back
2026-09-21T02:01:03.0175549Z   ---
2026-09-21T02:01:03.0175922Z   duration_ms: 67.859552
2026-09-21T02:01:03.0176369Z   ...
2026-09-21T02:01:03.0177244Z # Subtest: selected release dimensions failure blocks Start and never silently falls back
2026-09-21T02:01:03.0178531Z ok 789 - selected release dimensions failure blocks Start and never silently falls back
2026-09-21T02:01:03.0179343Z   ---
2026-09-21T02:01:03.0179740Z   duration_ms: 71.821471
2026-09-21T02:01:03.0180169Z   ...
2026-09-21T02:01:03.0181279Z # Subtest: same-race retry retains exact saved pin and refuses changed metadata instead of selecting the replacement
2026-09-21T02:01:03.0183002Z ok 790 - same-race retry retains exact saved pin and refuses changed metadata instead of selecting the replacement
2026-09-21T02:01:03.0184240Z   ---
2026-09-21T02:01:03.0184643Z   duration_ms: 2787.145747
2026-09-21T02:01:03.0185107Z   ...
2026-09-21T02:01:03.0185725Z # Subtest: confirm refuses a changed saved generation and a changed release snapshot without replacement reads
2026-09-21T02:01:03.0186585Z ok 791 - confirm refuses a changed saved generation and a changed release snapshot without replacement reads
2026-09-21T02:01:03.0187091Z   ---
2026-09-21T02:01:03.0187492Z   duration_ms: 120.12334
2026-09-21T02:01:03.0187716Z   ...
2026-09-21T02:01:03.0188246Z # Subtest: cancelling after an unassigned choice is captured cannot make Retry adopt a new saved assignment
2026-09-21T02:01:03.0189173Z ok 792 - cancelling after an unassigned choice is captured cannot make Retry adopt a new saved assignment
2026-09-21T02:01:03.0189651Z   ---
2026-09-21T02:01:03.0189848Z   duration_ms: 1108.497295
2026-09-21T02:01:03.0190081Z   ...
2026-09-21T02:01:03.0190545Z # Subtest: failed replacement retains the prior accepted lease until a new picture succeeds
2026-09-21T02:01:03.0191246Z ok 793 - failed replacement retains the prior accepted lease until a new picture succeeds
2026-09-21T02:01:03.0191680Z   ---
2026-09-21T02:01:03.0191877Z   duration_ms: 110.831736
2026-09-21T02:01:03.0192095Z   ...
2026-09-21T02:01:03.0192622Z # Subtest: cancel during full decode promptly releases its URL and late completion cannot replace accepted art
2026-09-21T02:01:03.0193448Z ok 794 - cancel during full decode promptly releases its URL and late completion cannot replace accepted art
2026-09-21T02:01:03.0194685Z   ---
2026-09-21T02:01:03.0195102Z   duration_ms: 92.07982
2026-09-21T02:01:03.0195526Z   ...
2026-09-21T02:01:03.0196541Z # Subtest: dispose during pending bytes suppresses late status/decode and closes only its owned resource
2026-09-21T02:01:03.0198045Z ok 795 - dispose during pending bytes suppresses late status/decode and closes only its owned resource
2026-09-21T02:01:03.0198934Z   ---
2026-09-21T02:01:03.0199284Z   duration_ms: 55.621816
2026-09-21T02:01:03.0199681Z   ...
2026-09-21T02:01:03.0200573Z # Subtest: corrupt selected saved bytes fail before decoder and do not borrow the published default
2026-09-21T02:01:03.0201962Z ok 796 - corrupt selected saved bytes fail before decoder and do not borrow the published default
2026-09-21T02:01:03.0202805Z   ---
2026-09-21T02:01:03.0203183Z   duration_ms: 896.415034
2026-09-21T02:01:03.0203608Z   ...
2026-09-21T02:01:03.0204822Z # Subtest: stale pending release cannot replace a newer selection and its later original is ignored
2026-09-21T02:01:03.0206284Z ok 797 - stale pending release cannot replace a newer selection and its later original is ignored
2026-09-21T02:01:03.0207152Z   ---
2026-09-21T02:01:03.0207534Z   duration_ms: 89.456754
2026-09-21T02:01:03.0207961Z   ...
2026-09-21T02:01:03.0209074Z # Subtest: a changed borrowed backdrop is refused after capture rather than silently replacing the prepared original
2026-09-21T02:01:03.0210779Z ok 798 - a changed borrowed backdrop is refused after capture rather than silently replacing the prepared original
2026-09-21T02:01:03.0211740Z   ---
2026-09-21T02:01:03.0212099Z   duration_ms: 75.494862
2026-09-21T02:01:03.0212494Z   ...
2026-09-21T02:01:03.0213473Z # Subtest: a reentrant status selection joins the published operation promise before starting a newer race
2026-09-21T02:01:03.0215312Z ok 799 - a reentrant status selection joins the published operation promise before starting a newer race
2026-09-21T02:01:03.0216255Z   ---
2026-09-21T02:01:03.0216627Z   duration_ms: 78.885835
2026-09-21T02:01:03.0217063Z   ...
2026-09-21T02:01:03.0218106Z # Subtest: the 51 existing static combinations resolve exact authored owners without touching gameplay records
2026-09-21T02:01:03.0219740Z ok 800 - the 51 existing static combinations resolve exact authored owners without touching gameplay records
2026-09-21T02:01:03.0220675Z   ---
2026-09-21T02:01:03.0221062Z   duration_ms: 7574.939828
2026-09-21T02:01:03.0221490Z   ...
2026-09-21T02:01:03.0222487Z # Subtest: staged static picture retains the accepted original through confirmation and explicit handoff
2026-09-21T02:01:03.0224369Z ok 801 - staged static picture retains the accepted original through confirmation and explicit handoff
2026-09-21T02:01:03.0225277Z   ---
2026-09-21T02:01:03.0225656Z   duration_ms: 68.284551
2026-09-21T02:01:03.0226071Z   ...
2026-09-21T02:01:03.0226697Z # Subtest: staged static cancel releases only its candidate
2026-09-21T02:01:03.0227967Z ok 802 - staged static cancel releases only its candidate
2026-09-21T02:01:03.0228585Z   ---
2026-09-21T02:01:03.0228986Z   duration_ms: 60.123558
2026-09-21T02:01:03.0229437Z   ...
2026-09-21T02:01:03.0230043Z # Subtest: staged static abort releases only its candidate
2026-09-21T02:01:03.0231151Z ok 803 - staged static abort releases only its candidate
2026-09-21T02:01:03.0231782Z   ---
2026-09-21T02:01:03.0232150Z   duration_ms: 64.758614
2026-09-21T02:01:03.0232551Z   ...
2026-09-21T02:01:03.0233222Z # Subtest: staged static confirmation refusal releases only its candidate
2026-09-21T02:01:03.0234477Z ok 804 - staged static confirmation refusal releases only its candidate
2026-09-21T02:01:03.0235100Z   ---
2026-09-21T02:01:03.0235436Z   duration_ms: 62.190603
2026-09-21T02:01:03.0235834Z   ...
2026-09-21T02:01:03.0236594Z # Subtest: cancelled pending static stage cannot release Results or replace a later stage
2026-09-21T02:01:03.0237792Z ok 805 - cancelled pending static stage cannot release Results or replace a later stage
2026-09-21T02:01:03.0238526Z   ---
2026-09-21T02:01:03.0238853Z   duration_ms: 84.438586
2026-09-21T02:01:03.0239227Z   ...
2026-09-21T02:01:03.0239951Z # Subtest: static staged ready callback cancel cannot publish or leak a candidate
2026-09-21T02:01:03.0241019Z ok 806 - static staged ready callback cancel cannot publish or leak a candidate
2026-09-21T02:01:03.0241683Z   ---
2026-09-21T02:01:03.0242021Z   duration_ms: 73.782007
2026-09-21T02:01:03.0242402Z   ...
2026-09-21T02:01:03.0243124Z # Subtest: static staged ready callback dispose cannot publish or leak a candidate
2026-09-21T02:01:03.0244532Z ok 807 - static staged ready callback dispose cannot publish or leak a candidate
2026-09-21T02:01:03.0245289Z   ---
2026-09-21T02:01:03.0245666Z   duration_ms: 57.297947
2026-09-21T02:01:03.0246102Z   ...
2026-09-21T02:01:03.0246988Z # Subtest: static final context callback cancellation refuses adoption after its last reader
2026-09-21T02:01:03.0248344Z ok 808 - static final context callback cancellation refuses adoption after its last reader
2026-09-21T02:01:03.0249179Z   ---
2026-09-21T02:01:03.0249568Z   duration_ms: 65.64113
2026-09-21T02:01:03.0249989Z   ...
2026-09-21T02:01:03.0250907Z # Subtest: static previous-image cleanup sees the adopted owner and disposal releases both once
2026-09-21T02:01:03.0252327Z ok 809 - static previous-image cleanup sees the adopted owner and disposal releases both once
2026-09-21T02:01:03.0253157Z   ---
2026-09-21T02:01:03.0253536Z   duration_ms: 60.9773
2026-09-21T02:01:03.0255043Z   ...
2026-09-21T02:01:03.0255999Z # Subtest: static disposal also retires a committed prior lease if its host handoff is interrupted
2026-09-21T02:01:03.0257526Z ok 810 - static disposal also retires a committed prior lease if its host handoff is interrupted
2026-09-21T02:01:03.0258411Z   ---
2026-09-21T02:01:03.0258801Z   duration_ms: 62.66051
2026-09-21T02:01:03.0259227Z   ...
2026-09-21T02:01:03.0260149Z # Subtest: immediate: live lesson choice Stay preserves the exact cut and returns to its selector
2026-09-21T02:01:03.0261571Z ok 811 - immediate: live lesson choice Stay preserves the exact cut and returns to its selector
2026-09-21T02:01:03.0262413Z   ---
2026-09-21T02:01:03.0262801Z   duration_ms: 5364.150419
2026-09-21T02:01:03.0263232Z   ...
2026-09-21T02:01:03.0264430Z # Subtest: immediate: live lesson choice Escape preserves the exact cut and returns to its selector
2026-09-21T02:01:03.0265884Z ok 812 - immediate: live lesson choice Escape preserves the exact cut and returns to its selector
2026-09-21T02:01:03.0266737Z   ---
2026-09-21T02:01:03.0267101Z   duration_ms: 4916.035947
2026-09-21T02:01:03.0267526Z   ...
2026-09-21T02:01:03.0268519Z # Subtest: immediate: live lesson choice controller preserves the exact cut and returns to its selector
2026-09-21T02:01:03.0270038Z ok 813 - immediate: live lesson choice controller preserves the exact cut and returns to its selector
2026-09-21T02:01:03.0270937Z   ---
2026-09-21T02:01:03.0271322Z   duration_ms: 5537.229913
2026-09-21T02:01:03.0272051Z   ...
2026-09-21T02:01:03.0272989Z # Subtest: grid-center: live lesson choice Stay preserves the exact cut and returns to its selector
2026-09-21T02:01:03.0274746Z ok 814 - grid-center: live lesson choice Stay preserves the exact cut and returns to its selector
2026-09-21T02:01:03.0275623Z   ---
2026-09-21T02:01:03.0276238Z   duration_ms: 4873.944709
2026-09-21T02:01:03.0276711Z   ...
2026-09-21T02:01:03.0277657Z # Subtest: grid-center: live lesson choice Escape preserves the exact cut and returns to its selector
2026-09-21T02:01:03.0279117Z ok 815 - grid-center: live lesson choice Escape preserves the exact cut and returns to its selector
2026-09-21T02:01:03.0279985Z   ---
2026-09-21T02:01:03.0280384Z   duration_ms: 3624.207547
2026-09-21T02:01:03.0280814Z   ...
2026-09-21T02:01:03.0281803Z # Subtest: grid-center: live lesson choice controller preserves the exact cut and returns to its selector
2026-09-21T02:01:03.0283351Z ok 816 - grid-center: live lesson choice controller preserves the exact cut and returns to its selector
2026-09-21T02:01:03.0284584Z   ---
2026-09-21T02:01:03.0284968Z   duration_ms: 4369.500597
2026-09-21T02:01:03.0285409Z   ...
2026-09-21T02:01:03.0286361Z # Subtest: immediate: only Prepare adopts the requested lesson, paused at tick zero without awards
2026-09-21T02:01:03.0287818Z ok 817 - immediate: only Prepare adopts the requested lesson, paused at tick zero without awards
2026-09-21T02:01:03.0288667Z   ---
2026-09-21T02:01:03.0289029Z   duration_ms: 5315.11521
2026-09-21T02:01:03.0289439Z   ...
2026-09-21T02:01:03.0290344Z # Subtest: grid-center: only Prepare adopts the requested lesson, paused at tick zero without awards
2026-09-21T02:01:03.0291832Z ok 818 - grid-center: only Prepare adopts the requested lesson, paused at tick zero without awards
2026-09-21T02:01:03.0292693Z   ---
2026-09-21T02:01:03.0293046Z   duration_ms: 4237.673042
2026-09-21T02:01:03.0293464Z   ...
2026-09-21T02:01:03.0294246Z # Subtest: same lesson selection in ready is inert
2026-09-21T02:01:03.0295004Z ok 819 - same lesson selection in ready is inert
2026-09-21T02:01:03.0295556Z   ---
2026-09-21T02:01:03.0295921Z   duration_ms: 831.137556
2026-09-21T02:01:03.0296327Z   ...
2026-09-21T02:01:03.0296896Z # Subtest: same lesson selection in flight is inert
2026-09-21T02:01:03.0297686Z ok 820 - same lesson selection in flight is inert
2026-09-21T02:01:03.0298231Z   ---
2026-09-21T02:01:03.0298627Z   duration_ms: 2418.335022
2026-09-21T02:01:03.0299043Z   ...
2026-09-21T02:01:03.0299807Z # Subtest: fresh Ready choice remains direct; unknown lesson cannot replace it
2026-09-21T02:01:03.0300921Z ok 821 - fresh Ready choice remains direct; unknown lesson cannot replace it
2026-09-21T02:01:03.0301667Z   ---
2026-09-21T02:01:03.0302013Z   duration_ms: 1439.791837
2026-09-21T02:01:03.0302395Z   ...
2026-09-21T02:01:03.0303436Z # Subtest: pending choice cannot be bypassed by Skip or Exit; cancelled choice releases those deliberate actions
2026-09-21T02:01:03.0305267Z ok 822 - pending choice cannot be bypassed by Skip or Exit; cancelled choice releases those deliberate actions
2026-09-21T02:01:03.0306173Z   ---
2026-09-21T02:01:03.0306543Z   duration_ms: 2994.478465
2026-09-21T02:01:03.0306955Z   ...
2026-09-21T02:01:03.0307808Z # Subtest: page departure invalidates a pending lesson choice before a delayed Confirm can act
2026-09-21T02:01:03.0309150Z ok 823 - page departure invalidates a pending lesson choice before a delayed Confirm can act
2026-09-21T02:01:03.0309940Z   ---
2026-09-21T02:01:03.0310287Z   duration_ms: 2506.650217
2026-09-21T02:01:03.0310678Z   ...
2026-09-21T02:01:03.0311820Z # Subtest: Dawn example deterministically retains the exact owned movie and fully decoded final PNG for the real base-game identity
2026-09-21T02:01:03.0313661Z ok 824 - Dawn example deterministically retains the exact owned movie and fully decoded final PNG for the real base-game identity
2026-09-21T02:01:03.0315051Z   ---
2026-09-21T02:01:03.0315401Z   duration_ms: 2135.565676
2026-09-21T02:01:03.0315800Z   ...
2026-09-21T02:01:03.0317231Z # Subtest: CLI pair restores to a fresh modeled v4 store only after poster review, then re-exports exact originals and immutable binding
2026-09-21T02:01:03.0319098Z ok 825 - CLI pair restores to a fresh modeled v4 store only after poster review, then re-exports exact originals and immutable binding
2026-09-21T02:01:03.0320276Z   ---
2026-09-21T02:01:03.0320637Z   duration_ms: 8249.246876
2026-09-21T02:01:03.0321025Z   ...
2026-09-21T02:01:03.0321919Z # Subtest: changed PNG/movie originals fail byte verification rather than gaining candidate authority
2026-09-21T02:01:03.0323323Z ok 826 - changed PNG/movie originals fail byte verification rather than gaining candidate authority
2026-09-21T02:01:03.0324427Z   ---
2026-09-21T02:01:03.0324773Z   duration_ms: 464.824869
2026-09-21T02:01:03.0325157Z   ...
2026-09-21T02:01:03.0326061Z # Subtest: candidate output is exclusive and rejects a symlink parent before any outside file creation
2026-09-21T02:01:03.0327470Z ok 827 - candidate output is exclusive and rejects a symlink parent before any outside file creation
2026-09-21T02:01:03.0328317Z   ---
2026-09-21T02:01:03.0328670Z   duration_ms: 5653.758313
2026-09-21T02:01:03.0329066Z   ...
2026-09-21T02:01:03.0330151Z # Subtest: immediate: active and paused live-cut preference changes preserve the actual run, recorder and raw saved slot
2026-09-21T02:01:03.0331834Z ok 828 - immediate: active and paused live-cut preference changes preserve the actual run, recorder and raw saved slot
2026-09-21T02:01:03.0332766Z   ---
2026-09-21T02:01:03.0333097Z   duration_ms: 7102.896407
2026-09-21T02:01:03.0333479Z   ...
2026-09-21T02:01:03.0334868Z # Subtest: immediate: recovery preference changes cannot replace the run or save, and Resume retains its recovery
2026-09-21T02:01:03.0336530Z ok 829 - immediate: recovery preference changes cannot replace the run or save, and Resume retains its recovery
2026-09-21T02:01:03.0337510Z   ---
2026-09-21T02:01:03.0337894Z   duration_ms: 21838.033582
2026-09-21T02:01:03.0338338Z   ...
2026-09-21T02:01:03.0339358Z # Subtest: immediate: saved Gentle loads paused with its exact key while Standard remains the next preference
2026-09-21T02:01:03.0340953Z ok 830 - immediate: saved Gentle loads paused with its exact key while Standard remains the next preference
2026-09-21T02:01:03.0341860Z   ---
2026-09-21T02:01:03.0342257Z   duration_ms: 3269.911789
2026-09-21T02:01:03.0342710Z   ...
2026-09-21T02:01:03.0344187Z # Subtest: grid-center: active and paused live-cut preference changes preserve the actual run, recorder and raw saved slot
2026-09-21T02:01:03.0346029Z ok 831 - grid-center: active and paused live-cut preference changes preserve the actual run, recorder and raw saved slot
2026-09-21T02:01:03.0347060Z   ---
2026-09-21T02:01:03.0347455Z   duration_ms: 4825.771463
2026-09-21T02:01:03.0347885Z   ...
2026-09-21T02:01:03.0348964Z # Subtest: grid-center: recovery preference changes cannot replace the run or save, and Resume retains its recovery
2026-09-21T02:01:03.0350869Z ok 832 - grid-center: recovery preference changes cannot replace the run or save, and Resume retains its recovery
2026-09-21T02:01:03.0351860Z   ---
2026-09-21T02:01:03.0352244Z   duration_ms: 16420.339748
2026-09-21T02:01:03.0352673Z   ...
2026-09-21T02:01:03.0353966Z # Subtest: grid-center: saved Gentle loads paused with its exact key while Standard remains the next preference
2026-09-21T02:01:03.0355627Z ok 833 - grid-center: saved Gentle loads paused with its exact key while Standard remains the next preference
2026-09-21T02:01:03.0356560Z   ---
2026-09-21T02:01:03.0356934Z   duration_ms: 2573.496858
2026-09-21T02:01:03.0357435Z   ...
2026-09-21T02:01:03.0358391Z # Subtest: actual preference handler adopts the three-way merged saved value before preparing Ready
2026-09-21T02:01:03.0359860Z ok 834 - actual preference handler adopts the three-way merged saved value before preparing Ready
2026-09-21T02:01:03.0360741Z   ---
2026-09-21T02:01:03.0361124Z   duration_ms: 873.691037
2026-09-21T02:01:03.0361543Z   ...
2026-09-21T02:01:03.0362713Z # Subtest: a legally lost Standard attempt retries through the result button into fresh Gentle
2026-09-21T02:01:03.0364433Z ok 835 - a legally lost Standard attempt retries through the result button into fresh Gentle
2026-09-21T02:01:03.0365214Z   ---
2026-09-21T02:01:03.0365577Z   duration_ms: 54464.228779
2026-09-21T02:01:03.0366194Z   ...
2026-09-21T02:01:03.0367109Z # Subtest: replacing a two-chapter pack retains the active Gentle chapter and applies the next mode
2026-09-21T02:01:03.0368483Z ok 836 - replacing a two-chapter pack retains the active Gentle chapter and applies the next mode
2026-09-21T02:01:03.0369287Z   ---
2026-09-21T02:01:03.0369623Z   duration_ms: 5668.269449
2026-09-21T02:01:03.0370007Z   ...
2026-09-21T02:01:03.0370936Z # Subtest: ordinary practice selecting an authored campaign ignores saved Gentle and cannot award or save
2026-09-21T02:01:03.0372404Z ok 837 - ordinary practice selecting an authored campaign ignores saved Gentle and cannot award or save
2026-09-21T02:01:03.0373414Z   ---
2026-09-21T02:01:03.0374153Z   duration_ms: 31328.928135
2026-09-21T02:01:03.0374613Z   ...
2026-09-21T02:01:03.0375484Z # Subtest: immediate: shared display edits preserve the actual paused Solo cut and replay
2026-09-21T02:01:03.0376760Z ok 838 - immediate: shared display edits preserve the actual paused Solo cut and replay
2026-09-21T02:01:03.0377500Z   ---
2026-09-21T02:01:03.0377839Z   duration_ms: 5023.437772
2026-09-21T02:01:03.0378224Z   ...
2026-09-21T02:01:03.0379041Z # Subtest: grid-center: shared display edits preserve the actual paused Solo cut and replay
2026-09-21T02:01:03.0380279Z ok 839 - grid-center: shared display edits preserve the actual paused Solo cut and replay
2026-09-21T02:01:03.0381003Z   ---
2026-09-21T02:01:03.0381336Z   duration_ms: 5025.208146
2026-09-21T02:01:03.0381716Z   ...
2026-09-21T02:01:03.0382575Z # Subtest: Solo to Team to Versus and back restores one display record without Couch profile writes
2026-09-21T02:01:03.0383544Z     # Subtest: Solo explicitly opts into the shared record
2026-09-21T02:01:03.0384515Z     ok 1 - Solo explicitly opts into the shared record
2026-09-21T02:01:03.0385047Z       ---
2026-09-21T02:01:03.0385431Z       duration_ms: 1541.474644
2026-09-21T02:01:03.0385833Z       ...
2026-09-21T02:01:03.0386369Z     # Subtest: Team adopts and edits from its real paused Options
2026-09-21T02:01:03.0387137Z     ok 2 - Team adopts and edits from its real paused Options
2026-09-21T02:01:03.0388037Z       ---
2026-09-21T02:01:03.0388480Z       duration_ms: 1135.960215
2026-09-21T02:01:03.0388933Z       ...
2026-09-21T02:01:03.0389690Z     # Subtest: Versus adopts, exposes controls to keyboard and changes only display state
2026-09-21T02:01:03.0390850Z     ok 3 - Versus adopts, exposes controls to keyboard and changes only display state
2026-09-21T02:01:03.0391636Z       ---
2026-09-21T02:01:03.0392078Z       duration_ms: 5810.593951
2026-09-21T02:01:03.0392533Z       ...
2026-09-21T02:01:03.0393181Z     # Subtest: fresh Solo prefers the shared record over its older profile
2026-09-21T02:01:03.0394455Z     ok 4 - fresh Solo prefers the shared record over its older profile
2026-09-21T02:01:03.0395114Z       ---
2026-09-21T02:01:03.0395477Z       duration_ms: 877.80982
2026-09-21T02:01:03.0395902Z       ...
2026-09-21T02:01:03.0396228Z     1..4
2026-09-21T02:01:03.0397110Z ok 840 - Solo to Team to Versus and back restores one display record without Couch profile writes
2026-09-21T02:01:03.0397932Z   ---
2026-09-21T02:01:03.0398286Z   duration_ms: 9368.487101
2026-09-21T02:01:03.0398670Z   ...
2026-09-21T02:01:03.0399647Z # Subtest: Team system reduction preserves a raw false choice and a denied shared save stays session-only
2026-09-21T02:01:03.0401217Z ok 841 - Team system reduction preserves a raw false choice and a denied shared save stays session-only
2026-09-21T02:01:03.0402107Z   ---
2026-09-21T02:01:03.0402494Z   duration_ms: 125.763254
2026-09-21T02:01:03.0402941Z   ...
2026-09-21T02:01:03.0404252Z # Subtest: Versus controller selects the real display control without replacing or starting the duel
2026-09-21T02:01:03.0406014Z ok 842 - Versus controller selects the real display control without replacing or starting the duel
2026-09-21T02:01:03.0406897Z   ---
2026-09-21T02:01:03.0407263Z   duration_ms: 5194.765552
2026-09-21T02:01:03.0407673Z   ...
2026-09-21T02:01:03.0408677Z # Subtest: version defaults retain the old public ruleset and exact legacy pair
2026-09-21T02:01:03.0409842Z ok 843 - version defaults retain the old public ruleset and exact legacy pair
2026-09-21T02:01:03.0410530Z   ---
2026-09-21T02:01:03.0410919Z   duration_ms: 2.795225
2026-09-21T02:01:03.0411332Z   ...
2026-09-21T02:01:03.0412081Z # Subtest: every explicit selector selects only its complete supported pair
2026-09-21T02:01:03.0413174Z ok 844 - every explicit selector selects only its complete supported pair
2026-09-21T02:01:03.0414243Z   ---
2026-09-21T02:01:03.0414617Z   duration_ms: 1.553438
2026-09-21T02:01:03.0415026Z   ...
2026-09-21T02:01:03.0415941Z # Subtest: version dispatch rejects malformed, unknown, inherited and accessor input atomically
2026-09-21T02:01:03.0417335Z ok 845 - version dispatch rejects malformed, unknown, inherited and accessor input atomically
2026-09-21T02:01:03.0434355Z   ---
2026-09-21T02:01:03.0434790Z   duration_ms: 0.674118
2026-09-21T02:01:03.0435198Z   ...
2026-09-21T02:01:03.0435983Z # Subtest: campaign dispatch requires a nonempty dense uniformly versioned map list
2026-09-21T02:01:03.0437185Z ok 846 - campaign dispatch requires a nonempty dense uniformly versioned map list
2026-09-21T02:01:03.0437902Z   ---
2026-09-21T02:01:03.0438241Z   duration_ms: 0.607423
2026-09-21T02:01:03.0438627Z   ...
2026-09-21T02:01:03.0439985Z # Subtest: first-signal/signal-01/interceptor/immediate: new version branch leaves frozen old normalization, state shape, events and checkpoints exact
2026-09-21T02:01:03.0442170Z ok 847 - first-signal/signal-01/interceptor/immediate: new version branch leaves frozen old normalization, state shape, events and checkpoints exact
2026-09-21T02:01:03.0454782Z   ---
2026-09-21T02:01:03.0455186Z   duration_ms: 67.858225
2026-09-21T02:01:03.0455627Z   ...
2026-09-21T02:01:03.0457046Z # Subtest: first-signal/signal-01/interceptor/grid-center: new version branch leaves frozen old normalization, state shape, events and checkpoints exact
2026-09-21T02:01:03.0459404Z ok 848 - first-signal/signal-01/interceptor/grid-center: new version branch leaves frozen old normalization, state shape, events and checkpoints exact
2026-09-21T02:01:03.0460625Z   ---
2026-09-21T02:01:03.0460985Z   duration_ms: 55.98904
2026-09-21T02:01:03.0461388Z   ...
2026-09-21T02:01:03.0462761Z # Subtest: homeward-skies/homeward-01/fiber/immediate: new version branch leaves frozen old normalization, state shape, events and checkpoints exact
2026-09-21T02:01:03.0465258Z ok 849 - homeward-skies/homeward-01/fiber/immediate: new version branch leaves frozen old normalization, state shape, events and checkpoints exact
2026-09-21T02:01:03.0466439Z   ---
2026-09-21T02:01:03.0466804Z   duration_ms: 114.304916
2026-09-21T02:01:03.0467207Z   ...
2026-09-21T02:01:03.0468493Z # Subtest: homeward-skies/homeward-01/fiber/grid-center: new version branch leaves frozen old normalization, state shape, events and checkpoints exact
2026-09-21T02:01:03.0470741Z ok 850 - homeward-skies/homeward-01/fiber/grid-center: new version branch leaves frozen old normalization, state shape, events and checkpoints exact
2026-09-21T02:01:03.0471943Z   ---
2026-09-21T02:01:03.0472334Z   duration_ms: 76.718405
2026-09-21T02:01:03.0472755Z   ...
2026-09-21T02:01:03.0474394Z # Subtest: homeward-skies/homeward-01/interceptor/immediate: new version branch leaves frozen old normalization, state shape, events and checkpoints exact
2026-09-21T02:01:03.0476748Z ok 851 - homeward-skies/homeward-01/interceptor/immediate: new version branch leaves frozen old normalization, state shape, events and checkpoints exact
2026-09-21T02:01:03.0478007Z   ---
2026-09-21T02:01:03.0478384Z   duration_ms: 185.961813
2026-09-21T02:01:03.0479130Z   ...
2026-09-21T02:01:03.0480581Z # Subtest: homeward-skies/homeward-01/interceptor/grid-center: new version branch leaves frozen old normalization, state shape, events and checkpoints exact
2026-09-21T02:01:03.0483154Z ok 852 - homeward-skies/homeward-01/interceptor/grid-center: new version branch leaves frozen old normalization, state shape, events and checkpoints exact
2026-09-21T02:01:03.0484516Z   ---
2026-09-21T02:01:03.0484741Z   duration_ms: 61.490778
2026-09-21T02:01:03.0484987Z   ...
2026-09-21T02:01:03.0485753Z # Subtest: homeward-skies/homeward-02/bomber/grid-center: new version branch leaves frozen old normalization, state shape, events and checkpoints exact
2026-09-21T02:01:03.0486951Z ok 853 - homeward-skies/homeward-02/bomber/grid-center: new version branch leaves frozen old normalization, state shape, events and checkpoints exact
2026-09-21T02:01:03.0487585Z   ---
2026-09-21T02:01:03.0487788Z   duration_ms: 48.355488
2026-09-21T02:01:03.0488005Z   ...
2026-09-21T02:01:03.0488719Z # Subtest: homeward-skies/homeward-03/impact/immediate: new version branch leaves frozen old normalization, state shape, events and checkpoints exact
2026-09-21T02:01:03.0489872Z ok 854 - homeward-skies/homeward-03/impact/immediate: new version branch leaves frozen old normalization, state shape, events and checkpoints exact
2026-09-21T02:01:03.0490488Z   ---
2026-09-21T02:01:03.0490677Z   duration_ms: 78.61312
2026-09-21T02:01:03.0490893Z   ...
2026-09-21T02:01:03.0491621Z # Subtest: first-signal/signal-07/interceptor/grid-center: new version branch leaves frozen old normalization, state shape, events and checkpoints exact
2026-09-21T02:01:03.0492831Z ok 855 - first-signal/signal-07/interceptor/grid-center: new version branch leaves frozen old normalization, state shape, events and checkpoints exact
2026-09-21T02:01:03.0493479Z   ---
2026-09-21T02:01:03.0493676Z   duration_ms: 41.108417
2026-09-21T02:01:03.0494311Z   ...
2026-09-21T02:01:03.0495073Z # Subtest: mission requirements come from encounter rules, not authored prose
2026-09-21T02:01:03.0496114Z ok 856 - mission requirements come from encounter rules, not authored prose
2026-09-21T02:01:03.0496821Z   ---
2026-09-21T02:01:03.0497181Z   duration_ms: 2.260718
2026-09-21T02:01:03.0497573Z   ...
2026-09-21T02:01:03.0498367Z # Subtest: immediate: visible cues follow actual legal-input phases and cut progress
2026-09-21T02:01:03.0499557Z ok 857 - immediate: visible cues follow actual legal-input phases and cut progress
2026-09-21T02:01:03.0500287Z   ---
2026-09-21T02:01:03.0500635Z   duration_ms: 88.499312
2026-09-21T02:01:03.0501034Z   ...
2026-09-21T02:01:03.0501828Z # Subtest: grid-center: visible cues follow actual legal-input phases and cut progress
2026-09-21T02:01:03.0503015Z ok 858 - grid-center: visible cues follow actual legal-input phases and cut progress
2026-09-21T02:01:03.0503963Z   ---
2026-09-21T02:01:03.0504340Z   duration_ms: 75.844655
2026-09-21T02:01:03.0504737Z   ...
2026-09-21T02:01:03.0505454Z # Subtest: no encounter leaves the legacy view empty and old tension unchanged
2026-09-21T02:01:03.0506547Z ok 859 - no encounter leaves the legacy view empty and old tension unchanged
2026-09-21T02:01:03.0507225Z   ---
2026-09-21T02:01:03.0507570Z   duration_ms: 0.421115
2026-09-21T02:01:03.0507958Z   ...
2026-09-21T02:01:03.0508828Z # Subtest: a terminal failed run cannot advertise a live opening countdown or remaining action
2026-09-21T02:01:03.0510131Z ok 860 - a terminal failed run cannot advertise a live opening countdown or remaining action
2026-09-21T02:01:03.0510901Z   ---
2026-09-21T02:01:03.0511255Z   duration_ms: 116.600243
2026-09-21T02:01:03.0511658Z   ...
2026-09-21T02:01:03.0512619Z # Subtest: catalog data is owned, strict and separate from run authority; selection never filters live actors
2026-09-21T02:01:03.0514323Z ok 861 - catalog data is owned, strict and separate from run authority; selection never filters live actors
2026-09-21T02:01:03.0515203Z   ---
2026-09-21T02:01:03.0515560Z   duration_ms: 26.225479
2026-09-21T02:01:03.0516381Z   ...
2026-09-21T02:01:03.0517162Z # Subtest: fpv: seven role body geometries differ before badges, with the same colors
2026-09-21T02:01:03.0531628Z ok 862 - fpv: seven role body geometries differ before badges, with the same colors
2026-09-21T02:01:03.0532420Z   ---
2026-09-21T02:01:03.0533027Z   duration_ms: 3.089254
2026-09-21T02:01:03.0533434Z   ...
2026-09-21T02:01:03.0534498Z # Subtest: ukraine: seven role body geometries differ before badges, with the same colors
2026-09-21T02:01:03.0535727Z ok 863 - ukraine: seven role body geometries differ before badges, with the same colors
2026-09-21T02:01:03.0536457Z   ---
2026-09-21T02:01:03.0536802Z   duration_ms: 1.28117
2026-09-21T02:01:03.0537186Z   ...
2026-09-21T02:01:03.0537957Z # Subtest: retro: seven role body geometries differ before badges, with the same colors
2026-09-21T02:01:03.0539107Z ok 864 - retro: seven role body geometries differ before badges, with the same colors
2026-09-21T02:01:03.0539812Z   ---
2026-09-21T02:01:03.0540155Z   duration_ms: 0.463164
2026-09-21T02:01:03.0540530Z   ...
2026-09-21T02:01:03.0541299Z # Subtest: coupa: seven role body geometries differ before badges, with the same colors
2026-09-21T02:01:03.0542423Z ok 865 - coupa: seven role body geometries differ before badges, with the same colors
2026-09-21T02:01:03.0543118Z   ---
2026-09-21T02:01:03.0543451Z   duration_ms: 0.690889
2026-09-21T02:01:03.0544391Z   ...
2026-09-21T02:01:03.0545178Z # Subtest: fpv: all seven catalog practice routes validate and execute ordinary inputs
2026-09-21T02:01:03.0546328Z ok 866 - fpv: all seven catalog practice routes validate and execute ordinary inputs
2026-09-21T02:01:03.0547054Z   ---
2026-09-21T02:01:03.0547397Z   duration_ms: 82.845085
2026-09-21T02:01:03.0547784Z   ...
2026-09-21T02:01:03.0548607Z # Subtest: ukraine: all seven catalog practice routes validate and execute ordinary inputs
2026-09-21T02:01:03.0549833Z ok 867 - ukraine: all seven catalog practice routes validate and execute ordinary inputs
2026-09-21T02:01:03.0550574Z   ---
2026-09-21T02:01:03.0550910Z   duration_ms: 60.999087
2026-09-21T02:01:03.0551301Z   ...
2026-09-21T02:01:03.0552072Z # Subtest: retro: all seven catalog practice routes validate and execute ordinary inputs
2026-09-21T02:01:03.0553236Z ok 868 - retro: all seven catalog practice routes validate and execute ordinary inputs
2026-09-21T02:01:03.0554150Z   ---
2026-09-21T02:01:03.0556419Z   duration_ms: 34.135276
2026-09-21T02:01:03.0556835Z   ...
2026-09-21T02:01:03.0557715Z # Subtest: coupa: all seven catalog practice routes validate and execute ordinary inputs
2026-09-21T02:01:03.0558917Z ok 869 - coupa: all seven catalog practice routes validate and execute ordinary inputs
2026-09-21T02:01:03.0559637Z   ---
2026-09-21T02:01:03.0559988Z   duration_ms: 47.97621
2026-09-21T02:01:03.0560363Z   ...
2026-09-21T02:01:03.0561425Z # Subtest: selected procedural skins alter body family, while a custom role image and collision radius remain independent
2026-09-21T02:01:03.0563097Z ok 870 - selected procedural skins alter body family, while a custom role image and collision radius remain independent
2026-09-21T02:01:03.0564269Z   ---
2026-09-21T02:01:03.0564609Z   duration_ms: 1.285128
2026-09-21T02:01:03.0564993Z   ...
2026-09-21T02:01:03.0566006Z # Subtest: four pixel pickup glyphs keep dark plates and original type badges in inverted and ordinary palettes
2026-09-21T02:01:03.0567567Z ok 871 - four pixel pickup glyphs keep dark plates and original type badges in inverted and ordinary palettes
2026-09-21T02:01:03.0568450Z   ---
2026-09-21T02:01:03.0568809Z   duration_ms: 1.175403
2026-09-21T02:01:03.0569192Z   ...
2026-09-21T02:01:03.0570149Z # Subtest: contact pickups copy positions before collection disappears; current timers read fixed ticks
2026-09-21T02:01:03.0571609Z ok 872 - contact pickups copy positions before collection disappears; current timers read fixed ticks
2026-09-21T02:01:03.0572483Z   ---
2026-09-21T02:01:03.0572835Z   duration_ms: 33.451263
2026-09-21T02:01:03.0573246Z   ...
2026-09-21T02:01:03.0574887Z # Subtest: failure feedback stays at the failed tick, never later respawn; reduced effects still explain loss and recovery
2026-09-21T02:01:03.0576584Z ok 873 - failure feedback stays at the failed tick, never later respawn; reduced effects still explain loss and recovery
2026-09-21T02:01:03.0577534Z   ---
2026-09-21T02:01:03.0578075Z   duration_ms: 2.272219
2026-09-21T02:01:03.0578488Z   ...
2026-09-21T02:01:03.0579542Z # Subtest: real line strike projects authoritative front positions unchanged under repeated pause/reduced painting
2026-09-21T02:01:03.0581184Z ok 874 - real line strike projects authoritative front positions unchanged under repeated pause/reduced painting
2026-09-21T02:01:03.0582111Z   ---
2026-09-21T02:01:03.0582468Z   duration_ms: 40.810047
2026-09-21T02:01:03.0582866Z   ...
2026-09-21T02:01:03.0583966Z # Subtest: painter event feedback is bounded and frozen by pause; rendering cannot change authority
2026-09-21T02:01:03.0585377Z ok 875 - painter event feedback is bounded and frozen by pause; rendering cannot change authority
2026-09-21T02:01:03.0586215Z   ---
2026-09-21T02:01:03.0586569Z   duration_ms: 44.296735
2026-09-21T02:01:03.0586964Z   ...
2026-09-21T02:01:03.0587799Z # Subtest: seven exact source identities bind independent bodies including both boss slots
2026-09-21T02:01:03.0589069Z ok 876 - seven exact source identities bind independent bodies including both boss slots
2026-09-21T02:01:03.0589832Z   ---
2026-09-21T02:01:03.0590183Z   duration_ms: 6.907989
2026-09-21T02:01:03.0590571Z   ...
2026-09-21T02:01:03.0591467Z # Subtest: uploads retain precedence, resolved skins scope defaults and unknown types stay neutral
2026-09-21T02:01:03.0592865Z ok 877 - uploads retain precedence, resolved skins scope defaults and unknown types stay neutral
2026-09-21T02:01:03.0593683Z   ---
2026-09-21T02:01:03.0594284Z   duration_ms: 3.427996
2026-09-21T02:01:03.0594682Z   ...
2026-09-21T02:01:03.0595449Z # Subtest: registry snapshot rejects accessors and detaches its finite frozen data
2026-09-21T02:01:03.0596610Z ok 878 - registry snapshot rejects accessors and detaches its finite frozen data
2026-09-21T02:01:03.0597323Z   ---
2026-09-21T02:01:03.0597682Z   duration_ms: 2.491138
2026-09-21T02:01:03.0598065Z   ...
2026-09-21T02:01:03.0598878Z # Subtest: wrong identity types, foreign paths, type aliases and unbounded motion refuse
2026-09-21T02:01:03.0600108Z ok 879 - wrong identity types, foreign paths, type aliases and unbounded motion refuse
2026-09-21T02:01:03.0600855Z   ---
2026-09-21T02:01:03.0601204Z   duration_ms: 16.023025
2026-09-21T02:01:03.0601614Z   ...
2026-09-21T02:01:03.0602542Z # Subtest: manual equipment prompts follow selected craft and actual supply availability: pads false
2026-09-21T02:01:03.0604288Z ok 880 - manual equipment prompts follow selected craft and actual supply availability: pads false
2026-09-21T02:01:03.0605146Z   ---
2026-09-21T02:01:03.0605503Z   duration_ms: 2419.983329
2026-09-21T02:01:03.0605908Z   ...
2026-09-21T02:01:03.0606836Z # Subtest: manual equipment prompts follow selected craft and actual supply availability: pads true
2026-09-21T02:01:03.0608249Z ok 881 - manual equipment prompts follow selected craft and actual supply availability: pads true
2026-09-21T02:01:03.0609063Z   ---
2026-09-21T02:01:03.0609402Z   duration_ms: 1804.997095
2026-09-21T02:01:03.0609803Z   ...
2026-09-21T02:01:03.0610712Z # Subtest: craft switching follows actual roster and hangars through button, G and controller: tactical
2026-09-21T02:01:03.0612129Z ok 882 - craft switching follows actual roster and hangars through button, G and controller: tactical
2026-09-21T02:01:03.0612962Z   ---
2026-09-21T02:01:03.0613298Z   duration_ms: 5809.154919
2026-09-21T02:01:03.0613908Z   ...
2026-09-21T02:01:03.0614960Z # Subtest: craft switching follows actual roster and hangars through button, G and controller: tactical-no-hangar
2026-09-21T02:01:03.0616572Z ok 883 - craft switching follows actual roster and hangars through button, G and controller: tactical-no-hangar
2026-09-21T02:01:03.0617706Z   ---
2026-09-21T02:01:03.0618060Z   duration_ms: 3406.389474
2026-09-21T02:01:03.0618454Z   ...
2026-09-21T02:01:03.0619324Z # Subtest: craft switching follows actual roster and hangars through button, G and controller: r5
2026-09-21T02:01:03.0620931Z ok 884 - craft switching follows actual roster and hangars through button, G and controller: r5
2026-09-21T02:01:03.0621750Z   ---
2026-09-21T02:01:03.0622090Z   duration_ms: 13427.373537
2026-09-21T02:01:03.0622489Z   ...
2026-09-21T02:01:03.0623476Z # Subtest: craft switching follows actual roster and hangars through button, G and controller: one-craft-hangar
2026-09-21T02:01:03.0625217Z ok 885 - craft switching follows actual roster and hangars through button, G and controller: one-craft-hangar
2026-09-21T02:01:03.0626103Z   ---
2026-09-21T02:01:03.0626450Z   duration_ms: 9167.732106
2026-09-21T02:01:03.0626843Z   ...
2026-09-21T02:01:03.0627796Z # Subtest: craft switching follows actual roster and hangars through button, G and controller: arcade-hangar
2026-09-21T02:01:03.0629307Z ok 886 - craft switching follows actual roster and hangars through button, G and controller: arcade-hangar
2026-09-21T02:01:03.0630181Z   ---
2026-09-21T02:01:03.0630521Z   duration_ms: 7456.559751
2026-09-21T02:01:03.0630911Z   ...
2026-09-21T02:01:51.2215007Z # Subtest: fresh native source installation assigns release pictures after durable install and retains every authored original
2026-09-21T02:01:51.2235573Z ok 887 - fresh native source installation assigns release pictures after durable install and retains every authored original
2026-09-21T02:01:51.2254945Z   ---
2026-09-21T02:01:51.2260064Z   duration_ms: 47586.479276
2026-09-21T02:01:51.2260613Z   ...
2026-09-21T02:01:51.2261633Z # Subtest: source registry is exact compiled authority; public catalog remains five unchanged embedded entries
2026-09-21T02:01:51.2263242Z ok 888 - source registry is exact compiled authority; public catalog remains five unchanged embedded entries
2026-09-21T02:01:51.2264490Z   ---
2026-09-21T02:01:51.2265021Z   duration_ms: 1.560631
2026-09-21T02:01:51.2266155Z   ...
2026-09-21T02:01:51.2267510Z # Subtest: native pair install preserves an unfinished unrelated flight, then explicit Play and legal route earn the exact original once
2026-09-21T02:01:51.2269444Z ok 889 - native pair install preserves an unfinished unrelated flight, then explicit Play and legal route earn the exact original once
2026-09-21T02:01:51.2270461Z   ---
2026-09-21T02:01:51.2270804Z   duration_ms: 93266.603442
2026-09-21T02:01:51.2294587Z   ...
2026-09-21T02:01:51.2295663Z # Subtest: stored external run reloads with exact saved pin and remains paused until explicit Resume
2026-09-21T02:01:51.2296820Z     # Subtest: native install, play and pause
2026-09-21T02:01:51.2297700Z     ok 1 - native install, play and pause
2026-09-21T02:01:51.2298393Z       ---
2026-09-21T02:01:51.2298940Z       duration_ms: 49203.710499
2026-09-21T02:01:51.2299513Z       ...
2026-09-21T02:01:51.2300162Z     # Subtest: fresh app import restores the saved flight
2026-09-21T02:01:51.2301040Z     ok 2 - fresh app import restores the saved flight
2026-09-21T02:01:51.2301731Z       ---
2026-09-21T02:01:51.2302273Z       duration_ms: 13479.843744
2026-09-21T02:01:51.2302844Z       ...
2026-09-21T02:01:51.2303316Z     1..2
2026-09-21T02:01:51.2304581Z ok 890 - stored external run reloads with exact saved pin and remains paused until explicit Resume
2026-09-21T02:01:51.2305589Z   ---
2026-09-21T02:01:51.2306089Z   duration_ms: 62684.704279
2026-09-21T02:01:51.2306640Z   ...
2026-09-21T02:01:51.2307688Z # Subtest: startup preserves and refuses external-chapter-journal.v1 before any backup recovery
2026-09-21T02:01:51.2309215Z ok 891 - startup preserves and refuses external-chapter-journal.v1 before any backup recovery
2026-09-21T02:01:51.2310169Z   ---
2026-09-21T02:01:51.2310670Z   duration_ms: 1968.64892
2026-09-21T02:01:51.2311213Z   ...
2026-09-21T02:01:51.2312400Z # Subtest: startup preserves and refuses external-chapter-journal.v1 + backup-journal before any backup recovery
2026-09-21T02:01:51.2314941Z ok 892 - startup preserves and refuses external-chapter-journal.v1 + backup-journal before any backup recovery
2026-09-21T02:01:51.2316047Z   ---
2026-09-21T02:01:51.2316545Z   duration_ms: 1831.79228
2026-09-21T02:01:51.2317096Z   ...
2026-09-21T02:01:51.2318801Z # Subtest: cleared assignment still selects descriptor original; missing original refuses both new flight and Original artwork without generic fallback
2026-09-21T02:01:51.2321131Z ok 893 - cleared assignment still selects descriptor original; missing original refuses both new flight and Original artwork without generic fallback
2026-09-21T02:01:51.2322424Z   ---
2026-09-21T02:01:51.2322925Z   duration_ms: 60057.677525
2026-09-21T02:01:51.2323485Z   ...
2026-09-21T02:01:51.2324856Z # Subtest: ordinary native removal and pack-only export refuse indexed content without dropping pointer or index
2026-09-21T02:01:51.2326599Z ok 894 - ordinary native removal and pack-only export refuse indexed content without dropping pointer or index
2026-09-21T02:01:51.2327658Z   ---
2026-09-21T02:01:51.2328151Z   duration_ms: 24978.807019
2026-09-21T02:01:51.2328701Z   ...
2026-09-21T02:01:51.2330068Z # Subtest: Workshop authenticates the same pointer/index and holds both locks; stale index and pending journal cannot publish assignments
2026-09-21T02:01:51.2332140Z ok 895 - Workshop authenticates the same pointer/index and holds both locks; stale index and pending journal cannot publish assignments
2026-09-21T02:01:51.2333348Z   ---
2026-09-21T02:01:51.2334036Z   duration_ms: 10529.640106
2026-09-21T02:01:51.2334607Z   ...
2026-09-21T02:01:51.2335843Z # Subtest: guarded metadata work uses one backup lock, refuses a stale branded snapshot and remains lazy for ordinary packs
2026-09-21T02:01:51.2337699Z ok 896 - guarded metadata work uses one backup lock, refuses a stale branded snapshot and remains lazy for ordinary packs
2026-09-21T02:01:51.2338765Z   ---
2026-09-21T02:01:51.2339296Z   duration_ms: 1.481002
2026-09-21T02:01:51.2339893Z   ...
2026-09-21T02:01:51.2341258Z # Subtest: source install and unrelated chapter win preserve an earlier exact first-earned story A after binding B
2026-09-21T02:01:51.2343242Z ok 897 - source install and unrelated chapter win preserve an earlier exact first-earned story A after binding B
2026-09-21T02:01:51.2344552Z   ---
2026-09-21T02:01:51.2345168Z   duration_ms: 139717.798536
2026-09-21T02:01:51.2345791Z   ...
2026-09-21T02:01:51.2347019Z # Subtest: Back during exact media hashing cancels native pair install and late digest cannot publish or change the flight
2026-09-21T02:01:51.2348890Z ok 898 - Back during exact media hashing cancels native pair install and late digest cannot publish or change the flight
2026-09-21T02:01:51.2350001Z   ---
2026-09-21T02:01:51.2350549Z   duration_ms: 1519.163358
2026-09-21T02:01:51.2351141Z   ...
2026-09-21T02:01:51.2352547Z # Subtest: native exact-pair recovery completes a retained published journal once; reload is required before adopting its preserved profile
2026-09-21T02:01:51.2354752Z     # Subtest: explicit native recovery leaves existing generation and asks for reload
2026-09-21T02:01:51.2356598Z     ok 1 - explicit native recovery leaves existing generation and asks for reload
2026-09-21T02:01:51.2357776Z       ---
2026-09-21T02:01:51.2358683Z       duration_ms: 14300.671779
2026-09-21T02:01:51.2359768Z       ...
2026-09-21T02:01:51.2360954Z     # Subtest: new host coherently adopts recovered index and permits explicit Play
2026-09-21T02:01:51.2362730Z     ok 2 - new host coherently adopts recovered index and permits explicit Play
2026-09-21T02:01:51.2363925Z       ---
2026-09-21T02:01:51.2364707Z       duration_ms: 29795.50866
2026-09-21T02:01:51.2365352Z       ...
2026-09-21T02:01:51.2366051Z     1..2
2026-09-21T02:01:51.2367602Z ok 899 - native exact-pair recovery completes a retained published journal once; reload is required before adopting its preserved profile
2026-09-21T02:01:51.2368898Z   ---
2026-09-21T02:01:51.2369458Z   duration_ms: 52722.177973
2026-09-21T02:01:51.2370396Z   ...
2026-09-21T02:01:51.2371620Z # Subtest: published external pictures survive saved Continue and confirmed Restart with overlapping preparation
2026-09-21T02:01:51.2372990Z     # Subtest: install, play, pause and retain new release original
2026-09-21T02:01:51.2374621Z     ok 1 - install, play, pause and retain new release original
2026-09-21T02:01:51.2375476Z       ---
2026-09-21T02:01:51.2376083Z       duration_ms: 48946.575582
2026-09-21T02:01:51.2394932Z       ...
2026-09-21T02:02:11.4439677Z     # Subtest: restored attempt resumes and the confirmed replacement attempt becomes ready
2026-09-21T02:02:11.4441206Z     ok 2 - restored attempt resumes and the confirmed replacement attempt becomes ready
2026-09-21T02:02:11.4442174Z       ---
2026-09-21T02:02:11.4442743Z       duration_ms: 19532.852825
2026-09-21T02:02:11.4443337Z       ...
2026-09-21T02:02:11.4444188Z     1..2
2026-09-21T02:02:11.4445402Z ok 900 - published external pictures survive saved Continue and confirmed Restart with overlapping preparation
2026-09-21T02:02:11.4446531Z   ---
2026-09-21T02:02:11.4447044Z   duration_ms: 68480.669903
2026-09-21T02:02:11.4447605Z   ...
2026-09-21T02:02:59.6462832Z # Subtest: explicit retained-picture review installs originals without fresh defaults or changing the paused flight
2026-09-21T02:02:59.6465609Z ok 901 - explicit retained-picture review installs originals without fresh defaults or changing the paused flight
2026-09-21T02:02:59.6466872Z   ---
2026-09-21T02:02:59.6467489Z   duration_ms: 48893.2799
2026-09-21T02:02:59.6468151Z   ...
2026-09-21T02:02:59.6821043Z # Subtest: ordinary empty/read/write path stays lazy and native CAS preserves old embedded contract
2026-09-21T02:02:59.6870838Z ok 902 - ordinary empty/read/write path stays lazy and native CAS preserves old embedded contract
2026-09-21T02:02:59.6924584Z   ---
2026-09-21T02:02:59.6965961Z   duration_ms: 105.658294
2026-09-21T02:02:59.6984615Z   ...
2026-09-21T02:02:59.6985964Z # Subtest: shared DB4 install, exact authored defaults, Gentle mapping and separate readiness preserve audio and story domain
2026-09-21T02:02:59.6987769Z ok 903 - shared DB4 install, exact authored defaults, Gentle mapping and separate readiness preserve audio and story domain
2026-09-21T02:02:59.6988741Z   ---
2026-09-21T02:02:59.6989101Z   duration_ms: 39714.610713
2026-09-21T02:02:59.6989510Z   ...
2026-09-21T02:02:59.6990520Z # Subtest: cleared assignment and valid newer B do not erase the exact authored A; saved pin shapes are not requests
2026-09-21T02:02:59.6992093Z ok 904 - cleared assignment and valid newer B do not erase the exact authored A; saved pin shapes are not requests
2026-09-21T02:02:59.6992975Z   ---
2026-09-21T02:02:59.6993318Z   duration_ms: 39810.837881
2026-09-21T02:02:59.6993991Z   ...
2026-09-21T02:02:59.6994912Z # Subtest: known compact pack alone is refused without opening shared media; no ID-suffix heuristics
2026-09-21T02:02:59.6996286Z ok 905 - known compact pack alone is refused without opening shared media; no ID-suffix heuristics
2026-09-21T02:02:59.7014587Z   ---
2026-09-21T02:02:59.7014960Z   duration_ms: 71.823664
2026-09-21T02:02:59.7015357Z   ...
2026-09-21T02:02:59.7016204Z # Subtest: coherent pending journal snapshot reports backup-recovery and preserves rows
2026-09-21T02:02:59.7017461Z ok 906 - coherent pending journal snapshot reports backup-recovery and preserves rows
2026-09-21T02:02:59.7018066Z   ---
2026-09-21T02:02:59.7018414Z   duration_ms: 1.671578
2026-09-21T02:02:59.7018791Z   ...
2026-09-21T02:02:59.7019594Z # Subtest: coherent pending journal snapshot reports external-recovery and preserves rows
2026-09-21T02:02:59.7020888Z ok 907 - coherent pending journal snapshot reports external-recovery and preserves rows
2026-09-21T02:02:59.7021608Z   ---
2026-09-21T02:02:59.7021938Z   duration_ms: 2.670451
2026-09-21T02:02:59.7022299Z   ...
2026-09-21T02:02:59.7023061Z # Subtest: coherent pending journal snapshot reports mixed-journals and preserves rows
2026-09-21T02:02:59.7024808Z ok 908 - coherent pending journal snapshot reports mixed-journals and preserves rows
2026-09-21T02:02:59.7025504Z   ---
2026-09-21T02:02:59.7025831Z   duration_ms: 1.209346
2026-09-21T02:02:59.7026188Z   ...
2026-09-21T02:02:59.7027433Z # Subtest: interrupted native publication is withheld across restart and explicit recovery avoids nested-lock deadlock
2026-09-21T02:02:59.7029067Z ok 909 - interrupted native publication is withheld across restart and explicit recovery avoids nested-lock deadlock
2026-09-21T02:02:59.7029966Z   ---
2026-09-21T02:02:59.7030295Z   duration_ms: 11197.098831
2026-09-21T02:02:59.7030690Z   ...
2026-09-21T02:02:59.7031729Z # Subtest: ordinary mutation preserves external index; external removal and changed same-ID gameplay refuse before writes
2026-09-21T02:02:59.7033373Z ok 910 - ordinary mutation preserves external index; external removal and changed same-ID gameplay refuse before writes
2026-09-21T02:02:59.7034479Z   ---
2026-09-21T02:02:59.7034804Z   duration_ms: 13528.004982
2026-09-21T02:02:59.7035194Z   ...
2026-09-21T02:02:59.7036139Z # Subtest: changed pointer, index or backup marker invalidates single-use reviewed write; fake reviews refuse
2026-09-21T02:02:59.7037599Z ok 911 - changed pointer, index or backup marker invalidates single-use reviewed write; fake reviews refuse
2026-09-21T02:02:59.7038437Z   ---
2026-09-21T02:02:59.7038764Z   duration_ms: 49.647831
2026-09-21T02:02:59.7039133Z   ...
2026-09-21T02:02:59.7039966Z # Subtest: actual selected Blob corruption refuses readiness even with intact validated metadata
2026-09-21T02:02:59.7041252Z ok 912 - actual selected Blob corruption refuses readiness even with intact validated metadata
2026-09-21T02:02:59.7042012Z   ---
2026-09-21T02:02:59.7042335Z   duration_ms: 16469.323061
2026-09-21T02:02:59.7042712Z   ...
2026-09-21T02:02:59.7043627Z # Subtest: lost writer/occupied backup lock/closed host refuse mutations without affecting borrowed manager
2026-09-21T02:02:59.7055658Z ok 913 - lost writer/occupied backup lock/closed host refuse mutations without affecting borrowed manager
2026-09-21T02:02:59.7056489Z   ---
2026-09-21T02:02:59.7056859Z   duration_ms: 4.749359
2026-09-21T02:02:59.7057253Z   ...
2026-09-21T02:02:59.7058074Z # Subtest: abort during lazy manager return allocates no borrowed store or late snapshot
2026-09-21T02:02:59.7059335Z ok 914 - abort during lazy manager return allocates no borrowed store or late snapshot
2026-09-21T02:02:59.7060103Z   ---
2026-09-21T02:02:59.7060476Z   duration_ms: 16732.99906
2026-09-21T02:02:59.7060900Z   ...
2026-09-21T02:02:59.7061836Z # Subtest: mutating caller next pack during preparation cannot change reviewed native publication
2026-09-21T02:02:59.7063340Z ok 915 - mutating caller next pack during preparation cannot change reviewed native publication
2026-09-21T02:02:59.7064438Z   ---
2026-09-21T02:02:59.7064817Z   duration_ms: 74.638795
2026-09-21T02:02:59.7065238Z   ...
2026-09-21T02:02:59.7066181Z # Subtest: manager timeout and close reject deferred acquisition without closing the borrowed owner
2026-09-21T02:02:59.7067577Z ok 916 - manager timeout and close reject deferred acquisition without closing the borrowed owner
2026-09-21T02:02:59.7068364Z   ---
2026-09-21T02:02:59.7068701Z   duration_ms: 15395.034327
2026-09-21T02:02:59.7069123Z   ...
2026-09-21T02:02:59.7070013Z # Subtest: failed native ordinary CAS is atomic and consumed review cannot be retried blindly
2026-09-21T02:02:59.7071361Z ok 917 - failed native ordinary CAS is atomic and consumed review cannot be retried blindly
2026-09-21T02:02:59.7072195Z   ---
2026-09-21T02:02:59.7072579Z   duration_ms: 17592.395599
2026-09-21T02:02:59.7073008Z   ...
2026-09-21T02:02:59.7074354Z # Subtest: missing native Blob retains exact authored metadata but refuses both readiness and authored selection
2026-09-21T02:02:59.7076024Z ok 918 - missing native Blob retains exact authored metadata but refuses both readiness and authored selection
2026-09-21T02:02:59.7076976Z   ---
2026-09-21T02:02:59.7077358Z   duration_ms: 16381.919037
2026-09-21T02:02:59.7078135Z   ...
2026-09-21T02:02:59.7079105Z # Subtest: quota refusal leaves a recoverable journal and no published gameplay or evicted originals
2026-09-21T02:02:59.7080598Z ok 919 - quota refusal leaves a recoverable journal and no published gameplay or evicted originals
2026-09-21T02:02:59.7081575Z   ---
2026-09-21T02:02:59.7082259Z   duration_ms: 22136.936572
2026-09-21T02:02:59.7082726Z   ...
2026-09-21T02:02:59.7084222Z # Subtest: trusted descriptor inputs are snapshotted and conflicting index cannot masquerade as that edition
2026-09-21T02:02:59.7085866Z ok 920 - trusted descriptor inputs are snapshotted and conflicting index cannot masquerade as that edition
2026-09-21T02:02:59.7086787Z   ---
2026-09-21T02:02:59.7087175Z   duration_ms: 14983.188115
2026-09-21T02:02:59.7087614Z   ...
2026-09-21T02:02:59.7088378Z # Subtest: an unregistered prepared descriptor cannot opt itself into the host
2026-09-21T02:02:59.7089548Z ok 921 - an unregistered prepared descriptor cannot opt itself into the host
2026-09-21T02:02:59.7090283Z   ---
2026-09-21T02:02:59.7090661Z   duration_ms: 2.789913
2026-09-21T02:02:59.7091061Z   ...
2026-09-21T02:02:59.7092062Z # Subtest: pack changes while actual selected-original decoding is deferred cannot publish stale readiness
2026-09-21T02:02:59.7093662Z ok 922 - pack changes while actual selected-original decoding is deferred cannot publish stale readiness
2026-09-21T02:02:59.7094928Z   ---
2026-09-21T02:02:59.7095315Z   duration_ms: 19144.079077
2026-09-21T02:02:59.7095761Z   ...
2026-09-21T02:02:59.7096609Z # Subtest: registered owner inputs are owned before later mutation without opening media
2026-09-21T02:02:59.7097930Z ok 923 - registered owner inputs are owned before later mutation without opening media
2026-09-21T02:02:59.7098723Z   ---
2026-09-21T02:02:59.7099100Z   duration_ms: 23.291874
2026-09-21T02:02:59.7099525Z   ...
2026-09-21T02:02:59.7100357Z # Subtest: native absent index is uncharged; a persisted index contributes its exact bytes
2026-09-21T02:02:59.7101673Z ok 924 - native absent index is uncharged; a persisted index contributes its exact bytes
2026-09-21T02:02:59.7102464Z   ---
2026-09-21T02:02:59.7102846Z   duration_ms: 113.357136
2026-09-21T02:02:59.7103267Z   ...
2026-09-21T02:02:59.7104664Z # Subtest: explicit retained-picture review crosses temporary installer ownership and keeps authored defaults separate
2026-09-21T02:02:59.7106458Z ok 925 - explicit retained-picture review crosses temporary installer ownership and keeps authored defaults separate
2026-09-21T02:02:59.7107497Z   ---
2026-09-21T02:02:59.7107893Z   duration_ms: 55063.625387
2026-09-21T02:02:59.7108388Z   ...
2026-09-21T02:02:59.7109368Z # Subtest: host admits 36 trusted choices without storage, refuses 37 and duplicate/invalid descriptors
2026-09-21T02:02:59.7110869Z ok 926 - host admits 36 trusted choices without storage, refuses 37 and duplicate/invalid descriptors
2026-09-21T02:02:59.7111768Z   ---
2026-09-21T02:02:59.7112152Z   duration_ms: 12.973571
2026-09-21T02:02:59.7112599Z   ...
2026-09-21T02:02:59.7113542Z # Subtest: backup admits 36 trusted choices without storage, refuses 37 and duplicate/invalid descriptors
2026-09-21T02:02:59.7115313Z ok 927 - backup admits 36 trusted choices without storage, refuses 37 and duplicate/invalid descriptors
2026-09-21T02:02:59.7116200Z   ---
2026-09-21T02:02:59.7116580Z   duration_ms: 11.247802
2026-09-21T02:02:59.7116998Z   ...
2026-09-21T02:02:59.7117954Z # Subtest: catalog parsing capacity never admits remote owners; all current source tuples stay exact
2026-09-21T02:02:59.7119455Z ok 928 - catalog parsing capacity never admits remote owners; all current source tuples stay exact
2026-09-21T02:02:59.7120334Z   ---
2026-09-21T02:02:59.7120709Z   duration_ms: 7.907331
2026-09-21T02:02:59.7121111Z   ...
2026-09-21T02:02:59.7121925Z # Subtest: trusted choices do not enlarge the stored index or installed pack budgets
2026-09-21T02:02:59.7123095Z ok 929 - trusted choices do not enlarge the stored index or installed pack budgets
2026-09-21T02:02:59.7124455Z   ---
2026-09-21T02:02:59.7124844Z   duration_ms: 7.116245
2026-09-21T02:02:59.7125258Z   ...
2026-09-21T02:02:59.7126457Z # Subtest: all45 semantic icons cover the exact registry and native grids with binary alpha, transparent edges and at most4 colors
2026-09-21T02:02:59.7128599Z ok 930 - all45 semantic icons cover the exact registry and native grids with binary alpha, transparent edges and at most4 colors
2026-09-21T02:02:59.7129669Z   ---
2026-09-21T02:02:59.7130063Z   duration_ms: 91.735135
2026-09-21T02:02:59.7130504Z   ...
2026-09-21T02:02:59.7131465Z # Subtest: direction bindings rotate exactly clockwise, back differs from undo, and redo mirrors undo
2026-09-21T02:02:59.7132978Z ok 931 - direction bindings rotate exactly clockwise, back differs from undo, and redo mirrors undo
2026-09-21T02:02:59.7134122Z   ---
2026-09-21T02:02:59.7134487Z   duration_ms: 13.700137
2026-09-21T02:02:59.7134864Z   ...
2026-09-21T02:02:59.7135451Z # Subtest: award rank marks remain distinct without medal hue
2026-09-21T02:02:59.7136321Z ok 932 - award rank marks remain distinct without medal hue
2026-09-21T02:02:59.7136907Z   ---
2026-09-21T02:02:59.7137272Z   duration_ms: 3.268237
2026-09-21T02:02:59.7137673Z   ...
2026-09-21T02:02:59.7138548Z # Subtest: inspection sizes stay binary and independently owned while malformed requests fail
2026-09-21T02:02:59.7139873Z ok 933 - inspection sizes stay binary and independently owned while malformed requests fail
2026-09-21T02:02:59.7140674Z   ---
2026-09-21T02:02:59.7141049Z   duration_ms: 53.326482
2026-09-21T02:02:59.7141440Z   ...
2026-09-21T02:02:59.7142217Z # Subtest: Workshop destinations ship their actual authoring runtime and return paths
2026-09-21T02:02:59.7143472Z ok 934 - Workshop destinations ship their actual authoring runtime and return paths
2026-09-21T02:02:59.7144511Z   ---
2026-09-21T02:02:59.7144889Z   duration_ms: 1009.890779
2026-09-21T02:02:59.7145294Z   ...
2026-09-21T02:02:59.7146222Z # Subtest: settings categories keep the real controls and preferences without starting the flight
2026-09-21T02:02:59.7147687Z ok 935 - settings categories keep the real controls and preferences without starting the flight
2026-09-21T02:02:59.7148521Z   ---
2026-09-21T02:02:59.7148886Z   duration_ms: 1445.350614
2026-09-21T02:02:59.7149296Z   ...
2026-09-21T02:02:59.7150253Z # Subtest: leaving Controls cancels a pending physical-key capture through its native cancel action
2026-09-21T02:02:59.7151744Z ok 936 - leaving Controls cancels a pending physical-key capture through its native cancel action
2026-09-21T02:02:59.7152640Z   ---
2026-09-21T02:02:59.7153106Z   duration_ms: 907.374706
2026-09-21T02:02:59.7153492Z   ...
2026-09-21T02:02:59.7154850Z # Subtest: settings tabs support arrow and end navigation without leaking the key to the game
2026-09-21T02:02:59.7156513Z ok 937 - settings tabs support arrow and end navigation without leaking the key to the game
2026-09-21T02:02:59.7157347Z   ---
2026-09-21T02:02:59.7157741Z   duration_ms: 884.210555
2026-09-21T02:02:59.7158192Z   ...
2026-09-21T02:02:59.7159263Z # Subtest: data and collection shortcuts reuse the existing nested Library sections without changing saved data
2026-09-21T02:02:59.7160937Z ok 938 - data and collection shortcuts reuse the existing nested Library sections without changing saved data
2026-09-21T02:02:59.7161904Z   ---
2026-09-21T02:02:59.7162285Z   duration_ms: 1477.864942
2026-09-21T02:02:59.7162716Z   ...
2026-09-21T02:02:59.7163544Z # Subtest: supporting page text size remains presentation only and listeners are released
2026-09-21T02:02:59.7165240Z ok 939 - supporting page text size remains presentation only and listeners are released
2026-09-21T02:02:59.7166038Z   ---
2026-09-21T02:02:59.7166408Z   duration_ms: 0.668316
2026-09-21T02:02:59.7166849Z   ...
2026-09-21T02:02:59.7167677Z # Subtest: surface copy has stable English fallback keys and preserves native controls
2026-09-21T02:02:59.7168945Z ok 940 - surface copy has stable English fallback keys and preserves native controls
2026-09-21T02:02:59.7170032Z   ---
2026-09-21T02:02:59.7170416Z   duration_ms: 0.34298
2026-09-21T02:02:59.7170843Z   ...
2026-09-21T02:02:59.7171776Z # Subtest: finite course links retain both steering choices without an authored scenario handoff
2026-09-21T02:02:59.7173421Z ok 941 - finite course links retain both steering choices without an authored scenario handoff
2026-09-21T02:02:59.7174559Z   ---
2026-09-21T02:02:59.7174949Z   duration_ms: 4.789755
2026-09-21T02:02:59.7175357Z   ...
2026-09-21T02:02:59.7176171Z # Subtest: controller course destinations bind the existing exact per-load token
2026-09-21T02:02:59.7177325Z ok 942 - controller course destinations bind the existing exact per-load token
2026-09-21T02:02:59.7178071Z   ---
2026-09-21T02:02:59.7178422Z   duration_ms: 0.4665
2026-09-21T02:02:59.7178807Z   ...
2026-09-21T02:02:59.7179722Z # Subtest: unregistered lessons, policies and malformed tokens cannot become navigation destinations
2026-09-21T02:02:59.7181186Z ok 943 - unregistered lessons, policies and malformed tokens cannot become navigation destinations
2026-09-21T02:02:59.7182071Z   ---
2026-09-21T02:02:59.7182470Z   duration_ms: 1.099571
2026-09-21T02:02:59.7182886Z   ...
2026-09-21T02:02:59.7183657Z # Subtest: opening: fresh Journey offers Start and starts the named mission directly
2026-09-21T02:02:59.7185177Z ok 944 - opening: fresh Journey offers Start and starts the named mission directly
2026-09-21T02:02:59.7185942Z   ---
2026-09-21T02:02:59.7186311Z   duration_ms: 3995.329445
2026-09-21T02:02:59.7186735Z   ...
2026-09-21T02:02:59.7187558Z # Subtest: authored: fresh Journey offers Start and starts the named mission directly
2026-09-21T02:02:59.7188808Z ok 945 - authored: fresh Journey offers Start and starts the named mission directly
2026-09-21T02:02:59.7189579Z   ---
2026-09-21T02:02:59.7189967Z   duration_ms: 5262.341614
2026-09-21T02:02:59.7190387Z   ...
2026-09-21T02:02:59.7190992Z # Subtest: known selected Solo progress remains Continue
2026-09-21T02:02:59.7192148Z ok 946 - known selected Solo progress remains Continue
2026-09-21T02:02:59.7192796Z   ---
2026-09-21T02:02:59.7193172Z   duration_ms: 4323.550305
2026-09-21T02:02:59.7193615Z   ...
2026-09-21T02:02:59.7194493Z # Subtest: known completed Solo progress remains Continue
2026-09-21T02:02:59.7195365Z ok 947 - known completed Solo progress remains Continue
2026-09-21T02:02:59.7196049Z   ---
2026-09-21T02:02:59.7196426Z   duration_ms: 3983.542011
2026-09-21T02:02:59.7196825Z   ...
2026-09-21T02:02:59.7197671Z # Subtest: unknown retained cursor is preserved without falsely presenting fallback as Continue
2026-09-21T02:02:59.7198989Z ok 948 - unknown retained cursor is preserved without falsely presenting fallback as Continue
2026-09-21T02:02:59.7199829Z   ---
2026-09-21T02:02:59.7200219Z   duration_ms: 3386.153967
2026-09-21T02:02:59.7200658Z   ...
2026-09-21T02:02:59.7201383Z # Subtest: Versus progress alone does not turn a first Solo visit into Continue
2026-09-21T02:02:59.7202457Z ok 949 - Versus progress alone does not turn a first Solo visit into Continue
2026-09-21T02:02:59.7203201Z   ---
2026-09-21T02:02:59.7203577Z   duration_ms: 3648.239209
2026-09-21T02:02:59.7204237Z   ...
2026-09-21T02:02:59.7204908Z # Subtest: denied Journey storage still offers truthful one-action Start
2026-09-21T02:02:59.7205994Z ok 950 - denied Journey storage still offers truthful one-action Start
2026-09-21T02:02:59.7206684Z   ---
2026-09-21T02:02:59.7207051Z   duration_ms: 2820.638912
2026-09-21T02:02:59.7207478Z   ...
2026-09-21T02:02:59.7208429Z # Subtest: every accepted adoption resets history and advances generation even for the same runId and object
2026-09-21T02:02:59.7209893Z ok 951 - every accepted adoption resets history and advances generation even for the same runId and object
2026-09-21T02:02:59.7210762Z   ---
2026-09-21T02:02:59.7211101Z   duration_ms: 8.611413
2026-09-21T02:02:59.7211489Z   ...
2026-09-21T02:02:59.7212362Z # Subtest: staged and cancelled replacements retain the accepted run owner and current warning
2026-09-21T02:02:59.7214241Z ok 952 - staged and cancelled replacements retain the accepted run owner and current warning
2026-09-21T02:02:59.7215083Z   ---
2026-09-21T02:02:59.7215471Z   duration_ms: 2.918404
2026-09-21T02:02:59.7215880Z   ...
2026-09-21T02:02:59.7217142Z # Subtest: stale owner, newer warning, consumed token and terminal completion cannot invoke an async writer
2026-09-21T02:02:59.7218692Z ok 953 - stale owner, newer warning, consumed token and terminal completion cannot invoke an async writer
2026-09-21T02:02:59.7219529Z   ---
2026-09-21T02:02:59.7219887Z   duration_ms: 3.927283
2026-09-21T02:02:59.7220291Z   ...
2026-09-21T02:02:59.7221228Z # Subtest: historical batch completion never rewinds a later direct caption or the current state
2026-09-21T02:02:59.7222604Z ok 954 - historical batch completion never rewinds a later direct caption or the current state
2026-09-21T02:02:59.7223425Z   ---
2026-09-21T02:02:59.7224064Z   duration_ms: 3.128345
2026-09-21T02:02:59.7224480Z   ...
2026-09-21T02:02:59.7225381Z # Subtest: empty batches preserve the last warning and do not invalidate a pending message token
2026-09-21T02:02:59.7226754Z ok 955 - empty batches preserve the last warning and do not invalidate a pending message token
2026-09-21T02:02:59.7227560Z   ---
2026-09-21T02:02:59.7227917Z   duration_ms: 1.662201
2026-09-21T02:02:59.7228318Z   ...
2026-09-21T02:02:59.7229257Z # Subtest: older batch cannot publish after a newer batch and stale event work cannot become a new warning
2026-09-21T02:02:59.7230786Z ok 956 - older batch cannot publish after a newer batch and stale event work cannot become a new warning
2026-09-21T02:02:59.7231683Z   ---
2026-09-21T02:02:59.7232067Z   duration_ms: 1.079524
2026-09-21T02:02:59.7232480Z   ...
2026-09-21T02:02:59.7233416Z # Subtest: replacement inside a callback discards old publication and event scope is cleared in finally
2026-09-21T02:02:59.7235225Z ok 957 - replacement inside a callback discards old publication and event scope is cleared in finally
2026-09-21T02:02:59.7236122Z   ---
2026-09-21T02:02:59.7236492Z   duration_ms: 2.065723
2026-09-21T02:02:59.7236901Z   ...
2026-09-21T02:02:59.7237696Z # Subtest: nested newer batch survives cancellation and completion of its older caller
2026-09-21T02:02:59.7238948Z ok 958 - nested newer batch survives cancellation and completion of its older caller
2026-09-21T02:02:59.7239757Z   ---
2026-09-21T02:02:59.7240127Z   duration_ms: 1.406884
2026-09-21T02:02:59.7240538Z   ...
2026-09-21T02:02:59.7241535Z # Subtest: BFCache suspension retains history, invalidates pending work, and final disposal stays closed
2026-09-21T02:02:59.7243107Z ok 959 - BFCache suspension retains history, invalidates pending work, and final disposal stays closed
2026-09-21T02:02:59.7244299Z   ---
2026-09-21T02:02:59.7244699Z   duration_ms: 1.33447
2026-09-21T02:02:59.7245114Z   ...
2026-09-21T02:02:59.7246117Z # Subtest: incomplete or malformed batches produce explicit diagnostics without taking over host feedback
2026-09-21T02:02:59.7247683Z ok 960 - incomplete or malformed batches produce explicit diagnostics without taking over host feedback
2026-09-21T02:02:59.7248611Z   ---
2026-09-21T02:02:59.7248991Z   duration_ms: 2.045316
2026-09-21T02:02:59.7249409Z   ...
2026-09-21T02:02:59.7250329Z # Subtest: fresh choices freeze complete selected story A and explicit null for every other world
2026-09-21T02:02:59.7251714Z ok 961 - fresh choices freeze complete selected story A and explicit null for every other world
2026-09-21T02:02:59.7252510Z   ---
2026-09-21T02:02:59.7252858Z   duration_ms: 396.625662
2026-09-21T02:02:59.7253333Z   ...
2026-09-21T02:02:59.7254329Z # Subtest: old attempt and explicit null never add a newly available authored story
2026-09-21T02:02:59.7255532Z ok 962 - old attempt and explicit null never add a newly available authored story
2026-09-21T02:02:59.7256283Z   ---
2026-09-21T02:02:59.7256633Z   duration_ms: 270.009283
2026-09-21T02:02:59.7257037Z   ...
2026-09-21T02:02:59.7257911Z # Subtest: original unavailability preserves the exact movie pin without decoder allocation
2026-09-21T02:02:59.7259539Z ok 963 - original unavailability preserves the exact movie pin without decoder allocation
2026-09-21T02:02:59.7260340Z   ---
2026-09-21T02:02:59.7260729Z   duration_ms: 210.763468
2026-09-21T02:02:59.7261160Z   ...
2026-09-21T02:02:59.7262329Z # Subtest: selection snapshots caller metadata before real digest work and honors cancellation
2026-09-21T02:02:59.7264048Z ok 964 - selection snapshots caller metadata before real digest work and honors cancellation
2026-09-21T02:02:59.7264909Z   ---
2026-09-21T02:02:59.7265260Z   duration_ms: 128.370096
2026-09-21T02:02:59.7265689Z   ...
2026-09-21T02:02:59.7266680Z # Subtest: new strict envelope rejects missing/null confusion, extra fields, legacy movie and oversize
2026-09-21T02:02:59.7268170Z ok 965 - new strict envelope rejects missing/null confusion, extra fields, legacy movie and oversize
2026-09-21T02:02:59.7269053Z   ---
2026-09-21T02:02:59.7269433Z   duration_ms: 76.700306
2026-09-21T02:02:59.7269869Z   ...
2026-09-21T02:02:59.7270763Z # Subtest: v4 real unfinished replay restores standard/immediate A with unchanged continuation
2026-09-21T02:02:59.7272081Z ok 966 - v4 real unfinished replay restores standard/immediate A with unchanged continuation
2026-09-21T02:02:59.7272855Z   ---
2026-09-21T02:02:59.7273194Z   duration_ms: 237.832199
2026-09-21T02:02:59.7273592Z   ...
2026-09-21T02:02:59.7274863Z # Subtest: v4 real unfinished replay restores standard/grid-center A with unchanged continuation
2026-09-21T02:02:59.7276304Z ok 967 - v4 real unfinished replay restores standard/grid-center A with unchanged continuation
2026-09-21T02:02:59.7277159Z   ---
2026-09-21T02:02:59.7277559Z   duration_ms: 182.836064
2026-09-21T02:02:59.7277989Z   ...
2026-09-21T02:02:59.7278892Z # Subtest: v4 real unfinished replay restores gentle/immediate A with unchanged continuation
2026-09-21T02:02:59.7280209Z ok 968 - v4 real unfinished replay restores gentle/immediate A with unchanged continuation
2026-09-21T02:02:59.7292427Z   ---
2026-09-21T02:02:59.7292820Z   duration_ms: 192.967012
2026-09-21T02:02:59.7293219Z   ...
2026-09-21T02:02:59.7294087Z # Subtest: v4 real unfinished replay restores gentle/grid-center A with unchanged continuation
2026-09-21T02:02:59.7295168Z ok 969 - v4 real unfinished replay restores gentle/grid-center A with unchanged continuation
2026-09-21T02:02:59.7295667Z   ---
2026-09-21T02:02:59.7295885Z   duration_ms: 171.834883
2026-09-21T02:02:59.7296122Z   ...
2026-09-21T02:02:59.7296649Z # Subtest: Retry bridges only an identical authored map and preserves complete story/null and v1 choices
2026-09-21T02:02:59.7297462Z ok 970 - Retry bridges only an identical authored map and preserves complete story/null and v1 choices
2026-09-21T02:02:59.7297941Z   ---
2026-09-21T02:02:59.7298151Z   duration_ms: 164.867706
2026-09-21T02:02:59.7298383Z   ...
2026-09-21T02:02:59.7298868Z # Subtest: foundations use an explicit new runtime with interior spawn and zero earned coverage
2026-09-21T02:02:59.7299585Z ok 971 - foundations use an explicit new runtime with interior spawn and zero earned coverage
2026-09-21T02:02:59.7300038Z   ---
2026-09-21T02:02:59.7300247Z   duration_ms: 36.109943
2026-09-21T02:02:59.7300470Z   ...
2026-09-21T02:02:59.7300947Z # Subtest: a legal departure from an island closes on the perimeter and only scores eligible cells
2026-09-21T02:02:59.7301683Z ok 972 - a legal departure from an island closes on the perimeter and only scores eligible cells
2026-09-21T02:02:59.7302122Z   ---
2026-09-21T02:02:59.7302315Z   duration_ms: 61.397974
2026-09-21T02:02:59.7302540Z   ...
2026-09-21T02:02:59.7302968Z # Subtest: a legal cut may return to an island without making that island score-bearing
2026-09-21T02:02:59.7303621Z ok 973 - a legal cut may return to an island without making that island score-bearing
2026-09-21T02:02:59.7304357Z   ---
2026-09-21T02:02:59.7304569Z   duration_ms: 40.642282
2026-09-21T02:02:59.7304793Z   ...
2026-09-21T02:02:59.7305271Z # Subtest: new actor validation distinguishes field seeds, objective ground and island contours
2026-09-21T02:02:59.7306245Z ok 974 - new actor validation distinguishes field seeds, objective ground and island contours
2026-09-21T02:02:59.7306680Z   ---
2026-09-21T02:02:59.7306877Z   duration_ms: 14.482154
2026-09-21T02:02:59.7307102Z   ...
2026-09-21T02:02:59.7307663Z # Subtest: interior spawn clearance covers field, reclaimed-ground and frontier threats
2026-09-21T02:02:59.7308325Z ok 975 - interior spawn clearance covers field, reclaimed-ground and frontier threats
2026-09-21T02:02:59.7308748Z   ---
2026-09-21T02:02:59.7308947Z   duration_ms: 5.026897
2026-09-21T02:02:59.7309166Z   ...
2026-09-21T02:02:59.7309645Z # Subtest: erosion cannot reopen a foundation and objective anchors can terminate on an island
2026-09-21T02:02:59.7310359Z ok 976 - erosion cannot reopen a foundation and objective anchors can terminate on an island
2026-09-21T02:02:59.7310796Z   ---
2026-09-21T02:02:59.7311045Z   duration_ms: 7.672582
2026-09-21T02:02:59.7311270Z   ...
2026-09-21T02:02:59.7311719Z # Subtest: foundation state has its own replay tuple and authoritative checkpoint section
2026-09-21T02:02:59.7312386Z ok 977 - foundation state has its own replay tuple and authoritative checkpoint section
2026-09-21T02:02:59.7312798Z   ---
2026-09-21T02:02:59.7312989Z   duration_ms: 74.62908
2026-09-21T02:02:59.7313205Z   ...
2026-09-21T02:02:59.7315735Z # Subtest: all three R2 missions win under both turn policies and difficulties with real capture-release commands
2026-09-21T02:02:59.7317835Z ok 978 - all three R2 missions win under both turn policies and difficulties with real capture-release commands
2026-09-21T02:02:59.7318761Z   ---
2026-09-21T02:02:59.7319122Z   duration_ms: 16221.645329
2026-09-21T02:02:59.7319548Z   ...
2026-09-21T02:02:59.7320670Z # Subtest: R2 pack/library and six scenario imports retain independent campaign identity and the exact reused original pictures
2026-09-21T02:02:59.7322545Z ok 979 - R2 pack/library and six scenario imports retain independent campaign identity and the exact reused original pictures
2026-09-21T02:02:59.7324080Z   ---
2026-09-21T02:02:59.7324502Z   duration_ms: 11582.256462
2026-09-21T02:02:59.7325032Z   ...
2026-09-21T02:02:59.7325994Z # Subtest: R2 verifier rejects incomplete, duplicate and foreign-authority proof envelopes
2026-09-21T02:02:59.7327356Z ok 980 - R2 verifier rejects incomplete, duplicate and foreign-authority proof envelopes
2026-09-21T02:02:59.7328162Z   ---
2026-09-21T02:02:59.7328517Z   duration_ms: 26403.714171
2026-09-21T02:02:59.7328933Z   ...
2026-09-21T02:02:59.7329808Z # Subtest: R2 verifier rejects an unreleased capture command and fabricated replay evidence
2026-09-21T02:02:59.7331150Z ok 981 - R2 verifier rejects an unreleased capture command and fabricated replay evidence
2026-09-21T02:02:59.7331955Z   ---
2026-09-21T02:02:59.7332321Z   duration_ms: 26290.536072
2026-09-21T02:02:59.7332757Z   ...
2026-09-21T02:02:59.7334309Z # Subtest: solo matching classes uses seven current starter bodies while manual old/new choices remain deliberate
2026-09-21T02:02:59.7335991Z ok 982 - solo matching classes uses seven current starter bodies while manual old/new choices remain deliberate
2026-09-21T02:02:59.7336962Z   ---
2026-09-21T02:02:59.7337361Z   duration_ms: 4334.900968
2026-09-21T02:02:59.7337802Z   ...
2026-09-21T02:02:59.7338792Z # Subtest: explicit new saved appearance and suspended checkpoint survive normal host reload and Load
2026-09-21T02:02:59.7339979Z     # Subtest: save an unfinished flight using the selected new body
2026-09-21T02:02:59.7340867Z     ok 1 - save an unfinished flight using the selected new body
2026-09-21T02:02:59.7341512Z       ---
2026-09-21T02:02:59.7341886Z       duration_ms: 2402.96951
2026-09-21T02:02:59.7342335Z       ...
2026-09-21T02:02:59.7343069Z     # Subtest: reload keeps that body and loads the exact saved checkpoint while paused
2026-09-21T02:02:59.7344466Z     ok 2 - reload keeps that body and loads the exact saved checkpoint while paused
2026-09-21T02:02:59.7345253Z       ---
2026-09-21T02:02:59.7346014Z       duration_ms: 1917.23902
2026-09-21T02:02:59.7346732Z       ...
2026-09-21T02:02:59.7347083Z     1..2
2026-09-21T02:02:59.7348039Z ok 983 - explicit new saved appearance and suspended checkpoint survive normal host reload and Load
2026-09-21T02:02:59.7348944Z   ---
2026-09-21T02:02:59.7349528Z   duration_ms: 4322.515074
2026-09-21T02:02:59.7349960Z   ...
2026-09-21T02:02:59.7350867Z # Subtest: custom FPV class mapping and unknown explicit appearance keep existing host fallbacks
2026-09-21T02:02:59.7352089Z     # Subtest: one authored class change disables the entire current recommendation guard
2026-09-21T02:02:59.7353327Z     ok 1 - one authored class change disables the entire current recommendation guard
2026-09-21T02:02:59.7354356Z       ---
2026-09-21T02:02:59.7354758Z       duration_ms: 988.336098
2026-09-21T02:02:59.7355211Z       ...
2026-09-21T02:02:59.7356035Z     # Subtest: a future body ID remains readable as data and displays the existing neutral fallback
2026-09-21T02:02:59.7357305Z     ok 2 - a future body ID remains readable as data and displays the existing neutral fallback
2026-09-21T02:02:59.7358158Z       ---
2026-09-21T02:02:59.7358825Z       duration_ms: 840.273031
2026-09-21T02:02:59.7359265Z       ...
2026-09-21T02:02:59.7360069Z     # Subtest: an unearned registered appearance keeps the default without rewriting its stored ID
2026-09-21T02:02:59.7361281Z     ok 3 - an unearned registered appearance keeps the default without rewriting its stored ID
2026-09-21T02:02:59.7362031Z       ---
2026-09-21T02:02:59.7362370Z       duration_ms: 751.184043
2026-09-21T02:02:59.7362746Z       ...
2026-09-21T02:02:59.7363035Z     1..3
2026-09-21T02:02:59.7364094Z ok 984 - custom FPV class mapping and unknown explicit appearance keep existing host fallbacks
2026-09-21T02:02:59.7364851Z   ---
2026-09-21T02:02:59.7365188Z   duration_ms: 2580.868538
2026-09-21T02:02:59.7365566Z   ...
2026-09-21T02:02:59.7366563Z # Subtest: actual Couch recommendation switches both independent painters without touching match physics or profile
2026-09-21T02:02:59.7368146Z ok 985 - actual Couch recommendation switches both independent painters without touching match physics or profile
2026-09-21T02:02:59.7369039Z   ---
2026-09-21T02:02:59.7369371Z   duration_ms: 4284.790901
2026-09-21T02:02:59.7369749Z   ...
2026-09-21T02:17:18.5695248Z # Subtest: four Fracture owners download with explicit Stay, then Play without a second Start; exact earned and saved data recover
2026-09-21T02:17:18.5715204Z     # Subtest: four Arcade Download & play decisions retain the paused base run after Stay and earn separate exact first pictures
2026-09-21T02:17:18.5804916Z     ok 1 - four Arcade Download & play decisions retain the paused base run after Stay and earn separate exact first pictures
2026-09-21T02:17:18.5806036Z       ---
2026-09-21T02:17:18.5887625Z       duration_ms: 977512.704792
2026-09-21T02:17:18.5916137Z       ...
2026-09-21T02:19:19.8915648Z     # Subtest: restart authenticates all owners and exports the exact next-mission unfinished cut
2026-09-21T02:19:19.8920422Z     ok 2 - restart authenticates all owners and exports the exact next-mission unfinished cut
2026-09-21T02:19:19.8921618Z       ---
2026-09-21T02:19:19.8922216Z       duration_ms: 121321.936733
2026-09-21T02:19:19.8922786Z       ...
2026-09-21T02:23:02.6632935Z     # Subtest: fresh profile refuses missing originals without writes, then exact downloads allow explicit backup recovery
2026-09-21T02:23:02.6635318Z     ok 3 - fresh profile refuses missing originals without writes, then exact downloads allow explicit backup recovery
2026-09-21T02:23:02.6636797Z       ---
2026-09-21T02:23:02.6637497Z       duration_ms: 222771.98046
2026-09-21T02:23:02.6637974Z       ...
2026-09-21T02:23:02.6638313Z     1..3
2026-09-21T02:23:02.6639457Z ok 986 - four Fracture owners download with explicit Stay, then Play without a second Start; exact earned and saved data recover
2026-09-21T02:23:02.6640485Z   ---
2026-09-21T02:23:02.6640848Z   duration_ms: 1321610.998696
2026-09-21T02:23:02.6641782Z   ...
2026-09-21T02:23:02.6899484Z # Subtest: every Fracture Studio preview resolves the exact shared mission and preset without changing the draft
2026-09-21T02:23:02.6901174Z ok 987 - every Fracture Studio preview resolves the exact shared mission and preset without changing the draft
2026-09-21T02:23:02.6902538Z   ---
2026-09-21T02:23:02.6904267Z   duration_ms: 6610.761063
2026-09-21T02:23:02.6904522Z   ...
2026-09-21T02:23:02.6905052Z # Subtest: Fracture CLI shares the exact mission and advisory campaign projection used by Studio
2026-09-21T02:23:02.6906321Z ok 988 - Fracture CLI shares the exact mission and advisory campaign projection used by Studio
2026-09-21T02:23:02.6907112Z   ---
2026-09-21T02:23:02.6907444Z   duration_ms: 1778.373356
2026-09-21T02:23:02.6907796Z   ...
2026-09-21T02:23:02.6915535Z # Subtest: all seven Fractured Grid candidates allow legal clears after five sampled decision delays
2026-09-21T02:23:02.6948040Z ok 989 - all seven Fractured Grid candidates allow legal clears after five sampled decision delays
2026-09-21T02:23:02.6948974Z   ---
2026-09-21T02:23:02.6949332Z   duration_ms: 15261.288318
2026-09-21T02:23:02.6949731Z   ...
2026-09-21T02:23:02.6950603Z # Subtest: Two districts delayed departure failures remain replayable, while idle itself is safe
2026-09-21T02:23:02.6951923Z ok 990 - Two districts delayed departure failures remain replayable, while idle itself is safe
2026-09-21T02:23:02.6952693Z   ---
2026-09-21T02:23:02.6953020Z   duration_ms: 330.104239
2026-09-21T02:23:02.6953444Z   ...
2026-09-21T02:23:02.6954678Z # Subtest: a first frame behind the startup clock begins at zero and completes through real finale progression
2026-09-21T02:23:02.6956157Z ok 991 - a first frame behind the startup clock begins at zero and completes through real finale progression
2026-09-21T02:23:02.6957095Z   ---
2026-09-21T02:23:02.6957478Z   duration_ms: 51.161931
2026-09-21T02:23:02.6957923Z   ...
2026-09-21T02:23:02.6958929Z # Subtest: defensive equal, backward and nonfinite timestamps cannot double-count or poison gallery time
2026-09-21T02:23:02.6960453Z ok 992 - defensive equal, backward and nonfinite timestamps cannot double-count or poison gallery time
2026-09-21T02:23:02.6961333Z   ---
2026-09-21T02:23:02.6961708Z   duration_ms: 4.945929
2026-09-21T02:23:02.6962117Z   ...
2026-09-21T02:23:02.6963045Z # Subtest: restart establishes a fresh clock and retained restart or close callbacks stay inert
2026-09-21T02:23:02.6964729Z ok 993 - restart establishes a fresh clock and retained restart or close callbacks stay inert
2026-09-21T02:23:02.6965566Z   ---
2026-09-21T02:23:02.6965937Z   duration_ms: 7.110988
2026-09-21T02:23:02.6966347Z   ...
2026-09-21T02:23:02.6967302Z # Subtest: delivered hidden frames pause the finale while keeping the visible return interval current
2026-09-21T02:23:02.6968757Z ok 994 - delivered hidden frames pause the finale while keeping the visible return interval current
2026-09-21T02:23:02.6969618Z   ---
2026-09-21T02:23:02.6969989Z   duration_ms: 4.060674
2026-09-21T02:23:02.6970402Z   ...
2026-09-21T02:23:02.6971387Z # Subtest: effective reduced effects suppress gallery animation even when the saved preference is false
2026-09-21T02:23:02.6972900Z ok 995 - effective reduced effects suppress gallery animation even when the saved preference is false
2026-09-21T02:23:02.6994060Z   ---
2026-09-21T02:23:02.6994516Z   duration_ms: 3.716695
2026-09-21T02:23:02.6994950Z   ...
2026-09-21T02:23:02.6995934Z # Subtest: an explicit effective unchecked choice overrides a saved true value without persisting it
2026-09-21T02:23:02.6997403Z ok 996 - an explicit effective unchecked choice overrides a saved true value without persisting it
2026-09-21T02:23:02.6998274Z   ---
2026-09-21T02:23:02.6998650Z   duration_ms: 4.844542
2026-09-21T02:23:02.6999059Z   ...
2026-09-21T02:23:02.6999880Z # Subtest: gallery reads the effective choice after asynchronous artwork preparation
2026-09-21T02:23:02.7001162Z ok 997 - gallery reads the effective choice after asynchronous artwork preparation
2026-09-21T02:23:02.7002234Z   ---
2026-09-21T02:23:02.7002600Z   duration_ms: 3.624473
2026-09-21T02:23:02.7002997Z   ...
2026-09-21T02:23:02.7004006Z # Subtest: callers without an effective getter retain the saved-preference fallback
2026-09-21T02:23:02.7004852Z     # Subtest: saved false
2026-09-21T02:23:02.7005538Z     ok 1 - saved false
2026-09-21T02:23:02.7005971Z       ---
2026-09-21T02:23:02.7006343Z       duration_ms: 3.222482
2026-09-21T02:23:02.7006795Z       ...
2026-09-21T02:23:02.7007158Z     # Subtest: saved true
2026-09-21T02:23:02.7007601Z     ok 2 - saved true
2026-09-21T02:23:02.7008011Z       ---
2026-09-21T02:23:02.7008381Z       duration_ms: 3.777879
2026-09-21T02:23:02.7008802Z       ...
2026-09-21T02:23:02.7009145Z     1..2
2026-09-21T02:23:02.7009939Z ok 998 - callers without an effective getter retain the saved-preference fallback
2026-09-21T02:23:02.7010697Z   ---
2026-09-21T02:23:02.7011061Z   duration_ms: 7.790877
2026-09-21T02:23:02.7011472Z   ...
2026-09-21T02:23:02.7012377Z # Subtest: Homeward proves useful equipment interactions and every class in both turning modes
2026-09-21T02:23:02.7013960Z ok 999 - Homeward proves useful equipment interactions and every class in both turning modes
2026-09-21T02:23:02.7014808Z   ---
2026-09-21T02:23:02.7015182Z   duration_ms: 7925.326186
2026-09-21T02:23:02.7015618Z   ...
2026-09-21T02:23:02.7016574Z # Subtest: three reward slots embed exact distinct original PNG bytes with retained source attribution
2026-09-21T02:23:02.7018015Z ok 1000 - three reward slots embed exact distinct original PNG bytes with retained source attribution
2026-09-21T02:23:02.7018877Z   ---
2026-09-21T02:23:02.7019246Z   duration_ms: 3123.098505
2026-09-21T02:23:02.7019665Z   ...
2026-09-21T02:23:02.7020672Z # Subtest: prepared pack routes each picture and music descriptor to its own mission with all classes selectable
2026-09-21T02:23:02.7022209Z ok 1001 - prepared pack routes each picture and music descriptor to its own mission with all classes selectable
2026-09-21T02:23:02.7023092Z   ---
2026-09-21T02:23:02.7023415Z   duration_ms: 10104.466548
2026-09-21T02:23:02.7030295Z   ...
2026-09-21T02:23:02.7031234Z # Subtest: Homeward role proof rejects a missing recovery action and changed encounter content
2026-09-21T02:23:02.7032572Z ok 1002 - Homeward role proof rejects a missing recovery action and changed encounter content
2026-09-21T02:23:02.7033374Z   ---
2026-09-21T02:23:02.7033933Z   duration_ms: 76.430553
2026-09-21T02:23:02.7034457Z   ...
2026-09-21T02:23:02.7035364Z # Subtest: actual solo host passes 306px visible width into its detached legacy and Classic textures
2026-09-21T02:23:02.7036753Z ok 1003 - actual solo host passes 306px visible width into its detached legacy and Classic textures
2026-09-21T02:23:02.7037555Z   ---
2026-09-21T02:23:02.7037902Z   duration_ms: 16425.680332
2026-09-21T02:23:02.7038309Z   ...
2026-09-21T02:23:02.7039219Z # The explicitly selected Classic chapter and its original picture must be ready.: settled in 14471 ms
2026-09-21T02:23:02.7040630Z # Subtest: actual solo host passes 600px visible width into its detached legacy and Classic textures
2026-09-21T02:23:02.7041987Z ok 1004 - actual solo host passes 600px visible width into its detached legacy and Classic textures
2026-09-21T02:23:02.7042781Z   ---
2026-09-21T02:23:02.7043121Z   duration_ms: 16477.544243
2026-09-21T02:23:02.7043522Z   ...
2026-09-21T02:23:02.7044613Z # The explicitly selected Classic chapter and its original picture must be ready.: settled in 14995 ms
2026-09-21T02:23:02.7046043Z # Subtest: new Journey projects explicitly select Arcade while legacy imports retain their simulation
2026-09-21T02:23:02.7047442Z ok 1005 - new Journey projects explicitly select Arcade while legacy imports retain their simulation
2026-09-21T02:23:02.7048265Z   ---
2026-09-21T02:23:02.7048598Z   duration_ms: 346.80826
2026-09-21T02:23:02.7048983Z   ...
2026-09-21T02:23:02.7049872Z # Subtest: immediate: Journey's actual compiled missions ignore manual commands and replay exactly
2026-09-21T02:23:02.7051482Z ok 1006 - immediate: Journey's actual compiled missions ignore manual commands and replay exactly
2026-09-21T02:23:02.7052287Z   ---
2026-09-21T02:23:02.7052636Z   duration_ms: 436.930688
2026-09-21T02:23:02.7053022Z   ...
2026-09-21T02:23:02.7054264Z # Subtest: immediate: authored contact bonuses remain automatic without a manual action
2026-09-21T02:23:02.7055533Z ok 1007 - immediate: authored contact bonuses remain automatic without a manual action
2026-09-21T02:23:02.7056283Z   ---
2026-09-21T02:23:02.7056617Z   duration_ms: 75.309101
2026-09-21T02:23:02.7057006Z   ...
2026-09-21T02:23:02.7057901Z # Subtest: grid-center: Journey's actual compiled missions ignore manual commands and replay exactly
2026-09-21T02:23:02.7059290Z ok 1008 - grid-center: Journey's actual compiled missions ignore manual commands and replay exactly
2026-09-21T02:23:02.7060106Z   ---
2026-09-21T02:23:02.7060437Z   duration_ms: 400.99244
2026-09-21T02:23:02.7060820Z   ...
2026-09-21T02:23:02.7061620Z # Subtest: grid-center: authored contact bonuses remain automatic without a manual action
2026-09-21T02:23:02.7062855Z ok 1009 - grid-center: authored contact bonuses remain automatic without a manual action
2026-09-21T02:23:02.7063590Z   ---
2026-09-21T02:23:02.7064241Z   duration_ms: 63.296765
2026-09-21T02:23:02.7064694Z   ...
2026-09-21T02:23:02.7065721Z # Subtest: Journey backup restoration updates chooser progress without replacing or rewarding the paused attempt
2026-09-21T02:23:02.7067332Z ok 1010 - Journey backup restoration updates chooser progress without replacing or rewarding the paused attempt
2026-09-21T02:23:02.7068243Z   ---
2026-09-21T02:23:02.7068582Z   duration_ms: 2232.125523
2026-09-21T02:23:02.7068976Z   ...
2026-09-21T02:23:02.7069791Z # Subtest: Journey ten consecutive mission clears need only Next and retain exact progress
2026-09-21T02:23:02.7071043Z ok 1011 - Journey ten consecutive mission clears need only Next and retain exact progress
2026-09-21T02:23:02.7071795Z   ---
2026-09-21T02:23:02.7072148Z   duration_ms: 424596.045831
2026-09-21T02:23:02.7072549Z   ...
2026-09-21T02:23:02.7073377Z # Subtest: Journey Skip is two activations, grants no clear, and the global chooser can return
2026-09-21T02:23:02.7074864Z ok 1012 - Journey Skip is two activations, grants no clear, and the global chooser can return
2026-09-21T02:23:02.7075641Z   ---
2026-09-21T02:23:02.7075979Z   duration_ms: 4811.939272
2026-09-21T02:23:02.7076367Z   ...
2026-09-21T02:23:02.7077263Z # Subtest: Journey Continue uses stable progress with no release-specific bookmark or saved flight
2026-09-21T02:23:02.7078637Z ok 1013 - Journey Continue uses stable progress with no release-specific bookmark or saved flight
2026-09-21T02:23:02.7079442Z   ---
2026-09-21T02:23:02.7079788Z   duration_ms: 2316.87359
2026-09-21T02:23:02.7080179Z   ...
2026-09-21T02:23:02.7081082Z # Subtest: Journey storage failure reports session-only progress without preventing Skip and play
2026-09-21T02:23:02.7082459Z ok 1014 - Journey storage failure reports session-only progress without preventing Skip and play
2026-09-21T02:23:02.7083271Z   ---
2026-09-21T02:23:02.7083609Z   duration_ms: 1656.578332
2026-09-21T02:23:02.7094410Z   ...
2026-09-21T02:23:02.7095251Z # Subtest: Journey total defeat starts a fresh attempt without a menu confirmation
2026-09-21T02:23:02.7096417Z ok 1015 - Journey total defeat starts a fresh attempt without a menu confirmation
2026-09-21T02:23:02.7097127Z   ---
2026-09-21T02:23:02.7097479Z   duration_ms: 8160.482171
2026-09-21T02:23:02.7097872Z   ...
2026-09-21T02:23:02.7098856Z # Subtest: Journey cold-load button cancellation is immediate and a late failure cannot replace a newer choice
2026-09-21T02:23:02.7100409Z ok 1016 - Journey cold-load button cancellation is immediate and a late failure cannot replace a newer choice
2026-09-21T02:23:02.7101294Z   ---
2026-09-21T02:23:02.7101627Z   duration_ms: 1991.950808
2026-09-21T02:23:02.7102024Z   ...
2026-09-21T02:23:02.7102995Z # Subtest: Journey cold-load Escape cancellation is immediate and a late failure cannot replace a newer choice
2026-09-21T02:23:02.7105224Z ok 1017 - Journey cold-load Escape cancellation is immediate and a late failure cannot replace a newer choice
2026-09-21T02:23:02.7106108Z   ---
2026-09-21T02:23:02.7106444Z   duration_ms: 3227.012145
2026-09-21T02:23:02.7106834Z   ...
2026-09-21T02:23:02.7108016Z # Subtest: Journey cold-load new chooser cancellation is immediate and a late failure cannot replace a newer choice
2026-09-21T02:23:02.7109632Z ok 1018 - Journey cold-load new chooser cancellation is immediate and a late failure cannot replace a newer choice
2026-09-21T02:23:02.7110530Z   ---
2026-09-21T02:23:02.7110861Z   duration_ms: 3796.593608
2026-09-21T02:23:02.7111257Z   ...
2026-09-21T02:23:02.7112198Z # Subtest: Journey refuses an edited same-ID pack without replacing the current flight or awarding progress
2026-09-21T02:23:02.7113676Z ok 1019 - Journey refuses an edited same-ID pack without replacing the current flight or awarding progress
2026-09-21T02:23:02.7114747Z   ---
2026-09-21T02:23:02.7115095Z   duration_ms: 9626.143008
2026-09-21T02:23:02.7115484Z   ...
2026-09-21T02:23:02.7116438Z # Subtest: Journey campaign-boundary Next keeps a result on failed download and retries into the next pack
2026-09-21T02:23:02.7117811Z ok 1020 - Journey campaign-boundary Next keeps a result on failed download and retries into the next pack
2026-09-21T02:23:02.7118531Z   ---
2026-09-21T02:23:02.7118856Z   duration_ms: 55606.328714
2026-09-21T02:23:02.7119234Z   ...
2026-09-21T02:23:02.7120458Z # Subtest: Journey preferences are independent of release, progress and Legacy records
2026-09-21T02:23:02.7121710Z ok 1021 - Journey preferences are independent of release, progress and Legacy records
2026-09-21T02:23:02.7122456Z   ---
2026-09-21T02:23:02.7122799Z   duration_ms: 3.141322
2026-09-21T02:23:02.7123182Z   ...
2026-09-21T02:23:02.7124252Z # Subtest: only the exact versioned three-preset record is accepted without invoking accessors
2026-09-21T02:23:02.7125572Z ok 1022 - only the exact versioned three-preset record is accepted without invoking accessors
2026-09-21T02:23:02.7126363Z   ---
2026-09-21T02:23:02.7126711Z   duration_ms: 1.317248
2026-09-21T02:23:02.7127086Z   ...
2026-09-21T02:23:02.7127968Z # Subtest: damaged or future records are never silently overwritten, including after a local choice
2026-09-21T02:23:02.7129350Z ok 1023 - damaged or future records are never silently overwritten, including after a local choice
2026-09-21T02:23:02.7130153Z   ---
2026-09-21T02:23:02.7130486Z   duration_ms: 0.653178
2026-09-21T02:23:02.7130872Z   ...
2026-09-21T02:23:02.7131678Z # Subtest: save failure preserves local intent, warns truthfully, exports and retries it
2026-09-21T02:23:02.7132913Z ok 1024 - save failure preserves local intent, warns truthfully, exports and retries it
2026-09-21T02:23:02.7133669Z   ---
2026-09-21T02:23:02.7134284Z   duration_ms: 0.837223
2026-09-21T02:23:02.7134727Z   ...
2026-09-21T02:23:02.7135618Z # Subtest: late, foreign and unrelated storage events cannot replace next-attempt intent
2026-09-21T02:23:02.7136910Z ok 1025 - late, foreign and unrelated storage events cannot replace next-attempt intent
2026-09-21T02:23:02.7137646Z   ---
2026-09-21T02:23:02.7137980Z   duration_ms: 0.398674
2026-09-21T02:23:02.7138363Z   ...
2026-09-21T02:23:02.7139144Z # Subtest: restored page rereads current storage without resetting an active execution
2026-09-21T02:23:02.7140333Z ok 1026 - restored page rereads current storage without resetting an active execution
2026-09-21T02:23:02.7141059Z   ---
2026-09-21T02:23:02.7141401Z   duration_ms: 0.329074
2026-09-21T02:23:02.7141775Z   ...
2026-09-21T02:23:02.7142535Z # Subtest: storage read denial and later corruption never overwrite recoverable bytes
2026-09-21T02:23:02.7144077Z ok 1027 - storage read denial and later corruption never overwrite recoverable bytes
2026-09-21T02:23:02.7144808Z   ---
2026-09-21T02:23:02.7145157Z   duration_ms: 0.366404
2026-09-21T02:23:02.7145534Z   ...
2026-09-21T02:23:02.7146380Z # Subtest: invalid choices do not mutate state or storage; observers cannot discard newer intent
2026-09-21T02:23:02.7147866Z ok 1028 - invalid choices do not mutate state or storage; observers cannot discard newer intent
2026-09-21T02:23:02.7148667Z   ---
2026-09-21T02:23:02.7149018Z   duration_ms: 0.645425
2026-09-21T02:23:02.7149589Z   ...
2026-09-21T02:23:02.7150638Z # Subtest: next-attempt preset selects exact shared compiler executions, never reprojects or edits the active one
2026-09-21T02:23:02.7152254Z ok 1029 - next-attempt preset selects exact shared compiler executions, never reprojects or edits the active one
2026-09-21T02:23:02.7153172Z   ---
2026-09-21T02:23:02.7153534Z   duration_ms: 690.329852
2026-09-21T02:23:02.7154167Z   ...
2026-09-21T02:23:02.7155102Z # Subtest: Ready Settings capture binds arrows through document navigation without advancing the flight
2026-09-21T02:23:02.7156564Z ok 1030 - Ready Settings capture binds arrows through document navigation without advancing the flight
2026-09-21T02:23:02.7157429Z   ---
2026-09-21T02:23:02.7157780Z   duration_ms: 2226.489516
2026-09-21T02:23:02.7158191Z   ...
2026-09-21T02:23:02.7159133Z # Subtest: paused Settings capture binds arrows through document navigation without advancing the flight
2026-09-21T02:23:02.7160610Z ok 1031 - paused Settings capture binds arrows through document navigation without advancing the flight
2026-09-21T02:23:02.7161475Z   ---
2026-09-21T02:23:02.7161823Z   duration_ms: 3152.177635
2026-09-21T02:23:02.7162229Z   ...
2026-09-21T02:23:02.7163273Z # Subtest: rejected arrow capture stays owned until Escape; Tab cancels without menu interception
2026-09-21T02:23:02.7164882Z ok 1032 - rejected arrow capture stays owned until Escape; Tab cancels without menu interception
2026-09-21T02:23:02.7165692Z   ---
2026-09-21T02:23:02.7166050Z   duration_ms: 1163.576175
2026-09-21T02:23:02.7166455Z   ...
2026-09-21T02:23:02.7167353Z # Subtest: score: interior pages retain the same focused control, endpoints use the enabled opposite
2026-09-21T02:23:02.7168750Z ok 1033 - score: interior pages retain the same focused control, endpoints use the enabled opposite
2026-09-21T02:23:02.7169559Z   ---
2026-09-21T02:23:02.7169909Z   duration_ms: 161.386543
2026-09-21T02:23:02.7170316Z   ...
2026-09-21T02:23:02.7171103Z # Subtest: score: an owned pager collapsing to one page returns to its matching search
2026-09-21T02:23:02.7172279Z ok 1034 - score: an owned pager collapsing to one page returns to its matching search
2026-09-21T02:23:02.7173058Z   ---
2026-09-21T02:23:02.7173406Z   duration_ms: 100.438359
2026-09-21T02:23:02.7174212Z   ...
2026-09-21T02:23:02.7175068Z # Subtest: score: search filtering preserves the player's focus and does not focus a pager
2026-09-21T02:23:02.7176337Z ok 1035 - score: search filtering preserves the player's focus and does not focus a pager
2026-09-21T02:23:02.7177102Z   ---
2026-09-21T02:23:02.7177448Z   duration_ms: 94.732122
2026-09-21T02:23:02.7177845Z   ...
2026-09-21T02:23:02.7178754Z # Subtest: gallery: interior pages retain the same focused control, endpoints use the enabled opposite
2026-09-21T02:23:02.7180180Z ok 1036 - gallery: interior pages retain the same focused control, endpoints use the enabled opposite
2026-09-21T02:23:02.7181004Z   ---
2026-09-21T02:23:02.7181362Z   duration_ms: 149.715923
2026-09-21T02:23:02.7181760Z   ...
2026-09-21T02:23:02.7182562Z # Subtest: gallery: an owned pager collapsing to one page returns to its matching search
2026-09-21T02:23:02.7183966Z ok 1037 - gallery: an owned pager collapsing to one page returns to its matching search
2026-09-21T02:23:02.7184715Z   ---
2026-09-21T02:23:02.7185063Z   duration_ms: 95.798183
2026-09-21T02:23:02.7185460Z   ...
2026-09-21T02:23:02.7186309Z # Subtest: gallery: search filtering preserves the player's focus and does not focus a pager
2026-09-21T02:23:02.7187587Z ok 1038 - gallery: search filtering preserves the player's focus and does not focus a pager
2026-09-21T02:23:02.7188360Z   ---
2026-09-21T02:23:02.7188710Z   duration_ms: 92.73916
2026-09-21T02:23:02.7189326Z   ...
2026-09-21T02:23:02.7190193Z # Subtest: score: reveals the same persistent pager after page growth and the opposite endpoint
2026-09-21T02:23:02.7191549Z ok 1039 - score: reveals the same persistent pager after page growth and the opposite endpoint
2026-09-21T02:23:02.7192417Z   ---
2026-09-21T02:23:02.7193032Z   duration_ms: 106.896344
2026-09-21T02:23:02.7193493Z   ...
2026-09-21T02:23:02.7194567Z # Subtest: gallery: reveals the same persistent pager after page growth and the opposite endpoint
2026-09-21T02:23:02.7195928Z ok 1040 - gallery: reveals the same persistent pager after page growth and the opposite endpoint
2026-09-21T02:23:02.7196741Z   ---
2026-09-21T02:23:02.7197088Z   duration_ms: 142.334868
2026-09-21T02:23:02.7197484Z   ...
2026-09-21T02:23:02.7198250Z # Subtest: Collection: foreign-focus during the focus callback vetoes pager reveal
2026-09-21T02:23:02.7199416Z ok 1041 - Collection: foreign-focus during the focus callback vetoes pager reveal
2026-09-21T02:23:02.7200132Z   ---
2026-09-21T02:23:02.7200478Z   duration_ms: 453.94832
2026-09-21T02:23:02.7201072Z   ...
2026-09-21T02:23:02.7201826Z # Subtest: Collection: blur-return during the focus callback vetoes pager reveal
2026-09-21T02:23:02.7203000Z ok 1042 - Collection: blur-return during the focus callback vetoes pager reveal
2026-09-21T02:23:02.7203888Z   ---
2026-09-21T02:23:02.7204248Z   duration_ms: 397.413839
2026-09-21T02:23:02.7204642Z   ...
2026-09-21T02:23:02.7205381Z # Subtest: Collection: new-dialog during the focus callback vetoes pager reveal
2026-09-21T02:23:02.7206482Z ok 1043 - Collection: new-dialog during the focus callback vetoes pager reveal
2026-09-21T02:23:02.7207169Z   ---
2026-09-21T02:23:02.7207520Z   duration_ms: 338.796077
2026-09-21T02:23:02.7207917Z   ...
2026-09-21T02:23:02.7208693Z # Subtest: Collection: different-model during the focus callback vetoes pager reveal
2026-09-21T02:23:02.7209877Z ok 1044 - Collection: different-model during the focus callback vetoes pager reveal
2026-09-21T02:23:02.7210623Z   ---
2026-09-21T02:23:02.7210967Z   duration_ms: 323.155201
2026-09-21T02:23:02.7211359Z   ...
2026-09-21T02:23:02.7212142Z # Subtest: Collection: delayed metadata success hands an unavailable Next to Previous
2026-09-21T02:23:02.7213334Z ok 1045 - Collection: delayed metadata success hands an unavailable Next to Previous
2026-09-21T02:23:02.7214225Z   ---
2026-09-21T02:23:02.7214572Z   duration_ms: 367.902028
2026-09-21T02:23:02.7214915Z   ...
2026-09-21T02:23:02.7215659Z # Subtest: Collection: delayed metadata failure hands an unavailable Next to Previous
2026-09-21T02:23:02.7216870Z ok 1046 - Collection: delayed metadata failure hands an unavailable Next to Previous
2026-09-21T02:23:02.7217596Z   ---
2026-09-21T02:23:02.7217939Z   duration_ms: 263.104152
2026-09-21T02:23:02.7218330Z   ...
2026-09-21T02:23:02.7219338Z # Subtest: Collection: automatic supersession transfers existing live focus intent without losing the endpoint
2026-09-21T02:23:02.7220917Z ok 1047 - Collection: automatic supersession transfers existing live focus intent without losing the endpoint
2026-09-21T02:23:02.7221824Z   ---
2026-09-21T02:23:02.7222176Z   duration_ms: 348.194509
2026-09-21T02:23:02.7222573Z   ...
2026-09-21T02:23:02.7223415Z # Subtest: Collection: focus-then-body retires focus through delayed automatic supersession
2026-09-21T02:23:02.7224948Z ok 1048 - Collection: focus-then-body retires focus through delayed automatic supersession
2026-09-21T02:23:02.7225744Z   ---
2026-09-21T02:23:02.7226098Z   duration_ms: 369.85153
2026-09-21T02:23:02.7226498Z   ...
2026-09-21T02:23:02.7227294Z # Subtest: Collection: blur-return retires focus through delayed automatic supersession
2026-09-21T02:23:02.7228517Z ok 1049 - Collection: blur-return retires focus through delayed automatic supersession
2026-09-21T02:23:02.7229265Z   ---
2026-09-21T02:23:02.7229606Z   duration_ms: 384.724752
2026-09-21T02:23:02.7229994Z   ...
2026-09-21T02:23:02.7230808Z # Subtest: Collection: hidden-return retires focus through delayed automatic supersession
2026-09-21T02:23:02.7232306Z ok 1050 - Collection: hidden-return retires focus through delayed automatic supersession
2026-09-21T02:23:02.7233058Z   ---
2026-09-21T02:23:02.7233401Z   duration_ms: 377.18301
2026-09-21T02:23:02.7234121Z   ...
2026-09-21T02:23:02.7235118Z # Subtest: Collection: pagehide retires focus through delayed automatic supersession
2026-09-21T02:23:02.7236337Z ok 1051 - Collection: pagehide retires focus through delayed automatic supersession
2026-09-21T02:23:02.7237081Z   ---
2026-09-21T02:23:02.7237430Z   duration_ms: 384.755371
2026-09-21T02:23:02.7237820Z   ...
2026-09-21T02:23:02.7238618Z # Subtest: Collection: new-dialog retires focus through delayed automatic supersession
2026-09-21T02:23:02.7239819Z ok 1052 - Collection: new-dialog retires focus through delayed automatic supersession
2026-09-21T02:23:02.7240548Z   ---
2026-09-21T02:23:02.7240897Z   duration_ms: 378.021983
2026-09-21T02:23:02.7241290Z   ...
2026-09-21T02:23:02.7242054Z # Subtest: Collection: close-reopen retires focus through delayed automatic supersession
2026-09-21T02:23:02.7243303Z ok 1053 - Collection: close-reopen retires focus through delayed automatic supersession
2026-09-21T02:23:02.7244279Z   ---
2026-09-21T02:23:02.7244619Z   duration_ms: 441.056555
2026-09-21T02:23:02.7245008Z   ...
2026-09-21T02:23:02.7245857Z # Subtest: Collection: different-model retires focus through delayed automatic supersession
2026-09-21T02:23:02.7247156Z ok 1054 - Collection: different-model retires focus through delayed automatic supersession
2026-09-21T02:23:02.7247928Z   ---
2026-09-21T02:23:02.7248275Z   duration_ms: 308.856421
2026-09-21T02:23:02.7248656Z   ...
2026-09-21T02:23:02.7249569Z # Subtest: Collection: a fresh explicit pager activation can establish new intent after a retired read
2026-09-21T02:23:02.7250992Z ok 1055 - Collection: a fresh explicit pager activation can establish new intent after a retired read
2026-09-21T02:23:02.7251811Z   ---
2026-09-21T02:23:02.7252145Z   duration_ms: 401.028713
2026-09-21T02:23:02.7252537Z   ...
2026-09-21T02:23:02.7253187Z # Subtest: Collection: automatic collapse transfers live focus intent
2026-09-21T02:23:02.7254328Z ok 1056 - Collection: automatic collapse transfers live focus intent
2026-09-21T02:23:02.7254949Z   ---
2026-09-21T02:23:02.7255289Z   duration_ms: 401.879446
2026-09-21T02:23:02.7255681Z   ...
2026-09-21T02:23:02.7256401Z # Subtest: Collection: automatic collapse does not revive retired focus intent
2026-09-21T02:23:02.7257504Z ok 1057 - Collection: automatic collapse does not revive retired focus intent
2026-09-21T02:23:02.7258181Z   ---
2026-09-21T02:23:02.7258518Z   duration_ms: 417.044576
2026-09-21T02:23:02.7258910Z   ...
2026-09-21T02:23:02.7259813Z # Subtest: Collection: foreign-focus during native disable rechecks the current owner before fallback
2026-09-21T02:23:02.7261226Z ok 1058 - Collection: foreign-focus during native disable rechecks the current owner before fallback
2026-09-21T02:23:02.7262055Z   ---
2026-09-21T02:23:02.7262394Z   duration_ms: 332.36432
2026-09-21T02:23:02.7262775Z   ...
2026-09-21T02:23:02.7263901Z # Subtest: Collection: no-eligible-target during native disable rechecks the current owner before fallback
2026-09-21T02:23:02.7265571Z ok 1059 - Collection: no-eligible-target during native disable rechecks the current owner before fallback
2026-09-21T02:23:02.7266429Z   ---
2026-09-21T02:23:02.7266766Z   duration_ms: 375.014407
2026-09-21T02:23:02.7267159Z   ...
2026-09-21T02:23:02.7268033Z # Subtest: Collection: newer-read during native disable rechecks the current owner before fallback
2026-09-21T02:23:02.7269390Z ok 1060 - Collection: newer-read during native disable rechecks the current owner before fallback
2026-09-21T02:23:02.7270198Z   ---
2026-09-21T02:23:02.7270545Z   duration_ms: 354.628606
2026-09-21T02:23:02.7270935Z   ...
2026-09-21T02:23:02.7271835Z # Subtest: full Solo: keyboard score paging preserves the paused flight and exact persisted records
2026-09-21T02:23:02.7273210Z ok 1061 - full Solo: keyboard score paging preserves the paused flight and exact persisted records
2026-09-21T02:23:02.7274584Z   ---
2026-09-21T02:23:02.7274956Z   duration_ms: 1484.708422
2026-09-21T02:23:02.7275362Z   ...
2026-09-21T02:23:02.7276267Z # Subtest: full Solo: keyboard gallery paging preserves the paused flight and exact persisted records
2026-09-21T02:23:02.7277876Z ok 1062 - full Solo: keyboard gallery paging preserves the paused flight and exact persisted records
2026-09-21T02:23:02.7278714Z   ---
2026-09-21T02:23:02.7279058Z   duration_ms: 1617.939507
2026-09-21T02:23:02.7279459Z   ...
2026-09-21T02:23:02.7280395Z # Subtest: operation helper: reveal false preserves same-target return semantics and one-shot ownership
2026-09-21T02:23:02.7281851Z ok 1063 - operation helper: reveal false preserves same-target return semantics and one-shot ownership
2026-09-21T02:23:02.7282688Z   ---
2026-09-21T02:23:02.7283044Z   duration_ms: 69.147266
2026-09-21T02:23:02.7283438Z   ...
2026-09-21T02:23:02.7284667Z # Subtest: operation helper: reveal true preserves same-target return semantics and one-shot ownership
2026-09-21T02:23:02.7286124Z ok 1064 - operation helper: reveal true preserves same-target return semantics and one-shot ownership
2026-09-21T02:23:02.7286962Z   ---
2026-09-21T02:23:02.7287308Z   duration_ms: 71.282159
2026-09-21T02:23:02.7287721Z   ...
2026-09-21T02:23:02.7288555Z # Subtest: operation helper: reveal rejects recursive restoration from the current resolver
2026-09-21T02:23:02.7289829Z ok 1065 - operation helper: reveal rejects recursive restoration from the current resolver
2026-09-21T02:23:02.7290610Z   ---
2026-09-21T02:23:02.7290956Z   duration_ms: 72.738129
2026-09-21T02:23:02.7291352Z   ...
2026-09-21T02:23:02.7292059Z # Subtest: operation helper: a throwing focus retires every reveal listener
2026-09-21T02:23:02.7293113Z ok 1066 - operation helper: a throwing focus retires every reveal listener
2026-09-21T02:23:02.7293954Z   ---
2026-09-21T02:23:02.7294310Z   duration_ms: 73.699309
2026-09-21T02:23:02.7294724Z   ...
2026-09-21T02:23:02.7295435Z # Subtest: operation helper: a throwing scroll retires every reveal listener
2026-09-21T02:23:02.7296500Z ok 1067 - operation helper: a throwing scroll retires every reveal listener
2026-09-21T02:23:02.7297173Z   ---
2026-09-21T02:23:02.7297520Z   duration_ms: 56.004874
2026-09-21T02:23:02.7297922Z   ...
2026-09-21T02:23:02.7298889Z # Subtest: Livewire advances spatial decisions without shortening warnings or resetting the challenge band
2026-09-21T02:23:02.7300391Z ok 1068 - Livewire advances spatial decisions without shortening warnings or resetting the challenge band
2026-09-21T02:23:02.7301254Z   ---
2026-09-21T02:23:02.7301585Z   duration_ms: 347.69786
2026-09-21T02:23:02.7301975Z   ...
2026-09-21T02:23:02.7302816Z # Subtest: each initial region has a real field-retaining anchor, including stationary emitters
2026-09-21T02:23:02.7304310Z ok 1069 - each initial region has a real field-retaining anchor, including stationary emitters
2026-09-21T02:23:02.7305102Z   ---
2026-09-21T02:23:02.7305439Z   duration_ms: 82.364605
2026-09-21T02:23:02.7305818Z   ...
2026-09-21T02:23:02.7306672Z # Subtest: gentle/immediate: five seconds of decision space and a legal non-trivial first return
2026-09-21T02:23:02.7307998Z ok 1070 - gentle/immediate: five seconds of decision space and a legal non-trivial first return
2026-09-21T02:23:02.7308778Z   ---
2026-09-21T02:23:02.7309123Z   duration_ms: 1244.988085
2026-09-21T02:23:02.7309513Z   ...
2026-09-21T02:23:02.7310371Z # Subtest: gentle/grid-center: five seconds of decision space and a legal non-trivial first return
2026-09-21T02:23:02.7311713Z ok 1071 - gentle/grid-center: five seconds of decision space and a legal non-trivial first return
2026-09-21T02:23:02.7312503Z   ---
2026-09-21T02:23:02.7312841Z   duration_ms: 723.547471
2026-09-21T02:23:02.7313229Z   ...
2026-09-21T02:23:02.7314271Z # Subtest: standard/immediate: five seconds of decision space and a legal non-trivial first return
2026-09-21T02:23:02.7315636Z ok 1072 - standard/immediate: five seconds of decision space and a legal non-trivial first return
2026-09-21T02:23:02.7316661Z   ---
2026-09-21T02:23:02.7317015Z   duration_ms: 524.797667
2026-09-21T02:23:02.7317413Z   ...
2026-09-21T02:23:02.7318617Z # Subtest: standard/grid-center: five seconds of decision space and a legal non-trivial first return
2026-09-21T02:23:02.7320048Z ok 1073 - standard/grid-center: five seconds of decision space and a legal non-trivial first return
2026-09-21T02:23:02.7320866Z   ---
2026-09-21T02:23:02.7321217Z   duration_ms: 585.828661
2026-09-21T02:23:02.7321618Z   ...
2026-09-21T02:23:02.7322479Z # Subtest: expert/immediate: five seconds of decision space and a legal non-trivial first return
2026-09-21T02:23:02.7324023Z ok 1074 - expert/immediate: five seconds of decision space and a legal non-trivial first return
2026-09-21T02:23:02.7324839Z   ---
2026-09-21T02:23:02.7325213Z   duration_ms: 591.108118
2026-09-21T02:23:02.7325609Z   ...
2026-09-21T02:23:02.7326491Z # Subtest: expert/grid-center: five seconds of decision space and a legal non-trivial first return
2026-09-21T02:23:02.7327862Z ok 1075 - expert/grid-center: five seconds of decision space and a legal non-trivial first return
2026-09-21T02:23:02.7328666Z   ---
2026-09-21T02:23:02.7329008Z   duration_ms: 585.166152
2026-09-21T02:23:02.7329420Z   ...
2026-09-21T02:23:02.7330444Z # Subtest: all three assigned references remain non-final proposals and Studio previews use exact compiled levels
2026-09-21T02:23:02.7332046Z ok 1076 - all three assigned references remain non-final proposals and Studio previews use exact compiled levels
2026-09-21T02:23:02.7332958Z   ---
2026-09-21T02:23:02.7333302Z   duration_ms: 1670.659246
2026-09-21T02:23:02.7333876Z   ...
2026-09-21T02:23:02.7334813Z # Subtest: Livewire Foundry full-clear fixtures cover all seven missions and six preset/control pairs
2026-09-21T02:23:02.7336235Z ok 1077 - Livewire Foundry full-clear fixtures cover all seven missions and six preset/control pairs
2026-09-21T02:23:02.7337075Z   ---
2026-09-21T02:23:02.7337425Z   duration_ms: 2.809804
2026-09-21T02:23:02.7337811Z   ...
2026-09-21T02:23:02.7338774Z # Subtest: Livewire Foundry legal Solo clears, no quota cleanup, and public replays: gentle/immediate
2026-09-21T02:23:02.7340340Z ok 1078 - Livewire Foundry legal Solo clears, no quota cleanup, and public replays: gentle/immediate
2026-09-21T02:23:02.7341161Z   ---
2026-09-21T02:23:02.7341508Z   duration_ms: 6440.885327
2026-09-21T02:23:02.7341906Z   ...
2026-09-21T02:23:02.7342760Z # Subtest: Livewire Foundry equal independent untimed paired-board clears: gentle/immediate
2026-09-21T02:23:02.7344229Z ok 1079 - Livewire Foundry equal independent untimed paired-board clears: gentle/immediate
2026-09-21T02:23:02.7345009Z   ---
2026-09-21T02:23:02.7345359Z   duration_ms: 3954.186128
2026-09-21T02:23:02.7345749Z   ...
2026-09-21T02:23:02.7346666Z # Subtest: Livewire Foundry legal Solo clears, no quota cleanup, and public replays: gentle/grid-center
2026-09-21T02:23:02.7348102Z ok 1080 - Livewire Foundry legal Solo clears, no quota cleanup, and public replays: gentle/grid-center
2026-09-21T02:23:02.7348941Z   ---
2026-09-21T02:23:02.7349283Z   duration_ms: 3621.625324
2026-09-21T02:23:02.7349687Z   ...
2026-09-21T02:23:02.7350542Z # Subtest: Livewire Foundry equal independent untimed paired-board clears: gentle/grid-center
2026-09-21T02:23:02.7351893Z ok 1081 - Livewire Foundry equal independent untimed paired-board clears: gentle/grid-center
2026-09-21T02:23:02.7352682Z   ---
2026-09-21T02:23:02.7353034Z   duration_ms: 4473.875106
2026-09-21T02:23:02.7353428Z   ...
2026-09-21T02:23:02.7354636Z # Subtest: Livewire Foundry legal Solo clears, no quota cleanup, and public replays: standard/immediate
2026-09-21T02:23:02.7356059Z ok 1082 - Livewire Foundry legal Solo clears, no quota cleanup, and public replays: standard/immediate
2026-09-21T02:23:02.7356885Z   ---
2026-09-21T02:23:02.7357231Z   duration_ms: 3204.479231
2026-09-21T02:23:02.7357634Z   ...
2026-09-21T02:23:02.7358482Z # Subtest: Livewire Foundry equal independent untimed paired-board clears: standard/immediate
2026-09-21T02:23:02.7360026Z ok 1083 - Livewire Foundry equal independent untimed paired-board clears: standard/immediate
2026-09-21T02:23:02.7360819Z   ---
2026-09-21T02:23:02.7361162Z   duration_ms: 4203.480776
2026-09-21T02:23:02.7361557Z   ...
2026-09-21T02:23:02.7362679Z # Subtest: Livewire Foundry legal Solo clears, no quota cleanup, and public replays: standard/grid-center
2026-09-21T02:23:02.7364429Z ok 1084 - Livewire Foundry legal Solo clears, no quota cleanup, and public replays: standard/grid-center
2026-09-21T02:23:02.7365323Z   ---
2026-09-21T02:23:02.7365676Z   duration_ms: 3218.028943
2026-09-21T02:23:02.7366072Z   ...
2026-09-21T02:23:02.7366935Z # Subtest: Livewire Foundry equal independent untimed paired-board clears: standard/grid-center
2026-09-21T02:23:02.7368274Z ok 1085 - Livewire Foundry equal independent untimed paired-board clears: standard/grid-center
2026-09-21T02:23:02.7369086Z   ---
2026-09-21T02:23:02.7369445Z   duration_ms: 3481.67772
2026-09-21T02:23:02.7369840Z   ...
2026-09-21T02:23:02.7370739Z # Subtest: Livewire Foundry legal Solo clears, no quota cleanup, and public replays: expert/immediate
2026-09-21T02:23:02.7372121Z ok 1086 - Livewire Foundry legal Solo clears, no quota cleanup, and public replays: expert/immediate
2026-09-21T02:23:02.7372939Z   ---
2026-09-21T02:23:02.7373294Z   duration_ms: 4844.457093
2026-09-21T02:23:02.7373868Z   ...
2026-09-21T02:23:02.7374730Z # Subtest: Livewire Foundry equal independent untimed paired-board clears: expert/immediate
2026-09-21T02:23:02.7376034Z ok 1087 - Livewire Foundry equal independent untimed paired-board clears: expert/immediate
2026-09-21T02:23:02.7376794Z   ---
2026-09-21T02:23:02.7377133Z   duration_ms: 4739.86367
2026-09-21T02:23:02.7377528Z   ...
2026-09-21T02:23:02.7378436Z # Subtest: Livewire Foundry legal Solo clears, no quota cleanup, and public replays: expert/grid-center
2026-09-21T02:23:02.7379847Z ok 1088 - Livewire Foundry legal Solo clears, no quota cleanup, and public replays: expert/grid-center
2026-09-21T02:23:02.7380687Z   ---
2026-09-21T02:23:02.7381025Z   duration_ms: 3230.218007
2026-09-21T02:23:02.7381412Z   ...
2026-09-21T02:23:02.7382246Z # Subtest: Livewire Foundry equal independent untimed paired-board clears: expert/grid-center
2026-09-21T02:23:02.7383565Z ok 1089 - Livewire Foundry equal independent untimed paired-board clears: expert/grid-center
2026-09-21T02:23:02.7384644Z   ---
2026-09-21T02:23:02.7384978Z   duration_ms: 2980.596871
2026-09-21T02:23:02.7385373Z   ...
2026-09-21T02:23:02.7386410Z # Subtest: spontaneous close reopens one shared v4 connection and preserves exact audio/still/story rows and originals
2026-09-21T02:23:02.7388055Z ok 1090 - spontaneous close reopens one shared v4 connection and preserves exact audio/still/story rows and originals
2026-09-21T02:23:02.7388985Z   ---
2026-09-21T02:23:02.7389331Z   duration_ms: 1021.130996
2026-09-21T02:23:02.7389717Z   ...
2026-09-21T02:23:02.7390727Z # Subtest: full inventory: a closing-handle constructor failure is preserved; only the next deliberate read reopens
2026-09-21T02:23:02.7392355Z ok 1091 - full inventory: a closing-handle constructor failure is preserved; only the next deliberate read reopens
2026-09-21T02:23:02.7393273Z   ---
2026-09-21T02:23:02.7393870Z   duration_ms: 972.789948
2026-09-21T02:23:02.7394293Z   ...
2026-09-21T02:23:02.7395407Z # Subtest: selected presentation: a closing-handle constructor failure is preserved; only the next deliberate read reopens
2026-09-21T02:23:02.7397226Z ok 1092 - selected presentation: a closing-handle constructor failure is preserved; only the next deliberate read reopens
2026-09-21T02:23:02.7398193Z   ---
2026-09-21T02:23:02.7398540Z   duration_ms: 1017.042199
2026-09-21T02:23:02.7398938Z   ...
2026-09-21T02:23:02.7399849Z # Subtest: late close and versionchange events from an obsolete handle cannot discard a newer opening
2026-09-21T02:23:02.7401251Z ok 1093 - late close and versionchange events from an obsolete handle cannot discard a newer opening
2026-09-21T02:23:02.7402294Z   ---
2026-09-21T02:23:02.7402652Z   duration_ms: 964.76165
2026-09-21T02:23:02.7403042Z   ...
2026-09-21T02:23:02.7404199Z # Subtest: explicit manager close remains terminal after a close event or a rejected transaction
2026-09-21T02:23:02.7405766Z ok 1094 - explicit manager close remains terminal after a close event or a rejected transaction
2026-09-21T02:23:02.7406580Z   ---
2026-09-21T02:23:02.7406931Z   duration_ms: 758.870032
2026-09-21T02:23:02.7407333Z   ...
2026-09-21T02:23:02.7407966Z # Subtest: pre-aborted reads do not reopen an invalidated connection
2026-09-21T02:23:02.7408804Z ok 1095 - pre-aborted reads do not reopen an invalidated connection
2026-09-21T02:23:02.7409355Z   ---
2026-09-21T02:23:02.7409673Z   duration_ms: 1012.764365
2026-09-21T02:23:02.7410398Z   ...
2026-09-21T02:23:02.7411254Z # Subtest: abort during reopen rejects the pending operation and closes its late connection
2026-09-21T02:23:02.7412541Z ok 1096 - abort during reopen rejects the pending operation and closes its late connection
2026-09-21T02:23:02.7413317Z   ---
2026-09-21T02:23:02.7413664Z   duration_ms: 1143.765456
2026-09-21T02:23:02.7414298Z   ...
2026-09-21T02:23:02.7415131Z # Subtest: close during reopen rejects the pending operation and closes its late connection
2026-09-21T02:23:02.7416431Z ok 1097 - close during reopen rejects the pending operation and closes its late connection
2026-09-21T02:23:02.7417211Z   ---
2026-09-21T02:23:02.7417560Z   duration_ms: 920.060541
2026-09-21T02:23:02.7417958Z   ...
2026-09-21T02:23:02.7418841Z # Subtest: versionchange invalidates the handle but never downgrades a newer database on retry
2026-09-21T02:23:02.7420175Z ok 1098 - versionchange invalidates the handle but never downgrades a newer database on retry
2026-09-21T02:23:02.7420973Z   ---
2026-09-21T02:23:02.7421325Z   duration_ms: 565.334253
2026-09-21T02:23:02.7421723Z   ...
2026-09-21T02:23:02.7422699Z # Subtest: other transaction-construction errors propagate unchanged and retain the usable cached handle
2026-09-21T02:23:02.7424386Z ok 1099 - other transaction-construction errors propagate unchanged and retain the usable cached handle
2026-09-21T02:23:02.7425277Z   ---
2026-09-21T02:23:02.7425637Z   duration_ms: 634.057929
2026-09-21T02:23:02.7426041Z   ...
2026-09-21T02:23:02.7426884Z # Subtest: a rejected write constructor never runs its mutation or retries it automatically
2026-09-21T02:23:02.7428154Z ok 1100 - a rejected write constructor never runs its mutation or retries it automatically
2026-09-21T02:23:02.7428921Z   ---
2026-09-21T02:23:02.7429272Z   duration_ms: 833.784766
2026-09-21T02:23:02.7429669Z   ...
2026-09-21T02:23:02.7430621Z # Subtest: an already-created write failure is not retried and preserves rows, originals and its connection
2026-09-21T02:23:02.7432119Z ok 1101 - an already-created write failure is not retried and preserves rows, originals and its connection
2026-09-21T02:23:02.7432970Z   ---
2026-09-21T02:23:02.7433313Z   duration_ms: 834.643097
2026-09-21T02:23:02.7433915Z   ...
2026-09-21T02:23:02.7435029Z # Subtest: deliberate picture ensure retry uses the same saved pin and verified original after a selected-read close
2026-09-21T02:23:02.7436654Z ok 1102 - deliberate picture ensure retry uses the same saved pin and verified original after a selected-read close
2026-09-21T02:23:02.7437576Z   ---
2026-09-21T02:23:02.7437922Z   duration_ms: 768.892882
2026-09-21T02:23:02.7438319Z   ...
2026-09-21T02:23:02.7439291Z # Subtest: homeward-02/immediate/specialty/bomber: optional goal preserves the original win and checkpoint
2026-09-21T02:23:02.7440820Z ok 1103 - homeward-02/immediate/specialty/bomber: optional goal preserves the original win and checkpoint
2026-09-21T02:23:02.7441701Z   ---
2026-09-21T02:23:02.7442049Z   duration_ms: 1128.733432
2026-09-21T02:23:02.7442458Z   ...
2026-09-21T02:23:02.7443470Z # Subtest: homeward-02/immediate/fallback/interceptor: optional goal preserves the original win and checkpoint
2026-09-21T02:23:02.7445507Z ok 1104 - homeward-02/immediate/fallback/interceptor: optional goal preserves the original win and checkpoint
2026-09-21T02:23:02.7446437Z   ---
2026-09-21T02:23:02.7446789Z   duration_ms: 1182.23014
2026-09-21T02:23:02.7447181Z   ...
2026-09-21T02:23:02.7448366Z # Subtest: homeward-02/grid-center/specialty/bomber: optional goal preserves the original win and checkpoint
2026-09-21T02:23:02.7449923Z ok 1105 - homeward-02/grid-center/specialty/bomber: optional goal preserves the original win and checkpoint
2026-09-21T02:23:02.7450803Z   ---
2026-09-21T02:23:02.7451158Z   duration_ms: 964.750099
2026-09-21T02:23:02.7451555Z   ...
2026-09-21T02:23:02.7452568Z # Subtest: homeward-02/grid-center/fallback/interceptor: optional goal preserves the original win and checkpoint
2026-09-21T02:23:02.7454682Z ok 1106 - homeward-02/grid-center/fallback/interceptor: optional goal preserves the original win and checkpoint
2026-09-21T02:23:02.7455525Z   ---
2026-09-21T02:23:02.7455856Z   duration_ms: 1004.850969
2026-09-21T02:23:02.7456243Z   ...
2026-09-21T02:23:02.7457142Z # Subtest: homeward-03/immediate/specialty/impact: optional goal preserves the original win and checkpoint
2026-09-21T02:23:02.7458582Z ok 1107 - homeward-03/immediate/specialty/impact: optional goal preserves the original win and checkpoint
2026-09-21T02:23:02.7459467Z   ---
2026-09-21T02:23:02.7459822Z   duration_ms: 965.348443
2026-09-21T02:23:02.7460232Z   ...
2026-09-21T02:23:02.7461227Z # Subtest: homeward-03/immediate/fallback/interceptor: optional goal preserves the original win and checkpoint
2026-09-21T02:23:02.7462819Z ok 1108 - homeward-03/immediate/fallback/interceptor: optional goal preserves the original win and checkpoint
2026-09-21T02:23:02.7463956Z   ---
2026-09-21T02:23:02.7464311Z   duration_ms: 636.503965
2026-09-21T02:23:02.7464775Z   ...
2026-09-21T02:23:02.7465752Z # Subtest: homeward-03/grid-center/specialty/impact: optional goal preserves the original win and checkpoint
2026-09-21T02:23:02.7467291Z ok 1109 - homeward-03/grid-center/specialty/impact: optional goal preserves the original win and checkpoint
2026-09-21T02:23:02.7468179Z   ---
2026-09-21T02:23:02.7468511Z   duration_ms: 907.526325
2026-09-21T02:23:02.7468894Z   ...
2026-09-21T02:23:02.7469908Z # Subtest: homeward-03/grid-center/fallback/interceptor: optional goal preserves the original win and checkpoint
2026-09-21T02:23:02.7471501Z ok 1110 - homeward-03/grid-center/fallback/interceptor: optional goal preserves the original win and checkpoint
2026-09-21T02:23:02.7472395Z   ---
2026-09-21T02:23:02.7472725Z   duration_ms: 634.752363
2026-09-21T02:23:02.7473083Z   ...
2026-09-21T02:23:02.7474136Z # Subtest: homeward-02/immediate: omitted action never supplies the missing goal
2026-09-21T02:23:02.7475298Z ok 1111 - homeward-02/immediate: omitted action never supplies the missing goal
2026-09-21T02:23:02.7476008Z   ---
2026-09-21T02:23:02.7476346Z   duration_ms: 984.149292
2026-09-21T02:23:02.7476730Z   ...
2026-09-21T02:23:02.7477489Z # Subtest: homeward-02/grid-center: omitted action never supplies the missing goal
2026-09-21T02:23:02.7478640Z ok 1112 - homeward-02/grid-center: omitted action never supplies the missing goal
2026-09-21T02:23:02.7479340Z   ---
2026-09-21T02:23:02.7479686Z   duration_ms: 864.70783
2026-09-21T02:23:02.7480069Z   ...
2026-09-21T02:23:02.7480806Z # Subtest: homeward-03/immediate: omitted action never supplies the missing goal
2026-09-21T02:23:02.7481922Z ok 1113 - homeward-03/immediate: omitted action never supplies the missing goal
2026-09-21T02:23:02.7482614Z   ---
2026-09-21T02:23:02.7482949Z   duration_ms: 872.552966
2026-09-21T02:23:02.7483332Z   ...
2026-09-21T02:23:02.7484266Z # Subtest: homeward-03/grid-center: omitted action never supplies the missing goal
2026-09-21T02:23:02.7485404Z ok 1114 - homeward-03/grid-center: omitted action never supplies the missing goal
2026-09-21T02:23:02.7486109Z   ---
2026-09-21T02:23:02.7486447Z   duration_ms: 908.922867
2026-09-21T02:23:02.7486832Z   ...
2026-09-21T02:23:02.7487625Z # Subtest: v2 request owns all nested definition data and binding before asynchronous work
2026-09-21T02:23:02.7489118Z ok 1115 - v2 request owns all nested definition data and binding before asynchronous work
2026-09-21T02:23:02.7489870Z   ---
2026-09-21T02:23:02.7490213Z   duration_ms: 521.130483
2026-09-21T02:23:02.7490611Z   ...
2026-09-21T02:23:02.7491664Z # Subtest: v2 request admits all four supported pad and region references within its deeper budget
2026-09-21T02:23:02.7493025Z ok 1116 - v2 request admits all four supported pad and region references within its deeper budget
2026-09-21T02:23:02.7494028Z   ---
2026-09-21T02:23:02.7494386Z   duration_ms: 17.649035
2026-09-21T02:23:02.7494785Z   ...
2026-09-21T02:23:02.7495837Z # Subtest: nested request accessors, extra fields, unsupported versions and structural excess reject before progress
2026-09-21T02:23:02.7497500Z ok 1117 - nested request accessors, extra fields, unsupported versions and structural excess reject before progress
2026-09-21T02:23:02.7498429Z   ---
2026-09-21T02:23:02.7498787Z   duration_ms: 4.227777
2026-09-21T02:23:02.7499181Z   ...
2026-09-21T02:23:02.7500005Z # Subtest: missing map, pad, zone, hangar, recipe or actor references never expose an observer
2026-09-21T02:23:02.7501267Z ok 1118 - missing map, pad, zone, hangar, recipe or actor references never expose an observer
2026-09-21T02:23:02.7502043Z   ---
2026-09-21T02:23:02.7502390Z   duration_ms: 27.973426
2026-09-21T02:23:02.7502783Z   ...
2026-09-21T02:23:02.7503595Z # Subtest: v2 cancellation before, during and at final progress yields no verified record
2026-09-21T02:23:02.7505009Z ok 1119 - v2 cancellation before, during and at final progress yields no verified record
2026-09-21T02:23:02.7505755Z   ---
2026-09-21T02:23:02.7506108Z   duration_ms: 1041.778939
2026-09-21T02:23:02.7506510Z   ...
2026-09-21T02:23:02.7507424Z # Subtest: a qualifying v2 preview with a tampered summary grants neither continuation nor certificate
2026-09-21T02:23:02.7508841Z ok 1120 - a qualifying v2 preview with a tampered summary grants neither continuation nor certificate
2026-09-21T02:23:02.7509672Z   ---
2026-09-21T02:23:02.7510022Z   duration_ms: 679.158833
2026-09-21T02:23:02.7510421Z   ...
2026-09-21T02:23:02.7511391Z # Subtest: record resolves existing core identities into owned portable data without claiming qualification
2026-09-21T02:23:02.7512905Z ok 1121 - record resolves existing core identities into owned portable data without claiming qualification
2026-09-21T02:23:02.7513943Z   ---
2026-09-21T02:23:02.7514310Z   duration_ms: 9.084488
2026-09-21T02:23:02.7514695Z   ...
2026-09-21T02:23:02.7515460Z # Subtest: collection resolution is deterministic, owned and accepts empty arrays
2026-09-21T02:23:02.7516620Z ok 1122 - collection resolution is deterministic, owned and accepts empty arrays
2026-09-21T02:23:02.7517335Z   ---
2026-09-21T02:23:02.7517677Z   duration_ms: 6.324268
2026-09-21T02:23:02.7518066Z   ...
2026-09-21T02:23:02.7518931Z # Subtest: setup grouping matches the ordinary route projection and retains exact attempt timing
2026-09-21T02:23:02.7520286Z ok 1123 - setup grouping matches the ordinary route projection and retains exact attempt timing
2026-09-21T02:23:02.7521088Z   ---
2026-09-21T02:23:02.7521424Z   duration_ms: 9.747805
2026-09-21T02:23:02.7521799Z   ...
2026-09-21T02:23:02.7522638Z # Subtest: definition revisions/hashes, maps, level data and qualifying setups stay separate
2026-09-21T02:23:02.7524123Z ok 1124 - definition revisions/hashes, maps, level data and qualifying setups stay separate
2026-09-21T02:23:02.7524905Z   ---
2026-09-21T02:23:02.7525243Z   duration_ms: 42.746165
2026-09-21T02:23:02.7525631Z   ...
2026-09-21T02:23:02.7526519Z # Subtest: union is idempotent, commutative and associative with deterministic earliest-earned ties
2026-09-21T02:23:02.7527901Z ok 1125 - union is idempotent, commutative and associative with deterministic earliest-earned ties
2026-09-21T02:23:02.7528714Z   ---
2026-09-21T02:23:02.7529046Z   duration_ms: 14.905487
2026-09-21T02:23:02.7529425Z   ...
2026-09-21T02:23:02.7530530Z # Subtest: a collection rejects duplicate identities while cross-collection delivery is idempotent
2026-09-21T02:23:02.7531916Z ok 1126 - a collection rejects duplicate identities while cross-collection delivery is idempotent
2026-09-21T02:23:02.7532728Z   ---
2026-09-21T02:23:02.7533067Z   duration_ms: 4.214021
2026-09-21T02:23:02.7533612Z   ...
2026-09-21T02:23:02.7534698Z # Subtest: malformed records and partial goal fragments reject before union without changing inputs
2026-09-21T02:23:02.7536085Z ok 1127 - malformed records and partial goal fragments reject before union without changing inputs
2026-09-21T02:23:02.7536895Z   ---
2026-09-21T02:23:02.7537229Z   duration_ms: 63.507035
2026-09-21T02:23:02.7537607Z   ...
2026-09-21T02:23:02.7538521Z # Subtest: getters, hidden or symbol fields, prototype keys and cyclic/sparse data never become records
2026-09-21T02:23:02.7539939Z ok 1128 - getters, hidden or symbol fields, prototype keys and cyclic/sparse data never become records
2026-09-21T02:23:02.7540773Z   ---
2026-09-21T02:23:02.7541114Z   duration_ms: 7.706467
2026-09-21T02:23:02.7541485Z   ...
2026-09-21T02:23:02.7542380Z # Subtest: ordinary/null-prototype data canonicalizes without aliasing and normalizes negative zero
2026-09-21T02:23:02.7543991Z ok 1129 - ordinary/null-prototype data canonicalizes without aliasing and normalizes negative zero
2026-09-21T02:23:02.7544896Z   ---
2026-09-21T02:23:02.7545286Z   duration_ms: 1.887812
2026-09-21T02:23:02.7545723Z   ...
2026-09-21T02:23:02.7546584Z # Subtest: full class history is bounded explicitly without truncating an existing attempt
2026-09-21T02:23:02.7547817Z ok 1130 - full class history is bounded explicitly without truncating an existing attempt
2026-09-21T02:23:02.7548571Z   ---
2026-09-21T02:23:02.7548901Z   duration_ms: 9.461631
2026-09-21T02:23:02.7549278Z   ...
2026-09-21T02:23:02.7550238Z # Subtest: 4096 compact records fit, duplicate union stays idempotent and overflow preserves both collections
2026-09-21T02:23:02.7551774Z ok 1131 - 4096 compact records fit, duplicate union stays idempotent and overflow preserves both collections
2026-09-21T02:23:02.7552642Z   ---
2026-09-21T02:23:02.7552983Z   duration_ms: 4275.919585
2026-09-21T02:23:02.7553385Z   ...
2026-09-21T02:23:02.7554444Z # Subtest: aggregate byte overflow rejects without silently evicting records below the item cap
2026-09-21T02:23:02.7555775Z ok 1132 - aggregate byte overflow rejects without silently evicting records below the item cap
2026-09-21T02:23:02.7556566Z   ---
2026-09-21T02:23:02.7556901Z   duration_ms: 340.405321
2026-09-21T02:23:02.7557287Z   ...
2026-09-21T02:23:02.7558207Z # Subtest: one strict canonical Steady Signal definition has owned returns and stable content identity
2026-09-21T02:23:02.7559623Z ok 1133 - one strict canonical Steady Signal definition has owned returns and stable content identity
2026-09-21T02:23:02.7560455Z   ---
2026-09-21T02:23:02.7560795Z   duration_ms: 4.641108
2026-09-21T02:23:02.7561161Z   ...
2026-09-21T02:23:02.7561990Z # Subtest: definitions reject unknown, incomplete, duplicate, unbounded or executable data
2026-09-21T02:23:02.7563257Z ok 1134 - definitions reject unknown, incomplete, duplicate, unbounded or executable data
2026-09-21T02:23:02.7564219Z   ---
2026-09-21T02:23:02.7564630Z   duration_ms: 5.598124
2026-09-21T02:23:02.7565010Z   ...
2026-09-21T02:23:02.7565896Z # Subtest: validation never executes accessors and accepts ordinary null-prototype JSON objects
2026-09-21T02:23:02.7567244Z ok 1135 - validation never executes accessors and accepts ordinary null-prototype JSON objects
2026-09-21T02:23:02.7568044Z   ---
2026-09-21T02:23:02.7582466Z   duration_ms: 0.800263
2026-09-21T02:23:02.7582882Z   ...
2026-09-21T02:23:02.7583687Z # Subtest: setup binds a new normalized map and known zone without changing the run
2026-09-21T02:23:02.7585229Z ok 1136 - setup binds a new normalized map and known zone without changing the run
2026-09-21T02:23:02.7585952Z   ---
2026-09-21T02:23:02.7586312Z   duration_ms: 22.101511
2026-09-21T02:23:02.7586954Z   ...
2026-09-21T02:23:02.7587790Z # Subtest: the complete existing campaign-key range survives setup capture and observation
2026-09-21T02:23:02.7589077Z ok 1137 - the complete existing campaign-key range survives setup capture and observation
2026-09-21T02:23:02.7589841Z   ---
2026-09-21T02:23:02.7590359Z   duration_ms: 5.443054
2026-09-21T02:23:02.7590760Z   ...
2026-09-21T02:23:02.7591660Z # Subtest: only a successful cut commits eight distinct endpoints; qualification waits for a won run
2026-09-21T02:23:02.7593050Z ok 1138 - only a successful cut commits eight distinct endpoints; qualification waits for a won run
2026-09-21T02:23:02.7594063Z   ---
2026-09-21T02:23:02.7594411Z   duration_ms: 7.384887
2026-09-21T02:23:02.7594802Z   ...
2026-09-21T02:23:02.7595595Z # Subtest: stationary dwell and revisiting the same endpoint cannot farm distinct cells
2026-09-21T02:23:02.7596834Z ok 1139 - stationary dwell and revisiting the same endpoint cannot farm distinct cells
2026-09-21T02:23:02.7597588Z   ---
2026-09-21T02:23:02.7597934Z   duration_ms: 29.563573
2026-09-21T02:23:02.7598339Z   ...
2026-09-21T02:23:02.7598987Z # Subtest: safe territory and inactive/suppressed zones do not count
2026-09-21T02:23:02.7599931Z ok 1140 - safe territory and inactive/suppressed zones do not count
2026-09-21T02:23:02.7600555Z   ---
2026-09-21T02:23:02.7600903Z   duration_ms: 6.94177
2026-09-21T02:23:02.7601276Z   ...
2026-09-21T02:23:02.7601967Z # Subtest: two short successful cuts never combine into one eight-cell cut
2026-09-21T02:23:02.7602986Z ok 1141 - two short successful cuts never combine into one eight-cell cut
2026-09-21T02:23:02.7603636Z   ---
2026-09-21T02:23:02.7605053Z   duration_ms: 5.674887
2026-09-21T02:23:02.7605499Z   ...
2026-09-21T02:23:02.7606645Z # Subtest: player.failed discards the entire pending cut before another attempt
2026-09-21T02:23:02.7607813Z ok 1142 - player.failed discards the entire pending cut before another attempt
2026-09-21T02:23:02.7608511Z   ---
2026-09-21T02:23:02.7609056Z   duration_ms: 6.285606
2026-09-21T02:23:02.7609664Z   ...
2026-09-21T02:23:02.7610749Z # Subtest: shield.absorbed discards the entire pending cut before another attempt
2026-09-21T02:23:02.7612203Z ok 1143 - shield.absorbed discards the entire pending cut before another attempt
2026-09-21T02:23:02.7613078Z   ---
2026-09-21T02:23:02.7613666Z   duration_ms: 6.470731
2026-09-21T02:23:02.7614355Z   ...
2026-09-21T02:23:02.7615338Z # Subtest: craft.redeployed discards the entire pending cut before another attempt
2026-09-21T02:23:02.7616912Z ok 1144 - craft.redeployed discards the entire pending cut before another attempt
2026-09-21T02:23:02.7617831Z   ---
2026-09-21T02:23:02.7618167Z   duration_ms: 6.076375
2026-09-21T02:23:02.7618734Z   ...
2026-09-21T02:23:02.7620072Z # Subtest: a later qualifying cut cannot erase a lost life; a timeout discards an open qualifying cut
2026-09-21T02:23:02.7621993Z ok 1145 - a later qualifying cut cannot erase a lost life; a timeout discards an open qualifying cut
2026-09-21T02:23:02.7623125Z   ---
2026-09-21T02:23:02.7623475Z   duration_ms: 8.795799
2026-09-21T02:23:02.7624347Z   ...
2026-09-21T02:23:02.7625418Z # Subtest: a closure followed by recovery commits that finished cut in event order
2026-09-21T02:23:02.7626979Z ok 1146 - a closure followed by recovery commits that finished cut in event order
2026-09-21T02:23:02.7627879Z   ---
2026-09-21T02:23:02.7628429Z   duration_ms: 5.265954
2026-09-21T02:23:02.7628915Z   ...
2026-09-21T02:23:02.7629736Z # Subtest: the active recipe controls resistance and the original class/history remain bound
2026-09-21T02:23:02.7631199Z ok 1147 - the active recipe controls resistance and the original class/history remain bound
2026-09-21T02:23:02.7632298Z   ---
2026-09-21T02:23:02.7632742Z   duration_ms: 8.753831
2026-09-21T02:23:02.7633125Z   ...
2026-09-21T02:23:02.7634592Z # Subtest: bad tick/run/setup samples fail atomically, including duplicates and release-only samples
2026-09-21T02:23:02.7636530Z ok 1148 - bad tick/run/setup samples fail atomically, including duplicates and release-only samples
2026-09-21T02:23:02.7638179Z   ---
2026-09-21T02:23:02.7638525Z   duration_ms: 8.095001
2026-09-21T02:23:02.7638922Z   ...
2026-09-21T02:23:02.7640169Z # Subtest: missing cut/failure/completion events cannot silently preserve or commit progress
2026-09-21T02:23:02.7642281Z ok 1149 - missing cut/failure/completion events cannot silently preserve or commit progress
2026-09-21T02:23:02.7643515Z   ---
2026-09-21T02:23:02.7644049Z   duration_ms: 5.90161
2026-09-21T02:23:02.7644509Z   ...
2026-09-21T02:23:02.7645827Z # Subtest: caller mutation, partial restart and fragments from another run cannot alter this observer
2026-09-21T02:23:02.7647863Z ok 1150 - caller mutation, partial restart and fragments from another run cannot alter this observer
2026-09-21T02:23:02.7649118Z   ---
2026-09-21T02:23:02.7649585Z   duration_ms: 4.842174
2026-09-21T02:23:02.7649971Z   ...
2026-09-21T02:23:02.7651415Z # Subtest: unchanged legal homeward-01/immediate/specialty/fiber verifies and produces the intended optional result
2026-09-21T02:23:02.7653983Z ok 1151 - unchanged legal homeward-01/immediate/specialty/fiber verifies and produces the intended optional result
2026-09-21T02:23:02.7655170Z   ---
2026-09-21T02:23:02.7655521Z   duration_ms: 418.230405
2026-09-21T02:23:02.7656109Z   ...
2026-09-21T02:23:02.7657863Z # Subtest: unchanged legal homeward-01/immediate/fallback/interceptor verifies and produces the intended optional result
2026-09-21T02:23:02.7660242Z ok 1152 - unchanged legal homeward-01/immediate/fallback/interceptor verifies and produces the intended optional result
2026-09-21T02:23:02.7661392Z   ---
2026-09-21T02:23:02.7661857Z   duration_ms: 818.14597
2026-09-21T02:23:02.7662371Z   ...
2026-09-21T02:23:02.7663423Z # Subtest: unchanged legal homeward-01/grid-center/specialty/fiber verifies and produces the intended optional result
2026-09-21T02:23:02.7665787Z ok 1153 - unchanged legal homeward-01/grid-center/specialty/fiber verifies and produces the intended optional result
2026-09-21T02:23:02.7667262Z   ---
2026-09-21T02:23:02.7667824Z   duration_ms: 232.318228
2026-09-21T02:23:02.7668338Z   ...
2026-09-21T02:23:02.7669965Z # Subtest: unchanged legal homeward-01/grid-center/fallback/interceptor verifies and produces the intended optional result
2026-09-21T02:23:02.7672204Z ok 1154 - unchanged legal homeward-01/grid-center/fallback/interceptor verifies and produces the intended optional result
2026-09-21T02:23:02.7673882Z   ---
2026-09-21T02:23:02.7674240Z   duration_ms: 484.096642
2026-09-21T02:23:02.7674965Z   ...
2026-09-21T02:23:02.7676256Z # Subtest: reconstruction from tick zero across an explicit live-cut release retains exact mastery and replay
2026-09-21T02:23:02.7678300Z ok 1155 - reconstruction from tick zero across an explicit live-cut release retains exact mastery and replay
2026-09-21T02:23:02.7679490Z   ---
2026-09-21T02:23:02.7680046Z   duration_ms: 273.728627
2026-09-21T02:23:02.7680651Z   ...
2026-09-21T02:23:02.7681715Z # Subtest: runtime metadata and selected image use one row plus two keyed gets, no inventory/decodes/writes
2026-09-21T02:23:02.7684037Z ok 1156 - runtime metadata and selected image use one row plus two keyed gets, no inventory/decodes/writes
2026-09-21T02:23:02.7685218Z   ---
2026-09-21T02:23:02.7685668Z   duration_ms: 180.297049
2026-09-21T02:23:02.7686282Z   ...
2026-09-21T02:23:02.7687386Z # Subtest: metadata snapshot is bound to its store, immutable asset history remains readable after assignment edit
2026-09-21T02:23:02.7688971Z ok 1157 - metadata snapshot is bound to its store, immutable asset history remains readable after assignment edit
2026-09-21T02:23:02.7689864Z   ---
2026-09-21T02:23:02.7690202Z   duration_ms: 337.014119
2026-09-21T02:23:02.7690592Z   ...
2026-09-21T02:23:02.7691547Z # Subtest: selected path accepts one physical shared original and rejects duplicate placement like full read
2026-09-21T02:23:02.7693123Z ok 1158 - selected path accepts one physical shared original and rejects duplicate placement like full read
2026-09-21T02:23:02.7695991Z   ---
2026-09-21T02:23:02.7696349Z   duration_ms: 145.904778
2026-09-21T02:23:02.7696749Z   ...
2026-09-21T02:23:02.7697696Z # Subtest: unrelated missing originals do not block metadata/selected read, admin full read still refuses
2026-09-21T02:23:02.7699571Z ok 1159 - unrelated missing originals do not block metadata/selected read, admin full read still refuses
2026-09-21T02:23:02.7700427Z   ---
2026-09-21T02:23:02.7700774Z   duration_ms: 215.172929
2026-09-21T02:23:02.7701157Z   ...
2026-09-21T02:23:02.7702058Z # Subtest: corrupt bytes/size/native type fail before decoder; decoded dimension mismatch also refuses
2026-09-21T02:23:02.7703481Z ok 1160 - corrupt bytes/size/native type fail before decoder; decoded dimension mismatch also refuses
2026-09-21T02:23:02.7704515Z   ---
2026-09-21T02:23:02.7704850Z   duration_ms: 134.277042
2026-09-21T02:23:02.7705235Z   ...
2026-09-21T02:23:02.7706467Z # Subtest: metadata-only read validates retained owner recipes and generation before any Blob access
2026-09-21T02:23:02.7708435Z ok 1161 - metadata-only read validates retained owner recipes and generation before any Blob access
2026-09-21T02:23:02.7709682Z   ---
2026-09-21T02:23:02.7710035Z   duration_ms: 150.817311
2026-09-21T02:23:02.7710422Z   ...
2026-09-21T02:23:02.7711874Z # Subtest: valid-looking stored dimensions inconsistent with original header refuse before decoder allocation
2026-09-21T02:23:02.7714241Z ok 1162 - valid-looking stored dimensions inconsistent with original header refuse before decoder allocation
2026-09-21T02:23:02.7715354Z   ---
2026-09-21T02:23:02.7715689Z   duration_ms: 174.070445
2026-09-21T02:23:02.7716379Z   ...
2026-09-21T02:23:02.7717626Z # Subtest: runtime read abort and borrowed adapter close cannot publish a late selected asset
2026-09-21T02:23:02.7719432Z ok 1163 - runtime read abort and borrowed adapter close cannot publish a late selected asset
2026-09-21T02:23:02.7720417Z   ---
2026-09-21T02:23:02.7720753Z   duration_ms: 107.98216
2026-09-21T02:23:02.7721443Z   ...
2026-09-21T02:23:02.7722740Z # Subtest: one-shot focus uses the existing visible default without activating it or owning later scope changes
2026-09-21T02:23:02.7725036Z ok 1164 - one-shot focus uses the existing visible default without activating it or owning later scope changes
2026-09-21T02:23:02.7726337Z   ---
2026-09-21T02:23:02.7726781Z   duration_ms: 6.680995
2026-09-21T02:23:02.7727374Z   ...
2026-09-21T02:23:02.7728542Z # Subtest: one-shot focus excludes a hidden preferred control using the shared navigation filter
2026-09-21T02:23:02.7730190Z ok 1165 - one-shot focus excludes a hidden preferred control using the shared navigation filter
2026-09-21T02:23:02.7731287Z   ---
2026-09-21T02:23:02.7731771Z   duration_ms: 0.738668
2026-09-21T02:23:02.7732227Z   ...
2026-09-21T02:23:02.7734226Z # Subtest: one-shot focus excludes a disabled preferred control using the shared navigation filter
2026-09-21T02:23:02.7735649Z ok 1166 - one-shot focus excludes a disabled preferred control using the shared navigation filter
2026-09-21T02:23:02.7736469Z   ---
2026-09-21T02:23:02.7736818Z   duration_ms: 0.624194
2026-09-21T02:23:02.7737191Z   ...
2026-09-21T02:23:02.7738035Z # Subtest: one-shot focus excludes a inert preferred control using the shared navigation filter
2026-09-21T02:23:02.7739592Z ok 1167 - one-shot focus excludes a inert preferred control using the shared navigation filter
2026-09-21T02:23:02.7740593Z   ---
2026-09-21T02:23:02.7740931Z   duration_ms: 0.561628
2026-09-21T02:23:02.7741472Z   ...
2026-09-21T02:23:02.7742672Z # Subtest: one-shot focus excludes a invisible preferred control using the shared navigation filter
2026-09-21T02:23:02.7744431Z ok 1168 - one-shot focus excludes a invisible preferred control using the shared navigation filter
2026-09-21T02:23:02.7745246Z   ---
2026-09-21T02:23:02.7745586Z   duration_ms: 0.58942
2026-09-21T02:23:02.7745958Z   ...
2026-09-21T02:23:02.7746884Z # Subtest: one-shot focus excludes a closed details preferred control using the shared navigation filter
2026-09-21T02:23:02.7748560Z ok 1169 - one-shot focus excludes a closed details preferred control using the shared navigation filter
2026-09-21T02:23:02.7749396Z   ---
2026-09-21T02:23:02.7749727Z   duration_ms: 1.981126
2026-09-21T02:23:02.7750105Z   ...
2026-09-21T02:23:02.7751177Z # Subtest: one-shot focus keeps a current eligible choice and refuses destroyed, empty or flight scopes
2026-09-21T02:23:02.7752607Z ok 1170 - one-shot focus keeps a current eligible choice and refuses destroyed, empty or flight scopes
2026-09-21T02:23:02.7753445Z   ---
2026-09-21T02:23:02.7753986Z   duration_ms: 0.588267
2026-09-21T02:23:02.7754370Z   ...
2026-09-21T02:23:02.7755226Z # Subtest: classic ready cards name contact pickups, material hazards and claimed-ground threats
2026-09-21T02:23:02.7756562Z ok 1171 - classic ready cards name contact pickups, material hazards and claimed-ground threats
2026-09-21T02:23:02.7757351Z   ---
2026-09-21T02:23:02.7757807Z   duration_ms: 3.433977
2026-09-21T02:23:02.7758200Z   ...
2026-09-21T02:23:02.7759035Z # Subtest: Homeward ready cards retain factual requirements without copying route paragraphs
2026-09-21T02:23:02.7760323Z ok 1172 - Homeward ready cards retain factual requirements without copying route paragraphs
2026-09-21T02:23:02.7761103Z   ---
2026-09-21T02:23:02.7761441Z   duration_ms: 2.69051
2026-09-21T02:23:02.7761813Z   ...
2026-09-21T02:23:02.7762679Z # Subtest: required objectives and deadlines come from rules, not optional medals or stale prose
2026-09-21T02:23:02.7764204Z ok 1173 - required objectives and deadlines come from rules, not optional medals or stale prose
2026-09-21T02:23:02.7765061Z   ---
2026-09-21T02:23:02.7765401Z   duration_ms: 0.44513
2026-09-21T02:23:02.7765767Z   ...
2026-09-21T02:23:02.7766506Z # Subtest: absent or zero hard limits never turn time medals into a mission deadline
2026-09-21T02:23:02.7767635Z ok 1174 - absent or zero hard limits never turn time medals into a mission deadline
2026-09-21T02:23:02.7768337Z   ---
2026-09-21T02:23:02.7768678Z   duration_ms: 0.426236
2026-09-21T02:23:02.7769050Z   ...
2026-09-21T02:23:02.7769860Z # Subtest: intro guidance is opt-in, so first expansion maps retain their own title and facts
2026-09-21T02:23:02.7771107Z ok 1175 - intro guidance is opt-in, so first expansion maps retain their own title and facts
2026-09-21T02:23:02.7771857Z   ---
2026-09-21T02:23:02.7772200Z   duration_ms: 0.422538
2026-09-21T02:23:02.7772567Z   ...
2026-09-21T02:23:02.7773404Z # Subtest: long imported prose and titles stay complete in the brief, with a bounded ready title
2026-09-21T02:23:02.7774897Z ok 1176 - long imported prose and titles stay complete in the brief, with a bounded ready title
2026-09-21T02:23:02.7775671Z   ---
2026-09-21T02:23:02.7776002Z   duration_ms: 0.31597
2026-09-21T02:23:02.7776371Z   ...
2026-09-21T02:23:02.7777177Z # Subtest: a recommendation is not inferred from casual class mentions or unknown equipment
2026-09-21T02:23:02.7778422Z ok 1177 - a recommendation is not inferred from casual class mentions or unknown equipment
2026-09-21T02:23:02.7779177Z   ---
2026-09-21T02:23:02.7779514Z   duration_ms: 1.451308
2026-09-21T02:23:02.7779883Z   ...
2026-09-21T02:23:02.7780746Z # Subtest: all bundled pack ready cards remain compact while retaining the complete authored brief
2026-09-21T02:23:02.7782103Z ok 1178 - all bundled pack ready cards remain compact while retaining the complete authored brief
2026-09-21T02:23:02.7782894Z   ---
2026-09-21T02:23:02.7783227Z   duration_ms: 423.156699
2026-09-21T02:23:02.7783620Z   ...
2026-09-21T02:23:02.7784734Z # Subtest: pressure brief explains locked commitment while preserving the full authored routing lesson
2026-09-21T02:23:02.7786176Z ok 1179 - pressure brief explains locked commitment while preserving the full authored routing lesson
2026-09-21T02:23:02.7787016Z   ---
2026-09-21T02:23:02.7787346Z   duration_ms: 0.577488
2026-09-21T02:23:02.7787714Z   ...
2026-09-21T02:23:02.7788649Z # Subtest: replacement Stay focus is revealed inside a short dialog without changing the unfinished flight
2026-09-21T02:23:02.7790322Z ok 1180 - replacement Stay focus is revealed inside a short dialog without changing the unfinished flight
2026-09-21T02:23:02.7791163Z   ---
2026-09-21T02:23:02.7791508Z   duration_ms: 6235.876932
2026-09-21T02:23:02.7791899Z   ...
2026-09-21T02:23:02.7792996Z # Subtest: actual level selection asks once; Stay keeps the queued flight, Replace prepares without Resume
2026-09-21T02:23:02.7794884Z ok 1181 - actual level selection asks once; Stay keeps the queued flight, Replace prepares without Resume
2026-09-21T02:23:02.7795781Z   ---
2026-09-21T02:23:02.7796157Z   duration_ms: 4662.208432
2026-09-21T02:23:02.7796590Z   ...
2026-09-21T02:23:02.7797554Z # Subtest: actual card selection asks once; Stay keeps the queued flight, Replace prepares without Resume
2026-09-21T02:23:02.7798991Z ok 1182 - actual card selection asks once; Stay keeps the queued flight, Replace prepares without Resume
2026-09-21T02:23:02.7799828Z   ---
2026-09-21T02:23:02.7800194Z   duration_ms: 5070.91348
2026-09-21T02:23:02.7800588Z   ...
2026-09-21T02:23:02.7801546Z # Subtest: actual campaign selection asks once; Stay keeps the queued flight, Replace prepares without Resume
2026-09-21T02:23:02.7803071Z ok 1183 - actual campaign selection asks once; Stay keeps the queued flight, Replace prepares without Resume
2026-09-21T02:23:02.7804159Z   ---
2026-09-21T02:23:02.7804524Z   duration_ms: 6087.175465
2026-09-21T02:23:02.7804946Z   ...
2026-09-21T02:23:02.7805866Z # Subtest: actual pack selection asks once; Stay keeps the queued flight, Replace prepares without Resume
2026-09-21T02:23:02.7807306Z ok 1184 - actual pack selection asks once; Stay keeps the queued flight, Replace prepares without Resume
2026-09-21T02:23:02.7808141Z   ---
2026-09-21T02:23:02.7808485Z   duration_ms: 7749.183979
2026-09-21T02:23:02.7808882Z   ...
2026-09-21T02:23:02.7809906Z # Subtest: same mission card/level/campaign/base pack preserves a running attempt without pause, write or restart
2026-09-21T02:23:02.7811500Z ok 1185 - same mission card/level/campaign/base pack preserves a running attempt without pause, write or restart
2026-09-21T02:23:02.7812403Z   ---
2026-09-21T02:23:02.7812751Z   duration_ms: 4471.884853
2026-09-21T02:23:02.7813158Z   ...
2026-09-21T02:23:02.7814247Z # Subtest: button Stay cancels a pending check and restores the exact opener without late save or Resume
2026-09-21T02:23:02.7815675Z ok 1186 - button Stay cancels a pending check and restores the exact opener without late save or Resume
2026-09-21T02:23:02.7816510Z   ---
2026-09-21T02:23:02.7816854Z   duration_ms: 7147.653782
2026-09-21T02:23:02.7817251Z   ...
2026-09-21T02:23:02.7818179Z # Subtest: Escape Stay cancels a pending check and restores the exact opener without late save or Resume
2026-09-21T02:23:02.7819594Z ok 1187 - Escape Stay cancels a pending check and restores the exact opener without late save or Resume
2026-09-21T02:23:02.7819744Z   ---
2026-09-21T02:23:02.7819912Z   duration_ms: 4486.307488
2026-09-21T02:23:02.7820073Z   ...
2026-09-21T02:23:02.7820863Z # Subtest: controller Stay cancels a pending check and restores the exact opener without late save or Resume
2026-09-21T02:23:02.7821633Z ok 1188 - controller Stay cancels a pending check and restores the exact opener without late save or Resume
2026-09-21T02:23:02.7821779Z   ---
2026-09-21T02:23:02.7821961Z   duration_ms: 4186.598563
2026-09-21T02:23:02.7822113Z   ...
2026-09-21T02:23:02.7823079Z # Subtest: quota keeps truthful loss warning and the old attempt until explicit Replace
2026-09-21T02:23:02.7823857Z ok 1189 - quota keeps truthful loss warning and the old attempt until explicit Replace
2026-09-21T02:23:02.7824018Z   ---
2026-09-21T02:23:02.7824198Z   duration_ms: 4138.77593
2026-09-21T02:23:02.7824342Z   ...
2026-09-21T02:23:02.7824992Z # Subtest: readback keeps truthful loss warning and the old attempt until explicit Replace
2026-09-21T02:23:02.7825619Z ok 1190 - readback keeps truthful loss warning and the old attempt until explicit Replace
2026-09-21T02:23:02.7825992Z   ---
2026-09-21T02:23:02.7826166Z   duration_ms: 6128.161659
2026-09-21T02:23:02.7826311Z   ...
2026-09-21T02:23:02.7826997Z # Subtest: newer-before keeps truthful loss warning and the old attempt until explicit Replace
2026-09-21T02:23:02.7827816Z ok 1191 - newer-before keeps truthful loss warning and the old attempt until explicit Replace
2026-09-21T02:23:02.7827972Z   ---
2026-09-21T02:23:02.7828145Z   duration_ms: 4054.54419
2026-09-21T02:23:02.7828285Z   ...
2026-09-21T02:23:02.7829064Z # Subtest: new saved slot after verification requires a second deliberate Replace and is never overwritten
2026-09-21T02:23:02.7829821Z ok 1192 - new saved slot after verification requires a second deliberate Replace and is never overwritten
2026-09-21T02:23:02.7829970Z   ---
2026-09-21T02:23:02.7830137Z   duration_ms: 5626.175458
2026-09-21T02:23:02.7830280Z   ...
2026-09-21T02:23:02.7830978Z # Subtest: different pack download leaves an installed live run/recorder intact through pagehide
2026-09-21T02:23:02.7831659Z ok 1193 - different pack download leaves an installed live run/recorder intact through pagehide
2026-09-21T02:23:02.7831806Z   ---
2026-09-21T02:23:02.7831976Z   duration_ms: 6110.053501
2026-09-21T02:23:02.7832117Z   ...
2026-09-21T02:23:02.7832780Z # Subtest: different pack save leaves an installed live run/recorder intact through pagehide
2026-09-21T02:23:02.7833419Z ok 1194 - different pack save leaves an installed live run/recorder intact through pagehide
2026-09-21T02:23:02.7833565Z   ---
2026-09-21T02:23:02.7833927Z   duration_ms: 7065.554294
2026-09-21T02:23:02.7834080Z   ...
2026-09-21T02:23:02.7834848Z # Subtest: different pack cancel-download leaves an installed live run/recorder intact through pagehide
2026-09-21T02:23:02.7835586Z ok 1195 - different pack cancel-download leaves an installed live run/recorder intact through pagehide
2026-09-21T02:23:02.7835734Z   ---
2026-09-21T02:23:02.7835903Z   duration_ms: 6914.375708
2026-09-21T02:23:02.7836049Z   ...
2026-09-21T02:23:02.7836536Z # Subtest: pending replacement does not reclaim another control focus
2026-09-21T02:23:02.7837012Z ok 1196 - pending replacement does not reclaim another control focus
2026-09-21T02:23:02.7837159Z   ---
2026-09-21T02:23:02.7837321Z   duration_ms: 6125.456878
2026-09-21T02:23:02.7837467Z   ...
2026-09-21T02:23:02.7837918Z # Subtest: pending replacement does not reclaim background focus
2026-09-21T02:23:02.7838340Z ok 1197 - pending replacement does not reclaim background focus
2026-09-21T02:23:02.7838487Z   ---
2026-09-21T02:23:02.7838655Z   duration_ms: 6179.092491
2026-09-21T02:23:02.7838799Z   ...
2026-09-21T02:23:02.7839204Z # Subtest: pending replacement does not reclaim hidden focus
2026-09-21T02:23:02.7839600Z ok 1198 - pending replacement does not reclaim hidden focus
2026-09-21T02:23:02.7839746Z   ---
2026-09-21T02:23:02.7839908Z   duration_ms: 6122.919235
2026-09-21T02:23:02.7840069Z   ...
2026-09-21T02:23:02.7840875Z # Subtest: successful different-pack install adopts a fresh paused run and leaves the previous run unchanged
2026-09-21T02:23:02.7841662Z ok 1199 - successful different-pack install adopts a fresh paused run and leaves the previous run unchanged
2026-09-21T02:23:02.7841807Z   ---
2026-09-21T02:23:02.7841975Z   duration_ms: 5413.854985
2026-09-21T02:23:02.7842112Z   ...
2026-09-21T02:23:02.7842824Z # Subtest: chapter card uses the existing pack change adapter but Stay returns to that visible card
2026-09-21T02:23:02.7843512Z ok 1200 - chapter card uses the existing pack change adapter but Stay returns to that visible card
2026-09-21T02:23:02.7843656Z   ---
2026-09-21T02:23:02.7843987Z   duration_ms: 6615.228734
2026-09-21T02:23:02.7844137Z   ...
2026-09-21T02:23:02.7844893Z # Subtest: restored paused unfinished flight is guarded and Stay preserves its exact saved continuation
2026-09-21T02:23:02.7845157Z     # Subtest: create a real saved queued turn
2026-09-21T02:23:02.7845401Z     ok 1 - create a real saved queued turn
2026-09-21T02:23:02.7845553Z       ---
2026-09-21T02:23:02.7845761Z       duration_ms: 5529.693892
2026-09-21T02:23:02.7846095Z       ...
2026-09-21T02:23:02.7846555Z     # Subtest: reload, explicitly Continue, Pause, then choose another mission
2026-09-21T02:23:02.7846978Z     ok 2 - reload, explicitly Continue, Pause, then choose another mission
2026-09-21T02:23:02.7847122Z       ---
2026-09-21T02:23:02.7847489Z       duration_ms: 4613.570827
2026-09-21T02:23:02.7847641Z       ...
2026-09-21T02:23:02.7847788Z     1..2
2026-09-21T02:23:02.7848520Z ok 1201 - restored paused unfinished flight is guarded and Stay preserves its exact saved continuation
2026-09-21T02:23:02.7848669Z   ---
2026-09-21T02:23:02.7848839Z   duration_ms: 10151.484559
2026-09-21T02:23:02.7848978Z   ...
2026-09-21T02:23:02.7849676Z # Subtest: unavailable IDs and locked missions do not create prompts or adopt an arbitrary target
2026-09-21T02:23:02.7850351Z ok 1202 - unavailable IDs and locked missions do not create prompts or adopt an arbitrary target
2026-09-21T02:23:02.7850492Z   ---
2026-09-21T02:23:02.7850669Z   duration_ms: 8804.894653
2026-09-21T02:23:02.7850813Z   ...
2026-09-21T02:23:02.7851735Z # Subtest: actual Title Missions → team → Back restores exact menu without adoption
2026-09-21T02:23:02.7852052Z     # Subtest: depart through the real explicit controls
2026-09-21T02:23:02.7852360Z     ok 1 - depart through the real explicit controls
2026-09-21T02:23:02.7852520Z       ---
2026-09-21T02:23:02.7852719Z       duration_ms: 3528.972024
2026-09-21T02:23:02.7852870Z       ...
2026-09-21T02:23:02.7853339Z     # Subtest: receiving Solo opens exact Missions focus, with no flight resume
2026-09-21T02:23:02.7853946Z     ok 2 - receiving Solo opens exact Missions focus, with no flight resume
2026-09-21T02:23:02.7854099Z       ---
2026-09-21T02:23:02.7854304Z       duration_ms: 2913.855892
2026-09-21T02:23:02.7854449Z       ...
2026-09-21T02:23:02.7854786Z     # Subtest: the same return query is consumed, not replayed
2026-09-21T02:23:02.7855102Z     ok 3 - the same return query is consumed, not replayed
2026-09-21T02:23:02.7855264Z       ---
2026-09-21T02:23:02.7855467Z       duration_ms: 1442.391113
2026-09-21T02:23:02.7855608Z       ...
2026-09-21T02:23:02.7855754Z     1..3
2026-09-21T02:23:02.7856476Z ok 1203 - actual Title Missions → team → Back restores exact menu without adoption
2026-09-21T02:23:02.7856618Z   ---
2026-09-21T02:23:02.7856803Z   duration_ms: 7887.851821
2026-09-21T02:23:02.7856948Z   ...
2026-09-21T02:23:02.7857695Z # Subtest: actual paused cut Missions → team → Back restores exact menu without adoption
2026-09-21T02:23:02.7858010Z     # Subtest: depart through the real explicit controls
2026-09-21T02:23:02.7858301Z     ok 1 - depart through the real explicit controls
2026-09-21T02:23:02.7858455Z       ---
2026-09-21T02:23:02.7858655Z       duration_ms: 4697.468063
2026-09-21T02:23:02.7858803Z       ...
2026-09-21T02:23:02.7859266Z     # Subtest: receiving Solo opens exact Missions focus, with no flight resume
2026-09-21T02:23:02.7859683Z     ok 2 - receiving Solo opens exact Missions focus, with no flight resume
2026-09-21T02:23:02.7859846Z       ---
2026-09-21T02:23:02.7860018Z       duration_ms: 1861.86943
2026-09-21T02:23:02.7860165Z       ...
2026-09-21T02:23:02.7860505Z     # Subtest: the same return query is consumed, not replayed
2026-09-21T02:23:02.7860829Z     ok 3 - the same return query is consumed, not replayed
2026-09-21T02:23:02.7860977Z       ---
2026-09-21T02:23:02.7861144Z       duration_ms: 838.498649
2026-09-21T02:23:02.7861291Z       ...
2026-09-21T02:23:02.7861438Z     1..3
2026-09-21T02:23:02.7862172Z ok 1204 - actual paused cut Missions → team → Back restores exact menu without adoption
2026-09-21T02:23:02.7862313Z   ---
2026-09-21T02:23:02.7862487Z   duration_ms: 7398.962955
2026-09-21T02:23:02.7862631Z   ...
2026-09-21T02:23:02.7863415Z # Subtest: failed checked save stays paused; explicit Leave warns of loss and never overwrites a newer save
2026-09-21T02:23:02.7864049Z     # Subtest: preserve an externally changed slot through Leave and pagehide
2026-09-21T02:23:02.7864758Z     ok 1 - preserve an externally changed slot through Leave and pagehide
2026-09-21T02:23:02.7864913Z       ---
2026-09-21T02:23:02.7865114Z       duration_ms: 4027.506362
2026-09-21T02:23:02.7865262Z       ...
2026-09-21T02:23:02.7865408Z     1..1
2026-09-21T02:23:02.7866342Z ok 1205 - failed checked save stays paused; explicit Leave warns of loss and never overwrites a newer save
2026-09-21T02:23:02.7866499Z   ---
2026-09-21T02:23:02.7866668Z   duration_ms: 4028.067218
2026-09-21T02:23:02.7866808Z   ...
2026-09-21T02:23:02.7867600Z # Subtest: storage failure after a successful check requires another deliberate Leave with truthful warning
2026-09-21T02:23:02.7868368Z ok 1206 - storage failure after a successful check requires another deliberate Leave with truthful warning
2026-09-21T02:23:02.7868515Z   ---
2026-09-21T02:23:02.7868677Z   duration_ms: 4703.984789
2026-09-21T02:23:02.7868825Z   ...
2026-09-21T02:23:02.7869485Z # Subtest: unavailable return storage preserves ready title with an explicit fixed fallback
2026-09-21T02:23:02.7869797Z     # Subtest: choose the warned fallback deliberately
2026-09-21T02:23:02.7870080Z     ok 1 - choose the warned fallback deliberately
2026-09-21T02:23:02.7870229Z       ---
2026-09-21T02:23:02.7870431Z       duration_ms: 2805.866807
2026-09-21T02:23:02.7870572Z       ...
2026-09-21T02:23:02.7870726Z     1..1
2026-09-21T02:23:02.7871371Z ok 1207 - unavailable return storage preserves ready title with an explicit fixed fallback
2026-09-21T02:23:02.7871509Z   ---
2026-09-21T02:23:02.7871679Z   duration_ms: 2806.419909
2026-09-21T02:23:02.7871823Z   ...
2026-09-21T02:23:02.7872517Z # Subtest: unavailable return storage preserves verified flight with an explicit fixed fallback
2026-09-21T02:23:02.7872817Z     # Subtest: choose the warned fallback deliberately
2026-09-21T02:23:02.7873093Z     ok 1 - choose the warned fallback deliberately
2026-09-21T02:23:02.7873246Z       ---
2026-09-21T02:23:02.7873441Z       duration_ms: 5598.006261
2026-09-21T02:23:02.7873587Z       ...
2026-09-21T02:23:02.7873911Z     1..1
2026-09-21T02:23:02.7874605Z ok 1208 - unavailable return storage preserves verified flight with an explicit fixed fallback
2026-09-21T02:23:02.7874752Z   ---
2026-09-21T02:23:02.7874923Z   duration_ms: 5598.400277
2026-09-21T02:23:02.7875068Z   ...
2026-09-21T02:23:02.7875769Z # Subtest: Stay cancels a pending verified-save wait and late completion cannot navigate or write
2026-09-21T02:23:02.7876460Z ok 1209 - Stay cancels a pending verified-save wait and late completion cannot navigate or write
2026-09-21T02:23:02.7876605Z   ---
2026-09-21T02:23:02.7876769Z   duration_ms: 6537.465271
2026-09-21T02:23:02.7876913Z   ...
2026-09-21T02:23:02.7877674Z # Subtest: return with incompatible source falls back to visible Title without changing stored authority
2026-09-21T02:23:02.7877961Z     # Subtest: capture the installed menu identity
2026-09-21T02:23:02.7878217Z     ok 1 - capture the installed menu identity
2026-09-21T02:23:02.7878369Z       ---
2026-09-21T02:23:02.7878547Z       duration_ms: 820.226374
2026-09-21T02:23:02.7878685Z       ...
2026-09-21T02:23:02.7879039Z     # Subtest: reject stale context at the real receiving host
2026-09-21T02:23:02.7879352Z     ok 2 - reject stale context at the real receiving host
2026-09-21T02:23:02.7879495Z       ---
2026-09-21T02:23:02.7879672Z       duration_ms: 960.968954
2026-09-21T02:23:02.7879818Z       ...
2026-09-21T02:23:02.7879964Z     1..2
2026-09-21T02:23:02.7880698Z ok 1210 - return with incompatible source falls back to visible Title without changing stored authority
2026-09-21T02:23:02.7880843Z   ---
2026-09-21T02:23:02.7881012Z   duration_ms: 1781.886537
2026-09-21T02:23:02.7881150Z   ...
2026-09-21T02:23:02.7881937Z # Subtest: return with incompatible selection falls back to visible Title without changing stored authority
2026-09-21T02:23:02.7882221Z     # Subtest: capture the installed menu identity
2026-09-21T02:23:02.7882483Z     ok 1 - capture the installed menu identity
2026-09-21T02:23:02.7882627Z       ---
2026-09-21T02:23:02.7882986Z       duration_ms: 831.381301
2026-09-21T02:23:02.7883131Z       ...
2026-09-21T02:23:02.7883450Z     # Subtest: reject stale context at the real receiving host
2026-09-21T02:23:02.7883918Z     ok 2 - reject stale context at the real receiving host
2026-09-21T02:23:02.7884076Z       ---
2026-09-21T02:23:02.7884492Z       duration_ms: 785.833915
2026-09-21T02:23:02.7884642Z       ...
2026-09-21T02:23:02.7884786Z     1..2
2026-09-21T02:23:02.7885561Z ok 1211 - return with incompatible selection falls back to visible Title without changing stored authority
2026-09-21T02:23:02.7885699Z   ---
2026-09-21T02:23:02.7885870Z   duration_ms: 1617.594192
2026-09-21T02:23:02.7886016Z   ...
2026-09-21T02:23:02.7886632Z # Subtest: checked save quota failure never claims durable storage or navigates silently
2026-09-21T02:23:02.7887237Z ok 1212 - checked save quota failure never claims durable storage or navigates silently
2026-09-21T02:23:02.7887385Z   ---
2026-09-21T02:23:02.7887553Z   duration_ms: 3643.567678
2026-09-21T02:23:02.7887698Z   ...
2026-09-21T02:23:02.7888345Z # Subtest: checked save readback failure never claims durable storage or navigates silently
2026-09-21T02:23:02.7888971Z ok 1213 - checked save readback failure never claims durable storage or navigates silently
2026-09-21T02:23:02.7889110Z   ---
2026-09-21T02:23:02.7889287Z   duration_ms: 3709.544061
2026-09-21T02:23:02.7889430Z   ...
2026-09-21T02:23:02.7890303Z # Subtest: a newer slot after helper readback cannot become this departure’s saved authority
2026-09-21T02:23:02.7891231Z ok 1214 - a newer slot after helper readback cannot become this departure’s saved authority
2026-09-21T02:23:02.7891384Z   ---
2026-09-21T02:23:02.7891557Z   duration_ms: 3491.082327
2026-09-21T02:23:02.7891694Z   ...
2026-09-21T02:23:02.7892280Z # Subtest: pending theme preparation cannot depart with a stale visible selection
2026-09-21T02:23:02.7892841Z ok 1215 - pending theme preparation cannot depart with a stale visible selection
2026-09-21T02:23:02.7892991Z   ---
2026-09-21T02:23:02.7893165Z   duration_ms: 1912.280043
2026-09-21T02:23:02.7893307Z   ...
2026-09-21T02:23:02.7894150Z # Subtest: team: blur retires a pending save decision before late locks can write or navigate
2026-09-21T02:23:02.7894794Z ok 1216 - team: blur retires a pending save decision before late locks can write or navigate
2026-09-21T02:23:02.7894943Z   ---
2026-09-21T02:23:02.7895117Z   duration_ms: 7434.875294
2026-09-21T02:23:02.7895254Z   ...
2026-09-21T02:23:02.7895927Z # Subtest: team: hidden retires a pending save decision before late locks can write or navigate
2026-09-21T02:23:02.7896572Z ok 1217 - team: hidden retires a pending save decision before late locks can write or navigate
2026-09-21T02:23:02.7896718Z   ---
2026-09-21T02:23:02.7896879Z   duration_ms: 5860.676248
2026-09-21T02:23:02.7897023Z   ...
2026-09-21T02:23:02.7897714Z # Subtest: team: pagehide retires a pending save decision before late locks can write or navigate
2026-09-21T02:23:02.7898381Z ok 1218 - team: pagehide retires a pending save decision before late locks can write or navigate
2026-09-21T02:23:02.7898537Z   ---
2026-09-21T02:23:02.7898704Z   duration_ms: 4680.504729
2026-09-21T02:23:02.7898843Z   ...
2026-09-21T02:23:02.7899528Z # Subtest: team: foreground lost during hint write cannot navigate or leave a reusable owned hint
2026-09-21T02:23:02.7900202Z ok 1219 - team: foreground lost during hint write cannot navigate or leave a reusable owned hint
2026-09-21T02:23:02.7900350Z   ---
2026-09-21T02:23:02.7900512Z   duration_ms: 794.690069
2026-09-21T02:23:02.7900656Z   ...
2026-09-21T02:23:02.7901434Z # Subtest: team: Stay returns to the actual initiating link and other mode cannot steal its pending decision
2026-09-21T02:23:02.7902182Z ok 1220 - team: Stay returns to the actual initiating link and other mode cannot steal its pending decision
2026-09-21T02:23:02.7902329Z   ---
2026-09-21T02:23:02.7902494Z   duration_ms: 4594.396258
2026-09-21T02:23:02.7902638Z   ...
2026-09-21T02:23:02.7903303Z # Subtest: team: modified gestures remain native and do not write or pause the existing flight
2026-09-21T02:23:02.7904354Z ok 1221 - team: modified gestures remain native and do not write or pause the existing flight
2026-09-21T02:23:02.7904505Z   ---
2026-09-21T02:23:02.7904668Z   duration_ms: 3581.237816
2026-09-21T02:23:02.7904813Z   ...
2026-09-21T02:23:02.7905649Z # Subtest: team: rejected native dialog opening releases its owner and keeps the flight paused
2026-09-21T02:23:02.7906310Z ok 1222 - team: rejected native dialog opening releases its owner and keeps the flight paused
2026-09-21T02:23:02.7906451Z   ---
2026-09-21T02:23:02.7906621Z   duration_ms: 3820.102081
2026-09-21T02:23:02.7906767Z   ...
2026-09-21T02:23:02.7907510Z # Subtest: actual Title Missions → versus → Back restores exact menu without adoption
2026-09-21T02:23:02.7907828Z     # Subtest: depart through the real explicit controls
2026-09-21T02:23:02.7908117Z     ok 1 - depart through the real explicit controls
2026-09-21T02:23:02.7908267Z       ---
2026-09-21T02:23:02.7908476Z       duration_ms: 2292.131387
2026-09-21T02:23:02.7908625Z       ...
2026-09-21T02:23:02.7909014Z     # Subtest: actual Versus host returns through the fixed own link
2026-09-21T02:23:02.7909359Z     ok 2 - actual Versus host returns through the fixed own link
2026-09-21T02:23:02.7909510Z       ---
2026-09-21T02:23:02.7909725Z       duration_ms: 3634.803828
2026-09-21T02:23:02.7909866Z       ...
2026-09-21T02:23:02.7910329Z     # Subtest: receiving Solo opens exact Missions focus, with no flight resume
2026-09-21T02:23:02.7910759Z     ok 3 - receiving Solo opens exact Missions focus, with no flight resume
2026-09-21T02:23:02.7910910Z       ---
2026-09-21T02:23:02.7911108Z       duration_ms: 2752.836588
2026-09-21T02:23:02.7911254Z       ...
2026-09-21T02:23:02.7911595Z     # Subtest: the same return query is consumed, not replayed
2026-09-21T02:23:02.7911908Z     ok 4 - the same return query is consumed, not replayed
2026-09-21T02:23:02.7912058Z       ---
2026-09-21T02:23:02.7912267Z       duration_ms: 1378.367254
2026-09-21T02:23:02.7912413Z       ...
2026-09-21T02:23:02.7912554Z     1..4
2026-09-21T02:23:02.7913275Z ok 1223 - actual Title Missions → versus → Back restores exact menu without adoption
2026-09-21T02:23:02.7913421Z   ---
2026-09-21T02:23:02.7913587Z   duration_ms: 10059.30338
2026-09-21T02:23:02.7913935Z   ...
2026-09-21T02:23:02.7914728Z # Subtest: actual paused cut Missions → versus → Back restores exact menu without adoption
2026-09-21T02:23:02.7915045Z     # Subtest: depart through the real explicit controls
2026-09-21T02:23:02.7915328Z     ok 1 - depart through the real explicit controls
2026-09-21T02:23:02.7915481Z       ---
2026-09-21T02:23:02.7915693Z       duration_ms: 6620.180234
2026-09-21T02:23:02.7915831Z       ...
2026-09-21T02:23:02.7916221Z     # Subtest: actual Versus host returns through the fixed own link
2026-09-21T02:23:02.7916572Z     ok 2 - actual Versus host returns through the fixed own link
2026-09-21T02:23:02.7916721Z       ---
2026-09-21T02:23:02.7916929Z       duration_ms: 5015.609597
2026-09-21T02:23:02.7917076Z       ...
2026-09-21T02:23:02.7917537Z     # Subtest: receiving Solo opens exact Missions focus, with no flight resume
2026-09-21T02:23:02.7917957Z     ok 3 - receiving Solo opens exact Missions focus, with no flight resume
2026-09-21T02:23:02.7918116Z       ---
2026-09-21T02:23:02.7918292Z       duration_ms: 3404.05585
2026-09-21T02:23:02.7918431Z       ...
2026-09-21T02:23:02.7918775Z     # Subtest: the same return query is consumed, not replayed
2026-09-21T02:23:02.7919088Z     ok 4 - the same return query is consumed, not replayed
2026-09-21T02:23:02.7919237Z       ---
2026-09-21T02:23:02.7919435Z       duration_ms: 1400.399276
2026-09-21T02:23:02.7919580Z       ...
2026-09-21T02:23:02.7919726Z     1..4
2026-09-21T02:23:02.7920472Z ok 1224 - actual paused cut Missions → versus → Back restores exact menu without adoption
2026-09-21T02:23:02.7920621Z   ---
2026-09-21T02:23:02.7920791Z   duration_ms: 16441.453922
2026-09-21T02:23:02.7921126Z   ...
2026-09-21T02:23:02.7921909Z # Subtest: failed checked save stays paused; explicit Leave warns of loss and never overwrites a newer save
2026-09-21T02:23:02.7922366Z     # Subtest: preserve an externally changed slot through Leave and pagehide
2026-09-21T02:23:02.7922946Z     ok 1 - preserve an externally changed slot through Leave and pagehide
2026-09-21T02:23:02.7923095Z       ---
2026-09-21T02:23:02.7923299Z       duration_ms: 6498.258284
2026-09-21T02:23:02.7923443Z       ...
2026-09-21T02:23:02.7923587Z     1..1
2026-09-21T02:23:02.7924543Z ok 1225 - failed checked save stays paused; explicit Leave warns of loss and never overwrites a newer save
2026-09-21T02:23:02.7924699Z   ---
2026-09-21T02:23:02.7924869Z   duration_ms: 6498.589791
2026-09-21T02:23:02.7925007Z   ...
2026-09-21T02:23:02.7925793Z # Subtest: storage failure after a successful check requires another deliberate Leave with truthful warning
2026-09-21T02:23:02.7926557Z ok 1226 - storage failure after a successful check requires another deliberate Leave with truthful warning
2026-09-21T02:23:02.7926711Z   ---
2026-09-21T02:23:02.7926874Z   duration_ms: 3165.586671
2026-09-21T02:23:02.7927017Z   ...
2026-09-21T02:23:02.7927678Z # Subtest: unavailable return storage preserves ready title with an explicit fixed fallback
2026-09-21T02:23:02.7927985Z     # Subtest: choose the warned fallback deliberately
2026-09-21T02:23:02.7928264Z     ok 1 - choose the warned fallback deliberately
2026-09-21T02:23:02.7928415Z       ---
2026-09-21T02:23:02.7928610Z       duration_ms: 1783.420456
2026-09-21T02:23:02.7928759Z       ...
2026-09-21T02:23:02.7928908Z     1..1
2026-09-21T02:23:02.7929547Z ok 1227 - unavailable return storage preserves ready title with an explicit fixed fallback
2026-09-21T02:23:02.7929686Z   ---
2026-09-21T02:23:02.7929861Z   duration_ms: 1783.684498
2026-09-21T02:23:02.7930004Z   ...
2026-09-21T02:23:02.7930698Z # Subtest: unavailable return storage preserves verified flight with an explicit fixed fallback
2026-09-21T02:23:02.7931008Z     # Subtest: choose the warned fallback deliberately
2026-09-21T02:23:02.7931285Z     ok 1 - choose the warned fallback deliberately
2026-09-21T02:23:02.7931433Z       ---
2026-09-21T02:23:02.7931628Z       duration_ms: 3447.443765
2026-09-21T02:23:02.7931776Z       ...
2026-09-21T02:23:02.7931924Z     1..1
2026-09-21T02:23:02.7932610Z ok 1228 - unavailable return storage preserves verified flight with an explicit fixed fallback
2026-09-21T02:23:02.7932758Z   ---
2026-09-21T02:23:02.7932926Z   duration_ms: 3447.730761
2026-09-21T02:23:02.7933064Z   ...
2026-09-21T02:23:02.7933907Z # Subtest: Stay cancels a pending verified-save wait and late completion cannot navigate or write
2026-09-21T02:23:02.7934591Z ok 1229 - Stay cancels a pending verified-save wait and late completion cannot navigate or write
2026-09-21T02:23:02.7934736Z   ---
2026-09-21T02:23:02.7934900Z   duration_ms: 3454.558776
2026-09-21T02:23:02.7935044Z   ...
2026-09-21T02:23:02.7935809Z # Subtest: return with incompatible source falls back to visible Title without changing stored authority
2026-09-21T02:23:02.7936093Z     # Subtest: capture the installed menu identity
2026-09-21T02:23:02.7936360Z     ok 1 - capture the installed menu identity
2026-09-21T02:23:02.7936508Z       ---
2026-09-21T02:23:02.7936678Z       duration_ms: 809.29472
2026-09-21T02:23:02.7936822Z       ...
2026-09-21T02:23:02.7937172Z     # Subtest: reject stale context at the real receiving host
2026-09-21T02:23:02.7937486Z     ok 2 - reject stale context at the real receiving host
2026-09-21T02:23:02.7937627Z       ---
2026-09-21T02:23:02.7937798Z       duration_ms: 797.007851
2026-09-21T02:23:02.7937943Z       ...
2026-09-21T02:23:02.7938082Z     1..2
2026-09-21T02:23:02.7938826Z ok 1230 - return with incompatible source falls back to visible Title without changing stored authority
2026-09-21T02:23:02.7938972Z   ---
2026-09-21T02:23:02.7939141Z   duration_ms: 1607.032383
2026-09-21T02:23:02.7939280Z   ...
2026-09-21T02:23:02.7940063Z # Subtest: return with incompatible selection falls back to visible Title without changing stored authority
2026-09-21T02:23:02.7940530Z     # Subtest: capture the installed menu identity
2026-09-21T02:23:02.7940781Z     ok 1 - capture the installed menu identity
2026-09-21T02:23:02.7940932Z       ---
2026-09-21T02:23:02.7941262Z       duration_ms: 793.651172
2026-09-21T02:23:02.7941417Z       ...
2026-09-21T02:23:02.7941760Z     # Subtest: reject stale context at the real receiving host
2026-09-21T02:23:02.7942075Z     ok 2 - reject stale context at the real receiving host
2026-09-21T02:23:02.7942225Z       ---
2026-09-21T02:23:02.7942422Z       duration_ms: 1158.823969
2026-09-21T02:23:02.7942568Z       ...
2026-09-21T02:23:02.7942712Z     1..2
2026-09-21T02:23:02.7943481Z ok 1231 - return with incompatible selection falls back to visible Title without changing stored authority
2026-09-21T02:23:02.7943620Z   ---
2026-09-21T02:23:02.7943965Z   duration_ms: 1952.937584
2026-09-21T02:23:02.7944114Z   ...
2026-09-21T02:23:02.7944746Z # Subtest: checked save quota failure never claims durable storage or navigates silently
2026-09-21T02:23:02.7945347Z ok 1232 - checked save quota failure never claims durable storage or navigates silently
2026-09-21T02:23:02.7945494Z   ---
2026-09-21T02:23:02.7945655Z   duration_ms: 6606.122373
2026-09-21T02:23:02.7945799Z   ...
2026-09-21T02:23:02.7946454Z # Subtest: checked save readback failure never claims durable storage or navigates silently
2026-09-21T02:23:02.7947081Z ok 1233 - checked save readback failure never claims durable storage or navigates silently
2026-09-21T02:23:02.7947221Z   ---
2026-09-21T02:23:02.7947389Z   duration_ms: 6623.921135
2026-09-21T02:23:02.7947532Z   ...
2026-09-21T02:23:02.7948358Z # Subtest: a newer slot after helper readback cannot become this departure’s saved authority
2026-09-21T02:23:02.7949241Z ok 1234 - a newer slot after helper readback cannot become this departure’s saved authority
2026-09-21T02:23:02.7949389Z   ---
2026-09-21T02:23:02.7949558Z   duration_ms: 4640.91764
2026-09-21T02:23:02.7949706Z   ...
2026-09-21T02:23:02.7950288Z # Subtest: pending theme preparation cannot depart with a stale visible selection
2026-09-21T02:23:02.7950851Z ok 1235 - pending theme preparation cannot depart with a stale visible selection
2026-09-21T02:23:02.7950990Z   ---
2026-09-21T02:23:02.7951166Z   duration_ms: 1885.464088
2026-09-21T02:23:02.7951309Z   ...
2026-09-21T02:23:02.7951975Z # Subtest: versus: blur retires a pending save decision before late locks can write or navigate
2026-09-21T02:23:02.7952628Z ok 1236 - versus: blur retires a pending save decision before late locks can write or navigate
2026-09-21T02:23:02.7952771Z   ---
2026-09-21T02:23:02.7952947Z   duration_ms: 6722.101317
2026-09-21T02:23:02.7953084Z   ...
2026-09-21T02:23:02.7953963Z # Subtest: versus: hidden retires a pending save decision before late locks can write or navigate
2026-09-21T02:23:02.7954906Z ok 1237 - versus: hidden retires a pending save decision before late locks can write or navigate
2026-09-21T02:23:02.7955048Z   ---
2026-09-21T02:23:02.7955191Z   duration_ms: 5772.466562
2026-09-21T02:23:02.7955297Z   ...
2026-09-21T02:23:02.7955817Z # Subtest: versus: pagehide retires a pending save decision before late locks can write or navigate
2026-09-21T02:23:02.7956322Z ok 1238 - versus: pagehide retires a pending save decision before late locks can write or navigate
2026-09-21T02:23:02.7956427Z   ---
2026-09-21T02:23:02.7956554Z   duration_ms: 3652.418127
2026-09-21T02:23:02.7956651Z   ...
2026-09-21T02:23:02.7957144Z # Subtest: versus: foreground lost during hint write cannot navigate or leave a reusable owned hint
2026-09-21T02:23:02.7957645Z ok 1239 - versus: foreground lost during hint write cannot navigate or leave a reusable owned hint
2026-09-21T02:23:02.7957760Z   ---
2026-09-21T02:23:02.7957900Z   duration_ms: 812.475884
2026-09-21T02:23:02.7957995Z   ...
2026-09-21T02:23:02.7958503Z # Subtest: versus: Stay returns to the actual initiating link and other mode cannot steal its pending decision
2026-09-21T02:23:02.7959221Z ok 1240 - versus: Stay returns to the actual initiating link and other mode cannot steal its pending decision
2026-09-21T02:23:02.7959317Z   ---
2026-09-21T02:23:02.7959428Z   duration_ms: 3466.334739
2026-09-21T02:23:02.7959513Z   ...
2026-09-21T02:23:02.7960070Z # Subtest: versus: modified gestures remain native and do not write or pause the existing flight
2026-09-21T02:23:02.7960497Z ok 1241 - versus: modified gestures remain native and do not write or pause the existing flight
2026-09-21T02:23:02.7960590Z   ---
2026-09-21T02:23:02.7960692Z   duration_ms: 3675.244607
2026-09-21T02:23:02.7960783Z   ...
2026-09-21T02:23:02.7961218Z # Subtest: versus: rejected native dialog opening releases its owner and keeps the flight paused
2026-09-21T02:23:02.7961626Z ok 1242 - versus: rejected native dialog opening releases its owner and keeps the flight paused
2026-09-21T02:23:02.7961721Z   ---
2026-09-21T02:23:02.7961826Z   duration_ms: 3574.679935
2026-09-21T02:23:02.7961916Z   ...
2026-09-21T02:23:02.7962378Z # Subtest: Motion history-restored selector follows current owner after pageshow (persisted=false)
2026-09-21T02:23:02.7962826Z ok 1243 - Motion history-restored selector follows current owner after pageshow (persisted=false)
2026-09-21T02:23:02.7962922Z   ---
2026-09-21T02:23:02.7963032Z   duration_ms: 4.277849
2026-09-21T02:23:02.7963128Z   ...
2026-09-21T02:23:02.7963581Z # Subtest: Motion history-restored selector follows current owner after pageshow (persisted=true)
2026-09-21T02:23:02.7964204Z ok 1244 - Motion history-restored selector follows current owner after pageshow (persisted=true)
2026-09-21T02:23:02.7964295Z   ---
2026-09-21T02:23:02.7964403Z   duration_ms: 0.795835
2026-09-21T02:23:02.7964493Z   ...
2026-09-21T02:23:02.7964972Z # Subtest: Motion persisted return first refreshes shared authority, then corrects late stale form state
2026-09-21T02:23:02.7965441Z ok 1245 - Motion persisted return first refreshes shared authority, then corrects late stale form state
2026-09-21T02:23:02.7965537Z   ---
2026-09-21T02:23:02.7965642Z   duration_ms: 1.537728
2026-09-21T02:23:02.7965728Z   ...
2026-09-21T02:23:02.7966128Z # Subtest: Motion history repair retains unsaved local intent and its persistence warning
2026-09-21T02:23:02.7966515Z ok 1246 - Motion history repair retains unsaved local intent and its persistence warning
2026-09-21T02:23:02.7966601Z   ---
2026-09-21T02:23:02.7966705Z   duration_ms: 0.921899
2026-09-21T02:23:02.7966801Z   ...
2026-09-21T02:23:02.7967265Z # Subtest: Motion deferred repair reads newer explicit intent instead of replaying the earlier snapshot
2026-09-21T02:23:02.7967722Z ok 1247 - Motion deferred repair reads newer explicit intent instead of replaying the earlier snapshot
2026-09-21T02:23:02.7967813Z   ---
2026-09-21T02:23:02.7967914Z   duration_ms: 0.626008
2026-09-21T02:23:02.7967988Z   ...
2026-09-21T02:23:02.7968364Z # Subtest: Motion a second pageshow replaces its pending task and a frozen departure cancels it
2026-09-21T02:23:02.7968724Z ok 1248 - Motion a second pageshow replaces its pending task and a frozen departure cancels it
2026-09-21T02:23:02.7968802Z   ---
2026-09-21T02:23:02.7968895Z   duration_ms: 0.639684
2026-09-21T02:23:02.7968977Z   ...
2026-09-21T02:23:02.7969377Z # Subtest: Motion terminal disposal cancels deferred repair and stale callbacks cannot rewrite controls
2026-09-21T02:23:02.7969763Z ok 1249 - Motion terminal disposal cancels deferred repair and stale callbacks cannot rewrite controls
2026-09-21T02:23:02.7969844Z   ---
2026-09-21T02:23:02.7969936Z   duration_ms: 0.578829
2026-09-21T02:23:02.7970011Z   ...
2026-09-21T02:23:02.7970538Z # Subtest: Motion ability labels retain historical defaults and support Standard/Large Theme/Plain without changing stage commands
2026-09-21T02:23:02.7971053Z ok 1250 - Motion ability labels retain historical defaults and support Standard/Large Theme/Plain without changing stage commands
2026-09-21T02:23:02.7971134Z   ---
2026-09-21T02:23:02.7971228Z   duration_ms: 12.879312
2026-09-21T02:23:02.7971453Z   ...
2026-09-21T02:23:02.7971894Z # Subtest: Motion label policy preserves concealed and revealed note content and does not advance the toy state
2026-09-21T02:23:02.7972316Z ok 1251 - Motion label policy preserves concealed and revealed note content and does not advance the toy state
2026-09-21T02:23:02.7972396Z   ---
2026-09-21T02:23:02.7972598Z   duration_ms: 0.786557
2026-09-21T02:23:02.7972678Z   ...
2026-09-21T02:23:02.7973033Z # Subtest: Motion long canvas labels fit without changing stage geometry, effects or toy state
2026-09-21T02:23:02.7973377Z ok 1252 - Motion long canvas labels fit without changing stage geometry, effects or toy state
2026-09-21T02:23:02.7973461Z   ---
2026-09-21T02:23:02.7973549Z   duration_ms: 2.993684
2026-09-21T02:23:02.7973630Z   ...
2026-09-21T02:23:02.7974121Z # Subtest: identical simultaneous clears draw without iteration-order advantage: immediate
2026-09-21T02:23:02.7974461Z ok 1253 - identical simultaneous clears draw without iteration-order advantage: immediate
2026-09-21T02:23:02.7974550Z   ---
2026-09-21T02:23:02.7974646Z   duration_ms: 58.506295
2026-09-21T02:23:02.7974727Z   ...
2026-09-21T02:23:02.7975082Z # Subtest: identical simultaneous clears draw without iteration-order advantage: grid-center
2026-09-21T02:23:02.7975435Z ok 1254 - identical simultaneous clears draw without iteration-order advantage: grid-center
2026-09-21T02:23:02.7975516Z   ---
2026-09-21T02:23:02.7975604Z   duration_ms: 61.109801
2026-09-21T02:23:02.7975685Z   ...
2026-09-21T02:23:02.7975919Z # Subtest: first clear wins and terminal match does not advance
2026-09-21T02:23:02.7976143Z ok 1255 - first clear wins and terminal match does not advance
2026-09-21T02:23:02.7976219Z   ---
2026-09-21T02:23:02.7976313Z   duration_ms: 46.917918
2026-09-21T02:23:02.7976394Z   ...
2026-09-21T02:23:02.7976616Z # Subtest: pause freezes both boards and resume releases input
2026-09-21T02:23:02.7976838Z ok 1256 - pause freezes both boards and resume releases input
2026-09-21T02:23:02.7976922Z   ---
2026-09-21T02:23:02.7977014Z   duration_ms: 20.324459
2026-09-21T02:23:02.7977096Z   ...
2026-09-21T02:23:02.7977278Z # Subtest: time limit ends tied idle boards fairly
2026-09-21T02:23:02.7977452Z ok 1257 - time limit ends tied idle boards fairly
2026-09-21T02:23:02.7977529Z   ---
2026-09-21T02:23:02.7977626Z   duration_ms: 55.838038
2026-09-21T02:23:02.7977707Z   ...
2026-09-21T02:23:02.7978082Z # Subtest: future transport boundary rejects duplicate/out-of-order input and injected game state
2026-09-21T02:23:02.7978452Z ok 1258 - future transport boundary rejects duplicate/out-of-order input and injected game state
2026-09-21T02:23:02.7978533Z   ---
2026-09-21T02:23:02.7978621Z   duration_ms: 0.46646
2026-09-21T02:23:02.7978703Z   ...
2026-09-21T02:23:02.7978932Z # Subtest: invalid second command leaves both boards untouched
2026-09-21T02:23:02.7979150Z ok 1259 - invalid second command leaves both boards untouched
2026-09-21T02:23:02.7979230Z   ---
2026-09-21T02:23:02.7979324Z   duration_ms: 19.211235
2026-09-21T02:23:02.7979408Z   ...
2026-09-21T02:23:02.7979829Z # Subtest: every Neon Studio preview resolves the exact shared mission and preset without changing the draft
2026-09-21T02:23:02.7980244Z ok 1260 - every Neon Studio preview resolves the exact shared mission and preset without changing the draft
2026-09-21T02:23:02.7980329Z   ---
2026-09-21T02:23:02.7980426Z   duration_ms: 6283.436888
2026-09-21T02:23:02.7980502Z   ...
2026-09-21T02:23:02.7980861Z # Subtest: Neon CLI shares the revised mission and advisory campaign projection used by Studio
2026-09-21T02:23:02.7981204Z ok 1261 - Neon CLI shares the revised mission and advisory campaign projection used by Studio
2026-09-21T02:23:02.7981280Z   ---
2026-09-21T02:23:02.7981375Z   duration_ms: 1776.063135
2026-09-21T02:23:02.7981455Z   ...
2026-09-21T02:23:02.7981838Z # Subtest: all packaged optional pack names stay in details through real host progress and readiness
2026-09-21T02:23:02.7982213Z ok 1262 - all packaged optional pack names stay in details through real host progress and readiness
2026-09-21T02:23:02.7982425Z   ---
2026-09-21T02:23:02.7982522Z   duration_ms: 226.342756
2026-09-21T02:23:02.7982637Z   ...
2026-09-21T02:23:02.7982916Z # Subtest: optional notes use plain text and are hidden when unavailable
2026-09-21T02:23:02.7983290Z ok 1263 - optional notes use plain text and are hidden when unavailable
2026-09-21T02:23:02.7983372Z   ---
2026-09-21T02:23:02.7983467Z   duration_ms: 1.311206
2026-09-21T02:23:02.7983550Z   ...
2026-09-21T02:23:02.7984107Z # Subtest: offline host shows feedback before work and detached old callbacks cannot replace a rejoined check
2026-09-21T02:23:02.7984517Z ok 1264 - offline host shows feedback before work and detached old callbacks cannot replace a rejoined check
2026-09-21T02:23:02.7984600Z   ---
2026-09-21T02:23:02.7984692Z   duration_ms: 1.654475
2026-09-21T02:23:02.7984767Z   ...
2026-09-21T02:23:02.7985187Z # Subtest: closing Settings detaches observation without stealing focus or reporting a failed installation
2026-09-21T02:23:02.7985603Z ok 1265 - closing Settings detaches observation without stealing focus or reporting a failed installation
2026-09-21T02:23:02.7985685Z   ---
2026-09-21T02:23:02.7985775Z   duration_ms: 0.995958
2026-09-21T02:23:02.7985855Z   ...
2026-09-21T02:23:02.7986365Z # Subtest: inactivity offers a check, real verification failure offers preparation and cached readiness settles immediately
2026-09-21T02:23:02.7986848Z ok 1266 - inactivity offers a check, real verification failure offers preparation and cached readiness settles immediately
2026-09-21T02:23:02.7986931Z   ---
2026-09-21T02:23:02.7987028Z   duration_ms: 0.823296
2026-09-21T02:23:02.7987103Z   ...
2026-09-21T02:23:02.7987489Z # Subtest: a queued old close event does not detach a reopened screen and disposal fences late results
2026-09-21T02:23:02.7987975Z ok 1267 - a queued old close event does not detach a reopened screen and disposal fences late results
2026-09-21T02:23:02.7988128Z   ---
2026-09-21T02:23:02.7988294Z   duration_ms: 0.770878
2026-09-21T02:23:02.7988448Z   ...
2026-09-21T02:23:02.7989238Z # Subtest: offline completion restores the focused escape action but never background focus
2026-09-21T02:23:02.7990412Z ok 1268 - offline completion restores the focused escape action but never background focus
2026-09-21T02:23:02.7991123Z   ---
2026-09-21T02:23:02.7991493Z   duration_ms: 1.531987
2026-09-21T02:23:02.7991916Z   ...
2026-09-21T02:23:02.7993183Z # Subtest: More worlds shows all authored layout/equipment descriptions before downloading, without changing a paused cut or Tab controls
2026-09-21T02:23:02.7995520Z ok 1269 - More worlds shows all authored layout/equipment descriptions before downloading, without changing a paused cut or Tab controls
2026-09-21T02:23:02.7996637Z   ---
2026-09-21T02:23:02.7997018Z   duration_ms: 10885.117748
2026-09-21T02:23:02.7997426Z   ...
2026-09-21T02:23:02.7998425Z # Subtest: cancelled catalog refresh retains prior descriptions; accepted refreshed copy is verbatim inert text
2026-09-21T02:23:02.7999410Z ok 1270 - cancelled catalog refresh retains prior descriptions; accepted refreshed copy is verbatim inert text
2026-09-21T02:23:02.7999919Z   ---
2026-09-21T02:23:02.8000119Z   duration_ms: 3512.752746
2026-09-21T02:23:02.8000346Z   ...
2026-09-21T02:23:02.8000893Z # Subtest: source install reports checking immediately and late completion after Back cannot publish success
2026-09-21T02:23:02.8001736Z ok 1271 - source install reports checking immediately and late completion after Back cannot publish success
2026-09-21T02:23:02.8002230Z   ---
2026-09-21T02:23:02.8002431Z   duration_ms: 16.412516
2026-09-21T02:23:02.8002654Z   ...
2026-09-21T02:23:02.8003237Z # Subtest: source reopen reports checking; obsolete inspection cannot replace the current operation or its ready message
2026-09-21T02:23:02.8004484Z ok 1272 - source reopen reports checking; obsolete inspection cannot replace the current operation or its ready message
2026-09-21T02:23:02.8005035Z   ---
2026-09-21T02:23:02.8005414Z   duration_ms: 19.736407
2026-09-21T02:23:02.8005643Z   ...
2026-09-21T02:23:02.8006148Z # Subtest: installed: deferred replacement survives outer operation settlement and selects only once
2026-09-21T02:23:02.8006927Z ok 1273 - installed: deferred replacement survives outer operation settlement and selects only once
2026-09-21T02:23:02.8007508Z   ---
2026-09-21T02:23:02.8007707Z   duration_ms: 8.883151
2026-09-21T02:23:02.8007924Z   ...
2026-09-21T02:23:02.8008327Z # Subtest: installed: blur retires a pending Choose and its late focus/selection
2026-09-21T02:23:02.8009189Z ok 1274 - installed: blur retires a pending Choose and its late focus/selection
2026-09-21T02:23:02.8009659Z   ---
2026-09-21T02:23:02.8009855Z   duration_ms: 1.827158
2026-09-21T02:23:02.8010071Z   ...
2026-09-21T02:23:02.8010507Z # Subtest: installed: pagehide retires a pending Choose and its late focus/selection
2026-09-21T02:23:02.8011176Z ok 1275 - installed: pagehide retires a pending Choose and its late focus/selection
2026-09-21T02:23:02.8011599Z   ---
2026-09-21T02:23:02.8011791Z   duration_ms: 1.424517
2026-09-21T02:23:02.8012011Z   ...
2026-09-21T02:23:02.8012431Z # Subtest: installed: hidden retires a pending Choose and its late focus/selection
2026-09-21T02:23:02.8013067Z ok 1276 - installed: hidden retires a pending Choose and its late focus/selection
2026-09-21T02:23:02.8013477Z   ---
2026-09-21T02:23:02.8013678Z   duration_ms: 2.239017
2026-09-21T02:23:02.8015071Z   ...
2026-09-21T02:23:02.8015724Z # Subtest: installed: close-reopen retires a pending Choose and its late focus/selection
2026-09-21T02:23:02.8016605Z ok 1277 - installed: close-reopen retires a pending Choose and its late focus/selection
2026-09-21T02:23:02.8017240Z   ---
2026-09-21T02:23:02.8026173Z   duration_ms: 1.697988
2026-09-21T02:23:02.8026485Z   ...
2026-09-21T02:23:02.8026954Z # Subtest: installed: dispose retires a pending Choose and its late focus/selection
2026-09-21T02:23:02.8027641Z ok 1278 - installed: dispose retires a pending Choose and its late focus/selection
2026-09-21T02:23:02.8028059Z   ---
2026-09-21T02:23:02.8028264Z   duration_ms: 1.241897
2026-09-21T02:23:02.8028485Z   ...
2026-09-21T02:23:02.8028900Z # Subtest: installed: a nested decision keeps its focus when verification settles
2026-09-21T02:23:02.8029521Z ok 1279 - installed: a nested decision keeps its focus when verification settles
2026-09-21T02:23:02.8029908Z   ---
2026-09-21T02:23:02.8030108Z   duration_ms: 1.493927
2026-09-21T02:23:02.8030322Z   ...
2026-09-21T02:23:02.8030816Z # Subtest: source: deferred replacement survives outer operation settlement and selects only once
2026-09-21T02:23:02.8031598Z ok 1280 - source: deferred replacement survives outer operation settlement and selects only once
2026-09-21T02:23:02.8032056Z   ---
2026-09-21T02:23:02.8032253Z   duration_ms: 3.351782
2026-09-21T02:23:02.8032472Z   ...
2026-09-21T02:23:02.8032863Z # Subtest: source: blur retires a pending Choose and its late focus/selection
2026-09-21T02:23:02.8033443Z ok 1281 - source: blur retires a pending Choose and its late focus/selection
2026-09-21T02:23:02.8033995Z   ---
2026-09-21T02:23:02.8034196Z   duration_ms: 1.664164
2026-09-21T02:23:02.8034418Z   ...
2026-09-21T02:23:02.8034820Z # Subtest: source: pagehide retires a pending Choose and its late focus/selection
2026-09-21T02:23:02.8035453Z ok 1282 - source: pagehide retires a pending Choose and its late focus/selection
2026-09-21T02:23:02.8035846Z   ---
2026-09-21T02:23:02.8036042Z   duration_ms: 1.523182
2026-09-21T02:23:02.8036261Z   ...
2026-09-21T02:23:02.8036662Z # Subtest: source: hidden retires a pending Choose and its late focus/selection
2026-09-21T02:23:02.8037266Z ok 1283 - source: hidden retires a pending Choose and its late focus/selection
2026-09-21T02:23:02.8037651Z   ---
2026-09-21T02:23:02.8037839Z   duration_ms: 1.289325
2026-09-21T02:23:02.8038041Z   ...
2026-09-21T02:23:02.8038465Z # Subtest: source: close-reopen retires a pending Choose and its late focus/selection
2026-09-21T02:23:02.8039112Z ok 1284 - source: close-reopen retires a pending Choose and its late focus/selection
2026-09-21T02:23:02.8039702Z   ---
2026-09-21T02:23:02.8039895Z   duration_ms: 1.862845
2026-09-21T02:23:02.8040110Z   ...
2026-09-21T02:23:02.8040505Z # Subtest: source: dispose retires a pending Choose and its late focus/selection
2026-09-21T02:23:02.8041204Z ok 1285 - source: dispose retires a pending Choose and its late focus/selection
2026-09-21T02:23:02.8041589Z   ---
2026-09-21T02:23:02.8041780Z   duration_ms: 1.186062
2026-09-21T02:23:02.8041988Z   ...
2026-09-21T02:23:02.8042381Z # Subtest: source: a nested decision keeps its focus when verification settles
2026-09-21T02:23:02.8042969Z ok 1286 - source: a nested decision keeps its focus when verification settles
2026-09-21T02:23:02.8043343Z   ---
2026-09-21T02:23:02.8043536Z   duration_ms: 1.354687
2026-09-21T02:23:02.8043896Z   ...
2026-09-21T02:23:02.8044432Z # Subtest: explicit cancellation releases its Choose without stealing an already moved return focus
2026-09-21T02:23:02.8045194Z ok 1287 - explicit cancellation releases its Choose without stealing an already moved return focus
2026-09-21T02:23:02.8045659Z   ---
2026-09-21T02:23:02.8045850Z   duration_ms: 2.032121
2026-09-21T02:23:02.8046063Z   ...
2026-09-21T02:23:02.8046482Z # Subtest: the immutable Homeward proof and twelve v0.8 result digests remain pinned
2026-09-21T02:23:02.8047129Z ok 1288 - the immutable Homeward proof and twelve v0.8 result digests remain pinned
2026-09-21T02:23:02.8047528Z   ---
2026-09-21T02:23:02.8047725Z   duration_ms: 6.315431
2026-09-21T02:23:02.8047936Z   ...
2026-09-21T02:23:02.8048409Z # Subtest: prepared v2 registrations are owned sidecars and preserve explicit mixed member formats
2026-09-21T02:23:02.8049153Z ok 1289 - prepared v2 registrations are owned sidecars and preserve explicit mixed member formats
2026-09-21T02:23:02.8049595Z   ---
2026-09-21T02:23:02.8049792Z   duration_ms: 93.081907
2026-09-21T02:23:02.8050015Z   ...
2026-09-21T02:23:02.8050570Z # Subtest: homeward-01/immediate/specialty/fiber: prepared declaration preserves the complete frozen v0.8 result
2026-09-21T02:23:02.8051450Z ok 1290 - homeward-01/immediate/specialty/fiber: prepared declaration preserves the complete frozen v0.8 result
2026-09-21T02:23:02.8051955Z   ---
2026-09-21T02:23:02.8052145Z   duration_ms: 772.457462
2026-09-21T02:23:02.8052365Z   ...
2026-09-21T02:23:02.8052936Z # Subtest: homeward-01/immediate/fallback/interceptor: prepared declaration preserves the complete frozen v0.8 result
2026-09-21T02:23:02.8053977Z ok 1291 - homeward-01/immediate/fallback/interceptor: prepared declaration preserves the complete frozen v0.8 result
2026-09-21T02:23:02.8054506Z   ---
2026-09-21T02:23:02.8054699Z   duration_ms: 1617.460385
2026-09-21T02:23:02.8054929Z   ...
2026-09-21T02:23:02.8055484Z # Subtest: homeward-01/grid-center/specialty/fiber: prepared declaration preserves the complete frozen v0.8 result
2026-09-21T02:23:02.8056356Z ok 1292 - homeward-01/grid-center/specialty/fiber: prepared declaration preserves the complete frozen v0.8 result
2026-09-21T02:23:02.8056880Z   ---
2026-09-21T02:23:02.8057069Z   duration_ms: 680.338254
2026-09-21T02:23:02.8057284Z   ...
2026-09-21T02:23:02.8057864Z # Subtest: homeward-01/grid-center/fallback/interceptor: prepared declaration preserves the complete frozen v0.8 result
2026-09-21T02:23:02.8058793Z ok 1293 - homeward-01/grid-center/fallback/interceptor: prepared declaration preserves the complete frozen v0.8 result
2026-09-21T02:23:02.8059319Z   ---
2026-09-21T02:23:02.8059516Z   duration_ms: 1962.465624
2026-09-21T02:23:02.8059738Z   ...
2026-09-21T02:23:02.8060285Z # Subtest: homeward-02/immediate/specialty/bomber: prepared declaration preserves the complete frozen v0.8 result
2026-09-21T02:23:02.8061167Z ok 1294 - homeward-02/immediate/specialty/bomber: prepared declaration preserves the complete frozen v0.8 result
2026-09-21T02:23:02.8061668Z   ---
2026-09-21T02:23:02.8061859Z   duration_ms: 972.076961
2026-09-21T02:23:02.8062078Z   ...
2026-09-21T02:23:02.8062649Z # Subtest: homeward-02/immediate/fallback/interceptor: prepared declaration preserves the complete frozen v0.8 result
2026-09-21T02:23:02.8063811Z ok 1295 - homeward-02/immediate/fallback/interceptor: prepared declaration preserves the complete frozen v0.8 result
2026-09-21T02:23:02.8064336Z   ---
2026-09-21T02:23:02.8064534Z   duration_ms: 894.075837
2026-09-21T02:23:02.8064860Z   ...
2026-09-21T02:23:02.8065424Z # Subtest: homeward-02/grid-center/specialty/bomber: prepared declaration preserves the complete frozen v0.8 result
2026-09-21T02:23:02.8066315Z ok 1296 - homeward-02/grid-center/specialty/bomber: prepared declaration preserves the complete frozen v0.8 result
2026-09-21T02:23:02.8066819Z   ---
2026-09-21T02:23:02.8067010Z   duration_ms: 560.457356
2026-09-21T02:23:02.8067229Z   ...
2026-09-21T02:23:02.8067806Z # Subtest: homeward-02/grid-center/fallback/interceptor: prepared declaration preserves the complete frozen v0.8 result
2026-09-21T02:23:02.8068727Z ok 1297 - homeward-02/grid-center/fallback/interceptor: prepared declaration preserves the complete frozen v0.8 result
2026-09-21T02:23:02.8069261Z   ---
2026-09-21T02:23:02.8069452Z   duration_ms: 802.572184
2026-09-21T02:23:02.8069670Z   ...
2026-09-21T02:23:02.8070224Z # Subtest: homeward-03/immediate/specialty/impact: prepared declaration preserves the complete frozen v0.8 result
2026-09-21T02:23:02.8071099Z ok 1298 - homeward-03/immediate/specialty/impact: prepared declaration preserves the complete frozen v0.8 result
2026-09-21T02:23:02.8071603Z   ---
2026-09-21T02:23:02.8071794Z   duration_ms: 560.579654
2026-09-21T02:23:02.8072010Z   ...
2026-09-21T02:23:02.8072574Z # Subtest: homeward-03/immediate/fallback/interceptor: prepared declaration preserves the complete frozen v0.8 result
2026-09-21T02:23:02.8073480Z ok 1299 - homeward-03/immediate/fallback/interceptor: prepared declaration preserves the complete frozen v0.8 result
2026-09-21T02:23:02.8074296Z   ---
2026-09-21T02:23:02.8074497Z   duration_ms: 508.456116
2026-09-21T02:23:02.8074712Z   ...
2026-09-21T02:23:02.8075277Z # Subtest: homeward-03/grid-center/specialty/impact: prepared declaration preserves the complete frozen v0.8 result
2026-09-21T02:23:02.8076165Z ok 1300 - homeward-03/grid-center/specialty/impact: prepared declaration preserves the complete frozen v0.8 result
2026-09-21T02:23:02.8076676Z   ---
2026-09-21T02:23:02.8076877Z   duration_ms: 646.433944
2026-09-21T02:23:02.8077102Z   ...
2026-09-21T02:23:02.8077679Z # Subtest: homeward-03/grid-center/fallback/interceptor: prepared declaration preserves the complete frozen v0.8 result
2026-09-21T02:23:02.8078603Z ok 1301 - homeward-03/grid-center/fallback/interceptor: prepared declaration preserves the complete frozen v0.8 result
2026-09-21T02:23:02.8079135Z   ---
2026-09-21T02:23:02.8079324Z   duration_ms: 548.554253
2026-09-21T02:23:02.8079542Z   ...
2026-09-21T02:23:02.8079995Z # Subtest: homeward-02/immediate: pack declarations do not qualify omitted-action controls
2026-09-21T02:23:02.8080685Z ok 1302 - homeward-02/immediate: pack declarations do not qualify omitted-action controls
2026-09-21T02:23:02.8081111Z   ---
2026-09-21T02:23:02.8081307Z   duration_ms: 508.002918
2026-09-21T02:23:02.8081523Z   ...
2026-09-21T02:23:02.8081973Z # Subtest: homeward-02/grid-center: pack declarations do not qualify omitted-action controls
2026-09-21T02:23:02.8082715Z ok 1303 - homeward-02/grid-center: pack declarations do not qualify omitted-action controls
2026-09-21T02:23:02.8083142Z   ---
2026-09-21T02:23:02.8083335Z   duration_ms: 430.112368
2026-09-21T02:23:02.8083549Z   ...
2026-09-21T02:23:02.8084157Z # Subtest: homeward-03/immediate: pack declarations do not qualify omitted-action controls
2026-09-21T02:23:02.8084836Z ok 1304 - homeward-03/immediate: pack declarations do not qualify omitted-action controls
2026-09-21T02:23:02.8085249Z   ---
2026-09-21T02:23:02.8085442Z   duration_ms: 471.109515
2026-09-21T02:23:02.8085658Z   ...
2026-09-21T02:23:02.8086104Z # Subtest: homeward-03/grid-center: pack declarations do not qualify omitted-action controls
2026-09-21T02:23:02.8086968Z ok 1305 - homeward-03/grid-center: pack declarations do not qualify omitted-action controls
2026-09-21T02:23:02.8087411Z   ---
2026-09-21T02:23:02.8087606Z   duration_ms: 456.688722
2026-09-21T02:23:02.8087829Z   ...
2026-09-21T02:23:02.8088409Z # Subtest: mixed full backup preserves earned metadata and live equipment progress (immediate)
2026-09-21T02:23:02.8089138Z ok 1306 - mixed full backup preserves earned metadata and live equipment progress (immediate)
2026-09-21T02:23:02.8089577Z   ---
2026-09-21T02:23:02.8089771Z   duration_ms: 1551.911322
2026-09-21T02:23:02.8089992Z   ...
2026-09-21T02:23:02.8090464Z # Subtest: mixed full backup preserves earned metadata and live equipment progress (grid-center)
2026-09-21T02:23:02.8091199Z ok 1307 - mixed full backup preserves earned metadata and live equipment progress (grid-center)
2026-09-21T02:23:02.8091636Z   ---
2026-09-21T02:23:02.8091827Z   duration_ms: 2007.804923
2026-09-21T02:23:02.8092052Z   ...
2026-09-21T02:23:02.8092596Z # Subtest: goal replacement, explicit removal and exact reinstall preserve historical records and current labels
2026-09-21T02:23:02.8093458Z ok 1308 - goal replacement, explicit removal and exact reinstall preserve historical records and current labels
2026-09-21T02:23:02.8094095Z   ---
2026-09-21T02:23:02.8094291Z   duration_ms: 727.671929
2026-09-21T02:23:02.8094514Z   ...
2026-09-21T02:23:02.8095049Z # Subtest: a revised or removed goal reconstructs a saved prefix from current declarations without stale counters
2026-09-21T02:23:02.8095884Z ok 1309 - a revised or removed goal reconstructs a saved prefix from current declarations without stale counters
2026-09-21T02:23:02.8096366Z   ---
2026-09-21T02:23:02.8096561Z   duration_ms: 628.485657
2026-09-21T02:23:02.8096777Z   ...
2026-09-21T02:23:02.8097357Z # Subtest: journaled mixed backup adoption, failed replacement and explicit Undo retain the intended formats and records
2026-09-21T02:23:02.8098275Z ok 1310 - journaled mixed backup adoption, failed replacement and explicit Undo retain the intended formats and records
2026-09-21T02:23:02.8098797Z   ---
2026-09-21T02:23:02.8098988Z   duration_ms: 221.281513
2026-09-21T02:23:02.8099208Z   ...
2026-09-21T02:23:02.8099726Z # Subtest: pause commands own their intrinsic height instead of inheriting the short-screen reader height
2026-09-21T02:23:02.8100538Z ok 1311 - pause commands own their intrinsic height instead of inheriting the short-screen reader height
2026-09-21T02:23:02.8101013Z   ---
2026-09-21T02:23:02.8101204Z   duration_ms: 1.717473
2026-09-21T02:23:02.8101419Z   ...
2026-09-21T02:23:02.8101849Z # Subtest: oversized pause commands have a top-reachable scrollport and focus clearance
2026-09-21T02:23:02.8102514Z ok 1312 - oversized pause commands have a top-reachable scrollport and focus clearance
2026-09-21T02:23:02.8102924Z   ---
2026-09-21T02:23:02.8103112Z   duration_ms: 0.259143
2026-09-21T02:23:02.8103333Z   ...
2026-09-21T02:23:02.8103954Z # Subtest: mastery evidence requires a real closure and capture-cleared pre-existing playerward front
2026-09-21T02:23:02.8104739Z ok 1313 - mastery evidence requires a real closure and capture-cleared pre-existing playerward front
2026-09-21T02:23:02.8105205Z   ---
2026-09-21T02:23:02.8105395Z   duration_ms: 159.947496
2026-09-21T02:23:02.8105612Z   ...
2026-09-21T02:23:02.8106089Z # Subtest: a new seed or capture-triggered roamer warning cannot counterfeit simultaneous mastery
2026-09-21T02:23:02.8106813Z ok 1314 - a new seed or capture-triggered roamer warning cannot counterfeit simultaneous mastery
2026-09-21T02:23:02.8107249Z   ---
2026-09-21T02:23:02.8107438Z   duration_ms: 19.046935
2026-09-21T02:23:02.8107661Z   ...
2026-09-21T02:23:02.8108097Z # Subtest: active-roamer and impact conditions must coincide in one closure for the Remix
2026-09-21T02:23:02.8108767Z ok 1315 - active-roamer and impact conditions must coincide in one closure for the Remix
2026-09-21T02:23:02.8109185Z   ---
2026-09-21T02:23:02.8109378Z   duration_ms: 16.501611
2026-09-21T02:23:02.8109596Z   ...
2026-09-21T02:23:02.8110153Z # Subtest: a running mission or any lost life cannot satisfy optional mastery
2026-09-21T02:23:02.8110730Z ok 1316 - a running mission or any lost life cannot satisfy optional mastery
2026-09-21T02:23:02.8111097Z   ---
2026-09-21T02:23:02.8111293Z   duration_ms: 14.132485
2026-09-21T02:23:02.8111508Z   ...
2026-09-21T02:23:02.8112082Z # Subtest: all seven Phaseworks candidates allow legal clears after five sampled decision delays
2026-09-21T02:23:02.8112820Z ok 1317 - all seven Phaseworks candidates allow legal clears after five sampled decision delays
2026-09-21T02:23:02.8113260Z   ---
2026-09-21T02:23:02.8113453Z   duration_ms: 16158.237537
2026-09-21T02:23:02.8113806Z   ...
2026-09-21T02:23:02.8114427Z # Subtest: Seven delayed departure failures remain replayable, while idle itself is safe
2026-09-21T02:23:02.8115104Z ok 1318 - Seven delayed departure failures remain replayable, while idle itself is safe
2026-09-21T02:23:02.8115518Z   ---
2026-09-21T02:23:02.8115714Z   duration_ms: 681.033222
2026-09-21T02:23:02.8115953Z   ...
2026-09-21T02:23:02.8116412Z # Subtest: native origin detection does not mistake web previews or lookalike hosts for shells
2026-09-21T02:23:02.8117130Z ok 1319 - native origin detection does not mistake web previews or lookalike hosts for shells
2026-09-21T02:23:02.8117556Z   ---
2026-09-21T02:23:02.8117754Z   duration_ms: 2.153297
2026-09-21T02:23:02.8117971Z   ...
2026-09-21T02:23:02.8118356Z # Subtest: web export requests a local download without claiming it was saved
2026-09-21T02:23:02.8118932Z ok 1320 - web export requests a local download without claiming it was saved
2026-09-21T02:23:02.8119305Z   ---
2026-09-21T02:23:02.8119495Z   duration_ms: 1.781002
2026-09-21T02:23:02.8119710Z   ...
2026-09-21T02:23:02.8120086Z # Subtest: iOS export awaits the bridge and retains cancellation and failures
2026-09-21T02:23:02.8120658Z ok 1321 - iOS export awaits the bridge and retains cancellation and failures
2026-09-21T02:23:02.8121028Z   ---
2026-09-21T02:23:02.8121222Z   duration_ms: 1.112234
2026-09-21T02:23:02.8121436Z   ...
2026-09-21T02:23:02.8121802Z # Subtest: export rejects unsafe filenames before accessing any host API
2026-09-21T02:23:02.8122348Z ok 1322 - export rejects unsafe filenames before accessing any host API
2026-09-21T02:23:02.8122706Z   ---
2026-09-21T02:23:02.8122899Z   duration_ms: 0.688574
2026-09-21T02:23:02.8123111Z   ...
2026-09-21T02:23:02.8123507Z # Subtest: native inactivity keeps callback identity and does not attach on web
2026-09-21T02:23:02.8124270Z ok 1323 - native inactivity keeps callback identity and does not attach on web
2026-09-21T02:23:02.8124655Z   ---
2026-09-21T02:23:02.8124844Z   duration_ms: 0.438037
2026-09-21T02:23:02.8125057Z   ...
2026-09-21T02:23:02.8125477Z # Subtest: native apps explain bundled offline files and never install a service worker
2026-09-21T02:23:02.8126122Z ok 1324 - native apps explain bundled offline files and never install a service worker
2026-09-21T02:23:02.8126531Z   ---
2026-09-21T02:23:02.8126722Z   duration_ms: 0.661895
2026-09-21T02:23:02.8126939Z   ...
2026-09-21T02:23:02.8127382Z # Subtest: transfer envelope fits compact complete backups without pretty-print inflation
2026-09-21T02:23:02.8128061Z ok 1325 - transfer envelope fits compact complete backups without pretty-print inflation
2026-09-21T02:23:02.8128481Z   ---
2026-09-21T02:23:02.8128676Z   duration_ms: 0.645544
2026-09-21T02:23:02.8128888Z   ...
2026-09-21T02:23:02.8129374Z # Subtest: map inspection distinguishes an implicit start hangar from explicitly disabled switching
2026-09-21T02:23:02.8130130Z ok 1326 - map inspection distinguishes an implicit start hangar from explicitly disabled switching
2026-09-21T02:23:02.8130582Z   ---
2026-09-21T02:23:02.8130771Z   duration_ms: 9.404103
2026-09-21T02:23:02.8130980Z   ...
2026-09-21T02:23:02.8131449Z # Subtest: map inspection exposes every zone and authored hangar with their independent mechanics
2026-09-21T02:23:02.8132183Z ok 1327 - map inspection exposes every zone and authored hangar with their independent mechanics
2026-09-21T02:23:02.8132772Z   ---
2026-09-21T02:23:02.8132965Z   duration_ms: 1.022568
2026-09-21T02:23:02.8133183Z   ...
2026-09-21T02:23:02.8133583Z # Subtest: diagnostic renderer creates text-only rows in the existing host list
2026-09-21T02:23:02.8134462Z ok 1328 - diagnostic renderer creates text-only rows in the existing host list
2026-09-21T02:23:02.8134857Z   ---
2026-09-21T02:23:02.8135051Z   duration_ms: 6.32019
2026-09-21T02:23:02.8135264Z   ...
2026-09-21T02:23:02.8135895Z # Subtest: immediate: native keyboard opens exact practice lesson from ready and a live-cut pause without starting or changing the run
2026-09-21T02:23:02.8136916Z ok 1329 - immediate: native keyboard opens exact practice lesson from ready and a live-cut pause without starting or changing the run
2026-09-21T02:23:02.8137476Z   ---
2026-09-21T02:23:02.8137671Z   duration_ms: 8625.802576
2026-09-21T02:23:02.8137901Z   ...
2026-09-21T02:23:02.8138354Z # Subtest: immediate: controller brief/read/Back and held direction retain the paused flight
2026-09-21T02:23:02.8139064Z ok 1330 - immediate: controller brief/read/Back and held direction retain the paused flight
2026-09-21T02:23:02.8139494Z   ---
2026-09-21T02:23:02.8139684Z   duration_ms: 9771.911875
2026-09-21T02:23:02.8139908Z   ...
2026-09-21T02:23:02.8140559Z # Subtest: grid-center: native keyboard opens exact practice lesson from ready and a live-cut pause without starting or changing the run
2026-09-21T02:23:02.8141585Z ok 1331 - grid-center: native keyboard opens exact practice lesson from ready and a live-cut pause without starting or changing the run
2026-09-21T02:23:02.8142155Z   ---
2026-09-21T02:23:02.8142349Z   duration_ms: 6209.539724
2026-09-21T02:23:02.8142568Z   ...
2026-09-21T02:23:02.8143031Z # Subtest: grid-center: controller brief/read/Back and held direction retain the paused flight
2026-09-21T02:23:02.8143871Z ok 1332 - grid-center: controller brief/read/Back and held direction retain the paused flight
2026-09-21T02:23:02.8144313Z   ---
2026-09-21T02:23:02.8144506Z   duration_ms: 11681.026556
2026-09-21T02:23:02.8144733Z   ...
2026-09-21T02:23:02.8145287Z # Subtest: focused brief restores exact picker placement, native Back and normal missions across repeated openings
2026-09-21T02:23:02.8146162Z ok 1333 - focused brief restores exact picker placement, native Back and normal missions across repeated openings
2026-09-21T02:23:02.8146661Z   ---
2026-09-21T02:23:02.8146855Z   duration_ms: 2291.373728
2026-09-21T02:23:02.8147077Z   ...
2026-09-21T02:23:02.8147651Z # Subtest: long brief has scoped fluid reading layout, explicit body sizes and Large preference without simulation changes
2026-09-21T02:23:02.8148567Z ok 1334 - long brief has scoped fluid reading layout, explicit body sizes and Large preference without simulation changes
2026-09-21T02:23:02.8149086Z   ---
2026-09-21T02:23:02.8149278Z   duration_ms: 940.659469
2026-09-21T02:23:02.8149502Z   ...
2026-09-21T02:23:02.8149870Z # Subtest: an imported authored arcade scenario is still labeled practice
2026-09-21T02:23:02.8150436Z ok 1335 - an imported authored arcade scenario is still labeled practice
2026-09-21T02:23:02.8150810Z   ---
2026-09-21T02:23:02.8151002Z   duration_ms: 787.387426
2026-09-21T02:23:02.8151231Z   ...
2026-09-21T02:23:02.8151601Z # Subtest: First Flight keeps its own lesson reader and contextual label
2026-09-21T02:23:02.8152155Z ok 1336 - First Flight keeps its own lesson reader and contextual label
2026-09-21T02:23:02.8152517Z   ---
2026-09-21T02:23:02.8152710Z   duration_ms: 652.424713
2026-09-21T02:23:02.8152931Z   ...
2026-09-21T02:23:02.8153281Z # Subtest: ordinary manual missions show the Tactical edition label
2026-09-21T02:23:02.8153926Z ok 1337 - ordinary manual missions show the Tactical edition label
2026-09-21T02:23:02.8154272Z   ---
2026-09-21T02:23:02.8154461Z   duration_ms: 822.379433
2026-09-21T02:23:02.8154677Z   ...
2026-09-21T02:23:02.8155092Z # Subtest: only an ordinary validated Arcade action policy receives the Arcade label
2026-09-21T02:23:02.8155858Z ok 1338 - only an ordinary validated Arcade action policy receives the Arcade label
2026-09-21T02:23:02.8156252Z   ---
2026-09-21T02:23:02.8156446Z   duration_ms: 14491.147582
2026-09-21T02:23:02.8156681Z   ...
2026-09-21T02:23:02.8157246Z # Validated Arcade chapter install and exact picture must become ready: settled in 13529 ms
2026-09-21T02:23:02.8158070Z # Subtest: enemy-guide: registered ready-keyboard practice returns to its owner without campaign Home or Missions
2026-09-21T02:23:02.8158958Z ok 1339 - enemy-guide: registered ready-keyboard practice returns to its owner without campaign Home or Missions
2026-09-21T02:23:02.8159460Z   ---
2026-09-21T02:23:02.8159659Z   duration_ms: 1407.781104
2026-09-21T02:23:02.8159888Z   ...
2026-09-21T02:23:02.8160456Z # Subtest: enemy-guide: registered paused-controller practice returns to its owner without campaign Home or Missions
2026-09-21T02:23:02.8161364Z ok 1340 - enemy-guide: registered paused-controller practice returns to its owner without campaign Home or Missions
2026-09-21T02:23:02.8161894Z   ---
2026-09-21T02:23:02.8162090Z   duration_ms: 4734.481002
2026-09-21T02:23:02.8162313Z   ...
2026-09-21T02:23:02.8162824Z # Subtest: enemy-guide: registered header practice returns to its owner without campaign Home or Missions
2026-09-21T02:23:02.8163638Z ok 1341 - enemy-guide: registered header practice returns to its owner without campaign Home or Missions
2026-09-21T02:23:02.8164248Z   ---
2026-09-21T02:23:02.8164441Z   duration_ms: 1502.105173
2026-09-21T02:23:02.8164666Z   ...
2026-09-21T02:23:02.8165198Z # Subtest: workshop: registered ready-keyboard practice returns to its owner without campaign Home or Missions
2026-09-21T02:23:02.8166047Z ok 1342 - workshop: registered ready-keyboard practice returns to its owner without campaign Home or Missions
2026-09-21T02:23:02.8166541Z   ---
2026-09-21T02:23:02.8166734Z   duration_ms: 2313.376322
2026-09-21T02:23:02.8166954Z   ...
2026-09-21T02:23:02.8167503Z # Subtest: workshop: registered paused-controller practice returns to its owner without campaign Home or Missions
2026-09-21T02:23:02.8168382Z ok 1343 - workshop: registered paused-controller practice returns to its owner without campaign Home or Missions
2026-09-21T02:23:02.8168886Z   ---
2026-09-21T02:23:02.8169081Z   duration_ms: 3576.402786
2026-09-21T02:23:02.8169309Z   ...
2026-09-21T02:23:02.8169804Z # Subtest: workshop: registered header practice returns to its owner without campaign Home or Missions
2026-09-21T02:23:02.8170579Z ok 1344 - workshop: registered header practice returns to its owner without campaign Home or Missions
2026-09-21T02:23:02.8171038Z   ---
2026-09-21T02:23:02.8171229Z   duration_ms: 1225.533103
2026-09-21T02:23:02.8171452Z   ...
2026-09-21T02:23:02.8171908Z # Subtest: a new attempt keeps replay export locked until the previous download request settles
2026-09-21T02:23:02.8172614Z ok 1345 - a new attempt keeps replay export locked until the previous download request settles
2026-09-21T02:23:02.8173047Z   ---
2026-09-21T02:23:02.8173243Z   duration_ms: 2822.334561
2026-09-21T02:23:02.8173461Z   ...
2026-09-21T02:23:02.8174138Z # Subtest: immediate: native practice Retry retains the imported one-life impact scenario, rules and replay identity
2026-09-21T02:23:02.8175503Z ok 1346 - immediate: native practice Retry retains the imported one-life impact scenario, rules and replay identity
2026-09-21T02:23:02.8176039Z   ---
2026-09-21T02:23:02.8176241Z   duration_ms: 24313.358679
2026-09-21T02:23:02.8176475Z   ...
2026-09-21T02:23:02.8177052Z # Subtest: grid-center: native practice Retry retains the imported one-life impact scenario, rules and replay identity
2026-09-21T02:23:02.8177960Z ok 1347 - grid-center: native practice Retry retains the imported one-life impact scenario, rules and replay identity
2026-09-21T02:23:02.8178479Z   ---
2026-09-21T02:23:02.8178674Z   duration_ms: 17943.433173
2026-09-21T02:23:02.8178899Z   ...
2026-09-21T02:23:02.8179374Z # Subtest: component input specimens use native kinds, preserve selected state, and label errors
2026-09-21T02:23:02.8180251Z ok 1348 - component input specimens use native kinds, preserve selected state, and label errors
2026-09-21T02:23:02.8180691Z   ---
2026-09-21T02:23:02.8180889Z   duration_ms: 4.335186
2026-09-21T02:23:02.8181102Z   ...
2026-09-21T02:23:02.8181643Z # Subtest: tooltip and chip library specimens have real associations and no fake telemetry
2026-09-21T02:23:02.8182331Z ok 1349 - tooltip and chip library specimens have real associations and no fake telemetry
2026-09-21T02:23:02.8182783Z   ---
2026-09-21T02:23:02.8182974Z   duration_ms: 0.790986
2026-09-21T02:23:02.8183187Z   ...
2026-09-21T02:23:02.8183624Z # Subtest: opaque button frames preserve the state background and authored border geometry
2026-09-21T02:23:02.8184484Z ok 1350 - opaque button frames preserve the state background and authored border geometry
2026-09-21T02:23:02.8184901Z   ---
2026-09-21T02:23:02.8185095Z   duration_ms: 1.668612
2026-09-21T02:23:02.8185308Z   ...
2026-09-21T02:23:02.8185778Z # Subtest: action specimens retain their runtime variants without pretending to be toggle buttons
2026-09-21T02:23:02.8186526Z ok 1351 - action specimens retain their runtime variants without pretending to be toggle buttons
2026-09-21T02:23:02.8186968Z   ---
2026-09-21T02:23:02.8187160Z   duration_ms: 1.133795
2026-09-21T02:23:02.8187384Z   ...
2026-09-21T02:23:02.8187890Z # Subtest: tab specimens expose matched panels and real keyboard selection while skipping disabled tabs
2026-09-21T02:23:02.8188678Z ok 1352 - tab specimens expose matched panels and real keyboard selection while skipping disabled tabs
2026-09-21T02:23:02.8189146Z   ---
2026-09-21T02:23:02.8189336Z   duration_ms: 1.135909
2026-09-21T02:23:02.8189548Z   ...
2026-09-21T02:23:02.8189977Z # Subtest: chip specimens toggle locally and a disabled chip preserves its native state
2026-09-21T02:23:02.8190645Z ok 1353 - chip specimens toggle locally and a disabled chip preserves its native state
2026-09-21T02:23:02.8191052Z   ---
2026-09-21T02:23:02.8191246Z   duration_ms: 0.288538
2026-09-21T02:23:02.8191461Z   ...
2026-09-21T02:23:02.8191977Z # Subtest: the host accepts actual deterministic compiler output and no authoring history or arbitrary URLs
2026-09-21T02:23:02.8192797Z ok 1354 - the host accepts actual deterministic compiler output and no authoring history or arbitrary URLs
2026-09-21T02:23:02.8193280Z   ---
2026-09-21T02:23:02.8193473Z   duration_ms: 755.809932
2026-09-21T02:23:02.8193813Z   ...
2026-09-21T02:23:02.8194308Z # Subtest: loading is lazy, hash-pinned, and owns decoded assets until close without storage access
2026-09-21T02:23:02.8195050Z ok 1355 - loading is lazy, hash-pinned, and owns decoded assets until close without storage access
2026-09-21T02:23:02.8195490Z   ---
2026-09-21T02:23:02.8195687Z   duration_ms: 64.506515
2026-09-21T02:23:02.8195907Z   ...
2026-09-21T02:23:02.8196330Z # Subtest: registered native origins retain the same closed hash-derived path boundary
2026-09-21T02:23:02.8196980Z ok 1356 - registered native origins retain the same closed hash-derived path boundary
2026-09-21T02:23:02.8197398Z   ---
2026-09-21T02:23:02.8197590Z   duration_ms: 147.768604
2026-09-21T02:23:02.8197809Z   ...
2026-09-21T02:23:02.8198256Z # Subtest: CSS cleanup restores only owned values and preserves later user or screen changes
2026-09-21T02:23:02.8198946Z ok 1357 - CSS cleanup restores only owned values and preserves later user or screen changes
2026-09-21T02:23:02.8199362Z   ---
2026-09-21T02:23:02.8199552Z   duration_ms: 74.264467
2026-09-21T02:23:02.8199765Z   ...
2026-09-21T02:23:02.8200257Z # Subtest: a failed replacement leaves the previous accepted snapshot and its assets alive atomically
2026-09-21T02:23:02.8201025Z ok 1358 - a failed replacement leaves the previous accepted snapshot and its assets alive atomically
2026-09-21T02:23:02.8201492Z   ---
2026-09-21T02:23:02.8201684Z   duration_ms: 86.907762
2026-09-21T02:23:02.8201904Z   ...
2026-09-21T02:23:02.8202395Z # Subtest: bad hashes, oversized bodies, redirects, dimensions and unavailable files cannot be adopted
2026-09-21T02:23:02.8203289Z ok 1359 - bad hashes, oversized bodies, redirects, dimensions and unavailable files cannot be adopted
2026-09-21T02:23:02.8203993Z   ---
2026-09-21T02:23:02.8204207Z   duration_ms: 271.007973
2026-09-21T02:23:02.8204433Z   ...
2026-09-21T02:23:02.8204981Z # Subtest: a small compressed manifest cannot allocate an unbounded decoded image set
2026-09-21T02:23:02.8205640Z ok 1360 - a small compressed manifest cannot allocate an unbounded decoded image set
2026-09-21T02:23:02.8206040Z   ---
2026-09-21T02:23:02.8206231Z   duration_ms: 45.164813
2026-09-21T02:23:02.8206446Z   ...
2026-09-21T02:23:02.8206928Z # Subtest: superseded late image decoding is disposed and cannot release the newer accepted snapshot
2026-09-21T02:23:02.8207674Z ok 1361 - superseded late image decoding is disposed and cannot release the newer accepted snapshot
2026-09-21T02:23:02.8208125Z   ---
2026-09-21T02:23:02.8208312Z   duration_ms: 75.156921
2026-09-21T02:23:02.8208525Z   ...
2026-09-21T02:23:02.8209009Z # Subtest: close cancels a stalled byte stream; a previous external signal cannot abort a later load
2026-09-21T02:23:02.8209743Z ok 1362 - close cancels a stalled byte stream; a previous external signal cannot abort a later load
2026-09-21T02:23:02.8210187Z   ---
2026-09-21T02:23:02.8210381Z   duration_ms: 83.859334
2026-09-21T02:23:02.8210601Z   ...
2026-09-21T02:23:02.8211116Z # Subtest: atlas frames are cropped once and the original and cropped bitmap have independent owned lifetimes
2026-09-21T02:23:02.8211927Z ok 1363 - atlas frames are cropped once and the original and cropped bitmap have independent owned lifetimes
2026-09-21T02:23:02.8212403Z   ---
2026-09-21T02:23:02.8212592Z   duration_ms: 40.975936
2026-09-21T02:23:02.8212804Z   ...
2026-09-21T02:23:02.8213319Z # Subtest: font bytes are pinned and decoded before atomic registration, with owned CSS family and disposal
2026-09-21T02:23:02.8214300Z ok 1364 - font bytes are pinned and decoded before atomic registration, with owned CSS family and disposal
2026-09-21T02:23:02.8214781Z   ---
2026-09-21T02:23:02.8214977Z   duration_ms: 136.95415
2026-09-21T02:23:02.8215196Z   ...
2026-09-21T02:23:02.8215679Z # Subtest: picture originals remain lazy exact bytes and host close cancels a late original response
2026-09-21T02:23:02.8216442Z ok 1365 - picture originals remain lazy exact bytes and host close cancels a late original response
2026-09-21T02:23:02.8216900Z   ---
2026-09-21T02:23:02.8217095Z   duration_ms: 84.113244
2026-09-21T02:23:02.8217316Z   ...
2026-09-21T02:23:02.8217739Z # Subtest: compiler adoption replaces its complete owned tree and detects stale bytes
2026-09-21T02:23:02.8218386Z ok 1366 - compiler adoption replaces its complete owned tree and detects stale bytes
2026-09-21T02:23:02.8218797Z   ---
2026-09-21T02:23:02.8218992Z   duration_ms: 19.432599
2026-09-21T02:23:02.8219206Z   ...
2026-09-21T02:23:02.8219611Z # Subtest: unknown, modified or linked output cannot be discarded by regeneration
2026-09-21T02:23:02.8220231Z ok 1367 - unknown, modified or linked output cannot be discarded by regeneration
2026-09-21T02:23:02.8220618Z   ---
2026-09-21T02:23:02.8220807Z   duration_ms: 13.381291
2026-09-21T02:23:02.8221026Z   ...
2026-09-21T02:23:02.8221393Z # Subtest: per-world choices freeze original A and explicit authored art despite assignment B
2026-09-21T02:23:02.8221750Z ok 1368 - per-world choices freeze original A and explicit authored art despite assignment B
2026-09-21T02:23:02.8221835Z   ---
2026-09-21T02:23:02.8221926Z   duration_ms: 52.463685
2026-09-21T02:23:02.8222015Z   ...
2026-09-21T02:23:02.8222386Z # Subtest: v3 standard/immediate saves exact replay and continuation with authored picture owner
2026-09-21T02:23:02.8222747Z ok 1369 - v3 standard/immediate saves exact replay and continuation with authored picture owner
2026-09-21T02:23:02.8222830Z   ---
2026-09-21T02:23:02.8222928Z   duration_ms: 137.74072
2026-09-21T02:23:02.8223011Z   ...
2026-09-21T02:23:02.8223383Z # Subtest: v3 standard/grid-center saves exact replay and continuation with authored picture owner
2026-09-21T02:23:02.8224036Z ok 1370 - v3 standard/grid-center saves exact replay and continuation with authored picture owner
2026-09-21T02:23:02.8224125Z   ---
2026-09-21T02:23:02.8224224Z   duration_ms: 72.777719
2026-09-21T02:23:02.8224303Z   ...
2026-09-21T02:23:02.8224775Z # Subtest: v3 gentle/immediate saves exact replay and continuation with authored picture owner
2026-09-21T02:23:02.8225128Z ok 1371 - v3 gentle/immediate saves exact replay and continuation with authored picture owner
2026-09-21T02:23:02.8225209Z   ---
2026-09-21T02:23:02.8225307Z   duration_ms: 82.656023
2026-09-21T02:23:02.8225392Z   ...
2026-09-21T02:23:02.8225750Z # Subtest: v3 gentle/grid-center saves exact replay and continuation with authored picture owner
2026-09-21T02:23:02.8226105Z ok 1372 - v3 gentle/grid-center saves exact replay and continuation with authored picture owner
2026-09-21T02:23:02.8226189Z   ---
2026-09-21T02:23:02.8226287Z   duration_ms: 70.705123
2026-09-21T02:23:02.8226370Z   ...
2026-09-21T02:23:02.8226724Z # Subtest: restore verifies exact installed authored owner instead of trusting pin metadata
2026-09-21T02:23:02.8227064Z ok 1373 - restore verifies exact installed authored owner instead of trusting pin metadata
2026-09-21T02:23:02.8227143Z   ---
2026-09-21T02:23:02.8227246Z   duration_ms: 52.371153
2026-09-21T02:23:02.8227329Z   ...
2026-09-21T02:23:02.8227682Z # Subtest: missing old picture stays unavailable; unknown worlds never use a fresh assignment
2026-09-21T02:23:02.8228022Z ok 1374 - missing old picture stays unavailable; unknown worlds never use a fresh assignment
2026-09-21T02:23:02.8228106Z   ---
2026-09-21T02:23:02.8228203Z   duration_ms: 17.134031
2026-09-21T02:23:02.8228281Z   ...
2026-09-21T02:23:02.8228575Z # Subtest: strict bounded owned pins reject malformed or mixed map identities
2026-09-21T02:23:02.8228856Z ok 1375 - strict bounded owned pins reject malformed or mixed map identities
2026-09-21T02:23:02.8228940Z   ---
2026-09-21T02:23:02.8229036Z   duration_ms: 20.134098
2026-09-21T02:23:02.8229118Z   ...
2026-09-21T02:23:02.8229388Z # Subtest: v1 and v2 stay unchanged; invalid v3 never releases a queued turn
2026-09-21T02:23:02.8229647Z ok 1376 - v1 and v2 stay unchanged; invalid v3 never releases a queued turn
2026-09-21T02:23:02.8229731Z   ---
2026-09-21T02:23:02.8229831Z   duration_ms: 47.499174
2026-09-21T02:23:02.8229909Z   ...
2026-09-21T02:23:02.8230219Z # Subtest: storage failure preserves previous saved flight with valid v3 envelope
2026-09-21T02:23:02.8230518Z ok 1377 - storage failure preserves previous saved flight with valid v3 envelope
2026-09-21T02:23:02.8230602Z   ---
2026-09-21T02:23:02.8230692Z   duration_ms: 24.361424
2026-09-21T02:23:02.8230773Z   ...
2026-09-21T02:23:02.8231118Z # Subtest: studio revisions preserve prior theme records and apply explicit token changes
2026-09-21T02:23:02.8231444Z ok 1378 - studio revisions preserve prior theme records and apply explicit token changes
2026-09-21T02:23:02.8231532Z   ---
2026-09-21T02:23:02.8231631Z   duration_ms: 921.958003
2026-09-21T02:23:02.8231711Z   ...
2026-09-21T02:23:02.8232029Z # Subtest: a complete required collection can retain separate compact edit revisions
2026-09-21T02:23:02.8232341Z ok 1379 - a complete required collection can retain separate compact edit revisions
2026-09-21T02:23:02.8232427Z   ---
2026-09-21T02:23:02.8232523Z   duration_ms: 1076.309527
2026-09-21T02:23:02.8232608Z   ...
2026-09-21T02:23:02.8232989Z # Subtest: collection replacement rejects incomplete members and missing dependencies atomically
2026-09-21T02:23:02.8233355Z ok 1380 - collection replacement rejects incomplete members and missing dependencies atomically
2026-09-21T02:23:02.8233438Z   ---
2026-09-21T02:23:02.8233539Z   duration_ms: 882.286012
2026-09-21T02:23:02.8233622Z   ...
2026-09-21T02:23:02.8234140Z # Subtest: studio database compare-and-swap rejects stale tabs and preserves data on write failure
2026-09-21T02:23:02.8234516Z ok 1381 - studio database compare-and-swap rejects stale tabs and preserves data on write failure
2026-09-21T02:23:02.8234720Z   ---
2026-09-21T02:23:02.8234816Z   duration_ms: 1477.315923
2026-09-21T02:23:02.8234900Z   ...
2026-09-21T02:23:02.8235213Z # Subtest: generated prompts carry real slot, theme, states and release limitations
2026-09-21T02:23:02.8235625Z ok 1382 - generated prompts carry real slot, theme, states and release limitations
2026-09-21T02:23:02.8235707Z   ---
2026-09-21T02:23:02.8235805Z   duration_ms: 214.682836
2026-09-21T02:23:02.8235888Z   ...
2026-09-21T02:23:02.8236295Z # Subtest: audio and font briefs request the actual output medium and preserve the immutable slot document
2026-09-21T02:23:02.8236697Z ok 1383 - audio and font briefs request the actual output medium and preserve the immutable slot document
2026-09-21T02:23:02.8236783Z   ---
2026-09-21T02:23:02.8236875Z   duration_ms: 244.280458
2026-09-21T02:23:02.8236958Z   ...
2026-09-21T02:23:02.8237390Z # Subtest: all recipe-only slots produce actionable code or metadata briefs for variation, edit and collection
2026-09-21T02:23:02.8237820Z ok 1384 - all recipe-only slots produce actionable code or metadata briefs for variation, edit and collection
2026-09-21T02:23:02.8237899Z   ---
2026-09-21T02:23:02.8237994Z   duration_ms: 388.773302
2026-09-21T02:23:02.8238077Z   ...
2026-09-21T02:23:02.8238411Z # Subtest: edit briefs retain actual custom geometry and the production palette contract
2026-09-21T02:23:02.8238733Z ok 1385 - edit briefs retain actual custom geometry and the production palette contract
2026-09-21T02:23:02.8238818Z   ---
2026-09-21T02:23:02.8238914Z   duration_ms: 616.015337
2026-09-21T02:23:02.8238992Z   ...
2026-09-21T02:23:02.8239364Z # Subtest: saved lineage allows a batch of staged actions and reset, but refuses rewritten history
2026-09-21T02:23:02.8239724Z ok 1386 - saved lineage allows a batch of staged actions and reset, but refuses rewritten history
2026-09-21T02:23:02.8239802Z   ---
2026-09-21T02:23:02.8239901Z   duration_ms: 4272.272091
2026-09-21T02:23:02.8239987Z   ...
2026-09-21T02:23:02.8240380Z # Subtest: two independent studio tabs serialize compare-and-swap without dropping the winning save
2026-09-21T02:23:02.8240752Z ok 1387 - two independent studio tabs serialize compare-and-swap without dropping the winning save
2026-09-21T02:23:02.8240836Z   ---
2026-09-21T02:23:02.8240937Z   duration_ms: 1443.590668
2026-09-21T02:23:02.8241016Z   ...
2026-09-21T02:23:02.8241349Z # Subtest: a failed save of new bytes and invalid geometry both retain the saved workspace
2026-09-21T02:23:02.8241669Z ok 1388 - a failed save of new bytes and invalid geometry both retain the saved workspace
2026-09-21T02:23:02.8241753Z   ---
2026-09-21T02:23:02.8241846Z   duration_ms: 1083.876031
2026-09-21T02:23:02.8241929Z   ...
2026-09-21T02:23:02.8242303Z # Subtest: imports reserve unoccupied asset and collection identities and retain derivative links
2026-09-21T02:23:02.8242666Z ok 1389 - imports reserve unoccupied asset and collection identities and retain derivative links
2026-09-21T02:23:02.8242755Z   ---
2026-09-21T02:23:02.8242853Z   duration_ms: 581.031158
2026-09-21T02:23:02.8242931Z   ...
2026-09-21T02:23:02.8243365Z # Subtest: self-imports retain every revision without duplicating history; conflicting parents stay isolated
2026-09-21T02:23:02.8243926Z ok 1390 - self-imports retain every revision without duplicating history; conflicting parents stay isolated
2026-09-21T02:23:02.8244016Z   ---
2026-09-21T02:23:02.8244111Z   duration_ms: 1092.992862
2026-09-21T02:23:02.8244194Z   ...
2026-09-21T02:23:02.8244561Z # Subtest: incompatible imported slots fail atomically and replaced collections retain history
2026-09-21T02:23:02.8244910Z ok 1391 - incompatible imported slots fail atomically and replaced collections retain history
2026-09-21T02:23:02.8244995Z   ---
2026-09-21T02:23:02.8245091Z   duration_ms: 1088.488132
2026-09-21T02:23:02.8245175Z   ...
2026-09-21T02:23:02.8245501Z # Subtest: closing a pending open rejects its caller promptly and closes a late database
2026-09-21T02:23:02.8245940Z ok 1392 - closing a pending open rejects its caller promptly and closes a late database
2026-09-21T02:23:02.8246025Z   ---
2026-09-21T02:23:02.8246117Z   duration_ms: 3.475614
2026-09-21T02:23:02.8246200Z   ...
2026-09-21T02:23:02.8246664Z # Subtest: closing before a pending upgrade aborts that upgrade without creating a workspace
2026-09-21T02:23:02.8247010Z ok 1393 - closing before a pending upgrade aborts that upgrade without creating a workspace
2026-09-21T02:23:02.8247090Z   ---
2026-09-21T02:23:02.8247186Z   duration_ms: 1.150316
2026-09-21T02:23:02.8247269Z   ...
2026-09-21T02:23:02.8247602Z # Subtest: a blocked open that succeeds late cannot invalidate the newer studio connection
2026-09-21T02:23:02.8247932Z ok 1394 - a blocked open that succeeds late cannot invalidate the newer studio connection
2026-09-21T02:23:02.8248015Z   ---
2026-09-21T02:23:02.8248106Z   duration_ms: 1.31905
2026-09-21T02:23:02.8248190Z   ...
2026-09-21T02:23:02.8248495Z # Subtest: a retired database close callback does not detach a newer owned handle
2026-09-21T02:23:02.8248796Z ok 1395 - a retired database close callback does not detach a newer owned handle
2026-09-21T02:23:02.8248875Z   ---
2026-09-21T02:23:02.8248971Z   duration_ms: 1.488477
2026-09-21T02:23:02.8249053Z   ...
2026-09-21T02:23:02.8249564Z # Subtest: discovery keeps exact aliases, finds packs-only and preserves protected dev/future channels without reading values
2026-09-21T02:23:02.8250060Z ok 1396 - discovery keeps exact aliases, finds packs-only and preserves protected dev/future channels without reading values
2026-09-21T02:23:02.8250145Z   ---
2026-09-21T02:23:02.8250243Z   duration_ms: 13.833445
2026-09-21T02:23:02.8250320Z   ...
2026-09-21T02:23:02.8250761Z # Subtest: locked overview and export preserve exact stored wrappers and every raw string without opening media
2026-09-21T02:23:02.8251188Z ok 1397 - locked overview and export preserve exact stored wrappers and every raw string without opening media
2026-09-21T02:23:02.8251271Z   ---
2026-09-21T02:23:02.8251369Z   duration_ms: 16.552367
2026-09-21T02:23:02.8251457Z   ...
2026-09-21T02:23:02.8251933Z # Subtest: a corrupt profile with first-receipt text remains exportable without being relabeled an empty valid profile
2026-09-21T02:23:02.8252391Z ok 1398 - a corrupt profile with first-receipt text remains exportable without being relabeled an empty valid profile
2026-09-21T02:23:02.8252478Z   ---
2026-09-21T02:23:02.8252574Z   duration_ms: 4.840049
2026-09-21T02:23:02.8252652Z   ...
2026-09-21T02:23:02.8253214Z # Subtest: asset absence, present null and unsupported undefined remain distinct and unsupported values produce an incomplete diagnostic
2026-09-21T02:23:02.8253883Z ok 1399 - asset absence, present null and unsupported undefined remain distinct and unsupported values produce an incomplete diagnostic
2026-09-21T02:23:02.8253971Z   ---
2026-09-21T02:23:02.8254066Z   duration_ms: 6.114276
2026-09-21T02:23:02.8254149Z   ...
2026-09-21T02:23:02.8254556Z # Subtest: missing asset database does not block independently valid profile metadata or create storage
2026-09-21T02:23:02.8254948Z ok 1400 - missing asset database does not block independently valid profile metadata or create storage
2026-09-21T02:23:02.8255032Z   ---
2026-09-21T02:23:02.8255130Z   duration_ms: 9.401958
2026-09-21T02:23:02.8255212Z   ...
2026-09-21T02:23:02.8255713Z # Subtest: busy writers and changed reviewed source refuse export, and manufactured review/channel objects grant no authority
2026-09-21T02:23:02.8256198Z ok 1401 - busy writers and changed reviewed source refuse export, and manufactured review/channel objects grant no authority
2026-09-21T02:23:02.8256281Z   ---
2026-09-21T02:23:02.8256372Z   duration_ms: 5.814907
2026-09-21T02:23:02.8256456Z   ...
2026-09-21T02:23:02.8256742Z # Subtest: source changes during snapshot validation refuse a stable review
2026-09-21T02:23:02.8257013Z ok 1402 - source changes during snapshot validation refuse a stable review
2026-09-21T02:23:02.8257096Z   ---
2026-09-21T02:23:02.8257352Z   duration_ms: 7.405798
2026-09-21T02:23:02.8257437Z   ...
2026-09-21T02:23:02.8257750Z # Subtest: more than 96 exact channels refuses the inventory without dropping entries
2026-09-21T02:23:02.8258059Z ok 1403 - more than 96 exact channels refuses the inventory without dropping entries
2026-09-21T02:23:02.8258247Z   ---
2026-09-21T02:23:02.8258343Z   duration_ms: 1.664535
2026-09-21T02:23:02.8258431Z   ...
2026-09-21T02:23:02.8258794Z # Subtest: strict structured-value export rejects lossy JSON cases and never invokes a getter
2026-09-21T02:23:02.8259145Z ok 1404 - strict structured-value export rejects lossy JSON cases and never invokes a getter
2026-09-21T02:23:02.8259225Z   ---
2026-09-21T02:23:02.8259320Z   duration_ms: 0.816754
2026-09-21T02:23:02.8259403Z   ...
2026-09-21T02:23:02.8259816Z # Subtest: Close settles while an unstarted Web Locks request is delayed, and its late callback cannot read
2026-09-21T02:23:02.8260220Z ok 1405 - Close settles while an unstarted Web Locks request is delayed, and its late callback cannot read
2026-09-21T02:23:02.8260309Z   ---
2026-09-21T02:23:02.8260401Z   duration_ms: 3.85987
2026-09-21T02:23:02.8260484Z   ...
2026-09-21T02:23:02.8260945Z # Subtest: cancelling a delayed backup-lock request releases the acquired writer and rejects its late read callback
2026-09-21T02:23:02.8261399Z ok 1406 - cancelling a delayed backup-lock request releases the acquired writer and rejects its late read callback
2026-09-21T02:23:02.8261479Z   ---
2026-09-21T02:23:02.8261576Z   duration_ms: 2.089768
2026-09-21T02:23:02.8261658Z   ...
2026-09-21T02:23:02.8262022Z # Subtest: Settings recovery stays lazy, uses the supplied version and keeps Settings underneath
2026-09-21T02:23:02.8262384Z ok 1407 - Settings recovery stays lazy, uses the supplied version and keeps Settings underneath
2026-09-21T02:23:02.8262467Z   ---
2026-09-21T02:23:02.8262563Z   duration_ms: 9.593689
2026-09-21T02:23:02.8262640Z   ...
2026-09-21T02:23:02.8262999Z # Subtest: Escape and Back join pending reader cleanup and revoke raw URLs before native close
2026-09-21T02:23:02.8263349Z ok 1408 - Escape and Back join pending reader cleanup and revoke raw URLs before native close
2026-09-21T02:23:02.8263428Z   ---
2026-09-21T02:23:02.8263528Z   duration_ms: 16.605645
2026-09-21T02:23:02.8263613Z   ...
2026-09-21T02:23:02.8264116Z # Subtest: closing during module loading prevents late reader creation and a later open is fresh
2026-09-21T02:23:02.8264475Z ok 1409 - closing during module loading prevents late reader creation and a later open is fresh
2026-09-21T02:23:02.8264559Z   ---
2026-09-21T02:23:02.8264654Z   duration_ms: 6.930405
2026-09-21T02:23:02.8264732Z   ...
2026-09-21T02:23:02.8265068Z # Subtest: failed catalog leaves raw discovery, review and explicit native export usable
2026-09-21T02:23:02.8265390Z ok 1410 - failed catalog leaves raw discovery, review and explicit native export usable
2026-09-21T02:23:02.8265473Z   ---
2026-09-21T02:23:02.8265564Z   duration_ms: 7.946423
2026-09-21T02:23:02.8265652Z   ...
2026-09-21T02:23:02.8266017Z # Subtest: unbuilt host keeps raw diagnostics and never requests or grants a historical catalog
2026-09-21T02:23:02.8266366Z ok 1411 - unbuilt host keeps raw diagnostics and never requests or grants a historical catalog
2026-09-21T02:23:02.8266451Z   ---
2026-09-21T02:23:02.8266552Z   duration_ms: 1.95147
2026-09-21T02:23:02.8266631Z   ...
2026-09-21T02:23:02.8267004Z # Subtest: incompatible operation disables entry without cancelling or replacing that operation
2026-09-21T02:23:02.8267365Z ok 1412 - incompatible operation disables entry without cancelling or replacing that operation
2026-09-21T02:23:02.8267450Z   ---
2026-09-21T02:23:02.8267541Z   duration_ms: 2.360974
2026-09-21T02:23:02.8267624Z   ...
2026-09-21T02:23:02.8267949Z # Subtest: blur cancels catalog loading; pagehide closes without allowing a late reader
2026-09-21T02:23:02.8268263Z ok 1413 - blur cancels catalog loading; pagehide closes without allowing a late reader
2026-09-21T02:23:02.8268347Z   ---
2026-09-21T02:23:02.8268562Z   duration_ms: 3.314372
2026-09-21T02:23:02.8268639Z   ...
2026-09-21T02:23:02.8268986Z # Subtest: current writer refusal remains visible without a fallback reader or lock bypass
2026-09-21T02:23:02.8269319Z ok 1414 - current writer refusal remains visible without a fallback reader or lock bypass
2026-09-21T02:23:02.8269507Z   ---
2026-09-21T02:23:02.8269603Z   duration_ms: 5.931037
2026-09-21T02:23:02.8269687Z   ...
2026-09-21T02:23:02.8270115Z # Subtest: source recovery resolves its comparison version only on entry without granting catalog authority
2026-09-21T02:23:02.8270520Z ok 1415 - source recovery resolves its comparison version only on entry without granting catalog authority
2026-09-21T02:23:02.8270604Z   ---
2026-09-21T02:23:02.8270699Z   duration_ms: 4.312781
2026-09-21T02:23:02.8270782Z   ...
2026-09-21T02:23:02.8271130Z # Subtest: closing while source-version resolution is pending prevents late reader creation
2026-09-21T02:23:02.8271475Z ok 1416 - closing while source-version resolution is pending prevents late reader creation
2026-09-21T02:23:02.8271563Z   ---
2026-09-21T02:23:02.8271653Z   duration_ms: 3.98345
2026-09-21T02:23:02.8271739Z   ...
2026-09-21T02:23:02.8272118Z # Subtest: controller Back cancels held Recovery startup before any profile read or late adoption
2026-09-21T02:23:02.8272488Z ok 1417 - controller Back cancels held Recovery startup before any profile read or late adoption
2026-09-21T02:23:02.8272569Z   ---
2026-09-21T02:23:02.8272669Z   duration_ms: 134.93304
2026-09-21T02:23:02.8272752Z   ...
2026-09-21T02:23:02.8273144Z # Subtest: failed startup keeps controller Reload reachable and retains one router through readiness
2026-09-21T02:23:02.8273530Z ok 1418 - failed startup keeps controller Reload reachable and retains one router through readiness
2026-09-21T02:23:02.8273615Z   ---
2026-09-21T02:23:02.8273834Z   duration_ms: 362.330867
2026-09-21T02:23:02.8273918Z   ...
2026-09-21T02:23:02.8274302Z # Subtest: Reload during a held catalog retires its late completion without replacing the newer view
2026-09-21T02:23:02.8274676Z ok 1419 - Reload during a held catalog retires its late completion without replacing the newer view
2026-09-21T02:23:02.8274753Z   ---
2026-09-21T02:23:02.8274851Z   duration_ms: 205.76403
2026-09-21T02:23:02.8274933Z   ...
2026-09-21T02:23:02.8275308Z # Subtest: timed-out startup keeps Reload active and late failed work cannot replace its successor
2026-09-21T02:23:02.8275675Z ok 1420 - timed-out startup keeps Reload active and late failed work cannot replace its successor
2026-09-21T02:23:02.8275757Z   ---
2026-09-21T02:23:02.8275856Z   duration_ms: 140.818541
2026-09-21T02:23:02.8275934Z   ...
2026-09-21T02:23:02.8276254Z # Subtest: startup completion preserves newer focus instead of moving it from Back
2026-09-21T02:23:02.8276559Z ok 1421 - startup completion preserves newer focus instead of moving it from Back
2026-09-21T02:23:02.8276639Z   ---
2026-09-21T02:23:02.8276735Z   duration_ms: 145.290293
2026-09-21T02:23:02.8276823Z   ...
2026-09-21T02:23:02.8277118Z # Subtest: background completion cannot autofocus now or on foreground return
2026-09-21T02:23:02.8277397Z ok 1422 - background completion cannot autofocus now or on foreground return
2026-09-21T02:23:02.8277482Z   ---
2026-09-21T02:23:02.8277581Z   duration_ms: 168.495219
2026-09-21T02:23:02.8277663Z   ...
2026-09-21T02:23:02.8278042Z # Subtest: hidden input stays neutral and returning foreground requires a fresh controller command
2026-09-21T02:23:02.8278409Z ok 1423 - hidden input stays neutral and returning foreground requires a fresh controller command
2026-09-21T02:23:02.8278489Z   ---
2026-09-21T02:23:02.8278585Z   duration_ms: 9.866745
2026-09-21T02:23:02.8278667Z   ...
2026-09-21T02:23:02.8279092Z # Subtest: cached return starts one read and one navigation loop while terminal departure cannot revive either
2026-09-21T02:23:02.8279506Z ok 1424 - cached return starts one read and one navigation loop while terminal departure cannot revive either
2026-09-21T02:23:02.8279711Z   ---
2026-09-21T02:23:02.8279816Z   duration_ms: 197.392614
2026-09-21T02:23:02.8279896Z   ...
2026-09-21T02:23:02.8280268Z # Subtest: ready Back waits for the actual reader transaction and overlapping Back closes it once
2026-09-21T02:23:02.8280738Z ok 1425 - ready Back waits for the actual reader transaction and overlapping Back closes it once
2026-09-21T02:23:02.8280827Z   ---
2026-09-21T02:23:02.8280921Z   duration_ms: 133.282196
2026-09-21T02:23:02.8281007Z   ...
2026-09-21T02:23:02.8281335Z # Subtest: old ready Back cannot navigate or focus after persisted departure and return
2026-09-21T02:23:02.8281648Z ok 1426 - old ready Back cannot navigate or focus after persisted departure and return
2026-09-21T02:23:02.8281735Z   ---
2026-09-21T02:23:02.8281833Z   duration_ms: 334.071302
2026-09-21T02:23:02.8281920Z   ...
2026-09-21T02:23:02.8282269Z # Subtest: ready Back cleanup completed in the background cannot navigate or later autofocus
2026-09-21T02:23:02.8282617Z ok 1427 - ready Back cleanup completed in the background cannot navigate or later autofocus
2026-09-21T02:23:02.8282743Z   ---
2026-09-21T02:23:02.8282841Z   duration_ms: 241.856643
2026-09-21T02:23:02.8282927Z   ...
2026-09-21T02:23:02.8283233Z # Subtest: terminal departure invalidates a ready Back still awaiting its reader
2026-09-21T02:23:02.8283532Z ok 1428 - terminal departure invalidates a ready Back still awaiting its reader
2026-09-21T02:23:02.8283616Z   ---
2026-09-21T02:23:02.8283835Z   duration_ms: 229.118237
2026-09-21T02:23:02.8283923Z   ...
2026-09-21T02:23:02.8284263Z # Subtest: terminal departure also invalidates startup Back final navigation continuation
2026-09-21T02:23:02.8284594Z ok 1429 - terminal departure also invalidates startup Back final navigation continuation
2026-09-21T02:23:02.8284678Z   ---
2026-09-21T02:23:02.8284771Z   duration_ms: 8.91102
2026-09-21T02:23:02.8284897Z   ...
2026-09-21T02:23:02.8285298Z # Subtest: completed startup Back supports a real persisted departure and fresh return
2026-09-21T02:23:02.8285743Z ok 1430 - completed startup Back supports a real persisted departure and fresh return
2026-09-21T02:23:02.8285913Z   ---
2026-09-21T02:23:02.8286080Z   duration_ms: 242.454552
2026-09-21T02:23:02.8286192Z   ...
2026-09-21T02:23:02.8286600Z # Subtest: completed ready Back supports a real persisted departure and fresh return
2026-09-21T02:23:02.8287041Z ok 1431 - completed ready Back supports a real persisted departure and fresh return
2026-09-21T02:23:02.8293487Z   ---
2026-09-21T02:23:02.8293629Z   duration_ms: 455.244638
2026-09-21T02:23:02.8294061Z   ...
2026-09-21T02:23:02.8294690Z # Subtest: completed Back followed by terminal departure cannot revive on stale persisted pageshow or late startup
2026-09-21T02:23:02.8295167Z ok 1432 - completed Back followed by terminal departure cannot revive on stale persisted pageshow or late startup
2026-09-21T02:23:02.8295260Z   ---
2026-09-21T02:23:02.8295368Z   duration_ms: 22.711265
2026-09-21T02:23:02.8295453Z   ...
2026-09-21T02:23:02.8295899Z # Subtest: discovery recognizes earlier canonical versions, sorts numerically and keeps exact channel aliases
2026-09-21T02:23:02.8296359Z ok 1433 - discovery recognizes earlier canonical versions, sorts numerically and keeps exact channel aliases
2026-09-21T02:23:02.8296447Z   ---
2026-09-21T02:23:02.8296545Z   duration_ms: 17.649433
2026-09-21T02:23:02.8296634Z   ...
2026-09-21T02:23:02.8297022Z # Subtest: discovery is bounded and unavailable storage never becomes an empty successful list
2026-09-21T02:23:02.8297387Z ok 1434 - discovery is bounded and unavailable storage never becomes an empty successful list
2026-09-21T02:23:02.8297466Z   ---
2026-09-21T02:23:02.8297566Z   duration_ms: 2.2193
2026-09-21T02:23:02.8297648Z   ...
2026-09-21T02:23:02.8297987Z # Subtest: many historical channels retain a recent saved flight in the bounded picker
2026-09-21T02:23:02.8298316Z ok 1435 - many historical channels retain a recent saved flight in the bounded picker
2026-09-21T02:23:02.8298400Z   ---
2026-09-21T02:23:02.8298499Z   duration_ms: 6.987033
2026-09-21T02:23:02.8298760Z   ...
2026-09-21T02:23:02.8299121Z # Subtest: verified profile, pack image and live cut transfer without any source mutation
2026-09-21T02:23:02.8299472Z ok 1436 - verified profile, pack image and live cut transfer without any source mutation
2026-09-21T02:23:02.8299552Z   ---
2026-09-21T02:23:02.8299757Z   duration_ms: 200.74496
2026-09-21T02:23:02.8299844Z   ...
2026-09-21T02:23:02.8300233Z # Subtest: only explicit null optional slots mean absence, while removed pack metadata stays visible
2026-09-21T02:23:02.8300617Z ok 1437 - only explicit null optional slots mean absence, while removed pack metadata stays visible
2026-09-21T02:23:02.8300702Z   ---
2026-09-21T02:23:02.8300798Z   duration_ms: 42.084384
2026-09-21T02:23:02.8300876Z   ...
2026-09-21T02:23:02.8301277Z # Subtest: legacy v0.2.0 uses its actual release keys and migrates only supported optional preferences
2026-09-21T02:23:02.8301664Z ok 1438 - legacy v0.2.0 uses its actual release keys and migrates only supported optional preferences
2026-09-21T02:23:02.8301750Z   ---
2026-09-21T02:23:02.8301847Z   duration_ms: 7.28525
2026-09-21T02:23:02.8301929Z   ...
2026-09-21T02:23:02.8302282Z # Subtest: an actual existing source writer lease prevents transfer and does not get stolen
2026-09-21T02:23:02.8302622Z ok 1439 - an actual existing source writer lease prevents transfer and does not get stolen
2026-09-21T02:23:02.8302711Z   ---
2026-09-21T02:23:02.8302807Z   duration_ms: 10.077127
2026-09-21T02:23:02.8302884Z   ...
2026-09-21T02:23:02.8303282Z # Subtest: busy coordinator or stale/corrupt recovery markers block copy without recovery or fallback
2026-09-21T02:23:02.8303665Z ok 1440 - busy coordinator or stale/corrupt recovery markers block copy without recovery or fallback
2026-09-21T02:23:02.8303901Z   ---
2026-09-21T02:23:02.8303999Z   duration_ms: 4.354373
2026-09-21T02:23:02.8304084Z   ...
2026-09-21T02:23:02.8304477Z # Subtest: missing, corrupt or oversized profile/pack/session data never transfers as empty success
2026-09-21T02:23:02.8304854Z ok 1441 - missing, corrupt or oversized profile/pack/session data never transfers as empty success
2026-09-21T02:23:02.8304939Z   ---
2026-09-21T02:23:02.8305036Z   duration_ms: 34.371889
2026-09-21T02:23:02.8305114Z   ...
2026-09-21T02:23:02.8305498Z # Subtest: storage exceptions and unavailable locks reject without reads from a substitute source
2026-09-21T02:23:02.8305865Z ok 1442 - storage exceptions and unavailable locks reject without reads from a substitute source
2026-09-21T02:23:02.8305949Z   ---
2026-09-21T02:23:02.8306039Z   duration_ms: 6.003519
2026-09-21T02:23:02.8306118Z   ...
2026-09-21T02:23:02.8306437Z # Subtest: prototype pollution and accessors are rejected without invoking user data
2026-09-21T02:23:02.8306746Z ok 1443 - prototype pollution and accessors are rejected without invoking user data
2026-09-21T02:23:02.8306828Z   ---
2026-09-21T02:23:02.8306926Z   duration_ms: 3.500701
2026-09-21T02:23:02.8307008Z   ...
2026-09-21T02:23:02.8307393Z # Subtest: a mismatching replay checkpoint or a missing required campaign rejects the whole snapshot
2026-09-21T02:23:02.8307775Z ok 1444 - a mismatching replay checkpoint or a missing required campaign rejects the whole snapshot
2026-09-21T02:23:02.8307860Z   ---
2026-09-21T02:23:02.8307953Z   duration_ms: 19.381514
2026-09-21T02:23:02.8308039Z   ...
2026-09-21T02:23:02.8308390Z # Subtest: source locks remain held through image verification and release on cancellation
2026-09-21T02:23:02.8308725Z ok 1445 - source locks remain held through image verification and release on cancellation
2026-09-21T02:23:02.8308803Z   ---
2026-09-21T02:23:02.8308899Z   duration_ms: 24.805091
2026-09-21T02:23:02.8308982Z   ...
2026-09-21T02:23:02.8309377Z # Subtest: a deadline releases source locks even when a read never settles, and late reads cannot adopt
2026-09-21T02:23:02.8309762Z ok 1446 - a deadline releases source locks even when a read never settles, and late reads cannot adopt
2026-09-21T02:23:02.8309842Z   ---
2026-09-21T02:23:02.8310061Z   duration_ms: 14.013901
2026-09-21T02:23:02.8310144Z   ...
2026-09-21T02:23:02.8310447Z # Subtest: pre-cancellation and invalid deadlines never touch source storage
2026-09-21T02:23:02.8310737Z ok 1447 - pre-cancellation and invalid deadlines never touch source storage
2026-09-21T02:23:02.8310816Z   ---
2026-09-21T02:23:02.8311015Z   duration_ms: 0.980139
2026-09-21T02:23:02.8311101Z   ...
2026-09-21T02:23:02.8311403Z # Subtest: fingerprints use canonical complete content and a real SHA-256 digest
2026-09-21T02:23:02.8311698Z ok 1448 - fingerprints use canonical complete content and a real SHA-256 digest
2026-09-21T02:23:02.8311781Z   ---
2026-09-21T02:23:02.8311879Z   duration_ms: 24.798017
2026-09-21T02:23:02.8311957Z   ...
2026-09-21T02:23:02.8312297Z # Subtest: storage generation and JSON key ordering do not make an unchanged review stale
2026-09-21T02:23:02.8312622Z ok 1449 - storage generation and JSON key ordering do not make an unchanged review stale
2026-09-21T02:23:02.8312708Z   ---
2026-09-21T02:23:02.8312805Z   duration_ms: 11.206004
2026-09-21T02:23:02.8312887Z   ...
2026-09-21T02:23:02.8313281Z # Subtest: changed preferences, progress, image payload and suspended metadata each invalidate review
2026-09-21T02:23:02.8313810Z ok 1450 - changed preferences, progress, image payload and suspended metadata each invalidate review
2026-09-21T02:23:02.8313902Z   ---
2026-09-21T02:23:02.8314002Z   duration_ms: 173.615287
2026-09-21T02:23:02.8314080Z   ...
2026-09-21T02:23:02.8314369Z # Subtest: fingerprints require prepared data and exactly 32 digest bytes
2026-09-21T02:23:02.8314645Z ok 1451 - fingerprints require prepared data and exactly 32 digest bytes
2026-09-21T02:23:02.8314725Z   ---
2026-09-21T02:23:02.8314821Z   duration_ms: 1.66162
2026-09-21T02:23:02.8314903Z   ...
2026-09-21T02:23:02.8315284Z # Subtest: fingerprinting stays under the source locks and cancellation releases a pending digest
2026-09-21T02:23:02.8315647Z ok 1452 - fingerprinting stays under the source locks and cancellation releases a pending digest
2026-09-21T02:23:02.8315738Z   ---
2026-09-21T02:23:02.8315835Z   duration_ms: 5.136582
2026-09-21T02:23:02.8315913Z   ...
2026-09-21T02:23:02.8316275Z # Subtest: the authored Homeward pack fits transfer budgets and hashes its full image payload
2026-09-21T02:23:02.8316625Z ok 1453 - the authored Homeward pack fits transfer budgets and hashes its full image payload
2026-09-21T02:23:02.8316705Z   ---
2026-09-21T02:23:02.8316804Z   duration_ms: 4869.49079
2026-09-21T02:23:02.8316886Z   ...
2026-09-21T02:23:02.8317781Z # {"packBytes":11371849,"canonicalBytes":11366347,"transferMs":4597,"hashMs":95,"fingerprint":"sha256-ddc3587729d7e293501ee748b568dadba67fd595798e69346ea9cef8a9892358","imageDecoder":"header-only test adapter"}
2026-09-21T02:23:02.8318153Z # Subtest: release studio adopts exact current assets and preserves export bytes without storage
2026-09-21T02:23:02.8318512Z ok 1454 - release studio adopts exact current assets and preserves export bytes without storage
2026-09-21T02:23:02.8318601Z   ---
2026-09-21T02:23:02.8318701Z   duration_ms: 1718.786252
2026-09-21T02:23:02.8318780Z   ...
2026-09-21T02:23:02.8319199Z # Subtest: source absence is explicit; malformed metadata, redirects and corrupt bodies reject atomically
2026-09-21T02:23:02.8319604Z ok 1455 - source absence is explicit; malformed metadata, redirects and corrupt bodies reject atomically
2026-09-21T02:23:02.8319682Z   ---
2026-09-21T02:23:02.8319782Z   duration_ms: 1008.170379
2026-09-21T02:23:02.8319865Z   ...
2026-09-21T02:23:02.8320243Z # Subtest: cancellation interrupts a pending release reader and never returns partial assets
2026-09-21T02:23:02.8320612Z ok 1456 - cancellation interrupts a pending release reader and never returns partial assets
2026-09-21T02:23:02.8320700Z   ---
2026-09-21T02:23:02.8320800Z   duration_ms: 873.653624
2026-09-21T02:23:02.8320878Z   ...
2026-09-21T02:23:02.8321235Z # Subtest: 294px carrier bolt respects readable body scaling and the unchanged contact radius
2026-09-21T02:23:02.8321704Z ok 1457 - 294px carrier bolt respects readable body scaling and the unchanged contact radius
2026-09-21T02:23:02.8321784Z   ---
2026-09-21T02:23:02.8321883Z   duration_ms: 2.518618
2026-09-21T02:23:02.8321966Z   ...
2026-09-21T02:23:02.8322427Z # Subtest: 1152px carrier bolt respects readable body scaling and the unchanged contact radius
2026-09-21T02:23:02.8322772Z ok 1458 - 1152px carrier bolt respects readable body scaling and the unchanged contact radius
2026-09-21T02:23:02.8322856Z   ---
2026-09-21T02:23:02.8322953Z   duration_ms: 0.220872
2026-09-21T02:23:02.8323032Z   ...
2026-09-21T02:23:02.8323357Z # Subtest: R4 dark palette: 294px arena keeps light cut core and bounded readable width
2026-09-21T02:23:02.8323799Z ok 1459 - R4 dark palette: 294px arena keeps light cut core and bounded readable width
2026-09-21T02:23:02.8323896Z   ---
2026-09-21T02:23:02.8323989Z   duration_ms: 1.025122
2026-09-21T02:23:02.8324073Z   ...
2026-09-21T02:23:02.8324389Z # Subtest: R4 dark palette: 390px arena keeps light cut core and bounded readable width
2026-09-21T02:23:02.8324696Z ok 1460 - R4 dark palette: 390px arena keeps light cut core and bounded readable width
2026-09-21T02:23:02.8324778Z   ---
2026-09-21T02:23:02.8324875Z   duration_ms: 0.209982
2026-09-21T02:23:02.8324952Z   ...
2026-09-21T02:23:02.8325270Z # Subtest: R4 dark palette: 600px arena keeps light cut core and bounded readable width
2026-09-21T02:23:02.8325579Z ok 1461 - R4 dark palette: 600px arena keeps light cut core and bounded readable width
2026-09-21T02:23:02.8325663Z   ---
2026-09-21T02:23:02.8325756Z   duration_ms: 0.227655
2026-09-21T02:23:02.8325838Z   ...
2026-09-21T02:23:02.8326164Z # Subtest: R4 dark palette: 1152px arena keeps light cut core and bounded readable width
2026-09-21T02:23:02.8326471Z ok 1462 - R4 dark palette: 1152px arena keeps light cut core and bounded readable width
2026-09-21T02:23:02.8326554Z   ---
2026-09-21T02:23:02.8326649Z   duration_ms: 0.154538
2026-09-21T02:23:02.8326731Z   ...
2026-09-21T02:23:02.8327101Z # Subtest: 240px larger actor body leaves real contact and active-cut world coordinates unchanged
2026-09-21T02:23:02.8327457Z ok 1463 - 240px larger actor body leaves real contact and active-cut world coordinates unchanged
2026-09-21T02:23:02.8327541Z   ---
2026-09-21T02:23:02.8327634Z   duration_ms: 1.280258
2026-09-21T02:23:02.8327719Z   ...
2026-09-21T02:23:02.8328082Z # Subtest: fpv: actual observed movement animates microtile bodies; Pause holds the exact pose
2026-09-21T02:23:02.8328429Z ok 1464 - fpv: actual observed movement animates microtile bodies; Pause holds the exact pose
2026-09-21T02:23:02.8328512Z   ---
2026-09-21T02:23:02.8328607Z   duration_ms: 1.241977
2026-09-21T02:23:02.8328689Z   ...
2026-09-21T02:23:02.8329063Z # Subtest: ukraine: actual observed movement animates microtile bodies; Pause holds the exact pose
2026-09-21T02:23:02.8329431Z ok 1465 - ukraine: actual observed movement animates microtile bodies; Pause holds the exact pose
2026-09-21T02:23:02.8329513Z   ---
2026-09-21T02:23:02.8329606Z   duration_ms: 0.848563
2026-09-21T02:23:02.8329689Z   ...
2026-09-21T02:23:02.8330052Z # Subtest: retro: actual observed movement animates microtile bodies; Pause holds the exact pose
2026-09-21T02:23:02.8330411Z ok 1466 - retro: actual observed movement animates microtile bodies; Pause holds the exact pose
2026-09-21T02:23:02.8330492Z   ---
2026-09-21T02:23:02.8330593Z   duration_ms: 0.932369
2026-09-21T02:23:02.8330677Z   ...
2026-09-21T02:23:02.8331037Z # Subtest: coupa: actual observed movement animates microtile bodies; Pause holds the exact pose
2026-09-21T02:23:02.8331396Z ok 1467 - coupa: actual observed movement animates microtile bodies; Pause holds the exact pose
2026-09-21T02:23:02.8331481Z   ---
2026-09-21T02:23:02.8331576Z   duration_ms: 0.693424
2026-09-21T02:23:02.8331655Z   ...
2026-09-21T02:23:02.8332115Z # Subtest: uploaded body remains independent, with light heading/contact cues rather than dark-theme ink inversion
2026-09-21T02:23:02.8332555Z ok 1468 - uploaded body remains independent, with light heading/contact cues rather than dark-theme ink inversion
2026-09-21T02:23:02.8332756Z   ---
2026-09-21T02:23:02.8332853Z   duration_ms: 0.416007
2026-09-21T02:23:02.8332938Z   ...
2026-09-21T02:23:02.8333446Z # Subtest: Classic dormant/warning brackets enclose the cosmetic body while contact size stays unchanged
2026-09-21T02:23:02.8334179Z ok 1469 - Classic dormant/warning brackets enclose the cosmetic body while contact size stays unchanged
2026-09-21T02:23:02.8334282Z   ---
2026-09-21T02:23:02.8334386Z   duration_ms: 0.346717
2026-09-21T02:23:02.8334467Z   ...
2026-09-21T02:23:02.8334890Z # Subtest: immediate: real painter places capture pulse below actors/live line and preserves authority
2026-09-21T02:23:02.8335288Z ok 1470 - immediate: real painter places capture pulse below actors/live line and preserves authority
2026-09-21T02:23:02.8335366Z   ---
2026-09-21T02:23:02.8335466Z   duration_ms: 55.865701
2026-09-21T02:23:02.8335559Z   ...
2026-09-21T02:23:02.8335974Z # Subtest: grid-center: real painter places capture pulse below actors/live line and preserves authority
2026-09-21T02:23:02.8336381Z ok 1471 - grid-center: real painter places capture pulse below actors/live line and preserves authority
2026-09-21T02:23:02.8336465Z   ---
2026-09-21T02:23:02.8336563Z   duration_ms: 11.369238
2026-09-21T02:23:02.8336646Z   ...
2026-09-21T02:23:02.8337038Z # Subtest: real optional pressure warning, commit and cooldown render distinct cues from owned targets
2026-09-21T02:23:02.8337420Z ok 1472 - real optional pressure warning, commit and cooldown render distinct cues from owned targets
2026-09-21T02:23:02.8337503Z   ---
2026-09-21T02:23:02.8337593Z   duration_ms: 87.818863
2026-09-21T02:23:02.8337674Z   ...
2026-09-21T02:23:02.8338026Z # Subtest: actual classic freeze retains the locked warning target and actor-clock countdown
2026-09-21T02:23:02.8338363Z ok 1473 - actual classic freeze retains the locked warning target and actor-clock countdown
2026-09-21T02:23:02.8338446Z   ---
2026-09-21T02:23:02.8338541Z   duration_ms: 30.574122
2026-09-21T02:23:02.8338626Z   ...
2026-09-21T02:23:02.8338971Z # Subtest: legacy actors acquire no pressure display and malformed getters are not executed
2026-09-21T02:23:02.8339307Z ok 1474 - legacy actors acquire no pressure display and malformed getters are not executed
2026-09-21T02:23:02.8339389Z   ---
2026-09-21T02:23:02.8339491Z   duration_ms: 5.809687
2026-09-21T02:23:02.8339572Z   ...
2026-09-21T02:23:02.8340097Z # Subtest: immediate: actual theater adopts verified wide bitmap, preserves it through failed/stale loads and restores legacy size
2026-09-21T02:23:02.8340609Z ok 1475 - immediate: actual theater adopts verified wide bitmap, preserves it through failed/stale loads and restores legacy size
2026-09-21T02:23:02.8340695Z   ---
2026-09-21T02:23:02.8340797Z   duration_ms: 134.353487
2026-09-21T02:23:02.8340876Z   ...
2026-09-21T02:23:02.8341416Z # Subtest: grid-center: actual theater adopts verified wide bitmap, preserves it through failed/stale loads and restores legacy size
2026-09-21T02:23:02.8341942Z ok 1476 - grid-center: actual theater adopts verified wide bitmap, preserves it through failed/stale loads and restores legacy size
2026-09-21T02:23:02.8342022Z   ---
2026-09-21T02:23:02.8342120Z   duration_ms: 110.118075
2026-09-21T02:23:02.8342203Z   ...
2026-09-21T02:23:02.8342545Z # Subtest: immediate/self-contact: real terminal input, summary, replay and Retry agree
2026-09-21T02:23:02.8342868Z ok 1477 - immediate/self-contact: real terminal input, summary, replay and Retry agree
2026-09-21T02:23:02.8342952Z   ---
2026-09-21T02:23:02.8343049Z   duration_ms: 97.943252
2026-09-21T02:23:02.8343128Z   ...
2026-09-21T02:23:02.8343454Z # Subtest: immediate/enemy-trail: real terminal input, summary, replay and Retry agree
2026-09-21T02:23:02.8343913Z ok 1478 - immediate/enemy-trail: real terminal input, summary, replay and Retry agree
2026-09-21T02:23:02.8344001Z   ---
2026-09-21T02:23:02.8344093Z   duration_ms: 37.410144
2026-09-21T02:23:02.8344314Z   ...
2026-09-21T02:23:02.8344650Z # Subtest: immediate/enemy-player: real terminal input, summary, replay and Retry agree
2026-09-21T02:23:02.8344963Z ok 1479 - immediate/enemy-player: real terminal input, summary, replay and Retry agree
2026-09-21T02:23:02.8345047Z   ---
2026-09-21T02:23:02.8345146Z   duration_ms: 41.981519
2026-09-21T02:23:02.8345326Z   ...
2026-09-21T02:23:02.8345649Z # Subtest: immediate/boss-lane: real terminal input, summary, replay and Retry agree
2026-09-21T02:23:02.8345959Z ok 1480 - immediate/boss-lane: real terminal input, summary, replay and Retry agree
2026-09-21T02:23:02.8346040Z   ---
2026-09-21T02:23:02.8346129Z   duration_ms: 33.217633
2026-09-21T02:23:02.8346213Z   ...
2026-09-21T02:23:02.8346535Z # Subtest: immediate/cut-timeout: real terminal input, summary, replay and Retry agree
2026-09-21T02:23:02.8346846Z ok 1481 - immediate/cut-timeout: real terminal input, summary, replay and Retry agree
2026-09-21T02:23:02.8346931Z   ---
2026-09-21T02:23:02.8347025Z   duration_ms: 21.396014
2026-09-21T02:23:02.8347113Z   ...
2026-09-21T02:23:02.8347429Z # Subtest: immediate/cable-limit: real terminal input, summary, replay and Retry agree
2026-09-21T02:23:02.8347739Z ok 1482 - immediate/cable-limit: real terminal input, summary, replay and Retry agree
2026-09-21T02:23:02.8347822Z   ---
2026-09-21T02:23:02.8347916Z   duration_ms: 28.106497
2026-09-21T02:23:02.8347999Z   ...
2026-09-21T02:23:02.8348349Z # Subtest: immediate/mission-timeout: real terminal input, summary, replay and Retry agree
2026-09-21T02:23:02.8348684Z ok 1483 - immediate/mission-timeout: real terminal input, summary, replay and Retry agree
2026-09-21T02:23:02.8348767Z   ---
2026-09-21T02:23:02.8348864Z   duration_ms: 12.589384
2026-09-21T02:23:02.8348946Z   ...
2026-09-21T02:23:02.8349361Z # Subtest: immediate: retained contact stays suppressed through recovery, restore and a later genuine win
2026-09-21T02:23:02.8349764Z ok 1484 - immediate: retained contact stays suppressed through recovery, restore and a later genuine win
2026-09-21T02:23:02.8349850Z   ---
2026-09-21T02:23:02.8349941Z   duration_ms: 141.923263
2026-09-21T02:23:02.8350024Z   ...
2026-09-21T02:23:02.8350397Z # Subtest: immediate: a mission deadline during restored recovery supersedes the earlier contact
2026-09-21T02:23:02.8350758Z ok 1485 - immediate: a mission deadline during restored recovery supersedes the earlier contact
2026-09-21T02:23:02.8350836Z   ---
2026-09-21T02:23:02.8350931Z   duration_ms: 46.419259
2026-09-21T02:23:02.8351016Z   ...
2026-09-21T02:23:02.8351373Z # Subtest: immediate: shield absorption is a recoverable prefix, never a terminal retry reason
2026-09-21T02:23:02.8351725Z ok 1486 - immediate: shield absorption is a recoverable prefix, never a terminal retry reason
2026-09-21T02:23:02.8351808Z   ---
2026-09-21T02:23:02.8351903Z   duration_ms: 26.683444
2026-09-21T02:23:02.8351981Z   ...
2026-09-21T02:23:02.8352398Z # Subtest: immediate: restored Impact redeployment retains an earlier cause without relabeling it as loss
2026-09-21T02:23:02.8352803Z ok 1487 - immediate: restored Impact redeployment retains an earlier cause without relabeling it as loss
2026-09-21T02:23:02.8352881Z   ---
2026-09-21T02:23:02.8352977Z   duration_ms: 63.344712
2026-09-21T02:23:02.8353061Z   ...
2026-09-21T02:23:02.8353501Z # Subtest: immediate: loss and explicit fresh-run recreation preserve earlier pictures, scores, seals and clears
2026-09-21T02:23:02.8354066Z ok 1488 - immediate: loss and explicit fresh-run recreation preserve earlier pictures, scores, seals and clears
2026-09-21T02:23:02.8354155Z   ---
2026-09-21T02:23:02.8354249Z   duration_ms: 86.688545
2026-09-21T02:23:02.8354326Z   ...
2026-09-21T02:23:02.8354729Z # Subtest: immediate: reading the projection every tick preserves the original frozen v0.6 route oracle
2026-09-21T02:23:02.8355117Z ok 1489 - immediate: reading the projection every tick preserves the original frozen v0.6 route oracle
2026-09-21T02:23:02.8355194Z   ---
2026-09-21T02:23:02.8355296Z   duration_ms: 102.620046
2026-09-21T02:23:02.8355502Z   ...
2026-09-21T02:23:02.8355846Z # Subtest: grid-center/self-contact: real terminal input, summary, replay and Retry agree
2026-09-21T02:23:02.8356176Z ok 1490 - grid-center/self-contact: real terminal input, summary, replay and Retry agree
2026-09-21T02:23:02.8356261Z   ---
2026-09-21T02:23:02.8356469Z   duration_ms: 32.391645
2026-09-21T02:23:02.8356553Z   ...
2026-09-21T02:23:02.8356886Z # Subtest: grid-center/enemy-trail: real terminal input, summary, replay and Retry agree
2026-09-21T02:23:02.8357212Z ok 1491 - grid-center/enemy-trail: real terminal input, summary, replay and Retry agree
2026-09-21T02:23:02.8357294Z   ---
2026-09-21T02:23:02.8357384Z   duration_ms: 27.529182
2026-09-21T02:23:02.8357467Z   ...
2026-09-21T02:23:02.8357805Z # Subtest: grid-center/enemy-player: real terminal input, summary, replay and Retry agree
2026-09-21T02:23:02.8358126Z ok 1492 - grid-center/enemy-player: real terminal input, summary, replay and Retry agree
2026-09-21T02:23:02.8358209Z   ---
2026-09-21T02:23:02.8358309Z   duration_ms: 25.760022
2026-09-21T02:23:02.8358387Z   ...
2026-09-21T02:23:02.8358714Z # Subtest: grid-center/boss-lane: real terminal input, summary, replay and Retry agree
2026-09-21T02:23:02.8359029Z ok 1493 - grid-center/boss-lane: real terminal input, summary, replay and Retry agree
2026-09-21T02:23:02.8359119Z   ---
2026-09-21T02:23:02.8359209Z   duration_ms: 49.465244
2026-09-21T02:23:02.8359293Z   ...
2026-09-21T02:23:02.8359626Z # Subtest: grid-center/cut-timeout: real terminal input, summary, replay and Retry agree
2026-09-21T02:23:02.8359942Z ok 1494 - grid-center/cut-timeout: real terminal input, summary, replay and Retry agree
2026-09-21T02:23:02.8360025Z   ---
2026-09-21T02:23:02.8360119Z   duration_ms: 35.312662
2026-09-21T02:23:02.8360202Z   ...
2026-09-21T02:23:02.8360525Z # Subtest: grid-center/cable-limit: real terminal input, summary, replay and Retry agree
2026-09-21T02:23:02.8361041Z ok 1495 - grid-center/cable-limit: real terminal input, summary, replay and Retry agree
2026-09-21T02:23:02.8361226Z   ---
2026-09-21T02:23:02.8361406Z   duration_ms: 23.380945
2026-09-21T02:23:02.8361564Z   ...
2026-09-21T02:23:02.8362027Z # Subtest: grid-center/mission-timeout: real terminal input, summary, replay and Retry agree
2026-09-21T02:23:02.8362415Z ok 1496 - grid-center/mission-timeout: real terminal input, summary, replay and Retry agree
2026-09-21T02:23:02.8362499Z   ---
2026-09-21T02:23:02.8362597Z   duration_ms: 17.899739
2026-09-21T02:23:02.8362685Z   ...
2026-09-21T02:23:02.8363123Z # Subtest: grid-center: retained contact stays suppressed through recovery, restore and a later genuine win
2026-09-21T02:23:02.8363550Z ok 1497 - grid-center: retained contact stays suppressed through recovery, restore and a later genuine win
2026-09-21T02:23:02.8363634Z   ---
2026-09-21T02:23:02.8363878Z   duration_ms: 147.422994
2026-09-21T02:23:02.8363971Z   ...
2026-09-21T02:23:02.8364361Z # Subtest: grid-center: a mission deadline during restored recovery supersedes the earlier contact
2026-09-21T02:23:02.8364739Z ok 1498 - grid-center: a mission deadline during restored recovery supersedes the earlier contact
2026-09-21T02:23:02.8364818Z   ---
2026-09-21T02:23:02.8364916Z   duration_ms: 23.447545
2026-09-21T02:23:02.8365000Z   ...
2026-09-21T02:23:02.8365375Z # Subtest: grid-center: shield absorption is a recoverable prefix, never a terminal retry reason
2026-09-21T02:23:02.8365739Z ok 1499 - grid-center: shield absorption is a recoverable prefix, never a terminal retry reason
2026-09-21T02:23:02.8365824Z   ---
2026-09-21T02:23:02.8365921Z   duration_ms: 39.591859
2026-09-21T02:23:02.8365999Z   ...
2026-09-21T02:23:02.8366428Z # Subtest: grid-center: restored Impact redeployment retains an earlier cause without relabeling it as loss
2026-09-21T02:23:02.8366844Z ok 1500 - grid-center: restored Impact redeployment retains an earlier cause without relabeling it as loss
2026-09-21T02:23:02.8366923Z   ---
2026-09-21T02:23:02.8367020Z   duration_ms: 42.218514
2026-09-21T02:23:02.8367104Z   ...
2026-09-21T02:23:02.8367750Z # Subtest: grid-center: loss and explicit fresh-run recreation preserve earlier pictures, scores, seals and clears
2026-09-21T02:23:02.8368188Z ok 1501 - grid-center: loss and explicit fresh-run recreation preserve earlier pictures, scores, seals and clears
2026-09-21T02:23:02.8368272Z   ---
2026-09-21T02:23:02.8368476Z   duration_ms: 61.45627
2026-09-21T02:23:02.8368559Z   ...
2026-09-21T02:23:02.8368978Z # Subtest: grid-center: reading the projection every tick preserves the original frozen v0.6 route oracle
2026-09-21T02:23:02.8369386Z ok 1502 - grid-center: reading the projection every tick preserves the original frozen v0.6 route oracle
2026-09-21T02:23:02.8369471Z   ---
2026-09-21T02:23:02.8369564Z   duration_ms: 45.06867
2026-09-21T02:23:02.8369650Z   ...
2026-09-21T02:25:13.7844342Z # Subtest: five exact registered editions install together within unchanged budgets, preserve a paused cut, and Play/earn Route Choices and Sentinel originals
2026-09-21T02:25:13.7845816Z     # Subtest: five native pairs, three Route Choices wins and one Sentinel win
2026-09-21T02:25:13.7846637Z     ok 1 - five native pairs, three Route Choices wins and one Sentinel win
2026-09-21T02:25:13.7847285Z       ---
2026-09-21T02:25:13.7847641Z       duration_ms: 689420.186892
2026-09-21T02:25:13.7847894Z       ...
2026-09-21T02:25:35.7681596Z ##[error]The operation was canceled.
2026-09-21T02:25:35.7729785Z ##[group]Run test "$(git rev-parse HEAD)" = "$EXPECTED_SOURCE"
2026-09-21T02:25:35.7730257Z [36;1mtest "$(git rev-parse HEAD)" = "$EXPECTED_SOURCE"[0m
2026-09-21T02:25:35.7730700Z [36;1mnode ../automation/scripts/check-source-identity.mjs --root .[0m
2026-09-21T02:25:35.7772248Z shell: /usr/bin/bash -e {0}
2026-09-21T02:25:35.7772516Z env:
2026-09-21T02:25:35.7772799Z   EXPECTED_SOURCE: 2248f7f35ac5ad75b8bdff5aaa66ca45417180be
2026-09-21T02:25:35.7773149Z ##[endgroup]
2026-09-21T02:25:50.3245365Z {"format":"revealline-source-identity.v1","root":"/home/runner/work/revealline/revealline/source","sourceRevision":"2248f7f35ac5ad75b8bdff5aaa66ca45417180be","sourceTree":"c35503b25fe459a00e41114f33e9479a323c160d","files":15236,"bytes":1375872808,"aggregateSha256":"fe994a6c260fc04ab68275aa7dba09e5e886b935f37e58ade03122d68bcbfa09","aggregateFormat":"UTF-8 path sorted JSONL [path, Git mode, raw content SHA-256]","allTrackedSourceContentsAndModesMatch":true}
2026-09-21T02:25:50.3536547Z Node 20 is being deprecated. This workflow is running with Node 24 by default. If you need to temporarily use Node 20, you can set the ACTIONS_ALLOW_USE_UNSECURE_NODE_VERSION=true environment variable. For more information see: https://github.blog/changelog/2025-09-19-deprecation-of-node-20-on-github-actions-runners/
2026-09-21T02:25:50.3538795Z Post job cleanup.
2026-09-21T02:25:50.4534267Z [command]/usr/bin/git version
2026-09-21T02:25:50.4599952Z git version 2.55.0
2026-09-21T02:25:50.4635398Z Temporarily overriding HOME='/home/runner/work/_temp/303c4188-c712-4a2c-bd1d-1f9882f7ae3c' before making global git config changes
2026-09-21T02:25:50.4645139Z Adding repository directory to the temporary git global config as a safe directory
2026-09-21T02:25:50.4646794Z [command]/usr/bin/git config --global --add safe.directory /home/runner/work/revealline/revealline/automation
2026-09-21T02:25:50.4682408Z [command]/usr/bin/git config --local --name-only --get-regexp core\.sshCommand
2026-09-21T02:25:50.4724721Z [command]/usr/bin/git submodule foreach --recursive sh -c "git config --local --name-only --get-regexp 'core\.sshCommand' && git config --local --unset-all 'core.sshCommand' || :"
2026-09-21T02:25:50.5122926Z [command]/usr/bin/git config --local --name-only --get-regexp http\.https\:\/\/github\.com\/\.extraheader
2026-09-21T02:25:50.5170487Z [command]/usr/bin/git submodule foreach --recursive sh -c "git config --local --name-only --get-regexp 'http\.https\:\/\/github\.com\/\.extraheader' && git config --local --unset-all 'http.https://github.com/.extraheader' || :"
2026-09-21T02:25:50.5514395Z [command]/usr/bin/git config --local --name-only --get-regexp ^includeIf\.gitdir:
2026-09-21T02:25:50.5605253Z [command]/usr/bin/git submodule foreach --recursive git config --local --show-origin --name-only --get-regexp remote.origin.url
2026-09-21T02:25:50.6224634Z Node 20 is being deprecated. This workflow is running with Node 24 by default. If you need to temporarily use Node 20, you can set the ACTIONS_ALLOW_USE_UNSECURE_NODE_VERSION=true environment variable. For more information see: https://github.blog/changelog/2025-09-19-deprecation-of-node-20-on-github-actions-runners/
2026-09-21T02:25:50.6226855Z Post job cleanup.
2026-09-21T02:25:50.7404439Z [command]/usr/bin/git version
2026-09-21T02:25:50.7462612Z git version 2.55.0
2026-09-21T02:25:50.7516489Z Temporarily overriding HOME='/home/runner/work/_temp/976af6f2-9f39-47e5-88d8-a6fb0bd45d06' before making global git config changes
2026-09-21T02:25:50.7544883Z Adding repository directory to the temporary git global config as a safe directory
2026-09-21T02:25:50.7546524Z [command]/usr/bin/git config --global --add safe.directory /home/runner/work/revealline/revealline/source
2026-09-21T02:25:50.7622010Z [command]/usr/bin/git config --local --name-only --get-regexp core\.sshCommand
2026-09-21T02:25:50.7670364Z [command]/usr/bin/git submodule foreach --recursive sh -c "git config --local --name-only --get-regexp 'core\.sshCommand' && git config --local --unset-all 'core.sshCommand' || :"
2026-09-21T02:25:50.8027682Z [command]/usr/bin/git config --local --name-only --get-regexp http\.https\:\/\/github\.com\/\.extraheader
2026-09-21T02:25:50.8070675Z http.https://github.com/.extraheader
2026-09-21T02:25:50.8084946Z [command]/usr/bin/git config --local --unset-all http.https://github.com/.extraheader
2026-09-21T02:25:50.8154809Z [command]/usr/bin/git submodule foreach --recursive sh -c "git config --local --name-only --get-regexp 'http\.https\:\/\/github\.com\/\.extraheader' && git config --local --unset-all 'http.https://github.com/.extraheader' || :"
2026-09-21T02:25:50.8518159Z [command]/usr/bin/git config --local --name-only --get-regexp ^includeIf\.gitdir:
2026-09-21T02:25:50.8591290Z [command]/usr/bin/git submodule foreach --recursive git config --local --show-origin --name-only --get-regexp remote.origin.url
2026-09-21T02:25:50.9114188Z Cleaning up orphan processes
2026-09-21T02:25:50.9326952Z Terminate orphan process: pid (2705) (node)
2026-09-21T02:25:50.9348545Z Terminate orphan process: pid (2716) (node)
2026-09-21T02:25:50.9404245Z Terminate orphan process: pid (4546) (node)
2026-09-21T02:25:50.9427768Z ##[warning]Node.js 20 is deprecated. The following actions target Node.js 20 but are being forced to run on Node.js 24: actions/checkout@v4, actions/setup-node@v4. For more information see: https://github.blog/changelog/2025-09-19-deprecation-of-node-20-on-github-actions-runners/
