build	Set up job	﻿2026-09-22T20:43:15.5244815Z Current runner version: '2.337.0'
build	Set up job	2026-09-22T20:43:15.5265929Z ##[group]Runner Image Provisioner
build	Set up job	2026-09-22T20:43:15.5266720Z Hosted Compute Agent
build	Set up job	2026-09-22T20:43:15.5267204Z Version: 20260828.587
build	Set up job	2026-09-22T20:43:15.5267962Z Commit: abac92662cab4cc7352de4f9f9d2e2419aad9c29
build	Set up job	2026-09-22T20:43:15.5268641Z Build Date: 2026-08-28T16:44:25Z
build	Set up job	2026-09-22T20:43:15.5269192Z Worker ID: {05a5f9e5-134a-45fe-9c26-4f8ea31044f1}
build	Set up job	2026-09-22T20:43:15.5269787Z Azure Region: westus3
build	Set up job	2026-09-22T20:43:15.5270478Z ##[endgroup]
build	Set up job	2026-09-22T20:43:15.5271688Z ##[group]Operating System
build	Set up job	2026-09-22T20:43:15.5272286Z Ubuntu
build	Set up job	2026-09-22T20:43:15.5272720Z 24.04.5
build	Set up job	2026-09-22T20:43:15.5273168Z LTS
build	Set up job	2026-09-22T20:43:15.5273644Z ##[endgroup]
build	Set up job	2026-09-22T20:43:15.5274122Z ##[group]Runner Image
build	Set up job	2026-09-22T20:43:15.5274653Z Image: ubuntu-24.04
build	Set up job	2026-09-22T20:43:15.5275418Z Version: 20260907.300.1
build	Set up job	2026-09-22T20:43:15.5276256Z Included Software: https://github.com/actions/runner-images/blob/ubuntu24/20260907.300/images/ubuntu/Ubuntu2404-Readme.md
build	Set up job	2026-09-22T20:43:15.5277723Z Image Release: https://github.com/actions/runner-images/releases/tag/ubuntu24%2F20260907.300
build	Set up job	2026-09-22T20:43:15.5278545Z ##[endgroup]
build	Set up job	2026-09-22T20:43:15.5279475Z ##[group]GITHUB_TOKEN Permissions
build	Set up job	2026-09-22T20:43:15.5281255Z Contents: read
build	Set up job	2026-09-22T20:43:15.5281846Z Metadata: read
build	Set up job	2026-09-22T20:43:15.5282372Z ##[endgroup]
build	Set up job	2026-09-22T20:43:15.5284042Z Secret source: Actions
build	Set up job	2026-09-22T20:43:15.5284777Z Cache mode: write
build	Set up job	2026-09-22T20:43:15.5285564Z Prepare workflow directory
build	Set up job	2026-09-22T20:43:15.5548025Z Prepare all required actions
build	Set up job	2026-09-22T20:43:15.5591746Z Getting action download info
build	Set up job	2026-09-22T20:43:15.8673901Z Download action repository 'actions/checkout@v4' (SHA:11d5960a326750d5838078e36cf38b85af677262)
build	Set up job	2026-09-22T20:43:16.0241703Z Download action repository 'actions/upload-artifact@ea165f8d65b6e75b540449e92b4886f43607fa02' (SHA:ea165f8d65b6e75b540449e92b4886f43607fa02)
build	Set up job	2026-09-22T20:43:16.2191292Z Download action repository 'actions/upload-pages-artifact@fc324d3547104276b827a68afc52ff2a11cc49c9' (SHA:fc324d3547104276b827a68afc52ff2a11cc49c9)
build	Set up job	2026-09-22T20:43:16.5329418Z Getting action download info
build	Set up job	2026-09-22T20:43:16.6548595Z Download action repository 'actions/upload-artifact@bbbca2ddaa5d8feaa63e36b76fdaad77386f024f' (SHA:bbbca2ddaa5d8feaa63e36b76fdaad77386f024f)
build	Set up job	2026-09-22T20:43:16.8255726Z Complete job name: build
build	Check out reviewed archive infrastructure	﻿2026-09-22T20:43:16.9006193Z Node 20 is being deprecated. This workflow is running with Node 24 by default. If you need to temporarily use Node 20, you can set the ACTIONS_ALLOW_USE_UNSECURE_NODE_VERSION=true environment variable. For more information see: https://github.blog/changelog/2025-09-19-deprecation-of-node-20-on-github-actions-runners/
build	Check out reviewed archive infrastructure	2026-09-22T20:43:16.9014780Z ##[group]Run actions/checkout@v4
build	Check out reviewed archive infrastructure	2026-09-22T20:43:16.9015986Z with:
build	Check out reviewed archive infrastructure	2026-09-22T20:43:16.9016667Z   path: archive
build	Check out reviewed archive infrastructure	2026-09-22T20:43:16.9017417Z   persist-credentials: false
build	Check out reviewed archive infrastructure	2026-09-22T20:43:16.9018313Z   repository: mekhovov/revealline-archive-52
build	Check out reviewed archive infrastructure	2026-09-22T20:43:16.9024691Z   token: ***
build	Check out reviewed archive infrastructure	2026-09-22T20:43:16.9025541Z   ssh-strict: true
build	Check out reviewed archive infrastructure	2026-09-22T20:43:16.9026264Z   ssh-user: git
build	Check out reviewed archive infrastructure	2026-09-22T20:43:16.9026953Z   clean: true
build	Check out reviewed archive infrastructure	2026-09-22T20:43:16.9027685Z   sparse-checkout-cone-mode: true
build	Check out reviewed archive infrastructure	2026-09-22T20:43:16.9028548Z   fetch-depth: 1
build	Check out reviewed archive infrastructure	2026-09-22T20:43:16.9029253Z   fetch-tags: false
build	Check out reviewed archive infrastructure	2026-09-22T20:43:16.9029979Z   show-progress: true
build	Check out reviewed archive infrastructure	2026-09-22T20:43:16.9030736Z   lfs: false
build	Check out reviewed archive infrastructure	2026-09-22T20:43:16.9031446Z   submodules: false
build	Check out reviewed archive infrastructure	2026-09-22T20:43:16.9032188Z   set-safe-directory: true
build	Check out reviewed archive infrastructure	2026-09-22T20:43:16.9033032Z   allow-unsafe-pr-checkout: false
build	Check out reviewed archive infrastructure	2026-09-22T20:43:16.9034098Z ##[endgroup]
build	Check out reviewed archive infrastructure	2026-09-22T20:43:16.9878372Z Syncing repository: mekhovov/revealline-archive-52
build	Check out reviewed archive infrastructure	2026-09-22T20:43:16.9880677Z ##[group]Getting Git version info
build	Check out reviewed archive infrastructure	2026-09-22T20:43:16.9882162Z Working directory is '/home/runner/work/revealline-archive-52/revealline-archive-52/archive'
build	Check out reviewed archive infrastructure	2026-09-22T20:43:16.9884093Z [command]/usr/bin/git version
build	Check out reviewed archive infrastructure	2026-09-22T20:43:17.0867669Z git version 2.55.0
build	Check out reviewed archive infrastructure	2026-09-22T20:43:17.0885797Z ##[endgroup]
build	Check out reviewed archive infrastructure	2026-09-22T20:43:17.0899079Z Temporarily overriding HOME='/home/runner/work/_temp/ececc6bd-a909-4953-b1b1-a275b53a25a1' before making global git config changes
build	Check out reviewed archive infrastructure	2026-09-22T20:43:17.0902513Z Adding repository directory to the temporary git global config as a safe directory
build	Check out reviewed archive infrastructure	2026-09-22T20:43:17.0905933Z [command]/usr/bin/git config --global --add safe.directory /home/runner/work/revealline-archive-52/revealline-archive-52/archive
build	Check out reviewed archive infrastructure	2026-09-22T20:43:17.1127843Z ##[group]Initializing the repository
build	Check out reviewed archive infrastructure	2026-09-22T20:43:17.1129439Z [command]/usr/bin/git init /home/runner/work/revealline-archive-52/revealline-archive-52/archive
build	Check out reviewed archive infrastructure	2026-09-22T20:43:17.1627000Z hint: Using 'master' as the name for the initial branch. This default branch name
build	Check out reviewed archive infrastructure	2026-09-22T20:43:17.1629038Z hint: will change to "main" in Git 3.0. To configure the initial branch name
build	Check out reviewed archive infrastructure	2026-09-22T20:43:17.1630713Z hint: to use in all of your new repositories, which will suppress this warning,
build	Check out reviewed archive infrastructure	2026-09-22T20:43:17.1632069Z hint: call:
build	Check out reviewed archive infrastructure	2026-09-22T20:43:17.1632882Z hint:
build	Check out reviewed archive infrastructure	2026-09-22T20:43:17.1633945Z hint: 	git config --global init.defaultBranch <name>
build	Check out reviewed archive infrastructure	2026-09-22T20:43:17.1635255Z hint:
build	Check out reviewed archive infrastructure	2026-09-22T20:43:17.1636397Z hint: Names commonly chosen instead of 'master' are 'main', 'trunk' and
build	Check out reviewed archive infrastructure	2026-09-22T20:43:17.1638053Z hint: 'development'. The just-created branch can be renamed via this command:
build	Check out reviewed archive infrastructure	2026-09-22T20:43:17.1639396Z hint:
build	Check out reviewed archive infrastructure	2026-09-22T20:43:17.1640243Z hint: 	git branch -m <name>
build	Check out reviewed archive infrastructure	2026-09-22T20:43:17.1641191Z hint:
build	Check out reviewed archive infrastructure	2026-09-22T20:43:17.1642388Z hint: Disable this message with "git config set advice.defaultBranchName false"
build	Check out reviewed archive infrastructure	2026-09-22T20:43:17.1651544Z Initialized empty Git repository in /home/runner/work/revealline-archive-52/revealline-archive-52/archive/.git/
build	Check out reviewed archive infrastructure	2026-09-22T20:43:17.1660339Z [command]/usr/bin/git remote add origin https://github.com/mekhovov/revealline-archive-52
build	Check out reviewed archive infrastructure	2026-09-22T20:43:17.1873559Z ##[endgroup]
build	Check out reviewed archive infrastructure	2026-09-22T20:43:17.1875059Z ##[group]Disabling automatic garbage collection
build	Check out reviewed archive infrastructure	2026-09-22T20:43:17.1876477Z [command]/usr/bin/git config --local gc.auto 0
build	Check out reviewed archive infrastructure	2026-09-22T20:43:17.1904904Z ##[endgroup]
build	Check out reviewed archive infrastructure	2026-09-22T20:43:17.1906309Z ##[group]Setting up auth
build	Check out reviewed archive infrastructure	2026-09-22T20:43:17.1909537Z [command]/usr/bin/git config --local --name-only --get-regexp core\.sshCommand
build	Check out reviewed archive infrastructure	2026-09-22T20:43:17.1939008Z [command]/usr/bin/git submodule foreach --recursive sh -c "git config --local --name-only --get-regexp 'core\.sshCommand' && git config --local --unset-all 'core.sshCommand' || :"
build	Check out reviewed archive infrastructure	2026-09-22T20:43:17.3636818Z [command]/usr/bin/git config --local --name-only --get-regexp http\.https\:\/\/github\.com\/\.extraheader
build	Check out reviewed archive infrastructure	2026-09-22T20:43:17.3670592Z [command]/usr/bin/git submodule foreach --recursive sh -c "git config --local --name-only --get-regexp 'http\.https\:\/\/github\.com\/\.extraheader' && git config --local --unset-all 'http.https://github.com/.extraheader' || :"
build	Check out reviewed archive infrastructure	2026-09-22T20:43:17.3863659Z [command]/usr/bin/git config --local --name-only --get-regexp ^includeIf\.gitdir:
build	Check out reviewed archive infrastructure	2026-09-22T20:43:17.3893899Z [command]/usr/bin/git submodule foreach --recursive git config --local --show-origin --name-only --get-regexp remote.origin.url
build	Check out reviewed archive infrastructure	2026-09-22T20:43:17.4081480Z [command]/usr/bin/git config --local http.https://github.com/.extraheader AUTHORIZATION: basic ***
build	Check out reviewed archive infrastructure	2026-09-22T20:43:17.4112967Z ##[endgroup]
build	Check out reviewed archive infrastructure	2026-09-22T20:43:17.4113434Z ##[group]Fetching the repository
build	Check out reviewed archive infrastructure	2026-09-22T20:43:17.4121678Z [command]/usr/bin/git -c protocol.version=2 fetch --no-tags --prune --no-recurse-submodules --depth=1 origin +2dd7e8a598d8e37af063933733b8dc458ea9d44f:refs/remotes/origin/main
build	Check out reviewed archive infrastructure	2026-09-22T20:43:18.1610360Z From https://github.com/mekhovov/revealline-archive-52
build	Check out reviewed archive infrastructure	2026-09-22T20:43:18.1612182Z  * [new ref]         2dd7e8a598d8e37af063933733b8dc458ea9d44f -> origin/main
build	Check out reviewed archive infrastructure	2026-09-22T20:43:18.1614661Z ##[endgroup]
build	Check out reviewed archive infrastructure	2026-09-22T20:43:18.1615387Z ##[group]Determining the checkout info
build	Check out reviewed archive infrastructure	2026-09-22T20:43:18.1616996Z ##[endgroup]
build	Check out reviewed archive infrastructure	2026-09-22T20:43:18.1622211Z [command]/usr/bin/git sparse-checkout disable
build	Check out reviewed archive infrastructure	2026-09-22T20:43:18.1781218Z [command]/usr/bin/git config --local --unset-all extensions.worktreeConfig
build	Check out reviewed archive infrastructure	2026-09-22T20:43:18.1808504Z ##[group]Checking out the ref
build	Check out reviewed archive infrastructure	2026-09-22T20:43:18.1812552Z [command]/usr/bin/git checkout --progress --force -B main refs/remotes/origin/main
build	Check out reviewed archive infrastructure	2026-09-22T20:43:18.1889809Z Switched to a new branch 'main'
build	Check out reviewed archive infrastructure	2026-09-22T20:43:18.1894132Z branch 'main' set up to track 'origin/main'.
build	Check out reviewed archive infrastructure	2026-09-22T20:43:18.1898210Z ##[endgroup]
build	Check out reviewed archive infrastructure	2026-09-22T20:43:18.1933036Z [command]/usr/bin/git log -1 --format=%H
build	Check out reviewed archive infrastructure	2026-09-22T20:43:18.1955285Z 2dd7e8a598d8e37af063933733b8dc458ea9d44f
build	Check out reviewed archive infrastructure	2026-09-22T20:43:18.1962510Z ##[group]Removing auth
build	Check out reviewed archive infrastructure	2026-09-22T20:43:18.1965913Z [command]/usr/bin/git config --local --name-only --get-regexp core\.sshCommand
build	Check out reviewed archive infrastructure	2026-09-22T20:43:18.1992562Z [command]/usr/bin/git submodule foreach --recursive sh -c "git config --local --name-only --get-regexp 'core\.sshCommand' && git config --local --unset-all 'core.sshCommand' || :"
build	Check out reviewed archive infrastructure	2026-09-22T20:43:18.2180103Z [command]/usr/bin/git config --local --name-only --get-regexp http\.https\:\/\/github\.com\/\.extraheader
build	Check out reviewed archive infrastructure	2026-09-22T20:43:18.2203662Z http.https://github.com/.extraheader
build	Check out reviewed archive infrastructure	2026-09-22T20:43:18.2209185Z [command]/usr/bin/git config --local --unset-all http.https://github.com/.extraheader
build	Check out reviewed archive infrastructure	2026-09-22T20:43:18.2236579Z [command]/usr/bin/git submodule foreach --recursive sh -c "git config --local --name-only --get-regexp 'http\.https\:\/\/github\.com\/\.extraheader' && git config --local --unset-all 'http.https://github.com/.extraheader' || :"
build	Check out reviewed archive infrastructure	2026-09-22T20:43:18.2419915Z [command]/usr/bin/git config --local --name-only --get-regexp ^includeIf\.gitdir:
build	Check out reviewed archive infrastructure	2026-09-22T20:43:18.2446218Z [command]/usr/bin/git submodule foreach --recursive git config --local --show-origin --name-only --get-regexp remote.origin.url
build	Check out reviewed archive infrastructure	2026-09-22T20:43:18.2626420Z ##[endgroup]
build	Check out the reviewed bounded original-ZIP extractor	﻿2026-09-22T20:43:18.2846376Z Node 20 is being deprecated. This workflow is running with Node 24 by default. If you need to temporarily use Node 20, you can set the ACTIONS_ALLOW_USE_UNSECURE_NODE_VERSION=true environment variable. For more information see: https://github.blog/changelog/2025-09-19-deprecation-of-node-20-on-github-actions-runners/
build	Check out the reviewed bounded original-ZIP extractor	2026-09-22T20:43:18.2847702Z ##[group]Run actions/checkout@v4
build	Check out the reviewed bounded original-ZIP extractor	2026-09-22T20:43:18.2847943Z with:
build	Check out the reviewed bounded original-ZIP extractor	2026-09-22T20:43:18.2848151Z   repository: mekhovov/revealline
build	Check out the reviewed bounded original-ZIP extractor	2026-09-22T20:43:18.2848416Z   ref: 30530b3436a1a9737be93f67f308587f89b2f8bc
build	Check out the reviewed bounded original-ZIP extractor	2026-09-22T20:43:18.2848683Z   fetch-depth: 1
build	Check out the reviewed bounded original-ZIP extractor	2026-09-22T20:43:18.2848892Z   path: source
build	Check out the reviewed bounded original-ZIP extractor	2026-09-22T20:43:18.2849105Z   persist-credentials: false
build	Check out the reviewed bounded original-ZIP extractor	2026-09-22T20:43:18.2849584Z   sparse-checkout: publishing/pages-controller/extract-current.py
build	Check out the reviewed bounded original-ZIP extractor	publishing/pages-controller/test_extract_current.py
build	Check out the reviewed bounded original-ZIP extractor	
build	Check out the reviewed bounded original-ZIP extractor	2026-09-22T20:43:18.2850214Z   sparse-checkout-cone-mode: false
build	Check out the reviewed bounded original-ZIP extractor	2026-09-22T20:43:18.2852157Z   token: ***
build	Check out the reviewed bounded original-ZIP extractor	2026-09-22T20:43:18.2852365Z   ssh-strict: true
build	Check out the reviewed bounded original-ZIP extractor	2026-09-22T20:43:18.2852612Z   ssh-user: git
build	Check out the reviewed bounded original-ZIP extractor	2026-09-22T20:43:18.2852819Z   clean: true
build	Check out the reviewed bounded original-ZIP extractor	2026-09-22T20:43:18.2853021Z   fetch-tags: false
build	Check out the reviewed bounded original-ZIP extractor	2026-09-22T20:43:18.2853233Z   show-progress: true
build	Check out the reviewed bounded original-ZIP extractor	2026-09-22T20:43:18.2853446Z   lfs: false
build	Check out the reviewed bounded original-ZIP extractor	2026-09-22T20:43:18.2853644Z   submodules: false
build	Check out the reviewed bounded original-ZIP extractor	2026-09-22T20:43:18.2853856Z   set-safe-directory: true
build	Check out the reviewed bounded original-ZIP extractor	2026-09-22T20:43:18.2854112Z   allow-unsafe-pr-checkout: false
build	Check out the reviewed bounded original-ZIP extractor	2026-09-22T20:43:18.2854366Z ##[endgroup]
build	Check out the reviewed bounded original-ZIP extractor	2026-09-22T20:43:18.3546389Z Syncing repository: mekhovov/revealline
build	Check out the reviewed bounded original-ZIP extractor	2026-09-22T20:43:18.3548275Z ##[group]Getting Git version info
build	Check out the reviewed bounded original-ZIP extractor	2026-09-22T20:43:18.3549272Z Working directory is '/home/runner/work/revealline-archive-52/revealline-archive-52/source'
build	Check out the reviewed bounded original-ZIP extractor	2026-09-22T20:43:18.3567739Z [command]/usr/bin/git version
build	Check out the reviewed bounded original-ZIP extractor	2026-09-22T20:43:18.3603040Z git version 2.55.0
build	Check out the reviewed bounded original-ZIP extractor	2026-09-22T20:43:18.3624722Z ##[endgroup]
build	Check out the reviewed bounded original-ZIP extractor	2026-09-22T20:43:18.3630036Z Temporarily overriding HOME='/home/runner/work/_temp/6f88249c-89fc-4f3f-9ee0-01c5bd77bcc0' before making global git config changes
build	Check out the reviewed bounded original-ZIP extractor	2026-09-22T20:43:18.3631251Z Adding repository directory to the temporary git global config as a safe directory
build	Check out the reviewed bounded original-ZIP extractor	2026-09-22T20:43:18.3635159Z [command]/usr/bin/git config --global --add safe.directory /home/runner/work/revealline-archive-52/revealline-archive-52/source
build	Check out the reviewed bounded original-ZIP extractor	2026-09-22T20:43:18.3662175Z ##[group]Initializing the repository
build	Check out the reviewed bounded original-ZIP extractor	2026-09-22T20:43:18.3667192Z [command]/usr/bin/git init /home/runner/work/revealline-archive-52/revealline-archive-52/source
build	Check out the reviewed bounded original-ZIP extractor	2026-09-22T20:43:18.3701595Z hint: Using 'master' as the name for the initial branch. This default branch name
build	Check out the reviewed bounded original-ZIP extractor	2026-09-22T20:43:18.3705837Z hint: will change to "main" in Git 3.0. To configure the initial branch name
build	Check out the reviewed bounded original-ZIP extractor	2026-09-22T20:43:18.3711836Z hint: to use in all of your new repositories, which will suppress this warning,
build	Check out the reviewed bounded original-ZIP extractor	2026-09-22T20:43:18.3712397Z hint: call:
build	Check out the reviewed bounded original-ZIP extractor	2026-09-22T20:43:18.3712771Z hint:
build	Check out the reviewed bounded original-ZIP extractor	2026-09-22T20:43:18.3713247Z hint: 	git config --global init.defaultBranch <name>
build	Check out the reviewed bounded original-ZIP extractor	2026-09-22T20:43:18.3713694Z hint:
build	Check out the reviewed bounded original-ZIP extractor	2026-09-22T20:43:18.3714243Z hint: Names commonly chosen instead of 'master' are 'main', 'trunk' and
build	Check out the reviewed bounded original-ZIP extractor	2026-09-22T20:43:18.3715109Z hint: 'development'. The just-created branch can be renamed via this command:
build	Check out the reviewed bounded original-ZIP extractor	2026-09-22T20:43:18.3726804Z hint:
build	Check out the reviewed bounded original-ZIP extractor	2026-09-22T20:43:18.3727270Z hint: 	git branch -m <name>
build	Check out the reviewed bounded original-ZIP extractor	2026-09-22T20:43:18.3735130Z hint:
build	Check out the reviewed bounded original-ZIP extractor	2026-09-22T20:43:18.3735919Z hint: Disable this message with "git config set advice.defaultBranchName false"
build	Check out the reviewed bounded original-ZIP extractor	2026-09-22T20:43:18.3736945Z Initialized empty Git repository in /home/runner/work/revealline-archive-52/revealline-archive-52/source/.git/
build	Check out the reviewed bounded original-ZIP extractor	2026-09-22T20:43:18.3738657Z [command]/usr/bin/git remote add origin https://github.com/mekhovov/revealline
build	Check out the reviewed bounded original-ZIP extractor	2026-09-22T20:43:18.3740031Z ##[endgroup]
build	Check out the reviewed bounded original-ZIP extractor	2026-09-22T20:43:18.3740601Z ##[group]Disabling automatic garbage collection
build	Check out the reviewed bounded original-ZIP extractor	2026-09-22T20:43:18.3742691Z [command]/usr/bin/git config --local gc.auto 0
build	Check out the reviewed bounded original-ZIP extractor	2026-09-22T20:43:18.3767806Z ##[endgroup]
build	Check out the reviewed bounded original-ZIP extractor	2026-09-22T20:43:18.3768447Z ##[group]Setting up auth
build	Check out the reviewed bounded original-ZIP extractor	2026-09-22T20:43:18.3772842Z [command]/usr/bin/git config --local --name-only --get-regexp core\.sshCommand
build	Check out the reviewed bounded original-ZIP extractor	2026-09-22T20:43:18.3799320Z [command]/usr/bin/git submodule foreach --recursive sh -c "git config --local --name-only --get-regexp 'core\.sshCommand' && git config --local --unset-all 'core.sshCommand' || :"
build	Check out the reviewed bounded original-ZIP extractor	2026-09-22T20:43:18.4017388Z [command]/usr/bin/git config --local --name-only --get-regexp http\.https\:\/\/github\.com\/\.extraheader
build	Check out the reviewed bounded original-ZIP extractor	2026-09-22T20:43:18.4048190Z [command]/usr/bin/git submodule foreach --recursive sh -c "git config --local --name-only --get-regexp 'http\.https\:\/\/github\.com\/\.extraheader' && git config --local --unset-all 'http.https://github.com/.extraheader' || :"
build	Check out the reviewed bounded original-ZIP extractor	2026-09-22T20:43:18.4261444Z [command]/usr/bin/git config --local --name-only --get-regexp ^includeIf\.gitdir:
build	Check out the reviewed bounded original-ZIP extractor	2026-09-22T20:43:18.4295533Z [command]/usr/bin/git submodule foreach --recursive git config --local --show-origin --name-only --get-regexp remote.origin.url
build	Check out the reviewed bounded original-ZIP extractor	2026-09-22T20:43:18.4496132Z [command]/usr/bin/git config --local http.https://github.com/.extraheader AUTHORIZATION: basic ***
build	Check out the reviewed bounded original-ZIP extractor	2026-09-22T20:43:18.4528409Z ##[endgroup]
build	Check out the reviewed bounded original-ZIP extractor	2026-09-22T20:43:18.4528917Z ##[group]Fetching the repository
build	Check out the reviewed bounded original-ZIP extractor	2026-09-22T20:43:18.4537200Z [command]/usr/bin/git -c protocol.version=2 fetch --no-tags --prune --no-recurse-submodules --filter=blob:none --depth=1 origin 30530b3436a1a9737be93f67f308587f89b2f8bc
build	Check out the reviewed bounded original-ZIP extractor	2026-09-22T20:43:19.3714467Z From https://github.com/mekhovov/revealline
build	Check out the reviewed bounded original-ZIP extractor	2026-09-22T20:43:19.3719631Z  * branch            30530b3436a1a9737be93f67f308587f89b2f8bc -> FETCH_HEAD
build	Check out the reviewed bounded original-ZIP extractor	2026-09-22T20:43:19.3720885Z ##[endgroup]
build	Check out the reviewed bounded original-ZIP extractor	2026-09-22T20:43:19.3721241Z ##[group]Determining the checkout info
build	Check out the reviewed bounded original-ZIP extractor	2026-09-22T20:43:19.3721681Z ##[endgroup]
build	Check out the reviewed bounded original-ZIP extractor	2026-09-22T20:43:19.3722028Z ##[group]Setting up sparse checkout
build	Check out the reviewed bounded original-ZIP extractor	2026-09-22T20:43:19.3722322Z [command]/usr/bin/git config core.sparseCheckout true
build	Check out the reviewed bounded original-ZIP extractor	2026-09-22T20:43:19.3757553Z [command]/usr/bin/git rev-parse --git-path info/sparse-checkout
build	Check out the reviewed bounded original-ZIP extractor	2026-09-22T20:43:19.3786547Z .git/info/sparse-checkout
build	Check out the reviewed bounded original-ZIP extractor	2026-09-22T20:43:19.3789303Z ##[endgroup]
build	Check out the reviewed bounded original-ZIP extractor	2026-09-22T20:43:19.3789887Z ##[group]Checking out the ref
build	Check out the reviewed bounded original-ZIP extractor	2026-09-22T20:43:19.3794672Z [command]/usr/bin/git checkout --progress --force 30530b3436a1a9737be93f67f308587f89b2f8bc
build	Check out the reviewed bounded original-ZIP extractor	2026-09-22T20:43:20.6385223Z Updating files:  50% (1/2)
build	Check out the reviewed bounded original-ZIP extractor	2026-09-22T20:43:20.6385655Z Updating files: 100% (2/2)
build	Check out the reviewed bounded original-ZIP extractor	2026-09-22T20:43:20.6385969Z Updating files: 100% (2/2), done.
build	Check out the reviewed bounded original-ZIP extractor	2026-09-22T20:43:20.6515456Z Note: switching to '30530b3436a1a9737be93f67f308587f89b2f8bc'.
build	Check out the reviewed bounded original-ZIP extractor	2026-09-22T20:43:20.6516116Z 
build	Check out the reviewed bounded original-ZIP extractor	2026-09-22T20:43:20.6517098Z You are in 'detached HEAD' state. You can look around, make experimental
build	Check out the reviewed bounded original-ZIP extractor	2026-09-22T20:43:20.6518005Z changes and commit them, and you can discard any commits you make in this
build	Check out the reviewed bounded original-ZIP extractor	2026-09-22T20:43:20.6518679Z state without impacting any branches by switching back to a branch.
build	Check out the reviewed bounded original-ZIP extractor	2026-09-22T20:43:20.6519072Z 
build	Check out the reviewed bounded original-ZIP extractor	2026-09-22T20:43:20.6519323Z If you want to create a new branch to retain commits you create, you may
build	Check out the reviewed bounded original-ZIP extractor	2026-09-22T20:43:20.6519899Z do so (now or later) by using -c with the switch command. Example:
build	Check out the reviewed bounded original-ZIP extractor	2026-09-22T20:43:20.6520627Z 
build	Check out the reviewed bounded original-ZIP extractor	2026-09-22T20:43:20.6520773Z   git switch -c <new-branch-name>
build	Check out the reviewed bounded original-ZIP extractor	2026-09-22T20:43:20.6521023Z 
build	Check out the reviewed bounded original-ZIP extractor	2026-09-22T20:43:20.6521158Z Or undo this operation with:
build	Check out the reviewed bounded original-ZIP extractor	2026-09-22T20:43:20.6521361Z 
build	Check out the reviewed bounded original-ZIP extractor	2026-09-22T20:43:20.6521474Z   git switch -
build	Check out the reviewed bounded original-ZIP extractor	2026-09-22T20:43:20.6521681Z 
build	Check out the reviewed bounded original-ZIP extractor	2026-09-22T20:43:20.6521964Z Turn off this advice by setting config variable advice.detachedHead to false
build	Check out the reviewed bounded original-ZIP extractor	2026-09-22T20:43:20.6522343Z 
build	Check out the reviewed bounded original-ZIP extractor	2026-09-22T20:43:20.6522618Z HEAD is now at 30530b3 Merge pull request #248 from mekhovov/codex/v082-artifact-envelope
build	Check out the reviewed bounded original-ZIP extractor	2026-09-22T20:43:20.6527589Z ##[endgroup]
build	Check out the reviewed bounded original-ZIP extractor	2026-09-22T20:43:20.6570037Z [command]/usr/bin/git log -1 --format=%H
build	Check out the reviewed bounded original-ZIP extractor	2026-09-22T20:43:20.6593991Z 30530b3436a1a9737be93f67f308587f89b2f8bc
build	Check out the reviewed bounded original-ZIP extractor	2026-09-22T20:43:20.6602988Z ##[group]Removing auth
build	Check out the reviewed bounded original-ZIP extractor	2026-09-22T20:43:20.6606342Z [command]/usr/bin/git config --local --name-only --get-regexp core\.sshCommand
build	Check out the reviewed bounded original-ZIP extractor	2026-09-22T20:43:20.6634727Z [command]/usr/bin/git submodule foreach --recursive sh -c "git config --local --name-only --get-regexp 'core\.sshCommand' && git config --local --unset-all 'core.sshCommand' || :"
build	Check out the reviewed bounded original-ZIP extractor	2026-09-22T20:43:20.6835548Z [command]/usr/bin/git config --local --name-only --get-regexp http\.https\:\/\/github\.com\/\.extraheader
build	Check out the reviewed bounded original-ZIP extractor	2026-09-22T20:43:20.6857701Z http.https://github.com/.extraheader
build	Check out the reviewed bounded original-ZIP extractor	2026-09-22T20:43:20.6863808Z [command]/usr/bin/git config --local --unset-all http.https://github.com/.extraheader
build	Check out the reviewed bounded original-ZIP extractor	2026-09-22T20:43:20.6891257Z [command]/usr/bin/git submodule foreach --recursive sh -c "git config --local --name-only --get-regexp 'http\.https\:\/\/github\.com\/\.extraheader' && git config --local --unset-all 'http.https://github.com/.extraheader' || :"
build	Check out the reviewed bounded original-ZIP extractor	2026-09-22T20:43:20.7089238Z [command]/usr/bin/git config --local --name-only --get-regexp ^includeIf\.gitdir:
build	Check out the reviewed bounded original-ZIP extractor	2026-09-22T20:43:20.7116074Z [command]/usr/bin/git submodule foreach --recursive git config --local --show-origin --name-only --get-regexp remote.origin.url
build	Check out the reviewed bounded original-ZIP extractor	2026-09-22T20:43:20.7313554Z ##[endgroup]
build	Fetch the original immutable release tags for identity verification	﻿2026-09-22T20:43:20.7429219Z ##[group]Run git fetch --depth=1 origin refs/tags/v0.83.0:refs/tags/v0.83.0
build	Fetch the original immutable release tags for identity verification	2026-09-22T20:43:20.7429743Z ^[[36;1mgit fetch --depth=1 origin refs/tags/v0.83.0:refs/tags/v0.83.0^[[0m
build	Fetch the original immutable release tags for identity verification	2026-09-22T20:43:20.7465277Z shell: /usr/bin/bash -e {0}
build	Fetch the original immutable release tags for identity verification	2026-09-22T20:43:20.7465502Z ##[endgroup]
build	Fetch the original immutable release tags for identity verification	2026-09-22T20:43:22.2447779Z From https://github.com/mekhovov/revealline
build	Fetch the original immutable release tags for identity verification	2026-09-22T20:43:22.2448220Z  * [new tag]         v0.83.0    -> v0.83.0
build	Require artifact workspace capacity	﻿2026-09-22T20:43:22.2484827Z ##[group]Run python3 - <<'PY'
build	Require artifact workspace capacity	2026-09-22T20:43:22.2485336Z ^[[36;1mpython3 - <<'PY'^[[0m
build	Require artifact workspace capacity	2026-09-22T20:43:22.2485533Z ^[[36;1mimport shutil^[[0m
build	Require artifact workspace capacity	2026-09-22T20:43:22.2485736Z ^[[36;1mfree = shutil.disk_usage('.').free^[[0m
build	Require artifact workspace capacity	2026-09-22T20:43:22.2486051Z ^[[36;1massert free >= 3 * 1024**3, f'At least 3 GiB free required; found {free}'^[[0m
build	Require artifact workspace capacity	2026-09-22T20:43:22.2486341Z ^[[36;1mPY^[[0m
build	Require artifact workspace capacity	2026-09-22T20:43:22.2518271Z shell: /usr/bin/bash -e {0}
build	Require artifact workspace capacity	2026-09-22T20:43:22.2518497Z ##[endgroup]
build	Record temporary automated-suite waiver	﻿2026-09-22T20:43:22.2794454Z ##[group]Run echo 'Automated suites waived by explicit user request 2026-09-22; not a test pass. Extraction, source identity, inventory and capacity verification remain mandatory.'
build	Record temporary automated-suite waiver	2026-09-22T20:43:22.2795596Z ^[[36;1mecho 'Automated suites waived by explicit user request 2026-09-22; not a test pass. Extraction, source identity, inventory and capacity verification remain mandatory.'^[[0m
build	Record temporary automated-suite waiver	2026-09-22T20:43:22.2824646Z shell: /usr/bin/bash -e {0}
build	Record temporary automated-suite waiver	2026-09-22T20:43:22.2824857Z ##[endgroup]
build	Record temporary automated-suite waiver	2026-09-22T20:43:22.2869599Z Automated suites waived by explicit user request 2026-09-22; not a test pass. Extraction, source identity, inventory and capacity verification remain mandatory.
build	Extract the original ZIP and verify every member	﻿2026-09-22T20:43:22.2907654Z ##[group]Run python3 archive/tools/prepare.py --source source --out "$RUNNER_TEMP/archive52"
build	Extract the original ZIP and verify every member	2026-09-22T20:43:22.2908459Z ^[[36;1mpython3 archive/tools/prepare.py --source source --out "$RUNNER_TEMP/archive52"^[[0m
build	Extract the original ZIP and verify every member	2026-09-22T20:43:22.2938732Z shell: /usr/bin/bash -e {0}
build	Extract the original ZIP and verify every member	2026-09-22T20:43:22.2938951Z ##[endgroup]
build	Extract the original ZIP and verify every member	2026-09-22T20:43:36.8734555Z {"status": "PASS", "files": 1063, "bytes": 590419655, "archiveId": "archive-52", "releases": [{"version": "v0.83.0", "sourceRevision": "01b189f6427601a15cbb3eb1563b5f82eabbafa3", "tagObject": "972dedddefe8a25286b9664b064ecfa6ad742c5f", "originalZipExtraction": {"distributionSha256": "ee486739cef7bc1dc832c62aaecdfc85e02b0c9957cacdab1d6070a1a1cac451", "manifestSha256": "81bca8924b8fec845bdf9f6e99afa6a862ab2727b2da104a3891a3d8fa74d941", "gameSourceRevision": "01b189f6427601a15cbb3eb1563b5f82eabbafa3", "version": "v0.83.0", "membersVerified": 1056, "manifestFilesVerified": 1055, "uncompressedBytesVerified": 590388213, "crcAndHashesVerified": true}}], "toolingCommit": "30530b3436a1a9737be93f67f308587f89b2f8bc", "archiveCommit": "2dd7e8a598d8e37af063933733b8dc458ea9d44f", "archiveTree": "b21a8bdf97a7b4af190f065286d470e2c73e1f4f", "expectedInventorySha256": "b3d2d33d0428cf2668b1c5a46978a12d9122ed30a88dec0e6e4c51ee7f48e4d0", "noHistoricalBuilds": true}
build	Independently reread every artifact byte including hidden files	﻿2026-09-22T20:43:36.8813766Z ##[group]Run python3 archive/tools/verify.py "$RUNNER_TEMP/archive52/artifact"
build	Independently reread every artifact byte including hidden files	2026-09-22T20:43:36.8814219Z ^[[36;1mpython3 archive/tools/verify.py "$RUNNER_TEMP/archive52/artifact"^[[0m
build	Independently reread every artifact byte including hidden files	2026-09-22T20:43:36.8846158Z shell: /usr/bin/bash -e {0}
build	Independently reread every artifact byte including hidden files	2026-09-22T20:43:36.8846376Z ##[endgroup]
build	Independently reread every artifact byte including hidden files	2026-09-22T20:43:37.3767715Z {"status": "PASS", "files": 1063, "bytes": 590419655}
build	Retain extraction and complete-inventory receipts	﻿2026-09-22T20:43:37.3873291Z Node 20 is being deprecated. This workflow is running with Node 24 by default. If you need to temporarily use Node 20, you can set the ACTIONS_ALLOW_USE_UNSECURE_NODE_VERSION=true environment variable. For more information see: https://github.blog/changelog/2025-09-19-deprecation-of-node-20-on-github-actions-runners/
build	Retain extraction and complete-inventory receipts	2026-09-22T20:43:37.3874405Z ##[group]Run actions/upload-artifact@ea165f8d65b6e75b540449e92b4886f43607fa02
build	Retain extraction and complete-inventory receipts	2026-09-22T20:43:37.3874711Z with:
build	Retain extraction and complete-inventory receipts	2026-09-22T20:43:37.3874898Z   name: archive52-verification-receipts
build	Retain extraction and complete-inventory receipts	2026-09-22T20:43:37.3875426Z   if-no-files-found: warn
build	Retain extraction and complete-inventory receipts	2026-09-22T20:43:37.3875938Z   path: /home/runner/work/_temp/archive52/zip-receipt-*.json
build	Retain extraction and complete-inventory receipts	/home/runner/work/_temp/archive52/receipt.json
build	Retain extraction and complete-inventory receipts	/home/runner/work/_temp/archive52/expected-inventory.json
build	Retain extraction and complete-inventory receipts	
build	Retain extraction and complete-inventory receipts	2026-09-22T20:43:37.3876458Z   compression-level: 6
build	Retain extraction and complete-inventory receipts	2026-09-22T20:43:37.3876645Z   overwrite: false
build	Retain extraction and complete-inventory receipts	2026-09-22T20:43:37.3876823Z   include-hidden-files: false
build	Retain extraction and complete-inventory receipts	2026-09-22T20:43:37.3877016Z ##[endgroup]
build	Retain extraction and complete-inventory receipts	2026-09-22T20:43:37.5145749Z (node:2408) [DEP0040] DeprecationWarning: The `punycode` module is deprecated. Please use a userland alternative instead.
build	Retain extraction and complete-inventory receipts	2026-09-22T20:43:37.5146420Z (Use `node --trace-deprecation ...` to show where the warning was created)
build	Retain extraction and complete-inventory receipts	2026-09-22T20:43:37.5195699Z With the provided path, there will be 3 files uploaded
build	Retain extraction and complete-inventory receipts	2026-09-22T20:43:37.5207923Z Artifact name is valid!
build	Retain extraction and complete-inventory receipts	2026-09-22T20:43:37.5215437Z Root directory input is valid!
build	Retain extraction and complete-inventory receipts	2026-09-22T20:43:37.9011950Z Beginning upload of artifact content to blob storage
build	Retain extraction and complete-inventory receipts	2026-09-22T20:43:37.9215245Z (node:2408) [DEP0169] DeprecationWarning: `url.parse()` behavior is not standardized and prone to errors that have security implications. Use the WHATWG URL API instead. CVEs are not issued for `url.parse()` vulnerabilities.
build	Retain extraction and complete-inventory receipts	2026-09-22T20:43:38.2571532Z Uploaded bytes 56329
build	Retain extraction and complete-inventory receipts	2026-09-22T20:43:38.3216051Z Finished uploading artifact content to blob storage!
build	Retain extraction and complete-inventory receipts	2026-09-22T20:43:38.3216863Z SHA256 digest of uploaded artifact zip is 3b7d54766c50a1f5605d34013703830d950055cdcb63ac62050f2974b8f741a4
build	Retain extraction and complete-inventory receipts	2026-09-22T20:43:38.3217803Z Finalizing artifact upload
build	Retain extraction and complete-inventory receipts	2026-09-22T20:43:38.6020853Z Artifact archive52-verification-receipts.zip successfully finalized. Artifact ID 10718412859
build	Retain extraction and complete-inventory receipts	2026-09-22T20:43:38.6022408Z Artifact archive52-verification-receipts has been successfully uploaded! Final size is 56329 bytes. Artifact ID is 10718412859
build	Retain extraction and complete-inventory receipts	2026-09-22T20:43:38.6027299Z Artifact download URL: https://github.com/mekhovov/revealline-archive-52/actions/runs/35782103893/artifacts/10718412859
build	Upload complete canonical site	﻿2026-09-22T20:43:38.6176848Z ##[group]Run actions/upload-pages-artifact@fc324d3547104276b827a68afc52ff2a11cc49c9
build	Upload complete canonical site	2026-09-22T20:43:38.6177193Z with:
build	Upload complete canonical site	2026-09-22T20:43:38.6177399Z   path: /home/runner/work/_temp/archive52/artifact
build	Upload complete canonical site	2026-09-22T20:43:38.6177662Z   include-hidden-files: true
build	Upload complete canonical site	2026-09-22T20:43:38.6177870Z   name: github-pages
build	Upload complete canonical site	2026-09-22T20:43:38.6178050Z   retention-days: 1
build	Upload complete canonical site	2026-09-22T20:43:38.6178225Z ##[endgroup]
build	Upload complete canonical site	2026-09-22T20:43:38.6227329Z ##[start-action display=Archive artifact;id=__actions_upload-pages-artifact.__run]
build	Upload complete canonical site	2026-09-22T20:43:38.6247855Z ##[group]Run echo ::group::Archive artifact
build	Upload complete canonical site	2026-09-22T20:43:38.6248130Z ^[[36;1mecho ::group::Archive artifact^[[0m
build	Upload complete canonical site	2026-09-22T20:43:38.6248347Z ^[[36;1mtar \^[[0m
build	Upload complete canonical site	2026-09-22T20:43:38.6248588Z ^[[36;1m  --dereference --hard-dereference \^[[0m
build	Upload complete canonical site	2026-09-22T20:43:38.6248843Z ^[[36;1m  --directory "$INPUT_PATH" \^[[0m
build	Upload complete canonical site	2026-09-22T20:43:38.6249088Z ^[[36;1m  -cvf "$RUNNER_TEMP/artifact.tar" \^[[0m
build	Upload complete canonical site	2026-09-22T20:43:38.6249321Z ^[[36;1m  --exclude=.git \^[[0m
build	Upload complete canonical site	2026-09-22T20:43:38.6249528Z ^[[36;1m  --exclude=.github \^[[0m
build	Upload complete canonical site	2026-09-22T20:43:38.6249773Z ^[[36;1m   \^[[0m
build	Upload complete canonical site	2026-09-22T20:43:38.6249934Z ^[[36;1m  .^[[0m
build	Upload complete canonical site	2026-09-22T20:43:38.6250113Z ^[[36;1mecho ::endgroup::^[[0m
build	Upload complete canonical site	2026-09-22T20:43:38.6291634Z shell: /usr/bin/sh -e {0}
build	Upload complete canonical site	2026-09-22T20:43:38.6291850Z env:
build	Upload complete canonical site	2026-09-22T20:43:38.6292066Z   INPUT_PATH: /home/runner/work/_temp/archive52/artifact
build	Upload complete canonical site	2026-09-22T20:43:38.6292323Z ##[endgroup]
build	Upload complete canonical site	2026-09-22T20:43:38.6340466Z ##[group]Archive artifact
build	Upload complete canonical site	2026-09-22T20:43:38.6351976Z ./
build	Upload complete canonical site	2026-09-22T20:43:38.6352253Z ./releases/
build	Upload complete canonical site	2026-09-22T20:43:38.6352509Z ./releases/index.html
build	Upload complete canonical site	2026-09-22T20:43:38.6352796Z ./releases/v0.83.0/
build	Upload complete canonical site	2026-09-22T20:43:38.6353080Z ./releases/v0.83.0/site/
build	Upload complete canonical site	2026-09-22T20:43:38.6353378Z ./releases/v0.83.0/site/site/
build	Upload complete canonical site	2026-09-22T20:43:38.6353725Z ./releases/v0.83.0/site/site/about.html
build	Upload complete canonical site	2026-09-22T20:43:38.6354118Z ./releases/v0.83.0/site/site/release-catalog.css
build	Upload complete canonical site	2026-09-22T20:43:38.6354541Z ./releases/v0.83.0/site/site/release-links.mjs
build	Upload complete canonical site	2026-09-22T20:43:38.6354916Z ./releases/v0.83.0/site/site/launch.mjs
build	Upload complete canonical site	2026-09-22T20:43:38.6355410Z ./releases/v0.83.0/site/site/landing.css
build	Upload complete canonical site	2026-09-22T20:43:38.6355764Z ./releases/v0.83.0/site/site/landing.mjs
build	Upload complete canonical site	2026-09-22T20:43:38.6356146Z ./releases/v0.83.0/site/site/about-navigation.mjs
build	Upload complete canonical site	2026-09-22T20:43:38.6356529Z ./releases/v0.83.0/site/manifest.json
build	Upload complete canonical site	2026-09-22T20:43:38.6356876Z ./releases/v0.83.0/site/optional/
build	Upload complete canonical site	2026-09-22T20:43:38.6357244Z ./releases/v0.83.0/site/optional/external-chapters/
build	Upload complete canonical site	2026-09-22T20:43:38.6357789Z ./releases/v0.83.0/site/optional/external-chapters/fracture-lines-retro/
build	Upload complete canonical site	2026-09-22T20:43:38.6358454Z ./releases/v0.83.0/site/optional/external-chapters/fracture-lines-retro/pack.json
build	Upload complete canonical site	2026-09-22T20:43:38.6359158Z ./releases/v0.83.0/site/optional/external-chapters/fracture-lines-retro/media.rlmedia
build	Upload complete canonical site	2026-09-22T20:43:38.6411662Z ./releases/v0.83.0/site/optional/external-chapters/sentinel-circuit-coupa/
build	Upload complete canonical site	2026-09-22T20:43:38.6412364Z ./releases/v0.83.0/site/optional/external-chapters/sentinel-circuit-coupa/pack.json
build	Upload complete canonical site	2026-09-22T20:43:38.6413093Z ./releases/v0.83.0/site/optional/external-chapters/sentinel-circuit-coupa/media.rlmedia
build	Upload complete canonical site	2026-09-22T20:43:38.6462419Z ./releases/v0.83.0/site/optional/external-chapters/sentinel-circuit-retro/
build	Upload complete canonical site	2026-09-22T20:43:38.6463137Z ./releases/v0.83.0/site/optional/external-chapters/sentinel-circuit-retro/pack.json
build	Upload complete canonical site	2026-09-22T20:43:38.6463858Z ./releases/v0.83.0/site/optional/external-chapters/sentinel-circuit-retro/media.rlmedia
build	Upload complete canonical site	2026-09-22T20:43:38.6514413Z ./releases/v0.83.0/site/optional/external-chapters/countercurrent-fpv/
build	Upload complete canonical site	2026-09-22T20:43:38.6515208Z ./releases/v0.83.0/site/optional/external-chapters/countercurrent-fpv/pack.json
build	Upload complete canonical site	2026-09-22T20:43:38.6515912Z ./releases/v0.83.0/site/optional/external-chapters/countercurrent-fpv/media.rlmedia
build	Upload complete canonical site	2026-09-22T20:43:38.6563446Z ./releases/v0.83.0/site/optional/external-chapters/sentinel-circuit-ukraine/
build	Upload complete canonical site	2026-09-22T20:43:38.6564187Z ./releases/v0.83.0/site/optional/external-chapters/sentinel-circuit-ukraine/pack.json
build	Upload complete canonical site	2026-09-22T20:43:38.6565111Z ./releases/v0.83.0/site/optional/external-chapters/sentinel-circuit-ukraine/media.rlmedia
build	Upload complete canonical site	2026-09-22T20:43:38.6619295Z ./releases/v0.83.0/site/optional/external-chapters/route-worlds-ukraine/
build	Upload complete canonical site	2026-09-22T20:43:38.6619978Z ./releases/v0.83.0/site/optional/external-chapters/route-worlds-ukraine/pack.json
build	Upload complete canonical site	2026-09-22T20:43:38.6620697Z ./releases/v0.83.0/site/optional/external-chapters/route-worlds-ukraine/media.rlmedia
build	Upload complete canonical site	2026-09-22T20:43:38.6679011Z ./releases/v0.83.0/site/optional/external-chapters/original-fpv-pressure-external/
build	Upload complete canonical site	2026-09-22T20:43:38.6679787Z ./releases/v0.83.0/site/optional/external-chapters/original-fpv-pressure-external/pack.json
build	Upload complete canonical site	2026-09-22T20:43:38.6680607Z ./releases/v0.83.0/site/optional/external-chapters/original-fpv-pressure-external/media.rlmedia
build	Upload complete canonical site	2026-09-22T20:43:38.6733415Z ./releases/v0.83.0/site/optional/external-chapters/countercurrent-retro/
build	Upload complete canonical site	2026-09-22T20:43:38.6734088Z ./releases/v0.83.0/site/optional/external-chapters/countercurrent-retro/pack.json
build	Upload complete canonical site	2026-09-22T20:43:38.6734784Z ./releases/v0.83.0/site/optional/external-chapters/countercurrent-retro/media.rlmedia
build	Upload complete canonical site	2026-09-22T20:43:38.6784763Z ./releases/v0.83.0/site/optional/external-chapters/route-worlds-retro/
build	Upload complete canonical site	2026-09-22T20:43:38.6785724Z ./releases/v0.83.0/site/optional/external-chapters/route-worlds-retro/pack.json
build	Upload complete canonical site	2026-09-22T20:43:38.6786452Z ./releases/v0.83.0/site/optional/external-chapters/route-worlds-retro/media.rlmedia
build	Upload complete canonical site	2026-09-22T20:43:38.6836613Z ./releases/v0.83.0/site/optional/external-chapters/countercurrent-ukraine/
build	Upload complete canonical site	2026-09-22T20:43:38.6837318Z ./releases/v0.83.0/site/optional/external-chapters/countercurrent-ukraine/pack.json
build	Upload complete canonical site	2026-09-22T20:43:38.6838042Z ./releases/v0.83.0/site/optional/external-chapters/countercurrent-ukraine/media.rlmedia
build	Upload complete canonical site	2026-09-22T20:43:38.6893302Z ./releases/v0.83.0/site/optional/external-chapters/route-worlds-coupa/
build	Upload complete canonical site	2026-09-22T20:43:38.6893952Z ./releases/v0.83.0/site/optional/external-chapters/route-worlds-coupa/pack.json
build	Upload complete canonical site	2026-09-22T20:43:38.6894628Z ./releases/v0.83.0/site/optional/external-chapters/route-worlds-coupa/media.rlmedia
build	Upload complete canonical site	2026-09-22T20:43:38.6949634Z ./releases/v0.83.0/site/optional/external-chapters/fracture-lines-ukraine/
build	Upload complete canonical site	2026-09-22T20:43:38.6950324Z ./releases/v0.83.0/site/optional/external-chapters/fracture-lines-ukraine/pack.json
build	Upload complete canonical site	2026-09-22T20:43:38.6951038Z ./releases/v0.83.0/site/optional/external-chapters/fracture-lines-ukraine/media.rlmedia
build	Upload complete canonical site	2026-09-22T20:43:38.7008467Z ./releases/v0.83.0/site/optional/external-chapters/fracture-lines-fpv/
build	Upload complete canonical site	2026-09-22T20:43:38.7009132Z ./releases/v0.83.0/site/optional/external-chapters/fracture-lines-fpv/pack.json
build	Upload complete canonical site	2026-09-22T20:43:38.7009807Z ./releases/v0.83.0/site/optional/external-chapters/fracture-lines-fpv/media.rlmedia
build	Upload complete canonical site	2026-09-22T20:43:38.7068104Z ./releases/v0.83.0/site/optional/external-chapters/fracture-lines-coupa/
build	Upload complete canonical site	2026-09-22T20:43:38.7068832Z ./releases/v0.83.0/site/optional/external-chapters/fracture-lines-coupa/pack.json
build	Upload complete canonical site	2026-09-22T20:43:38.7069543Z ./releases/v0.83.0/site/optional/external-chapters/fracture-lines-coupa/media.rlmedia
build	Upload complete canonical site	2026-09-22T20:43:38.7127041Z ./releases/v0.83.0/site/optional/external-chapters/countercurrent-coupa/
build	Upload complete canonical site	2026-09-22T20:43:38.7127728Z ./releases/v0.83.0/site/optional/external-chapters/countercurrent-coupa/pack.json
build	Upload complete canonical site	2026-09-22T20:43:38.7128426Z ./releases/v0.83.0/site/optional/external-chapters/countercurrent-coupa/media.rlmedia
build	Upload complete canonical site	2026-09-22T20:43:38.7184434Z ./releases/v0.83.0/site/optional/external-chapters/sentinel-circuit-fpv/
build	Upload complete canonical site	2026-09-22T20:43:38.7185234Z ./releases/v0.83.0/site/optional/external-chapters/sentinel-circuit-fpv/pack.json
build	Upload complete canonical site	2026-09-22T20:43:38.7185930Z ./releases/v0.83.0/site/optional/external-chapters/sentinel-circuit-fpv/media.rlmedia
build	Upload complete canonical site	2026-09-22T20:43:38.7242238Z ./releases/v0.83.0/site/authoring/
build	Upload complete canonical site	2026-09-22T20:43:38.7242616Z ./releases/v0.83.0/site/authoring/library/
build	Upload complete canonical site	2026-09-22T20:43:38.7243252Z ./releases/v0.83.0/site/authoring/library/fpv-field-kit/
build	Upload complete canonical site	2026-09-22T20:43:38.7243763Z ./releases/v0.83.0/site/authoring/library/fpv-field-kit/prepared/
build	Upload complete canonical site	2026-09-22T20:43:38.7244336Z ./releases/v0.83.0/site/authoring/library/fpv-field-kit/prepared/reveals/
build	Upload complete canonical site	2026-09-22T20:43:38.7245318Z ./releases/v0.83.0/site/authoring/library/fpv-field-kit/prepared/reveals/review.html
build	Upload complete canonical site	2026-09-22T20:43:38.7246008Z ./releases/v0.83.0/site/authoring/library/fpv-field-kit/prepared/reveals/review.mjs
build	Upload complete canonical site	2026-09-22T20:43:38.7246692Z ./releases/v0.83.0/site/authoring/library/fpv-field-kit/prepared/reveals/reveals.json
build	Upload complete canonical site	2026-09-22T20:43:38.7247334Z ./releases/v0.83.0/site/authoring/library/fpv-role-presentations/
build	Upload complete canonical site	2026-09-22T20:43:38.7247912Z ./releases/v0.83.0/site/authoring/library/fpv-role-presentations/originals/
build	Upload complete canonical site	2026-09-22T20:43:38.7248575Z ./releases/v0.83.0/site/authoring/library/fpv-role-presentations/originals/scout.png
build	Upload complete canonical site	2026-09-22T20:43:38.7252846Z ./releases/v0.83.0/site/authoring/library/fpv-role-presentations/originals/fiber.png
build	Upload complete canonical site	2026-09-22T20:43:38.7259459Z ./releases/v0.83.0/site/authoring/library/fpv-role-presentations/originals/carrier.png
build	Upload complete canonical site	2026-09-22T20:43:38.7265461Z ./releases/v0.83.0/site/authoring/library/fpv-role-presentations/originals/impact.png
build	Upload complete canonical site	2026-09-22T20:43:38.7270395Z ./releases/v0.83.0/site/authoring/library/fpv-role-presentations/originals/bomber.png
build	Upload complete canonical site	2026-09-22T20:43:38.7277055Z ./releases/v0.83.0/site/authoring/library/fpv-role-presentations/originals/trapper.png
build	Upload complete canonical site	2026-09-22T20:43:38.7285204Z ./releases/v0.83.0/site/authoring/library/fpv-role-presentations/originals/interceptor.png
build	Upload complete canonical site	2026-09-22T20:43:38.7290262Z ./releases/v0.83.0/site/authoring/library/four-worlds-chapters/
build	Upload complete canonical site	2026-09-22T20:43:38.7290838Z ./releases/v0.83.0/site/authoring/library/four-worlds-chapters/packs/
build	Upload complete canonical site	2026-09-22T20:43:38.7291541Z ./releases/v0.83.0/site/authoring/library/four-worlds-chapters/packs/original-ukraine-atlas.json
build	Upload complete canonical site	2026-09-22T20:43:38.7372248Z ./releases/v0.83.0/site/authoring/library/four-worlds-chapters/packs/original-spend-network.json
build	Upload complete canonical site	2026-09-22T20:43:38.7445926Z ./releases/v0.83.0/site/authoring/library/four-worlds-chapters/packs/original-retro-1994.json
build	Upload complete canonical site	2026-09-22T20:43:38.7514162Z ./releases/v0.83.0/site/authoring/library/four-worlds-chapters/packs/original-fpv-pressure.json
build	Upload complete canonical site	2026-09-22T20:43:38.7585205Z ./releases/v0.83.0/site/authoring/library/runtime-sprite-candidates-v1/
build	Upload complete canonical site	2026-09-22T20:43:38.7585845Z ./releases/v0.83.0/site/authoring/library/runtime-sprite-candidates-v1/export/
build	Upload complete canonical site	2026-09-22T20:43:38.7587002Z ./releases/v0.83.0/site/authoring/library/runtime-sprite-candidates-v1/export/fpv-compact-eroder-v1-29502a902fadb1d6e1ddf8c4426e61fc5fff9613d3c8608ebfbd55848d5e3720.png
build	Upload complete canonical site	2026-09-22T20:43:38.7588633Z ./releases/v0.83.0/site/authoring/library/runtime-sprite-candidates-v1/export/fpv-compact-claimed-rover-v1-ddb9f5264822eceb35dcbfa80145c74a3e6d22a547d3171fdfa5095718e90106.png
build	Upload complete canonical site	2026-09-22T20:43:38.7589867Z ./releases/v0.83.0/site/authoring/library/runtime-sprite-candidates-v1/export/manifest.json
build	Upload complete canonical site	2026-09-22T20:43:38.7591108Z ./releases/v0.83.0/site/authoring/library/runtime-sprite-candidates-v1/export/fpv-compact-relay-sentinel-v1-9640e613855c6001aa5d2a23550237a6a3235a6637a8a248a7d7cdbc21d534db.png
build	Upload complete canonical site	2026-09-22T20:43:38.7592743Z ./releases/v0.83.0/site/authoring/library/runtime-sprite-candidates-v1/export/atlas-weaver-shuttle-v3-39c737ed85d1df0c61bb05fce6424d36ea93f452ca19c7542253f37442e914aa.png
build	Upload complete canonical site	2026-09-22T20:43:38.7594347Z ./releases/v0.83.0/site/authoring/library/runtime-sprite-candidates-v1/export/fpv-compact-lane-boss-v1-e44630c2356c86db2611116dde6d12ea121d22aefef263932fabb719fc8e5dfd.png
build	Upload complete canonical site	2026-09-22T20:43:38.7596075Z ./releases/v0.83.0/site/authoring/library/runtime-sprite-candidates-v1/export/atlas-pottery-courier-v1-86089f57441d33c4153d8da5246f5e5c3822c9304d8e7b9a761ae17e5a217ea2.png
build	Upload complete canonical site	2026-09-22T20:43:38.7597694Z ./releases/v0.83.0/site/authoring/library/runtime-sprite-candidates-v1/export/fpv-compact-border-patrol-v1-537de86076d2fa4141f1c37b23774015da66431657a8ff2db3193d66e0c7ade1.png
build	Upload complete canonical site	2026-09-22T20:43:38.7599502Z ./releases/v0.83.0/site/authoring/library/runtime-sprite-candidates-v1/export/atlas-carved-chest-v1-1e68e385ea2166b999e7b9041eabaf90d7b5b552a0034cdce576ddc123cbd91b.png
build	Upload complete canonical site	2026-09-22T20:43:38.7601095Z ./releases/v0.83.0/site/authoring/library/runtime-sprite-candidates-v1/export/atlas-woven-basket-v1-3604eeef2dfbdf02c26f8ae8d86984cb453c52574bfd9dd87d28df015f9c50ac.png
build	Upload complete canonical site	2026-09-22T20:43:38.7602814Z ./releases/v0.83.0/site/authoring/library/runtime-sprite-candidates-v1/export/fpv-compact-hunter-v1-e7445fff125f6827c5106853067d1ff099b16e30cfc0acdbb501dabe81f6a914.png
build	Upload complete canonical site	2026-09-22T20:43:38.7604384Z ./releases/v0.83.0/site/authoring/library/runtime-sprite-candidates-v1/export/atlas-falcon-crest-v3-f3ce0fa984bb43f3a3fa69734c60df3dfa6c8a148f0b1d32778407b92c93a648.png
build	Upload complete canonical site	2026-09-22T20:43:38.7606086Z ./releases/v0.83.0/site/authoring/library/runtime-sprite-candidates-v1/export/atlas-bell-warden-v1-aaa88f04dccaa141ffb121acbb6e1b4eb9b89c0ace3e8ebddc172ba4294eabce.png
build	Upload complete canonical site	2026-09-22T20:43:38.7607681Z ./releases/v0.83.0/site/authoring/library/runtime-sprite-candidates-v1/export/atlas-swallow-v3-e01a6c53d78acf164d04878b73f06de18cfed676b894bd7353a708fd1005aaf7.png
build	Upload complete canonical site	2026-09-22T20:43:38.7609306Z ./releases/v0.83.0/site/authoring/library/runtime-sprite-candidates-v1/export/fpv-compact-contour-patrol-v1-9df94fb4dcfee56fffc16d15eda5d75ff2fc06a52a7754949ca5fc9e0607a20f.png
build	Upload complete canonical site	2026-09-22T20:43:38.7610446Z ./releases/v0.83.0/site/authoring/library/tactical-teaching/
build	Upload complete canonical site	2026-09-22T20:43:38.7610995Z ./releases/v0.83.0/site/authoring/library/tactical-teaching/scenarios/
build	Upload complete canonical site	2026-09-22T20:43:38.7611712Z ./releases/v0.83.0/site/authoring/library/tactical-teaching/scenarios/tactical-borrowed-seconds.json
build	Upload complete canonical site	2026-09-22T20:43:38.7612582Z ./releases/v0.83.0/site/authoring/library/tactical-teaching/scenarios/tactical-quiet-crossing.json
build	Upload complete canonical site	2026-09-22T20:43:38.7613419Z ./releases/v0.83.0/site/authoring/library/tactical-teaching/scenarios/tactical-read-clearing.json
build	Upload complete canonical site	2026-09-22T20:43:38.7614088Z ./releases/v0.83.0/site/authoring/library/fpv-route-choices/
build	Upload complete canonical site	2026-09-22T20:43:38.7614619Z ./releases/v0.83.0/site/authoring/library/fpv-route-choices/packs/
build	Upload complete canonical site	2026-09-22T20:43:38.7615371Z ./releases/v0.83.0/site/authoring/library/fpv-route-choices/packs/fpv-route-choices.json
build	Upload complete canonical site	2026-09-22T20:43:38.7682035Z ./releases/v0.83.0/site/authoring/motion-lab/
build	Upload complete canonical site	2026-09-22T20:43:38.7682524Z ./releases/v0.83.0/site/authoring/motion-lab/collection.mjs
build	Upload complete canonical site	2026-09-22T20:43:38.7683018Z ./releases/v0.83.0/site/authoring/motion-lab/display.mjs
build	Upload complete canonical site	2026-09-22T20:43:38.7683519Z ./releases/v0.83.0/site/authoring/motion-lab/preview-loop.mjs
build	Upload complete canonical site	2026-09-22T20:43:38.7684048Z ./releases/v0.83.0/site/authoring/motion-lab/render-character.mjs
build	Upload complete canonical site	2026-09-22T20:43:38.7684559Z ./releases/v0.83.0/site/authoring/motion-lab/steering.mjs
build	Upload complete canonical site	2026-09-22T20:43:38.7685216Z ./releases/v0.83.0/site/authoring/motion-lab/collection-presets.json
build	Upload complete canonical site	2026-09-22T20:43:38.7685765Z ./releases/v0.83.0/site/authoring/motion-lab/ability-presets.json
build	Upload complete canonical site	2026-09-22T20:43:38.7686261Z ./releases/v0.83.0/site/authoring/motion-lab/animation.mjs
build	Upload complete canonical site	2026-09-22T20:43:38.7686721Z ./releases/v0.83.0/site/authoring/motion-lab/motion.mjs
build	Upload complete canonical site	2026-09-22T20:43:38.7687197Z ./releases/v0.83.0/site/authoring/motion-lab/render-ability.mjs
build	Upload complete canonical site	2026-09-22T20:43:38.7687680Z ./releases/v0.83.0/site/authoring/motion-lab/index.html
build	Upload complete canonical site	2026-09-22T20:43:38.7688131Z ./releases/v0.83.0/site/authoring/motion-lab/presets.json
build	Upload complete canonical site	2026-09-22T20:43:38.7688585Z ./releases/v0.83.0/site/authoring/motion-lab/app.js
build	Upload complete canonical site	2026-09-22T20:43:38.7695781Z ./releases/v0.83.0/site/authoring/motion-lab/styles.css
build	Upload complete canonical site	2026-09-22T20:43:38.7696301Z ./releases/v0.83.0/site/authoring/motion-lab/ability.mjs
build	Upload complete canonical site	2026-09-22T20:43:38.7696789Z ./releases/v0.83.0/site/authoring/motion-lab/ability-labels.mjs
build	Upload complete canonical site	2026-09-22T20:43:38.7697289Z ./releases/v0.83.0/site/authoring/motion-lab/display-entry.mjs
build	Upload complete canonical site	2026-09-22T20:43:38.7697621Z ./releases/v0.83.0/site/authoring/motion-lab/png-preview.mjs
build	Upload complete canonical site	2026-09-22T20:43:38.7697937Z ./releases/v0.83.0/site/authoring/motion-lab/grid-motion.mjs
build	Upload complete canonical site	2026-09-22T20:43:38.7698224Z ./releases/v0.83.0/site/authoring/motion-lab/assets/
build	Upload complete canonical site	2026-09-22T20:43:38.7698767Z ./releases/v0.83.0/site/authoring/motion-lab/assets/navi-avatar.png
build	Upload complete canonical site	2026-09-22T20:43:38.7699160Z ./releases/v0.83.0/site/authoring/motion-lab/assets/delta-interceptor.png
build	Upload complete canonical site	2026-09-22T20:43:38.7699753Z ./releases/v0.83.0/site/authoring/motion-lab/assets/ukrainian-bird.png
build	Upload complete canonical site	2026-09-22T20:43:38.7700382Z ./releases/v0.83.0/site/authoring/motion-lab/assets/fixedwing-body.png
build	Upload complete canonical site	2026-09-22T20:43:38.7700754Z ./releases/v0.83.0/site/authoring/motion-lab/assets/scout-quad.png
build	Upload complete canonical site	2026-09-22T20:43:38.7704274Z ./releases/v0.83.0/site/authoring/motion-lab/assets/fpv-body.png
build	Upload complete canonical site	2026-09-22T20:43:38.7709176Z ./releases/v0.83.0/site/authoring/motion-lab/assets/heavy-lift.png
build	Upload complete canonical site	2026-09-22T20:43:38.7714776Z ./releases/v0.83.0/site/authoring/motion-lab/assets/fpv-night.png
build	Upload complete canonical site	2026-09-22T20:43:38.7719135Z ./releases/v0.83.0/site/authoring/motion-lab/assets/retro-craft.png
build	Upload complete canonical site	2026-09-22T20:43:38.7722654Z ./releases/v0.83.0/site/authoring/motion-lab/assets/fpv-racer.png
build	Upload complete canonical site	2026-09-22T20:43:38.7729130Z ./releases/v0.83.0/site/authoring/video-poster/
build	Upload complete canonical site	2026-09-22T20:43:38.7729593Z ./releases/v0.83.0/site/authoring/video-poster/workshop.mjs
build	Upload complete canonical site	2026-09-22T20:43:38.7730064Z ./releases/v0.83.0/site/authoring/video-poster/launch.js
build	Upload complete canonical site	2026-09-22T20:43:38.7730528Z ./releases/v0.83.0/site/authoring/video-poster/workshop.css
build	Upload complete canonical site	2026-09-22T20:43:38.7731007Z ./releases/v0.83.0/site/authoring/video-poster/index.html
build	Upload complete canonical site	2026-09-22T20:43:38.7731443Z ./releases/v0.83.0/site/authoring/design-atlas/
build	Upload complete canonical site	2026-09-22T20:43:38.7732000Z ./releases/v0.83.0/site/authoring/design-atlas/atlas.css
build	Upload complete canonical site	2026-09-22T20:43:38.7732604Z ./releases/v0.83.0/site/authoring/design-atlas/reveal-audit.mjs
build	Upload complete canonical site	2026-09-22T20:43:38.7733419Z ./releases/v0.83.0/site/authoring/design-atlas/atlas.mjs
build	Upload complete canonical site	2026-09-22T20:43:38.7734046Z ./releases/v0.83.0/site/authoring/design-atlas/reveal-audit.json
build	Upload complete canonical site	2026-09-22T20:43:38.7734722Z ./releases/v0.83.0/site/authoring/design-atlas/index.html
build	Upload complete canonical site	2026-09-22T20:43:38.7735465Z ./releases/v0.83.0/site/authoring/design-atlas/reveal-production-plan.json
build	Upload complete canonical site	2026-09-22T20:43:38.7735933Z ./releases/v0.83.0/site/authoring/design-atlas/reveal-audit.html
build	Upload complete canonical site	2026-09-22T20:43:38.7736354Z ./releases/v0.83.0/site/authoring/still-media/
build	Upload complete canonical site	2026-09-22T20:43:38.7736819Z ./releases/v0.83.0/site/authoring/still-media/workshop.mjs
build	Upload complete canonical site	2026-09-22T20:43:38.7737203Z ./releases/v0.83.0/site/authoring/still-media/launch.js
build	Upload complete canonical site	2026-09-22T20:43:38.7748735Z ./releases/v0.83.0/site/authoring/still-media/examples/
build	Upload complete canonical site	2026-09-22T20:43:38.7749225Z ./releases/v0.83.0/site/authoring/still-media/examples/dawn-signal/
build	Upload complete canonical site	2026-09-22T20:43:38.7749808Z ./releases/v0.83.0/site/authoring/still-media/examples/dawn-signal/manifest.json
build	Upload complete canonical site	2026-09-22T20:43:38.7750523Z ./releases/v0.83.0/site/authoring/still-media/examples/dawn-signal/Dawn-Signal-stories.rlstory
build	Upload complete canonical site	2026-09-22T20:43:38.7751363Z ./releases/v0.83.0/site/authoring/still-media/examples/dawn-signal/Dawn-Signal-originals.rlmedia
build	Upload complete canonical site	2026-09-22T20:43:38.7751893Z ./releases/v0.83.0/site/authoring/still-media/index.html
build	Upload complete canonical site	2026-09-22T20:43:38.7752303Z ./releases/v0.83.0/site/authoring/enemy-catalog/
build	Upload complete canonical site	2026-09-22T20:43:38.7752622Z ./releases/v0.83.0/site/authoring/enemy-catalog/workshop.mjs
build	Upload complete canonical site	2026-09-22T20:43:38.7752955Z ./releases/v0.83.0/site/authoring/enemy-catalog/index.html
build	Upload complete canonical site	2026-09-22T20:43:38.7753463Z ./releases/v0.83.0/site/authoring/asset-studio/
build	Upload complete canonical site	2026-09-22T20:43:38.7753792Z ./releases/v0.83.0/site/authoring/asset-studio/audition-lifecycle.mjs
build	Upload complete canonical site	2026-09-22T20:43:38.7754159Z ./releases/v0.83.0/site/authoring/asset-studio/scene-preview.mjs
build	Upload complete canonical site	2026-09-22T20:43:38.7754504Z ./releases/v0.83.0/site/authoring/asset-studio/preview-fixture.mjs
build	Upload complete canonical site	2026-09-22T20:43:38.7754829Z ./releases/v0.83.0/site/authoring/asset-studio/helpers.mjs
build	Upload complete canonical site	2026-09-22T20:43:38.7755319Z ./releases/v0.83.0/site/authoring/asset-studio/component-specimens.mjs
build	Upload complete canonical site	2026-09-22T20:43:38.7755678Z ./releases/v0.83.0/site/authoring/asset-studio/preview-motion.mjs
build	Upload complete canonical site	2026-09-22T20:43:38.7756009Z ./releases/v0.83.0/site/authoring/asset-studio/operation.mjs
build	Upload complete canonical site	2026-09-22T20:43:38.7756348Z ./releases/v0.83.0/site/authoring/asset-studio/cross-mode-preview.mjs
build	Upload complete canonical site	2026-09-22T20:43:38.7756878Z ./releases/v0.83.0/site/authoring/asset-studio/team-preview-fixture.mjs
build	Upload complete canonical site	2026-09-22T20:43:38.7757237Z ./releases/v0.83.0/site/authoring/asset-studio/picture-context.mjs
build	Upload complete canonical site	2026-09-22T20:43:38.7757701Z ./releases/v0.83.0/site/authoring/asset-studio/sprite-panel.mjs
build	Upload complete canonical site	2026-09-22T20:43:38.7758358Z ./releases/v0.83.0/site/authoring/asset-studio/preview.mjs
build	Upload complete canonical site	2026-09-22T20:43:38.7758851Z ./releases/v0.83.0/site/authoring/asset-studio/guide.mjs
build	Upload complete canonical site	2026-09-22T20:43:38.7759347Z ./releases/v0.83.0/site/authoring/asset-studio/studio.mjs
build	Upload complete canonical site	2026-09-22T20:43:38.7759779Z ./releases/v0.83.0/site/authoring/asset-studio/index.html
build	Upload complete canonical site	2026-09-22T20:43:38.7760184Z ./releases/v0.83.0/site/authoring/asset-studio/interface-preferences.mjs
build	Upload complete canonical site	2026-09-22T20:43:38.7760736Z ./releases/v0.83.0/site/authoring/asset-studio/studio.css
build	Upload complete canonical site	2026-09-22T20:43:38.7761095Z ./releases/v0.83.0/site/credits.html
build	Upload complete canonical site	2026-09-22T20:43:38.7761452Z ./releases/v0.83.0/site/offline-cache.json
build	Upload complete canonical site	2026-09-22T20:43:38.7761842Z ./releases/v0.83.0/site/privacy.html
build	Upload complete canonical site	2026-09-22T20:43:38.7762171Z ./releases/v0.83.0/site/icons/
build	Upload complete canonical site	2026-09-22T20:43:38.7762526Z ./releases/v0.83.0/site/icons/icon-180.png
build	Upload complete canonical site	2026-09-22T20:43:38.7762851Z ./releases/v0.83.0/site/icons/icon-512.png
build	Upload complete canonical site	2026-09-22T20:43:38.7763206Z ./releases/v0.83.0/site/icons/icon.svg
build	Upload complete canonical site	2026-09-22T20:43:38.7763510Z ./releases/v0.83.0/site/icons/icon-192.png
build	Upload complete canonical site	2026-09-22T20:43:38.7763888Z ./releases/v0.83.0/site/.xonix-build.json
build	Upload complete canonical site	2026-09-22T20:43:38.7764212Z ./releases/v0.83.0/site/index.html
build	Upload complete canonical site	2026-09-22T20:43:38.7764457Z ./releases/v0.83.0/site/game/
build	Upload complete canonical site	2026-09-22T20:43:38.7764796Z ./releases/v0.83.0/site/game/chapter-download.mjs
build	Upload complete canonical site	2026-09-22T20:43:38.7766079Z ./releases/v0.83.0/site/game/presentation-pins.mjs
build	Upload complete canonical site	2026-09-22T20:43:38.7766581Z ./releases/v0.83.0/site/game/soundtrack-album-download.mjs
build	Upload complete canonical site	2026-09-22T20:43:38.7767030Z ./releases/v0.83.0/site/game/replay.mjs
build	Upload complete canonical site	2026-09-22T20:43:38.7767407Z ./releases/v0.83.0/site/game/story-media-store.mjs
build	Upload complete canonical site	2026-09-22T20:43:38.7767828Z ./releases/v0.83.0/site/game/campaign-difficulty.mjs
build	Upload complete canonical site	2026-09-22T20:43:38.7768246Z ./releases/v0.83.0/site/game/release-explorer.mjs
build	Upload complete canonical site	2026-09-22T20:43:38.7768669Z ./releases/v0.83.0/site/game/content-design/
build	Upload complete canonical site	2026-09-22T20:43:38.7769098Z ./releases/v0.83.0/site/game/content-design/team-art.mjs
build	Upload complete canonical site	2026-09-22T20:43:38.7769623Z ./releases/v0.83.0/site/game/content-design/whole-spatial-data.mjs
build	Upload complete canonical site	2026-09-22T20:43:38.7770171Z ./releases/v0.83.0/site/game/content-design/livewire-art.mjs
build	Upload complete canonical site	2026-09-22T20:43:38.7770640Z ./releases/v0.83.0/site/game/content-design/starter.mjs
build	Upload complete canonical site	2026-09-22T20:43:38.7771064Z ./releases/v0.83.0/site/game/content-design/session.mjs
build	Upload complete canonical site	2026-09-22T20:43:38.7771562Z ./releases/v0.83.0/site/game/content-design/phase-spatial-candidates.mjs
build	Upload complete canonical site	2026-09-22T20:43:38.7772111Z ./releases/v0.83.0/site/game/content-design/horizon-candidates.mjs
build	Upload complete canonical site	2026-09-22T20:43:38.7772624Z ./releases/v0.83.0/site/game/content-design/combat-candidates.mjs
build	Upload complete canonical site	2026-09-22T20:43:38.7773262Z ./releases/v0.83.0/site/game/content-design/pursuit-intercept-candidates.mjs
build	Upload complete canonical site	2026-09-22T20:43:38.7773795Z ./releases/v0.83.0/site/game/content-design/execution.mjs
build	Upload complete canonical site	2026-09-22T20:43:38.7774342Z ./releases/v0.83.0/site/game/content-design/timed-border-candidates.mjs
build	Upload complete canonical site	2026-09-22T20:43:38.7774835Z ./releases/v0.83.0/site/game/content-design/neon-art.mjs
build	Upload complete canonical site	2026-09-22T20:43:38.7775647Z ./releases/v0.83.0/site/game/content-design/actor-marker.mjs
build	Upload complete canonical site	2026-09-22T20:43:38.7776265Z ./releases/v0.83.0/site/game/content-design/campaign-music-direction.mjs
build	Upload complete canonical site	2026-09-22T20:43:38.7776753Z ./releases/v0.83.0/site/game/content-design/whole-spatial-candidates.mjs
build	Upload complete canonical site	2026-09-22T20:43:38.7777232Z ./releases/v0.83.0/site/game/content-design/project.mjs
build	Upload complete canonical site	2026-09-22T20:43:38.7777746Z ./releases/v0.83.0/site/game/content-design/team-qualification.mjs
build	Upload complete canonical site	2026-09-22T20:43:38.7778286Z ./releases/v0.83.0/site/game/content-design/solo-host.mjs
build	Upload complete canonical site	2026-09-22T20:43:38.7778854Z ./releases/v0.83.0/site/game/content-design/livewire-candidates.mjs
build	Upload complete canonical site	2026-09-22T20:43:38.7779299Z ./releases/v0.83.0/site/game/content-design/image-trace-session.mjs
build	Upload complete canonical site	2026-09-22T20:43:38.7779925Z ./releases/v0.83.0/site/game/content-design/team-pressure-originals.mjs
build	Upload complete canonical site	2026-09-22T20:43:38.7780279Z ./releases/v0.83.0/site/game/content-design/preview-loader.mjs
build	Upload complete canonical site	2026-09-22T20:43:38.7780600Z ./releases/v0.83.0/site/game/content-design/sequence.mjs
build	Upload complete canonical site	2026-09-22T20:43:38.7780893Z ./releases/v0.83.0/site/game/content-design/pacing.mjs
build	Upload complete canonical site	2026-09-22T20:43:38.7781303Z ./releases/v0.83.0/site/game/content-design/sentinel-candidates.mjs
build	Upload complete canonical site	2026-09-22T20:43:38.7781630Z ./releases/v0.83.0/site/game/content-design/journey-art.mjs
build	Upload complete canonical site	2026-09-22T20:43:38.7781940Z ./releases/v0.83.0/site/game/content-design/sentinel-art.mjs
build	Upload complete canonical site	2026-09-22T20:43:38.7782243Z ./releases/v0.83.0/site/game/content-design/objectives.mjs
build	Upload complete canonical site	2026-09-22T20:43:38.7782558Z ./releases/v0.83.0/site/game/content-design/border-candidates.mjs
build	Upload complete canonical site	2026-09-22T20:43:38.7782914Z ./releases/v0.83.0/site/game/content-design/horizon-spatial-candidates.mjs
build	Upload complete canonical site	2026-09-22T20:43:38.7783273Z ./releases/v0.83.0/site/game/content-design/team-candidates.mjs
build	Upload complete canonical site	2026-09-22T20:43:38.7783577Z ./releases/v0.83.0/site/game/content-design/map-view.mjs
build	Upload complete canonical site	2026-09-22T20:43:38.7783900Z ./releases/v0.83.0/site/game/content-design/phase-candidates.mjs
build	Upload complete canonical site	2026-09-22T20:43:38.7784224Z ./releases/v0.83.0/site/game/content-design/team-export.mjs
build	Upload complete canonical site	2026-09-22T20:43:38.7784540Z ./releases/v0.83.0/site/game/content-design/rover-candidates.mjs
build	Upload complete canonical site	2026-09-22T20:43:38.7784884Z ./releases/v0.83.0/site/game/content-design/team-spatial-originals.mjs
build	Upload complete canonical site	2026-09-22T20:43:38.7785391Z ./releases/v0.83.0/site/game/content-design/fracture-candidates.mjs
build	Upload complete canonical site	2026-09-22T20:43:38.7785738Z ./releases/v0.83.0/site/game/content-design/acceptance-evidence.mjs
build	Upload complete canonical site	2026-09-22T20:43:38.7786062Z ./releases/v0.83.0/site/game/content-design/image-trace.mjs
build	Upload complete canonical site	2026-09-22T20:43:38.7786364Z ./releases/v0.83.0/site/game/content-design/signal-art.mjs
build	Upload complete canonical site	2026-09-22T20:43:38.7786678Z ./releases/v0.83.0/site/game/content-design/team-mission-card.mjs
build	Upload complete canonical site	2026-09-22T20:43:38.7787003Z ./releases/v0.83.0/site/game/content-design/directional.mjs
build	Upload complete canonical site	2026-09-22T20:43:38.7787315Z ./releases/v0.83.0/site/game/content-design/mission-card.mjs
build	Upload complete canonical site	2026-09-22T20:43:38.7787630Z ./releases/v0.83.0/site/game/content-design/timed-bonuses.mjs
build	Upload complete canonical site	2026-09-22T20:43:38.7787993Z ./releases/v0.83.0/site/game/content-design/cultural-workshop-candidates.mjs
build	Upload complete canonical site	2026-09-22T20:43:38.7788363Z ./releases/v0.83.0/site/game/content-design/combat-authoring.mjs
build	Upload complete canonical site	2026-09-22T20:43:38.7788702Z ./releases/v0.83.0/site/game/content-design/geometry-edit.mjs
build	Upload complete canonical site	2026-09-22T20:43:38.7789030Z ./releases/v0.83.0/site/game/content-design/cultural-workshop-art.mjs
build	Upload complete canonical site	2026-09-22T20:43:38.7789373Z ./releases/v0.83.0/site/game/content-design/capture-overlay.mjs
build	Upload complete canonical site	2026-09-22T20:43:38.7789684Z ./releases/v0.83.0/site/game/content-design/themes.json
build	Upload complete canonical site	2026-09-22T20:43:38.7789969Z ./releases/v0.83.0/site/game/content-design/tuning.mjs
build	Upload complete canonical site	2026-09-22T20:43:38.7790258Z ./releases/v0.83.0/site/game/content-design/rover-art.mjs
build	Upload complete canonical site	2026-09-22T20:43:38.7790560Z ./releases/v0.83.0/site/game/content-design/team-host.mjs
build	Upload complete canonical site	2026-09-22T20:43:38.7790887Z ./releases/v0.83.0/site/game/content-design/team-material-candidates.mjs
build	Upload complete canonical site	2026-09-22T20:43:38.7791243Z ./releases/v0.83.0/site/game/content-design/team-actor-candidates.mjs
build	Upload complete canonical site	2026-09-22T20:43:38.7791562Z ./releases/v0.83.0/site/game/content-design/structure.mjs
build	Upload complete canonical site	2026-09-22T20:43:38.7791911Z ./releases/v0.83.0/site/game/content-design/team-roamer-spatial-candidates.mjs
build	Upload complete canonical site	2026-09-22T20:43:38.7792259Z ./releases/v0.83.0/site/game/content-design/picture.mjs
build	Upload complete canonical site	2026-09-22T20:43:38.7792545Z ./releases/v0.83.0/site/game/content-design/recovery.mjs
build	Upload complete canonical site	2026-09-22T20:43:38.7792841Z ./releases/v0.83.0/site/game/content-design/crosswind-art.mjs
build	Upload complete canonical site	2026-09-22T20:43:38.7793180Z ./releases/v0.83.0/site/game/content-design/material-markers.mjs
build	Upload complete canonical site	2026-09-22T20:43:38.7793492Z ./releases/v0.83.0/site/game/content-design/team-progress.mjs
build	Upload complete canonical site	2026-09-22T20:43:38.7793821Z ./releases/v0.83.0/site/game/content-design/rover-spatial-candidates.mjs
build	Upload complete canonical site	2026-09-22T20:43:38.7794159Z ./releases/v0.83.0/site/game/content-design/image-authoring.mjs
build	Upload complete canonical site	2026-09-22T20:43:38.7794582Z ./releases/v0.83.0/site/game/content-design/preview.mjs
build	Upload complete canonical site	2026-09-22T20:43:38.7794868Z ./releases/v0.83.0/site/game/content-design/color-trace.mjs
build	Upload complete canonical site	2026-09-22T20:43:38.7795362Z ./releases/v0.83.0/site/game/content-design/spatial-balance-candidates.mjs
build	Upload complete canonical site	2026-09-22T20:43:38.7795738Z ./releases/v0.83.0/site/game/content-design/rover-teaching-candidates.mjs
build	Upload complete canonical site	2026-09-22T20:43:38.7796208Z ./releases/v0.83.0/site/game/content-design/team-timed-originals.mjs
build	Upload complete canonical site	2026-09-22T20:43:38.7796555Z ./releases/v0.83.0/site/game/content-design/team-signal-candidates.mjs
build	Upload complete canonical site	2026-09-22T20:43:38.7796875Z ./releases/v0.83.0/site/game/content-design/attempt.mjs
build	Upload complete canonical site	2026-09-22T20:43:38.7797157Z ./releases/v0.83.0/site/game/content-design/route.mjs
build	Upload complete canonical site	2026-09-22T20:43:38.7797441Z ./releases/v0.83.0/site/game/content-design/drafts.mjs
build	Upload complete canonical site	2026-09-22T20:43:38.7797752Z ./releases/v0.83.0/site/game/content-design/signal-candidates.mjs
build	Upload complete canonical site	2026-09-22T20:43:38.7798092Z ./releases/v0.83.0/site/game/content-design/team-timed-candidates.mjs
build	Upload complete canonical site	2026-09-22T20:43:38.7798423Z ./releases/v0.83.0/site/game/content-design/route-loader.mjs
build	Upload complete canonical site	2026-09-22T20:43:38.7798736Z ./releases/v0.83.0/site/game/content-design/fracture-art.mjs
build	Upload complete canonical site	2026-09-22T20:43:38.7799023Z ./releases/v0.83.0/site/game/content-design/relays.mjs
build	Upload complete canonical site	2026-09-22T20:43:38.7799348Z ./releases/v0.83.0/site/game/content-design/campaign-actor-presentation.mjs
build	Upload complete canonical site	2026-09-22T20:43:38.7799821Z ./releases/v0.83.0/site/game/content-design/team-entry.mjs
build	Upload complete canonical site	2026-09-22T20:43:38.7800157Z ./releases/v0.83.0/site/game/content-design/limits.mjs
build	Upload complete canonical site	2026-09-22T20:43:38.7800439Z ./releases/v0.83.0/site/game/content-design/bonuses.mjs
build	Upload complete canonical site	2026-09-22T20:43:38.7800718Z ./releases/v0.83.0/site/game/content-design/journey.mjs
build	Upload complete canonical site	2026-09-22T20:43:38.7801014Z ./releases/v0.83.0/site/game/content-design/border-art.mjs
build	Upload complete canonical site	2026-09-22T20:43:38.7801318Z ./releases/v0.83.0/site/game/content-design/team-timed-art.mjs
build	Upload complete canonical site	2026-09-22T20:43:38.7801641Z ./releases/v0.83.0/site/game/content-design/apex-candidates.mjs
build	Upload complete canonical site	2026-09-22T20:43:38.7801993Z ./releases/v0.83.0/site/game/content-design/outpost-spatial-candidates.mjs
build	Upload complete canonical site	2026-09-22T20:43:38.7802353Z ./releases/v0.83.0/site/game/content-design/team-runtime.mjs
build	Upload complete canonical site	2026-09-22T20:43:38.7802683Z ./releases/v0.83.0/site/game/content-design/team-journey-candidates.mjs
build	Upload complete canonical site	2026-09-22T20:43:38.7803033Z ./releases/v0.83.0/site/game/content-design/pressure-candidates.mjs
build	Upload complete canonical site	2026-09-22T20:43:38.7803339Z ./releases/v0.83.0/site/game/content-design/map.mjs
build	Upload complete canonical site	2026-09-22T20:43:38.7803658Z ./releases/v0.83.0/site/game/content-design/team-roamer-candidates.mjs
build	Upload complete canonical site	2026-09-22T20:43:38.7804009Z ./releases/v0.83.0/site/game/content-design/campaign-presentation.mjs
build	Upload complete canonical site	2026-09-22T20:43:38.7804381Z ./releases/v0.83.0/site/game/content-design/fracture-spatial-candidates.mjs
build	Upload complete canonical site	2026-09-22T20:43:38.7804725Z ./releases/v0.83.0/site/game/content-design/encounters.mjs
build	Upload complete canonical site	2026-09-22T20:43:38.7805162Z ./releases/v0.83.0/site/game/content-design/default-entry.mjs
build	Upload complete canonical site	2026-09-22T20:43:38.7805479Z ./releases/v0.83.0/site/game/content-design/versus-host.mjs
build	Upload complete canonical site	2026-09-22T20:43:38.7805815Z ./releases/v0.83.0/site/game/content-design/sentinel-spatial-candidates.mjs
build	Upload complete canonical site	2026-09-22T20:43:38.7806152Z ./releases/v0.83.0/site/game/content-design/horizon-art.mjs
build	Upload complete canonical site	2026-09-22T20:43:38.7806475Z ./releases/v0.83.0/site/game/content-design/crosswind-candidates.mjs
build	Upload complete canonical site	2026-09-22T20:43:38.7806793Z ./releases/v0.83.0/site/game/content-design/diagnostics.mjs
build	Upload complete canonical site	2026-09-22T20:43:38.7807106Z ./releases/v0.83.0/site/game/content-design/neon-candidates.mjs
build	Upload complete canonical site	2026-09-22T20:43:38.7807415Z ./releases/v0.83.0/site/game/content-design/actors.mjs
build	Upload complete canonical site	2026-09-22T20:43:38.7807705Z ./releases/v0.83.0/site/game/content-design/relay-art.mjs
build	Upload complete canonical site	2026-09-22T20:43:38.7807984Z ./releases/v0.83.0/site/game/content-design/catalogs.mjs
build	Upload complete canonical site	2026-09-22T20:43:38.7808321Z ./releases/v0.83.0/site/game/content-design/team-window-spatial-candidates.mjs
build	Upload complete canonical site	2026-09-22T20:43:38.7808713Z ./releases/v0.83.0/site/game/content-design/livewire-spatial-candidates.mjs
build	Upload complete canonical site	2026-09-22T20:43:38.7809047Z ./releases/v0.83.0/site/game/content-design/apex-art.mjs
build	Upload complete canonical site	2026-09-22T20:43:38.7809445Z ./releases/v0.83.0/site/game/content-design/mode-href.mjs
build	Upload complete canonical site	2026-09-22T20:43:38.7809793Z ./releases/v0.83.0/site/game/content-design/cultural-workshop-art-candidates.mjs
build	Upload complete canonical site	2026-09-22T20:43:38.7810194Z ./releases/v0.83.0/site/game/content-design/team-depot-spatial-candidates.mjs
build	Upload complete canonical site	2026-09-22T20:43:38.7810564Z ./releases/v0.83.0/site/game/content-design/image-trace-storage.mjs
build	Upload complete canonical site	2026-09-22T20:43:38.7810956Z ./releases/v0.83.0/site/game/content-design/assets/
build	Upload complete canonical site	2026-09-22T20:43:38.7811258Z ./releases/v0.83.0/site/game/content-design/assets/team-partners-r1/
build	Upload complete canonical site	2026-09-22T20:43:38.7811636Z ./releases/v0.83.0/site/game/content-design/assets/team-partners-r1/shared-lookout.png
build	Upload complete canonical site	2026-09-22T20:43:38.7812079Z ./releases/v0.83.0/site/game/content-design/assets/team-partners-r1/weaver-crossing.png
build	Upload complete canonical site	2026-09-22T20:43:38.7820623Z ./releases/v0.83.0/site/game/content-design/assets/team-partners-r1/twin-landings.png
build	Upload complete canonical site	2026-09-22T20:43:38.7838304Z ./releases/v0.83.0/site/game/content-design/assets/team-partners-r1/crossed-gardens.png
build	Upload complete canonical site	2026-09-22T20:43:38.7857595Z ./releases/v0.83.0/site/game/content-design/assets/team-partners-r1/divided-workshop.png
build	Upload complete canonical site	2026-09-22T20:43:38.7875536Z ./releases/v0.83.0/site/game/content-design/assets/team-partners-r1/last-rendezvous.png
build	Upload complete canonical site	2026-09-22T20:43:38.7892462Z ./releases/v0.83.0/site/game/content-design/assets/team-partners-r1/stepping-exchange.png
build	Upload complete canonical site	2026-09-22T20:43:38.7911009Z ./releases/v0.83.0/site/game/content-design/assets/team-partners-r1/split-orchards.png
build	Upload complete canonical site	2026-09-22T20:43:38.7932083Z ./releases/v0.83.0/site/game/content-design/assets/team-partners-r1/changing-courtyard.png
build	Upload complete canonical site	2026-09-22T20:43:38.7950958Z ./releases/v0.83.0/site/game/content-design/assets/team-partners-r1/twin-depots.png
build	Upload complete canonical site	2026-09-22T20:43:38.7969651Z ./releases/v0.83.0/site/game/content-design/assets/team-partners-r1/switchback-partners.png
build	Upload complete canonical site	2026-09-22T20:43:38.7988927Z ./releases/v0.83.0/site/game/content-design/assets/relay-archive-r1/
build	Upload complete canonical site	2026-09-22T20:43:38.7989343Z ./releases/v0.83.0/site/game/content-design/assets/relay-archive-r1/watchpost-exchange.png
build	Upload complete canonical site	2026-09-22T20:43:38.8004390Z ./releases/v0.83.0/site/game/content-design/assets/relay-archive-r1/spiral-stores.png
build	Upload complete canonical site	2026-09-22T20:43:38.8019560Z ./releases/v0.83.0/site/game/content-design/assets/relay-archive-r1/relay-remix.png
build	Upload complete canonical site	2026-09-22T20:43:38.8034898Z ./releases/v0.83.0/site/game/content-design/assets/relay-archive-r1/nested-relays.png
build	Upload complete canonical site	2026-09-22T20:43:38.8050655Z ./releases/v0.83.0/site/game/content-design/assets/relay-archive-r1/three-compounds.png
build	Upload complete canonical site	2026-09-22T20:43:38.8069540Z ./releases/v0.83.0/site/game/content-design/assets/relay-archive-r1/first-link.png
build	Upload complete canonical site	2026-09-22T20:43:38.8087725Z ./releases/v0.83.0/site/game/content-design/assets/relay-archive-r1/second-approach.png
build	Upload complete canonical site	2026-09-22T20:43:38.8105984Z ./releases/v0.83.0/site/game/content-design/assets/signal-pixel-r1/
build	Upload complete canonical site	2026-09-22T20:43:38.8106387Z ./releases/v0.83.0/site/game/content-design/assets/signal-pixel-r1/wide-approach.png
build	Upload complete canonical site	2026-09-22T20:43:38.8121985Z ./releases/v0.83.0/site/game/content-design/assets/signal-pixel-r1/soft-crossing.png
build	Upload complete canonical site	2026-09-22T20:43:38.8137557Z ./releases/v0.83.0/site/game/content-design/assets/signal-pixel-r1/signal-remix.png
build	Upload complete canonical site	2026-09-22T20:43:38.8153879Z ./releases/v0.83.0/site/game/content-design/assets/signal-pixel-r1/garden-refuges.png
build	Upload complete canonical site	2026-09-22T20:43:38.8173709Z ./releases/v0.83.0/site/game/content-design/assets/signal-pixel-r1/cool-the-crossing.png
build	Upload complete canonical site	2026-09-22T20:43:38.8190667Z ./releases/v0.83.0/site/game/content-design/assets/signal-pixel-r1/dry-spine.png
build	Upload complete canonical site	2026-09-22T20:43:38.8205370Z ./releases/v0.83.0/site/game/content-design/assets/signal-pixel-r1/shared-detour.png
build	Upload complete canonical site	2026-09-22T20:43:38.8224231Z ./releases/v0.83.0/site/game/content-design/assets/signal-pixel-r1/neutral-ground.png
build	Upload complete canonical site	2026-09-22T20:43:38.8240160Z ./releases/v0.83.0/site/game/content-design/assets/apex-polar-r1/
build	Upload complete canonical site	2026-09-22T20:43:38.8240557Z ./releases/v0.83.0/site/game/content-design/assets/apex-polar-r1/crossing-complete.png
build	Upload complete canonical site	2026-09-22T20:43:38.8256376Z ./releases/v0.83.0/site/game/content-design/assets/apex-polar-r1/home-signal.png
build	Upload complete canonical site	2026-09-22T20:43:38.8273035Z ./releases/v0.83.0/site/game/content-design/assets/apex-polar-r1/final-broadcast.png
build	Upload complete canonical site	2026-09-22T20:43:38.8288210Z ./releases/v0.83.0/site/game/content-design/assets/apex-polar-r1/returning-light.png
build	Upload complete canonical site	2026-09-22T20:43:38.8305444Z ./releases/v0.83.0/site/game/content-design/assets/apex-polar-r1/apex-remix.png
build	Upload complete canonical site	2026-09-22T20:43:38.8323164Z ./releases/v0.83.0/site/game/content-design/assets/rover-pixel-r1/
build	Upload complete canonical site	2026-09-22T20:43:38.8323550Z ./releases/v0.83.0/site/game/content-design/assets/rover-pixel-r1/rover-remix.png
build	Upload complete canonical site	2026-09-22T20:43:38.8339319Z ./releases/v0.83.0/site/game/content-design/assets/rover-pixel-r1/stepped-return.png
build	Upload complete canonical site	2026-09-22T20:43:38.8356014Z ./releases/v0.83.0/site/game/content-design/assets/rover-pixel-r1/broken-yard.png
build	Upload complete canonical site	2026-09-22T20:43:38.8372085Z ./releases/v0.83.0/site/game/content-design/assets/rover-pixel-r1/sorting-yard.png
build	Upload complete canonical site	2026-09-22T20:43:38.8388560Z ./releases/v0.83.0/site/game/content-design/assets/rover-pixel-r1/split-berths.png
build	Upload complete canonical site	2026-09-22T20:43:38.8403954Z ./releases/v0.83.0/site/game/content-design/assets/rover-pixel-r1/wake-the-yard.png
build	Upload complete canonical site	2026-09-22T20:43:38.8419907Z ./releases/v0.83.0/site/game/content-design/assets/rover-pixel-r1/between-the-rows.png
build	Upload complete canonical site	2026-09-22T20:43:38.8439104Z ./releases/v0.83.0/site/game/content-design/assets/phase-observatory-r1/
build	Upload complete canonical site	2026-09-22T20:43:38.8439872Z ./releases/v0.83.0/site/game/content-design/assets/phase-observatory-r1/phase-remix.png
build	Upload complete canonical site	2026-09-22T20:43:38.8455267Z ./releases/v0.83.0/site/game/content-design/assets/phase-observatory-r1/two-ways-home.png
build	Upload complete canonical site	2026-09-22T20:43:38.8471258Z ./releases/v0.83.0/site/game/content-design/assets/phase-observatory-r1/pressure-ladder.png
build	Upload complete canonical site	2026-09-22T20:43:38.8485925Z ./releases/v0.83.0/site/game/content-design/assets/phase-observatory-r1/dogleg-transfer.png
build	Upload complete canonical site	2026-09-22T20:43:38.8500668Z ./releases/v0.83.0/site/game/content-design/assets/phase-observatory-r1/signal-channels.png
build	Upload complete canonical site	2026-09-22T20:43:38.8517367Z ./releases/v0.83.0/site/game/content-design/assets/phase-observatory-r1/return-in-reserve.png
build	Upload complete canonical site	2026-09-22T20:43:38.8532232Z ./releases/v0.83.0/site/game/content-design/assets/phase-observatory-r1/crossed-bands.png
build	Upload complete canonical site	2026-09-22T20:43:38.8548077Z ./releases/v0.83.0/site/game/content-design/assets/horizon-r1/
build	Upload complete canonical site	2026-09-22T20:43:38.8548762Z ./releases/v0.83.0/site/game/content-design/assets/horizon-r1/island-outpost.png
build	Upload complete canonical site	2026-09-22T20:43:38.8566286Z ./releases/v0.83.0/site/game/content-design/assets/horizon-r1/long-way-home.png
build	Upload complete canonical site	2026-09-22T20:43:38.8584720Z ./releases/v0.83.0/site/game/content-design/assets/horizon-r1/nearby-shore.png
build	Upload complete canonical site	2026-09-22T20:43:38.8603864Z ./releases/v0.83.0/site/game/content-design/assets/horizon-r1/first-return.png
build	Upload complete canonical site	2026-09-22T20:43:38.8620714Z ./releases/v0.83.0/site/game/content-design/assets/horizon-r1/PROMPTS.md
build	Upload complete canonical site	2026-09-22T20:43:38.8621457Z ./releases/v0.83.0/site/game/content-design/assets/horizon-r1/courtyard-return.png
build	Upload complete canonical site	2026-09-22T20:43:38.8639923Z ./releases/v0.83.0/site/game/content-design/assets/horizon-r1/two-keepers.png
build	Upload complete canonical site	2026-09-22T20:43:38.8658438Z ./releases/v0.83.0/site/game/content-design/assets/horizon-r1/choose-your-share.png
build	Upload complete canonical site	2026-09-22T20:43:38.8678172Z ./releases/v0.83.0/site/game/content-design/assets/horizon-r1/two-bays.png
build	Upload complete canonical site	2026-09-22T20:43:38.8696840Z ./releases/v0.83.0/site/game/content-design/assets/horizon-r1/stepping-stones.png
build	Upload complete canonical site	2026-09-22T20:43:38.8715160Z ./releases/v0.83.0/site/game/content-design/assets/horizon-r1/horizon-remix.png
build	Upload complete canonical site	2026-09-22T20:43:38.8732444Z ./releases/v0.83.0/site/game/content-design/assets/fracture-coastal-r1/
build	Upload complete canonical site	2026-09-22T20:43:38.8733222Z ./releases/v0.83.0/site/game/content-design/assets/fracture-coastal-r1/staggered-reserve.png
build	Upload complete canonical site	2026-09-22T20:43:38.8752821Z ./releases/v0.83.0/site/game/content-design/assets/fracture-coastal-r1/five-anchors.png
build	Upload complete canonical site	2026-09-22T20:43:38.8771863Z ./releases/v0.83.0/site/game/content-design/assets/fracture-coastal-r1/island-reserve.png
build	Upload complete canonical site	2026-09-22T20:43:38.8788728Z ./releases/v0.83.0/site/game/content-design/assets/fracture-coastal-r1/fracture-remix.png
build	Upload complete canonical site	2026-09-22T20:43:38.8805672Z ./releases/v0.83.0/site/game/content-design/assets/fracture-coastal-r1/first-fracture.png
build	Upload complete canonical site	2026-09-22T20:43:38.8822373Z ./releases/v0.83.0/site/game/content-design/assets/fracture-coastal-r1/two-districts.png
build	Upload complete canonical site	2026-09-22T20:43:38.8841359Z ./releases/v0.83.0/site/game/content-design/assets/fracture-coastal-r1/bank-the-crossing.png
build	Upload complete canonical site	2026-09-22T20:43:38.8860890Z ./releases/v0.83.0/site/game/content-design/assets/workshop-study-r1/
build	Upload complete canonical site	2026-09-22T20:43:38.8861840Z ./releases/v0.83.0/site/game/content-design/assets/workshop-study-r1/four-motor-landings.png
build	Upload complete canonical site	2026-09-22T20:43:38.8874817Z ./releases/v0.83.0/site/game/content-design/assets/workshop-study-r1/toolbench-weave.png
build	Upload complete canonical site	2026-09-22T20:43:38.8888167Z ./releases/v0.83.0/site/game/content-design/assets/workshop-study-r1/circuit-lanes.png
build	Upload complete canonical site	2026-09-22T20:43:38.8901816Z ./releases/v0.83.0/site/game/content-design/assets/workshop-study-r1/twin-lens-chambers.png
build	Upload complete canonical site	2026-09-22T20:43:38.8915911Z ./releases/v0.83.0/site/game/content-design/assets/sentinel-citadel-r1/
build	Upload complete canonical site	2026-09-22T20:43:38.8916672Z ./releases/v0.83.0/site/game/content-design/assets/sentinel-citadel-r1/sentinel-remix.png
build	Upload complete canonical site	2026-09-22T20:43:38.8933068Z ./releases/v0.83.0/site/game/content-design/assets/sentinel-citadel-r1/first-relay.png
build	Upload complete canonical site	2026-09-22T20:43:38.8952402Z ./releases/v0.83.0/site/game/content-design/assets/sentinel-citadel-r1/twin-receivers.png
build	Upload complete canonical site	2026-09-22T20:43:38.8969640Z ./releases/v0.83.0/site/game/content-design/assets/sentinel-citadel-r1/crown-audience.png
build	Upload complete canonical site	2026-09-22T20:43:38.8990734Z ./releases/v0.83.0/site/game/content-design/assets/sentinel-citadel-r1/relay-perimeter.png
build	Upload complete canonical site	2026-09-22T20:43:38.9010254Z ./releases/v0.83.0/site/game/content-design/assets/border-r1/
build	Upload complete canonical site	2026-09-22T20:43:38.9010935Z ./releases/v0.83.0/site/game/content-design/assets/border-r1/return-pocket.png
build	Upload complete canonical site	2026-09-22T20:43:38.9031219Z ./releases/v0.83.0/site/game/content-design/assets/border-r1/turn-the-corner.png
build	Upload complete canonical site	2026-09-22T20:43:38.9052362Z ./releases/v0.83.0/site/game/content-design/assets/border-r1/border-remix.png
build	Upload complete canonical site	2026-09-22T20:43:38.9070933Z ./releases/v0.83.0/site/game/content-design/assets/border-r1/new-frontier.png
build	Upload complete canonical site	2026-09-22T20:43:38.9090055Z ./releases/v0.83.0/site/game/content-design/assets/border-r1/behind-the-patrol.png
build	Upload complete canonical site	2026-09-22T20:43:38.9109106Z ./releases/v0.83.0/site/game/content-design/assets/border-r1/PROMPTS.md
build	Upload complete canonical site	2026-09-22T20:43:38.9109781Z ./releases/v0.83.0/site/game/content-design/assets/border-r1/long-rail.png
build	Upload complete canonical site	2026-09-22T20:43:38.9129227Z ./releases/v0.83.0/site/game/content-design/assets/border-r1/second-landing.png
build	Upload complete canonical site	2026-09-22T20:43:38.9148244Z ./releases/v0.83.0/site/game/content-design/assets/neon-pixel-r1/
build	Upload complete canonical site	2026-09-22T20:43:38.9148921Z ./releases/v0.83.0/site/game/content-design/assets/neon-pixel-r1/inside-out.png
build	Upload complete canonical site	2026-09-22T20:43:38.9165276Z ./releases/v0.83.0/site/game/content-design/assets/neon-pixel-r1/neon-remix.png
build	Upload complete canonical site	2026-09-22T20:43:38.9182220Z ./releases/v0.83.0/site/game/content-design/assets/neon-pixel-r1/staggered-circuit.png
build	Upload complete canonical site	2026-09-22T20:43:38.9199572Z ./releases/v0.83.0/site/game/content-design/assets/neon-pixel-r1/four-quarters.png
build	Upload complete canonical site	2026-09-22T20:43:38.9219304Z ./releases/v0.83.0/site/game/content-design/assets/neon-pixel-r1/dogleg-return.png
build	Upload complete canonical site	2026-09-22T20:43:38.9237357Z ./releases/v0.83.0/site/game/content-design/assets/neon-pixel-r1/folded-corner.png
build	Upload complete canonical site	2026-09-22T20:43:38.9254228Z ./releases/v0.83.0/site/game/content-design/assets/neon-pixel-r1/side-door-bays.png
build	Upload complete canonical site	2026-09-22T20:43:38.9270318Z ./releases/v0.83.0/site/game/content-design/assets/signal-r1/
build	Upload complete canonical site	2026-09-22T20:43:38.9270922Z ./releases/v0.83.0/site/game/content-design/assets/signal-r1/wide-approach.png
build	Upload complete canonical site	2026-09-22T20:43:38.9290230Z ./releases/v0.83.0/site/game/content-design/assets/signal-r1/soft-crossing.png
build	Upload complete canonical site	2026-09-22T20:43:38.9308458Z ./releases/v0.83.0/site/game/content-design/assets/signal-r1/dry-spine.png
build	Upload complete canonical site	2026-09-22T20:43:38.9326677Z ./releases/v0.83.0/site/game/content-design/assets/ornament-study-r1/
build	Upload complete canonical site	2026-09-22T20:43:38.9327362Z ./releases/v0.83.0/site/game/content-design/assets/ornament-study-r1/pysanka-sections.png
build	Upload complete canonical site	2026-09-22T20:43:38.9339540Z ./releases/v0.83.0/site/game/content-design/assets/ornament-study-r1/cross-stitch-crossings.png
build	Upload complete canonical site	2026-09-22T20:43:38.9357104Z ./releases/v0.83.0/site/game/content-design/assets/ornament-study-r1/rushnyk-bands.png
build	Upload complete canonical site	2026-09-22T20:43:38.9371368Z ./releases/v0.83.0/site/game/content-design/assets/ornament-study-r1/dnipro-crossings.png
build	Upload complete canonical site	2026-09-22T20:43:38.9385438Z ./releases/v0.83.0/site/game/content-design/assets/crosswind-highlands-r1/
build	Upload complete canonical site	2026-09-22T20:43:38.9386669Z ./releases/v0.83.0/site/game/content-design/assets/crosswind-highlands-r1/long-wave.png
build	Upload complete canonical site	2026-09-22T20:43:38.9403594Z ./releases/v0.83.0/site/game/content-design/assets/crosswind-highlands-r1/crosswind-remix.png
build	Upload complete canonical site	2026-09-22T20:43:38.9425712Z ./releases/v0.83.0/site/game/content-design/assets/crosswind-highlands-r1/read-the-arrows.png
build	Upload complete canonical site	2026-09-22T20:43:38.9441032Z ./releases/v0.83.0/site/game/content-design/assets/crosswind-highlands-r1/survey-markers.png
build	Upload complete canonical site	2026-09-22T20:43:38.9459164Z ./releases/v0.83.0/site/game/content-design/assets/crosswind-highlands-r1/outer-loop.png
build	Upload complete canonical site	2026-09-22T20:43:38.9476704Z ./releases/v0.83.0/site/game/content-design/assets/crosswind-highlands-r1/windbreak-weave.png
build	Upload complete canonical site	2026-09-22T20:43:38.9496050Z ./releases/v0.83.0/site/game/content-design/assets/crosswind-highlands-r1/compass-array.png
build	Upload complete canonical site	2026-09-22T20:43:38.9513796Z ./releases/v0.83.0/site/game/content-design/assets/livewire-foundry-r1/
build	Upload complete canonical site	2026-09-22T20:43:38.9514481Z ./releases/v0.83.0/site/game/content-design/assets/livewire-foundry-r1/read-the-lock.png
build	Upload complete canonical site	2026-09-22T20:43:38.9530522Z ./releases/v0.83.0/site/game/content-design/assets/livewire-foundry-r1/switchyard.png
build	Upload complete canonical site	2026-09-22T20:43:38.9546904Z ./releases/v0.83.0/site/game/content-design/assets/livewire-foundry-r1/cooling-loop.png
build	Upload complete canonical site	2026-09-22T20:43:38.9564386Z ./releases/v0.83.0/site/game/content-design/assets/livewire-foundry-r1/cross-the-afterglow.png
build	Upload complete canonical site	2026-09-22T20:43:38.9579850Z ./releases/v0.83.0/site/game/content-design/assets/livewire-foundry-r1/split-junction.png
build	Upload complete canonical site	2026-09-22T20:43:38.9596355Z ./releases/v0.83.0/site/game/content-design/assets/livewire-foundry-r1/livewire-remix.png
build	Upload complete canonical site	2026-09-22T20:43:38.9612712Z ./releases/v0.83.0/site/game/content-design/assets/livewire-foundry-r1/crossbar-depot.png
build	Upload complete canonical site	2026-09-22T20:43:38.9630575Z ./releases/v0.83.0/site/game/content-design/assets/team-windows-r1/
build	Upload complete canonical site	2026-09-22T20:43:38.9631204Z ./releases/v0.83.0/site/game/content-design/assets/team-windows-r1/window-exchange.png
build	Upload complete canonical site	2026-09-22T20:43:38.9648570Z ./releases/v0.83.0/site/game/content-design/assets/team-windows-r1/coolant-crossing.png
build	Upload complete canonical site	2026-09-22T20:43:38.9664788Z ./releases/v0.83.0/site/game/content-design/assets/team-windows-r1/depot-dash.png
build	Upload complete canonical site	2026-09-22T20:43:38.9679421Z ./releases/v0.83.0/site/game/content-design/phase-art.mjs
build	Upload complete canonical site	2026-09-22T20:43:38.9679941Z ./releases/v0.83.0/site/game/content-design/team-capture-teaching.mjs
build	Upload complete canonical site	2026-09-22T20:43:38.9680461Z ./releases/v0.83.0/site/game/content-design/assets.mjs
build	Upload complete canonical site	2026-09-22T20:43:38.9680952Z ./releases/v0.83.0/site/game/content-design/relay-candidates.mjs
build	Upload complete canonical site	2026-09-22T20:43:38.9681511Z ./releases/v0.83.0/site/game/content-design/whole-journey-order.mjs
build	Upload complete canonical site	2026-09-22T20:43:38.9682086Z ./releases/v0.83.0/site/game/content-design/whole-journey-candidates.mjs
build	Upload complete canonical site	2026-09-22T20:43:38.9682622Z ./releases/v0.83.0/site/game/content-design/route-definition.mjs
build	Upload complete canonical site	2026-09-22T20:43:38.9683001Z ./releases/v0.83.0/site/game/content-design/apex-field-candidates.mjs
build	Upload complete canonical site	2026-09-22T20:43:38.9683361Z ./releases/v0.83.0/site/game/content-design/team-timed-entry.mjs
build	Upload complete canonical site	2026-09-22T20:43:38.9683719Z ./releases/v0.83.0/site/game/content-design/apex-spatial-candidates.mjs
build	Upload complete canonical site	2026-09-22T20:43:38.9684039Z ./releases/v0.83.0/site/game/enemy-guide.mjs
build	Upload complete canonical site	2026-09-22T20:43:38.9684291Z ./releases/v0.83.0/site/game/touch-controls.mjs
build	Upload complete canonical site	2026-09-22T20:43:38.9705554Z ./releases/v0.83.0/site/game/build-config.json
build	Upload complete canonical site	2026-09-22T20:43:38.9705915Z ./releases/v0.83.0/site/game/mode-return.mjs
build	Upload complete canonical site	2026-09-22T20:43:38.9706276Z ./releases/v0.83.0/site/game/soundtrack-portable.mjs
build	Upload complete canonical site	2026-09-22T20:43:38.9706701Z ./releases/v0.83.0/site/game/optional-chapters.mjs
build	Upload complete canonical site	2026-09-22T20:43:38.9707153Z ./releases/v0.83.0/site/game/external-chapter-source.mjs
build	Upload complete canonical site	2026-09-22T20:43:38.9707915Z ./releases/v0.83.0/site/game/input-presentation.mjs
build	Upload complete canonical site	2026-09-22T20:43:38.9708335Z ./releases/v0.83.0/site/game/story-bindings.mjs
build	Upload complete canonical site	2026-09-22T20:43:38.9708776Z ./releases/v0.83.0/site/game/profile-recovery-catalogs.mjs
build	Upload complete canonical site	2026-09-22T20:43:38.9709223Z ./releases/v0.83.0/site/game/profile-writer.mjs
build	Upload complete canonical site	2026-09-22T20:43:38.9709774Z ./releases/v0.83.0/site/game/story-bundle.mjs
build	Upload complete canonical site	2026-09-22T20:43:38.9710140Z ./releases/v0.83.0/site/game/data-json.mjs
build	Upload complete canonical site	2026-09-22T20:43:38.9710537Z ./releases/v0.83.0/site/game/story-storage-record.mjs
build	Upload complete canonical site	2026-09-22T20:43:38.9710942Z ./releases/v0.83.0/site/game/generator.mjs
build	Upload complete canonical site	2026-09-22T20:43:38.9711297Z ./releases/v0.83.0/site/game/presentation/
build	Upload complete canonical site	2026-09-22T20:43:38.9711631Z ./releases/v0.83.0/site/game/presentation/combat-review.html
build	Upload complete canonical site	2026-09-22T20:43:38.9711957Z ./releases/v0.83.0/site/game/presentation/release-pictures.mjs
build	Upload complete canonical site	2026-09-22T20:43:38.9712328Z ./releases/v0.83.0/site/game/presentation/journey-visual-theme-identities.mjs
build	Upload complete canonical site	2026-09-22T20:43:38.9712683Z ./releases/v0.83.0/site/game/presentation/combat-review.css
build	Upload complete canonical site	2026-09-22T20:43:38.9712979Z ./releases/v0.83.0/site/game/presentation/host.mjs
build	Upload complete canonical site	2026-09-22T20:43:38.9713258Z ./releases/v0.83.0/site/game/presentation/runtime.mjs
build	Upload complete canonical site	2026-09-22T20:43:38.9713540Z ./releases/v0.83.0/site/game/presentation/page-entry.mjs
build	Upload complete canonical site	2026-09-22T20:43:38.9713865Z ./releases/v0.83.0/site/game/presentation/session-picture-view.mjs
build	Upload complete canonical site	2026-09-22T20:43:38.9714182Z ./releases/v0.83.0/site/game/presentation/current-art.mjs
build	Upload complete canonical site	2026-09-22T20:43:38.9714468Z ./releases/v0.83.0/site/game/presentation/pixel-art.mjs
build	Upload complete canonical site	2026-09-22T20:43:38.9714756Z ./releases/v0.83.0/site/game/presentation/dom-ownership.mjs
build	Upload complete canonical site	2026-09-22T20:43:38.9715292Z ./releases/v0.83.0/site/game/presentation/journey-actor-materials.mjs
build	Upload complete canonical site	2026-09-22T20:43:38.9715675Z ./releases/v0.83.0/site/game/presentation/current-art-sources.mjs
build	Upload complete canonical site	2026-09-22T20:43:38.9715987Z ./releases/v0.83.0/site/game/presentation/menu-styles.mjs
build	Upload complete canonical site	2026-09-22T20:43:38.9716270Z ./releases/v0.83.0/site/game/presentation/catalog.mjs
build	Upload complete canonical site	2026-09-22T20:43:38.9716583Z ./releases/v0.83.0/site/game/presentation/visual-theme-identities.mjs
build	Upload complete canonical site	2026-09-22T20:43:38.9716903Z ./releases/v0.83.0/site/game/presentation/studio-store.mjs
build	Upload complete canonical site	2026-09-22T20:43:38.9717227Z ./releases/v0.83.0/site/game/presentation/current-picture-baselines.mjs
build	Upload complete canonical site	2026-09-22T20:43:38.9717569Z ./releases/v0.83.0/site/game/presentation/published-studio.mjs
build	Upload complete canonical site	2026-09-22T20:43:38.9717886Z ./releases/v0.83.0/site/game/presentation/sprite-editor.mjs
build	Upload complete canonical site	2026-09-22T20:43:38.9718190Z ./releases/v0.83.0/site/game/presentation/compiled/
build	Upload complete canonical site	2026-09-22T20:43:38.9718510Z ./releases/v0.83.0/site/game/presentation/compiled/manifest.json
build	Upload complete canonical site	2026-09-22T20:43:38.9718842Z ./releases/v0.83.0/site/game/presentation/compiled/runtime.json
build	Upload complete canonical site	2026-09-22T20:43:38.9719176Z ./releases/v0.83.0/site/game/presentation/compiled/studio.json
build	Upload complete canonical site	2026-09-22T20:43:38.9729129Z ./releases/v0.83.0/site/game/presentation/compiled/assets/
build	Upload complete canonical site	2026-09-22T20:43:38.9729933Z ./releases/v0.83.0/site/game/presentation/compiled/assets/47033ec2cd3b56345394bc13bbb7b10579419559d1e41160d02f8f3eea368672.png
build	Upload complete canonical site	2026-09-22T20:43:38.9731060Z ./releases/v0.83.0/site/game/presentation/compiled/assets/aa2e8583a56b36b5357e5462aee6b010b5b894626929afbc553c683462ce42cf.png
build	Upload complete canonical site	2026-09-22T20:43:38.9732191Z ./releases/v0.83.0/site/game/presentation/compiled/assets/9b6313464e6e6f26dff9b98405fba899dcd0c6a614fde6df8ed1a2d835c73f34.png
build	Upload complete canonical site	2026-09-22T20:43:38.9733310Z ./releases/v0.83.0/site/game/presentation/compiled/assets/fedb83171e9c894c8cbc446d4fb2bf460359b587068a33d0e108b14e185a0adc.png
build	Upload complete canonical site	2026-09-22T20:43:38.9734435Z ./releases/v0.83.0/site/game/presentation/compiled/assets/d22b1070efad07ed1e6f9d8e42d3dc7e19922478e7abedad3f08d55e53cf065c.png
build	Upload complete canonical site	2026-09-22T20:43:38.9735692Z ./releases/v0.83.0/site/game/presentation/compiled/assets/8b557a3e23bcbf550c01b5fe77618bc6ab31cce51835e80ad807023f2fc8fa47.png
build	Upload complete canonical site	2026-09-22T20:43:38.9736790Z ./releases/v0.83.0/site/game/presentation/compiled/assets/ad53247e6be0c1c2a3080a8ebabd0ca24b1394be0caa109138926e821b08ae35.png
build	Upload complete canonical site	2026-09-22T20:43:38.9737464Z ./releases/v0.83.0/site/game/presentation/compiled/assets/2ff89ae01c04bfc698892ec3a35610b7975a6f36596ddd7ddeedbecef248d5d4.png
build	Upload complete canonical site	2026-09-22T20:43:38.9738271Z ./releases/v0.83.0/site/game/presentation/compiled/assets/2444795bb19516949a98519f0e23f9cdf64b454f01a0bb297521d17b5af376da.png
build	Upload complete canonical site	2026-09-22T20:43:38.9738924Z ./releases/v0.83.0/site/game/presentation/compiled/assets/05af7a73b7dadc8821cecccf0abb4f763dafae7ad21500a3293957fa88ed7d76.png
build	Upload complete canonical site	2026-09-22T20:43:38.9740107Z ./releases/v0.83.0/site/game/presentation/compiled/assets/0498bcb48294756b5ac9062290e1639e907b1ec69b5dc2e8cfdec3fab58e0bc8.woff2
build	Upload complete canonical site	2026-09-22T20:43:38.9741241Z ./releases/v0.83.0/site/game/presentation/compiled/assets/e325a3a5b3647614bffa5432779f4ade7e865158e384888888f83b073aff033c.png
build	Upload complete canonical site	2026-09-22T20:43:38.9742367Z ./releases/v0.83.0/site/game/presentation/compiled/assets/827da59e870daf2e8548168399449bd894b4cdf7953a1f8ca48a7ed6df8f8d91.png
build	Upload complete canonical site	2026-09-22T20:43:38.9743480Z ./releases/v0.83.0/site/game/presentation/compiled/assets/779f36cccce55fd90340acbad1a1cbe03639cd1f98f66d25eaac3c8b0036c31b.png
build	Upload complete canonical site	2026-09-22T20:43:38.9744593Z ./releases/v0.83.0/site/game/presentation/compiled/assets/4f56a78772cd7363a2992a8252e4dc629638dad705a9b981d4561830117f511e.png
build	Upload complete canonical site	2026-09-22T20:43:38.9745833Z ./releases/v0.83.0/site/game/presentation/compiled/assets/1bd3c9c57cc8790ccbf6f0fd33517d6d1a5520de93e38a99722ed4ee915758ab.png
build	Upload complete canonical site	2026-09-22T20:43:38.9746951Z ./releases/v0.83.0/site/game/presentation/compiled/assets/70dcff8faa588f074e529704a7d6024fe0a7590b18afa6059488fb505ce4a5f7.png
build	Upload complete canonical site	2026-09-22T20:43:38.9748049Z ./releases/v0.83.0/site/game/presentation/compiled/assets/53f1206a11a8791892f5c844c0641529acbc2c09c8d558676d0d801d72113850.png
build	Upload complete canonical site	2026-09-22T20:43:38.9749143Z ./releases/v0.83.0/site/game/presentation/compiled/assets/85bb90c58fb61a1fdd212316f223dad209d374386e1aad14f044df4c1ea2af7e.png
build	Upload complete canonical site	2026-09-22T20:43:38.9750254Z ./releases/v0.83.0/site/game/presentation/compiled/assets/bd423baa7b3b4f073251d5c8291aa78ee11c341926d27f9f211aa278bc7557f6.png
build	Upload complete canonical site	2026-09-22T20:43:38.9751359Z ./releases/v0.83.0/site/game/presentation/compiled/assets/f7495ea7b56215ba88c7d465fa6ad9ab22121695e4c674cf183b65ef6d400ae0.png
build	Upload complete canonical site	2026-09-22T20:43:38.9752489Z ./releases/v0.83.0/site/game/presentation/compiled/assets/cca9df45b2dde64684489deab8f8d2ab8d5a08dab0ec0efc8455786a231c2a04.png
build	Upload complete canonical site	2026-09-22T20:43:38.9753613Z ./releases/v0.83.0/site/game/presentation/compiled/assets/c3cd0a0f9997f28d1a295de1c8995ebe81bf782acb1c033036371c49fc40a08e.png
build	Upload complete canonical site	2026-09-22T20:43:38.9754726Z ./releases/v0.83.0/site/game/presentation/compiled/assets/8fe3df81db48bf682862a06c8f7434365ff49151a2a72a94c0a85ea85a3adf27.png
build	Upload complete canonical site	2026-09-22T20:43:38.9755948Z ./releases/v0.83.0/site/game/presentation/compiled/assets/8664f0283f54db86f6800fb2056045574ff79a5f490f415b3a8929112d8a7d26.png
build	Upload complete canonical site	2026-09-22T20:43:38.9757051Z ./releases/v0.83.0/site/game/presentation/compiled/assets/5cda580ceefd258918dcf6c49f0f8ad68966999c153a876fb01c2f171b659420.png
build	Upload complete canonical site	2026-09-22T20:43:38.9758162Z ./releases/v0.83.0/site/game/presentation/compiled/assets/8d445857cc63417a2b4a9468c854e4ffed3828b3cd1a90cdd8d4f8c951be88f4.png
build	Upload complete canonical site	2026-09-22T20:43:38.9759301Z ./releases/v0.83.0/site/game/presentation/compiled/assets/fce2dc8f15375b66d336c1defbca23dfb2310301b62c822206a0a013d19601ef.woff2
build	Upload complete canonical site	2026-09-22T20:43:38.9760429Z ./releases/v0.83.0/site/game/presentation/compiled/assets/56fadf4288069b7f12e3e33b94c950baab873a1b576d87ad82673b0c5329dd76.png
build	Upload complete canonical site	2026-09-22T20:43:38.9761541Z ./releases/v0.83.0/site/game/presentation/compiled/assets/30957860bb1edac99c230a91a34eab8249b43497fda680707276c859f3bd5f0c.png
build	Upload complete canonical site	2026-09-22T20:43:38.9762671Z ./releases/v0.83.0/site/game/presentation/compiled/assets/df6e1a2a114dce2da1643a39d608d87ca79d1eaba70cfd62ac02892d0fadec6e.png
build	Upload complete canonical site	2026-09-22T20:43:38.9763780Z ./releases/v0.83.0/site/game/presentation/compiled/assets/44ebf8c1d8a028a919012f75978d025d1698aeb3d295c8813edc1a7ebae71868.png
build	Upload complete canonical site	2026-09-22T20:43:38.9764886Z ./releases/v0.83.0/site/game/presentation/compiled/assets/dda5900559255b1bad906b80a1b9a3cee914ba732f6dcb4fdb8b3c9bce50633f.png
build	Upload complete canonical site	2026-09-22T20:43:38.9766128Z ./releases/v0.83.0/site/game/presentation/compiled/assets/ff2e2defa02d62198a0be240fb16c8328d8be7c6aa9e3ec4516c7589edd83b22.png
build	Upload complete canonical site	2026-09-22T20:43:38.9767380Z ./releases/v0.83.0/site/game/presentation/compiled/assets/1aa1245d987000c889a47cd242c9ca976d620e48323cdde2a60358006718cc51.png
build	Upload complete canonical site	2026-09-22T20:43:38.9768478Z ./releases/v0.83.0/site/game/presentation/compiled/assets/d74c2e8c5713201203f7decea8d57881b657a2aa7b24ea00d182cbe4efa51b8d.png
build	Upload complete canonical site	2026-09-22T20:43:38.9769707Z ./releases/v0.83.0/site/game/presentation/compiled/assets/4edc2d90b443fbc191cbd741c824732113a590cd758e32d8e098c63eba4e70a9.png
build	Upload complete canonical site	2026-09-22T20:43:38.9770829Z ./releases/v0.83.0/site/game/presentation/compiled/assets/8535d7dec70f8fb64d3c0aa8ac919daa7609a477dada753b67429c9c7ae2cadb.png
build	Upload complete canonical site	2026-09-22T20:43:38.9771950Z ./releases/v0.83.0/site/game/presentation/compiled/assets/c0f4e7ca9de3a9f06637dbc8d5972b69b7e804f1bbd9579f5724d99a02c5c86b.png
build	Upload complete canonical site	2026-09-22T20:43:38.9773065Z ./releases/v0.83.0/site/game/presentation/compiled/assets/9f649ed85a5ff7d88996729975dfcb3b4df001474b02cd34114dcf4fc5e2b49c.png
build	Upload complete canonical site	2026-09-22T20:43:38.9774185Z ./releases/v0.83.0/site/game/presentation/compiled/assets/0b4b6717b5a2e7c27ad765544730193d1f798f8ccbc08879947f1a8b10e71121.png
build	Upload complete canonical site	2026-09-22T20:43:38.9775408Z ./releases/v0.83.0/site/game/presentation/compiled/assets/8a652da0dfc053d85190a2a0a17a27c43144c90a1cce5ae7883cb70f73df7c50.png
build	Upload complete canonical site	2026-09-22T20:43:38.9776523Z ./releases/v0.83.0/site/game/presentation/compiled/assets/c1aedf89bc3433dc1cb60998fa1e2563480a590c38586332f444c4c12c772fce.png
build	Upload complete canonical site	2026-09-22T20:43:38.9777655Z ./releases/v0.83.0/site/game/presentation/compiled/assets/4797c11d5e17c3f5f9b5b3fa96efb4fd2aabb877fb4d625dfc8eb7465464e145.woff2
build	Upload complete canonical site	2026-09-22T20:43:38.9778788Z ./releases/v0.83.0/site/game/presentation/compiled/assets/2a50c451fdee7c54d8bccf7a098f12bcdbdc15905856dc100c8e0d9e99629c33.png
build	Upload complete canonical site	2026-09-22T20:43:38.9779896Z ./releases/v0.83.0/site/game/presentation/compiled/assets/f3f58d09752c8e635e06145abc2460909f90ce2df664a8034a799e0bbe59c3ee.png
build	Upload complete canonical site	2026-09-22T20:43:38.9780819Z ./releases/v0.83.0/site/game/presentation/compiled/assets/e85e9aa8f56ba214bcdc9184feb99f526f1a89f66627ac0bf278bffa123dc7c9.png
build	Upload complete canonical site	2026-09-22T20:43:38.9781486Z ./releases/v0.83.0/site/game/presentation/compiled/assets/210d3b2ab32eaef632751e0333321b7e3e2a8571de758e9a02d1f350c483cf61.png
build	Upload complete canonical site	2026-09-22T20:43:38.9782135Z ./releases/v0.83.0/site/game/presentation/compiled/assets/7258c2453b49a52aaa2ba003c4e076eb7aa2d87d21abb6df65f5f5178f9f6a59.png
build	Upload complete canonical site	2026-09-22T20:43:38.9782783Z ./releases/v0.83.0/site/game/presentation/compiled/assets/ee156b11b8102f73615260895e66be4e420bd3d7c70aec7150b556cdc9999a1c.png
build	Upload complete canonical site	2026-09-22T20:43:38.9783492Z ./releases/v0.83.0/site/game/presentation/compiled/assets/535cf4dc9b21c9ff7f9c26d4bc0657e8d6820626551b4d34d82e332748e4d9e3.png
build	Upload complete canonical site	2026-09-22T20:43:38.9784595Z ./releases/v0.83.0/site/game/presentation/compiled/assets/2033ce4e45c2b164edc31e8680244deaa475783dca1aebc6262bfffcd3980eb2.png
build	Upload complete canonical site	2026-09-22T20:43:38.9785813Z ./releases/v0.83.0/site/game/presentation/compiled/assets/c234ea41a080121e73eeea20e3e3db5cfedcd4d4793bc31cf7cdfb2dad2a96ca.png
build	Upload complete canonical site	2026-09-22T20:43:38.9786959Z ./releases/v0.83.0/site/game/presentation/compiled/assets/1e3b7ea46131dbee8ca4601fd75862b04fda8ca4aa4b088d9811f5845e05eb7d.png
build	Upload complete canonical site	2026-09-22T20:43:38.9788077Z ./releases/v0.83.0/site/game/presentation/compiled/assets/57ee2976cb09f29863a4b3a2d8951574a93bf376eda64dbe2a171dc426d8391a.png
build	Upload complete canonical site	2026-09-22T20:43:38.9789181Z ./releases/v0.83.0/site/game/presentation/compiled/assets/7e696d173490ae948cead01a22c5650bc6ffef16c70c514ba6d88413d460a192.png
build	Upload complete canonical site	2026-09-22T20:43:38.9790293Z ./releases/v0.83.0/site/game/presentation/compiled/assets/b65d23a488db2a276f1332680fbf394b1aee685fffc42f0b093c01506041f143.png
build	Upload complete canonical site	2026-09-22T20:43:38.9791396Z ./releases/v0.83.0/site/game/presentation/compiled/assets/08512d067c5f322eb059dc45733fd61534b8bc530a9ebd8b33208d941a603922.png
build	Upload complete canonical site	2026-09-22T20:43:38.9792503Z ./releases/v0.83.0/site/game/presentation/compiled/assets/cae1523d150bbe69f65028676129ba9c51958f4561671c5d6dee1eecfb48b3b5.png
build	Upload complete canonical site	2026-09-22T20:43:38.9793490Z ./releases/v0.83.0/site/game/presentation/compiled/assets/8b5ebd66c72bc3a9ccc07c5dedaba2a8c556ea4e78ef1f17650cc99bc1eca666.png
build	Upload complete canonical site	2026-09-22T20:43:38.9794332Z ./releases/v0.83.0/site/game/presentation/compiled/assets/d9ee53a1cc344517624e80785e764da99fa8bd9b90d7f2b9b5d2ac52ff236a4b.png
build	Upload complete canonical site	2026-09-22T20:43:38.9795080Z ./releases/v0.83.0/site/game/presentation/compiled/assets/53fff7055c1021c80f93590ed4e028c85d59ea4cb2f06ac71644d29989fa2bd7.png
build	Upload complete canonical site	2026-09-22T20:43:38.9795832Z ./releases/v0.83.0/site/game/presentation/compiled/assets/3104d1433851b889c70bbf8fe4d4fecd2b99a3d57d099b402286948283711fb4.png
build	Upload complete canonical site	2026-09-22T20:43:38.9796479Z ./releases/v0.83.0/site/game/presentation/compiled/assets/78033ee190de99663e4b936e480562d4cc93d9e90190b529ef46d07877c43826.png
build	Upload complete canonical site	2026-09-22T20:43:38.9797113Z ./releases/v0.83.0/site/game/presentation/compiled/assets/27fca2383ecb60fe0019232ed3f384103f602e36fe583fbad4b018b0c20d08fe.png
build	Upload complete canonical site	2026-09-22T20:43:38.9797750Z ./releases/v0.83.0/site/game/presentation/compiled/assets/a3ad1f5a90f71164d77039f7052ce3403e684f1e9acecb0d3c86a7d456e9d509.png
build	Upload complete canonical site	2026-09-22T20:43:38.9798392Z ./releases/v0.83.0/site/game/presentation/compiled/assets/77a93635bc7d39976bbf571f056a68f75ef43e1b655b6512fd293b2b568306e3.png
build	Upload complete canonical site	2026-09-22T20:43:38.9799031Z ./releases/v0.83.0/site/game/presentation/compiled/assets/78294d66d340a9cc4036814defa9a291b8573949d79318823722b6f51c71fc14.png
build	Upload complete canonical site	2026-09-22T20:43:38.9799760Z ./releases/v0.83.0/site/game/presentation/compiled/assets/466b729b69035d65e5a95d5ef9c8d1c337e64a6af3b5fbdcf91cf74d3096d33b.png
build	Upload complete canonical site	2026-09-22T20:43:38.9800877Z ./releases/v0.83.0/site/game/presentation/compiled/assets/00b0f847cd1f80495615e3ada13899df67c6df05bf1f6d846ffc46cb3cc3fc5f.png
build	Upload complete canonical site	2026-09-22T20:43:38.9801722Z ./releases/v0.83.0/site/game/presentation/compiled/assets/526656d6f29126aaec7bc7d1abf0769d247b311039c8d069c7e2afc17d112747.png
build	Upload complete canonical site	2026-09-22T20:43:38.9802379Z ./releases/v0.83.0/site/game/presentation/compiled/assets/ccdfe41a2adaf920c64d99f665d19d9ca6ddc2ea5251ea24bdd63beb2dfc68bd.png
build	Upload complete canonical site	2026-09-22T20:43:38.9803031Z ./releases/v0.83.0/site/game/presentation/compiled/assets/02b4ab6f9e8339b921ac83fa0f72e334ab98edc82a46ae5b70499d4ea5dfb872.png
build	Upload complete canonical site	2026-09-22T20:43:38.9803700Z ./releases/v0.83.0/site/game/presentation/compiled/assets/2617aa19f98e0a455046c229a9abcb678efeaa76c07ebe5ce07cb8b00d4d65bf.png
build	Upload complete canonical site	2026-09-22T20:43:38.9804340Z ./releases/v0.83.0/site/game/presentation/compiled/assets/97986545bbd0dd978d7c5cd2b3511b800cb082caf4a584416306b6c3f4283b54.png
build	Upload complete canonical site	2026-09-22T20:43:38.9805070Z ./releases/v0.83.0/site/game/presentation/compiled/assets/a07fe2df221cb042a05a7ef78716ae1809e9df5dd54d7dd550c91bd265f7f7fb.png
build	Upload complete canonical site	2026-09-22T20:43:38.9806200Z ./releases/v0.83.0/site/game/presentation/compiled/assets/5428ce32eb31d44ea4b04561d86cc65e31ce79fe50acce40beadfd1d2546b837.png
build	Upload complete canonical site	2026-09-22T20:43:38.9807366Z ./releases/v0.83.0/site/game/presentation/compiled/assets/2d0b8b6260f73e3fe008c5ac228021f681747183a586ed7ca9dde3906b22dcc3.png
build	Upload complete canonical site	2026-09-22T20:43:38.9808506Z ./releases/v0.83.0/site/game/presentation/compiled/assets/150ebf2c0817461fda33425c885488da7f4566b16a83947e94799d8da2df05e5.png
build	Upload complete canonical site	2026-09-22T20:43:38.9809222Z ./releases/v0.83.0/site/game/presentation/compiled/assets/de2406eaf230f4701c82249f0709f1238616cca532d2be1b02d3105503646c3c.png
build	Upload complete canonical site	2026-09-22T20:43:38.9809882Z ./releases/v0.83.0/site/game/presentation/compiled/assets/4c0ab153dd814ff806ff0d9a63bb1ef5ad9eac532f8f771d1288265d7327ec68.png
build	Upload complete canonical site	2026-09-22T20:43:38.9810523Z ./releases/v0.83.0/site/game/presentation/compiled/assets/d5227e40b6ef6c1d722bbfb09c828789facf18b0021d6e600a456fdd37ba7e11.png
build	Upload complete canonical site	2026-09-22T20:43:38.9811177Z ./releases/v0.83.0/site/game/presentation/compiled/assets/33955b0fafb24b5edab1d605d6b3a8453a0073438aa87785cc2376ec36953346.png
build	Upload complete canonical site	2026-09-22T20:43:38.9811827Z ./releases/v0.83.0/site/game/presentation/compiled/assets/5c51f6d7b29af2e8be90adc5d01257f1b5d34ac5aaf0bb533fd2088bd944b683.png
build	Upload complete canonical site	2026-09-22T20:43:38.9812475Z ./releases/v0.83.0/site/game/presentation/compiled/assets/43db178018db9727dc1d4f6f9231dbe2ad29fe6d75a6a84d5ed97b069e18e3a4.png
build	Upload complete canonical site	2026-09-22T20:43:38.9813127Z ./releases/v0.83.0/site/game/presentation/compiled/assets/9e865e30bb22014bc6cc20dd4038415f4b279164ab33c54d9682e7ffc9cf2c91.png
build	Upload complete canonical site	2026-09-22T20:43:38.9813893Z ./releases/v0.83.0/site/game/presentation/compiled/assets/713991ea5d2ba3bbc0f5115c6fdc98f337da90b657b0c43c7db1625073377f90.png
build	Upload complete canonical site	2026-09-22T20:43:38.9814540Z ./releases/v0.83.0/site/game/presentation/compiled/assets/53f17c3672c097ce79b63629e4dfbffe9d5a2ecacf4ac99ec67704538951d9fe.png
build	Upload complete canonical site	2026-09-22T20:43:38.9815396Z ./releases/v0.83.0/site/game/presentation/compiled/assets/e033d8a3118b42b870e2f6350f7ae960b6085b46beb32ae235881a53bfbdc066.png
build	Upload complete canonical site	2026-09-22T20:43:38.9816033Z ./releases/v0.83.0/site/game/presentation/compiled/assets/0839e0cac64adad321fb07518b14673091bbc1a61a836ff15ebf48510480bbbc.png
build	Upload complete canonical site	2026-09-22T20:43:38.9816690Z ./releases/v0.83.0/site/game/presentation/compiled/assets/326d159fab7ab655e40c493e5e3ae27713157b419788134f23363ef222ad27db.png
build	Upload complete canonical site	2026-09-22T20:43:38.9817336Z ./releases/v0.83.0/site/game/presentation/compiled/assets/6b5afa33051459550ead8fee06fb5e14c9eecf9648906dc1abb7fe7a2c69455c.png
build	Upload complete canonical site	2026-09-22T20:43:38.9818004Z ./releases/v0.83.0/site/game/presentation/compiled/assets/b0e9acf3605b9c5440328ef0bea6c0959efd03acdddbc4ac2cc5520e036457b6.png
build	Upload complete canonical site	2026-09-22T20:43:38.9818668Z ./releases/v0.83.0/site/game/presentation/compiled/assets/a25dc0c7e2f24a5451f3fbb0d24e90fdce796b274d8b54f238cbee0a26e8b857.png
build	Upload complete canonical site	2026-09-22T20:43:38.9819307Z ./releases/v0.83.0/site/game/presentation/compiled/assets/cea04fc27e33583748da59f8bc873505d15b8c37745f0b30b5a4415f4d7c87cb.png
build	Upload complete canonical site	2026-09-22T20:43:38.9819957Z ./releases/v0.83.0/site/game/presentation/compiled/assets/72b6c93f47090f3a3724223477e22cbc461132329768e70b82cdb87d85a72052.png
build	Upload complete canonical site	2026-09-22T20:43:38.9820594Z ./releases/v0.83.0/site/game/presentation/compiled/assets/9ad64ed82783ba763f61fe954e3cdc8c360df472c8d035ef74579670d2649bba.png
build	Upload complete canonical site	2026-09-22T20:43:38.9821235Z ./releases/v0.83.0/site/game/presentation/compiled/assets/efef00b62e24bc89315f26fe888d64658bb63cfcce3eeb047645c812903d3e3f.png
build	Upload complete canonical site	2026-09-22T20:43:38.9821885Z ./releases/v0.83.0/site/game/presentation/compiled/assets/9ef850d87a46eee28cbfa3df8f2d2945673b8bf5dc2fdcc4edf1840175e3f7a1.png
build	Upload complete canonical site	2026-09-22T20:43:38.9822528Z ./releases/v0.83.0/site/game/presentation/compiled/assets/0ae5d58c1169056d086892937112a4605d56ca11b6d11e701d1e7796b18a6af7.png
build	Upload complete canonical site	2026-09-22T20:43:38.9823162Z ./releases/v0.83.0/site/game/presentation/compiled/assets/d4690eb2839e8f90a4ac105502c5b22c1b1cceb643c5d2593ca3a4e61d6aa008.png
build	Upload complete canonical site	2026-09-22T20:43:38.9823804Z ./releases/v0.83.0/site/game/presentation/compiled/assets/f03dc7d839fef8d53cae7b29cc106dd094c976af6e3758d71110bf0d47140efa.png
build	Upload complete canonical site	2026-09-22T20:43:38.9824459Z ./releases/v0.83.0/site/game/presentation/compiled/assets/d76f309d8385cd5d20fc2fff72b7f3abc19299cccdde767d76dd9f4a4960929d.png
build	Upload complete canonical site	2026-09-22T20:43:38.9825237Z ./releases/v0.83.0/site/game/presentation/compiled/assets/044bfaa980686917e6715e3919617a516ee1585e38dd8a63154301eba23d4118.png
build	Upload complete canonical site	2026-09-22T20:43:38.9826315Z ./releases/v0.83.0/site/game/presentation/compiled/assets/cc1bc2077c62d4cea9aeba86c00d0185b3c93f7c7dfceaede414dc105859196f.png
build	Upload complete canonical site	2026-09-22T20:43:38.9826990Z ./releases/v0.83.0/site/game/presentation/compiled/assets/4213f1ac958d600b68f4aa1aa0171d8f5e7a10ca2422154f88cc9b58bda9c0c1.png
build	Upload complete canonical site	2026-09-22T20:43:38.9827638Z ./releases/v0.83.0/site/game/presentation/compiled/assets/9c181b9009de288e0ed3349ab0bda4908e67c92587946517115b9231d5ea65b8.png
build	Upload complete canonical site	2026-09-22T20:43:38.9828276Z ./releases/v0.83.0/site/game/presentation/compiled/assets/3fa6527474d2da84fed128052df7ee8ac2b34a25eaf5a162d21be849a12fd65c.png
build	Upload complete canonical site	2026-09-22T20:43:38.9828926Z ./releases/v0.83.0/site/game/presentation/compiled/assets/40172d186e595959d100dd0e7e52a78906e904300d93c8c0958d82b6f3b91ff0.png
build	Upload complete canonical site	2026-09-22T20:43:38.9829557Z ./releases/v0.83.0/site/game/presentation/compiled/assets/83b8dea4de4fad710942a60c18f03c34849df904a45edb0316b6287c3770fb3c.png
build	Upload complete canonical site	2026-09-22T20:43:38.9830195Z ./releases/v0.83.0/site/game/presentation/compiled/assets/e35ca174c360d5a572c72e6be448666cf3da1438cf0d91f8ea7ff8c221b8eb5e.png
build	Upload complete canonical site	2026-09-22T20:43:38.9830837Z ./releases/v0.83.0/site/game/presentation/compiled/assets/398eaf8dc2f88a2b1a3bc4d2ae5c603f54fd5daa96c9c9c02637bdd4c488e697.png
build	Upload complete canonical site	2026-09-22T20:43:38.9831482Z ./releases/v0.83.0/site/game/presentation/compiled/assets/963bdc61942194177b4d0dac32ba560c0200f55c83f21d939356b8680b6f644c.png
build	Upload complete canonical site	2026-09-22T20:43:38.9832258Z ./releases/v0.83.0/site/game/presentation/compiled/assets/228285616ceb1d60be182f971790ee75a67c44a40a787d7d7ed275668a3005e4.png
build	Upload complete canonical site	2026-09-22T20:43:38.9832891Z ./releases/v0.83.0/site/game/presentation/compiled/assets/95b99a09686ab417503cd8444f6b485d1021b6ae3f8e9525a545faafd6254c9c.png
build	Upload complete canonical site	2026-09-22T20:43:38.9833637Z ./releases/v0.83.0/site/game/presentation/compiled/assets/084e63a13178e1736ac2eaa12af621d63a786eea4dc21ab5cae8c6acf96c8153.png
build	Upload complete canonical site	2026-09-22T20:43:38.9834279Z ./releases/v0.83.0/site/game/presentation/compiled/assets/ee325025999edc73751f62ee92adc73c02fe06d29680da5816f4785e014ef730.png
build	Upload complete canonical site	2026-09-22T20:43:38.9834915Z ./releases/v0.83.0/site/game/presentation/compiled/assets/94353c17fbc74e21655a3c556075885a144900b6c620ba7b37ab79beb31f246f.png
build	Upload complete canonical site	2026-09-22T20:43:38.9835933Z ./releases/v0.83.0/site/game/presentation/compiled/assets/0b5106ea19db098b6cf6068142510fd373731532e5052983e58bb343038404e6.png
build	Upload complete canonical site	2026-09-22T20:43:38.9836970Z ./releases/v0.83.0/site/game/presentation/compiled/assets/40a08a5524dbe269f6eddb019c55beebde3129ba270d97a5fa4d22015a07e0cc.png
build	Upload complete canonical site	2026-09-22T20:43:38.9838075Z ./releases/v0.83.0/site/game/presentation/compiled/assets/84461bcb3aca9dc91ace6a836df87a153a6c58d75b6a46b8988d9d835f68ad9f.png
build	Upload complete canonical site	2026-09-22T20:43:38.9839194Z ./releases/v0.83.0/site/game/presentation/compiled/assets/2d4e0eafa015c8e434082b8be0552556e0abfe057248233a701cac4d1b3f4cd0.png
build	Upload complete canonical site	2026-09-22T20:43:38.9840032Z ./releases/v0.83.0/site/game/presentation/compiled/assets/0233c5f399b93700594af044a5f56687a0742333d32b7bc54ef7122173f1dc65.png
build	Upload complete canonical site	2026-09-22T20:43:38.9840671Z ./releases/v0.83.0/site/game/presentation/compiled/assets/7954823e793dd6140528d271c12653fca559eda862ca83c4be73c6bfbdf9c26c.png
build	Upload complete canonical site	2026-09-22T20:43:38.9841312Z ./releases/v0.83.0/site/game/presentation/compiled/assets/544551f875b2fd52c41dbbd384d6710a80fb23d744ae8a9bca3353cd23752a48.png
build	Upload complete canonical site	2026-09-22T20:43:38.9841953Z ./releases/v0.83.0/site/game/presentation/compiled/assets/57744cbfe744bd50d932b1dba963539c11dbb176dc1e3171de46c34ea74d48a0.png
build	Upload complete canonical site	2026-09-22T20:43:38.9842599Z ./releases/v0.83.0/site/game/presentation/compiled/assets/9bc684f5da99a255c09d7cd6aac452859d5ec370d344a092901576bdc9405911.png
build	Upload complete canonical site	2026-09-22T20:43:38.9843082Z ./releases/v0.83.0/site/game/presentation/compiled/theme.css
build	Upload complete canonical site	2026-09-22T20:43:38.9843388Z ./releases/v0.83.0/site/game/presentation/page.mjs
build	Upload complete canonical site	2026-09-22T20:43:38.9843698Z ./releases/v0.83.0/site/game/presentation/visual-theme-catalogue.mjs
build	Upload complete canonical site	2026-09-22T20:43:38.9844048Z ./releases/v0.83.0/site/game/presentation/visual-theme-lease.mjs
build	Upload complete canonical site	2026-09-22T20:43:38.9844379Z ./releases/v0.83.0/site/game/presentation/journey-actor-review.html
build	Upload complete canonical site	2026-09-22T20:43:38.9844772Z ./releases/v0.83.0/site/game/presentation/session-release-pictures.mjs
build	Upload complete canonical site	2026-09-22T20:43:38.9845286Z ./releases/v0.83.0/site/game/presentation/studio-session.mjs
build	Upload complete canonical site	2026-09-22T20:43:38.9845610Z ./releases/v0.83.0/site/game/presentation/visual-theme-pin.mjs
build	Upload complete canonical site	2026-09-22T20:43:38.9845922Z ./releases/v0.83.0/site/game/presentation/combat-review.mjs
build	Upload complete canonical site	2026-09-22T20:43:38.9846244Z ./releases/v0.83.0/site/game/presentation/dependencies.mjs
build	Upload complete canonical site	2026-09-22T20:43:38.9846530Z ./releases/v0.83.0/site/game/presentation/model.mjs
build	Upload complete canonical site	2026-09-22T20:43:38.9846795Z ./releases/v0.83.0/site/game/presentation/icons.mjs
build	Upload complete canonical site	2026-09-22T20:43:38.9847101Z ./releases/v0.83.0/site/game/presentation/journey-actor-review.css
build	Upload complete canonical site	2026-09-22T20:43:38.9847443Z ./releases/v0.83.0/site/game/presentation/current-pictures.mjs
build	Upload complete canonical site	2026-09-22T20:43:38.9847739Z ./releases/v0.83.0/site/game/presentation/bundle.mjs
build	Upload complete canonical site	2026-09-22T20:43:38.9848037Z ./releases/v0.83.0/site/game/presentation/journey-actor-review.mjs
build	Upload complete canonical site	2026-09-22T20:43:38.9848333Z ./releases/v0.83.0/site/game/soundtrack-rights.mjs
build	Upload complete canonical site	2026-09-22T20:43:38.9848594Z ./releases/v0.83.0/site/game/content.mjs
build	Upload complete canonical site	2026-09-22T20:43:38.9848836Z ./releases/v0.83.0/site/game/mastery-equipment.mjs
build	Upload complete canonical site	2026-09-22T20:43:38.9849105Z ./releases/v0.83.0/site/game/profile-channel-json.mjs
build	Upload complete canonical site	2026-09-22T20:43:38.9849378Z ./releases/v0.83.0/site/game/enemy-presentations.mjs
build	Upload complete canonical site	2026-09-22T20:43:38.9849818Z ./releases/v0.83.0/site/game/vendor/
build	Upload complete canonical site	2026-09-22T20:43:38.9850073Z ./releases/v0.83.0/site/game/vendor/PHASER-LICENSE.md
build	Upload complete canonical site	2026-09-22T20:43:38.9850351Z ./releases/v0.83.0/site/game/vendor/phaser-4.2.1.min.js
build	Upload complete canonical site	2026-09-22T20:43:38.9850628Z ./releases/v0.83.0/site/game/managed-media-store.mjs
build	Upload complete canonical site	2026-09-22T20:43:38.9851007Z ./releases/v0.83.0/site/game/mastery-verification.mjs
build	Upload complete canonical site	2026-09-22T20:43:38.9851263Z ./releases/v0.83.0/site/game/replays/
build	Upload complete canonical site	2026-09-22T20:43:38.9851521Z ./releases/v0.83.0/site/game/replays/expansion-routes.json
build	Upload complete canonical site	2026-09-22T20:43:38.9851835Z ./releases/v0.83.0/site/game/replays/first-light-routes.json
build	Upload complete canonical site	2026-09-22T20:43:38.9852148Z ./releases/v0.83.0/site/game/replays/fieldcraft-routes.json
build	Upload complete canonical site	2026-09-22T20:43:38.9852459Z ./releases/v0.83.0/site/game/replays/fpv-arcade-r2-routes.json
build	Upload complete canonical site	2026-09-22T20:43:38.9852801Z ./releases/v0.83.0/site/game/replays/first-light-gentle-routes.json
build	Upload complete canonical site	2026-09-22T20:43:38.9853174Z ./releases/v0.83.0/site/game/replays/campaign-routes.json
build	Upload complete canonical site	2026-09-22T20:43:38.9853470Z ./releases/v0.83.0/site/game/replays/gentle-routes.json
build	Upload complete canonical site	2026-09-22T20:43:38.9853764Z ./releases/v0.83.0/site/game/replays/fpv-arcade-r3-routes.json
build	Upload complete canonical site	2026-09-22T20:43:38.9854069Z ./releases/v0.83.0/site/game/replays/fpv-arcade-r5-routes.json
build	Upload complete canonical site	2026-09-22T20:43:38.9854374Z ./releases/v0.83.0/site/game/replays/sentinel-routes.json
build	Upload complete canonical site	2026-09-22T20:43:38.9854651Z ./releases/v0.83.0/site/game/replays/homeward-routes.json
build	Upload complete canonical site	2026-09-22T20:43:38.9855075Z ./releases/v0.83.0/site/game/replays/classic-lab-routes.json
build	Upload complete canonical site	2026-09-22T20:43:38.9855399Z ./releases/v0.83.0/site/game/replays/fpv-arcade-r4-routes.json
build	Upload complete canonical site	2026-09-22T20:43:38.9855704Z ./releases/v0.83.0/site/game/flight-media-pins.mjs
build	Upload complete canonical site	2026-09-22T20:43:38.9856053Z ./releases/v0.83.0/site/game/controller-lab/
build	Upload complete canonical site	2026-09-22T20:43:38.9856453Z ./releases/v0.83.0/site/game/controller-lab/reading-practice.json
build	Upload complete canonical site	2026-09-22T20:43:38.9856765Z ./releases/v0.83.0/site/game/controller-lab/index.html
build	Upload complete canonical site	2026-09-22T20:43:38.9857047Z ./releases/v0.83.0/site/game/controller-lab/lab.mjs
build	Upload complete canonical site	2026-09-22T20:43:38.9857462Z ./releases/v0.83.0/site/game/controller-lab/style.css
build	Upload complete canonical site	2026-09-22T20:43:38.9857850Z ./releases/v0.83.0/site/game/media-storage-record.mjs
build	Upload complete canonical site	2026-09-22T20:43:38.9858302Z ./releases/v0.83.0/site/game/enemy-catalog-scenarios.mjs
build	Upload complete canonical site	2026-09-22T20:43:38.9858567Z ./releases/v0.83.0/site/game/couch/
build	Upload complete canonical site	2026-09-22T20:43:38.9858842Z ./releases/v0.83.0/site/game/couch/couch-installed-chapters.mjs
build	Upload complete canonical site	2026-09-22T20:43:38.9859135Z ./releases/v0.83.0/site/game/couch/relay-rescue.mjs
build	Upload complete canonical site	2026-09-22T20:43:38.9859393Z ./releases/v0.83.0/site/game/couch/coop-ground.mjs
build	Upload complete canonical site	2026-09-22T20:43:38.9859659Z ./releases/v0.83.0/site/game/couch/coop-bonus-view.mjs
build	Upload complete canonical site	2026-09-22T20:43:38.9859935Z ./releases/v0.83.0/site/game/couch/couch-music-host.mjs
build	Upload complete canonical site	2026-09-22T20:43:38.9860193Z ./releases/v0.83.0/site/game/couch/couch.mjs
build	Upload complete canonical site	2026-09-22T20:43:38.9860463Z ./releases/v0.83.0/site/game/couch/coop-picture-image.mjs
build	Upload complete canonical site	2026-09-22T20:43:38.9860740Z ./releases/v0.83.0/site/game/couch/mode-entry.js
build	Upload complete canonical site	2026-09-22T20:43:38.9861016Z ./releases/v0.83.0/site/game/couch/coop-actor-layout.mjs
build	Upload complete canonical site	2026-09-22T20:43:38.9861280Z ./releases/v0.83.0/site/game/couch/couch-input.mjs
build	Upload complete canonical site	2026-09-22T20:43:38.9861565Z ./releases/v0.83.0/site/game/couch/coop-actor-presentation.mjs
build	Upload complete canonical site	2026-09-22T20:43:38.9861847Z ./releases/v0.83.0/site/game/couch/coop-view.mjs
build	Upload complete canonical site	2026-09-22T20:43:38.9862102Z ./releases/v0.83.0/site/game/couch/coop-feedback.mjs
build	Upload complete canonical site	2026-09-22T20:43:38.9862359Z ./releases/v0.83.0/site/game/couch/relay-rescue.html
build	Upload complete canonical site	2026-09-22T20:43:38.9862639Z ./releases/v0.83.0/site/game/couch/coop-picture-bindings.mjs
build	Upload complete canonical site	2026-09-22T20:43:38.9862951Z ./releases/v0.83.0/site/game/couch/couch-music-context.mjs
build	Upload complete canonical site	2026-09-22T20:43:38.9863256Z ./releases/v0.83.0/site/game/couch/candidate-team-pictures.mjs
build	Upload complete canonical site	2026-09-22T20:43:38.9863560Z ./releases/v0.83.0/site/game/couch/couch-static-pictures.mjs
build	Upload complete canonical site	2026-09-22T20:43:38.9863850Z ./releases/v0.83.0/site/game/couch/couch-music-library.mjs
build	Upload complete canonical site	2026-09-22T20:43:38.9864125Z ./releases/v0.83.0/site/game/couch/index.html
build	Upload complete canonical site	2026-09-22T20:43:38.9864536Z ./releases/v0.83.0/site/game/couch/coop-briefing.mjs
build	Upload complete canonical site	2026-09-22T20:43:38.9864923Z ./releases/v0.83.0/site/game/couch/couch-catalogue.mjs
build	Upload complete canonical site	2026-09-22T20:43:38.9865345Z ./releases/v0.83.0/site/game/couch/couch-shell.mjs
build	Upload complete canonical site	2026-09-22T20:43:38.9865606Z ./releases/v0.83.0/site/game/couch/team-entry.js
build	Upload complete canonical site	2026-09-22T20:43:38.9865993Z ./releases/v0.83.0/site/game/couch/team-discovery-pictures.mjs
build	Upload complete canonical site	2026-09-22T20:43:38.9866340Z ./releases/v0.83.0/site/game/couch/team-journey-actor-material.mjs
build	Upload complete canonical site	2026-09-22T20:43:38.9866652Z ./releases/v0.83.0/site/game/couch/candidate-pictures.mjs
build	Upload complete canonical site	2026-09-22T20:43:38.9866940Z ./releases/v0.83.0/site/game/couch/board-footprint.mjs
build	Upload complete canonical site	2026-09-22T20:43:38.9867214Z ./releases/v0.83.0/site/game/couch/coop-terrain-trail.mjs
build	Upload complete canonical site	2026-09-22T20:43:38.9867480Z ./releases/v0.83.0/site/game/couch/relay-rescue.css
build	Upload complete canonical site	2026-09-22T20:43:38.9867755Z ./releases/v0.83.0/site/game/couch/couch-music-session.mjs
build	Upload complete canonical site	2026-09-22T20:43:38.9868047Z ./releases/v0.83.0/site/game/couch/coop-import-source.mjs
build	Upload complete canonical site	2026-09-22T20:43:38.9868346Z ./releases/v0.83.0/site/game/couch/team-arena-preference.mjs
build	Upload complete canonical site	2026-09-22T20:43:38.9868648Z ./releases/v0.83.0/site/game/couch/couch-chapter-install.mjs
build	Upload complete canonical site	2026-09-22T20:43:38.9868919Z ./releases/v0.83.0/site/game/couch/couch.css
build	Upload complete canonical site	2026-09-22T20:43:38.9869186Z ./releases/v0.83.0/site/game/couch/team-discovery.mjs
build	Upload complete canonical site	2026-09-22T20:43:38.9869477Z ./releases/v0.83.0/site/game/couch/couch-release-picture.mjs
build	Upload complete canonical site	2026-09-22T20:43:38.9869773Z ./releases/v0.83.0/site/game/couch/coop-presentation.mjs
build	Upload complete canonical site	2026-09-22T20:43:38.9870044Z ./releases/v0.83.0/site/game/couch/couch-chapter.mjs
build	Upload complete canonical site	2026-09-22T20:43:38.9870300Z ./releases/v0.83.0/site/game/challenges.mjs
build	Upload complete canonical site	2026-09-22T20:43:38.9870548Z ./releases/v0.83.0/site/game/soundtrack-store.mjs
build	Upload complete canonical site	2026-09-22T20:43:38.9870811Z ./releases/v0.83.0/site/game/media-presentation.mjs
build	Upload complete canonical site	2026-09-22T20:43:38.9871179Z ./releases/v0.83.0/site/game/selection-bookmark.mjs
build	Upload complete canonical site	2026-09-22T20:43:38.9871538Z ./releases/v0.83.0/site/game/boot.css
build	Upload complete canonical site	2026-09-22T20:43:38.9871799Z ./releases/v0.83.0/site/game/audio-preferences.mjs
build	Upload complete canonical site	2026-09-22T20:43:38.9872191Z ./releases/v0.83.0/site/game/media-still.mjs
build	Upload complete canonical site	2026-09-22T20:43:38.9872571Z ./releases/v0.83.0/site/game/mastery-records.mjs
build	Upload complete canonical site	2026-09-22T20:43:38.9872918Z ./releases/v0.83.0/site/game/gallery-difficulty.mjs
build	Upload complete canonical site	2026-09-22T20:43:38.9873273Z ./releases/v0.83.0/site/game/video-poster.mjs
build	Upload complete canonical site	2026-09-22T20:43:38.9873647Z ./releases/v0.83.0/site/game/profile-shared-media.mjs
build	Upload complete canonical site	2026-09-22T20:43:38.9874144Z ./releases/v0.83.0/site/game/external-chapter-backup.mjs
build	Upload complete canonical site	2026-09-22T20:43:38.9874522Z ./releases/v0.83.0/site/game/content-launch.mjs
build	Upload complete canonical site	2026-09-22T20:43:38.9874896Z ./releases/v0.83.0/site/game/menu-style-preferences.mjs
build	Upload complete canonical site	2026-09-22T20:43:38.9875415Z ./releases/v0.83.0/site/game/soundtrack-source.mjs
build	Upload complete canonical site	2026-09-22T20:43:38.9875679Z ./releases/v0.83.0/site/game/profile-transfer.mjs
build	Upload complete canonical site	2026-09-22T20:43:38.9876086Z ./releases/v0.83.0/site/game/ui/
build	Upload complete canonical site	2026-09-22T20:43:38.9876370Z ./releases/v0.83.0/site/game/ui/first-flight-view.mjs
build	Upload complete canonical site	2026-09-22T20:43:38.9876826Z ./releases/v0.83.0/site/game/ui/preference-restoration.mjs
build	Upload complete canonical site	2026-09-22T20:43:38.9877229Z ./releases/v0.83.0/site/game/ui/touch-steering.mjs
build	Upload complete canonical site	2026-09-22T20:43:38.9877614Z ./releases/v0.83.0/site/game/ui/menu-appearance.mjs
build	Upload complete canonical site	2026-09-22T20:43:38.9878103Z ./releases/v0.83.0/site/game/ui/controller-practice-exit.mjs
build	Upload complete canonical site	2026-09-22T20:43:38.9878597Z ./releases/v0.83.0/site/game/ui/playground-tab-boundary.mjs
build	Upload complete canonical site	2026-09-22T20:43:38.9878986Z ./releases/v0.83.0/site/game/ui/controller-settings.css
build	Upload complete canonical site	2026-09-22T20:43:38.9879476Z ./releases/v0.83.0/site/game/ui/practice-navigation.mjs
build	Upload complete canonical site	2026-09-22T20:43:38.9879799Z ./releases/v0.83.0/site/game/ui/workshop-return.mjs
build	Upload complete canonical site	2026-09-22T20:43:38.9880193Z ./releases/v0.83.0/site/game/ui/first-flight-entry.mjs
build	Upload complete canonical site	2026-09-22T20:43:38.9880604Z ./releases/v0.83.0/site/game/ui/story-dialog.css
build	Upload complete canonical site	2026-09-22T20:43:38.9881012Z ./releases/v0.83.0/site/game/ui/mode-choice.css
build	Upload complete canonical site	2026-09-22T20:43:38.9881311Z ./releases/v0.83.0/site/game/ui/enemy-catalog-panel.css
build	Upload complete canonical site	2026-09-22T20:43:38.9881653Z ./releases/v0.83.0/site/game/ui/enemy-guide.mjs
build	Upload complete canonical site	2026-09-22T20:43:38.9882155Z ./releases/v0.83.0/site/game/ui/operation-focus.mjs
build	Upload complete canonical site	2026-09-22T20:43:38.9882418Z ./releases/v0.83.0/site/game/ui/device-controls.css
build	Upload complete canonical site	2026-09-22T20:43:38.9882767Z ./releases/v0.83.0/site/game/ui/presentation-image.mjs
build	Upload complete canonical site	2026-09-22T20:43:38.9883135Z ./releases/v0.83.0/site/game/ui/handheld-play.css
build	Upload complete canonical site	2026-09-22T20:43:38.9883623Z ./releases/v0.83.0/site/game/ui/library-panel.mjs
build	Upload complete canonical site	2026-09-22T20:43:38.9884037Z ./releases/v0.83.0/site/game/ui/field-kit-fonts.css
build	Upload complete canonical site	2026-09-22T20:43:38.9884427Z ./releases/v0.83.0/site/game/ui/game-shell.css
build	Upload complete canonical site	2026-09-22T20:43:38.9884816Z ./releases/v0.83.0/site/game/ui/menu-appearance.css
build	Upload complete canonical site	2026-09-22T20:43:38.9885308Z ./releases/v0.83.0/site/game/ui/field-kit-flow.css
build	Upload complete canonical site	2026-09-22T20:43:38.9885892Z ./releases/v0.83.0/site/game/ui/soundtrack-panel.css
build	Upload complete canonical site	2026-09-22T20:43:38.9886389Z ./releases/v0.83.0/site/game/ui/field-kit-surfaces.mjs
build	Upload complete canonical site	2026-09-22T20:43:38.9887144Z ./releases/v0.83.0/site/game/ui/flight-information-host.mjs
build	Upload complete canonical site	2026-09-22T20:43:38.9887777Z ./releases/v0.83.0/site/game/ui/picture-identity.mjs
build	Upload complete canonical site	2026-09-22T20:43:38.9888308Z ./releases/v0.83.0/site/game/ui/enemy-body-motion.mjs
build	Upload complete canonical site	2026-09-22T20:43:38.9888991Z ./releases/v0.83.0/site/game/ui/profile-recovery.css
build	Upload complete canonical site	2026-09-22T20:43:38.9889700Z ./releases/v0.83.0/site/game/ui/asset-studio-return.mjs
build	Upload complete canonical site	2026-09-22T20:43:38.9890337Z ./releases/v0.83.0/site/game/ui/optional-chapters-panel.mjs
build	Upload complete canonical site	2026-09-22T20:43:38.9902377Z ./releases/v0.83.0/site/game/ui/lane-presentation.mjs
build	Upload complete canonical site	2026-09-22T20:43:38.9902816Z ./releases/v0.83.0/site/game/ui/field-kit-components.css
build	Upload complete canonical site	2026-09-22T20:43:38.9903159Z ./releases/v0.83.0/site/game/ui/profile-recovery-dialog.mjs
build	Upload complete canonical site	2026-09-22T20:43:38.9903476Z ./releases/v0.83.0/site/game/ui/still-media-host.mjs
build	Upload complete canonical site	2026-09-22T20:43:38.9903776Z ./releases/v0.83.0/site/game/ui/flight-information-source.mjs
build	Upload complete canonical site	2026-09-22T20:43:38.9904115Z ./releases/v0.83.0/site/game/ui/player-body-layout.mjs
build	Upload complete canonical site	2026-09-22T20:43:38.9904402Z ./releases/v0.83.0/site/game/ui/enemy-catalog-input.mjs
build	Upload complete canonical site	2026-09-22T20:43:38.9904700Z ./releases/v0.83.0/site/game/ui/workshop-return-entry.mjs
build	Upload complete canonical site	2026-09-22T20:43:38.9905168Z ./releases/v0.83.0/site/game/ui/direct-tool-launch.js
build	Upload complete canonical site	2026-09-22T20:43:38.9905451Z ./releases/v0.83.0/site/game/ui/field-kit-copy.mjs
build	Upload complete canonical site	2026-09-22T20:43:38.9905711Z ./releases/v0.83.0/site/game/ui/relay-view.mjs
build	Upload complete canonical site	2026-09-22T20:43:38.9905988Z ./releases/v0.83.0/site/game/ui/first-flight-preview.mjs
build	Upload complete canonical site	2026-09-22T20:43:38.9906270Z ./releases/v0.83.0/site/game/ui/settings.css
build	Upload complete canonical site	2026-09-22T20:43:38.9906514Z ./releases/v0.83.0/site/game/ui/input.mjs
build	Upload complete canonical site	2026-09-22T20:43:38.9906769Z ./releases/v0.83.0/site/game/ui/storage-retention.mjs
build	Upload complete canonical site	2026-09-22T20:43:38.9907083Z ./releases/v0.83.0/site/game/ui/chapter-focus-clearance.mjs
build	Upload complete canonical site	2026-09-22T20:43:38.9907374Z ./releases/v0.83.0/site/game/ui/combat-view.mjs
build	Upload complete canonical site	2026-09-22T20:43:38.9907648Z ./releases/v0.83.0/site/game/ui/still-media-panel.css
build	Upload complete canonical site	2026-09-22T20:43:38.9907927Z ./releases/v0.83.0/site/game/ui/controller-boost-host.mjs
build	Upload complete canonical site	2026-09-22T20:43:38.9908200Z ./releases/v0.83.0/site/game/ui/mode-choice.mjs
build	Upload complete canonical site	2026-09-22T20:43:38.9908457Z ./releases/v0.83.0/site/game/ui/scene-art.mjs
build	Upload complete canonical site	2026-09-22T20:43:38.9908725Z ./releases/v0.83.0/site/game/ui/worlds-browser.mjs
build	Upload complete canonical site	2026-09-22T20:43:38.9909006Z ./releases/v0.83.0/site/game/ui/actor-presentation.mjs
build	Upload complete canonical site	2026-09-22T20:43:38.9909281Z ./releases/v0.83.0/site/game/ui/earned-picture.mjs
build	Upload complete canonical site	2026-09-22T20:43:38.9909548Z ./releases/v0.83.0/site/game/ui/pixel-theme.css
build	Upload complete canonical site	2026-09-22T20:43:38.9909803Z ./releases/v0.83.0/site/game/ui/retry-view.mjs
build	Upload complete canonical site	2026-09-22T20:43:38.9910064Z ./releases/v0.83.0/site/game/ui/operation-status.css
build	Upload complete canonical site	2026-09-22T20:43:38.9910371Z ./releases/v0.83.0/site/game/ui/flight-information-details.mjs
build	Upload complete canonical site	2026-09-22T20:43:38.9910677Z ./releases/v0.83.0/site/game/ui/audio-master.mjs
build	Upload complete canonical site	2026-09-22T20:43:38.9910960Z ./releases/v0.83.0/site/game/ui/journey-save-notice.mjs
build	Upload complete canonical site	2026-09-22T20:43:38.9911244Z ./releases/v0.83.0/site/game/ui/focus-clearance.mjs
build	Upload complete canonical site	2026-09-22T20:43:38.9911507Z ./releases/v0.83.0/site/game/ui/game-shell.mjs
build	Upload complete canonical site	2026-09-22T20:43:38.9911779Z ./releases/v0.83.0/site/game/ui/video-poster-workshop.mjs
build	Upload complete canonical site	2026-09-22T20:43:38.9912270Z ./releases/v0.83.0/site/game/ui/reading-input-prompt.mjs
build	Upload complete canonical site	2026-09-22T20:43:38.9912546Z ./releases/v0.83.0/site/game/ui/mission-gallery.mjs
build	Upload complete canonical site	2026-09-22T20:43:38.9912800Z ./releases/v0.83.0/site/game/ui/journey.css
build	Upload complete canonical site	2026-09-22T20:43:38.9913047Z ./releases/v0.83.0/site/game/ui/journey-backup.mjs
build	Upload complete canonical site	2026-09-22T20:43:38.9913410Z ./releases/v0.83.0/site/game/ui/key-settings.mjs
build	Upload complete canonical site	2026-09-22T20:43:38.9913700Z ./releases/v0.83.0/site/game/ui/content-studio-navigation.mjs
build	Upload complete canonical site	2026-09-22T20:43:38.9913995Z ./releases/v0.83.0/site/game/ui/event-feedback.mjs
build	Upload complete canonical site	2026-09-22T20:43:38.9914253Z ./releases/v0.83.0/site/game/ui/workshop-return.css
build	Upload complete canonical site	2026-09-22T20:43:38.9914532Z ./releases/v0.83.0/site/game/ui/directional-view.mjs
build	Upload complete canonical site	2026-09-22T20:43:38.9914821Z ./releases/v0.83.0/site/game/ui/profile-recovery-dialog.css
build	Upload complete canonical site	2026-09-22T20:43:38.9915200Z ./releases/v0.83.0/site/game/ui/offline-panel.mjs
build	Upload complete canonical site	2026-09-22T20:43:38.9915473Z ./releases/v0.83.0/site/game/ui/still-story-panel.mjs
build	Upload complete canonical site	2026-09-22T20:43:38.9915759Z ./releases/v0.83.0/site/game/ui/journey-chooser.mjs
build	Upload complete canonical site	2026-09-22T20:43:38.9916038Z ./releases/v0.83.0/site/game/ui/enemy-catalog-panel.mjs
build	Upload complete canonical site	2026-09-22T20:43:38.9916328Z ./releases/v0.83.0/site/game/ui/authored-mode-routes.mjs
build	Upload complete canonical site	2026-09-22T20:43:38.9916606Z ./releases/v0.83.0/site/game/ui/backup-set-panel.mjs
build	Upload complete canonical site	2026-09-22T20:43:38.9916884Z ./releases/v0.83.0/site/game/ui/controller-router.mjs
build	Upload complete canonical site	2026-09-22T20:43:38.9917146Z ./releases/v0.83.0/site/game/ui/foundation-view.mjs
build	Upload complete canonical site	2026-09-22T20:43:38.9917408Z ./releases/v0.83.0/site/game/ui/field-kit-tokens.css
build	Upload complete canonical site	2026-09-22T20:43:38.9917657Z ./releases/v0.83.0/site/game/ui/fonts/
build	Upload complete canonical site	2026-09-22T20:43:38.9917913Z ./releases/v0.83.0/site/game/ui/fonts/pixelify-sans/
build	Upload complete canonical site	2026-09-22T20:43:38.9918220Z ./releases/v0.83.0/site/game/ui/fonts/pixelify-sans/provenance.json
build	Upload complete canonical site	2026-09-22T20:43:38.9918571Z ./releases/v0.83.0/site/game/ui/fonts/pixelify-sans/METADATA.pb
build	Upload complete canonical site	2026-09-22T20:43:38.9918923Z ./releases/v0.83.0/site/game/ui/fonts/pixelify-sans/PixelifySans.ttf
build	Upload complete canonical site	2026-09-22T20:43:38.9919258Z ./releases/v0.83.0/site/game/ui/fonts/pixelify-sans/OFL.txt
build	Upload complete canonical site	2026-09-22T20:43:38.9919554Z ./releases/v0.83.0/site/game/ui/fonts/provenance.json
build	Upload complete canonical site	2026-09-22T20:43:38.9919823Z ./releases/v0.83.0/site/game/ui/fonts/METADATA.pb
build	Upload complete canonical site	2026-09-22T20:43:38.9920101Z ./releases/v0.83.0/site/game/ui/fonts/Tiny5-Regular.ttf
build	Upload complete canonical site	2026-09-22T20:43:38.9920388Z ./releases/v0.83.0/site/game/ui/fonts/field-kit/
build	Upload complete canonical site	2026-09-22T20:43:38.9920680Z ./releases/v0.83.0/site/game/ui/fonts/field-kit/provenance.json
build	Upload complete canonical site	2026-09-22T20:43:38.9921024Z ./releases/v0.83.0/site/game/ui/fonts/field-kit/handjet-display-600.woff2
build	Upload complete canonical site	2026-09-22T20:43:38.9921380Z ./releases/v0.83.0/site/game/ui/fonts/field-kit/exo2-ui-400-600.woff2
build	Upload complete canonical site	2026-09-22T20:43:38.9921734Z ./releases/v0.83.0/site/game/ui/fonts/field-kit/IBMPlexMono-OFL.txt
build	Upload complete canonical site	2026-09-22T20:43:38.9922066Z ./releases/v0.83.0/site/game/ui/fonts/field-kit/Handjet-OFL.txt
build	Upload complete canonical site	2026-09-22T20:43:38.9922403Z ./releases/v0.83.0/site/game/ui/fonts/field-kit/ibm-plex-mono-500.woff2
build	Upload complete canonical site	2026-09-22T20:43:38.9922739Z ./releases/v0.83.0/site/game/ui/fonts/field-kit/Exo2-OFL.txt
build	Upload complete canonical site	2026-09-22T20:43:38.9923041Z ./releases/v0.83.0/site/game/ui/fonts/OFL.txt
build	Upload complete canonical site	2026-09-22T20:43:38.9923309Z ./releases/v0.83.0/site/game/ui/enemy-guide.css
build	Upload complete canonical site	2026-09-22T20:43:38.9923583Z ./releases/v0.83.0/site/game/ui/first-flight-launch.mjs
build	Upload complete canonical site	2026-09-22T20:43:38.9923870Z ./releases/v0.83.0/site/game/ui/soundtrack-player.mjs
build	Upload complete canonical site	2026-09-22T20:43:38.9924143Z ./releases/v0.83.0/site/game/ui/mastery-view.mjs
build	Upload complete canonical site	2026-09-22T20:43:38.9924409Z ./releases/v0.83.0/site/game/ui/journey-save-cue.css
build	Upload complete canonical site	2026-09-22T20:43:38.9924674Z ./releases/v0.83.0/site/game/ui/terrain-feedback.mjs
build	Upload complete canonical site	2026-09-22T20:43:38.9925343Z ./releases/v0.83.0/site/game/ui/journey-save-cue.mjs
build	Upload complete canonical site	2026-09-22T20:43:38.9925692Z ./releases/v0.83.0/site/game/ui/audio.mjs
build	Upload complete canonical site	2026-09-22T20:43:38.9925958Z ./releases/v0.83.0/site/game/ui/still-media-preview.mjs
build	Upload complete canonical site	2026-09-22T20:43:38.9926265Z ./releases/v0.83.0/site/game/ui/optional-chapters-panel.css
build	Upload complete canonical site	2026-09-22T20:43:38.9926564Z ./releases/v0.83.0/site/game/ui/journey-reactions.mjs
build	Upload complete canonical site	2026-09-22T20:43:38.9926993Z ./releases/v0.83.0/site/game/ui/modal-navigation.mjs
build	Upload complete canonical site	2026-09-22T20:43:38.9927253Z ./releases/v0.83.0/site/game/ui/story-dialog.mjs
build	Upload complete canonical site	2026-09-22T20:43:38.9927543Z ./releases/v0.83.0/site/game/ui/flight-information-bridge.mjs
build	Upload complete canonical site	2026-09-22T20:43:38.9927835Z ./releases/v0.83.0/site/game/ui/profile-recovery.mjs
build	Upload complete canonical site	2026-09-22T20:43:38.9928219Z ./releases/v0.83.0/site/game/ui/encounter-view.mjs
build	Upload complete canonical site	2026-09-22T20:43:38.9928526Z ./releases/v0.83.0/site/game/ui/content-studio-navigation-entry.mjs
build	Upload complete canonical site	2026-09-22T20:43:38.9928841Z ./releases/v0.83.0/site/game/ui/still-media-catalog.mjs
build	Upload complete canonical site	2026-09-22T20:43:38.9929108Z ./releases/v0.83.0/site/game/ui/tool-display.mjs
build	Upload complete canonical site	2026-09-22T20:43:38.9929370Z ./releases/v0.83.0/site/game/ui/backup-set.css
build	Upload complete canonical site	2026-09-22T20:43:38.9929623Z ./releases/v0.83.0/site/game/ui/player-locator.mjs
build	Upload complete canonical site	2026-09-22T20:43:38.9929877Z ./releases/v0.83.0/site/game/ui/music-credit.mjs
build	Upload complete canonical site	2026-09-22T20:43:38.9930132Z ./releases/v0.83.0/site/game/ui/mission-picker.css
build	Upload complete canonical site	2026-09-22T20:43:38.9930388Z ./releases/v0.83.0/site/game/ui/victory-story.mjs
build	Upload complete canonical site	2026-09-22T20:43:38.9930659Z ./releases/v0.83.0/site/game/ui/mission-thumbnails.mjs
build	Upload complete canonical site	2026-09-22T20:43:38.9930932Z ./releases/v0.83.0/site/game/ui/controller-reading.mjs
build	Upload complete canonical site	2026-09-22T20:43:38.9931227Z ./releases/v0.83.0/site/game/ui/flight-information-details.css
build	Upload complete canonical site	2026-09-22T20:43:38.9931531Z ./releases/v0.83.0/site/game/ui/controller-preview.mjs
build	Upload complete canonical site	2026-09-22T20:43:38.9931809Z ./releases/v0.83.0/site/game/ui/combat-presentation.mjs
build	Upload complete canonical site	2026-09-22T20:43:38.9932082Z ./releases/v0.83.0/site/game/ui/operation-status.mjs
build	Upload complete canonical site	2026-09-22T20:43:38.9932343Z ./releases/v0.83.0/site/game/ui/mission-picker.mjs
build	Upload complete canonical site	2026-09-22T20:43:38.9932604Z ./releases/v0.83.0/site/game/ui/result-picture.mjs
build	Upload complete canonical site	2026-09-22T20:43:38.9932890Z ./releases/v0.83.0/site/game/ui/candidate-flight-pictures.mjs
build	Upload complete canonical site	2026-09-22T20:43:38.9933205Z ./releases/v0.83.0/site/game/ui/session-originals-export.mjs
build	Upload complete canonical site	2026-09-22T20:43:38.9933495Z ./releases/v0.83.0/site/game/ui/foundation-feedback.mjs
build	Upload complete canonical site	2026-09-22T20:43:38.9933759Z ./releases/v0.83.0/site/game/ui/fullscreen.mjs
build	Upload complete canonical site	2026-09-22T20:43:38.9934015Z ./releases/v0.83.0/site/game/ui/menu-style-controls.mjs
build	Upload complete canonical site	2026-09-22T20:43:38.9934280Z ./releases/v0.83.0/site/game/ui/soundtrack-panel.mjs
build	Upload complete canonical site	2026-09-22T20:43:38.9934543Z ./releases/v0.83.0/site/game/ui/tool-display-entry.mjs
build	Upload complete canonical site	2026-09-22T20:43:38.9934819Z ./releases/v0.83.0/site/game/ui/enemy-body-assets.mjs
build	Upload complete canonical site	2026-09-22T20:43:38.9935285Z ./releases/v0.83.0/site/game/ui/art/
build	Upload complete canonical site	2026-09-22T20:43:38.9935520Z ./releases/v0.83.0/site/game/ui/art/field-kit/
build	Upload complete canonical site	2026-09-22T20:43:38.9935780Z ./releases/v0.83.0/site/game/ui/art/field-kit/prepared/
build	Upload complete canonical site	2026-09-22T20:43:38.9936114Z ./releases/v0.83.0/site/game/ui/art/field-kit/prepared/title-hangar-v1.png
build	Upload complete canonical site	2026-09-22T20:43:38.9936527Z ./releases/v0.83.0/site/game/ui/art/field-kit/prepared/title-hangar-portrait-v1.png
build	Upload complete canonical site	2026-09-22T20:43:38.9936896Z ./releases/v0.83.0/site/game/ui/controller-navigation.mjs
build	Upload complete canonical site	2026-09-22T20:43:38.9937170Z ./releases/v0.83.0/site/game/ui/couch-touch.mjs
build	Upload complete canonical site	2026-09-22T20:43:38.9937437Z ./releases/v0.83.0/site/game/ui/still-media-panel.mjs
build	Upload complete canonical site	2026-09-22T20:43:38.9937730Z ./releases/v0.83.0/site/game/ui/profile-transfer-panel.mjs
build	Upload complete canonical site	2026-09-22T20:43:38.9938016Z ./releases/v0.83.0/site/game/ui/flight-pictures.mjs
build	Upload complete canonical site	2026-09-22T20:43:38.9938260Z ./releases/v0.83.0/site/game/ui/music.mjs
build	Upload complete canonical site	2026-09-22T20:43:38.9938525Z ./releases/v0.83.0/site/game/ui/enemy-workshop-return.mjs
build	Upload complete canonical site	2026-09-22T20:43:38.9938818Z ./releases/v0.83.0/site/game/ui/controller-settings.mjs
build	Upload complete canonical site	2026-09-22T20:43:38.9939092Z ./releases/v0.83.0/site/game/ui/field-kit-compiled.css
build	Upload complete canonical site	2026-09-22T20:43:38.9939357Z ./releases/v0.83.0/site/game/ui/field-kit-surfaces.css
build	Upload complete canonical site	2026-09-22T20:43:38.9939650Z ./releases/v0.83.0/site/game/ui/controller-boost-settings.mjs
build	Upload complete canonical site	2026-09-22T20:43:38.9939935Z ./releases/v0.83.0/site/game/ui/settings-panels.mjs
build	Upload complete canonical site	2026-09-22T20:43:38.9940189Z ./releases/v0.83.0/site/game/ui/mission-brief.css
build	Upload complete canonical site	2026-09-22T20:43:38.9940441Z ./releases/v0.83.0/site/game/ui/celebration.mjs
build	Upload complete canonical site	2026-09-22T20:43:38.9940694Z ./releases/v0.83.0/site/game/ui/classic-view.mjs
build	Upload complete canonical site	2026-09-22T20:43:38.9941093Z ./releases/v0.83.0/site/game/ui/presentation-draw-image.mjs
build	Upload complete canonical site	2026-09-22T20:43:38.9941380Z ./releases/v0.83.0/site/game/ui/published-audio.mjs
build	Upload complete canonical site	2026-09-22T20:43:38.9941623Z ./releases/v0.83.0/site/game/ui/render.mjs
build	Upload complete canonical site	2026-09-22T20:43:38.9941895Z ./releases/v0.83.0/site/game/profile-original-recovery.mjs
build	Upload complete canonical site	2026-09-22T20:43:38.9942260Z ./releases/v0.83.0/site/game/mp3.mjs
build	Upload complete canonical site	2026-09-22T20:43:38.9942504Z ./releases/v0.83.0/site/game/controller-bindings.mjs
build	Upload complete canonical site	2026-09-22T20:43:38.9942760Z ./releases/v0.83.0/site/game/media-library.mjs
build	Upload complete canonical site	2026-09-22T20:43:38.9943014Z ./releases/v0.83.0/site/game/attempt-file.mjs
build	Upload complete canonical site	2026-09-22T20:43:38.9943248Z ./releases/v0.83.0/site/game/coop/
build	Upload complete canonical site	2026-09-22T20:43:38.9943469Z ./releases/v0.83.0/site/game/coop/threats.mjs
build	Upload complete canonical site	2026-09-22T20:43:38.9943703Z ./releases/v0.83.0/site/game/coop/terrain.mjs
build	Upload complete canonical site	2026-09-22T20:43:38.9943967Z ./releases/v0.83.0/site/game/coop/bonus-opportunity.mjs
build	Upload complete canonical site	2026-09-22T20:43:38.9944228Z ./releases/v0.83.0/site/game/coop/geometry.mjs
build	Upload complete canonical site	2026-09-22T20:43:38.9944479Z ./releases/v0.83.0/site/game/coop/input-policy.mjs
build	Upload complete canonical site	2026-09-22T20:43:38.9945040Z ./releases/v0.83.0/site/game/coop/timed-bonuses.mjs
build	Upload complete canonical site	2026-09-22T20:43:38.9945346Z ./releases/v0.83.0/site/game/coop/roamers.mjs
build	Upload complete canonical site	2026-09-22T20:43:38.9945640Z ./releases/v0.83.0/site/game/coop/presentation-envelope.mjs
build	Upload complete canonical site	2026-09-22T20:43:38.9945924Z ./releases/v0.83.0/site/game/coop/recipes.mjs
build	Upload complete canonical site	2026-09-22T20:43:38.9946176Z ./releases/v0.83.0/site/game/coop/relay-yard.mjs
build	Upload complete canonical site	2026-09-22T20:43:38.9946428Z ./releases/v0.83.0/site/game/coop/library.mjs
build	Upload complete canonical site	2026-09-22T20:43:38.9946667Z ./releases/v0.83.0/site/game/coop/core.mjs
build	Upload complete canonical site	2026-09-22T20:43:38.9946921Z ./releases/v0.83.0/site/game/coop/first-connection.mjs
build	Upload complete canonical site	2026-09-22T20:43:38.9947187Z ./releases/v0.83.0/site/game/coop/foundations.mjs
build	Upload complete canonical site	2026-09-22T20:43:38.9947431Z ./releases/v0.83.0/site/game/playground/
build	Upload complete canonical site	2026-09-22T20:43:38.9947685Z ./releases/v0.83.0/site/game/playground/playground.css
build	Upload complete canonical site	2026-09-22T20:43:38.9947962Z ./releases/v0.83.0/site/game/playground/viewport.mjs
build	Upload complete canonical site	2026-09-22T20:43:38.9948231Z ./releases/v0.83.0/site/game/playground/board-view.mjs
build	Upload complete canonical site	2026-09-22T20:43:38.9948487Z ./releases/v0.83.0/site/game/playground/index.html
build	Upload complete canonical site	2026-09-22T20:43:38.9948780Z ./releases/v0.83.0/site/game/playground/control-geometry.mjs
build	Upload complete canonical site	2026-09-22T20:43:38.9949086Z ./releases/v0.83.0/site/game/playground/map-diagnostics.mjs
build	Upload complete canonical site	2026-09-22T20:43:38.9949374Z ./releases/v0.83.0/site/game/playground/playground.mjs
build	Upload complete canonical site	2026-09-22T20:43:38.9949630Z ./releases/v0.83.0/site/game/playground/model.mjs
build	Upload complete canonical site	2026-09-22T20:43:38.9949906Z ./releases/v0.83.0/site/game/profile-channel-assets.mjs
build	Upload complete canonical site	2026-09-22T20:43:38.9950162Z ./releases/v0.83.0/site/game/backup.mjs
build	Upload complete canonical site	2026-09-22T20:43:38.9950386Z ./releases/v0.83.0/site/game/journey/
build	Upload complete canonical site	2026-09-22T20:43:38.9950656Z ./releases/v0.83.0/site/game/journey/reaction-preferences.mjs
build	Upload complete canonical site	2026-09-22T20:43:38.9950945Z ./releases/v0.83.0/site/game/journey/reactions.mjs
build	Upload complete canonical site	2026-09-22T20:43:38.9951192Z ./releases/v0.83.0/site/game/journey/profile.mjs
build	Upload complete canonical site	2026-09-22T20:43:38.9951435Z ./releases/v0.83.0/site/game/journey/catalog.mjs
build	Upload complete canonical site	2026-09-22T20:43:38.9951691Z ./releases/v0.83.0/site/game/journey/preferences.mjs
build	Upload complete canonical site	2026-09-22T20:43:38.9951954Z ./releases/v0.83.0/site/game/journey/authority.mjs
build	Upload complete canonical site	2026-09-22T20:43:38.9952186Z ./releases/v0.83.0/site/game/boot.mjs
build	Upload complete canonical site	2026-09-22T20:43:38.9952424Z ./releases/v0.83.0/site/game/difficulty-navigation.mjs
build	Upload complete canonical site	2026-09-22T20:43:38.9952688Z ./releases/v0.83.0/site/game/replay-player.mjs
build	Upload complete canonical site	2026-09-22T20:43:38.9952965Z ./releases/v0.83.0/site/game/soundtrack-store-legacy.mjs
build	Upload complete canonical site	2026-09-22T20:43:38.9953223Z ./releases/v0.83.0/site/game/mastery.mjs
build	Upload complete canonical site	2026-09-22T20:43:38.9953442Z ./releases/v0.83.0/site/game/core/
build	Upload complete canonical site	2026-09-22T20:43:38.9953676Z ./releases/v0.83.0/site/game/core/combat-motion.mjs
build	Upload complete canonical site	2026-09-22T20:43:38.9953954Z ./releases/v0.83.0/site/game/core/bonus-opportunity.mjs
build	Upload complete canonical site	2026-09-22T20:43:38.9954221Z ./releases/v0.83.0/site/game/core/classic-state.mjs
build	Upload complete canonical site	2026-09-22T20:43:38.9954471Z ./releases/v0.83.0/site/game/core/capture.mjs
build	Upload complete canonical site	2026-09-22T20:43:38.9954725Z ./releases/v0.83.0/site/game/core/capture-regions.mjs
build	Upload complete canonical site	2026-09-22T20:43:38.9955231Z ./releases/v0.83.0/site/game/core/geometry.mjs
build	Upload complete canonical site	2026-09-22T20:43:38.9955469Z ./releases/v0.83.0/site/game/core/systems.mjs
build	Upload complete canonical site	2026-09-22T20:43:38.9955709Z ./releases/v0.83.0/site/game/core/encounter.mjs
build	Upload complete canonical site	2026-09-22T20:43:38.9955966Z ./releases/v0.83.0/site/game/core/classic-contour.mjs
build	Upload complete canonical site	2026-09-22T20:43:38.9956217Z ./releases/v0.83.0/site/game/core/level.mjs
build	Upload complete canonical site	2026-09-22T20:43:38.9956551Z ./releases/v0.83.0/site/game/core/registry.mjs
build	Upload complete canonical site	2026-09-22T20:43:38.9956804Z ./releases/v0.83.0/site/game/core/classic-topology.mjs
build	Upload complete canonical site	2026-09-22T20:43:38.9957066Z ./releases/v0.83.0/site/game/core/timed-bonuses.mjs
build	Upload complete canonical site	2026-09-22T20:43:38.9957324Z ./releases/v0.83.0/site/game/core/enemy-pressure.mjs
build	Upload complete canonical site	2026-09-22T20:43:38.9957588Z ./releases/v0.83.0/site/game/core/line-impact.mjs
build	Upload complete canonical site	2026-09-22T20:43:38.9957836Z ./releases/v0.83.0/site/game/core/contacts.mjs
build	Upload complete canonical site	2026-09-22T20:43:38.9958079Z ./releases/v0.83.0/site/game/core/classic-step.mjs
build	Upload complete canonical site	2026-09-22T20:43:38.9958332Z ./releases/v0.83.0/site/game/core/arcade-actions.mjs
build	Upload complete canonical site	2026-09-22T20:43:38.9958611Z ./releases/v0.83.0/site/game/core/combat-definition.mjs
build	Upload complete canonical site	2026-09-22T20:43:38.9958874Z ./releases/v0.83.0/site/game/core/abilities.mjs
build	Upload complete canonical site	2026-09-22T20:43:38.9959137Z ./releases/v0.83.0/site/game/core/directional-fields.mjs
build	Upload complete canonical site	2026-09-22T20:43:38.9959422Z ./releases/v0.83.0/site/game/core/versions.mjs
build	Upload complete canonical site	2026-09-22T20:43:38.9959685Z ./releases/v0.83.0/site/game/core/README.md
build	Upload complete canonical site	2026-09-22T20:43:38.9959917Z ./releases/v0.83.0/site/game/core/index.mjs
build	Upload complete canonical site	2026-09-22T20:43:38.9960149Z ./releases/v0.83.0/site/game/core/movement.mjs
build	Upload complete canonical site	2026-09-22T20:43:38.9960418Z ./releases/v0.83.0/site/game/core/classic-definition.mjs
build	Upload complete canonical site	2026-09-22T20:43:38.9960703Z ./releases/v0.83.0/site/game/core/classic-motion.mjs
build	Upload complete canonical site	2026-09-22T20:43:38.9960973Z ./releases/v0.83.0/site/game/core/combat-patrols.mjs
build	Upload complete canonical site	2026-09-22T20:43:38.9961228Z ./releases/v0.83.0/site/game/core/foundations.mjs
build	Upload complete canonical site	2026-09-22T20:43:38.9961482Z ./releases/v0.83.0/site/game/core/relay-gates.mjs
build	Upload complete canonical site	2026-09-22T20:43:38.9961755Z ./releases/v0.83.0/site/game/character-presentations.mjs
build	Upload complete canonical site	2026-09-22T20:43:38.9962051Z ./releases/v0.83.0/site/game/external-chapter-pointer.mjs
build	Upload complete canonical site	2026-09-22T20:43:38.9962326Z ./releases/v0.83.0/site/game/external-chapter.mjs
build	Upload complete canonical site	2026-09-22T20:43:38.9962570Z ./releases/v0.83.0/site/game/build-info.json
build	Upload complete canonical site	2026-09-22T20:43:38.9962826Z ./releases/v0.83.0/site/game/soundtrack-archive.mjs
build	Upload complete canonical site	2026-09-22T20:43:38.9963079Z ./releases/v0.83.0/site/game/text-size.mjs
build	Upload complete canonical site	2026-09-22T20:43:38.9963307Z ./releases/v0.83.0/site/game/content/
build	Upload complete canonical site	2026-09-22T20:43:38.9963578Z ./releases/v0.83.0/site/game/content/soundtrack-catalogue.json
build	Upload complete canonical site	2026-09-22T20:43:38.9963888Z ./releases/v0.83.0/site/game/content/external-worlds.json
build	Upload complete canonical site	2026-09-22T20:43:38.9964169Z ./releases/v0.83.0/site/game/content/optional-worlds.json
build	Upload complete canonical site	2026-09-22T20:43:38.9964458Z ./releases/v0.83.0/site/game/content/recovery-catalogs.json
build	Upload complete canonical site	2026-09-22T20:43:38.9964735Z ./releases/v0.83.0/site/game/content/scenarios/
build	Upload complete canonical site	2026-09-22T20:43:38.9965155Z ./releases/v0.83.0/site/game/content/scenarios/line-impact-demo.json
build	Upload complete canonical site	2026-09-22T20:43:38.9965464Z ./releases/v0.83.0/site/game/content/themes.json
build	Upload complete canonical site	2026-09-22T20:43:38.9965760Z ./releases/v0.83.0/site/game/content/optional-soundtracks.json
build	Upload complete canonical site	2026-09-22T20:43:38.9966078Z ./releases/v0.83.0/site/game/content/journey-campaign-pins.json
build	Upload complete canonical site	2026-09-22T20:43:38.9966367Z ./releases/v0.83.0/site/game/content/packs/
build	Upload complete canonical site	2026-09-22T20:43:38.9966636Z ./releases/v0.83.0/site/game/content/packs/night-shift.json
build	Upload complete canonical site	2026-09-22T20:43:38.9966966Z ./releases/v0.83.0/site/game/content/packs/fpv-pressure-frontier.json
build	Upload complete canonical site	2026-09-22T20:43:38.9975306Z ./releases/v0.83.0/site/game/content/packs/index.json
build	Upload complete canonical site	2026-09-22T20:43:38.9975850Z ./releases/v0.83.0/site/game/content/packs/fpv-arcade-r5.json
build	Upload complete canonical site	2026-09-22T20:43:39.0052460Z ./releases/v0.83.0/site/game/content/packs/archive-catalog.json
build	Upload complete canonical site	2026-09-22T20:43:39.0053017Z ./releases/v0.83.0/site/game/content/packs/fpv-arcade-r2.json
build	Upload complete canonical site	2026-09-22T20:43:39.0129979Z ./releases/v0.83.0/site/game/content/packs/classic-lab.json
build	Upload complete canonical site	2026-09-22T20:43:39.0130402Z ./releases/v0.83.0/site/game/content/packs/homeward-skies.json
build	Upload complete canonical site	2026-09-22T20:43:39.0205915Z ./releases/v0.83.0/site/game/content/packs/archive-index.json
build	Upload complete canonical site	2026-09-22T20:43:39.0206501Z ./releases/v0.83.0/site/game/content/packs/equipment-workshop.json
build	Upload complete canonical site	2026-09-22T20:43:39.0280056Z ./releases/v0.83.0/site/game/content/packs/fpv-arcade.json
build	Upload complete canonical site	2026-09-22T20:43:39.0358433Z ./releases/v0.83.0/site/game/content/packs/living-threads.json
build	Upload complete canonical site	2026-09-22T20:43:39.0359230Z ./releases/v0.83.0/site/game/content/packs/fpv-arcade-r4.json
build	Upload complete canonical site	2026-09-22T20:43:39.0436305Z ./releases/v0.83.0/site/game/content/packs/fieldcraft.json
build	Upload complete canonical site	2026-09-22T20:43:39.0436760Z ./releases/v0.83.0/site/game/content/packs/sentinel-relay.json
build	Upload complete canonical site	2026-09-22T20:43:39.0437124Z ./releases/v0.83.0/site/game/content/packs/fpv-arcade-r3.json
build	Upload complete canonical site	2026-09-22T20:43:39.0513744Z ./releases/v0.83.0/site/game/content/packs/catalog.json
build	Upload complete canonical site	2026-09-22T20:43:39.0514141Z ./releases/v0.83.0/site/game/content/enemy-presentations.json
build	Upload complete canonical site	2026-09-22T20:43:39.0514463Z ./releases/v0.83.0/site/game/content/campaign.json
build	Upload complete canonical site	2026-09-22T20:43:39.0514869Z ./releases/v0.83.0/site/game/content/soundtrack-catalogue.mjs
build	Upload complete canonical site	2026-09-22T20:43:39.0515600Z ./releases/v0.83.0/site/game/content/classes.json
build	Upload complete canonical site	2026-09-22T20:43:39.0515878Z ./releases/v0.83.0/site/game/difficulty-access.mjs
build	Upload complete canonical site	2026-09-22T20:43:39.0516136Z ./releases/v0.83.0/site/game/story-receipts.mjs
build	Upload complete canonical site	2026-09-22T20:43:39.0516430Z ./releases/v0.83.0/site/game/index.html
build	Upload complete canonical site	2026-09-22T20:43:39.0516778Z ./releases/v0.83.0/site/game/offline.mjs
build	Upload complete canonical site	2026-09-22T20:43:39.0517217Z ./releases/v0.83.0/site/game/soundtrack-share.mjs
build	Upload complete canonical site	2026-09-22T20:43:39.0517514Z ./releases/v0.83.0/site/game/profile-recovery.mjs
build	Upload complete canonical site	2026-09-22T20:43:39.0517912Z ./releases/v0.83.0/site/game/continuation.mjs
build	Upload complete canonical site	2026-09-22T20:43:39.0518368Z ./releases/v0.83.0/site/game/touch-preferences.mjs
build	Upload complete canonical site	2026-09-22T20:43:39.0518787Z ./releases/v0.83.0/site/game/studio/
build	Upload complete canonical site	2026-09-22T20:43:39.0519189Z ./releases/v0.83.0/site/game/studio/pacing-inspector.mjs
build	Upload complete canonical site	2026-09-22T20:43:39.0519697Z ./releases/v0.83.0/site/game/studio/difficulty-view.mjs
build	Upload complete canonical site	2026-09-22T20:43:39.0520146Z ./releases/v0.83.0/site/game/studio/board-state.mjs
build	Upload complete canonical site	2026-09-22T20:43:39.0520485Z ./releases/v0.83.0/site/game/studio/relay-editor.mjs
build	Upload complete canonical site	2026-09-22T20:43:39.0520835Z ./releases/v0.83.0/site/game/studio/actor-editor.mjs
build	Upload complete canonical site	2026-09-22T20:43:39.0521113Z ./releases/v0.83.0/site/game/studio/objective-editor.mjs
build	Upload complete canonical site	2026-09-22T20:43:39.0521399Z ./releases/v0.83.0/site/game/studio/combat-editor.mjs
build	Upload complete canonical site	2026-09-22T20:43:39.0521771Z ./releases/v0.83.0/site/game/studio/image-workbench.mjs
build	Upload complete canonical site	2026-09-22T20:43:39.0522274Z ./releases/v0.83.0/site/game/studio/timed-bonus-editor.mjs
build	Upload complete canonical site	2026-09-22T20:43:39.0522715Z ./releases/v0.83.0/site/game/studio/edit-context.mjs
build	Upload complete canonical site	2026-09-22T20:43:39.0523100Z ./releases/v0.83.0/site/game/studio/trace-recovery.mjs
build	Upload complete canonical site	2026-09-22T20:43:39.0523474Z ./releases/v0.83.0/site/game/studio/geometry-editor.mjs
build	Upload complete canonical site	2026-09-22T20:43:39.0523854Z ./releases/v0.83.0/site/game/studio/bonus-editor.mjs
build	Upload complete canonical site	2026-09-22T20:43:39.0524301Z ./releases/v0.83.0/site/game/studio/acceptance-inspector.mjs
build	Upload complete canonical site	2026-09-22T20:43:39.0524765Z ./releases/v0.83.0/site/game/studio/studio.mjs
build	Upload complete canonical site	2026-09-22T20:43:39.0525176Z ./releases/v0.83.0/site/game/studio/index.html
build	Upload complete canonical site	2026-09-22T20:43:39.0525640Z ./releases/v0.83.0/site/game/studio/directional-editor.mjs
build	Upload complete canonical site	2026-09-22T20:43:39.0526122Z ./releases/v0.83.0/site/game/studio/preview-readiness.mjs
build	Upload complete canonical site	2026-09-22T20:43:39.0526503Z ./releases/v0.83.0/site/game/studio/encounter-editor.mjs
build	Upload complete canonical site	2026-09-22T20:43:39.0526853Z ./releases/v0.83.0/site/game/studio/studio.css
build	Upload complete canonical site	2026-09-22T20:43:39.0527159Z ./releases/v0.83.0/site/game/studio/candidate-library.mjs
build	Upload complete canonical site	2026-09-22T20:43:39.0527607Z ./releases/v0.83.0/site/game/display-preferences.mjs
build	Upload complete canonical site	2026-09-22T20:43:39.0527973Z ./releases/v0.83.0/site/game/first-flight.mjs
build	Upload complete canonical site	2026-09-22T20:43:39.0528390Z ./releases/v0.83.0/site/game/replay-theater/
build	Upload complete canonical site	2026-09-22T20:43:39.0528823Z ./releases/v0.83.0/site/game/replay-theater/display.mjs
build	Upload complete canonical site	2026-09-22T20:43:39.0529221Z ./releases/v0.83.0/site/game/replay-theater/data/
build	Upload complete canonical site	2026-09-22T20:43:39.0529648Z ./releases/v0.83.0/site/game/replay-theater/data/fieldcraft-02.replay.json
build	Upload complete canonical site	2026-09-22T20:43:39.0530283Z ./releases/v0.83.0/site/game/replay-theater/data/fieldcraft-04.replay.json
build	Upload complete canonical site	2026-09-22T20:43:39.0530829Z ./releases/v0.83.0/site/game/replay-theater/data/fieldcraft-03.replay.json
build	Upload complete canonical site	2026-09-22T20:43:39.0531474Z ./releases/v0.83.0/site/game/replay-theater/data/fieldcraft-01.replay.json
build	Upload complete canonical site	2026-09-22T20:43:39.0532042Z ./releases/v0.83.0/site/game/replay-theater/index.html
build	Upload complete canonical site	2026-09-22T20:43:39.0532327Z ./releases/v0.83.0/site/game/replay-theater/app.mjs
build	Upload complete canonical site	2026-09-22T20:43:39.0532631Z ./releases/v0.83.0/site/game/replay-theater/theater.css
build	Upload complete canonical site	2026-09-22T20:43:39.0532937Z ./releases/v0.83.0/site/game/replay-theater/navigation.mjs
build	Upload complete canonical site	2026-09-22T20:43:39.0533220Z ./releases/v0.83.0/site/game/backup-storage.mjs
build	Upload complete canonical site	2026-09-22T20:43:39.0533491Z ./releases/v0.83.0/site/game/profile-recovery.html
build	Upload complete canonical site	2026-09-22T20:43:39.0533745Z ./releases/v0.83.0/site/game/library.mjs
build	Upload complete canonical site	2026-09-22T20:43:39.0533983Z ./releases/v0.83.0/site/game/victory-story.mjs
build	Upload complete canonical site	2026-09-22T20:43:39.0534229Z ./releases/v0.83.0/site/game/enemy-catalog.mjs
build	Upload complete canonical site	2026-09-22T20:43:39.0534664Z ./releases/v0.83.0/site/game/mastery-catalog.mjs
build	Upload complete canonical site	2026-09-22T20:43:39.0535157Z ./releases/v0.83.0/site/game/profile-channel-reader.mjs
build	Upload complete canonical site	2026-09-22T20:43:39.0535615Z ./releases/v0.83.0/site/game/soundtrack-bundle.mjs
build	Upload complete canonical site	2026-09-22T20:43:39.0536045Z ./releases/v0.83.0/site/game/media-bundle.mjs
build	Upload complete canonical site	2026-09-22T20:43:39.0536393Z ./releases/v0.83.0/site/game/media-store.mjs
build	Upload complete canonical site	2026-09-22T20:43:39.0536767Z ./releases/v0.83.0/site/game/profile-channel.mjs
build	Upload complete canonical site	2026-09-22T20:43:39.0537237Z ./releases/v0.83.0/site/game/external-chapter-install.mjs
build	Upload complete canonical site	2026-09-22T20:43:39.0537510Z ./releases/v0.83.0/site/game/README.md
build	Upload complete canonical site	2026-09-22T20:43:39.0537769Z ./releases/v0.83.0/site/game/external-chapter-catalog.mjs
build	Upload complete canonical site	2026-09-22T20:43:39.0538137Z ./releases/v0.83.0/site/game/progress.mjs
build	Upload complete canonical site	2026-09-22T20:43:39.0538463Z ./releases/v0.83.0/site/game/mode-return-v2.mjs
build	Upload complete canonical site	2026-09-22T20:43:39.0538785Z ./releases/v0.83.0/site/game/backup-set.mjs
build	Upload complete canonical site	2026-09-22T20:43:39.0539225Z ./releases/v0.83.0/site/game/collection-results.mjs
build	Upload complete canonical site	2026-09-22T20:43:39.0539727Z ./releases/v0.83.0/site/game/body-derivative.mjs
build	Upload complete canonical site	2026-09-22T20:43:39.0540099Z ./releases/v0.83.0/site/game/external-backup-assets.mjs
build	Upload complete canonical site	2026-09-22T20:43:39.0540414Z ./releases/v0.83.0/site/game/soundtrack-albums.mjs
build	Upload complete canonical site	2026-09-22T20:43:39.0540720Z ./releases/v0.83.0/site/game/app.mjs
build	Upload complete canonical site	2026-09-22T20:43:39.0540964Z ./releases/v0.83.0/site/game/controller-boost.mjs
build	Upload complete canonical site	2026-09-22T20:43:39.0541241Z ./releases/v0.83.0/site/game/mastery-awards.mjs
build	Upload complete canonical site	2026-09-22T20:43:39.0541611Z ./releases/v0.83.0/site/game/external-chapter-host.mjs
build	Upload complete canonical site	2026-09-22T20:43:39.0542114Z ./releases/v0.83.0/site/game/campaign-contexts.mjs
build	Upload complete canonical site	2026-09-22T20:43:39.0542606Z ./releases/v0.83.0/site/game/attempt-export.mjs
build	Upload complete canonical site	2026-09-22T20:43:39.0543040Z ./releases/v0.83.0/site/game/picture-receipts.mjs
build	Upload complete canonical site	2026-09-22T20:43:39.0543336Z ./releases/v0.83.0/site/game/platform.mjs
build	Upload complete canonical site	2026-09-22T20:43:39.0543582Z ./releases/v0.83.0/site/game/mission-brief.mjs
build	Upload complete canonical site	2026-09-22T20:43:39.0543821Z ./releases/v0.83.0/site/game/packs.mjs
build	Upload complete canonical site	2026-09-22T20:43:39.0544057Z ./releases/v0.83.0/site/game/key-bindings.mjs
build	Upload complete canonical site	2026-09-22T20:43:39.0544292Z ./releases/v0.83.0/site/game/assets/
build	Upload complete canonical site	2026-09-22T20:43:39.0544633Z ./releases/v0.83.0/site/game/assets/field-kit/
build	Upload complete canonical site	2026-09-22T20:43:39.0545139Z ./releases/v0.83.0/site/game/assets/field-kit/icons/
build	Upload complete canonical site	2026-09-22T20:43:39.0545675Z ./releases/v0.83.0/site/game/assets/field-kit/icons/contact-sheet.png
build	Upload complete canonical site	2026-09-22T20:43:39.0546286Z ./releases/v0.83.0/site/game/assets/field-kit/icons/review.html
build	Upload complete canonical site	2026-09-22T20:43:39.0546833Z ./releases/v0.83.0/site/game/assets/field-kit/icons/review.mjs
build	Upload complete canonical site	2026-09-22T20:43:39.0547343Z ./releases/v0.83.0/site/game/assets/field-kit/sprites/
build	Upload complete canonical site	2026-09-22T20:43:39.0547772Z ./releases/v0.83.0/site/game/assets/field-kit/sprites/enemy-relay-sentinel.png
build	Upload complete canonical site	2026-09-22T20:43:39.0548328Z ./releases/v0.83.0/site/game/assets/field-kit/sprites/terrain-wall.png
build	Upload complete canonical site	2026-09-22T20:43:39.0548778Z ./releases/v0.83.0/site/game/assets/field-kit/sprites/enemy-eroder.png
build	Upload complete canonical site	2026-09-22T20:43:39.0549283Z ./releases/v0.83.0/site/game/assets/field-kit/sprites/enemy-border-patrol.png
build	Upload complete canonical site	2026-09-22T20:43:39.0549887Z ./releases/v0.83.0/site/game/assets/field-kit/sprites/player-bomber-detailed.png
build	Upload complete canonical site	2026-09-22T20:43:39.0550282Z ./releases/v0.83.0/site/game/assets/field-kit/sprites/pickup-objective.png
build	Upload complete canonical site	2026-09-22T20:43:39.0550651Z ./releases/v0.83.0/site/game/assets/field-kit/sprites/contact-sheet.png
build	Upload complete canonical site	2026-09-22T20:43:39.0551238Z ./releases/v0.83.0/site/game/assets/field-kit/sprites/sprites.json
build	Upload complete canonical site	2026-09-22T20:43:39.0551870Z ./releases/v0.83.0/site/game/assets/field-kit/sprites/pickup-supply.png
build	Upload complete canonical site	2026-09-22T20:43:39.0552422Z ./releases/v0.83.0/site/game/assets/field-kit/sprites/terrain-lethal.png
build	Upload complete canonical site	2026-09-22T20:43:39.0552855Z ./releases/v0.83.0/site/game/assets/field-kit/sprites/enemy-claimed-rover.png
build	Upload complete canonical site	2026-09-22T20:43:39.0553385Z ./releases/v0.83.0/site/game/assets/field-kit/sprites/enemy-contour-patrol.png
build	Upload complete canonical site	2026-09-22T20:43:39.0553810Z ./releases/v0.83.0/site/game/assets/field-kit/sprites/player-interceptor-compact.png
build	Upload complete canonical site	2026-09-22T20:43:39.0554386Z ./releases/v0.83.0/site/game/assets/field-kit/sprites/player-trapper-compact.png
build	Upload complete canonical site	2026-09-22T20:43:39.0554883Z ./releases/v0.83.0/site/game/assets/field-kit/sprites/player-fiber-compact.png
build	Upload complete canonical site	2026-09-22T20:43:39.0555560Z ./releases/v0.83.0/site/game/assets/field-kit/sprites/player-interceptor-detailed.png
build	Upload complete canonical site	2026-09-22T20:43:39.0556096Z ./releases/v0.83.0/site/game/assets/field-kit/sprites/pickup-freeze.png
build	Upload complete canonical site	2026-09-22T20:43:39.0556546Z ./releases/v0.83.0/site/game/assets/field-kit/sprites/review.html
build	Upload complete canonical site	2026-09-22T20:43:39.0556914Z ./releases/v0.83.0/site/game/assets/field-kit/sprites/player-impact-compact.png
build	Upload complete canonical site	2026-09-22T20:43:39.0557477Z ./releases/v0.83.0/site/game/assets/field-kit/sprites/player-bomber-compact.png
build	Upload complete canonical site	2026-09-22T20:43:39.0558017Z ./releases/v0.83.0/site/game/assets/field-kit/sprites/player-trapper-detailed.png
build	Upload complete canonical site	2026-09-22T20:43:39.0558653Z ./releases/v0.83.0/site/game/assets/field-kit/sprites/player-impact-detailed.png
build	Upload complete canonical site	2026-09-22T20:43:39.0559246Z ./releases/v0.83.0/site/game/assets/field-kit/sprites/pickup-life.png
build	Upload complete canonical site	2026-09-22T20:43:39.0559857Z ./releases/v0.83.0/site/game/assets/field-kit/sprites/enemy-bouncer.png
build	Upload complete canonical site	2026-09-22T20:43:39.0560464Z ./releases/v0.83.0/site/game/assets/field-kit/sprites/enemy-lane-boss.png
build	Upload complete canonical site	2026-09-22T20:43:39.0560879Z ./releases/v0.83.0/site/game/assets/field-kit/sprites/terrain-slow.png
build	Upload complete canonical site	2026-09-22T20:43:39.0561342Z ./releases/v0.83.0/site/game/assets/field-kit/sprites/player-fiber-detailed.png
build	Upload complete canonical site	2026-09-22T20:43:39.0561719Z ./releases/v0.83.0/site/game/assets/field-kit/sprites/pickup-speed.png
build	Upload complete canonical site	2026-09-22T20:43:39.0562099Z ./releases/v0.83.0/site/game/assets/field-kit/sprites/player-carrier-compact.png
build	Upload complete canonical site	2026-09-22T20:43:39.0562487Z ./releases/v0.83.0/site/game/assets/field-kit/sprites/player-scout-compact.png
build	Upload complete canonical site	2026-09-22T20:43:39.0562847Z ./releases/v0.83.0/site/game/assets/field-kit/sprites/pickup-slow.png
build	Upload complete canonical site	2026-09-22T20:43:39.0563204Z ./releases/v0.83.0/site/game/assets/field-kit/sprites/player-scout-detailed.png
build	Upload complete canonical site	2026-09-22T20:43:39.0563666Z ./releases/v0.83.0/site/game/assets/field-kit/sprites/player-carrier-detailed.png
build	Upload complete canonical site	2026-09-22T20:43:39.0564151Z ./releases/v0.83.0/site/game/multiplayer.mjs
build	Upload complete canonical site	2026-09-22T20:43:39.0564520Z ./releases/v0.83.0/site/game/storage.mjs
build	Upload complete canonical site	2026-09-22T20:43:39.0564879Z ./releases/v0.83.0/site/game/style.css
build	Upload complete canonical site	2026-09-22T20:43:39.0565328Z ./releases/v0.83.0/site/game/sessions.mjs
build	Upload complete canonical site	2026-09-22T20:43:39.0565726Z ./releases/v0.83.0/site/game/soundtrack.mjs
build	Upload complete canonical site	2026-09-22T20:43:39.0566074Z ./releases/v0.83.0/site/game/imports.mjs
build	Upload complete canonical site	2026-09-22T20:43:39.0566464Z ./releases/v0.83.0/site/game/external-recovery-catalog.mjs
build	Upload complete canonical site	2026-09-22T20:43:39.0566867Z ./releases/v0.83.0/site/game/text-face.mjs
build	Upload complete canonical site	2026-09-22T20:43:39.0567199Z ./releases/v0.83.0/site/service-worker.js
build	Upload complete canonical site	2026-09-22T20:43:39.0567511Z ./releases/v0.83.0/site/docs/
build	Upload complete canonical site	2026-09-22T20:43:39.0567860Z ./releases/v0.83.0/site/docs/field-kit-production.md
build	Upload complete canonical site	2026-09-22T20:43:39.0568279Z ./releases/v0.83.0/site/docs/field-kit-sprites.md
build	Upload complete canonical site	2026-09-22T20:43:39.0568688Z ./releases/v0.83.0/site/docs/field-kit-icons.md
build	Upload complete canonical site	2026-09-22T20:43:39.0569085Z ./releases/v0.83.0/site/docs/verification/
build	Upload complete canonical site	2026-09-22T20:43:39.0569787Z ./releases/v0.83.0/site/docs/verification/fpv-redesign/
build	Upload complete canonical site	2026-09-22T20:43:39.0570300Z ./releases/v0.83.0/site/docs/verification/fpv-redesign/baseline/
build	Upload complete canonical site	2026-09-22T20:43:39.0570925Z ./releases/v0.83.0/site/docs/verification/fpv-redesign/baseline/pause-desktop.jpg
build	Upload complete canonical site	2026-09-22T20:43:39.0571655Z ./releases/v0.83.0/site/docs/verification/fpv-redesign/baseline/briefing-phone.jpg
build	Upload complete canonical site	2026-09-22T20:43:39.0572519Z ./releases/v0.83.0/site/docs/verification/fpv-redesign/baseline/title-desktop.jpg
build	Upload complete canonical site	2026-09-22T20:43:39.0573208Z ./releases/v0.83.0/site/docs/verification/fpv-redesign/baseline/title-phone.jpg
build	Upload complete canonical site	2026-09-22T20:43:39.0573907Z ./releases/v0.83.0/site/docs/verification/fpv-redesign/baseline/missions-phone.jpg
build	Upload complete canonical site	2026-09-22T20:43:39.0574679Z ./releases/v0.83.0/site/docs/verification/fpv-redesign/baseline/inventory.json
build	Upload complete canonical site	2026-09-22T20:43:39.0575524Z ./releases/v0.83.0/site/docs/verification/fpv-redesign/baseline/settings-desktop.jpg
build	Upload complete canonical site	2026-09-22T20:43:39.0576214Z ./releases/v0.83.0/site/docs/verification/fpv-redesign/baseline/flight-desktop.jpg
build	Upload complete canonical site	2026-09-22T20:43:39.0576912Z ./releases/v0.83.0/site/docs/verification/fpv-redesign/baseline/missions-desktop.jpg
build	Upload complete canonical site	2026-09-22T20:43:39.0577592Z ./releases/v0.83.0/site/docs/verification/fpv-redesign/baseline/README.md
build	Upload complete canonical site	2026-09-22T20:43:39.0578116Z ./releases/v0.83.0/site/docs/field-kit-reveals.md
build	Upload complete canonical site	2026-09-22T20:43:39.0578572Z ./releases/v0.83.0/site/docs/fpv-redesign-design.md
build	Upload complete canonical site	2026-09-22T20:43:39.0579032Z ./releases/v0.83.0/site/docs/fpv-reveal-art-audit.md
build	Upload complete canonical site	2026-09-22T20:43:39.0579489Z ./releases/v0.83.0/site/docs/field-kit-surfaces.md
build	Upload complete canonical site	2026-09-22T20:43:39.0579938Z ./releases/v0.83.0/site/docs/presentation-system.md
build	Upload complete canonical site	2026-09-22T20:43:39.0580417Z ./releases/v0.83.0/site/docs/presentation-audio-and-ui.md
build	Upload complete canonical site	2026-09-22T20:43:39.0580868Z ./releases/v0.83.0/site/docs/asset-studio.md
build	Upload complete canonical site	2026-09-22T20:43:39.0581318Z ./releases/v0.83.0/site/docs/presentation-runtime.md
build	Upload complete canonical site	2026-09-22T20:43:39.0581750Z ./releases/v0.83.0/site/docs/fpv-typography.md
build	Upload complete canonical site	2026-09-22T20:43:39.0582160Z ./releases/v0.83.0/site/docs/field-kit-title-v2.md
build	Upload complete canonical site	2026-09-22T20:43:39.0582427Z ./releases/v0.83.0/site/manifest.webmanifest
build	Upload complete canonical site	2026-09-22T20:43:39.0582666Z ./releases/v0.83.0/site/_headers
build	Upload complete canonical site	2026-09-22T20:43:39.0582898Z ./releases/v0.83.0/site/distribution.zip.sha256
build	Upload complete canonical site	2026-09-22T20:43:39.0583137Z ./releases/v0.83.0/release.json
build	Upload complete canonical site	2026-09-22T20:43:39.0583357Z ./releases/v0.83.0/source-qualification.json
build	Upload complete canonical site	2026-09-22T20:43:39.0583590Z ./index.html
build	Upload complete canonical site	2026-09-22T20:43:39.0583754Z ./.nojekyll
build	Upload complete canonical site	2026-09-22T20:43:39.0584143Z ##[endgroup]
build	Upload complete canonical site	2026-09-22T20:43:39.0596646Z ##[end-action id=__actions_upload-pages-artifact.__run;outcome=success;conclusion=success;duration_ms=436]
build	Upload complete canonical site	2026-09-22T20:43:39.0600069Z ##[start-action display=Archive artifact;id=__actions_upload-pages-artifact.__run_2]
build	Upload complete canonical site	2026-09-22T20:43:39.0603823Z ##[end-action id=__actions_upload-pages-artifact.__run_2;outcome=skipped;conclusion=skipped;duration_ms=0]
build	Upload complete canonical site	2026-09-22T20:43:39.0605952Z ##[start-action display=Archive artifact;id=__actions_upload-pages-artifact.__run_3]
build	Upload complete canonical site	2026-09-22T20:43:39.0608641Z ##[end-action id=__actions_upload-pages-artifact.__run_3;outcome=skipped;conclusion=skipped;duration_ms=0]
build	Upload complete canonical site	2026-09-22T20:43:39.0610119Z ##[start-action display=Upload artifact;id=__actions_upload-pages-artifact.upload-artifact]
build	Upload complete canonical site	2026-09-22T20:43:39.0640816Z ##[group]Run actions/upload-artifact@bbbca2ddaa5d8feaa63e36b76fdaad77386f024f
build	Upload complete canonical site	2026-09-22T20:43:39.0641173Z with:
build	Upload complete canonical site	2026-09-22T20:43:39.0641343Z   name: github-pages
build	Upload complete canonical site	2026-09-22T20:43:39.0641556Z   path: /home/runner/work/_temp/artifact.tar
build	Upload complete canonical site	2026-09-22T20:43:39.0641794Z   retention-days: 1
build	Upload complete canonical site	2026-09-22T20:43:39.0641993Z   if-no-files-found: error
build	Upload complete canonical site	2026-09-22T20:43:39.0642194Z   compression-level: 6
build	Upload complete canonical site	2026-09-22T20:43:39.0642380Z   overwrite: false
build	Upload complete canonical site	2026-09-22T20:43:39.0642564Z   include-hidden-files: false
build	Upload complete canonical site	2026-09-22T20:43:39.0642764Z   archive: true
build	Upload complete canonical site	2026-09-22T20:43:39.0642945Z ##[endgroup]
build	Upload complete canonical site	2026-09-22T20:43:39.1730578Z With the provided path, there will be 1 file uploaded
build	Upload complete canonical site	2026-09-22T20:43:39.1735723Z Artifact name is valid!
build	Upload complete canonical site	2026-09-22T20:43:39.1736491Z Root directory input is valid!
build	Upload complete canonical site	2026-09-22T20:43:39.5126655Z Uploading artifact: github-pages.zip
build	Upload complete canonical site	2026-09-22T20:43:39.5161923Z Beginning upload of artifact content to blob storage
build	Upload complete canonical site	2026-09-22T20:43:40.4631566Z Uploaded bytes 8388608
build	Upload complete canonical site	2026-09-22T20:43:40.6966092Z Uploaded bytes 16777216
build	Upload complete canonical site	2026-09-22T20:43:40.8166502Z Uploaded bytes 25165824
build	Upload complete canonical site	2026-09-22T20:43:40.8714085Z Uploaded bytes 33554432
build	Upload complete canonical site	2026-09-22T20:43:41.0399221Z Uploaded bytes 41943040
build	Upload complete canonical site	2026-09-22T20:43:41.2324322Z Uploaded bytes 50331648
build	Upload complete canonical site	2026-09-22T20:43:41.2651114Z Uploaded bytes 58720256
build	Upload complete canonical site	2026-09-22T20:43:41.4677276Z Uploaded bytes 67108864
build	Upload complete canonical site	2026-09-22T20:43:41.7032087Z Uploaded bytes 75497472
build	Upload complete canonical site	2026-09-22T20:43:41.9301219Z Uploaded bytes 83886080
build	Upload complete canonical site	2026-09-22T20:43:42.1696455Z Uploaded bytes 92274688
build	Upload complete canonical site	2026-09-22T20:43:42.4385910Z Uploaded bytes 100663296
build	Upload complete canonical site	2026-09-22T20:43:42.5860610Z Uploaded bytes 109051904
build	Upload complete canonical site	2026-09-22T20:43:42.7915665Z Uploaded bytes 117440512
build	Upload complete canonical site	2026-09-22T20:43:43.0275531Z Uploaded bytes 125829120
build	Upload complete canonical site	2026-09-22T20:43:43.2849000Z Uploaded bytes 134217728
build	Upload complete canonical site	2026-09-22T20:43:43.5366573Z Uploaded bytes 142606336
build	Upload complete canonical site	2026-09-22T20:43:43.8323103Z Uploaded bytes 150994944
build	Upload complete canonical site	2026-09-22T20:43:44.0804177Z Uploaded bytes 159383552
build	Upload complete canonical site	2026-09-22T20:43:44.3543589Z Uploaded bytes 167772160
build	Upload complete canonical site	2026-09-22T20:43:44.6337750Z Uploaded bytes 176160768
build	Upload complete canonical site	2026-09-22T20:43:45.0354488Z Uploaded bytes 184549376
build	Upload complete canonical site	2026-09-22T20:43:45.2151653Z Uploaded bytes 192937984
build	Upload complete canonical site	2026-09-22T20:43:45.2444314Z Uploaded bytes 201326592
build	Upload complete canonical site	2026-09-22T20:43:45.4826277Z Uploaded bytes 209715200
build	Upload complete canonical site	2026-09-22T20:43:45.7250378Z Uploaded bytes 218103808
build	Upload complete canonical site	2026-09-22T20:43:45.8887579Z Uploaded bytes 226492416
build	Upload complete canonical site	2026-09-22T20:43:46.0901343Z Uploaded bytes 234881024
build	Upload complete canonical site	2026-09-22T20:43:46.2768102Z Uploaded bytes 243269632
build	Upload complete canonical site	2026-09-22T20:43:46.4472456Z Uploaded bytes 251658240
build	Upload complete canonical site	2026-09-22T20:43:46.6415597Z Uploaded bytes 260046848
build	Upload complete canonical site	2026-09-22T20:43:46.8443907Z Uploaded bytes 268435456
build	Upload complete canonical site	2026-09-22T20:43:47.0866658Z Uploaded bytes 276824064
build	Upload complete canonical site	2026-09-22T20:43:47.2351052Z Uploaded bytes 285212672
build	Upload complete canonical site	2026-09-22T20:43:47.4613767Z Uploaded bytes 293601280
build	Upload complete canonical site	2026-09-22T20:43:47.6527931Z Uploaded bytes 301989888
build	Upload complete canonical site	2026-09-22T20:43:47.8619311Z Uploaded bytes 310378496
build	Upload complete canonical site	2026-09-22T20:43:48.0911690Z Uploaded bytes 318767104
build	Upload complete canonical site	2026-09-22T20:43:48.2726959Z Uploaded bytes 327155712
build	Upload complete canonical site	2026-09-22T20:43:48.4362389Z Uploaded bytes 335544320
build	Upload complete canonical site	2026-09-22T20:43:48.6658070Z Uploaded bytes 343932928
build	Upload complete canonical site	2026-09-22T20:43:49.0407831Z Uploaded bytes 352321536
build	Upload complete canonical site	2026-09-22T20:43:49.1704857Z Uploaded bytes 360710144
build	Upload complete canonical site	2026-09-22T20:43:49.4157165Z Uploaded bytes 369098752
build	Upload complete canonical site	2026-09-22T20:43:49.5511191Z Uploaded bytes 377487360
build	Upload complete canonical site	2026-09-22T20:43:49.7447245Z Uploaded bytes 385875968
build	Upload complete canonical site	2026-09-22T20:43:49.9538112Z Uploaded bytes 394264576
build	Upload complete canonical site	2026-09-22T20:43:50.1609103Z Uploaded bytes 402653184
build	Upload complete canonical site	2026-09-22T20:43:50.3362557Z Uploaded bytes 411041792
build	Upload complete canonical site	2026-09-22T20:43:50.5398291Z Uploaded bytes 419430400
build	Upload complete canonical site	2026-09-22T20:43:50.7667093Z Uploaded bytes 427819008
build	Upload complete canonical site	2026-09-22T20:43:50.9137301Z Uploaded bytes 436207616
build	Upload complete canonical site	2026-09-22T20:43:51.1826912Z Uploaded bytes 444596224
build	Upload complete canonical site	2026-09-22T20:43:51.3458920Z Uploaded bytes 452984832
build	Upload complete canonical site	2026-09-22T20:43:51.6069558Z Uploaded bytes 461373440
build	Upload complete canonical site	2026-09-22T20:43:51.9126712Z Uploaded bytes 469762048
build	Upload complete canonical site	2026-09-22T20:43:52.1925763Z Uploaded bytes 478150656
build	Upload complete canonical site	2026-09-22T20:43:52.4719274Z Uploaded bytes 486539264
build	Upload complete canonical site	2026-09-22T20:43:52.7916698Z Uploaded bytes 494927872
build	Upload complete canonical site	2026-09-22T20:43:53.1998838Z Uploaded bytes 503316480
build	Upload complete canonical site	2026-09-22T20:43:53.2309531Z Uploaded bytes 511705088
build	Upload complete canonical site	2026-09-22T20:43:53.5644379Z Uploaded bytes 520093696
build	Upload complete canonical site	2026-09-22T20:43:53.7330062Z Uploaded bytes 528482304
build	Upload complete canonical site	2026-09-22T20:43:53.9653036Z Uploaded bytes 534147338
build	Upload complete canonical site	2026-09-22T20:43:54.0267721Z Finished uploading artifact content to blob storage!
build	Upload complete canonical site	2026-09-22T20:43:54.0270438Z SHA256 digest of uploaded artifact is 98a45e663dd3ca119cc107124cc6a281a5be77af0670b01a92508467e7ffa81b
build	Upload complete canonical site	2026-09-22T20:43:54.0272670Z Finalizing artifact upload
build	Upload complete canonical site	2026-09-22T20:43:54.3923432Z Artifact github-pages successfully finalized. Artifact ID 10717889431
build	Upload complete canonical site	2026-09-22T20:43:54.3924309Z Artifact github-pages has been successfully uploaded! Final size is 534147338 bytes. Artifact ID is 10717889431
build	Upload complete canonical site	2026-09-22T20:43:54.3929249Z Artifact download URL: https://github.com/mekhovov/revealline-archive-52/actions/runs/35782103893/artifacts/10717889431
build	Upload complete canonical site	2026-09-22T20:43:54.4043292Z ##[end-action id=__actions_upload-pages-artifact.upload-artifact;outcome=success;conclusion=success;duration_ms=15343]
build	Post Check out the reviewed bounded original-ZIP extractor	﻿2026-09-22T20:43:54.4134709Z Node 20 is being deprecated. This workflow is running with Node 24 by default. If you need to temporarily use Node 20, you can set the ACTIONS_ALLOW_USE_UNSECURE_NODE_VERSION=true environment variable. For more information see: https://github.blog/changelog/2025-09-19-deprecation-of-node-20-on-github-actions-runners/
build	Post Check out the reviewed bounded original-ZIP extractor	2026-09-22T20:43:54.4135889Z Post job cleanup.
build	Post Check out the reviewed bounded original-ZIP extractor	2026-09-22T20:43:54.4805585Z [command]/usr/bin/git version
build	Post Check out the reviewed bounded original-ZIP extractor	2026-09-22T20:43:54.4839441Z git version 2.55.0
build	Post Check out the reviewed bounded original-ZIP extractor	2026-09-22T20:43:54.4871755Z Temporarily overriding HOME='/home/runner/work/_temp/0c1ad94e-e370-4f39-a8cc-44773f8df39e' before making global git config changes
build	Post Check out the reviewed bounded original-ZIP extractor	2026-09-22T20:43:54.4872528Z Adding repository directory to the temporary git global config as a safe directory
build	Post Check out the reviewed bounded original-ZIP extractor	2026-09-22T20:43:54.4876456Z [command]/usr/bin/git config --global --add safe.directory /home/runner/work/revealline-archive-52/revealline-archive-52/source
build	Post Check out the reviewed bounded original-ZIP extractor	2026-09-22T20:43:54.4908469Z [command]/usr/bin/git config --local --name-only --get-regexp core\.sshCommand
build	Post Check out the reviewed bounded original-ZIP extractor	2026-09-22T20:43:54.4935512Z [command]/usr/bin/git submodule foreach --recursive sh -c "git config --local --name-only --get-regexp 'core\.sshCommand' && git config --local --unset-all 'core.sshCommand' || :"
build	Post Check out the reviewed bounded original-ZIP extractor	2026-09-22T20:43:54.5155913Z [command]/usr/bin/git config --local --name-only --get-regexp http\.https\:\/\/github\.com\/\.extraheader
build	Post Check out the reviewed bounded original-ZIP extractor	2026-09-22T20:43:54.5184030Z [command]/usr/bin/git submodule foreach --recursive sh -c "git config --local --name-only --get-regexp 'http\.https\:\/\/github\.com\/\.extraheader' && git config --local --unset-all 'http.https://github.com/.extraheader' || :"
build	Post Check out the reviewed bounded original-ZIP extractor	2026-09-22T20:43:54.5420656Z [command]/usr/bin/git config --local --name-only --get-regexp ^includeIf\.gitdir:
build	Post Check out the reviewed bounded original-ZIP extractor	2026-09-22T20:43:54.5452776Z [command]/usr/bin/git submodule foreach --recursive git config --local --show-origin --name-only --get-regexp remote.origin.url
build	Post Check out reviewed archive infrastructure	﻿2026-09-22T20:43:54.5791040Z Node 20 is being deprecated. This workflow is running with Node 24 by default. If you need to temporarily use Node 20, you can set the ACTIONS_ALLOW_USE_UNSECURE_NODE_VERSION=true environment variable. For more information see: https://github.blog/changelog/2025-09-19-deprecation-of-node-20-on-github-actions-runners/
build	Post Check out reviewed archive infrastructure	2026-09-22T20:43:54.5791987Z Post job cleanup.
build	Post Check out reviewed archive infrastructure	2026-09-22T20:43:54.6498232Z [command]/usr/bin/git version
build	Post Check out reviewed archive infrastructure	2026-09-22T20:43:54.6534545Z git version 2.55.0
build	Post Check out reviewed archive infrastructure	2026-09-22T20:43:54.6575938Z Temporarily overriding HOME='/home/runner/work/_temp/9166eec6-dd08-4567-9a37-64d3be97703e' before making global git config changes
build	Post Check out reviewed archive infrastructure	2026-09-22T20:43:54.6576936Z Adding repository directory to the temporary git global config as a safe directory
build	Post Check out reviewed archive infrastructure	2026-09-22T20:43:54.6577990Z [command]/usr/bin/git config --global --add safe.directory /home/runner/work/revealline-archive-52/revealline-archive-52/archive
build	Post Check out reviewed archive infrastructure	2026-09-22T20:43:54.6606127Z [command]/usr/bin/git config --local --name-only --get-regexp core\.sshCommand
build	Post Check out reviewed archive infrastructure	2026-09-22T20:43:54.6629454Z [command]/usr/bin/git submodule foreach --recursive sh -c "git config --local --name-only --get-regexp 'core\.sshCommand' && git config --local --unset-all 'core.sshCommand' || :"
build	Post Check out reviewed archive infrastructure	2026-09-22T20:43:54.6842996Z [command]/usr/bin/git config --local --name-only --get-regexp http\.https\:\/\/github\.com\/\.extraheader
build	Post Check out reviewed archive infrastructure	2026-09-22T20:43:54.6872865Z [command]/usr/bin/git submodule foreach --recursive sh -c "git config --local --name-only --get-regexp 'http\.https\:\/\/github\.com\/\.extraheader' && git config --local --unset-all 'http.https://github.com/.extraheader' || :"
build	Post Check out reviewed archive infrastructure	2026-09-22T20:43:54.7142052Z [command]/usr/bin/git config --local --name-only --get-regexp ^includeIf\.gitdir:
build	Post Check out reviewed archive infrastructure	2026-09-22T20:43:54.7193354Z [command]/usr/bin/git submodule foreach --recursive git config --local --show-origin --name-only --get-regexp remote.origin.url
build	Complete job	﻿2026-09-22T20:43:54.7631449Z Cleaning up orphan processes
build	Complete job	2026-09-22T20:43:54.7922164Z ##[warning]Node.js 20 is deprecated. The following actions target Node.js 20 but are being forced to run on Node.js 24: actions/checkout@v4, actions/upload-artifact@ea165f8d65b6e75b540449e92b4886f43607fa02. For more information see: https://github.blog/changelog/2025-09-19-deprecation-of-node-20-on-github-actions-runners/
deploy	Set up job	﻿2026-09-22T20:44:01.8486719Z Current runner version: '2.337.0'
deploy	Set up job	2026-09-22T20:44:01.8522732Z ##[group]Runner Image Provisioner
deploy	Set up job	2026-09-22T20:44:01.8524038Z Hosted Compute Agent
deploy	Set up job	2026-09-22T20:44:01.8525095Z Version: 20260828.587
deploy	Set up job	2026-09-22T20:44:01.8526213Z Commit: abac92662cab4cc7352de4f9f9d2e2419aad9c29
deploy	Set up job	2026-09-22T20:44:01.8527436Z Build Date: 2026-08-28T16:44:25Z
deploy	Set up job	2026-09-22T20:44:01.8528987Z Worker ID: {d478e370-b910-4d59-8ddf-782dbc20a041}
deploy	Set up job	2026-09-22T20:44:01.8530293Z Azure Region: eastus
deploy	Set up job	2026-09-22T20:44:01.8531247Z ##[endgroup]
deploy	Set up job	2026-09-22T20:44:01.8533734Z ##[group]Operating System
deploy	Set up job	2026-09-22T20:44:01.8534737Z Ubuntu
deploy	Set up job	2026-09-22T20:44:01.8535657Z 24.04.5
deploy	Set up job	2026-09-22T20:44:01.8536636Z LTS
deploy	Set up job	2026-09-22T20:44:01.8537535Z ##[endgroup]
deploy	Set up job	2026-09-22T20:44:01.8538744Z ##[group]Runner Image
deploy	Set up job	2026-09-22T20:44:01.8539793Z Image: ubuntu-24.04
deploy	Set up job	2026-09-22T20:44:01.8540852Z Version: 20260907.300.1
deploy	Set up job	2026-09-22T20:44:01.8542803Z Included Software: https://github.com/actions/runner-images/blob/ubuntu24/20260907.300/images/ubuntu/Ubuntu2404-Readme.md
deploy	Set up job	2026-09-22T20:44:01.8545794Z Image Release: https://github.com/actions/runner-images/releases/tag/ubuntu24%2F20260907.300
deploy	Set up job	2026-09-22T20:44:01.8547530Z ##[endgroup]
deploy	Set up job	2026-09-22T20:44:01.8550299Z ##[group]GITHUB_TOKEN Permissions
deploy	Set up job	2026-09-22T20:44:01.8553012Z Metadata: read
deploy	Set up job	2026-09-22T20:44:01.8553967Z Pages: write
deploy	Set up job	2026-09-22T20:44:01.8554884Z ##[endgroup]
deploy	Set up job	2026-09-22T20:44:01.8558222Z Secret source: Actions
deploy	Set up job	2026-09-22T20:44:01.8559922Z Cache mode: write
deploy	Set up job	2026-09-22T20:44:01.8561309Z Prepare workflow directory
deploy	Set up job	2026-09-22T20:44:01.9042727Z Prepare all required actions
deploy	Set up job	2026-09-22T20:44:01.9112313Z Getting action download info
deploy	Set up job	2026-09-22T20:44:02.0866557Z Download action repository 'actions/deploy-pages@v4' (SHA:d6db90164ac5ed86f2b6aed7e0febac5b3c0c03e)
deploy	Set up job	2026-09-22T20:44:02.4579032Z Complete job name: deploy
deploy	Deploy archive 52 in its own repository	﻿2026-09-22T20:44:02.5374589Z Node 20 is being deprecated. This workflow is running with Node 24 by default. If you need to temporarily use Node 20, you can set the ACTIONS_ALLOW_USE_UNSECURE_NODE_VERSION=true environment variable. For more information see: https://github.blog/changelog/2025-09-19-deprecation-of-node-20-on-github-actions-runners/
deploy	Deploy archive 52 in its own repository	2026-09-22T20:44:02.5383652Z ##[group]Run actions/deploy-pages@v4
deploy	Deploy archive 52 in its own repository	2026-09-22T20:44:02.5384944Z with:
deploy	Deploy archive 52 in its own repository	2026-09-22T20:44:02.5388852Z   token: ***
deploy	Deploy archive 52 in its own repository	2026-09-22T20:44:02.5389307Z   timeout: 600000
deploy	Deploy archive 52 in its own repository	2026-09-22T20:44:02.5389757Z   error_count: 10
deploy	Deploy archive 52 in its own repository	2026-09-22T20:44:02.5390227Z   reporting_interval: 5000
deploy	Deploy archive 52 in its own repository	2026-09-22T20:44:02.5390749Z   artifact_name: github-pages
deploy	Deploy archive 52 in its own repository	2026-09-22T20:44:02.5391274Z   preview: false
deploy	Deploy archive 52 in its own repository	2026-09-22T20:44:02.5392176Z ##[endgroup]
deploy	Deploy archive 52 in its own repository	2026-09-22T20:44:02.7378711Z (node:2051) [DEP0040] DeprecationWarning: The `punycode` module is deprecated. Please use a userland alternative instead.
deploy	Deploy archive 52 in its own repository	2026-09-22T20:44:02.7380529Z (Use `node --trace-deprecation ...` to show where the warning was created)
deploy	Deploy archive 52 in its own repository	2026-09-22T20:44:02.8103183Z Fetching artifact metadata for "github-pages" in this workflow run
deploy	Deploy archive 52 in its own repository	2026-09-22T20:44:02.8889266Z Found 2 artifact(s)
deploy	Deploy archive 52 in its own repository	2026-09-22T20:44:02.8899971Z Creating Pages deployment with payload:
deploy	Deploy archive 52 in its own repository	2026-09-22T20:44:02.8900770Z {
deploy	Deploy archive 52 in its own repository	2026-09-22T20:44:02.8901300Z 	"artifact_id": 10717889431,
deploy	Deploy archive 52 in its own repository	2026-09-22T20:44:02.8902149Z 	"pages_build_version": "2dd7e8a598d8e37af063933733b8dc458ea9d44f",
deploy	Deploy archive 52 in its own repository	2026-09-22T20:44:02.8953249Z 	"oidc_token": "***"
deploy	Deploy archive 52 in its own repository	2026-09-22T20:44:03.4893590Z }
deploy	Deploy archive 52 in its own repository	2026-09-22T20:44:03.4896391Z Created deployment for 2dd7e8a598d8e37af063933733b8dc458ea9d44f, ID: 2dd7e8a598d8e37af063933733b8dc458ea9d44f
deploy	Deploy archive 52 in its own repository	2026-09-22T20:44:08.4917037Z Getting Pages deployment status...
deploy	Deploy archive 52 in its own repository	2026-09-22T20:44:08.6299245Z Current status: deployment_in_progress
deploy	Deploy archive 52 in its own repository	2026-09-22T20:44:13.6303219Z Getting Pages deployment status...
deploy	Deploy archive 52 in its own repository	2026-09-22T20:44:13.8062051Z Current status: syncing_files
deploy	Deploy archive 52 in its own repository	2026-09-22T20:44:18.8073713Z Getting Pages deployment status...
deploy	Deploy archive 52 in its own repository	2026-09-22T20:44:18.9709772Z Reported success!
deploy	Complete job	﻿2026-09-22T20:44:18.9988369Z Evaluate and set environment url
deploy	Complete job	2026-09-22T20:44:18.9993904Z Evaluated environment url: https://mekhovov.github.io/revealline-archive-52/
deploy	Complete job	2026-09-22T20:44:18.9995077Z Cleaning up orphan processes
deploy	Complete job	2026-09-22T20:44:19.0292101Z ##[warning]Node.js 20 is deprecated. The following actions target Node.js 20 but are being forced to run on Node.js 24: actions/deploy-pages@v4. For more information see: https://github.blog/changelog/2025-09-19-deprecation-of-node-20-on-github-actions-runners/
